id,output
34654,"হেলো, ডেইরি, আমি আপনার প্রশ্নটি দেখেছি। আমি আপনার উদ্বেগ বুঝতে পারছি। অ্যামাইলেজ লেভেল স্বাভাবিক থাকা সত্ত্বেও আপনার লাইপেজের মাত্রা বেশি। তবে গত ১১ বছর ধরে আপনার কোনো পেটে ব্যথা বা অন্য কোনো উপসর্গ নেই। তাই এনজাইমের মাত্রা নিয়ে চিন্তার কিছু নেই। গম, রাই, বার্লি এবং যেসব দুগ্ধজাত খাবারে আপনার অ্যালার্জি আছে সেগুলো এড়িয়ে চলুন। এই মুহূর্তে অন্য কোনো চিকিৎসার প্রয়োজন নেই। শুধু নিশ্চিন্ত থাকুন। আশা করি আমি আপনার প্রশ্নের উত্তর দিতে পেরেছি, যদি আপনার কোনো সন্দেহ থাকে তবে আমি উত্তর দিতে পেরে খুশি হব। নাসেনিয়া ডক ব্যবহার করার জন্য ধন্যবাদ। আপনার সুস্বাস্থ্য কামনা করি।"
3116,"হেলো, নাসেনিয়া ডকের সাথে পরামর্শ করার জন্য আপনাকে ধন্যবাদ। আপনি যেহেতু উল্লেখ করেছেন যে তিন সপ্তাহ আগে আপনি ৫০০ মিলিগ্রাম অ্যামোক্সিসিলিন গ্রহণ করেছিলেন এবং এখন আপনি মুখে খারাপ স্বাদ পাচ্ছেন, তাই মনে হচ্ছে এটি শুধুমাত্র অ্যান্টিবায়োটিকের কারণে হতে পারে। আসলে অ্যান্টিবায়োটিক স্বাদের পরিবর্তন ঘটায়, তবে তা খুব বেশি প্রসারিত হয় না। কিন্তু বমি বমি ভাব এবং শ্বাসকষ্টের মতো অন্যান্য উপসর্গ এর সাথে সম্পর্কিত নয়। ভালো হয় যদি আপনি একবার আপনার শারীরিক অবস্থার সম্পূর্ণ পরীক্ষার জন্য একজন জেনারেল ফিজিশিয়ানের সাথে দেখা করেন। আশা করি এটি আপনাকে সাহায্য করবে।"
59478,"আপনার উদ্বেগগুলো আমি বুঝতে পারছি। আমি আপনার দেওয়া বিস্তারিত তথ্যগুলো দেখেছি। আপনার স্বামীর আচরণ দুটি কারণে হতে পারে। হয় তিনি আপনার প্রতি অতিরিক্ত আসক্ত এবং কখনোই আপনাকে বা আপনার ভালোবাসা হারাতে চান না। দ্বিতীয়টি হলো প্যারানয়েড পার্সোনালিটি ডিজঅর্ডার। উভয়ই একজন মনোবিজ্ঞানীর সহায়তায় নিরাময়যোগ্য। আপনার স্বামীর সমস্যাটি কী তা নির্ধারণ করার জন্য, প্রদত্ত তথ্যগুলো যথেষ্ট নয়। অনুগ্রহ করে আপনি যা কিছু তথ্য দিতে পারেন, যেমন তার আচরণ, জীবন, স্বাভাবিক দৃষ্টিভঙ্গি এবং ব্যক্তিগত জীবনের যেকোনো কিছুর উদাহরণ দিন। অথবা সঠিকভাবে রোগ নির্ণয়ের জন্য আপনার স্বামীকে একজন মনোবিজ্ঞানীর কাছে নিয়ে যান। আপনি যদি আমার সাহায্য নিতে চান, তবে অনুগ্রহ করে প্রতিটি বিস্তারিত তথ্যসহ সরাসরি প্রশ্ন করুন। আমি অনুশীলনের জন্য কিছু সাইকোথেরাপি কৌশল লিখে দেব। আমি ভালো উপশমের নিশ্চয়তা দিচ্ছি। আশা করি এটি আপনার প্রশ্নের উত্তর দিয়েছে। আরও স্পষ্টীকরণের জন্য আমি আছি। শুভকামনা।"
56450,"হেলো, মেডিকেলে আমাদের টিম আপনাকে সাহায্য করতে পারেনি শুনে দুঃখিত। আপনি যদি এমআরআই রিপোর্টের বিস্তারিত উল্লেখ করতেন তবে তা সঠিক হতো, কারণ আমরা তা থেকে কিছু বুঝতে পারতাম। আপনার কি ইন্টারভার্টিব্রাল ডিস্ক এবং নার্ভ এনট্র্যাপমেন্টে কোনো সমস্যা আছে? যেহেতু আপনি নিতম্ব, উরু, পা এবং পিঠে ব্যথার কথা উল্লেখ করেছেন, আমি জানতে চাই ব্যথার লক্ষণ কি ছড়িয়ে পড়ছে? এছাড়া, পিঠের ব্যথা কেমন? ব্যথার ধরন কি তীক্ষ্ণ নাকি ভোঁতা? যদি ভোঁতা হয় তবে তা পেশির সাথে সম্পর্কিত, কিন্তু যদি তীব্র হয় তবে তা স্নায়ুর সমস্যার কারণে হতে পারে। এখন আপনার বিশ্লেষণের কথায় আসি, আপনি উল্লেখ করেছেন আপনার বয়স ৩৮ বছর, তাই আমরা কটিদেশীয় মেরুদণ্ডে কিছু অবক্ষয়জনিত পরিবর্তন দেখতে পারি। যার কারণে পিঠে ব্যথা এবং স্নায়ু আটকে যাওয়ার মতো পরিবর্তন হতে পারে। এর জন্য আমি আপনাকে কোর, পিঠ এবং উভয় পাশের নিচের অঙ্গের জন্য ব্যায়াম করার পরামর্শ দেব। পিঠের যেকোনো ব্যথা বা ছড়িয়ে পড়া ব্যথার ক্ষেত্রে ব্যায়াম করা বাধ্যতামূলক, কারণ ব্যথার কারণে পেশির দুর্বলতা তৈরি হয় যা সময়ের সাথে সাথে বেড়ে যায় এবং পেশি দুর্বল হয়ে পড়লে মেরুদণ্ডে অস্থিরতা দেখা দেয়। আমি আশা করি আপনি আপনার রক্তে গ্লুকোজের মাত্রা এবং ইউরিক অ্যাসিডের মাত্রা পরীক্ষা করে দেখুন, যাতে আমরা সম্ভাবনাটি বাদ দেওয়ার জন্য একটি ডিফারেনশিয়াল ডায়াগনোসিস করতে পারি। আপনি যদি এমআরআই সম্পর্কে বিস্তারিত জানাতে পারেন তবে তা সত্যিই আপনার জন্য খুব ভালো হবে। আমার ১২ বছরের বেশি ক্লিনিক্যাল অনুশীলনে দেখেছি, পায়ের ব্যথার সাথে সম্পর্কিত অনেক পিঠের রোগী রক্ষণশীল চিকিৎসায় ভালো আছেন। যেমন - ব্যায়াম, ফিজিওথেরাপি এবং যোগব্যায়াম। আউট স্কোর প্রায় কাঙ্ক্ষিত। অনুগ্রহ করে ব্যায়াম শুরু করুন, আপনি সামগ্রিক শারীরিক সুস্থতায় পার্থক্য দেখতে পাবেন।"
86380,"হেলো, আপনি যে টিবি টেস্টের কথা বলছেন তা যদি ম্যানটু টেস্ট হয়ে থাকে, তবে পজিটিভিটি অতীতের টিকাদান বা সংস্পর্শের প্রতিফলন। সাধারণত আপনার ক্ষেত্রে যেমনটি হয়েছে, এটি এতবার পুনরাবৃত্তি করার প্রয়োজন নেই। যদি প্রশ্নটি সুপ্ত টিবি হয় (অর্থাৎ, ডাক্তাররা মনে করেন আপনার টিবি থাকতে পারে, কিন্তু নিশ্চিত নন), তবে টিবি-স্পট বা কোয়ান্টিফেরন অ্যাসে নামে একটি নতুন রক্ত পরীক্ষা উপলব্ধ আছে। ফ্লু শটটি সম্ভবত আপনার নেওয়া সিজনাল ইনফ্লুয়েঞ্জা জ্যাব এবং যদি লক্ষণগুলো কয়েক ঘণ্টার মধ্যে দেখা দিয়ে থাকে, তবে এটি সম্ভব যে জ্যাবের কোনো একটিতে আপনার সংবেদনশীলতা রয়েছে। উভয় ক্ষেত্রেই সাধারণত অ্যারিওমাইসিনের মতো অ্যান্টিবায়োটিক ব্যবহার করা হয়, তবে আপনাকে এটি পরীক্ষা করে দেখতে হবে। যাদের ডিমের তীব্র অ্যালার্জি আছে তারা ফ্লু জ্যাবের প্রতি প্রতিক্রিয়া দেখায়, তাই অনুগ্রহ করে নিশ্চিত করুন যে আপনার ডিমের অ্যালার্জির কোনো লক্ষণ আছে কিনা; আপনি একটি নির্দিষ্ট আইজিই (IGE) রক্ত পরীক্ষা বা স্কিন টেস্টের মাধ্যমে এটি পরীক্ষা করিয়ে নিন। ধন্যবাদ।"
77109,"হেলো, আমাদের সাথে যোগাযোগ করার জন্য ধন্যবাদ। আমি আপনার উদ্বেগ বুঝতে পারছি। আমি যদি আপনার ডাক্তার হতাম, তবে আমি আপনাকে পরামর্শ দিতাম যে এটি সম্ভবত কোনো সংক্রমণ নয়। সংক্রমণ সাধারণত ফোলাভাব, নিঃসরণ এবং রঙের পরিবর্তনের সাথে সম্পর্কিত। আপনার ক্ষেত্রে এই ধরনের কোনো লক্ষণ দেখা যাচ্ছে না, তাই এটি কোনো সংক্রমণ নয়। এমনকি যদি আপনার মনে হয় এটি সংক্রমণ, তবে আপনি আপনার ডাক্তারের পরামর্শ অনুযায়ী নির্দিষ্ট অ্যান্টিবায়োটিক শুরু করতে পারেন। আপনার আরও কোনো উদ্বেগ থাকলে আমি তার উত্তর দিতে পারলে খুশি হব, অনুগ্রহ করে আমাকে জানাবেন। নাসেনিয়া ডকের পক্ষ থেকে আপনার সুস্বাস্থ্য কামনা করছি। নাসেনিয়া ডক। সংক্রামক রোগ বিশেষজ্ঞ।"
102215,"হেলো, আপনার প্রশ্নটি পোস্ট করার জন্য ধন্যবাদ। আপনার মা স্লিপ ডিস্কে ভুগছেন যা নার্ভ রুটে চাপ সৃষ্টি করছে। এর চিকিৎসার বেশ কয়েকটি পদ্ধতি রয়েছে যেমন ওষুধ, ফিজিওথেরাপি, এপিডিউরাল ইনজেকশন। যদি রক্ষণশীল চিকিৎসায় কোনো উন্নতি না হয়, তবে অস্ত্রোপচার আরেকটি বিকল্প, যার মাধ্যমে বালজিং ডিস্ক অপসারণের (ডিসেক্টমি) মাধ্যমে নার্ভ রুটের ওপর থেকে চাপ কমানো হয়। আশা করি এটি সাহায্য করবে। শুভেচ্ছা, নাসেনিয়া ডক।"
105223,"প্রিয় জনাব খান, আস্সালামো অ্যালবাম। নাসেনিয়া ডকে আপনার প্রশ্নটি পোস্ট করার জন্য ধন্যবাদ। সম্ভবত আপনি একজন বাহক। ব্যাগ পজিটিভ কিন্তু ভাইরাসের প্রতিলিপিকারী অ্যান্টিজেনের বিরুদ্ধে অ্যান্টিবডি রয়েছে। তাছাড়া, ভাইরাল লোড চিকিৎসার জন্য যথেষ্ট বেশি নয়। ভাইরাসটি ""সুপ্ত"" পর্যায়ে আছে। আপনার এখন চিকিৎসার প্রয়োজন নেই। তবে, আপনার সংক্রমিত অবস্থা (ব্যাগ পজিটিভ) নিরাময়যোগ্য নাও হতে পারে। এটি সম্ভব যে ভাইরাসটি সারা জীবন সুপ্ত অবস্থায় থাকে এবং লিভারের কোনো ক্ষতি করে না। হার্ব ভাইরাসে আক্রান্ত রোগীদের মধ্যে মাত্র এক-চতুর্থাংশের লিভার সিরোসিস হয়। তাই, তার অবস্থা সম্পর্কে নিশ্চিত হওয়া যায় না। ভাইরাল লোড পর্যবেক্ষণ করা উচিত এবং তাকে প্রতি ৬ মাস বা অন্তত বছরে একবার পরীক্ষাটি পুনরাবৃত্তি করতে হবে। আপনি যদি বিবাহিত হন এবং সন্তান নিতে চান তবে আপনার চিকিৎসকের সাথেও কথা বলা উচিত। হার্ব ভাইরাসের কোনো স্থায়ী চিকিৎসা নেই। তবে, আপনাকে টিকা নাও দেওয়া হতে পারে, তবে সমস্ত আত্মীয়দের হার্বের বিরুদ্ধে টিকা নিতে হবে (যদি এখনও না করা হয়ে থাকে)। আপনার সুস্বাস্থ্য কামনা করি। আরও প্রশ্ন থাকলে করতে পারেন। স্বাস্থ্য পেশাজীবীরা তাদের সীমিত জ্ঞান অনুযায়ী রোগীদের সঠিকভাবে রোগ নির্ণয় এবং চিকিৎসা করার চেষ্টা করেন। নিরাময় আসে আমাদের সৃষ্টিকর্তার কাছ থেকে, যার শক্তি ও জ্ঞান অসীম। আপনার সুস্বাস্থ্য কামনা করি। শুভেচ্ছা, নাসেনিয়া ডক।"
75735,"হেলো, আমাদের কাছে লেখার জন্য ধন্যবাদ। যেহেতু আপনি বলেছেন যে সমস্যাটি গত এক বছর ধরে বিদ্যমান, তাই এটি তার ব্যক্তিত্বের সমস্যা হওয়ার সম্ভাবনা কম। এটি একটি মানসিক অসুস্থতা হওয়ার সম্ভাবনাই বেশি। আপনি যে ইতিহাস দিয়েছেন তা সমস্যাটি নির্ণয় করার জন্য যথেষ্ট নয়, এর সম্ভাবনা অ্যাডজাস্টমেন্ট সমস্যা থেকে শুরু করে অ্যাফেক্টিভ ডিসঅর্ডার পর্যন্ত হতে পারে। তবে উপরের বিষয়টি নিশ্চিত করার জন্য তার একটি বিস্তারিত মানসিক মূল্যায়নের প্রয়োজন হবে। আশা করি এটি সাহায্য করবে, নাসেনিয়া ডক।"
48142,"আপনার উদ্বেগগুলো বুঝতে পেরেছি এবং আপনার বর্ণনা পড়েছি। এডিডি (ADD) মানে অ্যাটেনশন ডেফিসিট ডিসঅর্ডার বা মনোযোগের অভাবজনিত সমস্যা। আমি আপনাকে জানাতে চাই যে, এডিডি কোনো রোগ নয়, বরং এটি কেবল একটি মানসিক ব্যাধি, যা স্নায়বিক কার্যকলাপ ঠিক করার মাধ্যমে দূর করা প্রয়োজন। সাইকোট্রপিক ওষুধ কখনোই স্নায়বিক কার্যকলাপ ঠিক করে না, বরং তা আংশিকভাবে বন্ধ করে দেয়। তাই, আমার মনে হয়, ওষুধ না খেয়ে সম্পূর্ণ সুস্থ হওয়ার জন্য সাইকোথেরাপি পদ্ধতি গ্রহণ করুন। এছাড়া আপনার স্নায়বিক কার্যকলাপকে সুশৃঙ্খল করতে যোগব্যায়াম এবং ধ্যান করুন। আশা করি এটি আপনার প্রশ্নের আংশিক উত্তর দিয়েছে। আরও কোনো স্পষ্টীকরণের প্রয়োজন হলে আমি আছি। দ্রুত সুস্থ হয়ে উঠুন।"
108231,"হেলো, অনুসন্ধানের জন্য ধন্যবাদ। আপনার লক্ষণগুলোর প্রোফাইলের ওপর ভিত্তি করে আপনার প্রধান অন্তর্নিহিত সমস্যাটি হলো সামাজিক উদ্বেগ বা অন্য ব্যক্তি বা ঊর্ধ্বতন ব্যক্তিদের দ্বারা প্রতিকূল মূল্যায়নের অতিরিক্ত অযৌক্তিক ভয়। এর চিকিৎসা সাধারণত এসএসআরআই (SSRI) জাতীয় ওষুধ, উদ্বেগ নিরসনকারী ওষুধ (ক্লোনাজেপাম, মিজোরাম ইত্যাদি) এবং কগনিটিভ বিহেভিয়ার থেরাপি (সিবিটি) দিয়ে বহুমুখীভাবে করা হয়। সিবিটি-তে আপনাকে উদ্বেগ মোকাবিলা ও কাটিয়ে ওঠার বিভিন্ন পদ্ধতি শেখানো হবে, যেমন এক্সপোজার অ্যান্ড রেসপন্স প্রিভেনশন (ERP), কাল্পনিক সংস্পর্শ, ভূমিকা পালন, মাইন্ডফুলনেস-ভিত্তিক হস্তক্ষেপ, অ্যান্টিজেনিক রিলাক্সেশন ট্রেনিং ইত্যাদি। আপনার একজন মনোবিজ্ঞানীর সাথে পরামর্শ করা বা আপনার বর্তমান মনোরোগ বিশেষজ্ঞের কাছে সাহায্য চাওয়া প্রয়োজন। শান্ত থাকার জন্য এই সবকিছুর পাশাপাশি যোগব্যায়াম এবং প্রাণায়াম অনুশীলন করার চেষ্টা করুন। শুভকামনা।"
40105,"হেলো, নাসেনিয়া ডকে আপনাকে স্বাগতম! প্রিয়, আপনি যেমনটি জানিয়েছেন, আপনার শেষ মাসিকের তারিখ ছিল ২৫ ডিসেম্বর, তাই আমরা যদি নিয়মিত ৩০ দিনের চক্র অনুসরণ করি, তবে আপনার ৯-১০ জানুয়ারির দিকে ডিম্বস্ফোটন হয়ে থাকতে পারে। ডিম্বাণু (ডিম্বাণু) ডিম্বস্ফোটনের ৪৮ ঘণ্টা পর নিষিক্তকরণের জন্য কার্যকর থাকে না, তাই যৌন মিলনের সময় আপনার শরীরে নিষিক্ত ডিম্বাণু থাকার সম্ভাবনা খুবই কম। সুতরাং, গর্ভবতী হওয়ার সম্ভাবনা খুবই কম। তবুও, সম্ভাবনা পুরোপুরি দূর করার জন্য আপনি আই-পিল (i-Pill) নিতে পারেন, তবে এর প্রয়োজন নেই। এটি কেবল হতে পারে যে এবার আপনার মাসিক কিছুটা অনিয়মিত।"
6451,"হেলো, ডেইরি, আমি আপনার প্রশ্নটি দেখেছি। আমি আপনার উদ্বেগ বুঝতে পারছি। তার লাইম ডিজিজ এবং দুটি সহ-সংক্রমণ রয়েছে। সংক্রমণের ক্ষেত্রে হাইপোটেনশন বা নিম্ন রক্তচাপ সাধারণ বিষয়। হাইপোটেনশনের কারণে দৃষ্টি ঝাপসা হওয়া এবং অবসাদ দেখা দেয়। তার শিরায় স্যালাইন এবং অ্যান্টিবায়োটিক নেওয়া উচিত। প্রচুর পরিমাণে তরল খাবার গ্রহণ করুন। আপনার ডাক্তারের সাথে পরামর্শ করুন এবং সেই অনুযায়ী চিকিৎসা নিন। আশা করি আমি আপনার প্রশ্নের উত্তর দিতে পেরেছি, যদি আপনার কোনো সন্দেহ থাকে তবে আমি উত্তর দিতে পেরে খুশি হব। নাসেনিয়া ডক ব্যবহার করার জন্য ধন্যবাদ। আপনার সুস্বাস্থ্য কামনা করি।"
50817,"হেলো! শুভ সন্ধ্যা। আমি নাসেনিয়া ডক, আপনার প্রশ্নের উত্তর দিচ্ছি। হ্যাঁ, আপনার ইতিহাস থেকে এটি হার্নিয়া বলে মনে হচ্ছে, যা শুধুমাত্র ক্লিনিকাল মূল্যায়নের মাধ্যমেই নিশ্চিত করা সম্ভব। আমি আপনাকে পরামর্শ দেব যে পিণ্ডটির সঠিক চিকিৎসার জন্য আপনার এলাকার একজন জেনারেল সার্জনের সাথে পরামর্শ করুন। ততক্ষণ পর্যন্ত, লক্ষণীয় উপশমের জন্য আপনি একটি অ্যান্টি-স্পাসমোডিক এবং একটি প্রোটন পাম্প ইনহিবিটর গ্রহণ করতে পারেন। আমি আশা করি এই তথ্যটি আপনার সমস্যার পরবর্তী ব্যবস্থাপনার বিষয়ে আপনার পারিবারিক চিকিৎসক বা আপনার চিকিৎসা প্রদানকারী ডাক্তারের সাথে আলোচনা করতে সাহায্য করবে। কোনো সন্দেহ থাকলে নির্দ্বিধায় জিজ্ঞাসা করুন। আপনার স্বাস্থ্য সমস্যার বিষয়ে সন্দেহ দূর করতে নাসেনিয়া ডককে বেছে নেওয়ার জন্য ধন্যবাদ। আমি আপনার দ্রুত আরোগ্য কামনা করি। নাসেনিয়া ডক।"
104398,"নাসেনিয়া ডকে আপনার প্রশ্নের জন্য ধন্যবাদ। আমি আপনার পরিস্থিতি এবং সমস্যাটি বুঝতে পারছি। আমার মতে আপনার একজন পালমোনোলজিস্টের (ফুসফুস বিশেষজ্ঞ) পরামর্শ নেওয়া উচিত এবং নিম্নলিখিত পরীক্ষাগুলো করানো উচিত: ১. শ্বাসতন্ত্রের ক্লিনিকাল পরীক্ষা। ২. বুকের এক্স-রে। ৩. পিএফটি (পালমোনারি ফাংশন টেস্ট)। আপনার কফসহ দীর্ঘস্থায়ী কাশি হচ্ছে। এটি ফুসফুসের সংক্রমণ এবং ব্রঙ্কাইটিসে দেখা যায়। তাই ফুসফুসের সংক্রমণ আছে কিনা তা নিশ্চিত হতে বুকের এক্স-রে করান। ব্রঙ্কাইটিস আছে কিনা তা নিশ্চিত হতে পিএফটি প্রয়োজন। তাই আগে রোগ নির্ণয় করা এবং তারপর সঠিক চিকিৎসা শুরু করা ভালো। চিন্তা করবেন না, আপনি সুস্থ হয়ে উঠবেন।"
33531,১. এমডিএস মায়োলোডিসপ্লাসিয়া সিনড্রোম নাসেনিয়া ডক। লোহিত রক্তকণিকা।
83671,"হেলো, আপনার অনুসন্ধানের জন্য ধন্যবাদ। আপনার অনুসন্ধানটি পর্যালোচনা করার পর আমি জানতে পেরেছি যে আপনার C6-C7 ডিস্ক হার্নিয়েটেড ডিস্কের জন্য অস্ত্রোপচার করা হয়েছে। আপনার কক্সিক্সডিনিয়াও রয়েছে। ব্যথানাশক হিসেবে আপনাকে ডাইক্লোফেনাকের মতো ওষুধ সেবন করতে হবে। টেলবোনের ব্যথার জন্য আপনাকে নরম কুশন ব্যবহার করতে এবং ব্যথা হলে ব্যথানাশক ওষুধের পাশাপাশি হট সিট বাথ নেওয়ার পরামর্শ দেওয়া হচ্ছে। শ্বাসকষ্ট এবং ঘুমের জন্য আপনার এক্স-রে এবং এমআরআই-এর মাধ্যমে বিস্তারিত পরীক্ষা করা প্রয়োজন। আপনি আপনার চিকিৎসকের সাথে এ বিষয়ে আলোচনা করতে পারেন। আমি আশা করি আপনি কিছু সহায়ক তথ্য পেয়েছেন। আপনার যদি আরও কোনো প্রশ্ন বা ফলো-আপ জিজ্ঞাসা থাকে, তবে আমাদের লিখতে দ্বিধা করবেন না। আমি আপনার প্রশ্নের উত্তর দিতে পেরে খুশি হব। আপনার সুস্বাস্থ্য কামনা করছি। ভালো থাকবেন।"
33103,"হেলো এবং এই ফোরামটি ব্যবহার করার জন্য ধন্যবাদ। আপনার প্রশ্নটি পর্যালোচনা করার পর আমার মনে হচ্ছে আপনার ছেলে ডিসমরফিয়া নামক একটি শিখন সমস্যায় ভুগছে (এটি শব্দ পুনরুদ্ধার বা বানানের সমস্যা, সাধারণত খুব খারাপ বানান, আয়না লেখা ইত্যাদি)। এটি এমন একটি অবস্থা যা শুধুমাত্র ওষুধের ওপর নির্ভর না করে একাডেমিক হস্তক্ষেপ এবং থেরাপির মাধ্যমে আরও ভালোভাবে সাহায্য করা যেতে পারে। আমি আপনাকে অনুরোধ করব যে আপনার সন্তানকে আরও ভালোভাবে বুঝতে এবং তার সক্ষমতা অর্জনে সাহায্য করার জন্য সাপোর্ট গ্রুপগুলোর কাছ থেকে আরও তথ্য নিন। আশা করি এটি আপনাকে সাহায্য করবে। ভালো থাকবেন। নাসেনিয়া ডক।"
105245,"হেলো, জিজ্ঞাসা করার জন্য ধন্যবাদ। আপনার প্রশ্নের ভিত্তিতে আমার মতামত নিচে দেওয়া হলো। ১. কোলচিসিন এবং অ্যালোপিউরিনল উভয়ই খুব কম ক্ষেত্রে থ্রম্বোসাইটোপেনিয়া সৃষ্টি করতে পারে। ২. বোন ম্যারো বায়োপসি সঠিক কারণ শনাক্ত করতে সাহায্য করবে। যদি মেগাকারিওসাইট কম থাকে, তবে সম্ভবত ওষুধগুলো এর ওপর প্রভাব ফেলছে। ৩. একটি ওষুধ বন্ধ করে এক মাস অপেক্ষা করুন এবং প্লাটিলেট কাউন্ট মূল্যায়ন করুন। যদি উন্নতি হয়, তবে চেরি সমৃদ্ধ খাবার খাওয়া চালিয়ে যান। মাংস, অ্যালকোহল এবং ক্যাফেইন এড়িয়ে চলুন। আশা করি এটি সাহায্য করবে। আরও কোনো প্রশ্ন থাকলে, সাহায্য করতে পারলে খুশি হব।"
88621,"হেলো। নাসেনিয়া ডকে আপনাকে স্বাগতম। আমি আপনার প্রশ্নটি দেখেছি এবং আপনার উদ্বেগ বুঝতে পারছি... আপনার অভিযোগ অনুযায়ী এটি গ্যাংগ্রিন বা কোনো সংক্রমণ বলে মনে হচ্ছে না, তবে দাঁত তোলার পর আপনি যে ওষুধগুলো খাচ্ছেন তাতে অ্যালার্জির প্রতিক্রিয়া হয়েছে বলে মনে হচ্ছে এবং এই বিবর্ণতা কোনো কালশিটে বা র‍্যাশের কারণে হতে পারে। চিন্তার কিছু নেই, আপনার ডেন্টিস্টের সাথে পরামর্শ করুন এবং পরীক্ষা করান। যদি এটি অ্যালার্জির প্রতিক্রিয়া হয়, তবে এটি সাধারণত পেনিসিলিনের কারণে হয়, যা একটি অ্যান্টিবায়োটিক এবং সংক্রমণ নিশ্চিত বা প্রতিরোধ করার জন্য ব্যবহৃত হয়। ডেন্টিস্ট অবস্থাটি মূল্যায়ন করে ক্লিনডামাইসিন, সেফালোস্পোরিন ইত্যাদির মতো অন্য কোনো অ্যান্টিবায়োটিক দিয়ে ওষুধ পরিবর্তন করতে পারেন। আশা করি এই তথ্যটি আপনাকে সাহায্য করবে। ধন্যবাদ এবং শুভেচ্ছা। নাসেনিয়া ডক।"
89648,"হেলো, নাসেনিয়া ডকে আপনাকে স্বাগতম। আমি আপনার উদ্বেগ বুঝতে পারছি। আপনার সমস্যাটি পিত্তথলির প্রদাহের কারণে হচ্ছে বলে মনে হচ্ছে। পিত্তথলিতে পাথরও থাকতে পারে। তাই, আপনার পরীক্ষা করানো উচিত কারণ পিত্তথলির প্রদাহের জটিলতাগুলো কষ্টদায়ক হতে পারে। আপনি যদি কয়েক দিন অপেক্ষা করতে চান, তবে জ্বর, জন্ডিস এবং ব্যথা বৃদ্ধির দিকে নজর রাখুন যা আপনাকে উল্লেখযোগ্যভাবে অস্বস্তিতে ফেলে। তবে পরীক্ষা করিয়ে নেওয়াই ভালো। আশা করি এটি সহায়ক হবে। আরও কোনো প্রশ্ন থাকলে অবশ্যই জিজ্ঞাসা করবেন। ভালো থাকবেন।"
111188,"হেলো, আমি আপনার উপসর্গগুলো বুঝতে পেরেছি। আপনার কাঁধ থেকে হাত এবং আঙুলে ব্যথা ছড়িয়ে পড়ছে। সাধারণত সার্ভিকাল ডিস্ক বাল্জের কারণে স্নায়ুতে চাপ পড়ে এবং পরবর্তীতে আপনার হাত ও আঙুলে জয়েন্টে ব্যথা হয়। দ্রুত সুস্থতার জন্য আমি আপনাকে ইনফারেনশিয়াল থেরাপি এবং অটো ট্র্যাকশনের মতো ফিজিওথেরাপি নেওয়ার পরামর্শ দেব। এই ক্ষেত্রে স্ট্যাটিক এবং রেজিস্ট্যান্স গাইডেড এক্সারসাইজ থেরাপি সাহায্য করতে পারে। এর জন্য আপনি একজন ফিজিওথেরাপিস্টের পরামর্শ নিতে পারেন। সার্ভিকাল স্পাইনের এমআরআই আপনাকে স্নায়ুর চাপের তীব্রতা বুঝতে সাহায্য করবে। আমি আপনাকে ভিটামিন বি১২ এবং ভিটামিন ডি৩-এর মাত্রা পরীক্ষা করার পরামর্শ দেব। আশা করি এটি আপনার প্রশ্নের উত্তর দিয়েছে। আপনার যদি আরও কোনো প্রশ্ন বা ফলো-আপ জিজ্ঞাসা থাকে, তবে আমাদের লিখতে দ্বিধা করবেন না। আমি আপনার প্রশ্নের উত্তর দিতে পেরে খুশি হব। নিজের যত্ন নেবেন।"
22726,"হেলো, আপনার প্রশ্নটি পোস্ট করার জন্য ধন্যবাদ। আপনার শ্বশুর বর্তমানে যে পরিস্থিতির মধ্য দিয়ে যাচ্ছেন তার জন্য আমি অত্যন্ত দুঃখিত। যেকোনো চিকিৎসা পদ্ধতি নির্বিশেষে খাদ্যনালীর ক্যান্সার অত্যন্ত খারাপ ফলাফলের সাথে সম্পর্কিত। এটি সাধারণত কিছু জটিলতা নিয়ে দেখা দেয়, যার মধ্যে সবচেয়ে গুরুত্বপূর্ণ হলো গিলতে অসুবিধা বা ডিসফ্যাজিয়া। আপনি যে রক্ত এবং ত্বকের বলের কথা উল্লেখ করেছেন তা হলো ক্যান্সারজনিত নেক্রোটিক বৃদ্ধি, রক্ত, শ্লেষ্মা, ধূলিকণা ইত্যাদির মিশ্রণ। এগুলো ক্রমাগত রোগ প্রক্রিয়ার অংশ হিসেবে তৈরি হয়, যা মাঝে মাঝে খাদ্যনালী এবং শ্বাসনালীকে বাধাগ্রস্ত করে শ্বাসনালীকে ক্ষতিগ্রস্ত করতে পারে। এটিকে আসলে ভালো লক্ষণ হিসেবে বিবেচনা করা হয় না। এর সাথে রেডিয়েশনের কারণেও এটি আরও খারাপ হতে পারে। রোগাক্রান্ত খাদ্যনালীতে স্টেন্টিং করা টিস্যুর ক্ষতিগ্রস্ত বলগুলো পরিষ্কার করতে সাহায্য করতে পারে। আরও তথ্যের জন্য একজন বিশেষজ্ঞ অনকোসার্জনের সাথে পরামর্শ করুন। ধন্যবাদ।"
22686,"হেলো, নাসেনিয়া ডকে আপনাকে স্বাগতম। ধূমপান নিউমোনিয়ার অন্যতম একটি কারণ। অ্যান্টিবায়োটিক এবং স্টেরয়েডের কোর্সটি সম্পন্ন করুন। একজন ডাক্তার হিসেবে আমি আপনাকে ধূমপান না করার পরামর্শ দেব, কারণ নিউমোনিয়ায় আপনার ফুসফুস ক্ষতিগ্রস্ত হয়েছে। অন্তত ক্লিনিকাল লক্ষণগুলো পুরোপুরি সেরে না ওঠা এবং বুকের এক্স-রেতে কনসোলিডেশন দূর না হওয়া পর্যন্ত ধূমপান করবেন না। স্বাস্থ্যকর এবং সুষম খাবার গ্রহণ করুন। আশা করি আপনার সমস্যার সমাধান হয়েছে। নিজের যত্ন নেবেন।"
81056,"হেলো, আপনার প্রশ্নের উত্তর দিতে পারলে আমি খুশি হব। হরমোন থেরাপির মাধ্যমে সহজে নিয়ন্ত্রণ করা যাচ্ছে না এমন অস্বাভাবিক রক্তপাতের ক্ষেত্রে, আরও পুঙ্খানুপুঙ্খ মূল্যায়ন করা উপযুক্ত, যার মধ্যে অন্তর্ভুক্ত থাকবে"
38070,"হেলো! শুভ সন্ধ্যা। আমি নাসেনিয়া ডক, আপনার প্রশ্নের উত্তর দিচ্ছি। আমি যদি আপনার ডাক্তার হতাম, তবে পেটের কোনো সার্জিক্যাল সমস্যা আছে কি না তা নিশ্চিত করার জন্য আমি আপনাকে পেটের আল্ট্রাসাউন্ড, সিরাম নাসেনিয়া ডক পরীক্ষা এবং প্রস্রাবের (কালচার ও সেনসিটিভিটি সহ রুটিন ও মাইক্রোস্কোপিক) পরীক্ষা করার পরামর্শ দিতাম। রিপোর্ট না আসা পর্যন্ত, উপসর্গ থেকে আরাম পাওয়ার জন্য আমি আপনার বান্ধবীকে একটি অ্যান্টি-স্পাসমোডিক এবং একটি প্রোটন পাম্প ইনহিবিটর সেবনের পরামর্শ দিতাম। যদি শারীরিক পরীক্ষার ফলাফলসহ সমস্ত রিপোর্ট স্বাভাবিক আসে, তবে আমি তাকে পুনরায় মনোরোগ বিশেষজ্ঞের কাছে যাওয়ার পরামর্শ দিতাম। আমি আশা করি এই তথ্যটি আপনার সমস্যার পরবর্তী ব্যবস্থাপনার বিষয়ে আপনার পারিবারিক চিকিৎসক বা সংশ্লিষ্ট ডাক্তারের সাথে আলোচনা করতে সাহায্য করবে। কোনো সন্দেহ থাকলে নির্দ্বিধায় জিজ্ঞাসা করবেন। আপনার স্বাস্থ্য সমস্যার বিষয়ে সন্দেহ দূর করতে নাসেনিয়া ডককে বেছে নেওয়ার জন্য ধন্যবাদ। আমি আপনার দ্রুত আরোগ্য কামনা করি। নাসেনিয়া ডক।"
33735,"হেলো, ইতিহাস থেকে মনে হচ্ছে যে সেখানে কোনো ইনগ্রোন হেয়ার ফলিকল সংক্রমণ হয়েছে এবং এখন তা থেকে ফোড়া তৈরি হচ্ছে। ৫ দিনের জন্য একটি অ্যান্টিবায়োটিক ওষুধের কোর্স সম্পন্ন করুন। একবার পুঁজ জমতে শুরু করলে তা কেটে ফেলতে হবে, তাই পুঁজ হওয়ার আগেই যত দ্রুত সম্ভব অ্যান্টিবায়োটিক ওষুধ শুরু করুন। সংক্রমণ দ্রুত কমাতে ৩ দিন কিছু অ্যান্টি-ইনফ্ল্যামেটরি ওষুধ সেবন করুন। ঠিক আছে এবং নিজের যত্ন নিন।"
86166,"হেলো, কেলিমক্রিরি, আপনার বমি বমি ভাব এবং পেট ফাঁপার লক্ষণগুলো সম্ভবত আপনার পিত্তথলির অস্ত্রোপচারের সাথে সম্পর্কিত নয়। বেশিরভাগ ক্ষেত্রে, আমরা পিত্তথলির রোগের সাথে সম্পর্কিত জিইআরডি (গ্যাস্ট্রোইসোফেজিয়াল রিফ্লাক্স ডিজিজ) দেখতে পাই। আপনার যদি হাইটাস হার্নিয়া থাকে তবে আপনারও একই ধরনের লক্ষণ থাকতে পারে। এছাড়াও, এই ধরনের লক্ষণের ক্ষেত্রে আইবিএস (ইরিটেবল বাওয়েল সিনড্রোম) বেশি দেখা যায়। গ্লুটেন-মুক্ত খাদ্যাভ্যাসের ক্ষেত্রে, এটি কেবল তখনই সহায়ক যদি আপনার গ্লুটেন সংবেদনশীলতা থাকে। প্রকৃত সিলিয়াক রোগটি অটোইমিউন মধ্যস্থতাকারী এবং ক্ষুদ্রান্ত্রের আস্তরণকে প্রভাবিত করে, যার ফলে ম্যালঅ্যাবসর্পশন এবং পরবর্তী সমস্যা দেখা দেয়। এর মধ্যে ওজন হ্রাস, ডায়রিয়া (চর্বিযুক্ত মল), ভিটামিন ও খনিজ উপাদানের ঘাটতি, হাড় ভঙ্গুর হওয়া, ত্বকের সমস্যা ইত্যাদি অন্তর্ভুক্ত থাকতে পারে। গম, ওটস এবং বার্লি পণ্যে গ্লুটেন থাকে। এমন অল্প সংখ্যক মানুষ আছেন যারা সিলিয়াক রোগ ছাড়াই গ্লুটেনে সংবেদনশীল বা সংবেদনশীল। আমি ওমেপ্রাজল, ল্যানসোপ্রাজল বা ইসোমেপ্রাজলের মতো একটি পিপিআই (প্রোটন পাম্প ইনহিবিটর) ব্যবহার করার পরামর্শ দেব। এগুলো প্রেসক্রিপশন ছাড়াই পাওয়া যায়, খাবারের প্রায় এক ঘণ্টা আগে দিনে একবার বা দুবার ২০ মিলিগ্রাম করে ১-২ সপ্তাহ সেবন করুন এবং দেখুন এতে কোনো উন্নতি হয় কিনা। অতিরিক্ত ক্যাফেইন, অ্যালকোহল, খুব মশলাদার খাবার, লেবু এবং টমেটোর তৈরি খাবার এড়িয়ে চলার চেষ্টা করুন এবং দেখুন এতে কোনো উন্নতি হয় কিনা। যদি কোনো"
66156,"হেলো, নাসেনিয়া ডকে আপনাকে স্বাগতম। এপিডিউরাল ইনজেকশন আপনাকে কেবল সাময়িক আরাম দেবে এবং ইনজেকশনের প্রভাব কেটে গেলে ব্যথা আবার ফিরে আসবে। দীর্ঘমেয়াদী উপশমের জন্য আপনার একজন ফিজিওথেরাপিস্টের কাছে যাওয়া উচিত এবং তাকে আপনার পিঠের পেশী শক্তিশালী করার জন্য স্পাইনাল ব্যায়ামগুলো শেখাতে বলা উচিত, তারপর বাড়িতে নিয়মিত সেই ব্যায়ামগুলো করুন। শক্তিশালী পিঠের পেশীগুলো পিঠের খিঁচুনি (পিঠের ব্যথার কারণ) প্রতিরোধ করবে এবং এর ফলে আপনি দীর্ঘ সময়ের জন্য পিঠের ব্যথা থেকে মুক্ত থাকতে পারবেন। এর পাশাপাশি নাসেনিয়া ডকের পরামর্শ অনুযায়ী বিশেষ করে লাম্বার বেল্ট পরা শুরু করুন।"
7557,"হেলো, ডেইরি, আমি আপনার প্রশ্নটি দেখেছি। আমি আপনার উদ্বেগ বুঝতে পারছি। প্রোস্টেট ক্যান্সার নিয়ে আপনার চিন্তিত হওয়ার প্রয়োজন নেই। আপনার পিএসএ (PSA) লেভেল খুব বেশি নয়। প্রোস্টাটাইটিস বা অন্য অনেক কারণে পিএসএ লেভেল সামান্য বৃদ্ধি পাওয়া স্বাভাবিক। তাই আপনার ক্যান্সারের কোনো সম্ভাবনা নেই। চিন্তার কোনো কারণ নেই। শুধু নিশ্চিন্ত থাকুন। আশা করি আমি আপনার প্রশ্নের উত্তর দিতে পেরেছি, যদি আপনার কোনো সন্দেহ থাকে তবে আমি উত্তর দিতে পেরে খুশি হব। নাসেনিয়া ডক ব্যবহার করার জন্য ধন্যবাদ। আপনার সুস্বাস্থ্য কামনা করি।"
27594,"প্রিয় রোগী, চিন্তার কিছু নেই। আঘাতের কারণে অভ্যন্তরীণ ক্ষতির ফলে এটি সেরে ওঠার একটি প্রক্রিয়া মাত্র। যেহেতু আঘাতটি গোপন ছিল, তাই খুব বেশি লালচে ভাব দেখা দেয়নি। তবে কয়েক দিন পর ধীরে ধীরে সেরে উঠতে শুরু করে এবং এটি পুরোপুরি সেরে উঠতে দুই সপ্তাহ পর্যন্ত সময় লাগতে পারে। গর্ত বা ফোলা নিয়ে চিন্তা করবেন না। এখানে সতর্কতা হলো, যদি কয়েক দিনের মধ্যে আপনার জ্বর আসে, তবে অবশ্যই একজন ডাক্তারের সাথে যোগাযোগ করুন এবং এটি পরীক্ষা করান। অন্যথায়, আপনি সুস্থ হয়ে উঠবেন। আশা করি আমি আপনার প্রশ্নের উত্তর দিতে পেরেছি।"
33295,"শুভ সকাল। আপনার অসুস্থতার কথা শুনে আমি দুঃখিত। আমি দুঃখের সাথে জানাচ্ছি যে, লিভার ট্রান্সপ্ল্যান্ট ছাড়া আপনার গড় আয়ু কয়েক বছর হতে পারে। লিভার ট্রান্সপ্ল্যান্ট অবশ্যই আপনার রোগ নিরাময় করবে এবং আয়ু বাড়াবে, যা বর্তমানে আপনার জন্য চিকিৎসার প্রধান উপায়। আমি আপনাকে অবিলম্বে আপনার দেশের একটি ভালো ট্রান্সপ্ল্যান্ট সেন্টারে গিয়ে একজন হেপাটোলজিস্টের সাথে দেখা করার পরামর্শ দিচ্ছি, যাতে আপনি ট্রান্সপ্ল্যান্টের তালিকায় অন্তর্ভুক্ত হতে পারেন এবং অ্যালকোহল থেকে সম্পূর্ণ দূরে থাকতে পারেন। আশা করি এটি আপনার প্রশ্নের উত্তর দিয়েছে। আপনার দ্রুত আরোগ্য কামনা করছি।"
61476,"হেলো ম্যাম, আপনার স্বাস্থ্য সম্পর্কিত জিজ্ঞাসার জন্য নাসেনিয়া ডক চিকিৎসকদের ওপর আস্থা রাখার জন্য ধন্যবাদ। আমার মনে হয় আপনার উদ্বেগের বিষয়টি গর্ভবতী হওয়া নিয়ে... তাই না? আমি বিষয়টি বুঝতে পেরেছি। আপনার প্রশ্নের উত্তর নিচে দেওয়া হলো, যা আপনি আমাদের সাথে শেয়ার করেছেন। ১. বয়স, আনুমানিক ৩৪ বছর... ১৮-৪০ বছর বয়সী নারীদের প্রজননক্ষম বয়স বলা হয়, এখানে গর্ভধারণের সম্ভাবনা বেশি থাকে, ৫০ বছর বয়সের পর সম্ভাবনা নেই বললেই চলে... ৪২-৪৫ বছরের ট্রান্সিশন জোনে গর্ভধারণের সম্ভাবনা ১৮-৪০ বছরের মতো বেশি বা ৫০ বছরের মতো কমও নয়। আশা করি আমি আপনার বয়সের গুরুত্ব নিয়ে চাপ দিচ্ছি... 'নাসা' (NASA) মানে হলো আপনার গর্ভবতী হওয়ার উচ্চ সম্ভাবনা রয়েছে... তাই অযথা দুশ্চিন্তা করবেন না। এখন আমি আপনাকে ইন্টারফের্টিল পিরিয়ড বা অনিয়মিত পিরিয়ডের দিকে মনোযোগ দিতে বলব, এটি মাসিকের ১০ম থেকে ১৬তম দিন পর্যন্ত শুরু হয়... সেখানে ওভুলেশন বা ডিম্বস্ফোটন ঘটে, এই ডিম্বাণু শুক্রাণুর সাথে মিলিত হয় এবং নারীরা গর্ভবতী হন... এই সময়ে যদি আপনি বেশিবার শারীরিক মিলন করেন, তবে গর্ভবতী হওয়ার সম্ভাবনা বেশি থাকে... সাধারণত নারীরা গর্ভবতী হন না, স্বামী বা স্বামী অথবা কখনো কখনো উভয় ক্ষেত্রেই সমস্যা থাকে... আপনি যে তথ্যগুলো দিয়েছেন, তাতে আমার মনে হয় আপনার দিক থেকে ১০০% কোনো সমস্যা নেই... আপনি আপনার মাসিক সম্পর্কে কোনো তথ্য দেননি... তাই আমি বলতে পারছি না আপনার পাশে কোনো সমস্যা আছে কি না... আপনি আপনার স্বামীর সম্পর্কেও কোনো তথ্য দেননি... তাই আমি বলতে পারছি না আপনার পাশে ১০০% কোনো সমস্যা আছে কি না... আপনি আপনার স্বামীর বয়স কত? তার বয়স কি সঠিক? তার কি দেরিতে বিয়ে হয়েছে? তাই"
110947,"হেলো, ভাঙা ফিলিংয়ের সাথে সম্পর্কিত ফোলা অংশটি ভাঙা ফিলিংয়ের পুনরায় সংক্রমণ বা পেরিঅ্যাপিক্যাল সংক্রমণের কারণে হতে পারে। অনুগ্রহ করে একজন ডেন্টিস্টের কাছে যান এবং ক্লিনিক্যাল ও এক্স-রে পরীক্ষা করান। যদি ফোড়া থাকে, তবে ডাক্তারের সাথে কথা বলুন। সংক্রমিত পাল্প সম্পূর্ণভাবে অপসারণ করতে হবে। অ্যান্টিবায়োটিক এবং ব্যথানাশক ওষুধের সম্পূর্ণ কোর্সটি সম্পন্ন করুন। ঘন ঘন হালকা গরম লবণ পানি এবং সোডিয়াম হাইপোক্লোরাইট দিয়ে কুলকুচি করা সাহায্য করতে পারে। ফিলিং করা দাঁত দিয়ে শক্ত খাবার চিবানো এড়িয়ে চলুন। নিজের যত্ন নিন।"
79063,"প্রিয়, আপনার প্রশ্নটি আমাদের সাথে শেয়ার করার জন্য ধন্যবাদ। পরীক্ষা ছাড়া সেই পিণ্ডের কারণ খুঁজে বের করা কঠিন। আপনার প্রথম দুটি পরীক্ষা করা উচিত, তা হলো রক্ত পরীক্ষা এবং ঘাড়ের অঞ্চলের আল্ট্রাসাউন্ড। ফলাফলের পর সম্ভবত একটি সার্ভিকাল এমআরআই করার প্রয়োজন হতে পারে! আপনাকে চিন্তিত হতে হবে তবে খুব বেশি নয়, এটি দাঁতের সংক্রমণের কারণেও হতে পারে তাই সতর্কবার্তার প্রয়োজন নেই, তবে পরীক্ষা করা প্রয়োজন। আশা করি আমি আপনাকে সাহায্য করতে পেরেছি নাসেনিয়া ডক।"
106062,"তাই সাম্প্রতিক পরিবর্তনগুলো জানতে এবং আপনার অস্ত্রোপচারের প্রয়োজন আছে কিনা তা জানতে আপনাকে পুনরায় এমআরআই (MRI) করাতে হবে। আপনার চিৎ হয়ে ঘুমানো এড়িয়ে চলা উচিত (পিঠ মোচড়ানো, দীর্ঘক্ষণ বসে বা দাঁড়িয়ে থাকা, চাপ দেওয়া এবং ভারী ওজন তোলা)। আপনার লাম্বোস্যাক্রাল বেল্ট পরা উচিত। আপনার নিম্নলিখিত ওষুধগুলো গ্রহণ করা উচিত।"
81842,"হেলো। নাসেনিয়া ডকে আপনার প্রশ্নটি পোস্ট করার জন্য ধন্যবাদ। সাধারণত এএলটি (ALT) বা এএসটি (AST)-এর মান ""স্বাভাবিক ঊর্ধ্বসীমার দ্বিগুণ""-এর বেশি হলে তা অস্বাভাবিক বলে গণ্য করা হয় (কিছু দেশে, এএলটি বা এএসটি-এর মান ১০০-এর বেশি হলে তা অস্বাভাবিক ধরা হয়)। এএসটি বা এএলটি-এর মান ৮৫ বা তার বেশি হলে তা আরও পরীক্ষা করা প্রয়োজন হতে পারে। ""৩৬"" আপনার প্রশ্নে কী নির্দেশ করছে তা আমি নিশ্চিত নই। যদি এটি আপনার এএলটি (ALT) মান হয়, তবে এটি স্বাভাবিক। আপনার সুস্বাস্থ্য কামনা করি। শুভেচ্ছা, নাসেনিয়া ডক।"
95895,"হেলো! অনুসন্ধানের জন্য ধন্যবাদ। এই ওষুধগুলো (বিশেষ করে টাসকান) শুধুমাত্র উপসর্গগুলো কমানোর জন্য। তাই আপনি কিছুটা আরাম বোধ করতে পারেন, তবে তা কেবল সাময়িক। পেটের উপরের মাঝখানে ব্যথা এবং অস্বস্তি সম্ভবত পাকস্থলীর প্রদাহ, পেপটিক আলসার, হেলিকোব্যাক্টার পাইলোরি সংক্রমণসহ পাকস্থলীর সমস্যার কারণে হয়। ব্যথাটি মৃদু হয় এবং সাধারণত খাওয়ার পরে দেখা দেয়। বমি বমি ভাব এবং বমি হতে পারে। যদি ব্যথা পেটের বাম দিকে বেশি হয় এবং পিঠের দিকে ছড়িয়ে পড়ে, তবে পিত্তথলির পাথর এর কারণ হতে পারে। আমি আপনাকে পরামর্শ দিচ্ছি প্রথমে কারণটি খুঁজে বের করুন, তারপর সঠিক চিকিৎসা বেছে নিন। অন্যথায়, ওষুধ রোগ নির্ণয়ে দেরি করাতে পারে। আপনার পেটের আল্ট্রাসাউন্ড এবং গ্যাস্ট্রোস্কোপি করানো উচিত। এই ধরনের উপসর্গের ক্ষেত্রে পাকস্থলীর ক্যান্সার সবসময় বাদ দেওয়া উচিত (গ্যাস্ট্রোস্টমি তা করবে)। ইতিমধ্যে অনুগ্রহ করে চর্বিযুক্ত খাবার, মশলাদার খাবার, ভাজা খাবার এবং কফি এড়িয়ে চলুন। আশা করি এটি সাহায্য করবে। শুভেচ্ছা।"
102720,"হেলো, আপনার বাবার হৃদপিণ্ডের জন্য পেসমেকার বসানো হয়েছিল, এটি একটি ছোট বৈদ্যুতিক যন্ত্র যা হৃদপিণ্ডকে পাম্প করার সংকেত দেয়। আপনার কার্ডিওলজিস্টের পরামর্শ অনুযায়ী এটি নিয়মিত পর্যবেক্ষণ করা হয়। সেই বার্তায় তারা উল্লেখ করেছেন যে কোনো ফেজিং নেই, যার অর্থ ডিভাইসটি কোনো সংকেত তৈরি করছে না। যদি এটি ডিমান্ড পেসমেকার হয়, তবে কোনো সমস্যা নেই কারণ আপনার হৃদপিণ্ড নিজস্ব সংকেত তৈরি করছে। অন্যথায়, আপনার পরামর্শ অনুযায়ী একজন ইলেকট্রোফিজিওলজিস্ট বা কার্ডিওলজিস্টের সাথে পরামর্শ করা প্রয়োজন।"
75144,"আমি আপনার অভিযোগগুলো দেখেছি। দুঃখের সাথে জানাচ্ছি যে, এই ইতিহাস থাকা সত্ত্বেও আপনি এখন গর্ভবতী নাও হতে পারেন। আপনি ইন্টারনেটে এ বিষয়ে পড়েছেন। পিরিয়ড না হওয়া মানেই যে গর্ভাবস্থা হয়েছে, তা নয়। পিরিয়ড মিস হওয়া, স্তনে ব্যথা, বমি বমি ভাব এবং বমি হলে প্রস্রাব বা রক্ত পরীক্ষা (ইউরিন প্রেগন্যান্সি টেস্ট) অথবা আল্ট্রাসনোগ্রাম করিয়ে নিন। প্রথমেই আমি আপনাকে একটি বিষয় জানাতে চাই যে, কেন আপনার প্রতি ৩ মাসে একবার এমন হচ্ছে তা মূল্যায়ন করুন। এর জন্য সম্পূর্ণ পরীক্ষা-নিরীক্ষার প্রয়োজন এবং তারপর আপনার পিরিয়ড নিয়মিত করা জরুরি। এটি করা হলে গর্ভধারণের সম্ভাবনা অবশ্যই বেড়ে যায়। চ্যাট ডাক্তারের সাথে পরামর্শ করুন। ধন্যবাদ। শুভেচ্ছান্তে, বসুন্ধরা।"
400,"হেলো এবং নাসেনিয়া ডকে আপনাকে স্বাগতম। আপনার অনুসন্ধানের জন্য ধন্যবাদ। আমি আপনার উদ্বেগগুলো বুঝতে পারছি এবং আমি আপনাকে যথাসাধ্য সাহায্য করার চেষ্টা করব। বেশিরভাগ কিডনি পাথর প্রাকৃতিকভাবে বেরিয়ে যায় এবং এটি সাধারণত একটি বেদনাদায়ক অভিজ্ঞতা। আপনার ব্যথানাশক ওষুধ এবং ভাইটাল চালিয়ে যাওয়া উচিত। যদি ২৪ ঘণ্টার মধ্যে প্রস্রাব না হয়, তবে আপনার একজন ইউরোলজিস্টের সাথে দেখা করা উচিত এবং ইউরেটারে কোনো বাধা আছে কিনা তা নিশ্চিত করার জন্য পরীক্ষা করা উচিত। এছাড়াও, আপনাকে কয়েক দিন উচ্চ ক্যালসিয়ামযুক্ত এবং উচ্চ প্রোটিনযুক্ত খাবার এড়িয়ে চলতে হবে। যদি জ্বর বা প্রস্রাবে পুঁজ দেখা দেয়, তবে আপনার একজন ডাক্তারের সাথেও দেখা করা উচিত কারণ এটি কিডনি সংক্রমণের ইঙ্গিত হতে পারে। আমি আশা করি আমি আপনার প্রশ্নের উত্তর দিতে পেরেছি। আপনার যদি আরও কোনো প্রশ্ন থাকে তবে আপনি যেকোনো সময় আমাদের সাথে যোগাযোগ করতে পারেন। আন্তরিক শুভেচ্ছা। আপনার সুস্বাস্থ্য কামনা করি।"
15380,"হেলো, পোস্ট করার জন্য আপনাকে ধন্যবাদ। আপনার চিন্তিত হওয়ার প্রয়োজন নেই কারণ আপনার স্বামীর সমস্যার সমাধান আছে। আমার মনে হয় আপনার স্বামী গ্যাস্ট্রিক আলসার এবং বাইলিনিয়ার ডিসঅর্ডারে ভুগছেন। এটি প্রমাণ করার জন্য তার পাকস্থলীর ক্ষতি খুঁজে বের করার জন্য ফাইবার গ্যাস্ট্রোস্টমি করা উচিত, এবং পরবর্তীতে পিত্ত নিঃসরণ দেখার জন্য ডিউডেনাম ও প্যাপিলা পরীক্ষা করা উচিত। এই পদ্ধতির পরে পেটের সিটি স্ক্যান করা যেতে পারে। তার রক্ত পরীক্ষা এবং এরিথ্রোসাইট সেডিমেন্টেশন রেটও প্রয়োজন। এই পুরো সময় আপনার স্বামীকে মশলাদার খাবার, কফি এবং দুধ বাদ দিয়ে অল্প অল্প করে দিনে অনেকবার খেতে হবে। তার উচিত"
103380,"হেলো, নাসেনিয়া ডকে আপনাকে স্বাগতম। আপনার মেডিকেল ইতিহাস দেখে, একজন নেফ্রোলজিস্ট হিসেবে আমি আপনার উদ্বেগ বুঝতে পারছি। আপনার সিকেডি স্টেজ ৩। এর জন্য লবণ নিয়ন্ত্রণ, প্রোটিন গ্রহণ - ০.৬ থেকে ০.৮ গ্রাম/কেজি/দিন, প্রস্রাবের পরিমাণের ওপর ভিত্তি করে জল পান এবং আপনার শারীরিক কার্যকলাপের ওপর ভিত্তি করে ক্যালোরি গ্রহণ করা প্রয়োজন। অনুগ্রহ করে একজন ডায়েটিশিয়ানের পরামর্শ নিন। সিরাম ক্যালসিয়াম, ফসফরাস এবং ইউরিক অ্যাসিডের মাত্রা পরীক্ষা করুন। আপনার নেফ্রোলজিস্টের সাথে পরামর্শ করুন, অথবা উপরের রিপোর্টগুলো নিয়ে আমার সাথেও যোগাযোগ করতে পারেন, আমার মনে হয় এটি আপনার জন্য সহায়ক হবে। শুভকামনা। নিজের যত্ন নেবেন। নাসেনিয়া ডক।"
66040,"হেলো। জরায়ু এবং ডিম্বাশয় স্বাভাবিক। এন্ডোমেট্রিয়াল পুরুত্ব কিছুটা বেশি। এটি নিয়ন্ত্রণের জন্য আপনাকে অবশ্যই একজন স্ত্রীরোগ বিশেষজ্ঞের কাছে যেতে হবে। সাধারণ কর্টিকাল সিস্ট খুব একটা গুরুত্বপূর্ণ নয়, তবে রেনাল আল্ট্রাসাউন্ডের মাধ্যমে এটি নিয়ন্ত্রণ করতে হবে। ৪.১ মিমি ক্যালকুলাস, বিশেষ করে যদি আপনার ঘন ঘন রেনাল কোলিক ব্যথা হয়, তবে তা অপসারণ করতে হবে। রক্ষণশীল চিকিৎসা রয়েছে, এক্সট্রাকর্পোরিয়াল শক ওয়েভ লিথোট্রিপসি (ESL), যা প্রস্রাবের সময় ক্যালকুলাসকে ছোট ছোট টুকরো করে বের করে দেয়। সেই চিকিৎসার মূল্যায়ণ এবং সিদ্ধান্ত নেওয়ার জন্য একজন ইউরোলজিস্টের কাছে যান। আমি আপনার সুস্বাস্থ্য কামনা করি।"
47299,"হেলো, আপনার ঘাড়ের ব্যথার সাথে আঙুলের অসাড়তা এবং অঙ্গের ব্যথা ঘাড়ের সার্ভিকাল মেরুদণ্ডে ডিস্ক প্রোল্যাপসের ইঙ্গিত দেয়। এই স্নায়ুগুলো সি মেরুদণ্ড থেকে হাত পর্যন্ত বিস্তৃত। এর জন্য সি মেরুদণ্ডের একটি এমআরআই (MRI) প্রয়োজন, যা ডিস্কের অবস্থা এবং স্নায়ুর ওপর চাপের প্রমাণ প্রকাশ করবে। ইতিমধ্যে, আপনি ব্যথানাশক (ট্রামাডল / প্যারাসিটামল) এবং সেই সাথে কঙ্কাল পেশী শিথিলকারী ওষুধ সেবন করতে পারেন। আপনার ডাক্তারের পরামর্শ অনুযায়ী গ্যাবাফেন্টিন এবং প্রেগাবালিনের মতো ওষুধেরও প্রয়োজন হতে পারে। এই পদক্ষেপগুলোর পাশাপাশি বিশ্রাম নিন এবং গরম সেঁক দিন। এমআরআই আপনার ডাক্তারকে সিদ্ধান্ত নিতে সাহায্য করবে যে অস্ত্রোপচারের প্রয়োজন আছে কি না বা এই পদ্ধতিগুলো যথেষ্ট কি না। আশা করি আমি আপনার প্রশ্নের উত্তর দিতে পেরেছি। আমি আপনাকে আরও কোনোভাবে সাহায্য করতে পারি কি না তা জানাবেন।"
96545,"হেলো এবং নাসেনিয়া ডককে জিজ্ঞাসা করার জন্য আপনাকে ধন্যবাদ। আমি আপনার ছেলের মেডিকেল হিস্ট্রি পড়েছি এবং তার শারীরিক অবস্থার কথা শুনে আমি দুঃখিত। প্রতিটি ডাক্তার যখন কোনো রোগীকে দেখেন, তখন তাদের সাথে কথা বলা প্রয়োজন, কারণ এর মাধ্যমে আমরা সম্ভাব্য রোগ নির্ণয় সম্পর্কে আরও নির্ভুল হতে পারব। এছাড়া, ব্যথার কারণেই বেশিরভাগ সময় আমরা জরুরি বিভাগে (ER) যাই। যেহেতু আপনার ছেলে যোগাযোগ করতে পারছে না, তাই তার পিত্তথলির পাথর লিভারকে প্রভাবিত করছে কি না, অথবা এটি কোলেসিস্টাইটিস (পিত্তথলির সংক্রমণ) সৃষ্টি করছে কি না, তা বলা অসম্ভব। নিশ্চিত হওয়ার জন্য আমাদের কিছু রক্ত পরীক্ষা করতে হবে এবং একজন সার্জনের সাথে দেখা করতে হবে। পিত্তথলির অবস্থা সম্পর্কে নিশ্চিত হওয়ার এটাই একমাত্র উপায়। ল্যাব পরীক্ষায় শ্বেত রক্তকণিকা (কোলেসিস্টাইটিসে এগুলো বৃদ্ধি পায়), লিভার এনজাইম এবং অগ্ন্যাশয়ের এনজাইম দেখা যাবে। এমনকি পিত্তথলির আল্ট্রাসাউন্ডও এর দেয়াল সম্পর্কে আমাদের অনেক তথ্য দিতে পারে (দেয়াল মোটা হয়ে যাওয়া মানে বেশিরভাগ সময় সংক্রমণ)। ইতিমধ্যে আপনার ছেলের একটি স্বাস্থ্যকর খাদ্যতালিকা মেনে চলা প্রয়োজন। কম চর্বিযুক্ত খাবার। তাজা শাকসবজি ও ফলমূল, চর্বিহীন মাংস, পোল্ট্রি এবং মাছ। আপনার যদি অন্য কোনো প্রশ্ন থাকে, তবে নির্দ্বিধায় আমার সাথে যোগাযোগ করুন। আপনার ছেলের সুস্বাস্থ্য কামনা করছি। নাসেনিয়া ডক।"
54738,"হেলো, কপার টি কোনো হরমোন-ভিত্তিক ডিভাইস নয়, তাই এটি পিরিয়ড দেরিতে হওয়ার কারণ হয় না। হয় ডিভাইসটি ব্যর্থ হয়েছে অথবা এর সাথে সম্পর্কিত কোনো হরমোনের ভারসাম্যহীনতা রয়েছে। যদি আপনার পিরিয়ড এক সপ্তাহের বেশি দেরি হয়, তবে একটি প্রেগন্যান্সি টেস্ট করুন। যদি এটি পজিটিভ হয়, তবে অবিলম্বে আপনার ডাক্তারের সাথে দেখা করুন। যদি এটি নেগেটিভ হয়, তবে আপনার ডাক্তার আপনাকে পিরিয়ড হওয়ার জন্য ওষুধ দিতে পারেন। এছাড়া, পিরিয়ড দেরিতে হওয়ার কারণ অনুসন্ধান করা উচিত।"
103136,"হেলো, ডেইরি, আমি আপনার প্রশ্নটি দেখেছি। আমি আপনার উদ্বেগ বুঝতে পারছি। আপনার ইনগ্রোন হেয়ার, পুঁজ বা কোনো ফোড়া হতে পারে। আপনার একটি কমপ্লিট ব্লাড কাউন্ট (CBC) পরীক্ষা করা উচিত। এছাড়া, আপনার সেফালোস্পোরিন বা অগমেন্টিন-এর মতো অ্যান্টিবায়োটিকের একটি কোর্স নেওয়া উচিত। আপনার ডাক্তারের সাথে পরামর্শ করুন এবং সেই অনুযায়ী চিকিৎসা নিন। আশা করি আমি আপনার প্রশ্নের উত্তর দিতে পেরেছি, যদি আপনার কোনো সন্দেহ থাকে তবে আমি উত্তর দিতে পেরে খুশি হব। নাসেনিয়া ডক ব্যবহার করার জন্য ধন্যবাদ। আপনার সুস্বাস্থ্য কামনা করি।"
20362,"হেলো। অনুসন্ধানের জন্য ধন্যবাদ। হ্যাঁ, এটি মাড়ির ফোড়া বা দাঁতের মাড়ির ফোড়া হতে পারে যা সংক্রমিত নয়। তবে যদি দাঁতে টোকা দিলেও ব্যথা হয়, তবে পেরিঅ্যাপিক্যাল সংক্রমণের কারণে ডেন্টাল অ্যাবসেস হওয়ার সম্ভাবনা থাকে। তাই প্রথমে দাঁতটি দাঁত নাকি মাড়ির ফোড়া তা পরীক্ষা করার জন্য একটি এক্স-রে করান। যদি এটি দাঁতের সাথে সম্পর্কিত হয় তবে রুট ক্যানেল চিকিৎসা করতে হবে। যদি এটি মাড়ির ফোড়া হয় তবে ডিপ স্কেলিং, অ্যান্টিবায়োটিক এবং গাম পেইন্ট ম্যাসাজ সাহায্য করতে পারে। আশা করি এটি সাহায্য করবে। শুভেচ্ছা।"
25318,"হেলো। নাসেনিয়া ডকে লেখার জন্য ধন্যবাদ। আমি আপনার প্রশ্নটি পড়েছি এবং খুব ভালোভাবে বুঝতে পেরেছি। আমি আপনাকে সাহায্য করার জন্য আমার সর্বোচ্চ চেষ্টা করছি। যেহেতু আপনার সাইনাস, মাথা ঘোরা এবং ভার্টিগোর সমস্যা রয়েছে, তাই আমি আপনাকে দিনে দুবার ট্যাব ডায়াটোনিক ডিসিএ (Tab. Diatonic DCA) সেবনের পরামর্শ দিচ্ছি। এছাড়াও ভার্টিগোর জন্য দিনে দুবার ট্যাব ভার্মিন ৪ মিগ্রা (Tab. Vermin 4 mg) সেবন করুন। আপনার কুঁচকির অংশে ব্যথা আছে, এটি এর সাথে সম্পর্কিত নয়। যদি উপসর্গের উন্নতি না হয়, তবে একজন ভালো ইএনটি (কান, নাক, গলা) সার্জনের সাথে পরামর্শ করুন। আশা করি আমার পরামর্শ আপনাকে অনেক সাহায্য করবে। ধন্যবাদ এবং শুভেচ্ছা। নাসেনিয়া ডক।"
100278,"আপনার অনুসন্ধানের জন্য ধন্যবাদ, আমি আপনার অনুসন্ধানটি দেখেছি। দাঁতের গোড়ায় জমে থাকা ময়লার কারণে মাড়িতে সংক্রমণের ফলে পকেট তৈরি হতে পারে, যার ফলে মাড়িতে ব্যথা হতে পারে। ভাঙা ফিলিংয়ের কাছাকাছি মাড়ি ফুলে যাওয়ার কারণ হতে পারে খাবারের কণা জমে মাড়ি ফুলে যাওয়া। একজন ওরাল ফিজিশিয়ানের সাথে পরামর্শ করুন এবং এটি পরীক্ষা করান, ওরাল প্রফিল্যাক্সিস (স্কেলিং এবং রুট প্ল্যানিং) করান। আপনার ভাঙা ফিলিংটিও সারিয়ে নেওয়া উচিত। দিনে দুবার দাঁত ব্রাশ করে মুখের ভালো স্বাস্থ্যবিধি বজায় রাখুন। লবণ-পানি দিয়ে কুলকুচি করুন। আমি যদি আপনার চিকিৎসক হতাম, তবে ইতিমধ্যে আমি আপনাকে প্রথম দিন দিনে দুবার এবং পরবর্তী চার দিন দিনে একবার ডক্সিসাইক্লিন ১০০ ট্যাবলেট খাওয়ার পরামর্শ দিতাম (যদি আপনার কোনো অ্যালার্জি না থাকে)। আশা করি আমার উত্তরটি আপনাকে সাহায্য করবে, ভালো থাকবেন।"
23479,"হেলো, আমি আপনার কেসটি পর্যালোচনা করেছি। আমার মনে হয় এটি সম্ভবত গোড়ালির ভেতরে রক্ত জমা হওয়া। একে হেমাটোমা বলা হয়। এটি শীঘ্রই মিলিয়ে যাবে। আমি আপনাকে গরম পানির সেঁক, অ্যান্টিবায়োটিক এবং এনএসএআইডি (NSAID) শুরু করার পরামর্শ দেব। আমি আপনাকে কমপ্রেশন ব্যান্ডেজ ব্যবহার করারও পরামর্শ দিচ্ছি। এছাড়া, আশা করি এই উত্তরটি আপনার জন্য সহায়ক হবে। আপনার যদি আরও কোনো প্রশ্ন থাকে তবে আমাকে জানাবেন। ধন্যবাদ।"
75132,"নাসেনিয়া ডকে আপনার প্রশ্নের জন্য ধন্যবাদ। আমি আপনার উদ্বেগ বুঝতে পারছি। হ্যাঁ, এই চেপে ধরা ধরনের ব্যথা নিয়ে আপনার অবশ্যই উদ্বিগ্ন হওয়া উচিত। যেহেতু আপনার ইতিমধ্যে এমআই (মায়োকার্ডিয়াল ইস্কেমিয়া) হয়েছে, তাই হৃদরোগের সম্ভাবনা বেশি। তাই অবিলম্বে একজন ডাক্তারের সাথে পরামর্শ করুন এবং হৃদরোগের সম্ভাবনা বাদ দেওয়ার জন্য ইসিজি, টু-ডি ইকো এবং স্ট্রেস টেস্ট (ট্রেডমিল টেস্ট) করান। যদি এই সমস্ত রিপোর্ট স্বাভাবিক থাকে, তবে জিইআরডি (গ্যাস্ট্রোইসোফেজিয়াল রিফ্লাক্স ডিজিজ) এর কারণ হতে পারে। এটি গ্যাস্ট্রোইসোফেজিয়াল স্ফিংটারের শিথিলতার কারণে হয়। এর ফলে পাকস্থলীর অ্যাসিড খাদ্যনালীতে উঠে আসে এবং মাঝখানে চেপে ধরা ধরনের ব্যথার সৃষ্টি করে। তাই প্রোটন পাম্প ইনহিবিটর এবং প্রোকেিনেটিক ওষুধ গ্রহণ করুন। গরম এবং মশলাদার খাবার এড়িয়ে চলুন। চিন্তা করবেন না, আপনি সুস্থ হয়ে উঠবেন, তবে প্রথমে হৃদরোগজনিত বুকের ব্যথা আছে কিনা তা নিশ্চিত করুন। আশা করি আমি আপনার প্রশ্নের সমাধান করতে পেরেছি। আপনাকে আরও সাহায্য করতে পারলে আমি খুশি হব। আপনার সুস্বাস্থ্য কামনা করি। ধন্যবাদ।"
88532,"হেলো, প্রিয়। আমি আপনার প্রশ্নটি দেখেছি। আমি আপনার উদ্বেগ বুঝতে পারছি। আপনার প্লীহা বড় হয়ে গেছে। এটি আপনার সংক্রমণের কারণে হতে পারে। আপনি সঠিক পথেই এগোচ্ছেন। শুধুমাত্র প্লীহার আকার এবং রক্ত পরীক্ষা পর্যবেক্ষণ করাই যথেষ্ট। যদি আপনি সুস্থ না হন, তবে আপনার বোন ম্যারো পরীক্ষা করানো উচিত। আশা করি আমি আপনার প্রশ্নের উত্তর দিতে পেরেছি, যদি আপনার কোনো সন্দেহ থাকে তবে আমি উত্তর দিতে পেরে খুশি হব। নাসেনিয়া ডক ব্যবহার করার জন্য ধন্যবাদ। আপনার সুস্বাস্থ্য কামনা করি।"
87184,হেলো! নাসেনিয়া ডকে আপনাকে স্বাগতম! আমি আপনার প্রশ্নটি মনোযোগ সহকারে দেখেছি এবং বলতে চাই যে আপনার উপসর্গগুলো কোনো হৃদরোগের সাথে সম্পর্কিত বলে মনে হচ্ছে না। আপনার করা কার্ডিয়াক পরীক্ষা এবং রক্ত পরীক্ষাও এই বিষয়টি নিশ্চিত করতে পারে। এই পুরো ক্লিনিকাল পরিস্থিতিতে উদ্বেগ একটি গুরুত্বপূর্ণ ভূমিকা পালন করতে পারে। আমি আপনাকে এই বিষয়টির দিকে মনোযোগ দেওয়ার পরামর্শ দেব। একটি অ্যান্টিডিপ্রেসেন্ট সহায়ক হতে পারে। আপনার এই বিষয়ে আপনার ডাক্তারের সাথে আলোচনা করা উচিত। আশা করি আমি সাহায্য করতে পেরেছি! শুভেচ্ছা!
78357,"আপনার উদ্বেগগুলো আমি বুঝতে পেরেছি এবং আপনার বিস্তারিত তথ্যগুলো দেখেছি। আমি আপনাকে পরামর্শ দিচ্ছি যে খুব বেশি চিন্তা করবেন না। না, আপনি কোনো ভুল করেননি। আপনি কেবল আপনার জন্য উদ্বিগ্ন হয়ে পড়ছেন। আপনার জানা উচিত যে এই সমস্যাগুলো মানসিক রোগ নয়, বরং মানসিক ব্যাধি। অনেক গবেষণা এবং গবেষক নিশ্চিত করেছেন যে শুধুমাত্র ওষুধ মানসিক ব্যাধি নিরাময় করতে পারে না। জীবনযাত্রার পরিবর্তন, চিন্তাধারার পরিবর্তন, শিথিলকরণ ইত্যাদি ওষুধের মতোই অপরিহার্য। সাইকোথেরাপি আপনাকে আপনার জীবনযাত্রা এবং চিন্তাধারার পরিবর্তন করতে সাহায্য করতে পারে। যোগব্যায়াম এবং ধ্যান আপনার বিপাক এবং স্নায়বিক ভারসাম্য ঠিক রাখতে সাহায্য করে। আরও তথ্যের জন্য অনুগ্রহ করে একজন মনোবিজ্ঞানীর সাথে পরামর্শ করুন। সাইকোথেরাপির কৌশলগুলো আপনার প্রয়োজনের সাথে সামঞ্জস্যপূর্ণ হওয়া উচিত। এই বিষয়ে যদি আপনার আমার আরও সাহায্যের প্রয়োজন হয়, তবে অনুগ্রহ করে এই ইউআরএল-এ আমাকে সরাসরি প্রশ্ন করুন। http"
52213,"আপনার অনুসন্ধানের জন্য ধন্যবাদ, আমি আপনার অনুসন্ধানটি দেখেছি। আপনি যে দাঁতের ব্যথার কথা বর্ণনা করছেন তা পালপাইটিস থেকে উদ্ভূত বলে মনে হচ্ছে, পালপাইটিসের ক্ষেত্রে আপনি যখন ঘুমান বা শুয়ে থাকেন, তখন দাঁতের ভেতরের চাপ বেড়ে যাওয়ার কারণে তীব্র তীক্ষ্ণ, সুঁই ফোটানোর মতো ব্যথা হয়। একজন ডেন্টাল সার্জনের সাথে পরামর্শ করুন এবং রুট ক্যানেল চিকিৎসার মাধ্যমে দাঁতটি পুনরুদ্ধার করে ক্রাউন করিয়ে নিন। ইতিমধ্যে, আমি যদি আপনার চিকিৎসাকারী ডাক্তার হতাম, তবে আমি আপনাকে ক্রোনিনের পরিবর্তে ৫ দিনের জন্য অ্যামোক্সিসিলিন ৫০০ মিগ্রা এবং মেট্রোনিডাজল ৪০০ মিগ্রা দিনে তিনবার (যদি আপনার অ্যালার্জি না থাকে) অ্যান্টিবায়োটিক এবং ৩ দিনের জন্য ডাইক্লোফেনাক ৫০ মিগ্রা দিনে দুবার (BID) এর মতো সিস্টেমিক ব্যথানাশক ওষুধ সেবনের পরামর্শ দিতাম। যত দ্রুত সম্ভব দাঁতের চিকিৎসা করানোর চেষ্টা করুন। আশা করি আমার উত্তরটি আপনাকে সাহায্য করবে, ভালো থাকবেন।"
96423,"হেলো, নাসেনিয়া ডকে জিজ্ঞাসা করার জন্য আপনাকে ধন্যবাদ। আমি আপনার ইতিহাস দেখেছি এবং আপনার জন্য নিম্নলিখিত পরামর্শগুলো দিতে চাই।"
60994,"হেলো, আপনি যে লক্ষণগুলোর কথা উল্লেখ করেছেন তা পেনিসিলিনের সাথে সম্পর্কিত হওয়ার সম্ভাবনা কম, কারণ আপনি আগে থেকেই কোনো সমস্যার জন্য ক্লোমিড (Closed) নিচ্ছিলেন এবং ক্র্যাম্প ও স্পটিং একই সমস্যার সাথে সম্পর্কিত হতে পারে। যদিও যদি লক্ষণগুলো শুধুমাত্র পেনিসিলিন নেওয়ার পরেই শুরু হয়ে থাকে, তবে আমি আপনাকে আপনার ডাক্তারের সাথে দেখা করার পরামর্শ দিচ্ছি। ততক্ষণ পর্যন্ত ওষুধ খাওয়া বন্ধ রাখুন এবং আপনার বর্তমান ডাক্তারের কাছ থেকে চিকিৎসা সংক্রান্ত পরামর্শ নিন। যদি তিনি আপনাকে ওষুধ চালিয়ে যেতে বলেন, তবে আতঙ্কিত হওয়ার কোনো কারণ নেই কারণ তিনি আপনার সমস্ত মেডিকেল ইতিহাস জানেন। আশা করি আমি আপনার প্রশ্নের উত্তর দিতে পেরেছি। আমি আপনাকে আরও কোনোভাবে সাহায্য করতে পারি কিনা তা জানাবেন। ভালো থাকবেন।"
58819,"পাকস্থলীর ক্যান্সার ফুসফুসে ছড়িয়ে পড়ার ফলে ফুসফুস অকেজো হয়ে যাওয়া এবং রোগটি এমন পর্যায়ে পৌঁছেছে যে রোগীর ভেতরে রক্তক্ষরণ হচ্ছে ও কালো পায়খানা হচ্ছে, যার পূর্বাভাস খুবই খারাপ। বেঁচে থাকার সম্ভাবনা সীমিত। সঠিক সময়সীমা বলা কঠিন। চিকিৎসকরা আপনাকে আরও ভালো মতামত দিতে পারবেন, কারণ ল্যাব রিপোর্ট, অক্সিজেনের ওপর নির্ভরশীলতা, সংক্রমণ ইত্যাদির মতো অন্যান্য বিষয়গুলোও বিবেচনায় নেওয়া প্রয়োজন।"
46377,"হেলো! আমি আপনার প্রশ্নটি পড়েছি এবং আমি বুঝতে পারছি যে আপনি এসিটালোপ্রাম ওষুধটি নিয়ে সমস্যায় ভুগছেন। বাজারে এসিটালোপ্রাম লবণ অনেক নামে পাওয়া যায়, যার মধ্যে একটি হলো লার্ন। আপনাকে জানানো হয়েছে যে উভয়ই একই, যা সঠিক, কারণ লার্নে শুধুমাত্র এসিটালোপ্রাম থাকে। এসিটালোপ্রাম হলো চ্যাট ডাক্তারের সক্রিয় উপাদান। আমার মনে হয় সমস্যাটি কোম্পানির সাথে সম্পর্কিত। একটি ভালো কোম্পানি এসিটালোপ্রাম কাঙ্ক্ষিত ফলাফল দেবে, যা অন্য কোনো ব্র্যান্ডে পরিবর্তন করলে দেখা নাও যেতে পারে। কখনও কখনও কিছু কোম্পানি ভালো মানের কাঁচা উপাদান ব্যবহার করে না বা সস্তা পণ্য ব্যবহার করতে পারে, যার ফলে রোগীর ওপর কোনো প্রভাব পড়ে না অথবা কিছু অনাকাঙ্ক্ষিত পার্শ্বপ্রতিক্রিয়া হতে পারে। তাই, আপনার এসসিটালোপ্রামের ব্র্যান্ডটি দেখুন এবং দেখুন আপনার রোগী এটি ব্যবহারে ভালো ছিলেন কিনা এবং তার সমস্যার অন্য কোনো কারণ আছে কিনা। আশা করি উত্তরটি সহায়ক হবে, আরও প্রশ্ন থাকলে নির্দ্বিধায় জিজ্ঞাসা করুন।"
93850,"হেলো! এখানে পোস্ট করার জন্য আপনাকে ধন্যবাদ। দাঁতের ব্যথা ঘাড়, মুখ, মাথা এবং ঘাড় পর্যন্ত ছড়িয়ে পড়তে পারে। আতঙ্কিত হবেন না। সংক্রমিত দাঁতের চিকিৎসা করা হলে এটি কমে যাবে। সংক্রমিত দাঁতে একটি এক্স-রে করান। সংক্রমণ কমাতে অ্যামোক্সিসিলিন ৫০০ এবং মেট্রোনিডাজল সেবন করুন। তবে, সংক্রমণ পুরোপুরি নির্মূল করার জন্য সংক্রমিত দাঁত তুলে ফেলা বা রুট ক্যানেলের মতো চিকিৎসার প্রয়োজন। আমি আপনাকে পরামর্শ দিচ্ছি যে সংক্রমণের আরও অবনতি রোধ করতে অবিলম্বে চিকিৎসা করান। ৩ দিনের জন্য রিটুল ১০ মিগ্রা ডি.টি (D.T) সেবন করুন। এটি আপনার ব্যথা কমিয়ে দেবে। এক গ্লাস পানিতে এটি মিশিয়ে পান করুন এবং ডাক্তারের সাথে কথা বলুন। এটি হাইপোথাইরয়েডিজমের সাথে সম্পর্কিত হতে পারে না। শুভেচ্ছা।"
95147,"হেলো, আপনার লক্ষণগুলো হৃদপিণ্ডের সাথে সম্পর্কিত বলে মনে হচ্ছে না, বরং প্যানিক অ্যাটাকের সাথে সম্পর্কিত। আপনার জানা উচিত যে প্যানিক অ্যাটাক এই সমস্ত ক্লিনিকাল পরিস্থিতির অনুকরণ করতে পারে। এই কারণে, আমি আপনাকে এই ক্ষেত্রের একজন বিশেষজ্ঞের (সাইকিয়াট্রিস্ট, সাইকোথেরাপিস্ট) সাথে পরামর্শ করার পরামর্শ দেব, যা আপনার পরিস্থিতির উন্নতিতে সাহায্য করবে। ইতিমধ্যে, আমি যোগব্যায়াম এবং ধ্যান অনুশীলন করার পরামর্শ দেব। ক্যাফেইন এবং অ্যালকোহল গ্রহণ এড়িয়ে চলাও গুরুত্বপূর্ণ। আশা করি আমি আপনার প্রশ্নের উত্তর দিতে পেরেছি। আমি আপনাকে আরও সাহায্য করতে পারি কিনা তা আমাকে জানান। ভালো থাকবেন, নাসেনিয়া ডক।"
80247,"হেলো! আপনার প্রশ্নের জন্য ধন্যবাদ! আমি প্রথমে সিবিসি (CBC) পরীক্ষা করার পরামর্শ দেব, যাতে মূলত আরবিসি (RBC) এবং হিমোগ্লোবিনের মাত্রা দেখা যায়। আপনি কি অন্য কোনো রোগে ভুগছেন, সম্প্রতি কি আপনার কোনো মানসিক চাপ ছিল? চুল পড়া রোধ করতে আপনি শুধুমাত্র ট্রেইল সাপ্লিমেন্ট ব্যবহার করতে পারেন, যা শুধুমাত্র মনোপ্লেন (Monoplane) শ্যাম্পুর সাথে ব্যবহার করা যেতে পারে। যদি আপনার রক্তাল্পতা থাকে, তবে আপনি ফলিক অ্যাসিড এবং ফেরাস অ্যাসারবেট (Ration) সাপ্লিমেন্ট ব্যবহার করতে পারেন। আপনার জন্য শুভকামনা রইল! কোনো কিছু অস্পষ্ট থাকলে অনুগ্রহ করে আমার সাথে যোগাযোগ করুন!"
6253,"হেলো... চেন্নাই থেকে শুভেচ্ছা। হেলো... নাসেনিয়া ডকে পরামর্শের জন্য আপনাকে ধন্যবাদ। মনে হচ্ছে আপনার শিশুর ভাইরাল ডায়রিয়া হয়েছে। একবার শুরু হলে এটি পুরোপুরি সেরে উঠতে ৫-৭ দিন সময় লাগবে। যদি না শিশুর প্রস্রাব কমে যায়, খুব নিস্তেজ বা অতিরিক্ত ঘুম পায়, মলত্যাগের সাথে রক্ত যায় বা সবুজ পিত্তযুক্ত বমি হয়... তবে আপনার চিন্তার কিছু নেই। মলের সাথে রক্ত না থাকলে অ্যান্টিবায়োটিক ব্যবহারের প্রয়োজন নেই। অপ্রয়োজনে অ্যান্টিবায়োটিক ব্যবহার করলে তা অ্যান্টিবায়োটিক-জনিত ডায়রিয়া ঘটিয়ে পরিস্থিতি আরও খারাপ করতে পারে। আমি আপনাকে জিঙ্ক সাপ্লিমেন্ট (জেড অ্যান্ড ডি নাসেনিয়া ডক) ব্যবহার করার পরামর্শ দিচ্ছি।"
61385,"হেলো, আমি আপনার ইতিহাস পড়েছি। আপনার লিভার এনজাইম সামান্য বেশি, এগুলো ফ্যাটি লিভারের সাথে সম্পর্কিত হতে পারে। আমি আপনাকে হেপাটাইটিস বি এবং হেপাটাইটিস সি-এর জন্য পরীক্ষা করানোর পরামর্শ দেব। যদি উপরের পরীক্ষাগুলো নেতিবাচক হয়, তবে আমি আপনাকে আপনার খাদ্যাভ্যাস মেনে চলতে এবং ডায়াবেটিস নিয়ন্ত্রণে রাখার পরামর্শ দেব। এছাড়া, প্রতিদিন ২০ থেকে ৪০ মিনিট নিয়মিত ব্যায়াম করার পরামর্শ দিচ্ছি। আমি আপনাকে ৩ মাস পর পুনরায় ইনজেকশন এবং এসজিপিটি (SGPT) নেওয়ার পরামর্শ দেব, যদি তা বেশি থাকে তবে আরও পরীক্ষা করতে হবে। একজন গ্যাস্ট্রোএন্টারোলজিস্টের সাথে পরামর্শ করুন, যিনি আপনাকে পরবর্তী নির্দেশনা দেবেন। আশা করি এটি সাহায্য করবে। শুভেচ্ছা, নাসেনিয়া ডক।"
103918,"এটি অ্যালার্জি, এবং আপনাকে অ্যালার্জির কারণের সাথে মিলিয়ে দেখতে হবে। যেকোনো কিছুই অ্যালার্জির কারণ হতে পারে, যেমন বেত, সাবান, শ্যাম্পু, ক্রিম, শরীরে ব্যবহারের সামগ্রী, অন্যান্য অসুস্থতার ওষুধ। ওষুধ দিয়ে এটি সেরে উঠতে ৩-৪ সপ্তাহ সময় লাগতে পারে। শুরুতে এটি এভাবে আচরণ করতে পারে, তাই স্টেরয়েড বন্ধ করে অল্প সময়ের জন্য স্টেরয়েড ব্যবহার করুন। ৩-৪ সপ্তাহের জন্য অ্যান্টি-অ্যালার্জিক মলম এবং ট্যাবলেট যোগ করুন। প্রচুর পরিমাণে উষ্ণ জল পান করুন এবং ৩-৪ সপ্তাহের জন্য কম প্রোটিনযুক্ত খাবার খান।"
26574,"হেলো, আমি আপনার প্রশ্নটি মনোযোগ সহকারে পড়েছি এবং এটি ব্যাখ্যা করতে চাই যে উদ্বেগ হাইপারভেন্টিলেশনের দিকে পরিচালিত করে এই পুরো ক্লিনিকাল পরিস্থিতির সূত্রপাত ঘটাতে পারে। যাই হোক, আমি এই ক্লিনিকাল পরিস্থিতির কারণ হতে পারে এমন অন্যান্য সম্ভাব্য কারণগুলো অনুসন্ধান করার জন্য আরও কিছু পরীক্ষা করার পরামর্শ দেব।"
50265,"হেলো প্রিয়, আপনার প্রশ্নের জন্য ধন্যবাদ। আপনি আমেরিকান রেড ক্রস ব্লাড নাসেনিয়া ডকে রক্তদান করতে অস্বীকার করেছিলেন। ১ গ্রাম/ডেসিলিটার। হ্যাঁ, এটি রক্তদানের স্ট্যান্ডার্ড লেভেলের চেয়ে কম, অর্থাৎ ১২.৫ গ্রাম/ডেসিলিটার। হ্যাঁ, আপনার ঘন ঘন নাক দিয়ে রক্ত পড়া এবং সেই সাথে রক্ত শেষ হয়ে যাওয়ার প্রবণতা কম হিমোগ্লোবিন কম হওয়ার কারণ হতে পারে। রক্তাল্পতার ধরন জানার জন্য আপনার পেরিফেরাল ব্লাড ফিল্ম পরীক্ষা করুন, যাকে পিবিএফ (PBF) বলা হয়, যাতে সেই অনুযায়ী চিকিৎসা করা যায়।"
96771,"শুভ দিন, এবং নাসেনিয়া ডকের সাথে থাকার জন্য আপনাকে ধন্যবাদ! এটি সম্পূর্ণভাবে কিডনিতে পাথরের আকার এবং অবস্থানের উপর নির্ভর করবে। যদি এটি ৪ মিমি-এর চেয়ে ছোট হয়, তবে আপনার মা প্রতিদিন ২ লিটার তরল পান এবং আলফা-ব্লকার (যেমন ট্যামসুলোসিন আলফুসোজিন) সেবনের মাধ্যমে পাথরটি প্রাকৃতিকভাবে বের করে দিতে পারেন। ৪ মিমি-এর চেয়ে ছোট পাথরের প্রাকৃতিকভাবে বেরিয়ে আসার সম্ভাবনা ৮০-৯০%। যদি পাথরগুলো বড় হয়, তবে বিকল্পগুলোর মধ্যে রয়েছে কিডনির পাথর ভাঙার জন্য ইএসএল (শকওয়েভ থেরাপি) এবং ইউরেটেরোস্কোপি (পাথর অপসারণের জন্য প্রস্রাবের মুখে একটি ছোট ছিদ্র প্রবেশ করানো)। পরবর্তী পদক্ষেপ নির্ধারণের জন্য পাথরের আকার এবং অবস্থান দেখার জন্য একটি সিটি সোনোগ্রাম প্রয়োজন হবে। আমি আশা করি আপনি যে তথ্য খুঁজছিলেন তা আমি দিতে পেরেছি। আরও কোনো স্পষ্টীকরণের জন্য নির্দ্বিধায় আমাকে আবার লিখুন।"
33653,"নাসেনিয়া ডকে আপনার প্রশ্নের জন্য ধন্যবাদ। আমি আপনার উদ্বেগ বুঝতে পারছি। হ্যাঁ, গাঁজা সেবন বারবার পালমোনারি এমবোলিজমের ঝুঁকি বাড়িয়ে দেয়। আসলে যেকোনো ধরনের ধোঁয়া শরীরের জন্য ক্ষতিকর। ধোঁয়া প্রদাহ এবং ভাস্কুলাইটিস সৃষ্টি করে। এই ভাস্কুলাইটিস থার্মোজেনিক পদার্থ তৈরি করে। এই পদার্থগুলো ইতিমধ্যে ক্ষতিগ্রস্ত পালমোনারি রক্তনালীগুলোর ক্ষতি করে থ্রম্বাস এবং এমবোলিজম তৈরি করে। তাই আপনার স্বামী যদি ধূমপান চালিয়ে যান, তবে বারবার পালমোনারি এমবোলিজম হওয়ার সম্ভাবনা বেশি থাকে। তাই তাকে এ বিষয়ে পরামর্শ দেওয়া ভালো। আপনি তাকে একটি ডি-অ্যাডিকশন সেন্টারে ভর্তি করতে পারেন যেখানে কাউন্সেলিংয়ের জন্য পরামর্শদাতা রয়েছেন। আশা করি আমি আপনার প্রশ্নের সমাধান করতে পেরেছি। আপনাকে আরও সাহায্য করতে পারলে আমি খুশি হব। আপনার স্বামীর সুস্বাস্থ্য কামনা করছি। ধন্যবাদ।"
112088,"হেলো, পিরিয়ডের তারিখের ঠিক কয়েক দিন আগে পুলড আউট পদ্ধতিতে অনিরাপদ যৌন মিলন অত্যন্ত নিরাপদ। এছাড়া, তিনি ২৬-২৭ ঘণ্টার মধ্যে আই-পিল (I-pill) গ্রহণ করেছেন যা ৮৫%-এর বেশি সুরক্ষা দেয়। এখানে গর্ভধারণের সম্ভাবনা অত্যন্ত বিরল। উপরের ক্লিনিকাল লক্ষণগুলো মূলত আই-পিলের পার্শ্বপ্রতিক্রিয়া বা প্রি-মেনস্ট্রুয়াল লক্ষণের কারণে হতে পারে। তবে, হরমোনের ভারসাম্যহীনতা এবং মানসিক চাপের কারণে পিরিয়ড ১-২ সপ্তাহ দেরি হতে পারে। তাকে পিরিয়ডের জন্য অপেক্ষা করতে হবে। ইতিমধ্যে, তিনি সুষম খাবার গ্রহণ করবেন, নাসেনিয়া ডক।"
48931,"হেলো, আমি আপনার কেসটি পর্যালোচনা করেছি। আপনার হাঁটুর অস্টিওআর্থ্রাইটিসের জন্য ভিসকোসাপ্লিমেন্টেশন।"
24763,"হেলো, প্রিয়, নাসেনিয়া ডক ভার্চুয়াল ক্লিনিকে আপনার জিজ্ঞাসার জন্য ধন্যবাদ। আপনার দেওয়া তথ্যের ভিত্তিতে আমি আপনার জিজ্ঞাসাটি পর্যালোচনা করেছি। আমি আপনার স্বাস্থ্য সংক্রান্ত উদ্বেগগুলো বুঝতে পেরেছি। ব্যথাহীন পায়ুপথের পিণ্ডের কারণ - আপনার দেওয়া তথ্য অনুযায়ী, আপনার পায়ুপথের ১ সেমি উপরে সেবাসিয়াস সিস্ট বা এপিডার্মিস সিস্ট হয়েছে বলে মনে হচ্ছে, যা পায়ুপথের ত্বকে অবস্থিত। আমি প্রয়োজনে এফএনএসি (FNAC) বায়োপসির পর এক্সিশন বায়োপসি করার পরামর্শ দেব, যাতে এটি ক্যান্সার কি না তা নিশ্চিত হওয়া যায়, যদিও আপনার ক্ষেত্রে এটি ক্যান্সার হওয়ার সম্ভাবনা খুবই কম। এফএনএসি বায়োপসি এবং এইচপিআর (HPR) রিপোর্ট নিশ্চিত না হওয়া পর্যন্ত আপনার পায়ুপথের পিণ্ডটি ক্যান্সার কি না তা নিয়ে চিন্তা করবেন না। আপনার ক্ষেত্রে নিজে নিজে চিকিৎসা বা ওষুধ সেবন করবেন না, কারণ এতে জটিলতা বাড়তে পারে। আশা করি এই উত্তরটি আপনার জিজ্ঞাসার সমাধান করবে এবং আপনার ডাক্তারের সাথে চিকিৎসার পরিকল্পনা করতে সাহায্য করবে। আশা করি এটি আপনার স্বাস্থ্য সংক্রান্ত উদ্বেগ দূর করবে। চূড়ান্ত পরামর্শ দেওয়ার আগে এ বিষয়ে আরও কোনো জিজ্ঞাসা থাকলে স্বাগত। আপনার দ্রুত আরোগ্য কামনা করছি। দিনটি ভালো কাটুক। নাসেনিয়া ডক। এন. সিনিয়র সার্জিক্যাল স্পেশালিস্ট।"
106947,"হেলো! শুভ সকাল। আমি নাসেনিয়া ডক, আপনার প্রশ্নের উত্তর দিচ্ছি। আমি যদি আপনার ডাক্তার হতাম, তবে ইউরেটারিক ক্যালকুলাস বা মূত্রনালীর পাথর আছে কিনা তা নিশ্চিত করার জন্য আমি আপনাকে পেটের আল্ট্রাসাউন্ড করার পরামর্শ দিতাম, যা এই তীব্র ব্যথার কারণ হতে পারে, অথবা পেটের ভেতরের অন্য কোনো সমস্যাও হতে পারে। রিপোর্ট না আসা পর্যন্ত, আমি আপনাকে কিছু অ্যান্টি-ইনফ্ল্যামেটরি ওষুধ সেবনের পরামর্শ দিতাম। আমি আশা করি এই তথ্যটি আপনার সমস্যার পরবর্তী ব্যবস্থাপনার বিষয়ে আপনার পারিবারিক চিকিৎসক বা আপনার চিকিৎসা প্রদানকারী ডাক্তারের সাথে আলোচনা করতে সাহায্য করবে। কোনো সন্দেহ থাকলে নির্দ্বিধায় জিজ্ঞাসা করবেন। আপনার স্বাস্থ্য সমস্যার বিষয়ে সন্দেহ দূর করতে নাসেনিয়া ডককে বেছে নেওয়ার জন্য ধন্যবাদ। আমি আপনার দ্রুত আরোগ্য কামনা করি। নাসেনিয়া ডক।"
74799,"হেলো, আমি আপনার প্রশ্নটি দেখেছি এবং আপনার উদ্বেগ বুঝতে পেরেছি। আমার মনে হয় আপনি বিনাইন প্যারোক্সিসমাল পজিশনাল ভার্টিগোর সম্মুখীন হচ্ছেন। এই পরিস্থিতিটি ভেস্টিবুলার নার্ভের ভাইরাল সংক্রমণের মতো নয়, বরং এটি দীর্ঘস্থায়ী হয় এবং বারবার ফিরে আসে। এই কারণেই আপনার জিপি আপনাকে বিটাহিস্টিন প্রেসক্রাইব করেছেন। আপনি একজন নিউরোলজিস্টের কাছে এলা ম্যানুভার পরীক্ষা করাতে পারেন, যা মাথা ঘোরা কমাতে সাহায্য করবে। যদি এতে কাজ না হয় এবং সাধারণ ফ্রিকোয়েন্সি (১০ মাসে ৩ বার) না থাকে, তবে আমি একটি এমআরআই করার পরামর্শ দেব, যা বিপিভি নির্ণয়ের পরিবর্তে অন্যান্য কারণগুলো (ভেস্টিবুলার নার্ভের ভাইরাল সংক্রমণসহ) বাদ দেবে। বিটাহিস্টিনের বেশ কিছু পার্শ্বপ্রতিক্রিয়া রয়েছে। তবে কিছু প্রতিবেদনে বিবিভিপির ওপর উপকারী প্রভাব দেখা গেছে। তাই এটি পুরোপুরি নিরাপদ নয়, তবে আপনার যদি নিশ্চিতভাবে বিবিভিপি থাকে, তবে আমি এই চিকিৎসা চালিয়ে যাওয়ার পরামর্শ দেব। আপনার সুস্বাস্থ্য কামনা করছি, আরও কোনো প্রশ্ন থাকলে নির্দ্বিধায় জিজ্ঞাসা করুন।"
23896,"হেলো, আপনার মেডিকেল সংক্রান্ত প্রশ্নটি দেখার পর আমি আপনার উদ্বেগ বুঝতে পেরেছি এবং আপনাকে জানাতে চাই যে সম্ভবত আপনার কার্ডিয়াক অ্যারিথমিয়া হয়েছে, যা কোনো অনাকাঙ্ক্ষিত হৃদরোগের ঘটনা এড়াতে মূল্যায়ন করা প্রয়োজন। আপনার জন্য ইসিজি (ECG), ইকোকার্ডিওগ্রাফি (Echocardiography) এবং হোল্টার টেস্ট (Holter test) সহ একটি প্রাথমিক কার্ডিয়াক মূল্যায়ন করিয়ে পরবর্তী চিকিৎসার জন্য একজন হৃদরোগ বিশেষজ্ঞের (cardiologist) পরামর্শ নেওয়া বাঞ্ছনীয়। আশা করি আমি আপনার প্রশ্নের উত্তর দিতে পেরেছি। আমি আপনাকে আরও কোনোভাবে সাহায্য করতে পারি কিনা তা জানাবেন।"
3185,"হেলো। আপনার অনুসন্ধানের জন্য ধন্যবাদ। পেশিতে টান লাগার সাথে উচ্চ রক্তচাপের সরাসরি কোনো সম্পর্ক নাও থাকতে পারে। আপনার উদ্বেগ, ব্যথা বা ভয় সাময়িকভাবে রক্তচাপ বাড়িয়ে দিতে পারে। আপনাকে তিন দিন পর পর রক্তচাপ মাপার পরামর্শ দেওয়া হচ্ছে, এই সময়ের মধ্যে এটি ঠিক হয়ে যেতে পারে। যদি রক্তচাপ না কমে, তবে একজন হৃদরোগ বিশেষজ্ঞের পরামর্শ নিন এবং সেই অনুযায়ী চিকিৎসা নিন। পেটে ব্যথা আপনার সন্দেহ অনুযায়ী পেশিতে টান লাগার কারণেই হতে পারে। প্লুরাল ইনফেকশন বা পেটের উপরের অংশে বা নিচের দিকে প্রদাহজনিত কোনো সমস্যা না থাকলে, ব্যথানাশক এবং পেশি শিথিলকারী ওষুধের সাথে কঠোরভাবে সেবন করলে আপনি পুরোপুরি সুস্থ হয়ে উঠবেন। তবুও নিশ্চিত হওয়া বা বাদ দেওয়া সবসময়ই ভালো -"
65749,হেলো। আপনার অনুসন্ধানের জন্য ধন্যবাদ। আপনার ইতিহাস খুবই ধ্রুপদী।
7900,"হেলো, আস্ক আ ডক্টর সার্ভিসে আপনাকে স্বাগতম। আমি আপনার প্রশ্নটি পড়েছি। এই ধরনের লক্ষণগুলো সাধারণত মানসিক চাপ, উদ্বেগজনিত ব্যাধি, প্যানিক অ্যাটাক বা নাসেনিয়া ডককে অস্বীকার করার কারণে হয়ে থাকে। আপনাকে জরুরি বিভাগে গিয়ে সম্পূর্ণ মেডিকেল চেকআপ করানোর পরামর্শ দেওয়া হচ্ছে। রক্ত পরীক্ষা, প্রস্রাব পরীক্ষা এবং ইমেজিং পরীক্ষা করান। দ্রুত মূল্যায়ন করিয়ে চিকিৎসা নিন। আপনার চিকিৎসা নির্ভর করবে কী রোগ ধরা পড়ছে তার ওপর। বাড়িতে তৈরি খাবার খান, তেল-মসলাযুক্ত খাবার এড়িয়ে চলুন এবং কোনো নেশা থাকলে তা থেকে দূরে থাকুন। ভালো থাকুন।"
3513,"প্রিয় ..., ইমেইলটির জন্য অনেক ধন্যবাদ। আমি আপনার ইমেইলের বিস্তারিত দেখেছি এবং এর বিষয়বস্তু বুঝতে পেরেছি। আপনার পেটের ব্যথা আপনার পিত্তথলির পাথরের অপারেশনের সাথে সম্পর্কিত হতেও পারে, আবার নাও হতে পারে। আপনার অপারেশনের সাথে সম্পর্কিত কারণগুলো হতে পারে কমন বাইল ডাক্টে পাথর, সিবিডি (CBD) সরু হয়ে যাওয়া, সিস্টিক ডাক্টে অবশিষ্ট পাথর ইত্যাদি... অপারেশনের সাথে সম্পর্কিত নয় এমন কেসগুলোর মধ্যে রয়েছে ক্রনিক প্যানক্রিয়াটাইটিস, আলসার রোগ, স্ফিংটার অফ ওডি ডিসফাংশন ইত্যাদি। যেভাবেই হোক, চূড়ান্ত রোগ নির্ণয়ের আগে আপনার কিছু সুনির্দিষ্ট পরীক্ষা-নিরীক্ষা করা প্রয়োজন। অনুগ্রহ করে একজন গ্যাস্ট্রোএন্টারোলজিস্টের সাথে দেখা করুন এবং পরীক্ষাগুলো করিয়ে নিন। শুভেচ্ছা।"
27473,"প্রিয় সেবাগ্রহীতা, আপনার উদ্বেগগুলো বুঝতে পেরেছি এবং আপনার বিস্তারিত তথ্যগুলো দেখেছি। নাসেনিয়া ডক। গবেষণায় দেখা গেছে যে প্রায় ৮৩% পুরুষ তাদের জীবনের কোনো না কোনো সময়ে স্বপ্নদোষ বা বীর্যপাতের অভিজ্ঞতার সম্মুখীন হন। কারো যদি স্বপ্নদোষ বা বীর্যপাত হয়, তবে তাতে কোনো সমস্যা নেই, কারণ এগুলো স্বাভাবিক এবং স্বাস্থ্যকর অভিজ্ঞতা। আপনি যদি স্বপ্নদোষের অভিজ্ঞতা পেয়ে থাকেন"
63448,"হেলো, আপনার প্রশ্নের জন্য ধন্যবাদ। এই বয়সের শিশুদের ক্ষেত্রে কাইফোসিস সাধারণত অঙ্গবিন্যাসজনিত কারণে হয়ে থাকে। ব্রাকিয়াল প্লেক্সাস ইনজুরিকে কাইফোসিসের কারণ হিসেবে বর্ণনা করা হয়নি। স্কোলিওসিস এবং কাইফোসিস একসাথে হতে পারে, তবে একটির কারণে অন্যটি হয় না। অঙ্গবিন্যাসজনিত কাইফোসিসের চিকিৎসা পিঠের পেশি শক্তিশালী করা এবং সঠিক অঙ্গবিন্যাসের প্রশিক্ষণের মাধ্যমে করা হয়। আশা করি এটি আপনার জন্য সহায়ক হবে। আপনার কোনো প্রশ্ন থাকলে আমি আনন্দের সাথে উত্তর দেব।"
10736,"হেলো প্রিয়, নাসেনিয়া ডকে আপনাকে স্বাগতম। আপনার উদ্বেগটি বুঝতে পারছি। আপনার প্রশ্ন অনুযায়ী, আপনার ঘাড়ে লিম্ফ নোড এবং পেশীতে ব্যথা রয়েছে। আপনি যে লক্ষণগুলোর কথা উল্লেখ করেছেন তা গলা ব্যথা, লিম্ফ নোড ফুলে যাওয়া, রিজিওনাল লিম্ফ্যাডেনোপ্যাথি বা টনসিলাইটিসের মতো অবস্থার দিকে নির্দেশ করে। কখনও কখনও শরীরে সংক্রমণের কারণে রোগ প্রতিরোধ ক্ষমতা কমে যায়, যা এটিকে ভাইরাল সংক্রমণের মতো অন্যান্য সংক্রমণের প্রতি সংবেদনশীল করে তোলে। আপনি যে সাদা জিহ্বার কথা উল্লেখ করেছেন তা ওরাল থ্রাশের কারণে হয়েছে, যা সম্ভবত রোগ প্রতিরোধ ক্ষমতা কমে যাওয়ার ফলে একটি ছত্রাকজনিত সংক্রমণ। আপনি উল্লেখ করেছেন যে আপনি ইতিমধ্যে একজন ডাক্তারের পরামর্শ নিয়েছেন। নির্ধারিত ওষুধ দিয়ে এটি স্বাভাবিক হতে প্রায় এক বা দুই সপ্তাহ সময় লাগবে এবং অবস্থার উন্নতি হলে সাদা জিহ্বাও চলে যাবে। গরম ও মশলাদার খাবার এড়িয়ে চলুন এবং মুখের সঠিক পরিচ্ছন্নতা বজায় রাখুন। এছাড়া ঘাড়ের বাইরের অংশে গরম সেঁক দিন। আশা করি আপনার সমস্যার সমাধান হয়েছে। দ্রুত সুস্থ হয়ে উঠুন। শুভকামনা।"
78850,"হেলো। অনুসন্ধানের জন্য ধন্যবাদ। দাঁতের উভয় পাশে হালকা বাদামী রেখা দাঁতের ওপর দাগ হতে পারে অথবা দাঁতের পাশে বা প্রক্সিমাল পৃষ্ঠে ক্ষয়ের কারণেও হতে পারে। এটি শুধুমাত্র ক্লিনিকাল মূল্যায়নের মাধ্যমেই নিশ্চিত করা সম্ভব। যদি এটি দাগের কারণে হয়ে থাকে, তবে দাঁতের স্কেলিং তা দূর করতে সাহায্য করতে পারে। যদি এটি ক্ষয়ের কারণে হয়, তবে দাঁতের রঙের রেজিন বেসড সিমেন্ট দিয়ে ফিলিং করা সাহায্য করতে পারে। আশা করি এই তথ্যটি সহায়ক হবে। শুভেচ্ছা।"
90138,"নাসেনিয়া ডকে আপনার প্রশ্নের জন্য ধন্যবাদ। আমি আপনার উদ্বেগ বুঝতে পারছি। লিউকেমিয়া বংশগত হতে পারে। আপনার রক্তাল্পতা, জয়েন্টে ব্যথা, হাড়ের ব্যথা, লিম্ফ নোড ফুলে যাওয়া, শ্বাসকষ্ট, পেটে ব্যথার মতো সমস্ত লক্ষণ লিউকেমিয়ায় দেখা যায়। আপনার পরিবারে লিউকেমিয়ার ইতিহাসও রয়েছে। তাই একজন অনকোলজিস্টের সাথে পরামর্শ করা এবং লিউকেমিয়া নির্ণয়ের জন্য লিম্ফ নোড বায়োপসি ও বোন ম্যারো বায়োপসি করানো ভালো। আশা করি আমি আপনার প্রশ্নের সমাধান করতে পেরেছি। আপনার সুস্বাস্থ্য কামনা করি। ধন্যবাদ।"
53185,"আপনার মেরুদণ্ডের নিচের দিকে এবং কাঁধের হাড়ের মাঝখানে টক ও তীব্র ঠান্ডা অনুভূত হওয়ার লক্ষণগুলো সম্ভবত নির্দেশ করে যে আপনার সার্ভিকাল ডিস্কের সমস্যা থাকতে পারে, বিশেষ করে সি৬/সি৭ অঞ্চলে। এটি নির্দেশ করে যে আপনি যখন ঘাড় নাড়াচাড়া করেন বা বাঁকান, তখন আপনার মেরুদণ্ডের পেছনের রঙ এবং স্পাইনোথ্যালামিক ট্র্যাক্ট সংকুচিত হয়ে যায়। আপনার কি ঘাড়ে ব্যথা এবং সেই সাথে হাত-পায়ের দুর্বলতা বা ব্যথা হাত পর্যন্ত ছড়িয়ে পড়ে? আপনার প্রাথমিকভাবে সার্ভিকাল স্পাইনের এক্স-রে (এপি এবং ল্যাটারাল ভিউ) প্রয়োজন হতে পারে এবং যদি এতে কোনো অস্বাভাবিকতা পাওয়া যায়, তবে আরও মূল্যায়নের জন্য আপনার সার্ভিকাল স্পাইনের এমআরআই-এর প্রয়োজন হতে পারে। ইতিমধ্যে, আপনাকে একটি সার্ভিকাল কলার পরতে এবং অন্তত এক সপ্তাহের জন্য দিনে একবার রিটুনড প্লাস ট্যাবলেট সেবন করার পরামর্শ দেওয়া হচ্ছে।"
98253,"হেলো এবং নাসেনিয়া ডকে আপনাকে স্বাগতম। একজন ইউরোলজিস্ট হিসেবে, আমি আপনাকে পরামর্শ দিচ্ছি যে নাসেনিয়া ডক ইনজেকশন সুস্থ কিডনিতে কিডনির ক্ষতি করে বলে জানা যায়নি। নাসেনিয়া ডক চিকিৎসা শুরু করার আগে কি আপনি আপনার কিডনি ফাংশন পরীক্ষা করিয়েছিলেন? আপনার প্রশ্নটি কিডনি ফাংশন এবং জিএফআর (GFR) সম্পর্কে স্পষ্ট নয়। শব্দচয়নে একটি টাইপোগ্রাফিক ত্রুটি রয়েছে। অনুগ্রহ করে এটি পরীক্ষা করে দেখুন। বিশেষজ্ঞের মতামতের জন্য আপনি আমার নামে এখানে সেই প্রশ্নটি করতে পারেন। নাসেনিয়া ডক। মাঙ্গা।"
41018,"হেলো, নাসেনিয়া ডক ভার্চুয়াল ক্লিনিকে আপনার জিজ্ঞাসার জন্য স্বাগতম। আপনার জিজ্ঞাসার বিস্তারিত পর্যালোচনা করেছি। আপনার ডান পায়ে গ্যাংলিয়ন সিস্ট হয়েছে বলে মনে হচ্ছে। অতিরিক্ত পরিশ্রমের পর এই পিণ্ডে ব্যথা হওয়ার কারণ হলো আশেপাশের হাড় এবং সংবেদনশীল অংশের ঘর্ষণের ফলে সৃষ্ট ঘর্ষণজনিত ফোলাভাব। এই পিণ্ডটি মূলত হিস্টিওসাইটোমা এবং এটি ডান পায়ের ছোট হাড়ের জয়েন্টের সাইনোভিয়াল শিথ থেকে উৎপন্ন একটি বিনাইন বা নিরীহ টিউমার। সিটি গাইডেড আর্থ্রোস্কোপিক লেজার অ্যাবলেশন বর্তমানে সর্বশেষ এবং সর্বোত্তম চিকিৎসা পদ্ধতি, যার পুনরাবৃত্তির হার খুবই কম। তাই এটি ক্যান্সার কি না তা নিয়ে চিন্তা করবেন না। এটি খুব ভালোভাবে নিরাময়যোগ্য একটি পিণ্ড। এই উত্তরটি আপনাকে আপনার ডাক্তারের সাথে চিকিৎসার পরিকল্পনা করতে সাহায্য করবে। ২ সপ্তাহ পর আমার কাছে একটি ফলোআপ প্রিমিয়াম প্রশ্ন নিয়ে যোগাযোগ করবেন। আপনার রেটিং পেলে কৃতজ্ঞ থাকব, ধন্যবাদ। আপনার চমৎকার রিভিউ এবং মন্তব্যের অপেক্ষায় রইলাম। এই বিষয়ে অন্য কোনো জিজ্ঞাসা থাকলে স্বাগতম। দিনটি ভালো কাটুক!! নাসেনিয়া ডক। এস. জেনল-সিভিটিএস"
23303,"হেলো, আপনার জিজ্ঞাসা অনুযায়ী, আপনার সন্তানের বারবার কাশি হওয়ার লক্ষণ রয়েছে যা আপার রেসপিরেটরি ট্র্যাক্ট ইনফেকশনের কারণে ব্রঙ্কাইটিস বা গ্র্যানুলার ফ্যারিঞ্জাইটিস হতে পারে। চিন্তার কিছু নেই। যেহেতু সে ইতিমধ্যে অনেক ওষুধ খাচ্ছে তবুও আক্রান্ত হচ্ছে না, তাই আমি পরামর্শ দেব আপনি দিনে দুবার হালকা গরম লবণ পানি দিয়ে গার্গল করুন এবং ভাপ নিন। ঝাল ও মশলাযুক্ত খাবার এড়িয়ে চলুন। ঠান্ডা কার্বনেটেড পানীয় এড়িয়ে চলুন। ১ সপ্তাহের মধ্যে আপনার লক্ষণগুলো সেরে যাবে। যদি লক্ষণগুলো থেকে যায়, তবে আপনার একবার শিশু বিশেষজ্ঞের পরামর্শ নেওয়া উচিত এবং সঠিক চিকিৎসা নেওয়া উচিত। আপনার বুকের এক্স-রে এবং পালমোনারি ফাংশন টেস্ট করানো উচিত। ডাক্তার অ্যান্টিবায়োটিক (অ্যামোক্সিসিলিন বা পেনিসিলিন) এবং ডিকনজেস্ট্যান্ট প্রেসক্রাইব করতে পারেন। আশা করি আমি আপনার প্রশ্নের উত্তর দিতে পেরেছি। আমি আপনাকে আরও কোনোভাবে সাহায্য করতে পারি কিনা তা জানাবেন।"
65363,"হেলো, প্রিয়, নাসেনিয়া ডক ভার্চুয়াল ক্লিনিকে আপনার অনুসন্ধানের জন্য ধন্যবাদ। আপনার দেওয়া বিস্তারিত তথ্য আমি পড়েছি। আমি আপনার স্বাস্থ্য সংক্রান্ত উদ্বেগগুলো বুঝতে পেরেছি। আপনার জিজ্ঞাসিত স্বাস্থ্য সমস্যার কারণ- পায়ের আঙুলের এই পিণ্ডের অনেক কারণ থাকতে পারে। সীমিত তথ্যের কারণে গোড়ালির পিণ্ডটি নিয়ে কিছুটা বিভ্রান্তি রয়েছে, যা আপনার প্রশ্ন থেকে স্পষ্ট নয়। আপনার দেওয়া তথ্য অনুযায়ী, পায়ের আঙুলের পেছনে টেনিস বলের আকারের পিণ্ডটিতে প্রচুর সংক্রমণ এবং সেলুলাইটিস রয়েছে বলে মনে হচ্ছে। এবং মনে হচ্ছে এই পিণ্ডটি প্রায় ১ বছর ধরে রয়েছে। আপনার ক্ষেত্রে কারণ- তাই নিজে থেকে এর চিকিৎসা করবেন না, কারণ এটি বড় আঙুলের গ্র্যানুলোমাসহ প্যারোনিচিয়া হতে পারে / অথবা এটি ইনগ্রোইং নেল (অনিকোক্রিপটোসিস উইথ পাইওডার্মা উইথ গ্র্যানুলোমা) হতে পারে / অথবা আঙুলের সংক্রমণের দীর্ঘস্থায়ী বৃদ্ধির কারণে এটি বিনাইন বা ম্যালিগন্যান্ট টিউমার হতে পারে। তাই, আমি আপনাকে একজন ইআর সার্জনের সাথে পরামর্শ করার পরামর্শ দেব, যিনি এই ধরনের পিণ্ডের অন্যান্য কারণগুলো পরীক্ষা করে দেখবেন এবং সরাসরি তথ্য দিয়ে আপনাকে সাহায্য করবেন। তাই উপরের পরামর্শের বিষয়ে তার দ্বিতীয় মতামত নিন, কারণ তিনি আপনাকে সরাসরি ক্লিনিকাল তথ্য দিয়ে পরামর্শ দেবেন। প্রতিকার- তাই ইআর অর্থো সার্জনের সাথে পরামর্শ করে উপরের পরীক্ষাগুলোর পর তার চূড়ান্ত মতামত না পাওয়া পর্যন্ত একদম চিন্তা করবেন না, তবে আপনার উদ্বিগ্ন হওয়া প্রয়োজন কারণ এটি এর সাথে সম্পর্কিত অন্য কোনো সমস্যার সৃষ্টি করতে পারে। ইতিমধ্যে, প্রতিদিন নাসেনিয়া ডক। অ্যান্টি-ইনফ্ল্যামেটরি ওষুধ গ্রহণ করুন।"
109663,"হেলো, মনে হচ্ছে সম্ভবত আপনার মায়ের হাঁটুর জয়েন্টের কাছে ফ্র্যাকচার হয়েছিল। আপনার স্থানীয় অর্থোপেডিক ডাক্তার ট্র্যাকশন বসিয়ে প্লাস্টার করেছেন। তার বয়স এবং কম ওজনের কারণে তিনি এই রক্ষণশীল চিকিৎসা পদ্ধতি বেছে নিয়েছেন। অস্ত্রোপচারের জন্য বা অন্য কোনো চিকিৎসার জন্য তিনি শারীরিকভাবে সুস্থ ছিলেন না বলে এই সময়ের প্রয়োজন ছিল। সম্ভবত তার ফ্র্যাকচারটি সামান্য ভুল অবস্থানে থাকতে পারে। এটি তার ব্যথার অন্যতম কারণ হতে পারে অথবা তার হাড় ও পেশিতে দুর্বলতা থাকতে পারে। আমার নিয়মিত ওএলডি (OLD)-তে, আমি জয়েন্টের জ্যামিতিক গঠনে কোনো সমস্যা আছে কি না তা নিশ্চিত করতে আক্রান্ত অংশের এক্স-রে করিয়ে থাকি। এমন ক্ষেত্রে তিনি কাস্টম-মেড ব্রেস ব্যবহার করতে পারেন। এর জন্য আপনি একজন অর্থোটিক বিশেষজ্ঞের সাহায্য নিতে পারেন। আপনার অর্থোপেডিক ডাক্তার বিস্তারিত পরীক্ষার পর এটি প্রেসক্রাইব করতে পারেন। পেশির দুর্বলতার জন্য, একজন ফিজিওথেরাপিস্ট তাকে কোয়াড্রিসেপসের মতো ব্যায়ামের মাধ্যমে সাহায্য করতে পারেন। আশা করি আমি আপনার প্রশ্নের উত্তর দিতে পেরেছি। আমি আপনাকে আরও কোনোভাবে সাহায্য করতে পারি কি না তা জানাবেন।"
32945,"নাসেনিয়া ডকে আপনাকে স্বাগতম। সমস্যা থাকলে আপনার ওষুধ খাওয়া উচিত। ইতিমধ্যে আপনি খুঁজে বের করতে পারেন আপনার অ্যালার্জির উৎস কোনটি। আপনার রুটিন, খাদ্যতালিকা, পরিবেশ, পোশাক, রঙ, কোনো বিশেষ অবস্থা, কোনো নির্দিষ্ট দিন বা রাতে অ্যালার্জির সময় এবং আবহাওয়ার সাথে এর সম্পর্ক খুঁজে বের করুন। তাই উৎসটি শনাক্ত করুন, এটি আপনাকে ভবিষ্যতে আক্রমণ প্রতিরোধ করতে সাহায্য করবে। আপনি অ্যালার্জি পরীক্ষাও করতে পারেন এবং উৎসটি খুঁজে বের করতে পারেন। নাসেনিয়া ডক।"
70905,"হেলো, নাসেনিয়া ডকে লেখার জন্য আপনাকে ধন্যবাদ। গর্ভাবস্থায় হরমোনের বড় ধরনের পরিবর্তনের কারণে যোনি এবং বগলের চারপাশের ত্বক কালো হয়ে যাওয়া সম্পূর্ণ শারীরবৃত্তীয় একটি বিষয়। তাই, এই কালো হয়ে যাওয়া নিয়ে চিন্তার কিছু নেই। স্ট্রেচ মার্ক, যা স্ট্রাই নামেও পরিচিত, তা প্রায়শই দ্রুত বৃদ্ধি বা দ্রুত ওজন পরিবর্তনের সাথে সম্পর্কিত ত্বকের দ্রুত প্রসারণের ফলাফল। স্ট্রেচ মার্ক হরমোনের পরিবর্তনের দ্বারাও প্রভাবিত হতে পারে এবং আপনার ক্ষেত্রে এটি গর্ভাবস্থার কারণে হয়েছে। স্ট্রেচ মার্ক চিকিৎসার জন্য কুখ্যাত এবং এর ফলাফল অত্যন্ত পরিবর্তনশীল। আপাতত, আমি দিনে দুবার ভিটামিন ই সমৃদ্ধ তেল ব্যবহারের মাধ্যমে ন্যূনতম চিকিৎসার পরামর্শ দেব। পরবর্তীতে, গর্ভাবস্থার পরে আপনি রাতে ঘুমানোর আগে রেটিনয়েড ০.১% জেল (NEXT ০.১%) এবং সন্ধ্যায় গ্লাইকোলিক অ্যাসিড ১২% (গ্লাইকল) ক্রিমের মতো ব্যাপক চিকিৎসা নিতে পারেন। এছাড়াও, উন্নত ফলাফলের জন্য ইয়েলো পিল/কেমিক্যাল পিলিং, মাইক্রোডার্মাব্রেশন, লেজার থেরাপি, মনোথেরাপির মতো কসমেটিক পদ্ধতিগুলো চেষ্টা করা যেতে পারে। আশা করি এটি আপনার প্রশ্নের সমাধান করবে। ধন্যবাদ নাসেনিয়া ডক।"
50472,"ফলিকুলার লিম্ফোমার পূর্বাভাস হিস্টোলজিক্যাল গ্রেড এবং প্রলিফারেশন ফ্র্যাকশনের উপর নির্ভর করে। গ্রেড ১ এবং ২ নিষ্ক্রিয়, যেখানে গ্রেড ৩-এর গতিপথ আরও আক্রমণাত্মক। ৬-এর বেশি ক্রোমোজোমাল ব্রেক এবং একটি জটিল ক্যারিওটাইপ রয়েছে যা খারাপ ফলাফলের সাথে সম্পর্কিত। আপনি আপনার পরীক্ষার ফলাফল এর সাথে মিলিয়ে দেখুন, কোনো রোগের নির্দিষ্ট সময়কাল বলা সম্ভব নয় তবে আপনি রোগের আক্রমণাত্মকতা সম্পর্কে জানতে পারবেন। আমি আশা করি আপনি যা চান তা পাবেন।"
52745,"হেলো, নাসেনিয়া ডক ফোরামে আপনাকে স্বাগতম। স্টেজ ৩ মানে হলো টিউমারটি কোলনের প্রাচীর এবং আশেপাশের লিম্ফ নোডগুলোতে ছড়িয়ে পড়েছে - এর অর্থ হলো অস্ত্রোপচার সম্ভব, তবে এটি কেবল অণুবীক্ষণ যন্ত্রের নিচে ক্যান্সার এবং আক্রান্ত কোলন অপসারণ করতে পারে। এটি লিম্ফ নোডও অপসারণ করতে পারে, তবে ক্যান্সার ইতিমধ্যে ছড়িয়ে পড়েনি তা নিশ্চিতভাবে বলা সম্ভব নয়। তাই সিটি এবং পিই পরীক্ষায় যদি কোনো মেটাস্টেসিস দেখা যায়, তবে অবশ্যই অস্ত্রোপচার করা উচিত। অস্ত্রোপচারের পরে কেমো শুরু করা যেতে পারে। তবে যদি কোলনের বাইরে ক্যান্সারের প্রমাণ থাকে, তবে প্রথমে হেমোথেরাপি করা উচিত। আশা করি আমি আপনার প্রশ্নের উত্তর দিতে পেরেছি। আপনার সুস্বাস্থ্য কামনা করি। শুভেচ্ছা।"
64254,নাসেনিয়া ডক ফোরামে জিজ্ঞাসা করার জন্য ধন্যবাদ। সংক্ষেপে
107215,"হেলো, নাসেনিয়া ডক ব্যবহার করার জন্য ধন্যবাদ। এটি শিংলস বলে মনে হচ্ছে, বারবার বেদনাদায়ক র‍্যাশ হওয়ার এটিই সবচেয়ে সাধারণ কারণ। এর সাথে সম্পর্কিত ব্যথা নিরাময় করা কঠিন হতে পারে, সাধারণ ব্যথানাশক ওষুধ সাধারণত কার্যকর হয় না। তার গ্যাবাফেন্টিন, লিরিকা, অ্যামিট্রিপটাইলিনের মতো ওষুধের প্রয়োজন হতে পারে। এগুলো স্নায়ুজনিত ব্যথার জন্য ব্যবহৃত হয়। র‍্যাশ পুনরায় হওয়া রোধ করার জন্য তিনি শিংলস টিকার কথাও বিবেচনা করতে পারেন। আশা করি এটি সাহায্য করবে।"
104965,"হেলো, নাসেনিয়া ডকে প্রশ্ন করার জন্য আপনাকে ধন্যবাদ। জন্মের সময় সব শিশুর ঠোঁট গোলাপি রঙের হয়। শিশুর গায়ের রঙের জিনের ওপর নির্ভর করে জন্মের ২-৩ সপ্তাহ পর ত্বকের পিগমেন্টেশন শুরু হয়। আপনার ঠোঁট কালো হলে স্বাভাবিকভাবেই শিশুর ঠোঁট মায়ের মতোই কালো হয়। ওষুধের মাধ্যমে ঠোঁটের রঙ পরিবর্তন করা যায় না। আশা করি এই উত্তরটি আপনার কাজে আসবে, প্রয়োজনে আরও প্রশ্ন করতে দ্বিধা করবেন না। ভালো থাকবেন। নাসেনিয়া ডক। ভি. সুব্রহ্মণ্যম এমডি; পেডিয়াট্রিক্সের সহযোগী অধ্যাপক।"
55208,"হেলো, ফলিকলের আকার প্রায় ১৮ মিমি হলে ফলিকল ফেটে যাওয়ার সম্ভাবনা বেশি থাকে। বড় আকার থেকে সিস্ট তৈরি হতে পারে। জিইউআই (GUI)-এর প্রথম চক্রে গর্ভধারণের হার ১০-২০%, যা ৩৫ বছরের কম বয়সীদের তুলনায় ৩৫ বছরের বেশি বয়সীদের ক্ষেত্রে বেশি। যদি উভয় ফলিকল একই সময়ে ডিম্বাণু নিঃসরণ করে, তবে উভয়ই নিষিক্ত হওয়ার সম্ভাবনা থাকে। আশা করি আপনার প্রশ্নের উত্তর পেয়েছেন। ভালো থাকবেন।"
61318,"হেলো, লক্ষণগুলো নাসেনিয়া ডকের সম্ভাব্য সমস্যার ইঙ্গিত দেয়। একে হাইপোটেনশন বলা হয়। এতে রক্তচাপ ছাড়া আপনার বাকি সব রিপোর্ট স্বাভাবিক থাকবে। যখন এই সমস্যাটি হয়, তখন যত দ্রুত সম্ভব আপনার রক্তচাপ পরীক্ষা করা প্রয়োজন। হাসপাতালে পৌঁছানোর আগেই এটি আরও ভালো বা সংশোধন করা সম্ভব হতে পারে। তাই এমনটি ঘটলে বাড়িতে এবং যত দ্রুত সম্ভব কাউকে দিয়ে রক্তচাপ পরীক্ষা করিয়ে নিন। আশা করি আমি আপনার প্রশ্নের উত্তর দিতে পেরেছি। আমি আপনাকে আরও কোনোভাবে সাহায্য করতে পারি কিনা তা জানাবেন। ভালো থাকবেন।"
105765,"হেলো, যেহেতু আপনি মূত্রবর্ধক ওষুধ খেতে ভুলে গেছেন, তাই আপনার পেরিটোনিয়াল ক্যাভিটিতেও তরল জমা হতে পারে, তাই পেট ফাঁপা অনুভব করা সম্ভব। ওষুধ পুনরায় শুরু করার পরেও যদি অবস্থার উন্নতি না হয়, তবে কোনো শান্টিং ত্রুটি আছে কিনা তা মূল্যায়ন করার জন্য আপনার একটি চেকআপ (প্রাথমিকভাবে পেটের আল্ট্রাসাউন্ড) করানো উচিত। ভেন্ট্রিকুলোপেরিটোনিয়াল শান্টিং থাকলেও দীর্ঘ সময় ধরে পেট ফাঁপা থাকা উচিত নয়। আশা করি উত্তরটি আপনার কাজে আসবে। আমি আপনাকে আরও কোনোভাবে সাহায্য করতে পারি কিনা তা জানাবেন।"
84862,"হেলো, নাসেনিয়া ডক ব্যবহার করার জন্য ধন্যবাদ। ফোলাভাব সাধারণত হুল ফোটানোর জায়গায় হওয়া উচিত। আপনাকে বাম পায়ে হুল ফুটিয়েছে, ফোলাভাবটি এই জায়গাতেই হওয়া উচিত, বাম হাতে নয়, যদি না অন্য কোনো হুল ফোটানোর ঘটনা ঘটে থাকে। বমি বমি ভাব, জ্বর এবং ঘাম সাধারণত অ্যালার্জি বা প্রদাহজনিত প্রতিক্রিয়ার লক্ষণ। অ্যান্টিহিস্টামিন এবং প্রদাহরোধী ওষুধ ব্যবহার করা সহায়ক হবে। এগুলো সবই প্রেসক্রিপশন ছাড়াই পাওয়া যায়, প্রদাহরোধী ওষুধের মধ্যে ক্যাটালান, নেপ্রোক্সেন, আইবুপ্রোফেন ইত্যাদি অন্তর্ভুক্ত। আশা করি এটি আপনাকে সাহায্য করবে।"
15997,"আপনার অনুসন্ধানের জন্য ধন্যবাদ, আমি আপনার অনুসন্ধানটি দেখেছি। সাপোর্ট হিসেবে নেওয়া দাঁতে ব্যথা দুটি কারণে হতে পারে। প্রথম কারণটি হতে পারে ব্রিজের উঁচু অংশ, যা দাঁতের ওপর অতিরিক্ত চাপ সৃষ্টি করে এবং ব্যথার কারণ হয়। দ্বিতীয় কারণটি হতে পারে ক্রাউন কাটার সময় পাল্পের সম্পৃক্ততা। যদি এটি উঁচু অংশ হয়, তবে একজন ডেন্টাল সার্জনের সাথে পরামর্শ করে সেই উঁচু অংশটি কমিয়ে ফেলুন। যদি এটি পাল্পযুক্ত দাঁত হয়, তবে আরসিটি (RCT) এর মাধ্যমে দাঁতটি পুনরুদ্ধার করুন এবং ব্রিজটি পুনরায় করতে হবে। আপনার আর্থিক সমস্যার বিষয়ে, আমি আপনাকে একটি শিক্ষামূলক ডেন্টাল ইনস্টিটিউটে যাওয়ার পরামর্শ দিতে পারি যেখানে আপনি নামমাত্র মূল্যে চিকিৎসা নিতে পারবেন। আশা করি আমার উত্তরটি আপনাকে সাহায্য করবে, ভালো থাকবেন।"
56849,"হেলো... আপনার প্রশ্নটি পড়েছি... এটি গালের মিউকোসায় কোনো আঘাতের কারণে হতে পারে যার ফলে মিউকাস মেমব্রেনের নিচে রক্ত জমা হয়, অথবা এটি একটি ছোট লালা গ্রন্থিতে প্রদাহ হতে পারে যা গালের হঠাৎ কামড় লাগার কারণে হতে পারে... চিন্তা করবেন না, চিন্তার কিছু নেই... শুধু ভালো মুখের স্বাস্থ্যবিধি বজায় রাখুন। হালকা গরম লবণ পানি দিয়ে কুলকুচি করুন। কুলকুচি করার সময় সেই জায়গাটির দিকে মনোযোগ দিন... যদি গিলতে ব্যথা হয় তবে খাওয়ার আগে তা উপেক্ষা করুন... এক বা দুই সপ্তাহ অপেক্ষা করুন। যদি তবুও সেরে না ওঠে এবং ব্যথা আসে... তবে একজন ওরাল সার্জনের কাছে যান... তিনি প্রয়োজনীয় চিকিৎসা (প্রয়োজনে ছোট লালা গ্রন্থিটি অস্ত্রোপচারের মাধ্যমে অপসারণ) করবেন। শান্ত থাকুন। আশা করি এই উত্তরে আপনি উপকৃত হয়েছেন। আপনার সপ্তাহান্ত সুস্থ কাটুক!!!"
73391,"প্রিয় স্যার/ম্যাডাম, আপনি কিডনির কী সংক্রমণ তা উল্লেখ করেননি। এটি ইউরেথ্রাইটিস/সিস্টাইটিস/পাইলোনেফ্রাইটিস/প্রোস্টাটাইটিস কি না তা জানাননি। তাই যদি আপনার আবার একই সমস্যা হয়, তবে ইউরিনালাইসিস, ইউরিন কালচার ও সেনসিটিভিটি এবং পেটের আল্ট্রাসাউন্ড করিয়ে নিন। এর ওপর ভিত্তি করে, যদি পরীক্ষায় মূত্রনালীর সংক্রমণ ধরা পড়ে, তবে আপনাকে সংবেদনশীল অ্যান্টিবায়োটিক দেওয়া যেতে পারে। তাই একজন নেফ্রোলজিস্ট বা ইউরোলজিস্টের সাথে পরামর্শ করা ভালো।"
29188,"হেলো, আমাদের কাছে লেখার জন্য ধন্যবাদ। আমি আপনার আল্ট্রাসাউন্ডের ফলাফলগুলো সহজ ভাষায় ব্যাখ্যা করব।"
71249,"হেলো, বিকাশ সিভিল। আপনি উল্লেখ করেছেন যে আপনার দুবার জন্ডিস হয়েছিল। আমি নিশ্চিত নই যে সেই সময়ে আপনার হেপাটাইটিস টাইপ-বি এবং টাইপ-সি পরীক্ষা করা হয়েছিল কিনা। আমি টাইপ-এ উল্লেখ করছি না কারণ, সেই ভাইরাস দীর্ঘস্থায়ী পর্যায়ে যায় না। অন্য দুটি পরীক্ষা করা হয়েছে। আপনার এসজিপিটি (SGPT) মাত্রা বেশ বেশি এবং আপনার আল্ট্রাসাউন্ড রিপোর্টে ফ্যাটি লিভার দেখা গেছে। আমি চাই আপনি লিভারের সম্পূর্ণ পরীক্ষা, মেটাবলিক প্যানেল এবং থাইরয়েড রক্ত পরীক্ষা করান। টাইপ-বি এবং সি হেপাটাইটিসের স্ক্রিনিং করান। যদি এটি পজিটিভ হয়, তবে আপনার একজন বিশেষজ্ঞের কাছ থেকে বিশেষ চিকিৎসার প্রয়োজন হবে। আপনি যে ওষুধগুলো খাচ্ছেন তা লিভারের ক্ষতির অগ্রগতি ধীর করতে পারে, কিন্তু যদি এটি হেপাটাইটিস সম্পর্কিত হয়, তবে তা নিরাময় নয়। অনুগ্রহ করে আপনার ডাক্তারের সাথে এগুলো নিয়ে আলোচনা করুন এবং সঠিকভাবে পরীক্ষা করান। আমি আপনার সর্বাঙ্গীন মঙ্গল কামনা করি এবং আপনার ডক্টরেট ডিগ্রির জন্য শুভকামনা রইল।"
55072,"হেলো। আপনার উচ্চ রক্তচাপের ইতিহাস লক্ষ্য করেছি। এটি ভালো যে নতুন ওষুধের মাধ্যমে এটি ভালোভাবে নিয়ন্ত্রণে আছে। ওষুধগুলো আপনার এই অনুভূতির কারণ হওয়ার সম্ভাবনা নেই। আপনি যেমনটি বলেছেন, পেটের ডান দিকে ধড়ফড়ানির কারণ হতে পারে- অ্যাসেন্ডিং কোলনের কোলাইটিস (বৃহদন্ত্র), রেট্রোসেকাল অ্যাপেন্ডিসাইটিস, ডান ইউরেটারিক স্টোন, ডান কিডনির সংক্রমণ। চিকিৎসা নির্ভর করবে রোগ নির্ণয়ের ওপর। উচ্চ রক্তচাপের ওষুধ চালিয়ে যান। অ্যান্টিবায়োটিক এবং মেট্রোনিডাজলের একটি কোর্স ভালো ধারণা।"
26335,"হেলো! নাসেনিয়া ডকে জিজ্ঞাসা করার জন্য আপনাকে ধন্যবাদ! আপনার উদ্বেগের বিষয়ে আমি বলতে চাই যে, প্রথমে কার্ডিয়াক অস্কালটেশনের মাধ্যমে বিটুমিনাস ফর্ম পালসগুলোর মধ্যে পার্থক্য করা গুরুত্বপূর্ণ, কারণ এগুলোর মধ্যে অনেক বিভ্রান্তি রয়েছে। এটি হাইপারট্রফিক অবস্ট্রাক্টিভ কার্ডিওমায়োপ্যাথি বা অন্যান্য ব্যাধির লক্ষণ হতে পারে, যেমন বিটা-ব্লকার ব্যবহারের সম্ভাব্য প্রভাব, ডিসলেক্সিয়া, হাইপোথাইরয়েডিজম, কার্ডিয়াক কন্ডাকশন সিস্টেমের ব্যাধি ইত্যাদি। আমি আপনাকে আতঙ্কিত না হওয়ার পরামর্শ দিচ্ছি! যতক্ষণ আপনি কোনো বিরক্তিকর উপসর্গ থেকে মুক্ত আছেন এবং হার্ট ফেইলিউরের কোনো ক্লিনিকাল লক্ষণ বা উপসর্গ অনুভব করছেন না, ততক্ষণ আপনার খুব বেশি চিন্তা করার দরকার নেই! সম্ভবত আমাদের কেবল কিছু অতিরিক্ত উপসর্গের সাথেই কাজ করতে হবে যার কোনো ক্লিনিকাল গুরুত্ব নেই। তবুও, আমি আপনাকে একজন কার্ডিওলজিস্টের সাথে পরামর্শ করার পরামর্শ দিচ্ছি যাতে একটি সতর্ক শারীরিক পরীক্ষা (কার্ডিয়াক অস্কালটেশনসহ) এবং কোনো সম্ভাব্য অন্তর্নিহিত কারণ আছে কিনা তা নিশ্চিত করার জন্য আপনার কার্ডিয়াক অবস্থার একটি সামগ্রিক পর্যালোচনা করা যায়। আশা করি আমি আপনাকে সাহায্য করতে পেরেছি! শুভেচ্ছা!"
9972,"হেলো, আমি নাসেনিয়া ডক। আমার মতে, আপনি দীর্ঘ সময় দাঁড়িয়ে থাকা এড়িয়ে চলতে পারেন, আরামদায়ক জুতো বা চটি পরার চেষ্টা করুন এবং ভ্রমণের সময় আপনার পা যতটা সম্ভব উঁচুতে রাখুন। তীব্র ব্যথা বা জরুরি অবস্থার ক্ষেত্রে আপনি টাইলেনল ট্যাবলেটের মতো এনএসএআইডি (NSAIDs) ব্যথানাশক বা মাসল রিলাক্স্যান্ট গ্রহণ করতে পারেন, এতেই সব ঠিক হয়ে যাবে। তথ্যটি সহায়ক হলে অনুগ্রহ করে ক্লিক করে কিছু ইতিবাচক মতামতসহ ৫-স্টার রেটিং দেওয়ার বিষয়টি বিবেচনা করুন। আপনার সুস্বাস্থ্য কামনা করি, আরও কোনো কিছু জানার থাকলে নির্দ্বিধায় জিজ্ঞাসা করুন।"
102949,"হেলো এবং নাসেনিয়া ডকে আপনাকে স্বাগতম। আপনার ইতিহাস থেকে আমি বুঝতে পারছি যে আপনি ওভারিয়ান সিস্টে ভুগছেন। ৮ বছর ধরে থাকা ওভারিয়ান সিস্ট বিনাইন বা ক্ষতিকর নয়। যখন এগুলো উপসর্গযুক্ত (পেটে ব্যথা, রক্তপাত ইত্যাদি) হয় এবং অস্বস্তির কারণ হয়, তখন বিনাইন সিস্ট অপসারণ করা প্রয়োজন। সংক্রমণ এবং লিউকেমিয়ার ক্ষেত্রে শ্বেত রক্তকণিকার (WBC) আধিক্য দেখা যেতে পারে। লিউকেমিয়ায় শ্বেত রক্তকণিকার সংখ্যা খুব বেশি (৫০,০০০ বা তার বেশি) থাকে। সংখ্যা বৃদ্ধির পাশাপাশি কোষের গঠনও লিউকেমিয়ার ইঙ্গিত দেয়। ডব্লিউবিসি (WBC) সংখ্যা বৃদ্ধির ক্ষেত্রে সংক্রমণ বেশি সাধারণ কারণ। ডিফারেনশিয়াল কাউন্ট সংক্রমণের প্রকৃতি - তীব্র নাকি দীর্ঘস্থায়ী - তা নির্ধারণ করতে সাহায্য করে। আপনার যদি আরও কোনো প্রশ্ন থাকে, তবে নির্দ্বিধায় আপনার প্রশ্নটি করুন। আমি উত্তর দিতে পারলে খুশি হব। ধন্যবাদ এবং ভালো থাকবেন, নাসেনিয়া ডক।"
96201,"হেলো, নাসেনিয়া ডকে আপনাকে স্বাগতম। কিছু বিষয় জানা প্রয়োজন। আপনার কি জ্বর, সংক্রমণ, রক্তপাতের প্রবণতা, ওজন কমে যাওয়া, দুর্বলতা ইত্যাদির মতো কোনো শারীরিক সমস্যা আছে? আপনি কেন রক্ত পরীক্ষা করাচ্ছিলেন? মাত্র ১০,০০০ প্লেটলেটের মাত্রা খুবই কম। এই মাত্রায় ত্বকের র‍্যাশসহ কিছু শারীরিক সমস্যা থাকতে পারে। প্রথমে, যদি আপনার কোনো শারীরিক সমস্যা না থাকে তবে পরীক্ষাটি পুনরায় করুন। যদি এটি আবার অস্বাভাবিক হয় তবে আপনার ডাক্তারের সাথে পরামর্শ করুন। ভালো থাকবেন।"
80156,"হেলো। পেটের এই অবস্থার সাথে গর্ভপাত বা এই জাতীয় কোনো কিছুর সম্পর্ক নেই। তবে এটি মনে রাখা গুরুত্বপূর্ণ যে, যদিও গর্ভাবস্থা নিশ্চিত হয়েছে এবং আপনার সমস্ত হোম প্রেগন্যান্সি টেস্টের ফলাফল নেগেটিভ এসেছে, তবুও এটি আপনার নাসেনিয়া ডক লেভেল পর্যাপ্ত স্বাস্থ্যকর না হওয়ার কারণে হতে পারে। এমন পরিস্থিতিতে গর্ভাবস্থাকে সহায়তা করতে এবং গর্ভপাত রোধ করতে আপনার ডাক্তারের সাথে দেখা করে নাসেনিয়া ডক ইনজেকশন নেওয়া সবচেয়ে ভালো। ঝুঁকি বিদ্যমান, তবে বর্তমানে এটি ঘটার কোনো নিশ্চিত লক্ষণ নেই। পরিশেষে, জরুরি বিভাগে (ER) যাওয়াই ভালো হবে, আপনার ভেতরে বেড়ে ওঠা মূল্যবান জীবনের চেয়ে কোনো অর্থের মূল্য নেই। শুভকামনা।"
24745,"হেলো, আপনি ২৯ বছর বয়সী একজন নারী, আপনার ৫ বছরের একটি ছেলে আছে এবং তার আগে ৪ বার গর্ভপাত হয়েছে। মনে হচ্ছে আইরেনা (IRENA) কমে গেছে। যদি এটি গর্ভপাত হয়, তবে গর্ভপাতের কয়েক দিন পর পর্যন্ত আপনার এইচপিটি (HPT) পজিটিভ আসতে পারে। মেরিনার আয়ু ৩ বছর এবং এরপর এটি পরিবর্তন করতে হয়, অন্যথায় এর কার্যকারিতা নষ্ট হয়ে যায়। এর উপস্থিতি নিশ্চিত করতে আপনার ডাক্তারের সাথে পরামর্শ করুন এবং যদি এটি এখনও থাকে তবে তা পরিবর্তন করুন। ধন্যবাদ।"
100052,"হেলো, নাসেনিয়া ডক ব্যবহার করার জন্য ধন্যবাদ। আপনি যদি নিশ্চিত না হন যে কোন উপাদানটি আপনার প্রতিক্রিয়ার কারণ, তবে সেই খাবারটি পুরোপুরি এড়িয়ে চলাই সবচেয়ে ভালো হতে পারে। আপনি যে লক্ষণগুলো অনুভব করছেন তা নির্দেশ করে যে আপনি মেক্সিকান খাবারের কোনো অংশের প্রতি অ্যালার্জিক বা অসহিষ্ণু হতে পারেন। কোন বিশেষ উপাদানগুলো ব্যবহার করা যেতে পারে তা নির্ধারণ করার জন্য এই ধরনের খাবারের একজন বিশেষজ্ঞের সাথে কথা বলা সম্ভব হতে পারে। এভাবে আপনি পদ্ধতিগতভাবে নির্ধারণ করতে পারবেন যে কোন উপাদানটি আপনার প্রতিক্রিয়ার কারণ। আশা করি এটি আপনাকে সাহায্য করবে।"
22884,"নাসেনিয়া ডকে আপনার প্রশ্নের জন্য ধন্যবাদ। আমি আপনার উদ্বেগ বুঝতে পারছি। আপনার মেয়ের দীর্ঘস্থায়ী কাশি (১৫ দিনের বেশি কাশি) হচ্ছে এবং সাধারণ কাশির ওষুধে তার অবস্থার উন্নতি হচ্ছে না। তাই আমাদের অবশ্যই তার ক্ষেত্রে ফুসফুসের সংক্রমণ আছে কিনা তা নিশ্চিত হতে হবে। শিশুদের সর্দি-কাশির পরে ফুসফুসে সংক্রমণ হওয়া সাধারণ বিষয়। তাই একজন ভালো শিশু বিশেষজ্ঞের পরামর্শ নেওয়া এবং ফুসফুসের সংক্রমণ আছে কিনা তা নিশ্চিত করতে বুকের এক্স-রে করানো ভালো। তার উচ্চতর অ্যান্টিবায়োটিক এবং অন্যান্য সহায়ক চিকিৎসার প্রয়োজন হতে পারে। চিন্তা করবেন না, উপযুক্ত চিকিৎসায় সে সুস্থ হয়ে উঠবে।"
51448,"হেলো। এক বছরেরও বেশি সময় ধরে পিত্তথলিতে পাথর থাকার ইতিহাস লক্ষ্য করা গেছে। হ্যাঁ, তার উপসর্গগুলো পিত্তথলির পাথরের রোগের কারণে হতে পারে। শারীরিক পরীক্ষা এবং ক্লিনিকাল মূল্যায়নের জন্য আপনার মাকে একজন ডাক্তারের কাছে, বিশেষ করে একজন জেনারেল সার্জনের কাছে নিয়ে যাওয়া সবচেয়ে ভালো। অন্যান্য যে বিষয়গুলো অবশ্যই বাদ দিতে হবে তা হলো পেশীর টান এবং পাকস্থলী/অন্ত্রের সমস্যা। ডায়াগনস্টিকস (যেমন আল্ট্রাসাউন্ড, লিভার ফাংশন টেস্ট, রক্ত পরীক্ষা ইত্যাদি) এবং ব্যবস্থাপনা (চিকিৎসা এবং অস্ত্রোপচার) সেই অনুযায়ী পরিচালিত হবে। যদি এটি সত্যিই পিত্তথলির পাথরের কারণে হয়, তবে এর নিশ্চিত চিকিৎসা হলো কোলেসিস্টেক্টমি (অস্ত্রোপচারের মাধ্যমে পিত্তথলি অপসারণ), যা ল্যাপারোস্কোপিকভাবে (গোল্ড স্ট্যান্ডার্ড) বা ওপেন পদ্ধতিতে করা যেতে পারে। কম চর্বিযুক্ত এবং কম লবণযুক্ত খাবার খাওয়ার পরামর্শ দেওয়া হলো। আশা করি এটি সাহায্য করবে। দিনটি ভালো কাটুক!!~ নাসেনিয়া ডক।"
74554,"হেলো, শুভ সকাল। আমি নাসেনিয়া ডক। এস.কাটস -সুপার-স্পেশালিস্ট - ভারত থেকে - নাসেনিয়া ডক ভার্চুয়াল-অনলাইন ক্লিনিকে আপনার স্বাস্থ্য সংক্রান্ত প্রশ্নের উত্তর দিচ্ছি। আমি আপনার প্রশ্নটি গভীরভাবে পড়েছি এবং আপনার উদ্বেগগুলো বুঝতে পেরেছি। আমার মতে - প্রতিকার হবে - ক- একজন সার্জনের সাথে পরামর্শ করুন - যিনি এর কারণ খুঁজে বের করবেন - পিত্তথলির রোগ? হেপাটাইটিস - কারণ টিউমারটি ডান পাঁজরের নিচে থাকে এবং ঘুমের সময় বৃদ্ধি পায় ও আপনার শ্বাস-প্রশ্বাসে চাপ সৃষ্টি করে। খ- ব্যথার কারণ নির্ণয়ের জন্য আমি বুকের এক্স-রে/ইউএসজি/এমআরআই করার পরামর্শ দেব। গ- পিঠের ব্যথা থেকে আলাদা করার জন্য, এনএসএআইডি (NSAID) দিয়ে ট্রায়াল চিকিৎসা করুন। যদি ব্যথা কমে যায়, তবে মেরুদণ্ড সম্পর্কিত পিঠের ব্যথার সম্ভাবনা বেশি। যদি ব্যথা থেকেই যায়, তবে লিভার/পিত্তথলি/ফুসফুসের রোগের সম্ভাবনা বেশি। আপনার দ্রুত আরোগ্য কামনা করছি। যদি এটি আপনাকে এখনও উদ্বিগ্ন করে তবে যেকোনো প্রশ্নের জন্য স্বাগতম।"
86781,"আপনার অনুসন্ধানের জন্য ধন্যবাদ। আমি আপনার অনুসন্ধানটি দেখেছি। দাঁতের ব্যথা দাঁত বা মাড়ির সংক্রমণের কারণে হতে পারে। জ্বালাপোড়া আলসার বা টুথব্রাশের আঘাতের কারণে মাড়ির কোনো ক্ষতির কারণে হতে পারে। একজন ওরাল ফিজিশিয়ানের সাথে পরামর্শ করুন এবং এটি নিশ্চিত করুন। যদি দাঁতে সংক্রমণ থাকে তবে আপনাকে আরসিটি (RCT) দিয়ে চিকিৎসা করাতে হবে। যদি এটি আলসার হয়, তবে আপনি অ্যানাবেল জেলের মতো টপিক্যাল অ্যানেস্থেটিক এবং ব্যথানাশক ব্যবহার করতে পারেন। ব্যথার জন্য আপনি ৩ দিন ধরে দিনে তিনবার ফ্লেক্সন (আইবুপ্রোফেন ৪০০ মিগ্রা এবং প্যারাসিটামল ৫০০ মিগ্রা) ট্যাবলেট খেতে পারেন। অ্যামোক্সিসিলিন ৫০০ মিগ্রা ট্যাবলেট দিনে ৩ বার (যদি আপনার অ্যালার্জি না থাকে)। লবণ পানি দিয়ে কুলকুচি করুন। তিনবারের বেশি নেবেন না। আশা করি আমার উত্তরটি আপনাকে সাহায্য করবে, ভালো থাকবেন।"
61934,"নাসেনিয়া ডকে আপনাকে স্বাগতম। আমি আপনার উদ্বেগ বুঝতে পারছি কিন্তু চিন্তা করবেন না। এই বয়সের শিশুদের জ্বরের সবচেয়ে সম্ভাব্য কারণ হলো ভাইরাসজনিত সংক্রমণ, যা সময়ের সাথে নিজে থেকেই সেরে যায়। লক্ষণ অনুযায়ী চিকিৎসা নিলে কয়েক দিনের মধ্যেই এটি ভালো হয়ে যায়। জ্বরের প্রকোপ বাড়লে ক্যালপল (Calpol) চালিয়ে যান। যদি জ্বর তিন দিনের বেশি স্থায়ী হয় বা আরও খারাপ হয়, তবে সঠিক ক্লিনিকাল পরীক্ষা এবং নিশ্চিত চিকিৎসার জন্য অবশ্যই একজন শিশু বিশেষজ্ঞের পরামর্শ নিন। ভালো থাকবেন।"
57081,"হেলো, বুক ধড়ফড়ানি দুই ধরনের হতে পারে - সাইনাস ট্যাকিকার্ডিয়া - হৃদস্পন্দন বেশি কিন্তু হৃদস্পন্দনের ছন্দ স্বাভাবিক... একটি খুব গুরুতর নয়, দ্বিতীয়টি হলো অ্যারিথমিয়া... বিভিন্ন ধরণের অ্যারিথমিয়া আছে এবং সেগুলো অত্যন্ত বিপজ্জনক। কোনো পরামর্শ দেওয়ার আগে ইসিজি (ECG) করা প্রাথমিক প্রয়োজন। বুক ধড়ফড়ানির কারণ নির্ণয়ের জন্য আমি আপনাকে ইসিজি হোল্টার (২৪ ঘণ্টার হার্ট বিট মনিটরিং) করার পরামর্শ দেব। ডাক্তারের পরামর্শ ছাড়া ডায়াজেপাম বাড়াবেন না। যদি পরীক্ষায় এটি স্বাভাবিক ট্যাকিকার্ডিয়া হিসেবে ধরা পড়ে, তবে আরাম পাওয়ার জন্য প্রোপানোলল ট্যাবলেটও যোগ করা যেতে পারে।"
14618,"নাসেনিয়া ডকে আপনাকে স্বাগতম। আপনার সমস্যাটি পড়েছি, ফাইব্রয়েডের চিকিৎসার প্রধান উপায় হলো অস্ত্রোপচারের মাধ্যমে জরায়ু অপসারণ করা, তবে আপনি যদি গর্ভধারণ করতে চান তবে এমন ওষুধ সেবন করা উচিত যা ফাইব্রয়েডের আকার কমাতে পারে, কিন্তু এটি পুরোপুরি সারিয়ে তুলতে পারে না। এর চিকিৎসা হলো হরমোন রিপ্লেসমেন্ট থেরাপি। এটি আপনাকে গর্ভধারণে সাহায্য করে। গর্ভাবস্থায় ফাইব্রয়েডের জটিলতা হলো গর্ভপাত এবং অকাল প্রসব, তাই আপনার ডাক্তারের সাথে পরামর্শ করুন এবং তার পরামর্শ অনুযায়ী চিকিৎসা শুরু করুন।"
37140,"হেলো, প্রস্তাবিত মাত্রা হলো দিনে দুবার দুই টেবিল চামচ পানি বা বিশেষ করে দুধের সাথে সেবন করা। পণ্যটি ৬০ ক্যাপসুলের একটি প্যাক হিসেবে পাওয়া যায়। প্রস্তাবিত মাত্রা হলো দিনে দুবার (সকাল এবং সন্ধ্যা) একটি ক্যাপসুল জল বা বিশেষ করে দুধের সাথে সেবন করা। এটি এক মাস ধরে সেবন করা যেতে পারে এবং প্রতি ১৫ দিন অন্তর ওজন পরীক্ষা করা যেতে পারে। ওজন বৃদ্ধির জন্য স্বাস্থ্যকর খাবার সবচেয়ে গুরুত্বপূর্ণ। ভালো ফলাফল পেতে আপনার প্রতিদিনের প্রোটিন গ্রহণ বাড়ান। আশা করি আমি আপনার প্রশ্নের উত্তর দিতে পেরেছি। আমি আপনাকে আরও কোনোভাবে সাহায্য করতে পারি কিনা তা জানাবেন।"
77025,"হেলো, এএসটি (জিওটি) এবং এএলটি (এসজিপিটি) বিভিন্ন ধরণের রোগের কারণে লিভারের ক্ষতির সংবেদনশীল নির্দেশক। তবে এটি জোর দিয়ে বলা প্রয়োজন যে, এই লিভার এনজাইমগুলোর স্বাভাবিকের চেয়ে বেশি মাত্রা মানেই যে লিভারের রোগ, তা নয়। এগুলো লিভারের সমস্যার লক্ষণ হতে পারে আবার নাও হতে পারে। যদি চিকিৎসা কাজ করে, তবে এএলটি-এর মাত্রা প্রায়শই স্বাভাবিক অবস্থায় ফিরে আসে। চিকিৎসার প্রক্রিয়ায় যদি এএলটি-এর মাত্রা দ্রুত কমে যায়, তবে এটি চিকিৎসার প্রতি প্রতিক্রিয়ার একটি ইতিবাচক দিক। এএসটি এবং এএলটি-এর মাত্রা বেড়ে যাওয়ার ব্যাখ্যা সম্পূর্ণ ক্লিনিকাল পরিস্থিতির ওপর নির্ভর করে, তাই লিভারের রোগ মূল্যায়নে অভিজ্ঞ চিকিৎসকদের মাধ্যমে এটি করা সবচেয়ে ভালো। চিকিৎসার পর আপনার ওজন বৃদ্ধির বিষয়ে বলতে গেলে - চিকিৎসার সময় মানুষ ওজন কমায় এবং চিকিৎসা শেষ হওয়ার পরপরই ক্ষতিপূরণমূলক প্রতিক্রিয়া হিসেবে তাদের ওজন বৃদ্ধি পায়। ধন্যবাদ।"
103939,"হেলো, নাসেনিয়া ডকে পোস্ট করার জন্য ধন্যবাদ। এইচবিএসএজি (HBsAg) হলো হেপাটাইটিস বি ভাইরাসের (HBV) পৃষ্ঠীয় অ্যান্টিজেন। পজিটিভ টেস্ট নির্দেশ করে যে আপনি বর্তমানে হেপাটাইটিস বি সংক্রমণে ভুগছেন। হেপাটাইটিস বি ভাইরাসের বিরুদ্ধে সাম্প্রতিক টিকা নেওয়ার কারণে এইচবিএসএজি টেস্ট পজিটিভ হতে পারে। তবে, টিকা নেওয়ার ১৪ দিনের পরেও এই পজিটিভিটি বজায় থাকার সম্ভাবনা কম। এইচবিএসএজি হলো এনভেলপ অ্যান্টিজেন এবং এটি একটি হেপাটাইটিস বি ভাইরাল প্রোটিন। পজিটিভ টেস্ট সক্রিয় ভাইরাল প্রতিলিপির একটি নির্দেশক এবং এটি নির্দেশ করে যে ব্যক্তিটি সংক্রামক। এর মানে হলো, হেপাটাইটিস বি দ্বারা সংক্রমিত ব্যক্তি সম্ভবত অন্য কারো মধ্যে ভাইরাসটি ছড়ান। আপনার পরীক্ষার ফলাফল নির্দেশ করে যে আপনি হেপাটাইটিস বি পজিটিভ কিন্তু সংক্রামক অবস্থায় নেই। আপনাকে অ্যান্টিভাইরাল ওষুধ এবং ইন্টারফেরন দিয়ে চিকিৎসা করা যেতে পারে। অনুগ্রহ করে রিপোর্টগুলো নিয়ে একজন চিকিৎসকের সাথে পরামর্শ করুন এবং পরবর্তী চিকিৎসার ব্যবস্থা নিন। আশা করি প্রদত্ত তথ্য সহায়ক হবে। আপনার জন্য শুভকামনা।"
50645,"হেলো... নাসেনিয়া ডকে আপনাকে স্বাগতম। আমি আপনার প্রশ্নটি দেখেছি এবং আপনার উদ্বেগ বুঝতে পারছি... আপনার অভিযোগ অনুযায়ী, শরীরে ইনজেকশন দেওয়া টক্সিন রাসায়নিকের প্রতি অ্যালার্জিক প্রতিক্রিয়ার কারণে এবং যেহেতু হুল ফোটানোর সংখ্যা বেশি, তাই টক্সিনের ঘনত্ব বেশি এবং এর কারণেই আপনার চুলকানি ও র‍্যাশ হয়েছে। আপাতত আপনি লেভোসেটিরিজিন এবং ফেক্সোফেনাডিন অ্যালেগ্রার মতো অ্যান্টি-অ্যালার্জিক ওষুধ খেতে পারেন, র‍্যাশের ওপর একটি স্টেরয়েড মলম লাগাতে পারেন, ঠান্ডা সেঁক দেওয়া এবং ক্যালামাইন লোশন ব্যবহার করাও ত্বককে আরাম দিতে এবং চুলকানি কমাতে সাহায্য করতে পারে। যদি এরপরও কোনো উন্নতি না হয়, তবে একজন অ্যালার্জি বিশেষজ্ঞের পরামর্শ নিন, তিনি আপনাকে ইনজেকশনযোগ্য অ্যান্টি-অ্যালার্জিক এবং স্টেরয়েডও দিতে পারেন। আশা করি এই তথ্যটি আপনার উপকারে আসবে। ধন্যবাদ এবং শুভেচ্ছা। নাসেনিয়া ডক।"
111774,"গোড়ালিতে কালশিটে পড়া এবং হাড় জোড়া লাগার প্রক্রিয়ার সময় আমরা ব্যথা অনুভব করি। এই ধরনের ক্ষেত্রে অ্যান্টি-ইনফ্ল্যামেটরি এবং ব্যথানাশক ওষুধ প্রয়োজন অনুযায়ী সেবন করতে হয়, যদি আপনার এগুলোতে কোনো অ্যালার্জি না থাকে। আমার রোগীদের জন্য দীর্ঘমেয়াদী আরও নিশ্চিত এবং ক্ষতিকারক নয় এমন পরামর্শ হলো নাসেনিয়া ডক শুরু করা। এটি প্রাকৃতিক অ্যান্টি-ইনফ্ল্যামেটরি, ব্যথানাশক এবং ব্যাকটেরিওস্ট্যাটিক ওষুধ। দ্রুত হাড় জোড়া লাগা এবং কালশিটে পড়ার জন্য আপনি যদি লানাই গুগ্গুল (ভারতে সাধারণ, অন্য কোথাও ইন্টারনেটে খুঁজে পাবেন) নিতে পারেন, তবে এটি সম্পূর্ণ নিরাপদ আয়ুর্বেদিক ওষুধ। আপনার হাড়ের ভাঙনটি সঠিক অবস্থানেই হওয়া উচিত কারণ এটি শুধুমাত্র সঠিক অবস্থানেই সেরে যাবে। আশা করি এটি সাহায্য করবে।"
58574,"হেলো, নাসেনিয়া ডকে আপনাকে স্বাগতম। আপনি যে বদহজমে ভুগছেন তা সাধারণত অধিকাংশ রোগীর পিত্তথলি অপসারণের পরে দেখা যায়। বিশেষ করে চর্বিযুক্ত খাবার গ্রহণের পর পিত্তথলি অপসারণের আগের ব্যথার মতো তীব্র ব্যথা হতে পারে। উচ্চ ফাইবারযুক্ত খাবার এবং বেশি পরিমাণে তরল খাবার গ্রহণের মাধ্যমে কোষ্ঠকাঠিন্য নিরাময় করা সম্ভব। গ্যাস্ট্রিক আলসার, পিঠের সমস্যা, নিউমোনিয়া, হৃদপিণ্ডের ব্যথা এবং কিডনিতে পাথরও রোগীদের ব্যথার কারণ হতে পারে। তাই, ব্যথাকে হালকাভাবে নেওয়া উচিত নয়। অবিলম্বে একজন চিকিৎসকের সাথে যোগাযোগ করুন। আপনার সুস্বাস্থ্য কামনা করি।"
2625,"হেলো, নাসেনিয়া ডকে লেখার জন্য ধন্যবাদ, আমি নাসেনিয়া ডক। হার্ট ফেইলিউরের ক্ষেত্রে একজন ডাক্তারের কাছে ডেভোটেড আসলে শেষ অবলম্বনগুলোর একটি। যখন হৃদপিণ্ড প্রয়োজনের মতো পর্যাপ্ত পাম্প করার মতো যথেষ্ট দুর্বল হয়ে পড়ে, তখন এমন খুব বেশি বিকল্প নেই যা নিষ্ঠার সাথে কার্যকর হতে পারে। তবে আপনি আপনার ডাক্তারদের সাথে ডিগক্সিন সম্পর্কে আলোচনা করতে পারেন। সাধারণত যে রোগীরা ডিগক্সিন গ্রহণ করেন তাদের ক্ষেত্রে ডিগক্সিনে পরিবর্তন করা কঠিন হয় কারণ ডিগক্সিনের পার্শ্বপ্রতিক্রিয়া কম এবং এর পার্শ্বপ্রতিক্রিয়াও বেশি। আপনার মায়ের ক্ষেত্রে ডিগক্সিন নেওয়ার একমাত্র উপায় হলো ডাইইউরেটিক্স, বিটা ব্লকার, এসিই ইনহিবিটর ইত্যাদির মাধ্যমে দীর্ঘস্থায়ী ব্যর্থতা থেকে বেরিয়ে আসা। যদি এখানে ইজেকশন ফ্র্যাকশন খুব কম হয় এবং তিনি দীর্ঘস্থায়ী ফেইলিউরে থাকেন, তবে আইসোটোপই একমাত্র বিকল্প। আশা করি এটি আপনার প্রশ্নের উত্তর দিয়েছে, আপনার আরও কোনো জিজ্ঞাসা থাকলে আমি উত্তর দিতে পেরে খুশি হব। শুভেচ্ছা।"
12900,"হেলো, প্রশ্নটি করার জন্য ধন্যবাদ। ফিলিং করা দাঁতে ব্যথা দুটি কারণে হতে পারে। ফিলিং করা দাঁতের নিচে ডেন্টাল ক্যারিস বা ক্ষয় থেকে যেতে পারে, যা পাল্প টিস্যু পর্যন্ত পৌঁছে প্রদাহ সৃষ্টি করে, যাকে পালপাইটিস বলা হয়। অথবা, চিবানোর সময় বা দাঁত নড়াচড়ার সময় ব্যথা অনুভব করলে দাঁতের উঁচু অংশ থাকতে পারে। আমি আপনাকে একজন ডেন্টিস্টের কাছে গিয়ে এক্স-রে করানোর পরামর্শ দেব, সেই অনুযায়ী রুট ক্যানেল চিকিৎসার মাধ্যমে ফিলিংটি পরিবর্তন করতে হবে। ব্যথানাশক হিসেবে দিনে দুবার ৫০০ মিগ্রা কোকুইটলাম ট্যাবলেট সেবন করুন। আশা করি এটি আপনাকে সাহায্য করবে। শুভেচ্ছা।"
17588,"হেলো, নাসেনিয়া ডকের সাথে পরামর্শ করার জন্য ধন্যবাদ। আপনার প্রশ্নটি পড়েছি, দাঁত তোলার এক সপ্তাহ পরেও যেহেতু আপনার মাথাব্যথা এবং কানে ব্যথা হচ্ছে, এটি ভাইরাল সংক্রমণের কারণে হতে পারে, অথবা এটি দুর্বলতা, বিপরীত পাটির দাঁতে থাকা দাঁতে ক্ষয় বা ইমপ্যাক্টেড দাঁতের কারণে হতে পারে। খুব বেশি চিন্তিত হবেন না, মাথাব্যথা এবং কানের ব্যথার জন্য আপনার একজন চিকিৎসকের পরামর্শ নেওয়া উচিত এবং যদি এতে উপশম না হয়, তবে মুখগহ্বর পরীক্ষার জন্য একজন ডেন্টিস্টের সাথে পরামর্শ করুন। ইতিমধ্যে, সঠিক পুষ্টিকর ও স্বাস্থ্যকর খাবার গ্রহণ করুন, পর্যাপ্ত ঘুমান এবং মানসিক চাপ নেবেন না। আশা করি এটি আপনাকে সাহায্য করবে। আপনার সুস্বাস্থ্য কামনা করছি।"
6404,"হেলো, আপনার প্রশ্নটি করার জন্য ধন্যবাদ। এটি দুর্ভাগ্যজনক যে আপনি এখনও পুরোপুরি সুস্থ হননি। কখনও কখনও সুস্থ হতে দেরি হতে পারে। আমি আপনাকে অনুরোধ করব আপনার চিকিৎসকদের সাথে আলোচনা করে আরও কার্যকর ফিজিওথেরাপি এবং ব্যথানাশক ওষুধ গ্রহণ করার জন্য। এটি নিশ্চিত করবে যে আপনি দ্রুত সুস্থ হয়ে উঠবেন। আশা করি এটি আপনাকে সাহায্য করবে। আপনার যদি আরও কোনো তথ্যের প্রয়োজন হয় তবে অনুগ্রহ করে জানাবেন। শুভকামনা, নাসেনিয়া ডক।"
2977,"হেলো, অনুসন্ধানের জন্য ধন্যবাদ। প্রস্রাবে রক্ত (হেমাচুরিয়া) মূত্রতন্ত্রের সাথে সম্পর্কিত একটি বিষয় এবং রক্তপাতের উৎস খুঁজে বের করার জন্য বিস্তারিত পরীক্ষা-নিরীক্ষা করা প্রয়োজন। ক্লিনিকাল এবং ডিজিটাল রেক্টাল পরীক্ষার জন্য একজন যোগ্য ইউরোলজিস্টের সাথে পরামর্শ করুন এবং রোগ নির্ণয়ের জন্য নিম্নলিখিত প্রাথমিক পরীক্ষাগুলো করান: ১) প্রস্রাবের রুটিন এবং কালচার পরীক্ষা। ২) পেট এবং পেলভিসের আল্ট্রাসাউন্ড স্ক্যান। ৩) সিরাম পিএসএ (PSA)। ৪) মূত্রাশয়ের এন্ডোস্কোপিক পরীক্ষা (সিস্টোস্কোপি)। ৫) মূত্রতন্ত্রের সিটি স্ক্যান (প্রয়োজন হলে)। পরবর্তী চিকিৎসা এই পরীক্ষাগুলোর ফলাফল এবং চূড়ান্ত রোগ নির্ণয়ের ওপর নির্ভর করবে। ডাক্তারের সাথে চ্যাট করুন।"
8980,"হেলো, আপনি বলেছেন যে আপনার পিঠের ডান দিকে ব্যথা আছে, কিছু প্রশ্নের উত্তর দেওয়া প্রয়োজন। এটি কি প্রস্রাবের সমস্যার সাথে সম্পর্কিত? ব্যথার তীব্রতা কেমন? ব্যথা কি পিঠ থেকে সামনের দিকে ছড়িয়ে পড়ছে? সামনের দিকে ঝুঁকলে কি ব্যথা বেশি হয়? পিঠের ব্যথা পেশীর ব্যথা বা পাথরের কারণে হতে পারে। উপরের প্রশ্নগুলোর উত্তর কারণ নির্ণয়ে সাহায্য করবে। কারণটি নিশ্চিত করার জন্য আপনাকে ইমেজিং পরীক্ষা করাতে হতে পারে। এমন প্রতিবেদন রয়েছে যে দীর্ঘমেয়াদী টপিরামেট সেবনের ফলে কিডনিতে পাথর তৈরি হতে পারে। এমনকি দীর্ঘমেয়াদী ভিটামিন ডি গ্রহণও এর কারণ হতে পারে। আপনার চিকিৎসকের সাথে দেখা করা সবচেয়ে ভালো, যিনি আপনার সন্দেহ দূর করতে পারবেন। নিজের যত্ন নেবেন।"
44380,"হেলো, নাসেনিয়া ডক ফোরামে আপনাকে স্বাগতম। কোমরের নিচের বাম দিকে ব্যথা ক্লিও স্যাক্রাল জয়েন্ট বা হিপ জয়েন্টের আর্থ্রাইটিসের কারণে হতে পারে। এটি মূত্রাশয়ের কাছাকাছি ইউরেটারে পাথরের কারণেও হতে পারে। আমি আপনাকে রোগ নির্ণয় এবং চিকিৎসার জন্য একজন অর্থোপেডিক সার্জনের সাথে পরামর্শ করার পরামর্শ দিচ্ছি। রোগ নির্ণয়ের জন্য আপনার এমআরআই (M.R.I.) করার প্রয়োজন হতে পারে। ব্যথা না কমা পর্যন্ত আলু, অন্যান্য কন্দ জাতীয় সবজি, টমেটো, ডিম, মুরগির মাংস এবং সামুদ্রিক খাবার খাওয়া থেকে বিরত থাকুন। দ্রুত সুস্থতার জন্য প্রচুর পরিমাণে সবুজ শাকসবজি, ডাল, অঙ্কুরিত শস্য এবং প্রোটিন সমৃদ্ধ খাবার খান। আপনার দ্রুত এবং সম্পূর্ণ সুস্থতা কামনা করছি। ধন্যবাদ।"
99593,"হেলো, নাসেনিয়া ডকের সাথে যোগাযোগ করার জন্য ধন্যবাদ। আপনার ফ্যাটি লিভার আছে বলে উল্লেখ করেছেন। তাই প্রথম সম্ভাবনা হলো এটি লিভার বা গ্যাস্ট্রিকের সমস্যার কারণে রেফার্ড পেইন হতে পারে। দ্বিতীয় পেইনটি অতিরিক্ত ব্যায়াম, ভারী ওজন তোলা বা অন্য কোনো অস্বাভাবিক পরিস্থিতির কারণে পেশীর টান থেকে হতে পারে। তৃতীয় পেইন কস্টোকন্ড্রাইটিসের কারণে হতে পারে। বিশ্রাম নিন। ব্যথার জন্য ব্যথানাশক ওষুধ সেবন করুন। কয়েকদিন ভারী কাজ থেকে বিরত থাকুন। ব্যথার জন্য গরম সেঁক নিতে পারেন। আপনি কয়েক দিনের মধ্যেই সুস্থ হয়ে উঠবেন। যদি সমস্যা বাড়তে থাকে, তবে পাঁজরের হাড় ভাঙার মতো অবস্থা আছে কিনা তা নিশ্চিত করতে এক্স-রে করান। আশা করি আপনার সমস্যার সমাধান হয়েছে। নিজের যত্ন নিন।"
89414,"হেলো এবং নাসেনিয়া ডকে আপনাকে স্বাগতম। আপনার অনুসন্ধানের জন্য ধন্যবাদ। আপনার গ্যাস্ট্রোস্টমি করা উচিত এবং খাদ্যনালীর ক্যান্সার আছে কিনা তা নিশ্চিত হওয়া উচিত। এটি কেবল ""সাময়িক"" হতে পারে না। এটি গুরুতর এবং এর অবিলম্বে চিকিৎসা করা প্রয়োজন। তাই আমার মনে হয় না আপনার ক্যান্সার আছে। আপনার তীব্র গ্যাস্ট্রাইটিস রয়েছে যা আলসার থেকে রক্তপাত এবং গাঢ় মলের কারণ হতে পারে। আপনার অন্যান্য উপসর্গগুলো এর সাথে সম্পর্কিত বা উদ্বেগের কারণে হতে পারে। তাই আপনার অবশ্যই অ্যান্টাসিড ওষুধ সেবন করা উচিত, গ্যাস্ট্রোপ্রোটেক্টিভ ডায়েট মেনে চলা উচিত এবং ঘন ঘন গ্যাস্ট্রোস্টমি চেক-আপ করা উচিত। আপনার সুস্বাস্থ্য কামনা করি।"
5993,"নাসেনিয়া ডকে আপনার প্রশ্নের জন্য ধন্যবাদ। আমি আপনার পরিস্থিতি এবং সমস্যাটি বুঝতে পারছি। আমার মতে, আপনার ছেলের নিচের যেকোনো একটি কারণে অ্যালার্জির প্রতিক্রিয়া হচ্ছে। ১. অ্যাজিথ্রোমাইসিন (জেড প্যাক) এর প্রতি তাৎক্ষণিক অ্যালার্জির প্রতিক্রিয়া। ২. অ্যামোক্সিসিলিনের প্রতি অ্যালার্জির প্রতিক্রিয়ার বিলম্বিত সময়। নিশ্চিতভাবেই তার অ্যালার্জির প্রতিক্রিয়া হচ্ছে। অ্যালার্জির প্রতিক্রিয়া দুই ধরনের হয়। ১. তাৎক্ষণিক ধরনের প্রতিক্রিয়া কয়েক মিনিট থেকে কয়েক ঘণ্টার মধ্যে ঘটে। ২. বিলম্বিত (বিলম্বিত) ধরনের প্রতিক্রিয়া ২-৩ দিন পরে ঘটে। তাই চর্মরোগ বিশেষজ্ঞের সাথে পরামর্শ করে উপযুক্ত চিকিৎসা শুরু করা ভালো। অ্যালার্জির চিকিৎসা নাসেনিয়া ডক। সন্দেহভাজন ওষুধ বন্ধ করুন।"
71496,"হেলো, নাসেনিয়া ডকে আপনাকে স্বাগতম, আপনার প্রশ্নের জন্য ধন্যবাদ। ফিমারে টাইটানিয়াম রড বসানোর সাথে বর্তমান উপলব্ধ তথ্য থেকে আমরা যা জানি তার কোনো সম্পর্ক নেই। তবে, এটি সম্ভব যে এই ধরনের আঘাত এবং অস্ত্রোপচারের পরে নিম্ন অঙ্গের পেশী ব্যবহারের অভাবের কারণে আপনি আপনার পায়ে দুর্বলতা অনুভব করতে পারেন। এটি ডিসইউজ অ্যাট্রোফির মতো কিছু। আপনার চিকিৎসক এবং একজন প্রশিক্ষিত ফিজিওথেরাপিস্টের তত্ত্বাবধানে আপনার নিম্ন অঙ্গের চারপাশের সমস্ত পেশী শক্তিশালী করার ব্যায়াম করার পরামর্শ দেওয়া হচ্ছে। ৩ থেকে ৬ মাসের মধ্যে আপনি এই ধরনের ব্যায়ামের মাধ্যমে আরও ভালো শক্তি অনুভব করতে শুরু করবেন। অন্যদিকে, যদি আপনি পুরো শরীর জুড়ে সাধারণ ক্লান্তি অনুভব করেন, তবে রক্তাল্পতার মতো সাধারণ কারণগুলো বিবেচনা করা উচিত। এটি সম্ভব যে আঘাতের সময় এবং অস্ত্রোপচারের সময় আপনি প্রচুর পরিমাণে রক্ত হারিয়েছেন, যার ফলে রক্তাল্পতা হতে পারে। কিছু রক্ত পরীক্ষার উপর ভিত্তি করে এই পরিস্থিতি থেকে সেরে উঠতে আপনার সাপ্লিমেন্টের প্রয়োজন হতে পারে। ঠান্ডা লাগার বিষয়ে, হালকা গরম অনুভূত হতে পারে। যেহেতু আপনার শরীরে একটি ইমপ্ল্যান্ট রয়েছে, তাই এটি নিশ্চিত হওয়ার জন্য আপনার চিকিৎসকের সাথে দেখা করা ভালো। পরীক্ষা এবং কিছু রক্ত পরীক্ষা এ বিষয়ে প্রমাণ দিতে পারে। আশা করি এটি আপনার প্রশ্নের উত্তর দিয়েছে। আপনার জন্য শুভকামনা, ধন্যবাদ। শুভেচ্ছান্তে, নাসেনিয়া ডক।"
44533,"হেলো ম্যাডাম, আপনার কব্জিতে যে ফোলাভাব হয়েছে তা আঘাতের স্থানে তরল জমার কারণে হয়েছে। যেহেতু আপনার ডাক্তার আপনার শারীরিক অবস্থা মূল্যায়ন করেছেন এবং আপনাকে আশ্বস্ত করেছেন যে কোনো সমস্যা নেই, তাই আমি ধরে নিচ্ছি যে কোনো হাড়ের আঘাত নেই এবং এই ফোলাভাবটি কেবল নরম কলার ফোলা যা কয়েক দিনের মধ্যে কমে যাবে। ২-৩ দিন ধরে প্রতি ৫ মিনিট অন্তর সেখানে গরম সেঁক দিন, এতে এটি কমে যেতে পারে। এটি নিয়ে উদ্বিগ্ন হবেন না, এটি ঠিক হয়ে যাবে। ধন্যবাদ।"
37862,"হেলো, অ্যান্টি-টিবি ওষুধগুলো ভুল নেগেটিভ ট্রিও বা ওয়েস্টার্ন ব্লট টেস্টের কারণ হিসেবে পরিচিত নয়। জিহ্বায় সাদা রঙের দাগ ক্যানডিডিয়াসিস হতে পারে। অনুগ্রহ করে একজন ওরাল মেডিসিন বিশেষজ্ঞের পরামর্শ নিন। ইওসিনোফিলিক হওয়ার অনেক কারণ রয়েছে, যেমন অ্যালার্জিজনিত প্রতিক্রিয়া, ত্বকের সমস্যা, অন্ত্রের কৃমি ইত্যাদি। অনুগ্রহ করে সিরাম আইজিই (IGE) লেভেল পরীক্ষা করুন এবং সিস্ট/ওভার (cyst/ova) আছে কিনা তা দেখার জন্য আপনার মল পরীক্ষা করান। আশা করি আমি আপনার প্রশ্নের উত্তর দিতে পেরেছি। আপনার যদি আরও কোনো প্রশ্ন থাকে, তবে আমি সাহায্য করতে পারলে খুশি হব। শুভেচ্ছান্তে।"
57131,"হেলো, আপনার ফুসফুসের বাম দিকে সংক্রমণ হয়েছে, যার জটিলতা হিসেবে ফুসফুসকে আবৃতকারী পাতলা স্তর প্লুরাতেও প্রদাহ সৃষ্টি হয় এবং এটি একটি ব্যথা সংবেদনশীল অংশ, তাই কাশি, হাঁচি এবং এমনকি হাই তোলার সময়ও এটি বেদনাদায়ক হতে পারে। তবে এর স্থায়িত্ব ১ মাস পর্যন্ত, প্রতিটি নিউমোনিয়া এই সময়ের মধ্যে পুরোপুরি সেরে যাওয়া উচিত। আপনার পুনরায় চেকআপ করানো উচিত, সম্ভবত নিউমোনিয়া পুরোপুরি সেরেছে কিনা এবং অন্য কোনো রোগ নেই তা দেখার জন্য পুনরায় এক্স-রে করা প্রয়োজন। এটি কি প্লুরা নাকি পাঁজরের সমস্যার কারণে এত ব্যথা হচ্ছে? প্রয়োজনে ব্যথার কারণ জানতে আল্ট্রাসাউন্ড বা সিটি স্ক্যান করান। আমার মনে হয় আপনার একজন বিশেষজ্ঞের পরামর্শ নেওয়া উচিত। আশা করি আপনি শীঘ্রই সুস্থ হয়ে উঠবেন।"
6569,"হেলো। আপনার অনুসন্ধানের জন্য ধন্যবাদ। আপনার পেট ফাঁপা, পেট ফুলে যাওয়া, অস্বস্তি এবং হঠাৎ ব্যথা এবং এখন পিঠে ব্যথার ইতিহাস অন্ত্রের বাধার ইঙ্গিত দেয়, যার ফলে অন্ত্র উপরের দিকে উঠে যাওয়ার চেষ্টা করে এবং হঠাৎ ব্যথার সৃষ্টি করে, যাকে স্প্যাজম বলা হয়। আমি আপনাকে নিম্নলিখিত পরামর্শ দিচ্ছি।"
79899,"হেলো। তিনি কেন অনিদ্রার সম্মুখীন হচ্ছেন বা তিনি কোনো ঘুমের ওষুধ খাচ্ছেন কি না, তা জানা গুরুত্বপূর্ণ। যদি ওসিডি (OCD) বিষণ্নতার সাথে সম্পর্কিত হয়, তবে অনিদ্রা থাকতে পারে। অথবা ওসিডি নিজেই আচ্ছন্ন চিন্তা এবং বাধ্যতামূলক কাজের কারণে উদ্বেগের ফলে অনিদ্রার সৃষ্টি করতে পারে। তাই এই সব বিষয়ে তার মনোরোগ বিশেষজ্ঞের সাথে কথা বলুন এবং তার ওষুধের মাত্রা উন্নত করুন। এছাড়া একজন ক্লিনিক্যাল সাইকোলজিস্টের সহায়তায় আচরণগত থেরাপি শুরু করার কথাও বিবেচনা করুন। আপনার সুস্বাস্থ্য কামনা করি।"
44635,"হেলো, যদি এটি কেবল একটি সাধারণ রক্ত জমাট বাঁধা হয়, তবে এর কারণে সৃষ্ট চাপের লক্ষণের ওপর ভিত্তি করে একজন নিউরোসার্জন সিদ্ধান্ত নেবেন যে অস্ত্রোপচার করা প্রয়োজন কি না। যদি এটি কোনো চাপের লক্ষণ সৃষ্টি না করে, তবে আমরা এটি নিজে থেকেই সেরে যাওয়ার জন্য অপেক্ষা করতে পারি। কিন্তু যদি মস্তিষ্কের এমআরআই বা সিটি স্ক্যানে মস্তিষ্কে কোনো তরল জমে থাকতে দেখা যায়, তবে হাই নাসেনিয়া ডক। আশা করি আমি আপনার প্রশ্নের উত্তর দিতে পেরেছি। আমি আপনাকে আরও কোনোভাবে সাহায্য করতে পারি কি না তা জানাবেন। ভালো থাকবেন।"
25365,"আপনার উদ্বেগগুলো আমি বুঝতে পেরেছি এবং আপনার বিস্তারিত তথ্যগুলো দেখেছি। আমি আপনাকে খুব বেশি চিন্তা না করার পরামর্শ দিচ্ছি। বিভিন্ন ডাক্তার ভিন্ন ভিন্নভাবে চিন্তা করেন কারণ প্রত্যেকের নিজস্ব ব্যক্তিত্ব এবং চিন্তাধারা রয়েছে। আপনার ধরনে অটল না হয়ে আপনার ডাক্তারের পরামর্শ অনুযায়ী চলাই ভালো। আরও ভালো হয় যদি, কঠোর ব্যায়াম এবং রিলাক্সেশন পদ্ধতির সাথে সাইকোথেরাপি উদ্বেগ ও বিষণ্নতার কারণে হওয়া অনিদ্রা নিরাময়ে প্রমাণিত। আপনি এই ওয়েবসাইটে আমাকে সরাসরি প্রশ্ন করতে পারেন। যতটা সম্ভব বিস্তারিত তথ্য দেবেন। আমি আপনার অবস্থা নিয়ন্ত্রণে কিছু সাইকোথেরাপি কৌশল লিখে দেব। আমি নিশ্চিত যে এই কৌশলগুলো সফল হবে। আশা করি এটি আপনার প্রশ্নের উত্তর দিয়েছে। আরও স্পষ্টীকরণের জন্য আমি আছি। শুভকামনা।"
36369,"হেলো। এটি একটি পুনরাবৃত্তিমূলক সিস্টের (সম্ভবত সেবাসিয়াস বা জেলাটিনাস) একটি সম্ভাব্য ঘটনা। দুর্ভাগ্যবশত, এই সিস্টগুলো একই স্থানে বা ভিন্ন স্থানে পুনরায় হতে পারে। অস্ত্রোপচারের মাধ্যমে অপসারণের জন্য একজন জেনারেল সার্জনের সাথে পরামর্শ করা সবচেয়ে ভালো। যদি এটি সত্যিই একটি সিস্ট হয়, তবে পুনরায় হওয়ার ঝুঁকি কমাতে অস্ত্রোপচারের সময় এর ভেতরে থাকা ক্যাপসুলটি সম্পূর্ণভাবে অপসারণ করা উচিত। সেই অনুযায়ী অ্যান্টিবায়োটিক চিকিৎসা দেওয়া হবে, বিশেষ করে যদি সিস্টটি সংক্রমিত হয়। আশা করি এটি সাহায্য করবে। দিনটি ভালো কাটুক!!~ নাসেনিয়া ডক।"
7309,"হেলো, সাধারণত লিভার বড় হয়ে যাওয়া হেপাটাইটিস বা ফ্যাটি লিভারের কোনো ধরনের ইঙ্গিত হতে পারে এবং বেশিরভাগ ক্ষেত্রে এর জন্য কোনো নির্দিষ্ট চিকিৎসার প্রয়োজন হয় না। যদি এটি খাদ্যাভ্যাস, স্থূলতা এবং ডায়াবেটিসের কারণে হয়ে থাকে, তবে খাদ্য ও জীবনযাত্রার পরিবর্তন সব ক্ষেত্রেই উপকারী হবে। অ্যালকোহল এবং ভাইরাল হেপাটাইটিস এর সবচেয়ে সাধারণ কারণ এবং এই ক্ষেত্রে চিকিৎসকের পরামর্শ নেওয়া প্রয়োজন। এছাড়া, যদি কোনো সংক্রামক রোগ বা পিত্তনালীর সমস্যা থাকে, তবে আরও গুরুতর সমস্যাগুলো বাদ দেওয়ার জন্য কিছু পরীক্ষা করা প্রয়োজন, যার জন্য সুনির্দিষ্ট চিকিৎসা দরকার। আপনার ভাইরাল মার্কারগুলো পরীক্ষা করা এবং প্রয়োজনে লিভার বায়োপসি করা উচিত। আশা করি আমি আপনার প্রশ্নের উত্তর দিতে পেরেছি। আমি আপনাকে আরও কোনোভাবে সাহায্য করতে পারি কিনা তা জানাবেন। ভালো থাকবেন। নাসেনিয়া ডক। রামস্টাইন, জেনারেল সার্জন।"
59285,"হেলো হরিশ, ক্লিনিকাল ইতিহাস এবং অতিরিক্ত ইনডাইরেক্ট বিলিরুবিনের দিকে তাকালে, আমি হিমোলাইসিসকে প্রধান কারণ হিসেবে মনে করছি। লোহিত রক্তকণিকা বর্ধিত মাত্রায় ভেঙে যাচ্ছে, যা লিভারের চাপের চেয়ে বেশি, এবং সেই কারণেই আপনার ইনডাইরেক্ট বিলিরুবিনের মাত্রা বেশি। আপনি যদি একটি ""রেটিকুলোসাইট কাউন্ট"" পরীক্ষা করান এবং এটি বেশি থাকে, তবে আমরা হিমোলাইসিসের সন্দেহ করতে পারি। আপনি প্রথমে রেটিকুলোসাইট কাউন্ট পরীক্ষা করাতে পারেন এবং তারপর পরবর্তী মূল্যায়নের কথা ভাবা যেতে পারে। পুরো রিপোর্টটি সংযুক্ত করুন, আরও প্রশ্ন থাকলে করতে পারেন, সাহায্য করতে পারলে খুশি হব।"
82716,"তিনি আপনার উদ্বেগ বুঝতে পেরেছেন। ছত্রাকজনিত সংক্রমণের জন্য যথাযথ পরিচ্ছন্নতা এবং বিশেষ করে ব্যক্তিগত অঙ্গের যত্ন প্রয়োজন। আমার ক্লিনিকে ছত্রাকজনিত সংক্রমণ নিয়ে কোনো রোগী এলে, আমি স্থানীয়ভাবে ব্যবহারের জন্য ট্রেবেনাফিন ক্রিম এবং ৩ মাসের জন্য প্রতি সপ্তাহে ফ্লুকোনাজল ১৫০ মিগ্রা ট্যাবলেট সেবনের পরামর্শ দিই। চুলকানি ১৫ দিনের জন্য দিনে দুবার সেটিরিজিনের মতো অ্যান্টিহিস্টামিন সেবনের মাধ্যমে কমানো যেতে পারে। আক্রান্ত স্থানটি হালকা গরম পানি দিয়ে ধুয়ে ফেলুন এবং চুলকাবেন না। যদি কোনো উন্নতি না হয়, তবে প্রয়োজনে চর্মরোগ বিশেষজ্ঞের পরামর্শ নিন। আরও কোনো প্রশ্ন থাকলে নির্দ্বিধায় জিজ্ঞাসা করতে পারেন। আপনাকে সাহায্য করতে পেরে আমি আনন্দিত। ধন্যবাদ।"
47331,"হেলো, নাসেনিয়া ডকের সাথে যোগাযোগ করার জন্য আপনাকে ধন্যবাদ। আমি যদি আপনার চিকিৎসাকারী ডাক্তার হই, তবে আমি আপনাকে জানাতে চাই যে আপনি সিম্বিকোর্ট ইনহেলার ব্যবহার করছেন যা আপনাকে ছত্রাক সংক্রমণের ঝুঁকিতে ফেলছে। তাই সম্ভবত আপনার সংক্রমণটি ছত্রাকজনিত হতে পারে। তবে ক্ষত থেকে গ্রাম স্টেইন পরীক্ষার মাধ্যমে আপনি এটি নিশ্চিত করতে পারেন। এছাড়াও, সম্ভব হলে ফাঙ্গাল কালচার এবং সেনসিটিভিটি পরীক্ষা করুন। রিপোর্টের ভিত্তিতে আপনার চিকিৎসা শুরু করুন। সেনসিটিভ নাসেনিয়া ডক শুরু করার এক সপ্তাহের মধ্যে আপনি সুস্থ হয়ে উঠবেন। আপনার যদি আমাকে অন্য কিছু জিজ্ঞাসা করার থাকে, তবে অনুগ্রহ করে আমার সাথে নাসেনিয়া ডকের মাধ্যমে যোগাযোগ করুন। সংক্রামক রোগ বিশেষজ্ঞ।"
97995,"হেলো, যেহেতু এটি সম্প্রতি শুরু করা হয়েছে এবং ওষুধের কারণে স্বাভাবিক রক্তচাপ রয়েছে, তাই হঠাৎ ওষুধ বন্ধ করলে তা আগের চেয়ে বেড়ে যাবে। সবচেয়ে ভালো উপায় হলো আরও এক বা দুই মাস এটি চালিয়ে যাওয়া, রক্তচাপ ১১০-১২০ এর মধ্যে নিয়ে আসা এবং তারপর ডোজ কমিয়ে ২০ মিগ্রা রাইটার করা। একই সাথে খাবারে লবণের পরিমাণ কমিয়ে দিন, খেলাধুলা চালিয়ে যান, শরীরের আদর্শ ওজন অর্জন করুন এবং সময়ের সাথে সাথে ধীরে ধীরে আমরা আপনাকে ওষুধ পুরোপুরি বন্ধ করতে সক্ষম হব। তবে, একজন হৃদরোগ বিশেষজ্ঞ হিসেবে আমি আপনাকে কঠোরভাবে সতর্ক করব যে হঠাৎ ওষুধ বন্ধ করবেন না, কারণ এক সপ্তাহের মধ্যে আপনার রক্তচাপ আগের চেয়ে বেড়ে যাবে এবং উচ্চ রক্তচাপের কারণে হার্ট অ্যাটাক বা স্ট্রোকের ঝুঁকি ছাড়াও, দীর্ঘমেয়াদে প্রয়োজনীয় ওষুধের মাত্রা বেশি থাকবে। শুভেচ্ছা, নাসেনিয়া ডক।"
8357,"হেলো, নাসেনিয়া ডকের সাথে যোগাযোগ করার জন্য আপনাকে ধন্যবাদ। আমি আপনার এমআরআই (MRI) রিপোর্টটি পর্যালোচনা করেছি। এই ফলাফলগুলো নির্দেশ করে যে, ডিস্ক ফুলে যাওয়া এবং লিগামেন্ট মোটা হয়ে যাওয়ার কারণে আপনার কটিদেশীয় স্নায়ুতে (পিঠের নিচের অংশ থেকে পায়ে যাওয়া স্নায়ু) চাপ সৃষ্টি হচ্ছে। এটি সাধারণত পা এবং কোমরের নিচের অংশে ব্যথার কারণ হয়। চিকিৎসা না করা হলে ব্যথার তীব্রতা বাড়তে পারে। হাঁটার সময় ব্যথা আরও বাড়তে পারে। এছাড়া, পায়ে দুর্বলতা বা অসাড়তা থাকতে পারে। কটিদেশীয় স্নায়ুর তীব্র চাপের ক্ষেত্রে প্রস্রাব নিয়ন্ত্রণে সমস্যা হতে পারে। আশা করি বিষয়টি পরিষ্কার হয়েছে। শুভকামনা, নাসেনিয়া ডক।"
64283,"হেলো, আমবাত বা ত্বকের র‍্যাশ সম্ভবত কোনো অ্যালার্জিক প্রতিক্রিয়ার কারণে হচ্ছে এবং এটি কোনো খাবার বা ওষুধ, ত্বকের প্রসাধনী, ডিটারজেন্ট, চামড়া, ল্যাটেক্স, কোনো ধাতু ইত্যাদির প্রতি অ্যালার্জির কারণে হতে পারে। আমি আপনাকে একজন অ্যালার্জি বিশেষজ্ঞের সাথে পরামর্শ করার এবং একটি পুঙ্খানুপুঙ্খ ক্লিনিকাল মূল্যায়ন করার পরামর্শ দেব। প্যাচ টেস্ট, লাস্ট টেস্ট, ফুড চ্যালেঞ্জ টেস্টের মতো অ্যালার্জি পরীক্ষাগুলো রোগ নির্ণয়ে সাহায্য করতে পারে এবং সেই অনুযায়ী চিকিৎসা করা যেতে পারে। পরীক্ষাগুলো অ্যালার্জেনের সঠিক কারণ খুঁজে বের করতে সাহায্য করবে এবং একবার কারণটি জানা গেলে, অ্যালার্জির আক্রমণ প্রতিরোধ করতে আপনি সেটির সংস্পর্শ এড়িয়ে চলতে পারবেন। অ্যালার্জি বিশেষজ্ঞ আরামের জন্য মুখে খাওয়ার অ্যান্টি-অ্যালার্জিক এবং ইনজেকশনযোগ্য স্টেরয়েডের পরামর্শ দিতে পারেন। ঠান্ডা সেঁক দিন। ক্যালামাইন লোশন ব্যবহার করলে ত্বক আরাম পেতে সাহায্য করতে পারে। আপনাকে ইমিউনোথেরাপিও দেওয়া হতে পারে যা অ্যালার্জির আক্রমণের তীব্রতা এবং ফ্রিকোয়েন্সি কমাতে সাহায্য করবে। আশা করি আমি আপনার প্রশ্নের উত্তর দিতে পেরেছি। আমি আপনাকে আরও কোনোভাবে সাহায্য করতে পারি কিনা তা জানাবেন।"
62517,"হেলো প্রিয়, নাসেনিয়া ডকের সাথে যোগাযোগ করার জন্য আপনাকে ধন্যবাদ। আমি আপনার উদ্বেগ পড়েছি এবং বুঝতে পেরেছি। আমি নাসেনিয়া ডক, আপনার উদ্বেগের উত্তর দিচ্ছি। হ্যাঁ, আপনার ক্ষেত্রে গুরুতর কার্যকলাপ এবং স্টেরয়েড উভয়ই জটিলতা সৃষ্টি করেছে। হারপিস সংক্রমণের কিছু ক্ষেত্রে কর্নিয়াল আলসার বা কেরাটাইটিস হতে পারে যা আরও জটিল হতে পারে। আমি আপনাকে স্টেরয়েড চিকিৎসা না নেওয়ার পরামর্শ দিচ্ছি। কারণ এটি নীরবে আরও আলসার সৃষ্টি করতে পারে। স্টেরয়েড প্রাথমিকভাবে আপনার সমস্যার সমাধান করতে পারে কিন্তু পরে তা আরও খারাপ করতে পারে। তাই স্টেরয়েড এড়িয়ে চলার চেষ্টা করুন। আপনি অ্যাসাইক্লোভির আই ড্রপ নিতে পারেন। এটি আপনার সংক্রমণের চিকিৎসা করতে পারে। ব্যথার জন্য অনুগ্রহ করে গ্যাবাফেন্টিন এবং স্নায়বিক পুনরুদ্ধারের জন্য ভিটামিন বি কমপ্লেক্স গ্রহণ করুন। অনুগ্রহ করে জীবাণুমুক্ত সাধারণ স্যালাইন দিয়ে ঘন ঘন পরিষ্কার করার মাধ্যমে চোখের ভালো স্বাস্থ্যবিধি বজায় রাখুন। এটি আপনাকে সংক্রমণের বিরুদ্ধে আরও ভালোভাবে লড়াই করতে সাহায্য করতে পারে। অনুগ্রহ করে চোখের ওপর সানগ্লাস পরুন কারণ এটি চোখের চাপ কমায় এবং কর্নের আরও ক্ষতি প্রতিরোধ করে। আপনার পরবর্তী যেকোনো প্রশ্নের উত্তর দিতে আমি খুশি হব bit.ly/ তে।"
70920,"হেলো, মনে হচ্ছে নতুন ফ্লোরিং বসানোর পর আপনার ধুলোর অ্যালার্জি আরও বেড়ে গেছে এবং আপনি যদি ইনস্টল করার সময় আশেপাশে থাকেন, তবে এত উচ্চ ধুলোর অ্যালার্জেন লোড আপনার শ্বাসনালীকে ব্যাহত করেছে তা অস্বাভাবিক। যদি আপনার পিক ফ্লো আপনার সেরা রিডিংয়ের ৫০%-এর নিচে থাকে, তবে ফুসফুসের সমস্যা সমাধানের জন্য আপনাকে হাসপাতালে ভর্তি হতে হবে। আপনার একাধিক সংবেদনশীলতা রয়েছে এবং বিভিন্ন জিনিসের সংমিশ্রণের ফলে উপসর্গগুলো হঠাৎ আরও খারাপ হয়েছে। এর মধ্যে রয়েছে পুরনো কার্পেট থেকে আসা ধূলিকণা, মোল্ড (যা সবসময় দেখা যায় না), মেঝে পরিষ্কার করার জন্য ব্যবহৃত রাসায়নিক ইত্যাদি। নিউমোনিয়া বা প্লুরিসি নেই তা নিশ্চিত করার জন্য একটি বুকের এক্স-রে করার পরামর্শ দেওয়া হচ্ছে।"
51375,"হেলো, বারবার র‍্যাশ হওয়ার পেছনে একাধিক কারণ থাকতে পারে। আপনি আপনার ইতিহাসে আপনার বয়স, লিঙ্গ এবং পেশা উল্লেখ করেননি, তাহলে আমি আপনাকে আরও ভালোভাবে সাহায্য করতে পারতাম। আপনার ইতিহাস পড়ার পর আমি প্রাথমিকভাবে অ্যালার্জিজনিত র‍্যাশ থেকে ফোসকা পড়ার একটি রোগ নির্ণয় করতে পারি। এটি হওয়ার আগে আপনি এর কোনো নির্দিষ্ট কারণ খুঁজে বের করুন। সিপ্রোফ্লক্সাসিন বা সিইএ (CEA)-এর মতো অ্যান্টিবায়োটিকের একটি কোর্স সম্পন্ন করুন। আক্রান্ত স্থানটি চাপ দেবেন না, ফাটাবেন না বা চাপ দেবেন না। আক্রান্ত পা-কে পর্যাপ্ত বিশ্রাম দিন এবং উঁচু করে রাখুন। ব্যথার জন্য আপনি দিনে দুইবার প্যারাসিটামল বা ডাইক্লোফেনাক ট্যাবলেট খেতে পারেন। যদি এটি বারবার হতে থাকে, তবে সঠিক রোগ নির্ণয়ের জন্য বিশেষভাবে একজন চর্মরোগ বিশেষজ্ঞের সাথে দেখা করতে পারেন। নিজের যত্ন নেবেন।"
65358,"হেলো, এখানে পরামর্শের বিষয়ে আপনি কী জানতে চাইছেন তা আমি নিশ্চিত নই। তবে, আমি বুঝতে পারছি যে আপনি অনেক কিছুর মধ্য দিয়ে যাচ্ছেন। বিষণ্নতা মানসিক চাপের কারণ হতে পারে। আপনার ঘাড়ের ব্যথা এবং পিঠের উপরের/মাঝখানে ব্যথার মতো শারীরিক সমস্যাগুলো হয়তো আপনার বিবাহবিচ্ছেদের চাপের পাশাপাশি মানসিক চাপ বাড়িয়ে দিচ্ছে। লার্ন (learn)-এর ডোজ বাড়ানো সাহায্য করতে পারে, তবে এর জন্য আপনাকে একজন যোগ্য মনোরোগ বিশেষজ্ঞের সাথে দেখা করতে হবে। এমনকি, যদিও ব্যথানাশক ওষুধ আপনার মেজাজ পরিবর্তন করতে পারে। আপনার সম্পূর্ণ মেডিকেল ইতিহাস জানেন এমন একজন মনোরোগ বিশেষজ্ঞের পরামর্শ নেওয়াই সবচেয়ে ভালো হবে। আশা করি এটি আপনাকে সাহায্য করবে। নিজের যত্ন নেবেন।"
25896,"নাসেনিয়া ডকে আপনার প্রশ্নের জন্য ধন্যবাদ। আমি আপনার শাশুড়ির পরিস্থিতি এবং সমস্যাটি বুঝতে পারছি। অ্যানিউরিজম লিক যদি অস্ত্রোপচারের মাধ্যমে চিকিৎসা না করা হয় তবে তা জীবন-হুমকিপূর্ণ হতে পারে। রোগীর ধীরে ধীরে হাইপোটেনশন এবং তারপর কার্ডিয়াক অ্যারেস্ট হতে পারে। তার ফুসফুসের অবস্থা অস্ত্রোপচারের অনুমতি দিচ্ছে না, তবে আপনাকে অস্ত্রোপচারের ঝুঁকি নিতে হবে কারণ অস্ত্রোপচার ছাড়া তিনি নিশ্চিতভাবে ২-৩ মাসের মধ্যে মারা যাবেন। কিন্তু যদি অস্ত্রোপচার সফল হয়, তবে তিনি সহজেই ৫-৬ বছর বেঁচে থাকতে পারবেন। তাই সার্জনের সাথে ঝুঁকি এবং সুবিধার অনুপাত নিয়ে আলোচনা করুন এবং সেই অনুযায়ী পরিকল্পনা করুন। আশা করি আমি আপনার প্রশ্নের সমাধান করতে পেরেছি। আপনার শাশুড়ির সুস্বাস্থ্য কামনা করছি। ধন্যবাদ।"
65966,"যদি আপনার ভার্টিগোর সাথে ঘর ঘুরছে এমন অনুভূতি (অথবা স্থির থাকা সত্ত্বেও নড়াচড়ার অনুভূতি) থাকে এবং এর সাথে দুর্বলতা, অসাড়তা, শুনতে অসুবিধা ইত্যাদির মতো অন্য কোনো উপসর্গ না থাকে, তবে মেক্লিজিন (দিনে দুবার ১২.৫ মিগ্রা মুখে দিয়ে শুরু করা) কার্যকর হতে পারে। আপনার চিকিৎসকের কাছ থেকে স্কোপোলামিন প্যাচও সাহায্য করতে পারে। যদি আপনার শুধুমাত্র মাথা নাড়াচাড়ার সময় ভার্টিগোর উপসর্গ দেখা দেয়, তবে আমি আপনাকে একজন ডাক্তারের (বা নাক, কান ও গলা বিশেষজ্ঞ) সাথে দেখা করার পরামর্শ দিচ্ছি, যাতে তারা আপনাকে ডিক্স-হ্যালপাইক ম্যানুভার পরীক্ষা করতে পারেন, কারণ আপনি বিপি পিডি (বেনাইন প্যারোক্সিসমাল পজিশনাল ভার্টিগো)-তে ভুগছেন। যদি দাঁড়িয়ে থাকার সময় আপনার মাথা হালকা লাগে কিন্তু ঘর ঘুরছে না এবং অস্বাভাবিক নড়াচড়ার কোনো অনুভূতি না থাকে, তবে সম্ভবত আপনি অর্থোস্ট্যাটিক হাইপোটেনশনে ভুগছেন এবং এই মুহূর্তে আমি আপনাকে সুস্থ থাকার চেষ্টা করার পরামর্শ দেব। নাসেনিয়া ডক।"
107938,"আপনার অনুসন্ধানের জন্য ধন্যবাদ, আমি আপনার অনুসন্ধানটি দেখেছি। গালের ফোলাভাব দাঁত বা মাড়ির সংক্রমণের কারণে সৃষ্ট ফোড়া বা পুঁজ জমার কারণে হয়েছে। একজন ওরাল ফিজিশিয়ানের সাথে পরামর্শ করুন এবং এটি পরীক্ষা করান। আমি যদি আপনার চিকিৎসাকারী ডাক্তার হতাম, তবে মাড়ি ও দাঁতের সংক্রমণ নিশ্চিত করার জন্য আমি আপনাকে আরভিজি (RVG) বা আইওপিএআর (IOPAR)-এর মতো রেডিওগ্রাফ করার পরামর্শ দিতাম। যদি এটি মাড়ি বা দাঁতের সংক্রমণ হয়, তবে আমি আপনাকে ৫ দিনের জন্য অ্যামোক্সিসিলিন এবং মেট্রোনিডাজলের মতো অ্যান্টিবায়োটিকের একটি কোর্স প্রেসক্রাইব করতাম (যদি আপনার অ্যালার্জি না থাকে)। এরপর মাড়ির সংক্রমণের জন্য স্কেলিং এবং রুট প্ল্যানিং করার পরামর্শ দিতাম। যদি এটি দাঁতের সংক্রমণ হয় তবে রুট ক্যানেল চিকিৎসা বা দাঁত তোলার পরামর্শ দিতাম। অ্যান্টিবায়োটিক প্রয়োগের পর ফোলা কমতে দুই দিন সময় লাগে। আশা করি আমার উত্তরটি আপনাকে সাহায্য করবে, ভালো থাকবেন।"
42716,"হেলো! অনুসন্ধানের জন্য ধন্যবাদ। এই চাকাটি হার্নিয়া হওয়ার সম্ভাবনা কম। যেহেতু এটি আঘাতের সাথে নীল রঙের ছিল এবং আঘাতের পরে দেখা দিয়েছে, তাই এটি সম্ভবত একটি হেমাটোমা। এটি আঘাতের কারণে শিরা ফেটে যাওয়ার ফলে দেখা দেয়। রক্ত নরম টিস্যুতে জমা হয়। যদি একটি হেমাটোমা বেশ বড় হয় তবে তা নিজে থেকে অদৃশ্য হবে না। আমি আপনাকে একজন জেনারেল সার্জনের সাথে পরামর্শ করার পরামর্শ দিচ্ছি। হেমাটোমার জন্য ডাক্তারের সাথে কথা বলা উচিত। সন্দেহ থাকলে, নরম টিস্যুর আল্ট্রাসাউন্ড করা যেতে পারে। আশা করি এটি সাহায্য করবে। শুভেচ্ছা।"
68293,"হেলো, নাসেনিয়া ডক ব্যবহার করার জন্য ধন্যবাদ। যদি পরিবর্তনগুলো শুধুমাত্র ইনজেকশনের জায়গাতেই হয়ে থাকে, তবে এটি সম্ভব যে আপনি ইনজেকশনের কারণে অ্যালার্জির প্রতিক্রিয়ার সম্মুখীন হচ্ছেন। একটি ওরাল অ্যান্টি-হিস্টামিন ব্যবহার করলে অ্যালার্জির প্রতিক্রিয়া কমাতে সাহায্য করবে। এগুলো আপনার স্থানীয় ফার্মেসিতে প্রেসক্রিপশন ছাড়াই পাওয়া যায়। আপনার ডাক্তারকে এই প্রতিক্রিয়ার কথা জানানো উচিত যাতে তিনি বিষয়টি নোট করতে পারেন। আশা করি এটি আপনাকে সাহায্য করবে।"
106189,"হেলো, নাসেনিয়া ডকে আপনাকে স্বাগতম। আমি আপনার প্রশ্নটি দেখেছি। যেহেতু আপনার কালার ডপলার স্ক্যান স্বাভাবিক, তাই শুক্রাণুর সংখ্যা কম হওয়ার কারণ হরমোনের স্বল্পতা বা হরমোনের ভারসাম্যহীনতা হতে পারে। টেস্টোস্টেরনের প্রধান হরমোন হলো স্পার্মাটোজেনেসিস। তাই এটি নিশ্চিতভাবে শুক্রাণুর সংখ্যা বাড়াতে সাহায্য করবে। টেস্টোস্টেরন ইনজেকশন নেওয়ার ৩ মাস পর একই রিপোর্ট করবেন। আশা করি আমি আপনার প্রশ্নের উত্তর দিতে পেরেছি। আপনাকে আরও সাহায্য করতে পারলে খুশি হব। নিজের যত্ন নেবেন।"
27690,"হেলো! শুভ সন্ধ্যা। আমি নাসেনিয়া ডক, আপনার প্রশ্নের উত্তর দিচ্ছি। সম্ভবত আপনার চিবুকে একটি অর্গানাইজড হেমাটোমা হয়েছে। এটি শোষিত হতে দীর্ঘ সময় নিতে পারে। তবে, কখনও কখনও এটি ক্যালসিফাইড হয়ে যায় এবং সেক্ষেত্রে এটি সারাজীবন থেকে যেতে পারে। আমি আপনাকে পরামর্শ দেব যে পরবর্তী মতামত এবং প্রয়োজনীয় পদক্ষেপের জন্য একজন ম্যাক্সিলোফেসিয়াল সার্জনের সাথে দেখা করুন। আমি আশা করি এই তথ্যটি আপনার সমস্যার পরবর্তী ব্যবস্থাপনার বিষয়ে আপনার পারিবারিক চিকিৎসক বা আপনার চিকিৎসা প্রদানকারী ডাক্তারের সাথে আলোচনা করতে সাহায্য করবে। কোনো সন্দেহ থাকলে নির্দ্বিধায় জিজ্ঞাসা করুন। আপনার স্বাস্থ্য সমস্যার বিষয়ে সন্দেহ দূর করতে নাসেনিয়া ডককে বেছে নেওয়ার জন্য ধন্যবাদ। আপনার দ্রুত আরোগ্য কামনা করছি। নাসেনিয়া ডক।"
85846,"হেলো। অনুসন্ধানের জন্য ধন্যবাদ। এটি সম্ভবত মাড়ির একটি অংশ যা দুর্ঘটনাবশত সেলাইয়ের সাথে লেগে গিয়ে থাকতে পারে এবং এটি ঝুলে আছে বলে মনে হচ্ছে। তাই আমার পরামর্শ হলো আপনার ডেন্টিস্টের সাথে পরামর্শ করুন এবং একটি ক্লিনিকাল পরীক্ষা করান। যদি মাড়িটি অতিরিক্ত হয় এবং ঝুলে থাকে, তবে তিনি এটি অপসারণ করতে পারেন যাতে এটি কোনো সমস্যা সৃষ্টি না করে এবং যদি এটি ঝুলে থাকে ও বিরক্ত হয় তবে এটি প্রদাহযুক্ত ও বেদনাদায়ক হতে পারে। তাই অন্য মাড়িতে সেলাই করানো অথবা এটি অপসারণ করা ভালো। আশা করি এটি সাহায্য করবে। শুভেচ্ছা।"
85062,"হেলো। নাসেনিয়া ডকে আপনাকে স্বাগতম। প্রথমে আমি আপনাকে আপনার সমস্যার মূল কারণ অর্থাৎ ডেভিয়েটেড নেজাল সেপ্টাম ঠিক করার পরামর্শ দেব এবং আমার মনে হয় আপনি এতদিনে জেনে গেছেন যে এর চিকিৎসা হলো সার্জারি। ডিসপ্রুফস হলো একটি স্টেরয়েড (ডেক্সামেথাসোন), যা দীর্ঘ সময় ধরে সেবন করলে অনেক পার্শ্বপ্রতিক্রিয়া দেখা দেয়। স্বল্পমেয়াদী পার্শ্বপ্রতিক্রিয়ার মধ্যে রয়েছে ক্ষুধা বৃদ্ধি এবং ওজন বৃদ্ধি, সেইসাথে উদ্বেগ ও অস্থিরতাসহ মানসিক পরিবর্তন। এটি গ্যাস্ট্রাইটিসের মতো গ্যাস্ট্রোইনটেস্টাইনাল পার্শ্বপ্রতিক্রিয়াও সৃষ্টি করতে পারে। ইনজেকশনের তুলনায় স্টেরয়েডের লোকাল নেজাল স্প্রে পাওয়া যায়, যার পার্শ্বপ্রতিক্রিয়া কম। আমি আপনাকে এ বিষয়ে আপনার চিকিৎসকের সাথে কথা বলার পরামর্শ দেব। আপনার জন্য শুভকামনা।"
42982,"হেলো। এটি বিশ্বাস করা কঠিন মনে হতে পারে, তবে যে স্নায়ুগুলো আপনার বাহু এবং হাতে রক্ত সরবরাহ করে, সেগুলো মেরুদণ্ডের স্তর থেকে শুরু হয় এবং হাতের সামনের অংশ ও হাতের অঞ্চলের দিকে অগ্রসর হয়। এই স্নায়ুগুলোর গতিপথ মুখের বিভিন্ন অংশ এবং পেশীবহুল সমতলের মধ্য দিয়ে যায়, যা সেগুলোকে এনট্র্যাপমেন্ট নিউরোপ্যাথির প্রতি সংবেদনশীল করে তুলতে পারে। এটি এমন একটি অবস্থা যেখানে একটি স্নায়ু পেশী এবং হাড়ের মধ্যে অথবা পেশীর তন্তুর মধ্যে সংকুচিত হয় যা এটি ভেদ করে বা অতিক্রম করে। এছাড়াও, স্নায়ুগুলো যখন রক্তনালীর চারপাশে ভ্রমণ করে তখন এই সংকোচন ঘটতে পারে যা যান্ত্রিকভাবে সেগুলোর ওপর চাপ সৃষ্টি করতে পারে। সাধারণত যে রোগীদের এই ধরনের সমস্যা থাকে তাদের হাত ও হাতের সামনের অংশে হালকা ব্যথা অনুভূত হয়। যদি এটি খুব বেশি গুরুতর না হয় এবং কোনো স্নায়বিক ঘাটতি সৃষ্টি না করে, তবে প্রিগাবালিন এবং ভিটামিন বি কমপ্লেক্স ট্যাবলেট দিয়ে রক্ষণশীল চিকিৎসা, কার্যকলাপের পরিবর্তন এবং ফিজিওথেরাপি শুরু করা যেতে পারে যা আরাম দেবে। যে কাজগুলো আপনার সমস্যাকে বাড়িয়ে তোলে সেগুলো এড়িয়ে চলুন।"
105479,"হেলো, আমাদের সাথে যোগাযোগ করার জন্য ধন্যবাদ। আমি আপনার উদ্বেগ বুঝতে পারছি। আমি যদি আপনার চিকিৎসাকারী ডাক্তার হতাম, তবে আমি আপনাকে পরামর্শ দিতাম যে নিউস্প্রিন পাউডার স্থানীয়ভাবে ব্যবহারের জন্য একটি ভালো বিকল্প। কিন্তু যদি ই. কোলাই একাধিক সংক্রমণের বিরুদ্ধে প্রতিরোধী হয়, তবে আমি ডেফিনিট-এর মতো ওরাল অ্যান্টিবায়োটিক শুরু করার পরামর্শ দিই। ভালো স্থানীয় স্বাস্থ্যবিধি বজায় রাখুন। আপনার যদি আরও কিছু জিজ্ঞাসা থাকে, তবে অনুগ্রহ করে আমার সাথে যোগাযোগ করুন। নাসেনিয়া ডকের পক্ষ থেকে আপনার সুস্বাস্থ্য কামনা করি। নাসেনিয়া ডক। সংক্রামক রোগ বিশেষজ্ঞ।"
68273,"হেলো, হুমকিটি সংক্রমণের মতো মনে হচ্ছে। ক্লিনডামাইসিনও ভালো শোনাচ্ছে। দাঁতের সংক্রমণের জন্য যে ডোজ দেওয়া হয়েছিল, আপনারও সেই একই ডোজ নেওয়া উচিত। এ বিষয়ে খুব সতর্ক থাকুন। অ্যান্টিবায়োটিক শুরু করার ২ দিন পরেও যদি ব্যথা এবং ফোলা না কমে, তবে অবশ্যই খুব দ্রুত একজন ডাক্তারের সাথে দেখা করুন, কারণ এমনও হতে পারে যে এর নিচে পুঁজ জমেছে যার জন্য ডাক্তারের পরামর্শ প্রয়োজন। শুধু নিশ্চিত করুন যে আপনার ক্লিনডামাইসিনের মেয়াদ এখনো শেষ হয়নি।"
4916,"হেলো, আমি আপনার প্রশ্নটি দেখেছি এবং বিষয়টি বুঝতে পেরেছি। প্রথমেই আপনাকে বলি যে, মানসিক চাপ গর্ভধারণের ক্ষেত্রে সবচেয়ে প্রধান বাধা। আপনি যত বেশি সাধারণ হবেন, আপনার সফল হওয়ার সম্ভাবনা তত বাড়বে। যেহেতু আপনারা মাত্র পাঁচ মাস ধরে একসাথে আছেন, তাই চিন্তার কোনো কারণ নেই। আপনার স্ত্রী স্থায়ীভাবে আপনার সাথে থাকার জন্য এলে আপনারা চেষ্টা করতে পারেন। ইতিমধ্যে, অনুগ্রহ করে আপনার ডাক্তারের পরামর্শ অনুযায়ী ওষুধ চালিয়ে যান। নাসেনিয়া ডক এড়িয়ে চলুন। যদি নিয়মিত ডিম্বস্ফোটন নিশ্চিত করা যায়, তবে বীর্যের ঘনত্বের কারণে স্বাভাবিক পদ্ধতি ব্যর্থ হলে আইইউআই (IUI) চেষ্টা করা যেতে পারে। আশা করি এটি আপনাকে সাহায্য করবে।"
53117,"হেলো, আপনার প্রশ্নটি পোস্ট করার জন্য নাসেনিয়া ডককে বেছে নেওয়ার জন্য ধন্যবাদ। আমি আপনার প্রশ্নটি বিস্তারিতভাবে দেখেছি এবং আপনি কীসের মধ্য দিয়ে যাচ্ছেন তা আমি বুঝতে পারছি। এই তিনটি সরাসরি একে অপরের সাথে সম্পর্কিত নয়। তবে, টেস্টোস্টেরনের মাত্রা কম থাকলে ক্লান্তি এবং বিষণ্নতার মতো উপসর্গ দেখা দিতে পারে। টেস্টোস্টেরনের মাত্রা কম পাওয়া গেলে তা সংশোধন করা বুদ্ধিমানের কাজ হবে। আশা করি আমি আপনার উদ্বেগের উত্তর দিতে পেরেছি। আপনার যদি আরও কোনো প্রশ্ন থাকে, তবে আমি আপনাকে সাহায্য করতে পেরে খুশি হব। ভবিষ্যতে যদি আপনি সরাসরি আমার সাথে যোগাযোগ করতে চান, তবে আপনি নিচে উল্লিখিত লিঙ্কটি ব্যবহার করতে পারেন।"
100443,"নাসেনিয়া ডকে আপনার প্রশ্নের জন্য ধন্যবাদ। আমি আপনার উদ্বেগ বুঝতে পারছি। আদর্শগতভাবে আপনার ক্ষেত্রে প্রথমে ইসিজি এবং টুডি ইকো করা উচিত। যদি উভয়ই স্বাভাবিক থাকে তবে হৃদরোগ নিয়ে চিন্তা করার কোনো কারণ নেই। জিইআরডি (গ্যাস্ট্রোইসোফেজিয়াল রিফ্লাক্স ডিজিজ) একই ধরনের বুকে ব্যথা সৃষ্টি করতে পারে। জিইআরডি গ্যাস্ট্রোইসোফেজিয়াল স্ফিংটারের শিথিলতার কারণে হয়। এর ফলে পাকস্থলীর অ্যাসিড খাদ্যনালীতে উঠে আসে এবং বুকের মাঝখানে ব্যথা ও বমি বমি ভাব সৃষ্টি করে। আপনি প্রোটন পাম্প ইনহিবিটর (পেপসিড) নিচ্ছেন। তবে নাসেনিয়া ডকের পাশাপাশি মানসিক চাপ ও উত্তেজনা এড়িয়ে চলুন। অতিরিক্ত গরম ও মশলাযুক্ত খাবার এড়িয়ে চলুন। জাঙ্ক ফুড খাবেন না। একবারে বেশি না খেয়ে অল্প অল্প করে বারবার খাবার খান। খাওয়ার পর হাঁটাহাঁটি করুন। রিফ্লাক্স রোধ করতে বিছানায় মাথার নিচে ২-৩টি বালিশ ব্যবহার করুন। ওজন বেশি হলে তা কমান। চিন্তা করবেন না, আপনি সুস্থ হয়ে উঠবেন। আশা করি আমি আপনার প্রশ্নের সমাধান দিতে পেরেছি। আপনার সুস্বাস্থ্য কামনা করি। ধন্যবাদ।"
40312,"আমি আপনার উদ্বেগগুলো বুঝতে পারছি। আপনি যে ইতিহাস বর্ণনা করেছেন তা খিঁচুনির সাথে সামঞ্জস্যপূর্ণ। তবে, মৃগীরোগের জন্য ২৪ ঘণ্টার ব্যবধানে অন্তত ২টি খিঁচুনি হওয়া প্রয়োজন। আপনি যদি স্মার্টফোন দিয়ে এমন একটি পরিস্থিতি রেকর্ড করেন তবে তা খুব সহায়ক হবে। এটি শিশুর অবস্থা সম্পর্কে আপনার চিকিৎসকের সাথে আলোচনা করতে সাহায্য করবে। অন্যথায়, শিশুটির ইলেক্ট্রোএনসেফালোগ্রাম (EEG) করা যেতে পারে। খিঁচুনির জন্য দেওয়া অ্যান্টি-কনভালস্যান্ট শুধুমাত্র উপরের পরীক্ষা এবং আপনার শিশুরোগ বিশেষজ্ঞের মতামতের পরেই পরামর্শ দেওয়া হয়। শুভেচ্ছা।"
100189,"হেলো, সিসিকিউ (CCQ) ট্যাবলেট খাওয়া নিরাপদ, তবে আপনার ডাক্তারের তত্ত্বাবধানে এটি গ্রহণ করা উচিত। বারবার আল্ট্রাসাউন্ডের মাধ্যমে আপনার ফলিকলগুলোর বৃদ্ধি ট্র্যাক করুন এবং যখন আপনার ফলিকলগুলো ১৭ থেকে ১৮ মিমি-এর বেশি হবে, তখন ফলিকলগুলো ফাটানোর জন্য ইনজেকশন নিন। ইনজেকশনের পর ২ থেকে ৩ দিন আপনার স্বামীর সাথে শারীরিক সম্পর্কে লিপ্ত থাকুন। পরবর্তী ২ সপ্তাহ প্রজেস্টেরন গ্রহণ করুন। এরপর বাড়িতে প্রস্রাবের মাধ্যমে প্রেগন্যান্সি টেস্ট করুন। আপনি এভাবে ৩ থেকে ৬ মাস চেষ্টা করতে পারেন। আশা করি আমি আপনার প্রশ্নের উত্তর দিতে পেরেছি। শুভেচ্ছা, নাসেনিয়া ডক।"
54761,"হেলো, প্রিয়। আমি আপনার প্রশ্নটি দেখেছি। আমি আপনার উদ্বেগ বুঝতে পারছি। আপনার রক্তাল্পতা আছে, কিন্তু শুধুমাত্র এই রিপোর্টের ভিত্তিতে আমরা বলতে পারি না যে এটি সবসময় আয়রনের অভাবের কারণে হচ্ছে। এর আরও অনেক কারণ থাকতে পারে। এমনকি ভিটামিন বি১২-এর ঘাটতির কারণেও এমনটা হতে পারে। আপনার পেরিফেরাল স্মিয়ার পরীক্ষা এবং সিরাম আয়রন ও ফেরিটিন লেভেল পরীক্ষা করা উচিত। যদি আপনার আয়রন এবং ফেরিটিনের মাত্রা কম আসে, তবে আপনার আয়রন চিকিৎসা নেওয়া উচিত। অন্যথায়, কারণ অনুযায়ী চিকিৎসা নিন। আশা করি আমি আপনার প্রশ্নের উত্তর দিতে পেরেছি, যদি আপনার কোনো সন্দেহ থাকে তবে আমি উত্তর দিতে পেরে খুশি হব। নাসেনিয়া ডক ব্যবহার করার জন্য ধন্যবাদ। আপনার সুস্বাস্থ্য কামনা করি।"
99592,হেলো এবং নাসেনিয়া ডকে আপনাকে স্বাগতম। এর কয়েকটি সম্ভাব্য কারণ থাকতে পারে।
1385,"হেলো, আপনার অনুসন্ধানের জন্য ধন্যবাদ। আমি আপনার অনুসন্ধানটি পড়েছি এবং আপনার উদ্বেগগুলো বুঝতে পেরেছি। দুর্ভাগ্যবশত, আপনি গর্ভবতী হননি। আপনি যদি গর্ভবতী হতেন, তবে এতক্ষণে আপনার বিটা এইচসিজি (beta hCG) পরীক্ষা করা যেত। তাছাড়া, ২০শে জুলাইয়ের স্পটিং বা রক্তপাত আপনার পিরিয়ড বলে মনে হচ্ছে। এখন আপনি সম্ভবত আপনার পরবর্তী পিরিয়ডের মাঝামাঝি সময়ে আছেন। এই চক্রের ডিম্বস্ফোটন নিশ্চিত করার জন্য অনুগ্রহ করে একটি ফলিকুলার গ্রোথ স্ক্যান করান। আপনার জন্য শুভকামনা রইল। আশা করি আমি আপনার প্রশ্নের উত্তর দিতে পেরেছি। আপনার পরবর্তী যেকোনো প্রশ্নের জন্য আমি উপলব্ধ থাকব। নাসেনিয়া ডক।"
1257,"প্রিয় রোগী, ইউটিআই (UTI) সহ পিঠের ব্যথা পেলভিক ইনফ্ল্যামেটরি ডিজিজের কারণে হতে পারে, যা পেলভিক অঙ্গের প্রদাহ। তবে যেহেতু আপনার ব্যথা উভয় পায়ে ছড়িয়ে পড়ছে, তাই ডিস্ক প্রোল্যাপস বা ক্যানাল স্টেনোসিসের সম্ভাবনা বেশি এবং এটি ইউটিআই থেকে ভিন্ন কোনো সমস্যা বলে মনে হচ্ছে। আপনার কি হাঁটতে কোনো অসুবিধা হচ্ছে, অথবা দুই পায়ে ঝিঁঝিঁ ধরা বা অসাড়তা আছে? যদি থাকে, তবে তা ক্যানাল স্টেনোসিসের দিকেই ইঙ্গিত করে। আপনার লাম্বোস্যাক্রাল মেরুদণ্ডের এমআরআই (MRI) এবং পুরো মেরুদণ্ডের স্ক্রিনিং করা প্রয়োজন, কারণ এটি ডিস্ক, স্নায়ু এবং হাড়ের বিস্তারিত তথ্য দেয়। আপনার নিকটস্থ রেডিওলজি সেন্টারে গিয়ে এই পরীক্ষাগুলো করিয়ে নিন। রিপোর্টসহ একজন স্পাইন সার্জনের সাথে দেখা করুন। ইতিমধ্যে, ব্যথানাশক হিসেবে দিনে দুবার ডাইক্লোফেনাক প্লাস থিওকোলকিকোসাইড কম্বিনেশন ট্যাবলেট এবং রাতে ঘুমানোর আগে ভিটামিন বি১২ ও প্রেগাবালিন ৭৫ মিগ্রা ট্যাবলেট ১০ দিন সেবন করুন। এছাড়া বারবার ইউটিআই হওয়ার কারণ নির্ণয়ের জন্য পরীক্ষা করান।"
85460,"হেলো, আমি আপনার উদ্বেগ বুঝতে পারছি। আমি নাসেনিয়া ডক, সংক্রামক রোগ বিশেষজ্ঞ, আপনার উদ্বেগের উত্তর দিচ্ছি। আমি আপনাকে টাইফয়েড পরীক্ষার জন্য পরীক্ষা করার পরামর্শ দিচ্ছি। এটি টাইডাল টেস্টের চেয়ে বেশি সংবেদনশীল এবং সুনির্দিষ্ট পরীক্ষা। যদি এই পরীক্ষাগুলোতেও আপনাকে পজিটিভ দেখায়, তবে আপনি বলতে পারেন যে আপনি সালমোনেলা টাইপ-এর বাহক। যেসব রোগী অ্যান্টিবায়োটিক থেরাপিতে সাড়া দেন না এবং অনেক চিকিৎসার পরেও বাহক হিসেবে থেকে যান, তাদের জন্য কোলেসিস্টেক্টমির মতো চিকিৎসার বিকল্প রয়েছে। আপনার পরবর্তী উদ্বেগের উত্তর দিতে পারলে খুশি হব। নাসেনিয়া ডকের পক্ষ থেকে আমরা আপনার সুস্বাস্থ্য কামনা করি। ধন্যবাদ, নাসেনিয়া ডক। আপনি যদি আমার উত্তরে সন্তুষ্ট হন তবে আমাকে পাঁচ তারকা রেটিং দিন এবং উত্তরটি বন্ধ করুন।"
25499,"হেলো। পিরিয়ডের কারণে হরমোনের তারতম্য হতে পারে যা এই ধরনের উপসর্গের কারণ হতে পারে, যদিও গর্ভাবস্থায় এটি হওয়ার সম্ভাবনা বেশি থাকে। তবে যদি আপনার পিরিয়ড ৩ দিনের বেশি স্থায়ী হয়ে থাকে, তবে গর্ভাবস্থার সম্ভাবনা কম, তবুও তা পুরোপুরি উড়িয়ে দেওয়া যায় না। আমি আপনাকে সকালের প্রথম প্রস্রাবের নমুনা ব্যবহার করে বাড়িতে প্রেগন্যান্সি টেস্ট করার পরামর্শ দিচ্ছি, তবে আমার কাছে এখন পর্যন্ত এটি হওয়ার সম্ভাবনা কম বলে মনে হচ্ছে, কিন্তু আপনি নিশ্চিতভাবে বলতে পারবেন না। শুভকামনা।"
75316,"হেলো। নাসেনিয়া ডকে আপনাকে স্বাগতম। আমি আপনার প্রশ্নটি দেখেছি এবং আপনার উদ্বেগ বুঝতে পারছি। আপনার অভিযোগ অনুযায়ী, সামনের বাম দাঁতের গোড়ার উপরে একটি কালো দাগ সম্ভবত ফোড়া বা সিস্ট তৈরির কারণে হয়েছে এবং দীর্ঘস্থায়ী বা দীর্ঘস্থায়ী ক্ষেত্রে দাঁতটি ব্যথামুক্ত থাকতে পারে। যদি এটি দাঁতের ঠিক উপরে না হয়, তবে এটি ইনসিশনাল ক্যানেলের মুখও হতে পারে। তাই আমার পরামর্শ হলো একজন ওরাল ফিজিশিয়ান বা এন্ডোডনটিস্টের সাথে পরামর্শ করুন এবং আপনার এক্স-রে পুনরায় পরীক্ষা করান। এমনকি এক্স-রের কোণ পরিবর্তন করে এক্স-রে নেওয়া যেতে পারে। যদি ফোড়া বা সিস্ট তৈরি হয়, তবে রুট ক্যানেল চিকিৎসাই সবচেয়ে উপযুক্ত বিকল্প। আপনি আমার প্রোফাইলে ""Ask me a question"" বাটনে ক্লিক করে প্রশ্ন করে আপনার এক্স-রে আমাকে পাঠাতে পারেন। আমি এটি মূল্যায়ন করব এবং আপনাকে আরও উপযুক্ত পরামর্শ দেব। আশা করি এই তথ্যটি সাহায্য করবে। শুভেচ্ছা। নাসেনিয়া ডক।"
27519,"হেলো প্রিয়, আপনার প্রশ্নে উল্লিখিত লক্ষণগুলো অ্যালার্জিক রিঅ্যাকশনের মতো অবস্থার দিকে নির্দেশ করছে। কখনও কখনও শরীর কোনো বহিরাগত কণার প্রতি প্রতিক্রিয়া দেখায়। এই ধরনের প্রতিক্রিয়া কখনও কখনও আরও খারাপ হয় এবং অ্যানাফিল্যাকটিক শকে পরিণত হয়। যদিও আপনার লক্ষণগুলো উপশম হয়, তবুও সঠিক পরীক্ষার জন্য আপনার একজন ডাক্তার বা অ্যালার্জি বিশেষজ্ঞের পরামর্শ নেওয়া উচিত। ডাক্তার এই ধরনের প্রতিক্রিয়ার জন্য কোন কারণটি দায়ী তা খুঁজে বের করতে রোগীর ইতিহাস জানতে চাইতে পারেন, যা পরবর্তী প্রতিরোধের জন্য অত্যন্ত গুরুত্বপূর্ণ। ডাক্তার ইমিউনোসাপ্রেসেন্ট ওষুধ দিতে পারেন। আশা করি আপনার উদ্বেগের সমাধান হয়েছে। দ্রুত সুস্থ হয়ে উঠুন। শুভকামনা।"
50936,"হেলো, আমি ব্যাখ্যা করতে চাই যে আপনার কাঁধের অসাড়তা আপনার স্তনের ফোলা নালীর কোষের সাথে সম্পর্কিত বলে মনে হচ্ছে না। তবুও, আমি একটি ব্রেস্ট আল্ট্রাসাউন্ড এবং প্রোল্যাকটিন লেভেল পরীক্ষা করার পরামর্শ দিচ্ছি। কাঁধের অসাড়তার বিষয়ে, আমি একটি সার্ভিকাল স্পাইন এমআরআই বা সিটি স্ক্যান করার পরামর্শ দেব, যাতে সম্ভাব্য বালজিং ডিস্কের বিষয়টি তদন্ত করা যায়। আশা করি আমি আপনার প্রশ্নের উত্তর দিতে পেরেছি। আমি আপনাকে আরও কোনোভাবে সাহায্য করতে পারি কিনা তা আমাকে জানান।"
52787,"হেলো! অনুসন্ধানের জন্য ধন্যবাদ। এটি না দেখে সঠিক উত্তর দেওয়া সত্যিই কঠিন। শক্ত পিণ্ড সাধারণত কোনো প্রদাহের ইঙ্গিত দেয়। যদি পিণ্ডের জায়গায় লালভাব এবং ব্যথা থাকে, তবে ছোট কোনো ফোড়া এর কারণ হতে পারে। যদি এটি কেবল শক্ত কিন্তু ব্যথাহীন হয়, তবে এটি সত্যিই কোনো কামড়ের কারণে অ্যালার্জির প্রতিক্রিয়া হতে পারে। সবচেয়ে ভালো উপায় হলো এই পিণ্ডটি নিয়ে একজন চর্মরোগ বিশেষজ্ঞ বা সার্জনের সাথে পরামর্শ করা। যদি এটি ফোড়া হয়, তবে আপনার এটি কেটে ফেলা উচিত এবং ডাক্তারের সাথে কথা বলা উচিত। যেহেতু এটি আপনার আগের পিণ্ডের মতোই, তাই এর সোয়াব টেস্টও করা উচিত। আশা করি এটি সাহায্য করবে। শুভেচ্ছা।"
86529,"হেলো, অনুসন্ধানের জন্য অনেক ধন্যবাদ! ব্যথা বিভিন্ন কারণে হতে পারে, তবে সাধারণত পাথর বা মূত্রনালীর সংক্রমণের কারণে এটি বেশি হয়। সাধারণত সংক্রমণ থাকলে জ্বর থাকে, কিন্তু সাবক্লিনিক্যাল সংক্রমণের কারণে জ্বর হয় না। আপনাকে সিবিসি (CBC), এফটি (FT), প্রস্রাব (কালচার ও সেনসিটিভিটি), র‍্যান্ডম ব্লাড সুগার এবং ইউএসজি পিইউবি (USG PUB) পরীক্ষা করতে হবে। রিপোর্টের ভিত্তিতে উপযুক্ত অ্যান্টিবায়োটিক শুরু করুন এবং আপনার ইউরোলজিস্টের পরামর্শ অনুযায়ী অ্যান্টিস্পাসমোডিক ও ব্যথানাশক ওষুধ সেবন করুন। ডাক্তারের সাথে চ্যাট করুন। যদি ডায়াবেটিস থাকে, তবে রক্তের শর্করার মাত্রা অবশ্যই নিয়ন্ত্রণে রাখতে হবে। আপনার সুস্বাস্থ্য কামনা করি। ভালো থাকবেন। শুভেচ্ছা।"
24883,"নাসেনিয়া ডকে আপনার প্রশ্নের জন্য ধন্যবাদ। আমি আপনার উদ্বেগ বুঝতে পারছি। ফুসফুসের ক্যান্সারের সম্ভাবনা খুবই কম। ধূমপায়ীদের বুকে অস্বস্তি সাধারণত ব্রঙ্কোস্পাজম (ব্রঙ্কাইটিস)-এর কারণে হয়ে থাকে। তাই একজন পালমোনোলজিস্টের (ফুসফুস বিশেষজ্ঞ) সাথে পরামর্শ করুন এবং শ্বাসতন্ত্রের ক্লিনিকাল পরীক্ষা, বুকের এক্স-রে এবং পিএফটি (পালমোনারি ফাংশন টেস্ট) করান। যদি বুকের এক্স-রে স্বাভাবিক থাকে, তবে ফুসফুসের ক্যান্সার নিয়ে চিন্তার কিছু নেই। যদি পিএফটি-তে অবস্ট্রাক্টিভ ত্রুটি দেখা যায়, তবে ইনহেলড ব্রঙ্কোডাইলেটর (ফর্মোটেরল বা অ্যালবিউটেরল) এবং ইনহেলড কর্টিকোস্টেরয়েড (বিউডেসোনাইড বা ফ্লুটিকাসোন) ব্যবহারে আপনি অনেকটাই সুস্থ বোধ করবেন। চিন্তা করবেন না, এসবের মাধ্যমে আপনি সুস্থ হয়ে উঠবেন। আশা করি আমি আপনার প্রশ্নের সমাধান দিতে পেরেছি। আপনাকে আরও সাহায্য করতে পারলে আমি খুশি হব। আপনার সুস্বাস্থ্য কামনা করি। ধন্যবাদ।"
73206,"হেলো, আমাদের কাছে লেখার জন্য ধন্যবাদ। এনএইচএল (NHL) মানে নন-হজকিন লিম্ফোমা। এলসিএ (LCA) হলো লিউকোসাইট কমন অ্যান্টিজেন এবং এটি এনএইচএল-এর রোগের ধরন নির্ধারণের একটি নির্দেশক। বিশ্ব স্বাস্থ্য সংস্থা সাধারণত লিম্ফোমাকে হজকিন লিম্ফোমা (এইচএল) এবং নন-হজকিন লিম্ফোমা (এনএইচএল)-এ শ্রেণীবদ্ধ করে। নন-হজকিন লিম্ফোমাকে পরিপক্কতার পর্যায় (অপরিপক্ক বনাম পরিপক্ক) এবং উৎপত্তি বি কোষ, টি কোষ বা ন্যাচারাল কিলার সেল (এনকে) কোষের ওপর ভিত্তি করে আরও উপশ্রেণীবদ্ধ করা হয়। মার্ফোলজিক্যাল ডিফারেনশিয়াল ডায়াগনোসিসের ওপর ভিত্তি করে মার্কারের একটি প্যানেল নির্ধারণ করা হয় (কোনো একক মার্কার নির্দিষ্ট নয়), যার মধ্যে লিউকোসাইট কমন অ্যান্টিজেন (এলসিএ), বি-সেল মার্কার (সিডি২০ এবং সিডি৭৯এ), টি-সেল মার্কার (সিডি৩ এবং সিডি৫) অন্তর্ভুক্ত। এলসিএ এনএইচএল-কে একটি নির্দিষ্ট ধরনের হিসেবে শ্রেণীবদ্ধ করতে এবং চিকিৎসার নির্দেশনা দিতে ব্যবহৃত হয়। হাঁটু প্রতিস্থাপন বা বোন গ্রাফটিং নির্ভর করে আক্রান্ত এলাকার ওপর। হাঁটু প্রতিস্থাপন এবং আর্থ্রোসিস দুটি ভিন্ন পদ্ধতি। যদি হাঁটু প্রতিস্থাপনের জন্য পর্যাপ্ত হাড়ের পৃষ্ঠতলের অভাব থাকে, তবে এটি করা যেতে পারে।"
25625,"হেলো, আমি আপনার উদ্বেগগুলো বুঝতে পারছি। মনে হচ্ছে আপনার ব্রণের সমস্যা আছে, এবং অনুগ্রহ করে এ বিষয়ে একজন চর্মরোগ বিশেষজ্ঞের পরামর্শ নিন। ব্রণ সেরে গেলে এটি আপনার সামগ্রিক আত্মবিশ্বাস এবং আত্মসম্মান উন্নত করতে সত্যিই সাহায্য করবে। তাছাড়া, তরুণ বয়সে বেশিরভাগ মানুষই এমন পরিস্থিতির মধ্য দিয়ে যান। আমার মনে হয় একজন মনোরোগ বিশেষজ্ঞের সাথে দেখা করা আপনার জন্য উপযুক্ত হবে। আশা করি এটি আপনার উদ্বেগের বিষয়টি নিয়ন্ত্রণে সাহায্য করবে। নিজের যত্ন নেবেন এবং আপনার দিনটি সুন্দর কাটুক!"
15719,"হেলো। স্বাগতম। হাঁপানি রোগীদের বারবার বুকে সংক্রমণের প্রবণতা থাকে। সংক্রমণ আছে এমন ব্যক্তিদের থেকে দূরে থাকার চেষ্টা করুন, বাইরে বের হওয়ার সময় রুমাল দিয়ে নাক ও মুখ ঢেকে রাখুন এবং সবচেয়ে গুরুত্বপূর্ণ বিষয় হলো, যখনই তার গলা বা বুকে সংক্রমণ হয়, তখন আপনার চিকিৎসকের পরামর্শ অনুযায়ী তাকে অ্যান্টিবায়োটিকের একটি কোর্স দেওয়া উচিত। সংক্রমণ যাতে বড় না হয়, সেজন্য দ্রুত তা দূর করার চেষ্টা করুন। শুভকামনা।"
67399,"হেলো, অনুসন্ধানের জন্য ধন্যবাদ। বীর্যের বাদামী রঙ সাধারণত সেমিনাল ভেসিকল বা প্রোস্টেটের সংক্রমণের কারণে হয় এবং এটি পরীক্ষা করা প্রয়োজন। ক্লিনিকাল এবং ডিজিটাল রেক্টাল পরীক্ষার জন্য অনুগ্রহ করে একজন যোগ্য ইউরোলজিস্টের সাথে পরামর্শ করুন এবং রোগ নির্ণয়ের জন্য নিম্নলিখিত প্রাথমিক পরীক্ষাগুলো করান: ১) প্রস্রাবের রুটিন এবং কালচার পরীক্ষা। ২) পেট এবং পেলভিসের আল্ট্রাসাউন্ড স্ক্যান। ৩) সিরাম পিএসএ (PSA)। ৪) বীর্য পরীক্ষা এবং কালচার। ইতিমধ্যে ডক্সিসাইক্লিনের মতো অ্যান্টিবায়োটিক এবং অ্যান্টি-ইনফ্ল্যামেটরি ওষুধ গ্রহণ করুন। পরবর্তী চিকিৎসা এই পরীক্ষাগুলোর ফলাফল এবং চূড়ান্ত রোগ নির্ণয়ের উপর নির্ভর করবে।"
51651,"হেলো, আমাদের কাছে লেখার জন্য ধন্যবাদ। আপনার গর্ভাবস্থার এক বছরেরও বেশি সময় পার হয়ে গেছে, এবং সেই সময়ে অস্ত্রোপচারের ফলে সৃষ্ট যেকোনো সমস্যা থেকে আপনার সম্পূর্ণ সুস্থ হয়ে ওঠার কথা ছিল। মেরুদণ্ড ছোট ছোট হাড়ের সমন্বয়ে গঠিত যা একে অপরের ওপর সাজানো থাকে এবং মেরুদণ্ড থেকে উৎপন্ন স্নায়ুগুলো দুটি হাড়ের মধ্যবর্তী ছিদ্র দিয়ে বেরিয়ে আসে। প্রতিটি দুটি হাড়ের মাঝে একটি ডিস্ক থাকে যা কুশন হিসেবে কাজ করে। যখন ডিস্কটি স্থানচ্যুত হয় এবং স্নায়ুর ওপর চাপ সৃষ্টি করে, তখন ব্যথা অনুভূত হয়। আপনার বয়সে পিঠের ব্যথার সবচেয়ে সাধারণ কারণ হলো পেশির খিঁচুনি, তবে ক্লিনিকাল পরীক্ষা ছাড়া স্নায়ুজনিত ব্যথার সম্ভাবনা উড়িয়ে দেওয়া যায় না। এক্স-রে হলো প্রাথমিক পরীক্ষা যা পেশির খিঁচুনি বা ডিস্কের স্থান সরু হয়ে যাওয়ার বিষয়টি দেখাবে। যদি প্রবল সন্দেহ হয়, তবে কোনো স্তরে স্নায়ু চাপে আছে কিনা তা জানার জন্য এমআরআই-এর প্রয়োজন হতে পারে। আপনি হিট প্যাড ব্যবহার করে দেখতে পারেন এবং পিঠের ব্যথার জায়গায় ব্যথানাশক ও পেশি শিথিলকারী মলম আলতো করে লাগাতে পারেন।"
3950,"নাসেনিয়া ডকে আপনার প্রশ্নের জন্য ধন্যবাদ। আমি আপনার উদ্বেগ বুঝতে পারছি। আপনার ইতিহাস এবং বর্ণনা অনুযায়ী, ইসোফেজিয়াল মোটিলিটি ডিসঅর্ডার অথবা জিইআরডি (গ্যাস্ট্রোইসোফেজিয়াল রিফ্লাক্স ডিজিজ)-এর সম্ভাবনা বেশি। এই উভয় ক্ষেত্রেই রোগীর শুয়ে থাকা অবস্থায় এবং খাওয়ার সময় উপসর্গ দেখা দেয়। তাই একজন গ্যাস্ট্রোএন্টেরোলজিস্টের সাথে পরামর্শ করা এবং আপার জিআই এন্ডোস্কোপি করানো ভালো। প্রোটন পাম্প ইনহিবিটর এবং প্রোকেিনেটিক ওষুধ শুরু করুন। মানসিক চাপ ও উত্তেজনা এড়িয়ে চলুন। গরম ও মশলাদার খাবার এড়িয়ে চলুন। জাঙ্ক ফুড খাবেন না। একবারে বেশি খাবার না খেয়ে অল্প অল্প করে বারবার খাবার খান। রিফ্লাক্স রোধ করতে বিছানায় মাথার নিচে ২-৩টি বালিশ ব্যবহার করুন। ধূমপান ও মদ্যপানের অভ্যাস থাকলে তা ত্যাগ করুন। চিন্তা করবেন না, আপনি সুস্থ হয়ে উঠবেন। আশা করি আমি আপনার প্রশ্নের সমাধান দিতে পেরেছি। আপনাকে আরও সাহায্য করতে পারলে আমি খুশি হব। আপনার সুস্বাস্থ্য কামনা করি। ধন্যবাদ।"
22482,"হেলো, আমার মনে হয় আপনার একজন অর্থোপেডিক ডাক্তারের সাথে দেখা করা উচিত। যদিও আপনি আপনার হাত নাড়াতে পারেন, তবুও কিছু শারীরিক অবস্থার কারণে হাত কিছুটা নাড়াচাড়া করা গেলেও তা সম্পূর্ণ হয় না। উদাহরণস্বরূপ, আপনার রোটেটর কাফ টিয়ার থাকতে পারে, যা হলো পেশীর একটি ছিঁড়ে যাওয়া যা হাতকে কিছুটা উঁচুতে রাখে। এমআরআই (MRI) এই অবস্থাটি দেখাতে পারে এবং সঠিক চিকিৎসা করা প্রয়োজন। আশা করি আমি আপনার প্রশ্নের উত্তর দিতে পেরেছি। আমি আপনাকে আরও কোনোভাবে সাহায্য করতে পারি কিনা তা জানাবেন।"
98528,"হেলো, ভিসিও (VCO) এবং মিনোক্সিডিল একসাথে ব্যবহার করা উচিত নয়। ভার্জিন নারিকেল তেল (VCO) চুল পড়ার চিকিৎসায় কার্যকর বলে দাবি করা হয়, কারণ এটি আপনার চুলকে লম্বা, ঘন এবং দ্রুত বৃদ্ধি পেতে সাহায্য করে। মাথার ত্বকের আক্রান্ত স্থানে ২% মিনোক্সিডিল লাগানোর পর অন্তত ২ থেকে ৪ ঘণ্টা অপেক্ষা করুন এবং চুলকে শুষ্ক হতে দিন। এরপর আপনি ভিসিও ব্যবহার করতে পারেন। মিনোক্সিডিল ব্যবহারের পর শুরুতে চুল পড়তে পারে, তবে তিন থেকে ছয় মাস পর এর উপকারী প্রভাব দেখা যায়। আশা করি আমি আপনার প্রশ্নের উত্তর দিতে পেরেছি। আমি আপনাকে আরও কোনোভাবে সাহায্য করতে পারি কিনা তা জানাবেন।"
80822,"হেলো। নাসেনিয়া ডকে আপনাকে স্বাগতম। আমি আপনার প্রশ্নটি দেখেছি এবং আপনার উদ্বেগ বুঝতে পারছি। আপনার অভিযোগ অনুযায়ী, এটি নাভিতে ব্যাকটেরিয়াজনিত সংক্রমণ বলে মনে হচ্ছে, যার ফলে পুঁজ ভরা ফোড়া তৈরি হয়েছে। যেহেতু নাভি এমন একটি জায়গা যেখানে আর্দ্রতা জমতে পারে, তাই সেখানে ব্যাকটেরিয়ার সংক্রমণ হতে পারে এবং এর ফলে ফোড়া তৈরি হয়। আমি আপনাকে পরামর্শ দেব যে অ্যান্টিসেপটিক সলিউশন দিয়ে জায়গাটি পরিষ্কার করুন এবং এর ওপর ট্রিপল অ্যান্টিবায়োটিক মলম ও স্টেরয়েড মলম লাগান। আরামের জন্য আপনি অগমেন্টিন-এর মতো মুখে খাওয়ার অ্যান্টিবায়োটিক নিতে পারেন। আপনি নাভির ওপর হালকা চাপ দিয়ে নাসেনিয়া ডকের সাথে কথা বলার চেষ্টা করতে পারেন। যদি তবুও কোনো উপশম না হয়, তবে একজন জেনারেল ফিজিশিয়ান বা সার্জনের সাথে পরামর্শ করুন এবং মূল্যায়ন করান, যাতে সঠিক ক্লিনিকাল মূল্যায়নের মাধ্যমে রোগ নির্ণয় করা যায় এবং সেই অনুযায়ী চিকিৎসার পরিকল্পনা করা যায়। আশা করি এই তথ্যটি আপনাকে সাহায্য করবে। ধন্যবাদ এবং শুভেচ্ছা।"
70192,"হেলো। প্লীহা এই ধরনের ব্যথার কারণ কি না তা জানা নেই, যদি না সেখানে কোনো রাপচার বা অনুরূপ কিছু থাকে। খাওয়ার সময় যে ব্যথা বাড়ে বা ডাক্তারের সাথে কথা বলুন। বাম কাঁধে ছড়িয়ে পড়া ব্যথা পাকস্থলীর আলসার, প্যানক্রিয়াটাইটিস বা প্লীহার ফোড়ার ছিদ্রের কারণে ডায়াফ্রামের নিচের পৃষ্ঠে জ্বালাপোড়ার ফলে হতে পারে। আপনাকে অবশ্যই দ্রুত জরুরি বিভাগে যেতে হবে, হাসপাতালে রেফারেল নিতে হবে এবং আল্ট্রাসনোগ্রাফি/সিটি স্ক্যান, আপার জিআই এন্ডোস্কোপি/রক্ত পরীক্ষার মতো জরুরি পরীক্ষাগুলো করাতে হবে।"
73877,"হেলো, আমার মনে হয় আপনার ফলিকল বৃদ্ধির জন্য আপনার ক্যামফিনের মতো কিছু ওষুধ খাওয়া উচিত এবং বারবার আল্ট্রাসাউন্ডের মাধ্যমে আপনার ফলিকলের বৃদ্ধি ট্র্যাক করা উচিত। যখন ফলিকলগুলো ১৭ থেকে ১৮ মিমি-এর বেশি আকারে পৌঁছাবে, তখন ফলিকলগুলো ফাটানোর জন্য ইনজেকশন নিন। ইনজেকশনের পর ২ থেকে ৩ দিন আপনার স্বামীর সাথে শারীরিক সম্পর্কে লিপ্ত থাকুন। পরবর্তী ২ সপ্তাহ প্রজেস্টেরন গ্রহণ করুন। এরপর বাড়িতে প্রস্রাবের মাধ্যমে প্রেগন্যান্সি টেস্ট করুন। আপনি এভাবে ৩ থেকে ৬ মাস চেষ্টা করতে পারেন। আশা করি আমি আপনার প্রশ্নের উত্তর দিতে পেরেছি। শুভেচ্ছা, নাসেনিয়া ডক।"
32333,"হেলো, আমি আপনার উদ্বেগ বুঝতে পারছি... আপনার হেপাটাইটিস সি দীর্ঘস্থায়ী সংক্রমণ আছে বলে উল্লেখ করেছেন। এখানে আমাদের লক্ষ্য হলো সিরোসিস এবং পোর্টাল হাইপারটেনশনের মতো জটিলতা প্রতিরোধ করা। যদি আপনার এইচসিভি আরএনএ (HCV RNA) দ্বারা নির্ধারিত দীর্ঘস্থায়ী সক্রিয় রোগ থাকে, তবে অ্যান্টিভাইরাল ওষুধের জন্য ডাক্তারের সাথে কথা বলুন। কম চর্বিযুক্ত এবং কম ভাজা খাবারের সাথে বেশি করে ফল খান... অ্যালকোহল এড়িয়ে চলুন কারণ এটি হেপাটোসাইটের জন্য বিষাক্ত। প্রতিদিন সকালে পালং শাক এবং গাজরের রস পান করুন... এক চা চামচ যষ্টিমধু মধুর সাথে খান... পনির, মাখন, পিৎজা, মাংস এড়িয়ে চলুন... রাতের খাবারে সবজির স্যুপ অন্তর্ভুক্ত করুন। দইও উপকারী... কম লবণযুক্ত খাবার খান... যদি অ্যাসাইটিস দেখা দেয় তবে অবিলম্বে ডাক্তারের সাথে যোগাযোগ করুন।"
98269,"আপনার উদ্বেগগুলো বুঝতে পেরেছি এবং আপনার বিস্তারিত তথ্যগুলো দেখেছি। অ্যাংজাইটি ডিসঅর্ডার বা উদ্বেগজনিত ব্যাধি হলো মানসিক ব্যাধির একটি বিভাগ, যা উদ্বেগ এবং ভয়ের অনুভূতির দ্বারা চিহ্নিত। যেখানে উদ্বেগ হলো ভবিষ্যতের ঘটনা নিয়ে দুশ্চিন্তা এবং ভয় হলো বর্তমান ঘটনার প্রতি প্রতিক্রিয়া। এই অনুভূতিগুলো শারীরিক লক্ষণ সৃষ্টি করতে পারে, যেমন হৃদস্পন্দন বেড়ে যাওয়া এবং কাঁপুনি। বেশ কিছু উদ্বেগজনিত ব্যাধি রয়েছে।"
89182,"হেলো, প্রিয়, নাসেনিয়া ডকে আপনার অনুসন্ধানের জন্য ধন্যবাদ। প্রিয়, আমি আপনার অনুসন্ধানের বিষয়গুলো পড়েছি এবং আপনার জমা দেওয়া স্বাস্থ্য সমস্যার প্রেক্ষাপটে তা পর্যালোচনা করেছি। আমি আপনার স্বাস্থ্য সংক্রান্ত উদ্বেগগুলো বুঝতে পেরেছি এবং এ বিষয়ে চিন্তিত। আপনার সম্ভবত ইসোফেজিয়াল আলসার এবং কাঁচের টুকরোর আঘাতে আঘাত লেগেছে। এটি মূলত কাঁচের টুকরোর আঘাতের কারণে হয়ে থাকে। খাদ্যনালীর ইজিডি পরীক্ষা এবং কাঁচের টুকরোটি অপসারণ করলে আপনার স্বাস্থ্য সমস্যার সমাধান হয়ে যাবে।"
34968,"নাসেনিয়া ডক ব্যবহার করার জন্য ধন্যবাদ। আপনার প্রশ্নটি পড়েছি। আপনার উল্লিখিত লক্ষণগুলো মাউথওয়াশের প্রতি প্রতিক্রিয়ার ইঙ্গিত দেয়। হ্যাঁ, তিনি স্বাভাবিক স্যালাইন দিয়ে কুলকুচি চালিয়ে যেতে পারেন। প্রয়োজনে তিনি লোরাটাডিনের মতো একটি অ্যান্টি-অ্যালার্জিক ট্যাবলেট খেতে পারেন, যা মাউথওয়াশের কারণে হওয়া অ্যালার্জির প্রতিক্রিয়া কমাতে সাহায্য করবে। (যেকোনো ওষুধ সেবনের আগে আপনার ডেন্টিস্টের অফিসে কল করুন)। মুখের ঘা-এর জন্য, ঘা না কমা পর্যন্ত দিনে দুই বা তিনবার ক্ষতস্থানে ম্যাকোপিন জেল লাগান। ঝাল খাবার কমান এবং মানসিক চাপ এড়িয়ে চলুন। ফোড়া এবং মৃত দাঁতের জন্য, এক্স-রে করার পর তাকে রুট ক্যানেল চিকিৎসা করাতে হবে। আইবুপ্রোফেন ট্যাবলেট ব্যবহার করে ব্যথা কমানো যেতে পারে (যদি তার কোনো ওষুধে অ্যালার্জি না থাকে), এছাড়া ডাক্তারের প্রেসক্রিপশন অনুযায়ী অ্যান্টিবায়োটিকের একটি ডোজও প্রয়োজন হতে পারে। আশা করি এটি আপনার উপকারে আসবে। ধন্যবাদ এবং শুভেচ্ছা।"
75315,"হেলো! অনুসন্ধানের জন্য ধন্যবাদ। হঠাৎ তীব্র পিঠের ব্যথা কিডনিতে পাথরের একটি অত্যন্ত বৈশিষ্ট্যপূর্ণ লক্ষণ। এই ব্যথা সাধারণত কুঁচকি বা এমনকি পায়ে ছড়িয়ে পড়ে। পাথর ইউরেটারের মধ্য দিয়ে যাওয়ার সময় জ্বালাপোড়া সৃষ্টি করলে এমন তীব্র ব্যথা অনুভূত হয়। কখনও কখনও এটি আটকে যেতে পারে। এমন ক্ষেত্রে, প্রস্রাব আটকে গেলে কিডনি ক্ষতিগ্রস্ত হতে পারে। মসৃণ পেশীর খিঁচুনির (যেমন কিডনির ব্যথা) ক্ষেত্রে মরফিন এবং কোডিন ভালো ওষুধ নয়। কারণ মরফিন এই পেশীতে অতিরিক্ত খিঁচুনি সৃষ্টি করে। তাই তাকে মসৃণ পেশী শিথিল করার ওষুধ দেওয়া উচিত এবং যদি এতে কাজ না হয়, তবে মরফিনের পরিবর্তে টেরিডিন দেওয়া উচিত। আমি তাকে সিটি স্ক্যানের জন্য অপেক্ষা না করে একজন ইউরোলজিস্টের সাথে পরামর্শ করার এবং বায়োপসির কথা বিবেচনা করার পরামর্শ দিচ্ছি। আশা করি এটি সাহায্য করবে। শুভেচ্ছা।"
16392,"হেলো, প্রিয়, ভারত থেকে শুভ সন্ধ্যা। নাসেনিয়া ডকে আপনার জিজ্ঞাসার জন্য ধন্যবাদ। আমি আপনার জিজ্ঞাসাটি বিস্তারিতভাবে পড়েছি এবং আপনার উদ্বেগগুলো বুঝতে পেরেছি। আমার ধারণা অনুযায়ী আপনার সমস্যাটি মূলত প্রাইমারি ম্যালিগন্যান্ট ফাইব্রাস হিস্টিও-সাইটোমা, যার পরে লিম্ফ (ম্যালিগন্যান্ট ফাইব্রাস হিস্টিও-সাইটোমা) এবং মেরুদণ্ডে মেটাস্ট্যাসিস হয়েছে। এই ধরনের টিউমারের পূর্বাভাস খুবই খারাপ, যা প্রাইমারি ফিমার টিউমারের কারণে হয়ে থাকে। প্রস্তাবিত চিকিৎসা: ক- ইন্ট্রা-আর্টারিয়াল সিলেক্টিভ চিকিৎসার মাধ্যমে টিউমারের ভর কমানোর জন্য কেমোথেরাপি, যা এর বিষাক্ত প্রভাব কমাবে এবং টিউমারের প্রতিক্রিয়া উন্নত করবে। এই চিকিৎসাটি একজন অনকো-সার্জন-ফিজিশিয়ান এবং অর্থোপেডিক সার্জনের মাধ্যমে নিতে হবে। আশা করি এটি আপনার উদ্বেগজনক প্রশ্নের সমাধান করবে। এই বিষয়ে আরও কোনো প্রশ্ন থাকলে স্বাগত, এবং আপনার সন্তুষ্টি না হওয়া পর্যন্ত এই সমস্যা সমাধানে আপনাকে সাহায্য করতে পারলে আমি খুশি হব। আমি এই সুযোগে আপনাকে অনুরোধ করব যে, নাসেনিয়া ডক ক্লিনিকে আমার নতুন এবং পুরনো রোগীদের সুবিধার জন্য আমার পরিষেবার প্রশংসা করে জোরালো সুপারিশ লিখুন। আপনার দ্রুত আরোগ্য কামনা করছি!! আপনার দিনটি ভালো কাটুক। শুভেচ্ছান্তে, নাসেনিয়া ডক। এন. এনসিসিডি (অনিরাময়যোগ্য দীর্ঘস্থায়ী ব্যাধি) এবং টিস্যু ও অঙ্গ ব্যর্থতার পুনরুজ্জীবন থেরাপিতে সুপার-স্পেশালিস্ট।"
74374,"হেলো... দীর্ঘ সময় ধরে কাশি এবং হাঁচি পেশীর টানের কারণে বুকে ব্যথার কারণ হতে পারে... অ্যারোসল/ব্রোমিনের মতো মিউকোলাইটিক এজেন্টযুক্ত সিরাপ সেবন করুন যা ঘন শ্লেষ্মা ভেঙে বের হতে সাহায্য করবে... তবে আমার আন্তরিক পরামর্শ হলো আপনি একজন চিকিৎসকের সাথে দেখা করুন এবং নিজেকে পরীক্ষা ও পর্যবেক্ষণ করান, কারণ আপনার বুকের ব্যথা হাত এবং চোয়ালের দিকে ছড়িয়ে পড়ছে, যা পেশীর টানের ক্ষেত্রে অস্বাভাবিক এবং এটি হৃদরোগের ইঙ্গিত দেয়... তাই নিজেকে পরীক্ষা ও পর্যবেক্ষণ করানোই ভালো... নিজের যত্ন নেবেন..."
15820,"হেলো। স্বাগতম। সরাসরি পরীক্ষা না করে ত্বকের ক্ষত সম্পর্কে মন্তব্য করা সম্ভব নয়, তাই অনুগ্রহ করে স্থানীয় কোনো ডাক্তারের সাথে দেখা করুন অথবা নির্দিষ্ট পরামর্শের জন্য এখানে ছবি আপলোড করুন। আমার দেওয়া এই প্রাথমিক পরামর্শটি সম্পূর্ণভাবে আপনার দেওয়া তথ্যের ওপর ভিত্তি করে। আমি আপনাকে একজন ডাক্তারের মাধ্যমে পরীক্ষা করানোর পরামর্শ দেব। আশা করি এই পরামর্শটি আপনার কিছুটা উপকারে আসবে। আপনার আরও কোনো প্রশ্ন না থাকলে অনুগ্রহ করে আমার উত্তরটি গ্রহণ করুন। ভালো থাকবেন।"
7225,"হেলো, আমার মনে হয় আপনি বর্তমানে চাকরি হারানোর কারণে তীব্র মানসিক চাপের প্রতিক্রিয়ায় শোকের পর্যায়ে আছেন। যদি এটি ৬ মাসের বেশি হয় তবে এটি বিষণ্নতা হতে পারে। যদি ৬ মাসের কম হয়, তবে শোকের প্রতিক্রিয়ায় যোগব্যায়াম শুরু করুন, যেখানে অনুগ্রহ করে গভীর শ্বাস-প্রশ্বাস নিন এবং অন্তত ১৫ মিনিট এতে মনোযোগ দেওয়ার চেষ্টা করুন, যা আপনার মস্তিষ্ককে শান্ত করবে এবং আপনি অন্য চাকরির বিকল্পের জন্য নতুন কিছু চিন্তা করতে পারবেন। যদি এতে কাজ না হয়, তবে আপনার নিকটস্থ একজন মনোরোগ বিশেষজ্ঞের পরামর্শ নিন।"
56078,"হেলো, আপনার অনুসন্ধানের জন্য ধন্যবাদ। আপনি বহু বছর ধরে হস্তমৈথুনে অভ্যস্ত ছিলেন এবং এখন সাধারণ স্বাস্থ্য সম্পর্কিত সমস্যার সম্মুখীন হচ্ছেন। প্রথমত, সাধারণ মানুষের মনে একটি ভ্রান্ত ধারণা আছে যে অতিরিক্ত হস্তমৈথুনই সব সমস্যার কারণ। তবে আমি জানাতে চাই যে, সারা বিশ্বের বৈজ্ঞানিক ফোরামে এটি আলোচিত হয়েছে এবং বৈজ্ঞানিকভাবে প্রমাণিত হয়েছে যে হস্তমৈথুনের শরীরের কোনো অঙ্গ বা সিস্টেমের ওপর কোনো নেতিবাচক প্রভাব নেই। আপনি এখন যে সমস্ত সমস্যার সম্মুখীন হচ্ছেন তা মানসিক এবং উদ্বেগের কারণে হচ্ছে। নিচের পদক্ষেপগুলো আপনার আত্মবিশ্বাস বাড়াতে, ভালো ইরেকশন পেতে এবং বীর্যপাত বিলম্বিত করতে সাহায্য করবে: ১) সকালে ৪৫ মিনিট নিয়মিত ব্যায়াম করুন এবং এরপর আধা ঘণ্টা ধ্যান করুন। ২) শাকসবজি, ফলমূল এবং ভিটামিন এ, সি, ডি, ই ও জিঙ্ক সমৃদ্ধ উচ্চ প্রোটিনযুক্ত খাবার গ্রহণ করুন। ৩) প্রতিদিন ৫-৬টি কাঠবাদামের মতো অ্যান্টি-অক্সিডেন্ট গ্রহণ করুন। ৪) অ্যালকোহল এবং ধূমপান পরিহার করুন। ডাক্তারের সাথে চ্যাট করুন।"
86807,"হেলো! আপনার প্রশ্নের জন্য ধন্যবাদ। আমি আপনার উদ্বেগ বুঝতে পারছি। আমি আপনাকে একজন ডাক্তারের সাথে দেখা করার, একটি ভালো শারীরিক পরীক্ষা করানোর এবং তারপরে মাথার সিটি স্ক্যান করার পরামর্শ দিচ্ছি। আমার মতে, আপনি যে লক্ষণগুলোর কথা বর্ণনা করেছেন তা আপনার ডান কানের বা ডান সেরিবেলাম পাউটিন অ্যাঙ্গেলের কোনো সমস্যার সাথে সম্পর্কিত হতে পারে। সেখানে অবস্থিত আপনার ক্রেনিয়াল নার্ভে কোনো সমস্যা থাকতে পারে। কানের ভেতরে কোনো সংক্রমণের কারণে এই সমস্যাগুলো হতে পারে। হারপিস ভাইরাস সংক্রমণও একই ধরনের সমস্যা সৃষ্টি করতে পারে। তবে আপনার ইতিহাস অনুযায়ী এটি স্ট্রোকও হতে পারে, যদিও তা হওয়ার সম্ভাবনা কম। আশা করি আমি সাহায্য করতে পেরেছি। নাসেনিয়া ডক ব্যবহার করার জন্য আপনাকে ধন্যবাদ!"
12530,"হেলো, আপনার অনুসন্ধানের জন্য ধন্যবাদ। একাধিক সমস্যার কারণে তরুণীটির পুঙ্খানুপুঙ্খভাবে পরীক্ষা করা প্রয়োজন।"
36983,"তার ল্যাকটোজ ইনটলারেন্স থাকতে পারে। দুধ এবং দুগ্ধজাত খাবার এড়িয়ে চলুন। তাকে খুব সাধারণ খাবার যেমন চালের জাউ, সবজির স্যুপ, সুজি বা ওটসের ওটমিল এবং ফলের রস ইত্যাদির মতো প্রচুর পরিমাণে তরল খাবার খাওয়ান। তাকে এক সপ্তাহ ধরে দিনে দুবার এক প্যাকেট ফুটন্ত ও ঠান্ডা পানির সাথে ডারলা স্যাশে খাওয়ান। যদি বমি অব্যাহত থাকে, তবে ৫ দিন ধরে খাবারের আগে দিনে দুবার ৫ মিলি করে মিন্ট সিরাপ খাওয়ান। যেহেতু আপনি ইতিমধ্যে অ্যান্টিবায়োটিক দিয়েছেন, তাই এটি আর পুনরাবৃত্তি করবেন না। পনেরো দিন চকলেট এবং ক্রিম বিস্কুট এড়িয়ে চলুন, সে ঠিক হয়ে যাবে।"
93550,"হেলো প্রিয়, এই লক্ষণগুলো অন্তঃকর্ণের ভেস্টিবুলার অ্যাপারেটাসের (যা শরীরের অঙ্গভঙ্গি ও ভারসাম্য বজায় রাখার সাথে যুক্ত) কোনো সমস্যার কারণে হতে পারে, সম্ভবত ল্যাবিরিনথাইন বা বিনাইন প্যারোক্সিসমাল পজিশনাল ভার্টিগো। বেটাহিস্টিন বা লিনিয়ারাইজিং প্রিপারেশনের মতো ভেস্টিবুলার সিডেটিভ গ্রহণ করে লক্ষণগুলোর উপশম পাওয়া যেতে পারে (তবে তা অবশ্যই চিকিৎসকের পরামর্শ অনুযায়ী নিতে হবে)। তাই, অনুগ্রহ করে আপনার চিকিৎসক বা ইএনটি বিশেষজ্ঞের সাথে পরামর্শ করুন এবং একটি সম্পূর্ণ ক্লিনিক্যাল পরীক্ষা করান। লক্ষণগুলোর পেছনে কোনো রোগতাত্ত্বিক কারণ আছে কি না তা নিশ্চিত করার জন্য রক্তচাপ, রক্তে শর্করার মাত্রা, সিরাম ইলেক্ট্রোলাইট এবং ভেস্টিবুলার ফাংশন টেস্টের মতো পরীক্ষাগুলোর প্রয়োজন হতে পারে। চিন্তার কোনো কারণ নেই, আপনি সুস্থ হয়ে উঠবেন। ততক্ষণ পর্যন্ত পর্যাপ্ত হাইড্রেটেড থাকুন। এছাড়া বিছানা থেকে ওঠার সময় ধীরে উঠুন এবং হঠাৎ মাথা ঘোরানো থেকে বিরত থাকুন। আপনার সুস্বাস্থ্য কামনা করছি। নিজের যত্ন নেবেন।"
94101,"নাসেনিয়া ডক ফোরামে আপনাকে স্বাগতম। তালু ফুলে যাওয়া যা হঠাৎ দেখা দেয় এবং সেই সাথে দাঁতে ব্যথা থাকে, তা সাধারণত সমস্যা সৃষ্টিকারী দাঁতের সাথে সম্পর্কিত প্যালাটাল অ্যাবসেস বা ফোড়া। আপনার দাঁতে যে ব্যথা হচ্ছে তা হয় গভীর ডেন্টাল ক্যারিস অথবা পেরিওডন্টাল (মাড়ির) সমস্যা। চিন্তার কিছু নেই। এটি গভীর ক্যারিস বা মাড়ির সমস্যাযুক্ত দাঁতের একটি খুব সাধারণ লক্ষণ। নাসারন্ধ্রের ভেতরে এবং চোখের নিচের অংশে ব্যথা সাধারণত আপনার সংক্রমিত দাঁত থেকে আসা ব্যথা। ব্যথা এবং ফোলা কমানোর জন্য আপনি অগমেন্টিন ৬২৫ মিগ্রা বা ক্লিনডামাইসিন ৬০০ মিগ্রা প্রতি ৮ ঘণ্টা অন্তর ৫ দিনের জন্য এবং প্রয়োজনে প্যারাসিটামল ১ গ্রাম শুরু করতে পারেন। তবে যত দ্রুত সম্ভব একজন ডেন্টিস্টের কাছে যাওয়া, ফোলাভাবের কারণ নির্ণয় করা এবং তার প্রেসক্রিপশন অনুযায়ী ওষুধ শুরু করা সবসময়ই ভালো, কারণ এই ধরনের অ্যাবসেসের জন্য নাসেনিয়া ডকের প্রয়োজন হতে পারে। ভবিষ্যতে এই ধরনের সমস্যা এড়াতে ডেন্টিস্ট এর জন্য দায়ী দাঁতের চিকিৎসাও শুরু করবেন। ধন্যবাদ।"
80024,"১. তার থাইরয়েড প্রোফাইল কি স্বাভাবিক, এবং পাইলসের কারণে কোষ্ঠকাঠিন্য ও মলের সাথে রক্ত যাচ্ছে কি না (পি/আর পরীক্ষা কি করা হয়েছিল? ২. অতিরিক্ত চাপের কারণে রক্তপাত হতে পারে অথবা রক্তভীতির কারণে কোষ্ঠকাঠিন্য হতে পারে, তাই আপনার স্বাস্থ্যসেবা প্রদানকারীর সাথে পরামর্শ করুন। ৩. তার ল্যাক্সেটিভে কি অ্যালুমিনিয়াম আছে? ৪. কোনো শারীরিক নিষ্ক্রিয়তা আছে কি? ৫. গ্যাস্ট্রো-কোলিক রিফ্লেক্স শক্তিশালী হলে সকালের নাস্তার ১৫-২০ মিনিট পর মলত্যাগের চেষ্টা করুন। তাকে ফাইবার সমৃদ্ধ খাবার দিন।"
43000,"হেলো, পায়ের কাফ মাসলের এই ব্যথা এবং ফোলাভাব অতিরিক্ত পরিশ্রমের কারণে হতে পারে। মই বেয়ে ওঠা, বিশেষ করে হাঁটুর খুব কাছাকাছি থাকা কাফ মাসলগুলোকে প্রসারিত করতে পারে। তাই এটি কাফ মাসলের একটি কালশিটে পড়া এবং প্রসারিত পেশী হতে পারে, বিশেষ করে প্ল্যান্টার নামক পেশী, যা কঠোর খেলাধুলার সময় স্পন্যাপ করার জন্য পরিচিত। এর জন্য বরফ সেঁক, অ্যান্টি ডিভিটি স্টকিং এবং ব্যথানাশক ওষুধের প্রয়োজন। অনুগ্রহ করে আরও অন্তত কয়েক মাস মাঝারি ধরনের কার্যকলাপ বজায় রাখুন। নিজের যত্ন নেবেন। আশা করি আমি আপনার প্রশ্নের উত্তর দিতে পেরেছি। আমি আপনাকে আরও কোনোভাবে সাহায্য করতে পারি কিনা তা জানাবেন।"
10836,"হেলো প্রিয়, নাসেনিয়া ডকে আপনার প্রশ্নের জন্য ধন্যবাদ। আমি আপনার পরিস্থিতি এবং সমস্যাটি বুঝতে পারছি। আপনার বুকে ভোঁতা আঘাত লেগেছে। বুকে ভোঁতা আঘাতের সম্ভাব্য জটিলতাগুলো নিচে দেওয়া হলো যা আপনার মতো একই উপসর্গ সৃষ্টি করতে পারে। ১. পাঁজরের হাড় ভাঙা ২. ফুসফুসে আঘাত ৩. নিউমোথোরাক্স ৪. পেশিতে আঘাত। প্রথমে বুকের এক্স-রে করান। যদি বুকের এক্স-রে স্বাভাবিক থাকে তবে চিন্তার কিছু নেই, আপনার সম্ভবত পেশিতে আঘাত লেগেছে। তাই ভালো উপশমের জন্য এই নির্দেশাবলী অনুসরণ করুন। ১. ভারী ওজন তোলা এড়িয়ে চলুন। ২. কঠোর ব্যায়াম এড়িয়ে চলুন। ৩. ঘুমের সময় ভুল অঙ্গভঙ্গি এবং নড়াচড়া এড়িয়ে চলুন। ৪. ব্যথানাশক এবং পেশি শিথিলকারী ওষুধ শুরু করুন। ৫. আক্রান্ত স্থানে গরম পানির সেঁক দিন। চিন্তা করবেন না, আপনি সুস্থ হয়ে উঠবেন।"
62068,"হেলো, আপনি এই ভুল তথ্যটি কোথা থেকে পেয়েছেন? মায়ের বুকের দুধ পান করার জন্য তার সন্তান প্রসব করা উচিত। বুকের দুধ শুধুমাত্র সন্তান প্রসবের পর সর্বোচ্চ ৩ বছর পর্যন্ত পাওয়া যায়, অথবা বুকের দুধ খাওয়ানো বন্ধ করার পরপরই তা পুরোপুরি শেষ হয়ে যায়। যাই হোক, এই বয়সে আপনার রোগ প্রতিরোধ ক্ষমতা বাড়ানোর জন্য আপনার মায়ের বুকের দুধ প্রয়োজন হবে না, আপনার সরাসরি একজন ডাক্তারের সাথে পরামর্শ করা উচিত। আশা করি আমি আপনার প্রশ্নের উত্তর দিতে পেরেছি। আমি আপনাকে আরও কোনোভাবে সাহায্য করতে পারি কিনা তা জানাবেন।"
97122,"হেলো, নাসেনিয়া ডক ব্যবহার করার জন্য ধন্যবাদ। এলেনা কিছু ব্যক্তির ক্ষেত্রে হৃদপিণ্ডের বৈদ্যুতিক কার্যকলাপে সমস্যা সৃষ্টি করতে পারে। যাদের হৃদরোগের সমস্যা আছে বা যাদের রক্তে পটাশিয়াম বা ম্যাগনেসিয়ামের মাত্রা অস্বাভাবিক, তাদের ক্ষেত্রে এর ব্যবহার সুপারিশ করা হয় না। এটি সম্ভব যে যেহেতু আপনি নিয়মিত আপনার হৃদপিণ্ডের ফলো-আপে থাকেন না, তাই আপনার হৃদরোগের ইতিহাস খুব একটা প্রভাব ফেলবে না, তবে ওষুধ শুরু করার আগে আপনার ডাক্তারকে জানানো সবচেয়ে ভালো হবে। আশা করি এটি আপনাকে সাহায্য করবে।"
46348,"পরিপক্কতা স্বাভাবিক। প্রায় প্রতিটি পুরুষই এটি করে থাকেন। তাই প্রথমেই মেনে নেওয়া হয় যে এটি একটি স্বাভাবিক এবং সাধারণ কাজ। আপনি যদি এটি বারবার, দিনে অনেকবার করেন, তবে এটি আপনাকে ক্লান্ত বোধ করাতে পারে। স্বাভাবিক যৌন মিলন সবসময়ই ভালো। হস্তমৈথুনের আসক্তি কাটিয়ে উঠতে, যখনই আপনি হস্তমৈথুন করবেন, খুব ধীরস্থির হোন এবং আপনার শ্বাস-প্রশ্বাসের দিকে মনোযোগ দিন। এটি করার মাধ্যমে ধীরে ধীরে আপনি আসক্তি থেকে বেরিয়ে আসতে পারবেন। সূর্য নমস্কার এবং প্রাণায়ামও উপকারী। হস্তমৈথুনের সাথে আপনার বুকের আকারের কোনো সম্পর্ক নেই।"
15775,"হেলো, হ্যাঁ, এটি এখনও হৃদপিণ্ড হতে পারে এবং বেশ কিছু বৈশিষ্ট্য রয়েছে যা এই সম্ভাবনাকে প্রভাবিত করতে পারে। আসুন শুরু করি আপনার স্তন আছে কিনা, এগুলো ইসিজি পরিবর্তন করে এবং একটি স্ট্যান্ডার্ড স্ট্রেস টেস্টকে কম নির্ভরযোগ্য করে তোলে। ব্যথার অবস্থান এবং নড়াচড়া কী ঘটছে তার ইঙ্গিত দেয়। এবং মূলত এর জন্য একটি পরীক্ষার প্রয়োজন। পেশী, স্নায়ু এবং বিশেষ করে বুকের খাঁচার জয়েন্টগুলোতে ব্যথা হতে পারে। আশা করি আমি আপনার প্রশ্নের উত্তর দিতে পেরেছি। আমি আপনাকে আরও কোনোভাবে সাহায্য করতে পারি কিনা তা আমাকে জানান।"
98054,"নাসেনিয়া ডককে জিজ্ঞাসা করার জন্য আপনাকে ধন্যবাদ। আমার নাম নাসেনিয়া ডক। প্রাইমারি ইমিউনোডেফিসিয়েন্সি এমন একটি অবস্থা যেখানে ব্যক্তিরা জন্মগতভাবে শরীরের কিছু রোগ প্রতিরোধ ক্ষমতা হারিয়ে ফেলেন, যা সাধারণ জনসংখ্যার তুলনায় তাদের এমন জীবাণুর প্রতি বেশি সংবেদনশীল করে তোলে যা সংক্রমণের কারণ হতে পারে। প্রাইমারি ইমিউনোডেফিসিয়েন্সি ডিসঅর্ডার সম্পর্কে তথ্যের জন্য, এই বিভাগের অধীনে এমন কিছু অবস্থার তালিকা রয়েছে... আমি এখানে আপনার তথ্যের জন্য কিছু নাম লিখছি, যেমন- কমন ভেরিয়েবল ইমিউন ডেফিসিয়েন্সি, -এক্স-লিঙ্কড অ্যাগামাগ্লোবুলিনেমিয়া (ব্রিটনস ডিজিজ), -সিলেক্টিভ আইজিএ ডেফিসিয়েন্সি, -সিভিয়ার কম্বাইন্ড ইমিউন ডেফিসিয়েন্সি (বুবল ডিজিজ)। কিছু ব্যাধি বেশ সাধারণ, যা প্রতি ৫০০ জনের মধ্যে ১ থেকে ১০০০ জনের মধ্যে ১ থেকে ১০০০ জনের মধ্যে দেখা যায়, যেমন সিলেক্টিভ আইজিএ ডেফিসিয়েন্সি। অন্যদিকে, গুরুতর কম্বাইন্ড ইমিউন ডেফিসিয়েন্সির মতো অন্যান্য রোগ মিলিয়নে একজন ব্যক্তির ক্ষেত্রে বেশ বিরল হতে পারে। আইভিজি-এর বিভিন্ন ইঙ্গিত রয়েছে যা আপনার কেআইডিডি (KIDD) অবস্থাসহ ব্যবহৃত হয়। আপনার উদ্বেগ সঠিক কারণ আপনি আপনার ইমিউনোলজিস্টের বিষয়টি নিয়ে চিন্তিত যা সরে গেছে, তবে আপনার বর্তমান চিকিৎসকের ওপর আস্থা রাখা উচিত, যেমনটি আপনি আপনার হেম/অন ডাক্তারের উল্লেখ করেছেন। সবচেয়ে গুরুত্বপূর্ণ দিক হলো, চিকিৎসাবিহীন প্রাইমারি ইমিউনোডেফিসিয়েন্সি ঘন ঘন জীবন-হুমকিপূর্ণ সংক্রমণ এবং দুর্বল করে দেওয়ার মতো অসুস্থতার মাধ্যমে চিহ্নিত হতে পারে, তাই আপনার চিকিৎসকের সাথে যোগাযোগ রাখুন এবং যদি তারা রিফ্ল্যামেটরি ওষুধের"
55537,"হেলো প্রিয়, মনে হচ্ছে জরুরি গর্ভনিরোধক পিল খাওয়ার আগেই আপনি গর্ভবতী হয়েছিলেন। প্রকৃতপক্ষে, এগুলো অত্যন্ত কার্যকর এবং এই পিলগুলো খাওয়ার পর আপনার গর্ভবতী হওয়ার কথা নয়। এই পিলগুলোর বেশিরভাগই লেভোনরজেস্ট্রেল হরমোন ধারণ করে। ব্যাপক পর্যালোচনাগুলো জোরালো প্রমাণ দেয় যে, গর্ভাবস্থার শুরুর দিকে সেক্স হরমোন, হরমোনের সংমিশ্রণ এবং লেভোনরজেস্ট্রেল-অল-অল পিলের সংস্পর্শে আসার কোনো টেরাটোজেনিক প্রভাব নেই। তাই, এই গর্ভাবস্থা গর্ভপাত করার কোনো প্রয়োজন নেই। আশা করি এটি আপনাকে সাহায্য করবে।"
68490,"হেলো। অনুসন্ধানের জন্য ধন্যবাদ। আপনার অভিযোগ অনুযায়ী, গ্রন্থি থেকে লালা নিঃসরণ বেড়ে যাওয়ার কারণে হাইপারসালিভেশন হতে পারে এবং পারকিনসনিজম-এর ক্ষেত্রে এটি একটি প্রধান লক্ষণ। এটি কেন্দ্রীয় স্নায়ুতন্ত্রের সাথে সম্পর্কিত অন্যান্য রোগেও সাধারণত দেখা যায়। এটি জিইআরডি (GERD), প্যানক্রিয়াটাইটিস, লিভারের রোগ, মুখের ঘা, নতুন ডেনচার পরা, পাইলোকারপাইন এবং টক্সিনের মতো অবস্থার কারণেও হতে পারে। এটি লালা গিলে ফেলার ক্ষমতা কমে যাওয়ার কারণেও হতে পারে, যেমন টনসিলাইটিস, পেরিটনসিলার ফোড়া, চোয়ালের ফ্র্যাকচার, এপিগ্লোটাইটিস এবং মাম্পস (যা প্যারোটিড গ্রন্থির ভাইরাল সংক্রমণ)-এর ক্ষেত্রে। এটি ফেসিয়াল পালসি, মায়াসথেনিয়া গ্রাভিস, পারকিনসনিজম ইত্যাদির মতো স্নায়ুতন্ত্রের সমস্যার ক্ষেত্রেও দেখা যায়। বর্তমানে আপনার বাবাকে রক্তচাপ কমানোর কিছু ওষুধ দেওয়া হয়েছে এবং এক মাস পর তাকে পুনরায় জানানো হয়েছে, যার কারণ আমি অনুমান করতে পারি যে রক্তচাপ কমানোর ওষুধগুলো অনেক সময় লালা নিঃসরণ কমিয়ে দেয় এবং এক মাস সেবনের পর আশা করা যায় যে নিঃসরণ কমে যাবে। আপনার বাবাকে ধূমপান ত্যাগ করতে রাজি করানো উচিত এবং ডাক্তারের সাথে কথা বলা উচিত। ওজন কমানোর জন্য এক মাস ওজন কমানো উচিত নয় এবং আপনার চিকিৎসকের সাথে পরামর্শ করে মূল্যায়ন করিয়ে একজন নিবন্ধিত ডায়েটিশিয়ানের কাছ থেকে সঠিক ডায়েট প্ল্যান নেওয়া উচিত। তাকে পুষ্টিকর খাবার দিন এবং পর্যাপ্ত বিশ্রাম দিন। হাইপারসালিভেশনের চিকিৎসা শুধুমাত্র অন্তর্নিহিত কারণের চিকিৎসার মাধ্যমেই করা সম্ভব। আশা করি এটি সাহায্য করবে। শুভেচ্ছা।"
42976,"হেলো... ম্যাক্সিলার অস্টিওমাইলাইটিস সাধারণত সেইসব রোগীদের মধ্যে দেখা যায় যাদের ম্যাক্সিলারি সাইনোসাইটিস বা প্যান সাইনোসাইটিসের দীর্ঘস্থায়ী ইতিহাস রয়েছে। দীর্ঘস্থায়ী সাইনোসাইটিসে আক্রান্ত রোগীদের দাঁত তোলার পরবর্তী জটিলতা যেমন অস্টিওমাইলাইটিস প্রতিরোধ করার জন্য প্রতিরোধমূলক ব্যবস্থা হিসেবে উপযুক্ত অ্যান্টিবায়োটিক দিয়ে চিকিৎসা করতে হয়। আমি সম্প্রতি একই ক্লিনিকাল উপসর্গ নিয়ে বাম ম্যাক্সিলার অস্টিওমাইলাইটিসের দুটি অপারেশন করেছি। ম্যাক্সিলারি সাইনাস হলো একটি ফাঁকা জায়গা যা মুখের মাঝখানের অংশকে ভরাট করে, দুই পাশের ম্যাক্সিলারি হাড়ের ঠিক উপরে, যা বাতাসকে আর্দ্র ও আর্দ্র রাখে এবং মাথার ত্বককে খুব হালকা অনুভব করায়। এটি একটি এপিথেলিয়াল আস্তরণ দ্বারা আবৃত থাকে যা আমরা যে বাতাস শ্বাস-প্রশ্বাসের সাথে গ্রহণ করি তা বিশুদ্ধ করে। সংক্রমণ বা সাইনোসাইটিসের ক্ষেত্রে এই আস্তরণ পুরু হয়ে যায় এবং স্বাভাবিকভাবে কাজ করা বন্ধ করে দেয়। একইভাবে ইথময়েড, স্ফেনয়েডাল সাইনাস ইত্যাদির মতো অন্যান্য সাইনাসও রয়েছে। এগুলোর সবই একই কাজ করে। সংক্রমণের কারণে সেখানে পুঁজ জমে যা মুখের ওই পাশে ভারী অনুভূতির সৃষ্টি করে। এর ফলে ম্যাক্সিলারি দাঁতের ওই পাশে রেডিয়েশন পেইন বা ছড়িয়ে পড়া ব্যথা হয়। বেশিরভাগ ডেন্টিস্ট রোগ নির্ণয় করতে ব্যর্থ হন এবং শেষ পর্যন্ত ম্যাক্সিলারি দাঁত তুলে ফেলেন। এটি প্রায়শই অস্টিওমাইলাইটিস হিসেবে প্রকাশ পায়। আপনার দাঁত তোলার পেছনের কারণ কী ছিল? অনুগ্রহ করে তা উল্লেখ করুন... অস্টিওমাইলাইটিস হলো হাড়ের প্রদাহ যেখানে হাড় স্বাভাবিক রক্ত সরবরাহ করতে ব্যর্থ হয়, যা শেষ পর্যন্ত হাড়ের পচন ঘটায়। এর জন্য অস্ত্রোপচারের প্রয়োজন হয়। অনুগ্রহ করে ক্লিনিকাল মূল্যায়নের জন্য একজন ওরাল অ্যান্ড ম্যাক্সি"
23997,"হেলো, নাসেনিয়া ডকের সাথে পরামর্শ করার জন্য আপনাকে ধন্যবাদ। না, আসলে ক্যানকার সোরের কারণে মুখ এবং চোয়ালে এই ধরনের ফোলাভাব হয় না। এটি সম্ভব যে আপনার চোয়ালের হাড় বা গলায় কোনো সংক্রমণ থাকতে পারে। ভালো হয় যদি আপনি একবার একজন ভালো ডেন্টিস্টের কাছে যান এবং অন্যান্য পরীক্ষার মাধ্যমে সম্পূর্ণ পরীক্ষা করিয়ে নেন। আর ক্যানকার সোরের জন্য আপনি দিনে একবার মাল্টিভিটামিন ক্যাপসুল এবং টপিক্যাল অ্যানেস্থেটিক মলম ব্যবহার শুরু করতে পারেন, এর জন্য কোনো অ্যান্টিবায়োটিকের প্রয়োজন নেই। আশা করি এটি আপনাকে সাহায্য করবে।"
14552,"ফ্যাটি লিভার এমন একটি অবস্থা যেখানে লিভারের কোষে ট্রাইগ্লিসারাইড (একটি চর্বিযুক্ত উপাদান) জমা হয়। এটি একটি নিরাময়যোগ্য অবস্থা। অতিরিক্ত মদ্যপানের কারণে ফ্যাটি লিভার হতে পারে, অথবা এটি নন-অ্যালকোহলজনিতও হতে পারে (যেমন স্থূল এবং ডায়াবেটিস রোগীদের ক্ষেত্রে)। নাসেনিয়া ডক। গ্রেড ২ ফ্যাটি লিভার মূলত ইউএসজি-তে একটি ফলাফল, যেখানে লিভার সম্পূর্ণ সাদা দেখায়। এটি নিরাময়যোগ্য। লিভারে চর্বি জমার ফলে প্রদাহজনিত পরিবর্তন ঘটে এবং যদি এটি বাড়তে থাকে, তবে হেপাটোসেলুলার ইনজুরি হতে পারে এবং দীর্ঘস্থায়ী লিভারের রোগের দিকে নিয়ে যেতে পারে। এই সমস্যা মোকাবিলার সর্বোত্তম উপায় হলো অ্যালকোহল গ্রহণ কমানো (যদি আপনি তা গ্রহণ করেন), ধীরে ধীরে ওজন কমানো (যদি আপনি স্থূল হন) এবং চর্বি ও রিফাইনড কার্বোহাইড্রেট গ্রহণ কমানো।"
40271,"হেলো... নাসেনিয়া ডকে আপনাকে স্বাগতম। আমি আপনার প্রশ্নটি দেখেছি এবং আপনার উদ্বেগ বুঝতে পারছি... আপনার অভিযোগ অনুযায়ী মনে হচ্ছে একটি বিষাক্ত পোকা আপনাকে কামড়েছে যার ফলে তীব্র স্থানীয় অ্যালার্জির প্রতিক্রিয়া হয়েছে এবং এটিই আপনার আঙুল ফুলে যাওয়ার কারণ। আপনার লেভোসেটিরিজিন বা বেন নাসেনিয়া ডকের মতো অ্যান্টি-অ্যালার্জিক ওষুধ খাওয়া উচিত। প্রদাহ কমাতে ফোলা জায়গায় স্টেরয়েড মলম লাগান, জ্বালা কমাতে এবং ত্বককে আরাম দিতে আপনি ক্যালামাইন লোশনও লাগাতে পারেন। ফোলা জায়গায় ঠান্ডা সেঁক দিন। যদি কোনো উন্নতি না হয় বা ফোলা বেড়ে যায়, তবে একজন সাধারণ চিকিৎসকের পরামর্শ নিন এবং তিনি প্রদাহ ও ফোলাভাব থেকে দ্রুত উপশমের জন্য আপনাকে ইনজেকশনযোগ্য অ্যান্টি-অ্যালার্জিক এবং স্টেরয়েডের পরামর্শ দিতে পারেন। আশা করি এই তথ্যটি আপনাকে সাহায্য করবে। ধন্যবাদ এবং শুভেচ্ছা।"
981,"নাসেনিয়া ডকে আপনার প্রশ্নের জন্য ধন্যবাদ। আমি আপনার পরিস্থিতি এবং সমস্যাটি বুঝতে পারছি। হৃদরোগ নিয়ে চিন্তার কোনো কারণ নেই কারণ আপনার স্ট্রেস টেস্ট স্বাভাবিক। আপনার ক্ষেত্রে হারপিস জোস্টারের মতো ত্বকের সংক্রমণের সম্ভাবনা বেশি। এটি ত্বকের সংস্পর্শের কারণে হওয়া একটি ভাইরাল সংক্রমণ। এটি সাধারণত বুকের এলাকায় দেখা যায়। হারপিসের কারণে বুকের নির্দিষ্ট স্থানে ব্যথা, লালভাব, চুলকানি এবং শিরা ফুলে যাওয়া (শিরা ফুলে যাওয়া) হতে পারে। তাই একজন চর্মরোগ বিশেষজ্ঞের সাথে পরামর্শ করে আপনার আক্রান্ত স্থানটি ক্লিনিক্যালি পরীক্ষা করানো ভালো। আপনার অ্যান্টিভাইরাল, ব্যথানাশক এবং অ্যান্টি-ইনফ্ল্যামেটরি ওষুধের প্রয়োজন হতে পারে। আশা করি আমি আপনার প্রশ্নের সমাধান করতে পেরেছি। আপনার সুস্বাস্থ্য কামনা করি।"
101238,"হেলো এবং নাসেনিয়া ডকে আপনাকে স্বাগতম। হাঁটুর শক্ত নড়াচড়া করা পিণ্ডটির উৎপত্তিস্থল জানার জন্য পরীক্ষা করা প্রয়োজন। বারবার আঘাতের কারণে এই পিণ্ড তৈরি হতে পারে। হাড় এবং নরম টিস্যুতে বারবার আঘাতের কারণে এই পিণ্ডটি প্রদাহজনিত হতে পারে, অথবা এটি নরম টিস্যু বা হাড়ের টিস্যু থেকে উদ্ভূত নিওপ্লাস্টিক হতে পারে। আমি আপনাকে জয়েন্টের সিটি স্ক্যান বা এমআরআই করার জন্য একজন অর্থোপেডিক বিশেষজ্ঞের সাথে পরামর্শ করার পরামর্শ দিচ্ছি। ইমেজিং ক্ষতটির উৎপত্তিস্থল এবং বিস্তৃতি নির্ধারণ করবে। ক্ষতটির সঠিক বৈশিষ্ট্য নির্ধারণের জন্য অ্যাসপিরেশন সাইটোলজি বা বায়োপসির প্রয়োজন হতে পারে। পরীক্ষার ফলাফল পাওয়ার পর চিকিৎসার পরিকল্পনা করা হবে। ধন্যবাদ এবং ভালো থাকবেন, নাসেনিয়া ডক।"
105077,"হেলো, নাসেনিয়া ডকে পরামর্শের জন্য ধন্যবাদ। মাড়ির ক্ষয়ের কারণে সংবেদনশীলতা হতে পারে। দাঁত ব্রাশ করার পর সকালে এবং সন্ধ্যায় আপনার আঙুলের ডগা দিয়ে উভয় গালের ভেতরের অংশ (buccal) এবং লিঙ্গুয়াল (দাঁতের ভেতরের অংশ) ম্যাসাজ করা উচিত। দাঁত ব্রাশ করার পর ফোলাভাব অ্যাবসেসের কারণে হতে পারে, যা পেরিঅ্যাপিক্যাল ডেন্টাল ক্যারিস বা দাঁতের মজ্জার সমস্যার কারণে হতে পারে, অথবা এটি পেরিওডন্টাল সমস্যার কারণেও হতে পারে। যেহেতু লবণ পানি দিয়ে কুলকুচি করা কোনো কাজে আসছে না, তাই এক্স-রে, চেকআপ এবং চিকিৎসার জন্য আপনার ডেন্টিস্টের সাথে পরামর্শ করা ভালো। আশা করি এটি সাহায্য করবে, নিজের যত্ন নেবেন।"
84121,"নাসেনিয়া ডকে আপনার প্রশ্নের জন্য ধন্যবাদ। আমি আপনার উদ্বেগ বুঝতে পারছি। ভারী পরিশ্রমের (ব্যায়াম) পর আপনার বুকে চাপ এবং অস্বস্তি হচ্ছে। তাই আমাদের প্রথমে আপনার ক্ষেত্রে হৃদরোগের সম্ভাবনা বাতিল করতে হবে। তাই প্রথমে ইসিজি (ECG) এবং টু-ডি ইকো (2D echo) করিয়ে নিন। যদি এই দুটি রিপোর্ট স্বাভাবিক থাকে, তবে হৃদরোগ নিয়ে চিন্তার কোনো কারণ নেই। কখনও কখনও, ব্যায়ামের কারণে পেশী বা হাড়ের ব্যথার জন্যও বুকে একই ধরনের অস্বস্তি হতে পারে। তাই ভারী ওজন তোলা এবং কঠোর ব্যায়াম এড়িয়ে চলুন। যে নড়াচড়ায় ব্যথা হয় তা এড়িয়ে চলুন। ঘুমের সময় ভুল অঙ্গভঙ্গি এড়িয়ে চলুন। আক্রান্ত স্থানে গরম পানির সেঁক দিন। আইবুপ্রোফেনের মতো ব্যথানাশক ওষুধ সেবন করুন। চিন্তা করবেন না, এসব মেনে চললে আপনি সুস্থ হয়ে উঠবেন। তবে প্রথমে হৃদরোগের সম্ভাবনা বাতিল করুন। আশা করি আমি আপনার প্রশ্নের সমাধান দিতে পেরেছি। আপনাকে আরও সাহায্য করতে পারলে আমি খুশি হব। আপনার সুস্বাস্থ্য কামনা করি। ধন্যবাদ।"
44433,"হেলো, ডেইরি, আমি আপনার প্রশ্নটি দেখেছি। আমি আপনার উদ্বেগ বুঝতে পারছি। তার ফুসফুসে চাকা আছে এবং এক্স-রে স্বাভাবিক। তাই তার কোনো সফট টিস্যু টিউমার বা সিস্টের সম্ভাবনা রয়েছে। তার বায়োপসি এবং হিস্টোপ্যাথলজিক্যাল পরীক্ষা করানো উচিত। তারপর সেই অনুযায়ী চিকিৎসা নিন। আশা করি আমি আপনার প্রশ্নের উত্তর দিতে পেরেছি, যদি আপনার কোনো সন্দেহ থাকে তবে আমি উত্তর দিতে পেরে খুশি হব। নাসেনিয়া ডক ব্যবহার করার জন্য ধন্যবাদ। আপনার সুস্বাস্থ্য কামনা করি।"
37726,"হেলো! আমাদের শরীরের পশ্চাৎভাগের মাঝামাঝি অংশে কিছু প্রাথমিক পিণ্ড নিয়ে আলোচনা করার জন্য আমাকে আরেকটি সুযোগ দেওয়ার জন্য ধন্যবাদ, কারণ এটি শিশুদের ক্ষেত্রে সাধারণ এবং এটি কারো স্বাস্থ্যের কোনো ক্ষতি করে না! যাই হোক, এগুলো কী? হ্যাঁ, এগুলো বিনাইন বা সংক্রামক নয়, ক্যান্সার নয় এবং এগুলো আপনাকে মেরে ফেলবে না, তবে এগুলো প্রসাধনী সমস্যা, শারীরিক অসুবিধা এবং সেখানে আঘাত বা সংক্রমণের ভয়ের কারণ হতে পারে... এগুলো ডেসমায়েড/এপিডার্মাল সিস্ট, লিপোমা, নিউরোফাইব্রোমা বা ত্বকের ফাইব্রো-এপিথেলিয়াল পলিপ/স্কিন ট্যাগের মতো কোনো জন্মগত সিস্ট হতে পারে... তাই, সরাসরি পরীক্ষা, প্রয়োজনে প্রয়োজনীয় টেস্ট এবং আপনার উদ্বেগ দূর করার জন্য আপনার সার্জনের কাছে যান! শুভেচ্ছা।"
40921,"হেলো এবং অনুসন্ধানের জন্য ধন্যবাদ। অস্ত্রোপচারের পরে ওই এলাকায় অসাড়তা এই এলাকার স্নায়ুতে কোনো আঘাতের ইঙ্গিত হতে পারে। যে স্নায়ুগুলো এই নির্দিষ্ট এলাকায় স্নায়ু সরবরাহ করে, সেগুলোর সাধারণ শাখাগুলো পুরো যৌনাঙ্গ থেকে উৎপন্ন হয়, যাকে ইউরোজেনিটাল নার্ভ বলা হয়। ঘন ঘন প্রস্রাব হওয়া মূত্রাশয়ের স্নায়ুর সমস্যার ইঙ্গিত হতে পারে। আপনি কখন থেকে এই লক্ষণটি অনুভব করতে শুরু করেছেন তার ওপর নির্ভর করে, এই ধরনের লক্ষণের অন্যান্য সাধারণ কারণগুলো বাদ দেওয়া প্রয়োজন হতে পারে। ডায়াবেটিস এবং মূত্রনালীর সংক্রমণও পরীক্ষা করা উচিত। শুভেচ্ছা।"
50357,হেলো। পেটে ব্যথার অনেক কারণ থাকতে পারে। দাদি-নানিদের ক্ষেত্রে এটি নিচের কারণগুলো হতে পারে
86628,"হেলো, ডেইরি আমি আপনার প্রশ্নটি দেখেছি। আমি আপনার উদ্বেগ বুঝতে পারছি। আপনার স্বামীর লিম্ফোপ্লাজম্যাটিক লিম্ফোমা হয়েছে। পর্যায় অনুযায়ী তার কেমোথেরাপি নেওয়া উচিত। তার পায়ের আঙুল ফুলে গেছে এবং লাল হয়ে গেছে, তবে এর সাথে তার লিম্ফোমার কোনো সম্পর্ক নেই। তার ব্যথানাশক এবং প্রদাহরোধী ওষুধ খাওয়া উচিত। ডাক্তারের সাথে কথা বলুন। আপনার ডাক্তারের সাথে পরামর্শ করুন এবং সেই অনুযায়ী চিকিৎসা নিন। আমি আপনার প্রশ্নের উত্তর দিয়েছি, যদি আপনার কোনো সন্দেহ থাকে তবে আমার সাথে যোগাযোগ করুন bit.ly/ তে।"
101637,"হেলো, দেখুন কর্টিসল ইনজেকশন নেওয়ার পর কাঁধের জয়েন্টে ব্যথা এবং আড়ষ্টতা কমে যাওয়া উচিত এবং হৃদস্পন্দনের সাথে কর্টিসল ইনজেকশনের কোনো সম্পর্ক নেই, এটি মানসিক চাপ বা ভয়ের কারণে হতে পারে। কাঁধের জয়েন্টের আড়ষ্টতার জন্য কর্টিসল ইনজেকশন স্থায়ীভাবে কাজ করবে না, সর্বোত্তম চিকিৎসার জন্য আপনাকে ফিজিওথেরাপিস্টের কাছে যেতে হবে। আশা করি আমি আপনার প্রশ্নের উত্তর দিতে পেরেছি। আমি আপনাকে আরও কোনোভাবে সাহায্য করতে পারি কিনা তা জানাবেন। ভালো থাকবেন, হেম অং এস জেন, ফিজিক্যাল থেরাপিস্ট বা ফিজিওথেরাপিস্ট।"
32693,"প্রিয় বন্ধু। হেলো, আমি নাসেনিয়া ডক, আমি আপনার প্রশ্নটি বিস্তারিত পড়েছি, আমি আপনার উদ্বেগ বুঝতে পারছি। হ্যাঁ, একটি সিস্ট অ্যালকালাইন ফসফেটেস বৃদ্ধি করতে পারে। আমি সিস্টের প্রকৃতি নিয়ে বেশি চিন্তিত। এটি বিনাইন (ক্ষতিকর নয়), লিভার অ্যাবসেস বা অন্য অনেক কিছু হতে পারে। আপনি যদি আপনার আল্ট্রাসাউন্ড রিপোর্ট এবং আপনার উপসর্গগুলো আমাদের সাথে শেয়ার করেন তবে ভালো হয়। এখানে উপলব্ধ তথ্যের ভিত্তিতে এটি আমার ব্যক্তিগত মতামত। আপনি যদি আপনার সমস্যাগুলো নিয়ে আরও আলোচনা করতে চান, তবে অনুগ্রহ করে আমার নামে নির্দেশিত প্রিমিয়াম কোয়েরির মাধ্যমে আমাকে জিজ্ঞাসা করতে পারেন। আমি আপনাকে আমার সাধ্যমতো সাহায্য করব। সুস্থ থাকুন। নাসেনিয়া ডক, এমডি"
44939,"প্রিয় জে, আপনার প্রশ্নের জন্য ধন্যবাদ। প্রথমেই আমি আপনাকে বলতে চাই যে আমি আপনার আঘাত বুঝতে পারছি এবং এই ধরনের পরিস্থিতিতে মানিয়ে নেওয়া খুব কঠিন হলেও এটি জীবন, তাই আমাদের ক্রমাগত হাঁটতে হবে। আপনি হাতে জ্বালাপোড়া, লালভাব, অন্ত্রের পরিবর্তন এবং সুঁই ফোটানোর মতো অনুভূতির সম্মুখীন হতে শুরু করেছেন। এটি উদ্বেগজনিত ব্যাধির একটি অংশ, তবে আপনার চিন্তার কিছু নেই কারণ এর চিকিৎসা রয়েছে। উদ্বেগজনিত ব্যাধির চিকিৎসার দুটি পদ্ধতি রয়েছে এবং যদি এটি প্রাথমিক পর্যায়ে থাকে তবে এর ফলাফলও খুব ভালো। প্রথমটি হলো ওষুধবিহীন চিকিৎসা, যার মধ্যে রিলাক্সেশন ব্যায়াম, গভীর শ্বাস-প্রশ্বাসের ব্যায়াম, মেডিটেশন, প্রগ্রেসিভ মাসল রিলাক্সেশন, বায়োফিড ব্যাক ইত্যাদি অন্তর্ভুক্ত। এই পদ্ধতিগুলোতে ব্যক্তিকে নিজে থেকে শিথিল থাকতে শেখানো হয়। ব্যক্তিকে তার অনিচ্ছাকৃত সিস্টেম বা অনিচ্ছাকৃত সিস্টেম নিয়ন্ত্রণ করতে শেখানো হয় যা উদ্বেগের জন্য দায়ী। একবার ব্যক্তি গ্রহণযোগ্য হয়ে উঠলে তাকে আচরণগত থেরাপির মতো অন্যান্য পদ্ধতিতে অগ্রসর করা হয়। দ্বিতীয়টি হলো ওষুধভিত্তিক চিকিৎসা, যেখানে উদ্বেগবিরোধী ওষুধ ব্যবহার করে ব্যক্তিকে এমন পর্যায়ে নিয়ে যাওয়া হয় যে তিনি চিকিৎসার প্রথম ধাপটি অনুশীলন শুরু করতে পারেন। নাসেনিয়া ডক। বিশেষ পরিস্থিতিতে ব্যক্তিকে শিথিল করার জন্য মৃদু মাত্রার সিডেটিভ ব্যবহার করা হয়। এগুলো অল্প সময়ের জন্য ব্যবহার করা হয়। প্রিয় বন্ধু, আমার মতে, উভয় পদ্ধতির সংমিশ্রণ আপনার জন্য সবচেয়ে ভালো এবং নিশ্চিত থাকুন যে আপনি খুব অল্প সময়ের মধ্যেই সুস্থ হয়ে উঠবেন। ধন্যবাদ, আশা করি আমি আপনার প্রশ্নের সমাধান করতে পেরেছি। অনুগ্রহ করে রেটিং দিন।"
3285,"হেলো, ম্যাক্রোবিড বা নাইট্রোফুরানটোইন গর্ভাবস্থায় ৩৮ সপ্তাহের পরে মূত্রনালীর সংক্রমণের জন্য প্রস্তাবিত অ্যান্টিবায়োটিক, কারণ এটি শিশুর হিমোলাইটিক অ্যানিমিয়া নামক এক বিরল রক্তজনিত ব্যাধি সৃষ্টি করতে পারে। এটি গর্ভাবস্থার বাকি অংশে নিরাপদ এবং ক্যাটাগরি বি-এর অন্তর্ভুক্ত (যা ক্ষতিকারক নয় বলে প্রমাণিত)। এটি বুকের দুধে পুনরায় তৈরি হয়, তাই বুকের দুধ খাওয়া মায়েদের এটি প্রেসক্রাইব করা হয় না। যদি তার স্রাব নির্গত হয়, তবে তাকে একজন প্রসূতি বিশেষজ্ঞের মাধ্যমে পরীক্ষা করানো উচিত, কারণ গর্ভাবস্থায় যোনিপথে সংক্রমণ হতে পারে এবং অকাল প্রসব এড়াতে এগুলোর দ্রুত চিকিৎসা করা প্রয়োজন। আশা করি এটি সাহায্য করবে। শুভেচ্ছা।"
63425,"হেলো, আমি জানতে চাই যে আপনি কি কিছু সময়ের জন্য ওরাল কন্ট্রাসেপটিভ পিল ব্যবহার বন্ধ রেখেছিলেন এবং অনিরাপদ মিলনের পর আবার তা ব্যবহার শুরু করেছেন? যদি তাই হয়, তবে গর্ভবতী হওয়ার সম্ভাবনা বেশি এবং আপনার একটি প্রেগন্যান্সি টেস্ট করা প্রয়োজন। আপনি যদি পুরো সময় নিয়মিত ওষুধ সেবন করে থাকেন, তবে আপনার চক্রটি সুরক্ষিত এবং ঋতুস্রাব শুরু হওয়ার এই বিলম্ব মানসিক চাপ, সংক্রমণ ইত্যাদির কারণে হতে পারে। তবুও, যেহেতু আপনি হরমোন গ্রহণ করছেন, তাই আরও মূল্যায়নের প্রয়োজন। আশা করি আমি আপনার প্রশ্নের উত্তর দিতে পেরেছি। আমি আপনাকে আরও কোনোভাবে সাহায্য করতে পারি কিনা তা আমাকে জানান।"
23145,"আপনার অনুসন্ধানের জন্য ধন্যবাদ, আমি আপনার অনুসন্ধানটি দেখেছি। সংক্রমিত দাঁত মাথা এবং ঘাড়ের অঞ্চলে ব্যথা সৃষ্টি করতে পারে। ফোড়া সহ সংক্রমিত দাঁত রেডিওগ্রাফের মাধ্যমে নিশ্চিত করা যেতে পারে। সংক্রমণের জন্য আপনি ৫ দিনের জন্য অ্যামোক্সিসিলিন ৫০০ মিগ্রা এবং মেট্রোনিডাজল ৪০০ মিগ্রা দিনে তিনবার (যদি আপনার অ্যালার্জি না থাকে) অ্যান্টিবায়োটিক কোর্স নিতে পারেন। রেডিওগ্রাফ নেওয়ার পর আমরা সিদ্ধান্ত নিতে পারব যে দাঁতটি বাঁচানো যাবে নাকি তুলে ফেলতে হবে। একজন ওরাল ফিজিশিয়ানের সাথে পরামর্শ করুন এবং এটি নিশ্চিত করার জন্য রেডিওগ্রাফ করান। এক বছরের ব্যবধানে দাঁতের কিছু অংশ নষ্ট হয়ে থাকতে পারে। হাত এবং বুকের ব্যথা একটি আলাদা সমস্যা হতে পারে, এর জন্য একজন কার্ডিয়াক ফিজিশিয়ানের সাথে পরামর্শ করুন। আশা করি আমার উত্তরটি আপনাকে সাহায্য করবে, ভালো থাকবেন।"
109517,"হেলো... আপনার প্রশ্নটি পড়েছি এবং সেই অনুযায়ী আমি বলতে চাই যে এটি ভাইরাল সংক্রমণের কারণে হতে পারে, কারণ সমস্ত লক্ষণ একটি নির্দিষ্ট দিকে সীমাবদ্ধ (আপনার ক্ষেত্রে ডান দিকে)। চিন্তার কিছু নেই, শান্ত থাকুন... আমি আপনাকে একজন ইএনটি সার্জন বা চিকিৎসকের সাথে দেখা করার এবং চিকিৎসা নেওয়ার পরামর্শ দিচ্ছি (ডেন্টিস্টের কাছে যাওয়ার পর দাঁত বা মুখের গহ্বরে কোনো সংক্রমণ আছে কিনা তা নিশ্চিত করুন)। ইতিমধ্যে, আপনি যতবার সম্ভব লবণ-পানি দিয়ে কুলকুচি করুন... শান্ত ও স্থির থাকুন... ভাইরাল সংক্রমণ (যদি থাকে) লক্ষণ অনুযায়ী চিকিৎসা করা সম্ভব... সুখী ও শান্ত মন জীবনের যেকোনো সংক্রমণ ও রোগের বিরুদ্ধে লড়াই করতে পারে... আশা করি এই উত্তরে আপনি উপকৃত হবেন। আপনার দিনটি স্বাস্থ্যকর হোক!!!"
93307,"আমি আপনার প্রশ্নটি দেখেছি এবং আপনার উদ্বেগ বুঝতে পেরেছি। আপনি যে চিকিৎসা পেয়েছেন তা চমৎকার। এর মানে হলো আপনার আর কোনো হেমোরেজিক স্ট্রোকের ঝুঁকি নেই। যদি ডাক্তাররা সিটি স্ক্যানে কয়েল ছাড়া অন্য কিছু না দেখেন, তবে আপনার নিশ্চিত হওয়া উচিত যে চিন্তার কিছু নেই। অবশ্যই, ১০০% নিশ্চিত হওয়ার জন্য সিটি স্ক্যানের চেয়ে এমআরআই একটি ভালো পরীক্ষা। আজ পর্যন্ত, অস্ত্রোপচারের জন্য ব্যবহৃত টাইটানিয়াম ক্লিপ বা কয়েল টিউমার পরিবর্তনের সাথে সম্পর্কিত এমন কোনো প্রমাণ নেই। এর মানে হলো, আপনার মস্তিষ্কের টিউমারের শতাংশ (চিকিৎসা এবং সিটি স্ক্যানের কথা বিবেচনা করলে) অন্য যে কারো সমান। আশা করি এটি আপনার প্রশ্নের উত্তর দিয়েছে। আপনার যদি আরও কোনো প্রশ্ন বা ফলো-আপ প্রশ্ন থাকে, তবে আমাদের লিখতে দ্বিধা করবেন না। আমি আপনার প্রশ্নের উত্তর দিতে পেরে খুশি হব। আপনার সুস্বাস্থ্য কামনা করছি।"
62680,"হেলো, নাসেনিয়া ডকে আসার জন্য ধন্যবাদ। আমি আপনার উদ্বেগের বিষয়টি বুঝতে পারছি। আপনাকে কিছু জানাতে চাই যে, ১২ বছর বয়সীদের ক্ষেত্রে ""মিনোক্সিডিল"" ব্যবহার করা উচিত নয়। তবে চুল পড়ার অন্তর্নিহিত কারণ খুঁজে বের করা প্রয়োজন। আমার মতে, এটি পেডিকিউরিজম বা ছত্রাকজনিত সংক্রমণ হতে পারে, তাই এটি পরীক্ষা করে দেখুন। যদি এমন কিছু পাওয়া যায়, তবে তার চিকিৎসা করার চেষ্টা করুন, তবে ""মিনোক্সিডিল"" ব্যবহারের বিষয়টি প্রশ্নসাপেক্ষ। আশা করি এই তথ্যটি আপনার উপকারে আসবে। নিজের যত্ন নেবেন এবং আপনার দিনটি ভালো কাটুক।"
83602,"হেলো, নাসেনিয়া ডকের সাথে পরামর্শ করার জন্য আপনাকে ধন্যবাদ। যখন কোনো দাঁতে সংক্রমণ হয়, তখন আপনাকে তা তুলে ফেলতে হবে অথবা রুট ক্যানেল চিকিৎসা করাতে হবে, কারণ সংক্রমণ দাঁতের মূলে ছড়িয়ে পড়ে ফোড়া বা সিস্টের সৃষ্টি করতে পারে, যা খুব বেদনাদায়ক হবে। তাই আপনার এটি চিকিৎসা করানোই ভালো, কারণ শুধুমাত্র ওষুধ খেয়ে সমস্যার সমাধান করা সম্ভব নয়, তাই আপনাকে ডেন্টিস্টের অ্যাপয়েন্টমেন্ট পেতে সময় দিতে হবে। আশা করি এটি আপনাকে সাহায্য করবে।"
60260,"হেলো! শুভ সকাল। আমি নাসেনিয়া ডক, আপনার প্রশ্নের উত্তর দিচ্ছি। শারীরিক পরীক্ষা ছাড়া শুধুমাত্র আপনার ইতিহাসের ওপর ভিত্তি করে এই পিণ্ডটি নির্ণয় করা সম্ভব নাও হতে পারে। তবে, আমার মনে হয় এটি সম্ভবত হার্নিয়া হতে পারে। আমি আপনাকে পরামর্শ দেব যে সঠিক রোগ নির্ণয় এবং পরবর্তী চিকিৎসার জন্য আপনার এলাকার একজন জেনারেল সার্জনের মাধ্যমে নিজেকে শারীরিকভাবে পরীক্ষা করান। আমি আশা করি এই তথ্যটি আপনার সমস্যার পরবর্তী ব্যবস্থাপনার বিষয়ে আপনার পারিবারিক চিকিৎসক বা আপনার চিকিৎসা প্রদানকারী ডাক্তারের সাথে আলোচনা করতে সাহায্য করবে। কোনো সন্দেহ থাকলে নির্দ্বিধায় জিজ্ঞাসা করুন। আপনার স্বাস্থ্য সমস্যার বিষয়ে সন্দেহ দূর করতে নাসেনিয়া ডককে বেছে নেওয়ার জন্য ধন্যবাদ। আপনার দ্রুত আরোগ্য কামনা করছি। নাসেনিয়া ডক।"
108357,"হেলো, আমাদের কাছে লেখার জন্য ধন্যবাদ। পিঠের বাম দিকে ব্যথা যদি পেশীজনিত না হয়, তবে তা কিডনি সংক্রমণ বা পাথরের কারণে হতে পারে। আল্ট্রাসাউন্ড স্ক্যান করার মাধ্যমে এটি নিশ্চিত হওয়া সম্ভব। যদি গভীর শ্বাস নিলে বা কাশলে ব্যথা বেড়ে যায়, তবে পাঁজরের আঘাত বা পেশীর টান হওয়ার সম্ভাবনা থাকে। অন্যান্য কারণ যা নিশ্চিত করা প্রয়োজন তার মধ্যে রয়েছে প্লুরিসির মতো ফুসফুসের সংক্রমণ। আশা করি এটি আপনাকে সাহায্য করবে।"
32329,"হেলো, নাসেনিয়া ডকে লেখার জন্য ধন্যবাদ। হ্যাঁ, কিছু গবেষণায় দেখা গেছে যে এইচ পাইলোরি বন্ধ্যাত্বের কারণ হতে পারে। এটি মূলত পিসিওএস (পলিসিস্টিক ওভারি ডিজিজ) তৈরির সাথে সম্পর্কিত। আপনার পিসিওএস আছে কিনা তা নিশ্চিত করার জন্য আমি আপনাকে পেটের আল্ট্রাসাউন্ড করার পরামর্শ দেব। আমি আপনাকে এইচ পাইলোরি পুরোপুরি ছড়িয়ে পড়েছে কিনা তা পুনরায় পরীক্ষা করারও পরামর্শ দিচ্ছি। যদি তা না হয়ে থাকে, তবে চিকিৎসা নিন। যদি পরীক্ষার ফলাফল নেতিবাচক আসে, তবে চিন্তা করবেন না। এটি কোনো প্রভাব ফেলবে না। যদি আপনার প্রতি মাসে স্বাভাবিক ডিম্বস্ফোটন হয়, তবে চিন্তার কিছু নেই। কিছু ক্ষেত্রে জরায়ুমুখে এইচ পাইলোরি অ্যান্টিবডি উপস্থিত থাকে যা শুক্রাণুর চলাচল রোধ করে। আমি আপনাকে আইইউআই (IUI) করার পরামর্শ দিচ্ছি। এটি হলো জরায়ুর ভেতরে শুক্রাণু প্রবেশ করানো। এখানে শুক্রাণু ধুয়ে প্রক্রিয়াজাত করে জরায়ুতে স্থাপন করা হয়। ফলে শুক্রাণু প্রবেশের সমস্যাটি সমাধান হয়ে যায়। আশা করি আমি আপনাকে সাহায্য করতে পেরেছি। শুভেচ্ছা, নাসেনিয়া ডক।"
27759,"হেলো, আমি আপনার কেসটি পর্যালোচনা করেছি। এই নার্ভ রুটটি সংকুচিত হওয়ার কারণে আপনার হাতে ব্যথা হচ্ছে। সঠিক রোগ নির্ণয়ের জন্য আমি আপনাকে সার্ভিকাল স্পাইনের এমআরআই (MRI) করার পরামর্শ দেব। এই লক্ষণগুলোর জন্য ব্যথানাশক এবং নিউরোট্রফিক ওষুধ শুরু করা যেতে পারে। আপাতত, ভারী ওজন তোলা থেকে বিরত থাকুন এবং পিঠে সাপোর্ট নিয়ে বসুন। আপনি সাহায্যের জন্য একজন ফিজিওথেরাপিস্টের পরামর্শ নিতে পারেন। আল্ট্রাসাউন্ড এবং ইনফারেনশিয়াল থেরাপির মতো ফিজিওথেরাপি দ্রুত আরাম দেবে। আমি আপনাকে আপনার ভিটামিন বি১২ এবং ভিটামিন ডি৩-এর মাত্রা পরীক্ষা করার পরামর্শ দেব। আশা করি এটি আপনার প্রশ্নের উত্তর দিয়েছে। আপনার যদি আরও কোনো প্রশ্ন বা ফলো-আপ জিজ্ঞাসা থাকে, তবে আমাদের লিখতে দ্বিধা করবেন না। আমি আপনার প্রশ্নের উত্তর দিতে পেরে খুশি হব। আপনার সুস্বাস্থ্য কামনা করছি। নিজের যত্ন নেবেন।"
32680,"হেলো এবং আপনার প্রশ্নের জন্য ধন্যবাদ। আপনার দাঁতে একটি বড় গর্ত আছে যা স্নায়ুকে সংক্রমিত করেছে, স্নায়ুটি প্রদাহযুক্ত এবং ফুলে গেছে। ঠান্ডা লাগালে ব্যথা কমে কারণ এটি এক মিনিটের জন্য চাপ কমিয়ে দেয়। স্নায়ুর এই ক্ষতি অপরিবর্তনীয় এবং যদি দাঁতটি পুনরুদ্ধারযোগ্য হয় তবে ক্ষয়টি অপসারণ করতে হবে, রুট ক্যানেল করতে হবে এবং দাঁতে একটি ক্রাউন বা বড় ফিলিং বসাতে হবে। অথবা যদি দাঁতটি পুনরুদ্ধারযোগ্য না হয়, তবে চোয়ালে বড় ধরনের সংক্রমণ হওয়ার আগেই দাঁতটি টেনে বের করতে হবে। শুভেচ্ছা রইল।"
22287,"হেলো, না, আপনার পিরিয়ডের প্রথম এবং দ্বিতীয় দিনে যৌন মিলন করলে গর্ভবতী হওয়ার কোনো সম্ভাবনা নেই, কারণ এটি আপনার ওভুলেশন বা ডিম্বস্ফোটনের সময় ছিল না। যদি ৩০শে নভেম্বর আপনার পিরিয়ডের প্রথম দিন হয়, তবে ১লা ডিসেম্বর ছিল আপনার পিরিয়ডের দ্বিতীয় দিন, তাই না? আনওয়ান্টেড ৭২ (Unwanted 72) আপনার পিরিয়ডকে বিলম্বিত করতে পারে বা অনিয়মিত পিরিয়ডের কারণ হতে পারে। পিলের পার্শ্বপ্রতিক্রিয়া একেক জনের ক্ষেত্রে একেক রকম হয়, পিলের পার্শ্বপ্রতিক্রিয়া থাকা জরুরি নয়।"
44136,"হেলো প্রিয়, আপনার উদ্বেগ বুঝতে পারছি। আপনার প্রশ্ন অনুযায়ী, আপনার ঘাড়ে র‍্যাশ বা ফুসকুড়ির লক্ষণ রয়েছে, যা খুবই সাধারণ কারণ পোশাকের নিচে ময়লা ও আর্দ্রতা জমে সেবেসিয়াস গ্রন্থি বন্ধ হয়ে যায়। চিন্তার কিছু নেই। আমি আপনাকে এই জায়গাটি পরিষ্কার রাখতে এবং ডাক্তারের সাথে চ্যাট করার পরামর্শ দেব। তোয়ালে গরম পানিতে ভিজিয়ে সেঁক দিন এবং রাতে ভিটামিন সি সিরাম লাগান। র‍্যাশে হাত দেওয়া বা খোঁচানো থেকে বিরত থাকুন। দিনে ২-৩ বার র‍্যাশের ওপর বরফের প্যাক ব্যবহার করুন। যদি অবস্থার উন্নতি না হয়, তবে সঠিক পরীক্ষার জন্য চর্মরোগ বিশেষজ্ঞের পরামর্শ নিন। ডাক্তার শারীরিক পরীক্ষার পাশাপাশি রক্ত পরীক্ষা এবং ল্যাব টেস্টের জন্য নমুনা সংগ্রহ করবেন। ডাক্তার প্রদাহরোধী ওষুধের পাশাপাশি ক্লিনডামাইসিনের মতো অ্যান্টিবায়োটিক লিখে দিতে পারেন। আশা করি আপনার সমস্যার সমাধান হয়েছে। শুভকামনা।"
29580,"হেলো। স্লাভিক ইনজেকশনের পর আপনার হাঁটু ফুলে যাওয়াটা বেশ অস্বাভাবিক। আপনি যদি চ্যাট ডাক্তারের প্রতি সংবেদনশীল হন, তবে সাধারণত এই প্রতিক্রিয়াগুলো হতে পারে। আমার মতে, আপনার ক্ষেত্রে আমি বরং অ্যান্টি-অ্যালার্জিক, নি সাপোর্ট, ব্যায়াম এবং হাঁটুর ফোলা ও ব্যথার জন্য অ্যান্টি-ইনফ্ল্যামেটরি ব্যথানাশক ওষুধের ওপর নির্ভর করব। বারবার অ্যাসপিরেশন খুব একটা কাজে নাও আসতে পারে। ভবিষ্যতে, ভালো উপশমের জন্য আমি আপনার হাঁটুতে পিআরপি (PRP) ইনজেকশন নেওয়ার পরামর্শ দেব।"
51518,"হেলো, নাসেনিয়া ডকে আপনাকে স্বাগতম। আপনার জিজ্ঞাসার তথ্য অনুযায়ী, আপনার বার্থোলিন সিস্ট/এইচপিভি পপুলার প্যাপিলোমা হয়েছে বলে মনে হচ্ছে। আপনার গাইনোকোলজিস্টের কাছ থেকে দ্বিতীয় মতামতের পর এক্সিশন বায়োপসি করলে অস্পষ্ট রোগ নির্ণয়ের এই দ্বিধা দূর হবে। আশা করি এটি আপনার ডাক্তারের সাথে চিকিৎসার পরিকল্পনা করতে সাহায্য করবে। নাসেনিয়া ডকে আপনার মতো অন্য রোগীদের উপকারের জন্য ধন্যবাদ জানানো এবং রিভিউ মন্তব্য লিখলে কৃতজ্ঞ থাকব। দিনটি ভালো কাটুক। নাসেনিয়া ডক। এন. সিনিয়র সার্জিক্যাল স্পেশালিস্ট। এম.এস. জেনারেল-সিভিটিএস।"
52774,"হেলো প্রিয়, মিলিয়ন ডলারের প্রশ্নটি হলো, অস্ত্রোপচার করার সময় কেন দুটি টিউবই পুনরায় খোলা হয়নি? যদি খোলা টিউবটিতে সংক্রমণ হয়ে থাকে, তবে এটি পুনরায় বন্ধ হয়ে যাওয়ার প্রবল সম্ভাবনা থাকে। প্রথমে সংক্রমণের চিকিৎসা করান এবং তারপর ল্যাপারোস্কোপি বা হিস্টেরোসালপিঙ্গোগ্রাফির মাধ্যমে টিউবের কার্যকারিতা পুনরায় মূল্যায়ন করুন। যদি টিউবটি এখনও খোলা থাকে, তবে আপনার স্বাভাবিকভাবে গর্ভধারণের সম্ভাবনা রয়েছে। তবে, টিউবের কার্যকারিতাই গর্ভধারণের একমাত্র কারণ নয়। আপনাকে খুঁজে বের করতে হবে যে আপনি নিয়মিত ডিম্বাণু উৎপাদন করছেন কি না। আল্ট্রাসনোগ্রাফির মাধ্যমে ওভুলেশন মনিটরিং আপনাকে এই তথ্য পেতে সাহায্য করতে পারে। এছাড়া আপনার স্বামীর বীর্য পরীক্ষা করান। যদি সমস্ত পরীক্ষার রিপোর্ট স্বাভাবিক থাকে, তবে আল্ট্রাসনোগ্রাফিতে পাওয়া ডিম্বাণু নিঃসরণের দিন এবং তার আশেপাশে শারীরিক সম্পর্কের পরিকল্পনা করার চেষ্টা করুন। যদি অন্তত ৬ মাস নিয়মিত চেষ্টার পরেও সব রিপোর্ট স্বাভাবিক থাকা সত্ত্বেও আপনি গর্ভধারণ করতে ব্যর্থ হন, তবে আপনাকে কৃত্রিম প্রজনন পদ্ধতির কথা বিবেচনা করতে হতে পারে, যার জন্য আপনার একজন বন্ধ্যাত্ব বিশেষজ্ঞের পরামর্শ নেওয়া উচিত। আমি নিশ্চিত, এটি আপনাকে প্রাথমিক বিস্তৃত নির্দেশিকা দেবে। আরও বিস্তারিত পরামর্শের জন্য, আপনি এই ফোরামে আমাকে সরাসরি প্রশ্ন করতে পারেন।"
5216,"হেলো এবং নাসেনিয়া ডকে আপনাকে স্বাগতম। আরএ (RA) ফ্যাক্টর পজিটিভ মানেই সবসময় রিউমাটয়েড আর্থ্রাইটিসে আক্রান্ত তা নয়। তবে, রিউমাটয়েড আর্থ্রাইটিসের রোগীদের ক্ষেত্রে সবসময়ই আরএ ফ্যাক্টর পজিটিভ থাকে। তাই, রিউমাটয়েড আর্থ্রাইটিস নিয়ে চিন্তা করবেন না। আপনি যে ওষুধগুলো খাচ্ছেন তা চালিয়ে যান। আপনাকে কোন ওষুধ দেওয়া হয়েছে এবং কী উদ্দেশ্যে তা স্পষ্ট নয়। ধন্যবাদ এবং ভালো থাকবেন, নাসেনিয়া ডক।"
877,"নাসেনিয়া ডকে আপনাকে স্বাগতম। ১. রোগীর চলাফেরা কম হলে অন্তর্নিহিত পক্ষাঘাতের কারণে এই ক্ষেত্রে পিঠে ব্যথার কয়েকটি কারণ থাকতে পারে। ২. ডায়াবেটিস অনিয়ন্ত্রিত থাকলে। ৩. বয়সজনিত ক্ষয়জনিত পরিবর্তনের কারণেও পিঠে ব্যথা হতে পারে। ৪. ডিস্ক এবং কর্ডের অবস্থা জানার জন্য আমি মেরুদণ্ডের এমআরআই (MRI) করার পরামর্শ দেব, সেই সাথে হাড়ের পরিবর্তনের জন্য মেরুদণ্ডের একটি প্লেইন রেডিওগ্রাম (এক্স-রে) করার পরামর্শ দিচ্ছি। আশা করি এটি আপনাকে সাহায্য করবে। কিছু জিজ্ঞাসা করার আছে? দ্বিধা করবেন না। ধন্যবাদ।"
99051,"আপনার উদ্বেগগুলো আমি বুঝতে পেরেছি এবং আপনার বিস্তারিত তথ্যগুলো দেখেছি। আমি আপনাকে খুব বেশি চিন্তা না করার পরামর্শ দিচ্ছি। বুক ধড়ফড় করা (হৃদস্পন্দন শোনা) সমস্ত উদ্বেগজনিত ব্যাধিতে আক্রান্ত ব্যক্তিদের একটি সাধারণ বৈশিষ্ট্য। এটি ব্যাধির পরিবর্তে একটি আচ্ছন্নতা হিসেবে ঘটে। অনেক গবেষণা এবং গবেষক নিশ্চিত করেছেন যে শুধুমাত্র ওষুধ মানসিক ব্যাধি নিরাময় করতে পারে না। জীবনযাত্রার পরিবর্তন, চিন্তাধারার পরিবর্তন, শিথিলকরণ ইত্যাদি ওষুধের মতোই অপরিহার্য। সাইকোথেরাপি আপনাকে আপনার জীবনযাত্রা এবং চিন্তাধারার পরিবর্তন করতে সাহায্য করতে পারে। যোগব্যায়াম এবং ধ্যান আপনার বিপাক এবং স্নায়বিক ভারসাম্য ঠিক রাখতে সাহায্য করে। আরও তথ্যের জন্য অনুগ্রহ করে একজন মনোবিজ্ঞানীর সাথে পরামর্শ করুন। এই বিষয়ে যদি আপনার আমার আরও সাহায্যের প্রয়োজন হয়, তবে অনুগ্রহ করে এই ইউআরএল-এ আমাকে সরাসরি প্রশ্ন করুন। http"
75550,"হেলো, নাসেনিয়া ডকের সাথে পরামর্শ করার জন্য আপনাকে স্বাগতম এবং ধন্যবাদ। আমি আপনার প্রশ্নটি দেখেছি, আপনি যেহেতু উল্লেখ করেছেন যে আপনার জিহ্বায় জ্বালাপোড়া, মুখে ধাতব স্বাদ এবং ঠোঁট অবশ হয়ে যাওয়ার মতো সমস্যা হচ্ছে, তাই চিন্তার কিছু নেই। এটি গ্লসাইটিস বা প্যাপিলা ক্ষয়ের কারণে হতে পারে, অথবা পুষ্টির অভাবের কারণেও হতে পারে। আপনি এক সপ্তাহের জন্য দিনে দুবার ভিটামিন বি৬ এবং বি১২ সাপ্লিমেন্ট ক্যাপসুল খেতে পারেন। দিনে দুবার ক্লোরহেক্সিডিন মাউথওয়াশ ব্যবহার করুন। নিয়মিত ব্রাশ করা এবং টাং ক্লিনার ব্যবহার করে মুখের সঠিক পরিচ্ছন্নতা বজায় রাখুন। যদি আপনি আরাম না পান, তবে দাঁতের পরীক্ষার জন্য একজন ডেন্টিস্টের সাথে পরামর্শ করুন এবং প্রয়োজনে ওরাল প্রফিল্যাক্সিস করান। আশা করি এটি আপনাকে সাহায্য করবে। আপনার সুস্বাস্থ্য কামনা করছি।"
72124,"হেলো প্রিয়, নাসেনিয়া ডক পরিবারে আপনাকে স্বাগতম। আমি আপনার উদ্বেগের বিষয়টি বিস্তারিতভাবে দেখেছি। মিলনের পর যোনিপথে সংক্রমণ বেড়ে যাওয়া খুবই সাধারণ একটি বিষয়। দ্রুত সুস্থতার জন্য পরামর্শ: হালকা গরম পানিতে পূর্ণ একটি টবে বসুন এবং দিনে ৩ বার ১০ মিলি অ্যান্টিসেপটিক তরল পান করুন। আপনার ডাক্তারের নির্দেশ অনুযায়ী সাপোজিটরি ব্যবহার চালিয়ে যান। পরবর্তী ৩ সপ্তাহ কঠোরভাবে যোনিপথে মিলন থেকে বিরত থাকুন। ঢিলেঢালা, পরিষ্কার সুতির অন্তর্বাস পরুন। অ্যান্টিবায়োটিক এবং অ্যান্টিফাঙ্গালের মতো সিস্টেমিক ওষুধ সরাসরি পরীক্ষার মাধ্যমে গ্রহণ করা প্রয়োজন। আশা করি এটি আপনাকে নিশ্চিতভাবে সাহায্য করবে। যেকোনো সময় আরও প্রশ্ন করতে দ্বিধা করবেন না। আমার উত্তরটি মূল্যায়নের জন্য ধন্যবাদ। শুভেচ্ছা প্রিয়।"
80510,"হেলো, প্রথমে পরীক্ষা করে দেখুন আপনার সব পেশী ঠিক আছে কি না, একইভাবে সব জয়েন্টের নড়াচড়াও পরীক্ষা করুন। আপনার পায়ের আঙুলের রঙ পরীক্ষা করুন। যদি এই সব স্বাভাবিক থাকে, তবে সম্ভাবনা আছে যে আপনার গুরুতর কোনো ক্ষতি হয়নি। এরপর ক্ষতটি দেখুন - ভালোভাবে ধুয়ে ফেলুন - যদি এটি বড় হয় তবে মেরামতের জন্য জরুরি বিভাগে যান, আর যদি ছোট হয় তবে বড় কাটা দাগ ছাড়া, তবে চ্যাট ডাক্তারের সাথে যোগাযোগ রাখুন। প্রয়োজনে ব্যথানাশক ওষুধ সেবন করুন। যদি কোনো পর্যায়ে আপনি স্বাচ্ছন্দ্যবোধ না করেন তবে জরুরি বিভাগে বা আপনার ডাক্তারের সাথে দেখা করুন।"
47374,"হেলো। আপনার অনুসন্ধানের জন্য ধন্যবাদ। হ্যাঁ, এটি হিট এক্সহশনের কারণে হচ্ছে বলে মনে হচ্ছে। শরীরের অভ্যন্তরীণ তাপমাত্রা বৃদ্ধির কারণে সমস্ত সিস্টেম পরিবর্তিত প্রতিক্রিয়া দেখায়। হোমিওস্ট্যাসিস (এই ধরনের চ্যালেঞ্জের বিরুদ্ধে শরীরের ভারসাম্য বজায় রাখার প্রাকৃতিক প্রক্রিয়া) ব্যাহত হয় এবং আপনি যা অনুভব করেছেন তা ঘটে। এই ধরনের পরিস্থিতিতে অভ্যন্তরীণ তাপমাত্রা কমানো খুব গুরুত্বপূর্ণ এবং শুধুমাত্র লক্ষণভিত্তিক চিকিৎসা পাওয়া যায়। এইচওয়াই নাসেনিয়া ডক বজায় রাখুন।"
26276,হেলো... নাসেনিয়া ডকে পরামর্শের জন্য আপনাকে ধন্যবাদ। আমার মনে হয় আপনার শিশুর অভ্যাসগত কোষ্ঠকাঠিন্য রয়েছে। আপনার জন্য আমার কিছু প্রশ্ন এবং পরামর্শ আছে। প্রশ্নসমূহ
43925,"১. নিতম্বের ব্যথার সাথে সম্পর্কিত সমস্ত উপসর্গের তীব্রতা, স্থায়িত্ব, অবস্থান, ব্যথা বৃদ্ধি বা উপশমের কারণ এবং এর সাথে সম্পর্কিত শারীরিক সমস্যা যেমন হার্নিয়েটেড ডিস্ক বা সায়াটিকার উপস্থিতি বা অনুপস্থিতির পরিপ্রেক্ষিতে মূল্যায়ন করা প্রয়োজন, তাই আপনার সর্বোত্তম স্বার্থে একজন অর্থোপেডিক সার্জনের সাথে পরামর্শ করার অনুরোধ করা হচ্ছে। ২. যেহেতু আপনার অবস্থার নির্ণয় এবং ব্যবস্থাপনার জন্য শারীরিক পরীক্ষার প্রয়োজন হবে, তাই ব্যথা অব্যাহত থাকলে অ্যাপয়েন্টমেন্টের সময় নির্ধারণ করার জন্য বিশেষভাবে সুপারিশ করা হচ্ছে। পুনশ্চ: ১. ১ মাসের জন্য ৪ টেবিল চামচ তুলসী পাতার রস ৪ টেবিল চামচ আদার রস ৪ টেবিল চামচ মধু সেবন করুন। ২. স্থানীয় ম্যাসাজের জন্য অলিভ অয়েল জৈন তেল ব্যবহার করুন। ৩. বেগুনের তরকারি হাইনান কি ভরত তৈরি করে রেড়ির তেলে ভেজে খান।"
90634,"হেলো প্রিয়, আপনার গর্ভাবস্থা কীভাবে এবং কার দ্বারা নির্ণয় করা হয়েছিল? যদি এটি নিশ্চিত গর্ভাবস্থা হয়, তবে আপনি এই রক্তপাতকে হালকাভাবে নিতে পারেন না। গর্ভাবস্থার যেকোনো পর্যায়ে যেকোনো পরিমাণ রক্তপাত উদ্বেগজনক, এটি ভালো লক্ষণ নয়। ইমপ্লান্টেশন রক্তপাত কখনোই এত বেশি হয় না এবং তাছাড়া, গর্ভাবস্থার জন্য ঝুঁকিপূর্ণ অন্যান্য কারণগুলো বাদ দেওয়ার পরেই কেবল এটিকে ইমপ্লান্টেশন রক্তপাত হিসেবে চিহ্নিত করা উচিত। সৌভাগ্যবশত, আপনার কোনো ব্যথা নেই। তাই এমনকি যদি এটি গর্ভপাতের ঝুঁকিও হয়, তবে তা প্রজেস্টেরনের মাধ্যমে নিয়ন্ত্রণ করা সম্ভব। এই ধরনের রক্তপাতের আরেকটি সম্ভাব্য কারণ হতে পারে মোলার প্রেগন্যান্সি, যা চ্যাট ডাক্তারের পরিমাপ এবং/অথবা আল্ট্রাসনোগ্রাফির মাধ্যমে নির্ণয় করা যেতে পারে। জরায়ুমুখের যেকোনো ক্ষতও রক্তপাতের কারণ হতে পারে, তবে তা এত বেশি এবং একটানা রক্তপাত হয় না। অনুগ্রহ করে বিছানায় সীমাবদ্ধ থাকুন, স্যানিটারি ন্যাপকিন ব্যবহার করুন এবং ডাক্তারের পরামর্শের জন্য সেগুলো সংরক্ষণ করুন। আমি আপনাকে পরামর্শ দিচ্ছি যে আগামী সপ্তাহে আপনার নির্ধারিত অ্যাপয়েন্টমেন্টের জন্য অপেক্ষা করবেন না; সঠিক রোগ নির্ণয় এবং গর্ভাবস্থা বাঁচানোর জন্য উপযুক্ত চিকিৎসার জন্য যত দ্রুত সম্ভব একজন স্ত্রীরোগ বিশেষজ্ঞের সাথে যোগাযোগ করুন। আশা করি এটি আপনাকে সাহায্য করবে।"
103466,"হেলো প্রিয়, নাসেনিয়া ডকে আপনাকে স্বাগতম। আপনার উদ্বেগটি বুঝতে পারছি। আপনার প্রশ্ন অনুযায়ী, আপনার গোড়ালিতে ফোলাভাব রয়েছে। আপনার উল্লিখিত লক্ষণগুলোর পেছনে পেরিফেরাল নিউরোপ্যাথি, উচ্চ রক্তচাপ, গেঁটে বাত, কিডনি রোগ, ডিভিটি (DVT) বা ভেনাস ইনসাফিসিয়েন্সির মতো অনেক কারণ থাকতে পারে। তবে আপনার ক্ষেত্রে লক্ষণগুলো সম্ভবত হাড় ভাঙা, হেমাটোমা বা নরম কলার আঘাতের কারণে হচ্ছে। আমি আপনাকে সঠিক পরীক্ষার জন্য একজন অর্থোপেডিক সার্জনের সাথে পরামর্শ করার পরামর্শ দেব। ডাক্তার সিটি স্ক্যান বা এক্স-রে-এর পাশাপাশি রক্ত পরীক্ষা এবং প্রস্রাব পরীক্ষার পরামর্শ দিতে পারেন। ডাক্তার প্লাস্টার দিতে পারেন, ফিজিওথেরাপি নেওয়ার পরামর্শ দিতে পারেন, নাসেনিয়া ডক। আপাতত প্রতিদিন ১৫ মিনিটের জন্য ইপসম লবণ মেশানো গরম পানিতে পা ডুবিয়ে রাখুন এবং শুয়ে থাকার সময় পা উঁচুতে রাখুন। ডাক্তার অ্যালোপিউরিনলও প্রেসক্রাইব করতে পারেন। আশা করি আপনার সমস্যার সমাধান হয়েছে। দ্রুত সুস্থ হয়ে উঠুন। শুভকামনা।"
3919,"হেলো, নাসেনিয়া ডকের সাথে পরামর্শ করার জন্য আপনাকে স্বাগতম এবং ধন্যবাদ। আমি আপনার প্রশ্নটি দেখেছি, যেহেতু ক্যারিসের কারণে আপনার দাঁতে ব্যথা হচ্ছে, তাই চিন্তা করবেন না। আপনি যেহেতু ওষুধের কথা জানতে চেয়েছেন, হ্যাঁ, এটি আপনার জন্য সঠিক এবং ব্যথার জন্য আপনি এক সপ্তাহের জন্য দিনে দুবার একটি করে ইউজিনিক প্লাস ট্যাবলেট খেতে পারেন। দিনে দুই-তিনবার হালকা গরম লবণ পানি দিয়ে কুলকুচি করুন। আপনার পরীক্ষার পর একজন ডেন্টিস্টের সাথে পরামর্শ করুন এবং রুট ক্যানেল চিকিৎসা নিন। আশা করি এটি আপনাকে সাহায্য করবে।"
87856,"হেলো প্রিয়, আমি আপনার উদ্বেগ বুঝতে পারছি। আমার মতে হাইপারথাইরয়েডিজম অতিরিক্ত রক্তপাত এবং অনিয়মিত পিরিয়ডের কারণ হতে পারে। অনিয়মিত পিরিয়ড পরবর্তীতে বন্ধ্যাত্বের দিকে নিয়ে যায়। থাইরয়েডের সমস্যা বন্ধ্যাত্বের অন্যতম কারণ। এছাড়া, জরায়ুর কোনো অস্বাভাবিকতা যেমন ফাইব্রয়েড আছে কিনা তা নিশ্চিত করার জন্য আমি আপনাকে একটি আল্ট্রাসাউন্ড করার পরামর্শ দিচ্ছি। থাইরয়েডের সমস্যার কারণে অনিয়মিত এবং অতিরিক্ত রক্তপাত হয়। তাই অনুগ্রহ করে একজন ডাক্তারের সাথে দেখা করুন এবং হাইপারথাইরয়েডিজমের জন্য অ্যান্টি-থাইরয়েড ওষুধ নিন। থাইরয়েড নিয়ন্ত্রণে চলে এলে গর্ভধারণের সম্ভাবনা বেড়ে যায়। চিন্তার কিছু নেই। নিশ্চিন্ত থাকুন। এটি একটি নিরাময়যোগ্য অবস্থা। আশা করি এটি আপনাকে সাহায্য করবে। শুভেচ্ছা রইল..."
25224,"হেলো, নাসেনিয়া ডকে পোস্ট করার জন্য আপনাকে ধন্যবাদ। যেকোনো ব্যক্তির গায়ের রঙের দুটি উপাদান থাকে; একটি হলো গঠনগত, যা বংশগতি এবং জাতিগত কারণ দ্বারা পূর্বনির্ধারিত এবং সাধারণত কোনো চিকিৎসার মাধ্যমে পরিবর্তন করা যায় না। অন্য উপাদানটি হলো বাহ্যিক কারণ যেমন পরিবেশের প্রভাব, সূর্যালোক, প্রসাধনীর ব্যবহার ইত্যাদির কারণে হয় এবং এটি চিকিৎসার মাধ্যমে পরিবর্তনযোগ্য। আপনি কেমিক্যাল পিল নিতে পারেন, যা ত্বকের উপরের মৃত স্তরগুলোকে অপসারণ করে এবং কোলাজেন পুনর্গঠনকে উদ্দীপিত করে, ফলে ত্বকের নতুন স্তর তৈরি হয়। ত্বকের ধরন এবং প্রয়োজনীয়তা অনুযায়ী কেমিক্যাল পিলের অনেক বিকল্প রয়েছে (গ্লাইকোলিক পিল, রেটিনল পিল, ককটেল পিল ইত্যাদি)। এছাড়া, কেমিক্যাল পিলিংয়ের আগে মাইক্রোডার্মাব্রেশন বা সাধারণ ভাষায় স্কিন পলিশিং নামক একটি সহজ পদ্ধতি ব্যবহার করা যেতে পারে, যা ফলাফলকে আরও উন্নত করে। বাড়িতে আপনি কোজিক অ্যাসিডযুক্ত ক্রিম ব্যবহার করে দেখতে পারেন। রোদে বের হওয়ার আগে সবসময় ব্রড স্পেকট্রাম সানস্ক্রিন ব্যবহার করুন। সুস্থ এবং আর্দ্র ত্বকের জন্য প্রতিদিন ডিটেইল ডিএএম-এর মতো সাধারণ ময়েশ্চারাইজার ব্যবহার করুন।"
92736,"হেলো, সিস্টোলিক হার্ট ডিজিজ বলে এমন কোনো বিষয় নেই। আমার মনে হয় আপনি সিস্টোলিক হার্ট ডিজিজ বলতে সিস্টোলিক হাইপারটেনশনকে বুঝিয়েছেন। যদি এটি গ্রেড ১ হয়, অর্থাৎ তার রক্তচাপ ১৪০ থেকে ১৫৯ মিমি এইচজি-এর মধ্যে থাকে, তবে সিস্টোলিক হাইপারটেনশনের একটি শ্রেণিবিন্যাস রয়েছে। জীবনযাত্রার পরিবর্তন খুব উপকারী হতে পারে। তাকে সপ্তাহে অন্তত ৬ দিন ৪৫ মিনিট করে কঠোর ব্যায়াম করতে বলুন। মাখন, স্যাচুরেটেড ফ্যাট এবং ফাস্ট ফুড এড়িয়ে চলার পরিবর্তে প্রাকৃতিক নিরামিষ খাবার খাওয়ার চেষ্টা করুন। প্রতিদিন লবণের পরিমাণ ২ থেকে ৩ গ্রামের মধ্যে সীমাবদ্ধ রাখুন। শরীর হাইড্রেটেড রাখুন। ডাক্তারের সাথে চ্যাট করুন।"
42433,হেলো। আপনার অনুসন্ধানের জন্য ধন্যবাদ। আপনার ইতিহাস পড়েছি এবং সমস্যাটি বুঝতে পেরেছি। মুখের তালুতে ক্রমবর্ধমান ফোলাভাবটি আগে থেকে থাকা অ্যাডেনয়েডের ফোড়া বা ছোট লালা গ্রন্থির সিস্ট হতে পারে। আমি আপনাকে নিম্নলিখিত পরামর্শ দিচ্ছি।
63434,"হেলো, নাসেনিয়া ডকের সাথে যোগাযোগ করার জন্য ধন্যবাদ। আপনার স্ত্রীর পিত্তথলি অপসারণের পরবর্তী ব্যথা হচ্ছে। এটি পার্শ্ববর্তী এলাকায় পিত্ত নিঃসরণের কারণে হতে পারে, যা ব্যথার সৃষ্টি করছে। কখনও কখনও এই ধরনের ব্যথা কয়েক মাস পর্যন্ত থাকতে পারে। আপনার স্ত্রীর বিটা থ্যালাসেমিয়া মাইনর বা জন্মগত হিমোগ্লোবিনোপ্যাথি রয়েছে। সাধারণত এর কোনো উপসর্গ থাকে না, তবে যদি কোনো কারণে হিমোলাইসিস হয়ে থাকে, তবে ক্ষতিপূরণমূলক এক্সট্রামেডুলারি এরিথ্রোপোয়েটিন হিসেবে হেপাটোমেগালি হতে পারে। কম চর্বিযুক্ত খাবার খান। বেশি করে ফল খান। ভাজা এবং জাঙ্ক ফুড কম খান। নিজের যত্ন নেবেন।"
19890,"হেলো, প্রশ্নটি করার জন্য ধন্যবাদ। দাঁত ব্রাশ করার সময় রক্তপাত মাড়ির প্রদাহের কারণে হতে পারে, যাকে জিঞ্জিভাইটিস বলা হয়। এটি মুখের অযত্ন, পুষ্টির অভাব বা হরমোনের পরিবর্তনের কারণে হতে পারে। আমি আপনাকে একজন ডেন্টিস্টের সাথে পরামর্শ করার এবং সম্পূর্ণ মুখের স্কেলিং ও পলিশিং করানোর পরামর্শ দেব। বাড়িতে হালকা গরম লবণ পানি এবং অ্যান্টিসেপটিক মাউথওয়াশ দিয়ে কুলকুচি করুন। নরম ব্রিসলযুক্ত টুথব্রাশ ব্যবহার করুন এবং দিনে দুবার ছোট বৃত্তাকার গতিতে দাঁত ব্রাশ করুন। মাল্টিভিটামিন সাপ্লিমেন্ট গ্রহণ করুন। প্রচুর পরিমাণে ভিটামিন সি সমৃদ্ধ তরল যেমন লেবু, কমলা খান। নিজের যত্ন নিন!"
37996,"হেলো, আমি আপনার প্রশ্নটি দেখেছি এবং আপনার উদ্বেগগুলো বুঝতে পেরেছি। প্রথমত, এত কম বয়সে এবং এই উদ্দেশ্যে স্টেরয়েড গ্রহণ করা একেবারেই উচিত নয়। আইআরটি (IRT)-এর গুরুতর পার্শ্বপ্রতিক্রিয়া এবং স্বাস্থ্যের জন্য নেতিবাচক প্রভাব থাকতে পারে। দ্বিতীয়ত, এটি পেশী বৃদ্ধির জন্য মোটেও কার্যকর নাও হতে পারে এবং এর মাত্রা বৃদ্ধি পেতে কয়েক সপ্তাহ সময় লাগতে পারে। আমি পেশী গঠনের জন্য প্রাকৃতিক পদ্ধতি ব্যবহার করার এবং এই ধরনের পদ্ধতি ও স্টেরয়েড এড়িয়ে চলার পরামর্শ দিচ্ছি, কারণ এর প্রয়োজন নেই। আশা করি এটি আপনার প্রশ্নের উত্তর দিয়েছে। আপনার যদি আরও কোনো প্রশ্ন বা ফলো-আপ প্রশ্ন থাকে, তবে আমাদের লিখতে দ্বিধা করবেন না। আমি আপনার প্রশ্নের উত্তর দিতে পেরে খুশি হব। আপনার সুস্বাস্থ্য কামনা করছি।"
6812,"হেলো প্রিয়, আমি আপনার উদ্বেগ বুঝতে পারছি। আমার মতে গর্ভাবস্থায় রক্তপাত, স্পটিং বা বাদামী রঙের স্রাবের বিভিন্ন কারণ থাকতে পারে যেমন"
36888,"হেলো। পুশ করার সময় নাভির অবস্থান নির্দেশ করে যে আপনার ডায়াস্টেসিস রেক্টি সহ আম্বিলিক্যাল হার্নিয়া রয়েছে। এটি নির্দেশ করে যে আপনাকে একজন জেনারেল সার্জনের মাধ্যমে পুনরায় পরীক্ষা করাতে হবে, রোগ নির্ণয় করতে হবে এবং প্রয়োজনে অস্ত্রোপচারের মাধ্যমে ত্রুটি ও আম্বিলিক্যাল হার্নিয়া সংশোধন করতে হবে। শুধুমাত্র অস্ত্রোপচারই এই ধরনের ব্যথা ঠিক করতে পারে, ততক্ষণ পর্যন্ত আপনি একজন ফিজিওথেরাপিস্টের পরামর্শ নিয়ে পেটের দেয়ালের ব্যায়াম করতে পারেন, যা আপনার অবস্থার জন্য প্রয়োজনীয় হতে পারে।"
81720,"হেলো, নাসেনিয়া ডকে আপনাকে স্বাগতম। যেহেতু আপনার গত কয়েক মাস ধরে জ্বর রয়েছে, এটি অজানা কারণের জ্বর (DUO) হতে পারে, যার কারণ খুঁজে বের করার জন্য পুঙ্খানুপুঙ্খভাবে মূল্যায়ন করা প্রয়োজন। যেহেতু আপনার গত কয়েক মাস ধরে জ্বর রয়েছে, তাই জ্বরের কারণ নির্ণয়ের জন্য সমস্ত প্রাসঙ্গিক পরীক্ষা করা উচিত। যেহেতু আপনার ডাক্তার জ্বর কমানোর জন্য প্যারাসিটামল দিয়েছেন, এটি নাসেনিয়া ডক। পরীক্ষার মাধ্যমে সংক্রমণের উৎস খুঁজে বের করা উচিত। গত কয়েক মাস ধরে জ্বর থাকার পর এটি টাইফয়েড কি না তা নিশ্চিত করার জন্য আপনার মল এবং প্রস্রাব কালচার পরীক্ষা করা উচিত। এমন অনেক শারীরিক অবস্থা রয়েছে যার ফলে এক মাসের বেশি সময় ধরে জ্বর থাকতে পারে, যা পুঙ্খানুপুঙ্খভাবে মূল্যায়ন করা প্রয়োজন। ধন্যবাদ।"
9673,"প্রিয় ভাই, এই ধরনের মেজাজের পরিবর্তন প্রদর্শন করা এবং একাকীত্ব ও কষ্টের জন্য আপনাকে দোষারোপ করা ""ভাইদের প্রতি প্রতিযোগিতা""-র ধ্রুপদী লক্ষণ, যা তার মনের ভেতর থেকে তৈরি হচ্ছে। প্রকৃতপক্ষে, বড় শিশুরা যখন দ্বিতীয় সন্তান জন্ম নেয়, তখন তারা এক ধরনের নিরাপত্তাহীনতা অনুভব করে, কারণ সমস্ত মনোযোগ নবজাতকের দিকে চলে যায়, যা প্রথমজাতের ধারণার বাইরে। এই প্রেক্ষাপটে, শিশু (আপনার বোন) মনে করে যে আপনার আগমনের সময় তার বাবা-মা তাকে এড়িয়ে চলছেন, যা তার মনে আঘাত করছে। প্রথম সন্তানের অভ্যন্তরীণ মন সেই পর্যায়ে এতটা বিকশিত হয় না এবং মূল বিষয়টি যুক্তি বা যৌক্তিক করার আশা করা হয় না। যদি তাকে পর্যাপ্ত মনোযোগ, যত্ন এবং আপনার সমস্ত জন্ম ও বৃদ্ধির মাঝে তার বাবা-মায়ের নিঃশর্ত ভালোবাসা দেওয়া হতো, তবে এটি এড়ানো যেত। অজান্তেই, সে আপনার প্রতি তার রাগ হারিয়ে ফেলে যা মূলত নির্দোষ বাবা-মায়ের প্রতি ছিল। বড় বোন, তার বেড়ে ওঠার সাথে সাথে ভালোবাসা, যত্ন, মনোযোগ, ঘটনা ইত্যাদি আলাদা করে, যা আপনি তার মধ্যে উপভোগ করেন এবং তার অন্তরের জগতে তার আত্মবিশ্বাস নিশ্চিত করেন। এগুলো সবই অবচেতন প্রক্রিয়া যা আপনার জন্মের পর থেকে শুরু হয়েছে। গভীর আবেগ থেকে উদ্ভূত চিন্তাগুলোই হলো মুড সুইংয়ের কারণ। যা ঘটেছে তা ঘটেছে। চিন্তার কিছু নেই। সবকিছু ঠিক হয়ে যাবে। হস্তক্ষেপের জন্য তাকে একজন মনোবিজ্ঞানীর কাছে নিয়ে যান এবং মুড সুইংয়ের জন্য একজন মনোরোগ বিশেষজ্ঞ অল্প সময়ের জন্য কার্যকরভাবে কিছু ওষুধ লিখে দিতে পারেন। মনস্তাত্ত্বিক কাউন্সেলিং এবং অনিচ্ছাকৃত পারিবারিক সমর্থন তাকে বাস্তবতার সাথে মানিয়ে নিতে সাহায্য করবে এবং সে একটি শান্তিপূর্ণ জীবনযাপন করতে পারবে। আপনার যদি আরও কোনো স্পষ্টীকরণের প্রয়োজন হয়, তবে অনুগ্রহ করে সরাসরি আমার সাথে যোগাযোগ করুন। আমি ইরোড, টামিল নাডু। আপনার সামনের দিনগুলো"
69939,"নাসেনিয়া ডকে আপনার প্রশ্নের জন্য ধন্যবাদ। আপনার বাবার ইতিহাস এবং বর্ণনা অনুযায়ী, আমার মতে তার কনজেস্টিভ হার্ট ফেইলিওর হয়েছে। এই অবস্থায় হৃদপিণ্ড সঠিকভাবে তরল পাম্প করতে ব্যর্থ হয়। তাই ব্যাক প্রেশারের কারণে শরীরের নিচের অংশে যেমন পা, পেট, ফুসফুস ইত্যাদিতে তরল জমা হয়। সুতরাং তার শ্বাসকষ্ট এবং ফুসফুসের চারপাশে তরল জমা পালমোনারি এডিমা এবং হার্ট ফেইলিওরের লক্ষণ। এটি স্ট্রেস টেস্টের মাধ্যমে নিশ্চিত করা হয়। তাই একজন হৃদরোগ বিশেষজ্ঞের সাথে পরামর্শ করে ডাইইউরেটিক্স এবং কার্ডিয়াক আইসোট্রপিক ওষুধ শুরু করা ভালো। ডাইইউরেটিক্স প্রস্রাবের পরিমাণ বাড়াবে এবং শরীরে তরলের আধিক্য কমাবে। আইসোট্রপিক।"
24471,"আপনার অনুসন্ধানের জন্য ধন্যবাদ, আমি আপনার অনুসন্ধানটি দেখেছি। দাঁতের মাঝখানের ফাঁকা জায়গাটি মাড়ির সংক্রমণের কারণে সহায়ক হাড়ের ক্ষয়ের ফলে হতে পারে। অন্য সম্ভাব্য কারণ হতে পারে দুটি দাঁতের মাঝখানের ফিলিং ভেঙে যাওয়া, ভেঙে যাওয়া বা ক্ষয় হওয়া। একজন ওরাল ফিজিশিয়ানের সাথে পরামর্শ করুন এবং এটি পরীক্ষা করান। হাড়ের ক্ষয় এবং দাঁতের সংক্রমণ আছে কিনা তা নিশ্চিত করার জন্য আপনার একটি রেডিওগ্রাফ (এক্স-রে) করা প্রয়োজন। যদি মাড়ির সংক্রমণ থাকে, তবে আপনাকে দাঁত পরিষ্কার (স্কেলিং এবং রুট প্ল্যানিং সহ গ্রাফ্ট স্থাপন) করাতে হবে। যদি দাঁতে সংক্রমণ থাকে, তবে আরসিটি (RCT) এবং ক্রাউনের মাধ্যমে এর চিকিৎসা করতে হবে। আশা করি আমার উত্তরটি আপনাকে সাহায্য করবে, ভালো থাকবেন।"
78640,"হেলো, সংক্ষিপ্ত ইতিহাস প্রদানের জন্য আপনাকে ধন্যবাদ। ইতিহাস থেকে আমি বুঝতে পারছি যে দুটি সম্মিলিত কারণের কারণে ব্যথা হচ্ছে। বার্ধক্য এবং অতীতের অসুস্থতা। এখন নাসেনিয়া ডকের সাথে যুক্ত হওয়া। এর সাথে অতীতের অসুস্থতার প্রভাব যুক্ত হবে। যেহেতু উভয়ই একসাথে কাজ করছে, তাই ব্যথার মাত্রা বেশি। আসুন ডব্লিউএএস (WAS) স্কেল ৫-৮ এর মধ্যে ধরি। হট প্যাক সাহায্য করার কারণ হলো এটি রক্ত সঞ্চালন উন্নত করে এবং আরামদায়ক অনুভূতি প্রদান করে। আমি আপনাকে হট প্যাক এবং ওষুধের পাশাপাশি কিছু সাধারণ শক্তিশালীকরণ ব্যায়াম করার পরামর্শ দেব। আমার ক্লিনিকাল অনুশীলনে এই সবকিছুর সংমিশ্রণ ভালো ফলাফল দিচ্ছে। শুভেচ্ছা, জে ইন।"
25259,"হেলো স্বাস্থ্যসেবা ব্যবহারকারী, পা ভেঙে গেলে ব্যথা হওয়া সম্পূর্ণ স্বাভাবিক। অস্থায়ী কাস্টে হাঁটা উচিত নয়। আপনি যদি হাঁটা চালিয়ে যান বা পা নিচে ঝুলিয়ে রাখেন, তবে ফোলা বেড়ে যাবে এবং এর ফলে ঝিঁঝিঁ ধরা ও অসাড়তা দেখা দেবে। আমি আপনাকে বালিশের ওপর পা উঁচু করে রাখার পরামর্শ দেব। এটি ফোলা কমাবে এবং স্বয়ংক্রিয়ভাবে ঝিঁঝিঁ ধরা ও অসাড়তা কমিয়ে দেবে। ব্যথাও কমে যাবে। প্লাস্টারটি খুব টাইট কি না তা পরীক্ষা করে দেখুন... যদি তাই হয়, তবে আপনাকে অবিলম্বে আমাদের ডাক্তারের সাথে পরামর্শ করতে হবে... ধন্যবাদ।"
78723,"নাসেনিয়া ডকে আপনার প্রশ্নের জন্য ধন্যবাদ। আমার মতে এটি ডিসপ্লাসিয়া। এটি একটি হিস্টোপ্যাথলজিক্যাল শব্দ। স্বাভাবিক কোষে নোমোপ্লাসিয়া দেখা যায়। এর অর্থ হলো স্বাভাবিক বিভাজন, স্বাভাবিক নিউক্লিয়াস এবং সাইটোপ্লাজম। কিন্তু যখন কোষগুলো ম্যালিগন্যান্ট বা ক্যান্সারে আক্রান্ত হয়, তখন তারা অস্বাভাবিক বিভাজন, অনিয়মিত সীমানাসহ হিউ-নিউক্লিওসাইটোপ্লাজমিক অনুপাত দেখাতে পারে। একে ডিসপ্লাসিয়া বলা হয়। এবং এটি উপস্থিত থাকলে ম্যালিগন্যান্সি নির্দেশ করে। তাই এই রিপোর্ট অনুযায়ী আপনার রেকটাল ক্যান্সার হয়েছে।"
85295,"হেলো, আপনার অনুসন্ধানের জন্য ধন্যবাদ। আমি সত্যিই অবাক যে আপনি অ্যাকিউট রেনাল ফেইলিউরে ভুগছেন এবং এক সপ্তাহ পর আল্ট্রাসাউন্ড স্ক্যানের অ্যাপয়েন্টমেন্ট পেয়েছেন। কারণ অ্যাকিউট রেনাল ফেইলিউর একটি ধারাবাহিক প্রক্রিয়া এবং রোগীকে হাসপাতালে ভর্তি হয়ে জরুরি চিকিৎসা নিতে হয়। অ্যাকিউট রেনাল ফেইলিউর এমন একটি অবস্থা যেখানে রোগী ২৪ ঘণ্টায় ৫০ মিলিলিটারের বেশি প্রস্রাব করতে পারেন না এবং সিরাম ক্রিয়েটিনিনের মাত্রা ১০ মিলিগ্রামের বেশি বেড়ে যায়, যার ফলে বমি হতে পারে। অনুগ্রহ করে মিলিয়ে দেখুন আপনার কি এই লক্ষণগুলো আছে? যদি আপনার এই লক্ষণগুলো না থাকে, তবে এটি ক্রনিক রেনাল ফেইলিউর হতে পারে। অনুগ্রহ করে আপনার রক্তে ইউরিয়া এবং সিরাম ক্রিয়েটিনিনের মাত্রা পরীক্ষা করুন এবং রোগ নির্ণয় ও পরবর্তী চিকিৎসার জন্য একজন নেফ্রোলজিস্টের পরামর্শ নিন।"
36035,"হেলো, আপনার সংক্ষিপ্ত ইতিহাস প্রদানের জন্য ধন্যবাদ। একটি পুঙ্খানুপুঙ্খ মাস্কুলোস্কেলিটাল মূল্যায়ন করার পরামর্শ দেওয়া হচ্ছে। আপনার উল্লেখ অনুযায়ী, অস্ত্রোপচারের পর ক্ষত টিস্যু আলগা করতে এবং কাঁধের জয়েন্টের সচলতা ফিরে পেতে পেশীগুলোকে শক্তিশালী করার জন্য আপনাকে ফিজিওথেরাপি নেওয়ার পরামর্শ দেওয়া হয়েছিল। আমি আপনাকে ফিজিওথেরাপি নেওয়ার পরামর্শ দেব, কারণ থেরাপিউটিক আল্ট্রাসাউন্ড থেরাপি এবং ব্যায়ামের মাধ্যমে ব্যথা, ফোলাভাব এবং পেশীর দুর্বলতা দূর হয়ে যাবে। আমার ক্লিনিকাল অনুশীলনে, রোটেটর কাফ ইনজুরির ক্ষেত্রেও আমরা এমআরআই-এর পরে বিকল্প হিসেবে ফিজিওথেরাপি গ্রহণ করি এবং যদি ফিজিওথেরাপির মাধ্যমে রোগী সচলতা ফিরে পান তবে আমরা তা করি এবং ব্যক্তিগতভাবে আমি কোনো ব্যথা বা যন্ত্রণা ছাড়াই তাদের কাঁধের সচলতায় ৯৯% সাফল্য পেয়েছি। শুভেচ্ছা, জে, ইন নাসেনিয়া ডক।"
66729,"নাসেনিয়া ডকে আপনার প্রশ্নের জন্য ধন্যবাদ। আমি প্রশ্নটি পড়েছি এবং আপনার উদ্বেগ বুঝতে পেরেছি। আমার ক্লিনিকে আমি একই ধরনের রোগী দেখি। প্রথম সাক্ষাতে, আমি তাদের ফুসফুসে কোনো কিছু আটকে আছে বলে চিন্তা না করার পরামর্শ দিই এবং ১ সপ্তাহ পর আবার দেখা করতে বলি। যদি তাদের মনে হয় যে ফুসফুসে কিছু আটকে আছে, তবে আমি তাদের ব্রঙ্কোস্কোপিক মূল্যায়নের পরামর্শ দিই, যাতে ফুসফুসে কোনো বহিরাগত বস্তু আটকে আছে কি না তা নিশ্চিত হওয়া যায়। তাই আপনি আপনার ডাক্তারের সাথে এ বিষয়ে আলোচনা করতে পারেন।"
73725,"হেলো, ৪৩ বছর বয়সে পিঠের ব্যথার সবচেয়ে সাধারণ কারণ হলো ডিজেনারেটিভ পরিবর্তন (অস্টিওআর্থ্রাইটিস) এবং ক্যালসিয়ামের অভাব। এটি সাধারণত মেনোপজের সাথে সম্পর্কিত। আমি ভাবছি আপনার মাসিক চক্র স্বাভাবিক কি না বা আপনার মেনোপজের অন্য কোনো লক্ষণ আছে কি না। যদিও ক্লিনিকাল পরীক্ষা ছাড়া আমি এর কারণ অনুমান করতে পারছি না, তবে আমার ধারণা এটি দুটি অবস্থার যেকোনো একটি হতে পারে। আমি আপনাকে একজন অর্থোপেডিক বিশেষজ্ঞের সাথে দেখা করার পরামর্শ দিচ্ছি। মেরুদণ্ডের সতর্ক পরীক্ষা এবং পিঠের একাধিক এক্স-রে বা সিটি/এমআরআই স্ক্যান করলে প্রকৃত কারণ এবং এর চিকিৎসা জানা যাবে। যদি ডাক্তারের কাছে যেতে সময় লাগে, তবে আপনি ৩-৫ দিনের জন্য খাবারের পর দিনে দুবার ৪০০ মিলিগ্রাম অ্যাডভিল-এর মতো ওভার-দ্য-কাউন্টার ব্যথানাশক ওষুধ সেবন করে দেখতে পারেন। পর্যাপ্ত বিশ্রাম নিন এবং পিঠ মজবুত করার জন্য শারীরিক ব্যায়াম করুন। ক্যালসিয়াম সাপ্লিমেন্ট দীর্ঘমেয়াদে আপনাকে বাড়তি সুবিধা দিতে পারে। আশা করি এটি আপনাকে সাহায্য করবে। আপনি যদি আমাকে আরও তথ্য দিতে চান, তবে তা আমাকে জানাতে পারেন। শুভকামনা!"
1117,"হেলো প্রিয় ব্যবহারকারী, আপনার অনুসন্ধানের জন্য ধন্যবাদ। আপনি আপনার মাসিক চক্র সম্পর্কে কিছু উল্লেখ করেননি। শুধুমাত্র মিলনের পরেই প্রেগন্যান্সি টেস্ট পজিটিভ আসতে পারে না। এছাড়া, ৭৫% ক্ষেত্রে মর্নিং পিল সুরক্ষা প্রদান করে। তাই, আপনার ক্ষেত্রে আমি গর্ভাবস্থার সম্ভাবনা উড়িয়ে দিতে পারছি না। আমার মতে, প্রথমে আপনার পিরিয়ড মিস হলে গর্ভাবস্থা নির্ণয়ের জন্য একটি সিরাম বিটা এইচসিজি (serum beta hCG) পরীক্ষা করা উচিত এবং যদি ফলাফল পজিটিভ আসে, তবে গর্ভাবস্থার অবস্থান ও অবস্থান দেখার জন্য একটি আল্ট্রাসাউন্ড করা প্রয়োজন। শুধুমাত্র তারপরেই আপনার গর্ভপাতের কথা ভাবা উচিত। আশা করি এটি আপনাকে সাহায্য করবে।"
105809,"আপনার উদ্বেগগুলো আমি বুঝতে পেরেছি এবং আপনার বর্ণনা পড়েছি। আমি আপনাকে খুব বেশি চিন্তা না করার পরামর্শ দিচ্ছি। মনোবিজ্ঞানের ভাষায়, আমরা একে অবসেসিভ ডিসঅর্ডার বলি। এটি নিরাময়ের জন্য আপনাকে এটি বুঝতে হবে। আপনার একবার বা দুবার সেই অস্বস্তিকর অনুভূতি হয়েছিল এবং তা উপেক্ষা করার পরিবর্তে, আপনি একই পরিস্থিতিতে সেই অনুভূতিটি আশা করতে শুরু করেছিলেন। এটি আপনার শরীর এবং মনকে প্রতিক্রিয়া জানাতে তৈরি করেছিল এবং তারা তা প্রত্যাশা করেছিল। আপনি যখন সেই অনুভূতিটি খুঁজে বের করার চেষ্টা করছেন, তখন মন স্বয়ংক্রিয়ভাবে আপনাকে এমন অনুভূতি দেওয়ার জন্য প্রোগ্রাম হয়ে গেছে। এখন ঠিক সেটাই ঘটছে। এই অনুভূতিটিকে উপেক্ষা করুন এবং পনেরো দিনের মধ্যেই আচ্ছন্নতা বন্ধ হয়ে যাবে। এই বিষয়ে আপনার যদি আরও সাহায্যের প্রয়োজন হয়, তবে অনুগ্রহ করে এই পোর্টালে সরাসরি প্রশ্ন করুন। আমি আপনাকে সাহায্য করতে পেরে খুশি হব। আশা করি এটি আপনার প্রশ্নের উত্তর দিয়েছে। আরও স্পষ্টীকরণের জন্য আমি উপলব্ধ আছি। শুভকামনা।"
54478,"হেলো, আপনার অনুসন্ধানের জন্য ধন্যবাদ। পর্যাপ্ত আয়রন ছাড়া শরীর স্বাভাবিক লোহিত রক্তকণিকা তৈরি করতে অক্ষম। অল্প বয়সী নারীদের ক্ষেত্রে, অতিরিক্ত ঋতুস্রাবের কারণে আয়রনের ঘাটতিজনিত রক্তাল্পতা হতে পারে। ঋতুস্রাব হয় না এমন নারী বা পুরুষদের যাদের আয়রনের ঘাটতি দেখা দেয়, তাদের দীর্ঘস্থায়ী রক্তপাতের উৎস শনাক্ত করার জন্য কোলন পরীক্ষা করা প্রয়োজন। আয়রনের ঘাটতিজনিত রক্তাল্পতার ক্ষেত্রে, আপনার ডাক্তার সম্ভবত এমন আয়রন সাপ্লিমেন্ট গ্রহণের পরামর্শ দেবেন যাতে ফেরাস আয়রন থাকে, যা আপনার শরীর সহজেই শোষণ করতে পারে। আপনি যদি আয়রন সাপ্লিমেন্ট ব্যবহার করেন, তবে নিচের সতর্কতাগুলো মনে রাখবেন।"
50524,"নাসেনিয়া ডক ব্যবহার করার জন্য ধন্যবাদ। আপনার প্রশ্নটি পড়েছি। হ্যাঁ, চারকোট মেরি টুথ ডিজিজ একটি বংশগত রোগ যা সাধারণত ধীরে ধীরে অগ্রসর হয় এবং যেহেতু এখন পর্যন্ত এর কোনো সম্পূর্ণ নিরাময় হয়নি, তাই এর লক্ষণগুলোর ওপর ভিত্তি করে চিকিৎসা করা হয়। আমি আপনাকে একজন ভালো অর্থোপেডিক বিশেষজ্ঞের সাথে পরামর্শ করার এবং এটি পরীক্ষা করানোর পরামর্শ দেব। এটি কী অবস্থার ওপর ভিত্তি করে ফিজিওথেরাপির প্রয়োজন হতে পারে। পায়ের বিকৃতির ওপর ভিত্তি করে অস্ত্রোপচারের প্রয়োজন হতেও পারে আবার নাও হতে পারে। অ্যাসকরবিক অ্যাসিডযুক্ত পুষ্টিকর খাবার গ্রহণ করুন। সুস্থ জীবনযাপন করুন। যদি ডায়াবেটিসের মতো কোনো শারীরিক সমস্যা থাকে, তবে তার চিকিৎসা শুরু করুন। আশা করি এটি সহায়ক ছিল। ধন্যবাদ এবং শুভেচ্ছা।"
104414,"হেলো, স্পষ্টতই আপনার তোতলামি সামাজিক পরিস্থিতিতে পারফর্ম করার উদ্বেগের সাথে সম্পর্কিত। একে পারফরম্যান্স অ্যাংজাইটি বা কর্মক্ষমতা নিয়ে দুশ্চিন্তাও বলা হয় এবং বিটা ব্লকার দিয়ে সহজেই এর চিকিৎসা করা সম্ভব। এছাড়া, দুশ্চিন্তা কমানোর ওষুধও সাহায্য করতে পারে। থেরাপি আপনার তোতলামি নিয়ন্ত্রণ করতে এবং আত্মবিশ্বাস ও আত্মসম্মান বাড়াতে সাহায্য করতে পারে। আপনার প্রতিকার এবং রেফারেলের জন্য অনুগ্রহ করে যত দ্রুত সম্ভব একজন মনোরোগ বিশেষজ্ঞের সাথে পরামর্শ করুন। আশা করি এটি আপনাকে সাহায্য করবে। ভালো থাকবেন।"
8511,"হেলো, এটি সায়াটিক নার্ভের আঘাত হওয়ার কথা নয়। সায়াটিক নার্ভের আঘাত সাধারণত পায়ের নিচের অংশে ঝিঁঝিঁ ধরা বা অসাড়তা হিসেবে অনুভূত হয়, যা একটানা থাকে অথবা পায়ের নড়াচড়ার সাথে দেখা দেয়। আমার কাছে এটি হ্যামস্ট্রিং স্ট্রেইন বলে মনে হচ্ছে, যা ব্যায়ামের কারণে হয়েছে। আরামের জন্য আমি আপনাকে নিচের পরামর্শগুলো দিচ্ছি।"
80769,"ম্যাডাম, শৈশবে যদি আপনার ডান হাতের উপরের অংশে পোলিও হয়ে থাকে, তবে কাঁধের গার্ডল পেশি এবং হাতের উপরের অংশের পেশি শুকিয়ে যাবে এবং আপনি এখন যে পাতলা ভাব লক্ষ্য করছেন তা এর কারণেই হচ্ছে। সমস্ত স্থানচ্যুতি জরুরি অবস্থা, কাঁধের স্থানচ্যুতি মানে কাঁধের জয়েন্টের বল (হিউমারাস হেড) সকেট (গ্লেনয়েড) থেকে বেরিয়ে এসেছে। এটি খুব বেদনাদায়ক হবে এবং সম্ভবত আপনি লেখার মতো অবস্থায় থাকবেন না। অবহেলিত স্থানচ্যুতি দেখা যায়। আপনি ঠিক কোথায় ব্যথা অনুভব করছেন ম্যাডাম/স্যার, একবার পোলিও হয়ে গেলে তার মানে আপনার নিউরনগুলো ইতিমধ্যেই ক্ষতিগ্রস্ত হয়েছে। আর এটিই ক্ষয়ের কারণ, পোলিও পুনরায় হওয়ার কোনো সম্ভাবনা নেই।"
81368,"হেলো, নাসেনিয়া ডক ফোরামে জিজ্ঞাসা করার জন্য ধন্যবাদ। কিডনিতে পাথর (ক্যালকুলি) থাকার কারণে পেটে ব্যথা সবচেয়ে সাধারণ লক্ষণ। যখন পাথর তার স্থান থেকে সরে যায়, তখন মূত্রনালীর খুব নরম কাঠামোর কারণে রোগীর ব্যথা হয়। পেটে ভারী ভাব ব্যথা এবং ক্যালকুলির কারণে সৃষ্ট অতিরিক্ত অ্যাসিডিটির ফল। ওষুধ এবং অ্যালকালাইজারের মাধ্যমে ৩ মিমি পাথর বেরিয়ে আসবে। একজন চিকিৎসকের সাথে পরামর্শ করুন এবং এ বিষয়ে তার মতামত নিন, কারণ চিকিৎসক সহজেই এই সমস্যার চিকিৎসা করতে পারবেন। শুভকামনা।"
100429,"হেলো, কাশির সাথে অ্যালার্জির সম্পর্ক থাকা সম্ভব হতে পারে, তবে আমার মনে হয় দীর্ঘস্থায়ী কাশির অন্যান্য সাধারণ কারণগুলোও খতিয়ে দেখা প্রয়োজন। প্রথম যে পরীক্ষাটি ট্রায়াল হিসেবে কাজ করবে তা হলো বুকের এক্স-রে। নিউমোনিয়া, প্লুরিসি, অ্যাসপারজিলোসিস এবং হৃদযন্ত্রের কিছু অস্বাভাবিকতার মতো সংক্রামক কারণগুলো শ্বাসকষ্টের কারণ হতে পারে। বিশেষ করে দীর্ঘস্থায়ী কাশির ক্ষেত্রে কফ পরীক্ষা করা বেশ কৌতূহলোদ্দীপক। এই পরীক্ষায় পালমোনারি যক্ষ্মা (পালমোনারি টিউবারকুলোসিস) বাদ দিতে হবে এবং চারকোট ল্যাডেনস বডি নামক নির্দিষ্ট অ্যালার্জিক বডির উপস্থিতি অ্যালার্জির উৎস নির্দেশ করতে পারে। ইমিউনোগ্লোবুলিন ই-এর মাত্রা পরিমাপ এবং ইওসিনোফিলের মাত্রা বৃদ্ধির জন্য সম্পূর্ণ রক্ত পরীক্ষার মতো রক্ত পরীক্ষাগুলো অ্যালার্জির উৎস নির্দেশ করতে পারে। আমি আপনাকে পরামর্শ দিচ্ছি যে এই অ্যালার্জির কারণ মূল্যায়নের জন্য আপনার ইন্টারনিস্ট বা পালমোনোলজিস্টের সাথে দেখা করুন এবং পালমোনারি টিউবারকুলোসিসের মতো অন্যান্য সাধারণ ও গুরুতর শ্বাসতন্ত্রের সংক্রমণগুলো বাদ দেওয়া উচিত। ধন্যবাদ এবং আশা করি এটি সাহায্য করবে, শুভেচ্ছা, লুচুও, এমডি।"
187,"মৃত্যুসংবাদ শুনে দুঃখিত। ডায়ালাইসিস করা রোগীদের ক্ষেত্রে এবং তা বন্ধ করার পর রক্তপাতের পেছনে একাধিক কারণ থাকতে পারে। এই রোগীদের রক্তপাতের প্রবণতা থাকে, তাই পাকস্থলী বা খাদ্যনালীর কোনো আলসার থেকে তার রক্তপাত হয়ে থাকতে পারে। অথবা ডায়ালাইসিস বন্ধ করার কারণে ফুসফুসে অতিরিক্ত তরল জমা হয়ে পালমোনারি হাইপারটেনশন হতে পারে, যা কাশির সাথে অতিরিক্ত রক্ত বের হওয়ার সময় প্রকাশ পেতে পারে। আপনার প্রশ্নে আপনি যা বলেছেন তা থেকে আমার মনে হয়, এগুলোই রক্তপাতের প্রধান কারণ হতে পারে। ধন্যবাদ।"
79916,"হেলো এবং নাসেনিয়া ডকে আপনাকে স্বাগতম। একজন ইউরোলজিস্ট হিসেবে, আমি আপনার উদ্বেগ বুঝতে পারছি। রেনোলগ শুধুমাত্র কিডনি বিকল হওয়ার চিকিৎসার একটি সাপ্লিমেন্ট। এটি কোনো নিরাময়মূলক চিকিৎসা নয়। আপনি আপনার নেফ্রোলজিস্টের সাথে এটি নিয়ে আলোচনা করতে পারেন। বেশিরভাগ ক্ষেত্রে, দিনে দুই বা তিনবারই যথেষ্ট। উচ্চ রক্তচাপের ওষুধ এবং ক্যালসিয়াম সাপ্লিমেন্ট চালিয়ে যাওয়া খুবই গুরুত্বপূর্ণ। আপনার কিডনি বায়োপসি করা হয়ে থাকলে তার রিপোর্ট উল্লেখ করা উচিত। এটি কিডনি বিকল হওয়ার কারণ নির্ণয়ে রোগ নির্ণয়ে সাহায্য করবে। এরপর, নির্দিষ্ট চিকিৎসার পরামর্শ দেওয়া হয়। আপনার ক্রিয়েটিনিন, ইউরিয়া এবং ইউরিক অ্যাসিডের সাথে ইলেক্ট্রোলাইটগুলো নিবিড়ভাবে পর্যবেক্ষণ করা হচ্ছে। লবণ এবং প্রোটিন নিয়ন্ত্রণসহ খাদ্যাভ্যাস নিয়ন্ত্রণ করার জন্য কঠোরভাবে পরামর্শ দেওয়া হচ্ছে। আপনার যদি কোনো সন্দেহ থাকে, তবে সরাসরি প্রশ্ন হিসেবে পাঠান। নাসেনিয়া ডক। মাঙ্গা।"
95084,"হেলো প্রিয়, আমি আপনার উদ্বেগ বুঝতে পারছি। আমার মতে, যদি পিরিয়ড ২৭ তারিখে হয়ে থাকে, তবে ২৫ তারিখটি নিরাপদ সময়ের মধ্যে পড়ে। এর মানে হলো অনিরাপদ যৌন মিলনের ফলেও গর্ভধারণ নাও হতে পারে। তাই নিশ্চিন্ত থাকুন। মানসিক চাপ এড়িয়ে চলুন। গর্ভধারণের চিন্তা থেকে সৃষ্ট মানসিক চাপও মাসিক চক্রকে অনিয়মিত করে তুলতে পারে। মিলনের ৩-৪ সপ্তাহ পর গর্ভাবস্থার যেকোনো লক্ষণ দেখা দিতে পারে। ২৫ তারিখে মিলনের পর ২৭ তারিখে গর্ভাবস্থার লক্ষণ অনুভব করার জন্য এটি অনেক তাড়াতাড়ি। তাই নিশ্চিন্ত থাকুন। গর্ভধারণের সম্ভাবনা খুবই কম। যদি রক্তপাত অব্যাহত থাকে তবে ডাক্তারের পরামর্শ নিন। শুভেচ্ছা রইল..."
45131,"সম্ভবত আপনার শিশু ভাইরাল সংক্রমণে ভুগছে, যার ফলে জ্বর, কাশি, সর্দি এবং জয়েন্টে ব্যথা হচ্ছে। জ্বরের জন্য প্যারাসিটামল এবং আইবুপ্রোফেন দিন, সেই সাথে ওটিসি অ্যান্টি-কাফ এবং কোল্ড সিরাপ দিন। ৩-৫ দিনের মধ্যে কোনো উপশম না হলে পরবর্তী মূল্যায়নের জন্য আপনাকে শিশু বিশেষজ্ঞের পরামর্শ নিতে হবে। এই রোগ বা এর ওষুধ সংক্রান্ত আরও জিজ্ঞাসার জন্য আপনি নাসেনিয়া ডকে ""আস্ক এক্সার"" (Ask Expert) বিভাগের অধীনে আমার সাথে পরামর্শ করতে পারেন।"
106263,"প্রিয় রোগী, ডিজেনারেটিভ ডিস্ক ডিজিজ বয়সজনিত একটি প্রক্রিয়া এবং কিছু সতর্কতা অবলম্বন করা প্রয়োজন। ভারী ওজন তোলা এবং সামনের দিকে ঝুঁকে কাজ করা এড়িয়ে চলুন। অ্যাসিটামিনোফেনের মাত্রা হলো ৫০০ মিগ্রা দিনে তিনবার, যা সর্বোচ্চ ২ গ্রাম পর্যন্ত হতে পারে এবং লিভারের রোগে আক্রান্ত রোগীদের ক্ষেত্রে এটি এড়িয়ে চলাই ভালো। আইবুপ্রোফেনের মাত্রা হলো ৪০০ থেকে ৮০০ মিগ্রা দিনে তিনবার। গ্যাস্ট্রাইটিস এড়াতে উভয় ওষুধই অ্যান্টাসিডের সাথে সেবন করা উচিত। সব ওষুধ একসাথে খাবেন না। ব্যথানাশক হিসেবে সব ওষুধের কার্যকারিতা একই রকম। অ্যাসিটামিনোফেন দিয়ে শুরু করুন এবং যদি উপশম না হয় তবে আইবুপ্রোফেনে পরিবর্তন করুন।"
69532,"হেলো, আমি আপনার উদ্বেগ বুঝতে পারছি... কস্টোকন্ড্রাইটিস। এটি অস্টিওআর্থ্রাইটিসের অংশ হিসেবেও হতে পারে... কখনও কখনও পাঁজরের জয়েন্টে ভাইরাল বা ছত্রাকজনিত সংক্রমণের কারণে এটি হতে পারে... তাই হ্যাঁ, মোল্ড বা ছত্রাক কখনও কখনও এটিকে প্রভাবিত করতে পারে... এটি কোস্টাল কার্টিলেজের প্রদাহ। আক্রান্ত স্থানে গরম সেঁক দিন। কয়েকদিন ব্রোকেন (Broken) সেবন করুন। ভারী ওজন তোলা এবং কঠোর পরিশ্রম এড়িয়ে চলুন। ঘুমানোর সঠিক ভঙ্গি বজায় রাখুন। বুকের পেশী প্রসারণের ব্যায়াম উপকারী। পরিশেষে, যদি টেন্স (TENS)-এর মতো চিকিৎসা পাওয়া যায়, তবে ট্রান্সকিউটেনিয়াস ইলেকট্রিক্যাল নার্ভ স্টিমুলেশন উপকারী... নিজের যত্ন নিন... আপনি ধীরে ধীরে সুস্থ হয়ে উঠবেন।"
40338,"হেলো, প্রিয়। আমি আপনার প্রশ্নটি দেখেছি। আমি আপনার উদ্বেগ বুঝতে পারছি। অনেক মানুষের হাতে দৃশ্যমান রক্তনালী থাকে। এটি অস্বাভাবিক কিছু নয়। যদি আপনার শরীরের গঠন পাতলা এবং চর্বিহীন হয়, তবে এটি সাধারণ। লিঙ্গে স্পাইডার ভেইনও খুব বড় কোনো অস্বাভাবিকতা নয়। যদি আপনার কোনো উপসর্গ না থাকে, তবে কোনো চিকিৎসার প্রয়োজন নেই। শুধু নিশ্চিন্ত থাকুন। আশা করি আমি আপনার প্রশ্নের উত্তর দিতে পেরেছি, যদি আপনার কোনো সন্দেহ থাকে তবে আমি উত্তর দিতে পেরে খুশি হব। নাসেনিয়া ডক ব্যবহার করার জন্য ধন্যবাদ। আপনার সুস্বাস্থ্য কামনা করি।"
44799,"হেলো, আমি আপনার প্রশ্নটি দেখেছি এবং আপনার উদ্বেগ বুঝতে পেরেছি। সংক্ষিপ্ত উত্তর।"
98165,"হেলো। আপনি একজন তরুণ উচ্চ রক্তচাপের রোগী হওয়ায়, আপনার রক্তচাপের কারণ নির্ণয়ের জন্য প্রথমে মূল্যায়ন প্রয়োজন। আপনার কিডনি ফাংশন টেস্ট, রেনাল আর্টারি ডপলার, সিরাম কর্টিসল এবং ২৪ ঘণ্টার ইউরিনারি মেটানেফ্রিন পরীক্ষা করা উচিত। এছাড়াও লিপিড প্রোফাইল এবং সুগার পরীক্ষা করিয়ে নিন। পাশাপাশি, যদি আপনার রক্তচাপ ক্রমাগত ১৪০/৯০-এর উপরে থাকে, তবে আপনার এর জন্য ওষুধ সেবন করা উচিত, যেমন ট্যাবলেট অ্যামলোডিপাইন ৫ মিগ্রা দিনে একবার। আশা করি এটি আপনাকে সাহায্য করবে, কোনো সন্দেহ থাকলে আবার যোগাযোগ করবেন।"
92523,"হেলো, নাসেনিয়া ডকে আপনাকে স্বাগতম। জলাতঙ্ক কুকুরের কামড়ের মাধ্যমে ছড়ানো একটি রোগ যা ১০০% প্রাণঘাতী, তবে সঠিক ও যথাযথ চিকিৎসার মাধ্যমে এটি ১০০% প্রতিরোধযোগ্য। যেহেতু আপনার কুকুর আপনাকে কামড়েছে এবং সেই স্থান থেকে রক্তপাত হয়েছে, এবং আপনি সেখানে কিছু ওষুধ প্রয়োগ করেছেন, ডব্লিউএইচও (WHO)-এর মতে এটি ক্যাটাগরি ৩-এর অন্তর্ভুক্ত, যার জন্য নিম্নলিখিত চিকিৎসা প্রয়োজন: ১. ০, ৩, ৭, ১৪ এবং ২৮ তম দিনে অ্যান্টি-র‍্যাবিস ভ্যাকসিনের মাধ্যমে সক্রিয় টিকাদান। ২. ক্ষতের চারপাশে রিগস (RIGs) দিয়ে প্যাসিভ ইমিউনাইজেশন। ৩. মুখে খাওয়ার অ্যান্টিবায়োটিক যেমন ট্যাব অগমেন্টিন, দিনে দুবার। ৪. টপিক্যাল ট্র্যাক্ট মলম। ধন্যবাদ।"
8063,"হেলো, আপনার প্রশ্নটি পোস্ট করার জন্য ধন্যবাদ। উচ্চ কোলেস্টেরল ফ্যাটি লিভারের কারণ হতে পারে। ফ্যাটি লিভার হলো এএলটি (ALT) বেড়ে যাওয়ার সবচেয়ে সাধারণ কারণ। ফ্যাটি লিভার আছে কিনা তা দেখার জন্য পেটের আল্ট্রাসাউন্ড স্ক্যান করা যেতে পারে। লিপিটর, যা উচ্চ কোলেস্টেরলের চিকিৎসায় ব্যবহৃত হয়, সেটিও লিভারের ক্ষতি করতে পারে এবং এএলটি বাড়িয়ে দিতে পারে। শুধুমাত্র উচ্চ জিজিপিটি (GGT) অ্যালকোহল গ্রহণের ইঙ্গিত হতে পারে। লিভার এনজাইম বেড়ে যাওয়ার পাশাপাশি, এটি পিত্ত প্রবাহে বাধার ইঙ্গিত দিতে পারে, যা উচ্চ কোলেস্টেরলের কোনো বৈশিষ্ট্য নয়। আশা করি এটি আপনার প্রশ্নের উত্তর দিয়েছে। শুভেচ্ছা।"
82796,"হেলো, আমি আপনার প্রশ্নটি মনোযোগ দিয়ে পড়েছি এবং আপনার উদ্বেগ বুঝতে পেরেছি। আপনার লক্ষণগুলো টেম্পোরোম্যান্ডিবুলার জয়েন্ট ডিসঅর্ডারের সাথে সম্পর্কিত বলে মনে হচ্ছে। প্রদাহ কমানোর জন্য আমি আইবুপ্রোফেনের মতো প্রদাহরোধী ওষুধ ব্যবহারের পরামর্শ দিচ্ছি। প্রদাহ কমাতে আমি জয়েন্টে ঠান্ডা সেঁক দেওয়ারও পরামর্শ দিচ্ছি। নাসেনিয়া ডক। এটি কানের সংক্রমণ হতে পারে যা একজন ইএনটি (ENT) বিশেষজ্ঞ দ্বারা পরীক্ষা করা উচিত। আশা করি আমার উত্তরটি সহায়ক ছিল। আপনার আরও কোনো প্রশ্ন থাকলে নির্দ্বিধায় আমার সাথে আবার যোগাযোগ করুন। শুভেচ্ছা রইল!"
86468,"হেলো প্রিয়, নাসেনিয়া ডকে আপনাকে স্বাগতম। আপনার উদ্বেগটি বুঝতে পারছি। আপনার প্রশ্ন অনুযায়ী, আপনার পেটে ব্যথা, জ্বর এবং মলত্যাগে সমস্যার লক্ষণ রয়েছে, যা সম্ভবত তীব্র গ্যাস্ট্রোএন্টেরাইটিস থেকে হওয়া ভাইরাল সংক্রমণের কারণে হচ্ছে। চিন্তার কিছু নেই। শিশুকে প্রচুর পরিমাণে তরল খাবার দিন। আপনার একজন শিশু বিশেষজ্ঞের সাথে দেখা করা উচিত এবং পরীক্ষা করিয়ে সেই অনুযায়ী চিকিৎসা শুরু করা উচিত। আপনার শিশুকে সম্পূর্ণ বিশ্রামে রাখা উচিত এবং সিপ্রোফ্লক্সাসিনের মতো অ্যান্টিবায়োটিকের সঠিক কোর্সের পাশাপাশি ফ্যামোটিডিনের মতো প্রোটন পাম্প ইনহিবিটর দেওয়া উচিত। এছাড়া, শিশুকে ওরাল রিহাইড্রেশন সল্যুশন দেওয়া উচিত।"
60608,"হেলো, প্রিয়, নাসেনিয়া ডকে আপনার অনুসন্ধানের জন্য ধন্যবাদ। আপনার অনুসন্ধানের বিস্তারিত বিষয়গুলো আমি গভীরভাবে পর্যালোচনা করেছি। আপনার স্বাস্থ্য সংক্রান্ত উদ্বেগের প্রেক্ষাপটে এটি বিশ্লেষণ করা হয়েছে। প্রাপ্ত তথ্যের ভিত্তিতে, আপনার হাতের সামনের অংশে ভ্যারিকোজ ভেইন বা শিরার সমস্যা রয়েছে বলে মনে হচ্ছে। আপনার নির্দিষ্ট ইনকম্পিটেন্ট বিভাগের এন্ডোজেনাস লেজার অ্যাবলেশন (EVLT - এন্ডো-ভেনাস লেজার ট্রিটমেন্ট) এর মাধ্যমে এর চিকিৎসা করার প্রয়োজন হতে পারে। এগুলো শুধুমাত্র প্রসাধনীগত উদ্দেশ্যে করা হয়। পায়ের শিরার মতো থ্রম্বোটিক ডিভিটি (DVT) জটিলতার ঝুঁকি কম থাকে। ডপলার ডুয়াল ইমেজ স্টাডির পর আপনার সার্জন এবং ভাস্কুলার সার্জনের সাথে পরামর্শ করুন। এই উত্তরটি আপনাকে আপনার চিকিৎসকদের সাথে পরবর্তী চিকিৎসার পরিকল্পনা করতে সাহায্য করবে। আপনার দ্রুত আরোগ্য কামনা করছি। এই বিষয়ে আরও কোনো প্রশ্ন থাকলে করতে পারেন, যার উত্তর পরবর্তী সেশনে দেওয়া হবে। দিনটি ভালো কাটুক!! নাসেনিয়া ডক। এন. সিনিয়র সার্জিক্যাল স্পেশালিস্ট। এস. জেনারেল-সিভিটিএস।"
77907,"হেলো প্রিয়, এখানে আপনার প্রশ্নটি পোস্ট করার জন্য ধন্যবাদ। প্রথমে আপনাকে বুঝতে হবে যে ডিভিআর (DVR)-এর পরে, আইএনআর (INR) ২.৫ থেকে ৩.৫-এর মধ্যে বজায় রাখতে হয়। অন্যথায়, যদি এটি ২.৫-এর নিচে থাকে তবে স্টেন্ট থ্রম্বোসিসের ঝুঁকি থাকে এবং এটি বেশি হলে রক্তপাতের ঝুঁকি থাকে। এটি সিট্রন (citron) গ্রহণের মাধ্যমে অর্জিত হয়। তবে সিট্রনের কোনো নির্দিষ্ট ডোজ নেই এবং প্রয়োজনীয় আইএনআর বজায় রাখার জন্য বিভিন্ন মানুষের ভিন্ন ভিন্ন ডোজের প্রয়োজন হয়। এর জন্য নিয়মিত আইএনআর মনিটরিং প্রয়োজন, বিশেষ করে প্রতি সপ্তাহে। একবার এটি সিট্রনের একটি নির্দিষ্ট মাত্রায় স্থিতিশীল হয়ে গেলে, তখন প্রতি পাক্ষিক বা মাসে আইএনআর পরীক্ষা করা যেতে পারে। আশা করি এই তথ্য আপনাকে সাহায্য করবে।"
2106,"১. কনকাশনের ক্ষেত্রে মাথায় দৃশ্যমান কোনো পরিবর্তন হওয়া উচিত নয়। যদি নাক দিয়ে তরল বের হয় এবং তা পরিষ্কার থাকে, তবে এটি সেরিব্রোস্পাইনাল ফ্লুইড (CSF) হতে পারে, যার অর্থ কোনো লিকেজ মেরামত করা প্রয়োজন অথবা মেনিনজাইটিস হতে পারে। এটি ক্রিব্রিফর্ম প্লেট ফ্র্যাকচারের কারণে হতে পারে, যা প্রায়শই ফ্রন্টাল হেড ইনজুরিতে দেখা যায়। ২. চোখের মণির পরীক্ষায় কোনো অস্বাভাবিকতা থাকা উচিত নয়। যদি এমন কিছু থাকে, তবে আপনাকে অবিলম্বে জরুরি বিভাগে (ER) যেতে হবে। ৩. কনকাশন নির্ণয়ের জন্য মূলত যেকোনো মাথার আঘাতই মানসিক অবস্থার পরিবর্তন ঘটায়। কিছু পরীক্ষা করা যেতে পারে, তবে সেগুলো সাধারণত কনকাশন (মস্তিষ্কে রক্ত) বা ঘাড়ের ফ্র্যাকচারের মতো অন্য কোনো সমস্যা আছে কি না তা নিশ্চিত করার জন্য করা হয়।"
5399,"হেলো, আপনার প্রশ্নটি পোস্ট করার জন্য ধন্যবাদ। পেরিওডন্টাইটিস বা পাইোরিয়া হলো প্রদাহজনিত রোগের একটি ধরন যা পেরিওডন্টাইটিস বা দাঁতকে ঘিরে থাকা টিস্যুগুলোকে প্রভাবিত করে। পেরিওডন্টাইটিসের ফলে দাঁতের চারপাশের অ্যালভিওলার হাড়ের ক্রমাগত ক্ষতি হয় এবং চিকিৎসা না করা হলে তা দাঁত আলগা হয়ে যাওয়া এবং পরবর্তীতে দাঁত পড়ে যাওয়ার কারণ হতে পারে। আদর্শগতভাবে, একজন পেরিওডন্টিস্ট যেমন"
87026,"হেলো, নাসেনিয়া ডকে জিজ্ঞাসা করার জন্য আপনাকে ধন্যবাদ। আমি আপনার বাবার মেডিকেল ইতিহাস দেখেছি এবং তার সম্পর্কে আরও জানতে চাই, যেমন - তার হাঁপানির লক্ষণগুলো কত ঘন ঘন দেখা দেয়? তার নাকের লক্ষণগুলো কী কী? তিনি কী কী ওষুধ খাচ্ছেন? তার কি অন্য কোনো শারীরিক সমস্যা আছে? তিনি কি নিয়মিত অন্য কোনো ওষুধ সেবন করেন? তার কি কোনো অ্যালার্জি আছে? আপনার বাবার সম্পর্কে আরও ভালোভাবে জানতে এবং সেই অনুযায়ী আরও সুনির্দিষ্ট পরামর্শ দিতে উপরের পরামর্শগুলো সহায়ক হবে। বর্তমানে, আপনার দেওয়া তথ্যের ভিত্তিতে আমি তার জন্য নিম্নলিখিত পরামর্শগুলো দিতে চাই।"
7034,"আমরা আপনার উদ্বেগগুলো বুঝতে পেরেছি এবং আপনার বিস্তারিত তথ্যগুলো দেখেছি। আপনি এখানে উদ্বেগজনিত ব্যাধি, বিষণ্নতা এবং অনিদ্রা ইত্যাদির লক্ষণগুলো উল্লেখ করেছেন। একই সাথে আপনি স্বীকার করতে অস্বীকার করছেন যে এই তিনটি একে অপরের ওপর নির্ভরশীল এবং কখনোই একা থাকবে না। তাই আপনার মধ্যে এগুলোর কোনোটিই নেই, তবে আপনার একটি একক ব্যাধি রয়েছে। আমাদের খুঁজে বের করতে হবে সেই একক ব্যাধিটি কী। আপনার দেওয়া বর্ণনা থেকে মনে হচ্ছে যে এই একক ব্যাধিটি বিষণ্নতা হতে পারে, যা প্রাথমিক শিক্ষার সমস্যা থেকে উদ্ভূত হয়েছে। আপনি যদি আরও তথ্য প্রদান করেন এবং টেলিফোনের মাধ্যমে আমার সাথে একটি কাউন্সেলিং সেশনের ব্যবস্থা করতে পারেন, তবে আমি আপনার কেসটি মূল্যায়ন করতে পারব এবং নিরাময়ের পদ্ধতি প্রদান করতে পারব। এই বিষয়ে যদি আপনার আরও সাহায্যের প্রয়োজন হয়, তবে অনুগ্রহ করে এই ইউআরএলটি ব্যবহার করুন। http"
30140,"হেলো, আপনার পূর্বের ইতিহাস অনুযায়ী মনে হচ্ছে আপনার লাম্বোস্যাক্রাল স্ট্রেইন থাকতে পারে। একটি সিদ্ধান্তে পৌঁছানোর জন্য আমি আপনার দৈনন্দিন রুটিন জানতে চাই। আপনি কি ভারী বস্তু তোলেন, নাকি দীর্ঘক্ষণ কম্পিউটারের সামনে বসে থাকেন, আপনি কি দীর্ঘ পথ গাড়ি চালান, আপনার কি জয়েন্টে ব্যথা বা প্রস্রাব বা মলত্যাগে কোনো সমস্যা আছে? অনলাইনে দেওয়া ইতিহাস অনুযায়ী মনে হচ্ছে আপনার লাম্বোস্যাক্রাল স্ট্রেইন হয়েছে, যার জন্য আপনাকে একজন অর্থোপেডিক বিশেষজ্ঞের সাথে দেখা করতে হবে, যিনি আপনাকে অঙ্গবিন্যাস প্রশিক্ষণ এবং মেরুদণ্ড শক্তিশালী করার ব্যায়াম সম্পর্কে জানাতে পারবেন। আপনার সুস্বাস্থ্য কামনা করি। নাসেনিয়া ডক।"
76387,"হেলো, আপনি যে প্রদাহের কথা বর্ণনা করেছেন তা এনজিওএডিমা নামক একটি অ্যালার্জিক প্রতিক্রিয়ার সাথে সম্পর্কিত হতে পারে, অ্যামোক্সিসিলিন চ্যাট ডাক্তারের অন্তর্ভুক্ত। ফোলা লিম্ফ নোড সংক্রমণ, রক্তজনিত রোগ, লিম্ফোমা ইত্যাদির মতো বিভিন্ন কারণে হতে পারে। তাই বিশেষ করে যদি এগুলো থেকে যায় বা উন্নতি না হয়, তবে এগুলি পুঙ্খানুপুঙ্খভাবে পরীক্ষা করা উচিত। আশা করি আমি আপনার প্রশ্নের উত্তর দিতে পেরেছি। আমি আপনাকে আরও সাহায্য করতে পারি কিনা তা আমাকে জানান। নিজের যত্ন নিন।"
110911,"হেলো, বিষয়টি হলো আপনি আয়রন এবং ভিটামিন বি১২-এর ইনজেকশন নিচ্ছেন। রক্ত তৈরির জন্য এই দুটি প্রধান উপাদানের প্রয়োজন হয়। তাই ব্যক্তিগতভাবে, আমার মনে হয় আপনার পুরনো জিপি সঠিক। তবে সত্যি বলতে, ফুসফুসের রোগের কারণে অক্সিজেন গ্রহণের ক্ষমতা কমে গেলেও হিমোগ্লোবিন বেড়ে যেতে পারে। পেরিফেরাল নিউরোপ্যাথি এতে কোনো ভূমিকা রাখে না। আমি আদর্শ উপায় হিসেবে আয়রন এবং ভিটামিন বি১২-এর মাত্রা পরীক্ষা করার পরামর্শ দেব। যদি এই মাত্রা বেশি থাকে, তবে আয়রন এবং ভিটামিন বি১২-এর ইনজেকশন বন্ধ করা যেতে পারে। এরপর থেকে প্রতি মাসে হিমোগ্লোবিনের মাত্রা পরীক্ষা করুন। যদি এটি বেশি থাকে, তবে ফুসফুস এর কারণ হতে পারে। অন্যথায়, ইনজেকশনটি এর কারণ হতে পারে। এটি অবশ্যই ধরে নেওয়া হচ্ছে যে আপনার কোনো তীব্র সমস্যা নেই যার জন্য জরুরি চিকিৎসার প্রয়োজন। আশা করি আমি আপনার প্রশ্নের উত্তর দিতে পেরেছি। আমি আপনাকে আরও কোনোভাবে সাহায্য করতে পারি কিনা তা জানাবেন।"
102472,"হেলো, যদি আগে না করা হয়ে থাকে তবে আমি নিম্নলিখিত পরীক্ষাগুলো করার পরামর্শ দেব। কমপ্লিট ব্লাড কাউন্ট, পেরিফেরাল ব্লাড স্মিয়ার, ব্লাড ইউরিয়া সিরাম, লিভার ফাংশন টেস্ট, ক্রিয়েটিনিন, প্রস্রাবের রুটিন পরীক্ষা, লিপিড প্রোফাইল, থাইরয়েড ফাংশন টেস্ট, ফাস্টিং ব্লাড সুগার, এএনএ (ANA)। আমি ধরে নিচ্ছি যে আপনাকে ভিটামিন বি১২ প্রেসক্রাইব করা হয়েছে কারণ আপনার ভিটামিন বি১২ কম। ভিটামিন বি১২ এবং ভিটামিন ডি-এর ঘাটতি আপনার বর্ণিত উপসর্গগুলো তৈরি করতে পারে, তবে ডায়াবেটিস মেলিটাস এবং থাইরয়েডের সমস্যাগুলোও বাদ দেওয়া গুরুত্বপূর্ণ, তাই আমি বেশ কিছু পরীক্ষার পরামর্শ দিয়েছি। মেনার্ড ধরনের উপসর্গের কোনো নির্দিষ্ট কারণ নাও থাকতে পারে, যদি এটি ইডিওপ্যাথিক হয়, অথবা এটি অটোইমিউন রোগের কারণেও হতে পারে। আপনার ভিটামিন বি১২-এর ঘাটতি পুষ্টিজনিত বা ইমিউনোলজিক্যাল হতে পারে, যেমন পারনিসিয়াস অ্যানিমিয়া। আপনার ভিটামিন বি১২-এর সমস্যার কারণের ওপর ভিত্তি করে, এটি যদি পারনিসিয়াস অ্যানিমিয়া হয়, তবে আপনাকে অল্প সময়ের জন্য বা আজীবন ভিটামিন সেবনের মাধ্যমে চিকিৎসা করা যেতে পারে। যদি সমস্ত পরীক্ষা নেতিবাচক হয়, তবে পেরিনডস ফেনোমেনন মৃদু মানের জন্য খাদ্যাভ্যাসে পরিবর্তন বা লিপিড কমানোর মাধ্যমে উপশম করা যেতে পারে। আঘাত থেকে হাত ও পায়ের সুরক্ষা অপরিহার্য। ধূমপান রেনডসকে আরও বাড়িয়ে তোলে। যেহেতু আপনি জানিয়েছেন যে আপনার ডায়াবেটিস বা অন্য কোনো পরিচিত অসুস্থতা নেই, তাই আমি ধরে নিচ্ছি যে আপনি বেশিরভাগ ল্যাব টেস্ট করিয়েছেন। যদি আপনার আরও তথ্যের প্রয়োজন হয়, তবে অনুগ্রহ করে আপনার ল্যাব টেস্টের ফলাফল এবং আরও স্পষ্টীকরণ এখানে পোস্ট করুন যাতে আমি"
28014,"হেলো, নাসেনিয়া ডকের সাথে পরামর্শ করার জন্য আপনাকে স্বাগতম এবং ধন্যবাদ। আমি আপনার প্রশ্নটি দেখেছি, আপনি যেহেতু উল্লেখ করেছেন যে আপনার আক্কেল দাঁত তোলার পর এখন মুখের তালু এবং জিহ্বায় কাঁচা অনুভূতি হচ্ছে, তাই আপনি দিনে দুই-তিনবার হালকা গরম লবণ পানি দিয়ে কুলকুচি করুন। এক সপ্তাহের জন্য প্রতিদিন একবার একটি করে ভিটামিন বি কমপ্লেক্স ট্যাবলেট সেবন করুন। দাঁত তোলার পর অ্যান্টিবায়োটিক কোর্স সম্পন্ন করার কারণে জিহ্বা ও মুখে বাজে স্বাদ হতে পারে। যদি এতে আপনি আরাম না পান, তবে পুনরায় একজন ডেন্টিস্টের সাথে পরামর্শ করুন এবং ওরাল পরীক্ষা করান। আশা করি এটি আপনাকে সাহায্য করবে। শুভেচ্ছা।"
28080,"হেলো, মূত্রনালীতে কিডনি বা ইউরেটারে পাথর থাকার সমস্ত সম্ভাবনা রয়েছে যা সমস্ত কষ্টের কারণ হতে পারে। এই ধরনের উপসর্গের সাথে ডি-ডাইমারের বৃদ্ধি ডিআইসি (ডিসসেমিনেটেড ইন্ট্রাভাসকুলার কোয়াগুলেশন) বা ভিওটি (ভেনাস থ্রম্বোএম্বোলিজম)-এর উপস্থিতি নির্দেশ করে, কিন্তু আক্কেল দাঁতের ক্ষেত্রে নয়। তার হেমাটোলজিস্ট, বিশেষজ্ঞ চিকিৎসক এবং নিউরো ফিজিশিয়ানের সমন্বয়ে গঠিত একটি ওয়ার্ক-আপ দলের মাধ্যমে নিবিড় পর্যায়ের চিকিৎসার প্রয়োজন। আশা করি আমি আপনার প্রশ্নের উত্তর দিতে পেরেছি। আমি আপনাকে আরও কোনোভাবে সাহায্য করতে পারি কিনা তা জানাবেন।"
70496,"হেলো। আপনার তথ্য অনুযায়ী, আপনার এই অবস্থাকে ককসিডাইনিয়া বলা হয়, যার সহজ অর্থ হলো মেরুদণ্ডের শেষ হাড়ের ব্যথা। সঠিক ওষুধ এবং সতর্কতা অবলম্বন না করলে এই অবস্থা দীর্ঘস্থায়ী হতে পারে। প্রথমত, বসার সময় সবসময় সেই জায়গার চারপাশে প্যাডিং ব্যবহার করা উচিত। ওই এলাকায় ক্রমাগত জ্বালাপোড়ার কারণে কোনো ধরনের আঘাত বা ট্রমা এড়িয়ে চলুন। দীর্ঘক্ষণ এক অবস্থানে বসে থাকা এড়িয়ে চলুন। আপনার চিকিৎসকের সাথে পরামর্শ করুন, যিনি আপনাকে অ্যান্টি-ইনফ্ল্যামেটরি ওষুধ দিতে পারেন। চিকিৎসার ধরন এমআরআই রিপোর্টের ওপর ভিত্তি করে হাড়ের অন্তর্নিহিত ক্ষতির অবস্থা এবং তীব্রতার ওপর নির্ভর করে। আশা করি এটি আপনাকে সাহায্য করবে। শুভেচ্ছা।"
19245,"আপনার উদ্বেগগুলো বুঝতে পেরেছি এবং আপনার বিস্তারিত তথ্যগুলো দেখেছি। মূত্রাশয় পুরোপুরি খালি করার সময় জেলির মতো যে পদার্থটি বের করার চেষ্টা করেন, তা হলো আপনার বীর্য। বীর্য একটি বর্জ্য পদার্থ এবং এটি আপনার শরীরের ভেতরে জমা থাকে। আপনি যদি হস্তমৈথুন বা যৌন মিলনে লিপ্ত না হন, তবে আপনার শরীর এটি বের করে দেওয়ার একটি উপায় খুঁজে নেয়। সাধারণত প্রস্রাবের মাধ্যমে এবং রাতে বীর্যপাতের মাধ্যমে এটি বের করা হয়। চিন্তার কিছু নেই এবং এটি স্বাভাবিক। দ্বিতীয় সমস্যার জন্য আপনাকে একজন চর্মরোগ বিশেষজ্ঞের পরামর্শ নিতে হবে। এটি একটি অ্যালার্জিক প্রতিক্রিয়া। এই বিষয়ে আপনার আরও সাহায্যের প্রয়োজন হলে, অনুগ্রহ করে এই ইউআরএলটি ব্যবহার করুন। http"
21450,"হেলো, সিট্রন একটি অ্যান্টিকোয়াগুল্যান্ট (রক্ত পাতলা করার ওষুধ)। এর সাধারণ পার্শ্বপ্রতিক্রিয়াগুলো হলো রক্তপাতের প্রবণতা, বুকে ব্যথা, মাথা ঘোরা। অসাড়তা এবং ঝিঁঝিঁ ধরা এর একটি কম সাধারণ পার্শ্বপ্রতিক্রিয়া। একইভাবে, বাড়িতে পরীক্ষা করার ক্ষেত্রে এটি মূলত উচ্চ কোলেস্টেরল এবং রক্তাল্পতার জন্য ব্যবহৃত হয় এবং এর সাধারণ পার্শ্বপ্রতিক্রিয়াগুলো হলো পেটে অস্বস্তি বা ডায়রিয়া। আমার মনে হয়, এর পাশাপাশি আমাদের তার অসাড়তার অন্যান্য কারণগুলোও খতিয়ে দেখতে হবে এবং বাদ দিতে হবে। কমপ্লিট ব্লাড কাউন্ট, ভিটামিন বি১২-এর মাত্রা, শর্করার মাত্রা এবং নার্ভ কন্ডাকশন স্টাডির মতো কিছু পরীক্ষা করিয়ে নিন। নিজের যত্ন নেবেন। আশা করি আমি আপনার প্রশ্নের উত্তর দিতে পেরেছি। আমি আপনাকে আরও কোনোভাবে সাহায্য করতে পারি কিনা তা জানাবেন।"
56338,"হেলো। আমাদের কাছে লেখার জন্য ধন্যবাদ। আপনার যে ব্যথা হচ্ছে তা অবস্থানের ত্রুটি এবং ভুল ভঙ্গিমার কারণে হতে পারে। যেহেতু এমআরআই রিপোর্ট স্বাভাবিক, তাই কোনো গুরুতর রোগের আশঙ্কা নেই। সঠিক উপশমের জন্য আপনার শরীরের ভঙ্গি উন্নত করা এবং নিয়মিত ব্যায়াম করা প্রয়োজন। আমি আশা করি এই তথ্যটি আপনার জন্য তথ্যবহুল এবং সহায়ক হয়েছে। আপনি আমার প্রোফাইল ইউআরএল http-এর মাধ্যমে সরাসরি আমার সাথে আবার পরামর্শ করতে পারেন।"
64683,"হেলো, নাসেনিয়া ডক ফোরামে আপনাকে স্বাগতম। এটি একটি গুরুতর অবস্থা, যার চিকিৎসা করা খুব কঠিন হতে পারে। আমি আপনাকে রোগ নির্ণয় এবং চিকিৎসার জন্য একজন গ্যাস্ট্রোএন্টেরোলজিস্টের সাথে পরামর্শ করার পরামর্শ দিচ্ছি। নাসেনিয়া ডকে অনেক নতুন ডাক্তার আছেন। তারা তাকে কিছু সময়ের জন্য আরামদায়ক রাখতে পারেন। শেষ অবলম্বন হিসেবে তাকে কয়েক দিনের জন্য আরামদায়ক রাখতে অ্যাবডোমিনোসেন্টিসিস (সুঁই দিয়ে অ্যাসাইটিক ফ্লুইড অপসারণ) করা যেতে পারে। তার দ্রুত এবং সম্পূর্ণ সুস্থতা কামনা করছি। ধন্যবাদ।"
3584,"হেলো, প্রশ্নটি করার জন্য ধন্যবাদ। আপনার ক্লিনিকাল লক্ষণ অনুযায়ী আমার মনে হয় আপনার মুখে অনেক ক্যাভিটি বা গর্ত হয়েছে, যা মুখের দুর্বল স্বাস্থ্যবিধির কারণে হতে পারে। আমি আপনাকে একটি পরীক্ষা করানোর এবং একটি ওপিজি (OPG) এক্স-রে করার পরামর্শ দেব। যে দাঁতটি বাঁচানো সম্ভব তা রুট ক্যানেল চিকিৎসার মাধ্যমে ঠিক করা যেতে পারে, আর যে দাঁতটি বাঁচানো সম্ভব নয় তা তুলে ফেলে রিমুভেবল এবং ফিক্সড প্রস্থেসিস দিয়ে প্রতিস্থাপন করা যেতে পারে। ব্যথানাশক হিসেবে ট্যাব অলমোস্ট টিডিএস (tab almost TDS), ট্যাব ডাইক্লোসেরাটিওপেপটাইডেস (tab dicloserratiopeptidase) দিনে তিনবার এবং ট্যাব ওমেন দিনে দুবার সেবন করুন। সম্পূর্ণ মুখের স্কেলিং এবং পলিশিং করিয়ে নিন। নিজের যত্ন নেবেন!"
103506,"হেলো প্রিয়, নাসেনিয়া ডকের সাথে যোগাযোগ করার জন্য আপনাকে ধন্যবাদ। আমি আপনার উদ্বেগ পড়েছি এবং বুঝতে পেরেছি। আমি নাসেনিয়া ডক, আপনার উদ্বেগের উত্তর দিচ্ছি। হ্যাঁ, ইনফেকশাস মনোনিউক্লিওসিস দীর্ঘস্থায়ী সংক্রমণ হিসেবে হতে পারে। সাধারণত ইনফেকশাস মনোনিউক্লিওসিসের সংক্রমণ খুব নিরীহ হয়, এটি কোনো বিরূপ পরিণতি ছাড়াই সেরে যায়। তবে কিছু ক্ষেত্রে এটি দীর্ঘস্থায়ী সংক্রমণ হিসেবে দেখা দিতে পারে, যা রোগ প্রতিরোধ ক্ষমতা কমে যাওয়া, অঙ্গ প্রতিস্থাপন এবং ক্যান্সার কেমোথেরাপির ক্ষেত্রে বেশি দেখা যায়। এই অবস্থাগুলোর পূর্বাভাস খুবই খারাপ। আমার সন্দেহ হচ্ছে আপনি দীর্ঘস্থায়ী সংক্রমণে ভুগছেন। রোগ নির্ণয়ের উদ্দেশ্যে আপনি ভাইরাল অ্যান্টিবডি পরীক্ষা করাতে পারেন। দীর্ঘস্থায়ী অবস্থার চিকিৎসা খুবই চ্যালেঞ্জিং। শুধুমাত্র একজন ক্রনিক ফ্যাটিগ বিশেষজ্ঞ আপনাকে সাহায্য করতে পারেন। আপনার পরবর্তী যেকোনো প্রশ্নের উত্তর দিতে আমি খুশি হব bit.ly/ নাসেনিয়া ডক-এ। ধন্যবাদ, নাসেনিয়া ডক, সংক্রামক রোগ বিশেষজ্ঞ, নাসেনিয়া ডক।"
65626,নাসেনিয়া ডকে আপনার প্রশ্নের জন্য ধন্যবাদ। আমি আপনার উদ্বেগ বুঝতে পারছি। পালমোনারি এমবোলিজম (PE)-এর কারণে পালমোনারি হাইপারটেনশন (PH) নিরাময়যোগ্য। PH-এর অন্যান্য সব কারণ নিরাময়যোগ্য নয়। ওষুধের মাধ্যমে আমরা রোগের অগ্রগতি নিয়ন্ত্রণ করতে পারি। তাই আপনার স্বামীর ক্ষেত্রে আজীবন PH-এর ওষুধ চালিয়ে যাওয়া উচিত। ওষুধের মাধ্যমে রোগের অগ্রগতি ভালো হয় এবং রোগী স্বাভাবিক জীবনযাপন করতে পারেন। আশা করি আমি আপনার প্রশ্নের সমাধান করতে পেরেছি। আপনাকে আরও সাহায্য করতে পারলে আমি খুশি হব। আপনার স্বামীর সুস্বাস্থ্য কামনা করছি। ধন্যবাদ।
60757,"মিষ্টি খাওয়ার পর বমি হওয়া সাধারণত পাকস্থলী বা খাদ্যনালীতে প্রদাহ বা রিফ্লাক্সের কারণে হয়ে থাকে। তবে এর আগে শিশু সাধারণত এপিগ্যাস্ট্রিক ব্যথা, বুকের মাঝখানের ঠিক নিচে ব্যথা বা কখনও কখনও বুকের মাঝখানে ব্যথার কথা বর্ণনা করে। ওমেপ্রাজল ২০ মিগ্রা-এর মতো পিপিআই ১ মাসের জন্য কার্যকর হতে পারে, যদি সমস্যাটি থেকে যায় তবে আমি এন্ডোস্কোপি করার পরামর্শ দিই। জয়েন্টে ব্যথা এবং কোমরের ব্যথার বিষয়ে বলতে গেলে, যদি এগুলো বমির ঘটনার সাথে সামঞ্জস্যপূর্ণ হয় এবং বমির সাথে পেটের ব্যথার কোনো সম্পর্ক না থাকে, তবে রোগ নির্ণয়ের জন্য আরও বিস্তারিত ইতিহাস এবং সম্পূর্ণ শারীরিক পরীক্ষার প্রয়োজন, কারণ জুভেনাইল ইডিওপ্যাথিক আর্থ্রাইটিসের মতো রোগগুলো এই সমস্ত উপসর্গের কারণ হতে পারে। আমি তাকে মূল্যায়ন করার জন্য তার শিশু বিশেষজ্ঞের সাথে দেখা করার পরামর্শ দিচ্ছি। আশা করি এটি সাহায্য করবে।"
23110,"হেলো....... আপনার অনুসন্ধানের জন্য ধন্যবাদ। প্রদত্ত লক্ষণগুলোর ওপর ভিত্তি করে, আপনার ছেলে বাইপোলার ডিসঅর্ডারে ভুগছে বলে মনে হচ্ছে। সে বর্তমানে মুড স্ট্যাবিলাইজার এবং অ্যান্টিসাইকোটিক ওষুধের সমন্বয়ে চলছে, যা এই ক্ষেত্রে উপযুক্ত। মেডিটেশন, হিপনোসিস এবং বিকল্প থেরাপি সাইকোসিস বা বাইপোলার ডিসঅর্ডারের চিকিৎসায় খুব একটা কার্যকর নয়। তবে, পর্যাপ্ত ঘুম অবশ্যই একটি সুরক্ষামূলক ভূমিকা পালন করে। তার সুস্বাস্থ্য কামনা করি। শুভেচ্ছা, নাসেনিয়া ডক।"
67409,"আপনি যে লক্ষণগুলোর কথা উল্লেখ করেছেন তা মূলত গ্যাস্ট্রিক সংক্রমণের ইঙ্গিত দেয়, যার জন্য বিশেষজ্ঞের পরামর্শ অনুযায়ী অফ্লক্স-ওজেড (Oflox-OZ) বা জিফি-ওজেড (Zifi-OZ)-এর মতো অ্যান্টিবায়োটিক গ্রহণ করতে পারেন। গুরুতর গ্যাস্ট্রিক সমস্যার জন্য খাবারের এক ঘণ্টা আগে খালি পেটে ওপেনড বা রিবিল্ড (Rebuild) ওষুধ সেবন করতে পারেন। পেটে ব্যথা এবং পেট ফাঁপার জন্য আপনি সাইক্লোপস (Cyclops) বা মেফটাল-স্পাজ (Meftal-spaz) নিতে পারেন। এছাড়া প্রতিদিন একবার মেগানিউরন-প্লাস (Meganeuron-plus) বা মেটিল্ডা-ফোর্ট (Metilda-forte)-এর মতো মাল্টিভিটামিন গ্রহণ করুন।"
70167,"হেলো! শুভ সন্ধ্যা। আমি নাসেনিয়া ডক, আপনার প্রশ্নের উত্তর দিচ্ছি। আমি যদি আপনার ডাক্তার হতাম, তবে সাধারণ শারীরিক পরীক্ষার পর, আমি আপনাকে বাইরের খাবার এড়িয়ে চলার পরামর্শ দিতাম, যাতে কোনো ধরনের অন্ত্রের সংক্রমণ না হয় যা খিঁচুনির কারণ হতে পারে। আমি সিবিসি (CBC)-এর মতো রুটিন রক্ত পরীক্ষা এবং কোনো পরজীবী সংক্রমণ বা/অথবা ইউটিআই (UTI) আছে কিনা তা নিশ্চিত করার জন্য মল ও প্রস্রাব পরীক্ষা করার পরামর্শ দিতাম এবং পজিটিভ হলে তার চিকিৎসা করতাম। এছাড়া, পেটের আল্ট্রাসাউন্ড পেটের অন্য কোনো সমস্যা আছে কিনা তা নিশ্চিত করবে। ততক্ষণ পর্যন্ত, আমি আপনাকে একটি অ্যান্টি-স্পাসমোডিক এবং একটি প্রোটন পাম্প ইনহিবিটর সেবনের পরামর্শ দেব। আমি আশা করি এই তথ্যটি আপনার সমস্যার পরবর্তী ব্যবস্থাপনার জন্য আপনার পারিবারিক চিকিৎসক বা আপনার চিকিৎসা প্রদানকারী ডাক্তারের সাথে আলোচনা করতে সাহায্য করবে। কোনো সন্দেহ থাকলে নির্দ্বিধায় জিজ্ঞাসা করবেন। আপনার স্বাস্থ্য সমস্যার বিষয়ে সন্দেহ দূর করতে নাসেনিয়া ডককে বেছে নেওয়ার জন্য ধন্যবাদ। আমি আপনার দ্রুত আরোগ্য কামনা করি। নাসেনিয়া ডক।"
16378,"হেলো। আপনার অনুসন্ধানের জন্য ধন্যবাদ। কোলোনোস্কোপি এবং পলিপ অপসারণের পর পেটে তীব্র ও তীব্র ব্যথা হয় পারফোরেশন অথবা হেমাটোমা তৈরি হওয়া। আপনাকে তাকে পুনরায় জরুরি বিভাগে বা হাসপাতালে নিয়ে যেতে হবে এবং ভর্তি করাতে হবে, কারণ পরবর্তী ৭২ ঘণ্টার মধ্যে যেকোনো সময় সম্ভাব্য জটিলতা দেখা দিতে পারে। তাকে মুখে কিছু না খাওয়া, শিরায় স্যালাইন দেওয়া এবং অ্যান্টিবায়োটিক দেওয়া প্রয়োজন। স্ট্যান্ডিং এক্স-রে এবং সিটি স্ক্যানের মতো পরীক্ষাগুলো সাহায্য করবে। কোলোনোস্কোপি বা বেরিয়াম স্টাডি কোনোভাবেই করা যাবে না।"
39390,"হেলো, সাধারণত হেপাটাইটিস সি-এর চিকিৎসার পর লিভার এনজাইম স্বাভাবিকের কাছাকাছি নেমে আসে, বিশেষ করে যদি আপনি সুস্থ হয়ে থাকেন। তবে, চিকিৎসার আগে যদি উল্লেখযোগ্য পরিমাণে প্রদাহ হয়ে থাকে এবং আপনার লিভার এনজাইম আরও বেশি থাকে, তবে তা স্বাভাবিক অবস্থায় ফিরে আসতে কিছুটা সময় নিতে পারে। আমি আপনাকে অবশ্যই আপনার ডাক্তারের সাথে পরামর্শ করার পরামর্শ দেব, যাতে নিশ্চিত হওয়া যায় যে অস্বাভাবিক লিভার এনজাইমের অন্য কোনো কারণ নেই, যেমন ফ্যাটি লিভার বা অন্যান্য সমস্যা (যেমন অটোইমিউন লিভার ডিজিজ, অন্যান্য ভাইরাল হেপাটাইটিস, হিমোক্রোমাটোসিস ইত্যাদি)। অ্যালকোহল এড়িয়ে চলুন।"
82051,"হেলো, আমার মনে হয় আপনি বাম কাঁধের জয়েন্টের প্রদাহ বা জয়েন্ট গঠনকারী পেশী ও লিগামেন্টের উৎপত্তিস্থলে প্রদাহে ভুগছেন। জয়েন্টটি ক্রমাগত ব্যবহারের ফলে হাড় সংকুচিত হয়ে লিগামেন্ট ও এমএস-এর ওপর চাপ সৃষ্টি হচ্ছে। হাত উপরে তোলার সময় প্রচণ্ড ব্যথা হতে পারে। ত্রুটিটি শনাক্ত করার জন্য এবং ইএসআর (ESR) ও সিআরপি (CRP)-এর মতো আরও পরীক্ষার জন্য আপনার অবশ্যই একটি এক্স-রে এবং এমআরআই (MRI) স্ক্যান করানো উচিত। আপনাকে অন্তত দুই সপ্তাহ ব্যথানাশক এবং প্রদাহরোধী ওষুধ সেবন করতে হবে এবং আর্ম স্লিং ব্যবহার করতে হবে, এতে আপনি সম্পূর্ণ আরাম বোধ করবেন। আশা করি উপরের তথ্যগুলো আপনাকে সাহায্য করবে। আরও কোনো স্পষ্টীকরণের প্রয়োজন হলে নির্দ্বিধায় জিজ্ঞাসা করুন।"
40003,"প্রিয় ব্যবহারকারী, নাসেনিয়া ডকে লেখার জন্য আপনাকে ধন্যবাদ। ইরেক্টাইল বা লিঙ্গোত্থানজনিত সমস্যা নিয়ে আপনার উদ্বেগের বিষয়টি আমি বুঝতে পারছি। হস্তমৈথুন যৌন তৃপ্তি লাভের জন্য একটি স্বাস্থ্যকর যৌন কার্যকলাপ এবং এটি ইরেক্টাইল সমস্যা বা পুরুষত্বহীনতার কারণ হয় না। আপনি যে ওষুধটি খাচ্ছিলেন এবং সম্প্রতি তা বন্ধ করেছেন, তার নাম জানালে আমাদের জন্য সুবিধা হতো। আপনার বয়সে বেশিরভাগ ক্ষেত্রে ইরেক্টাইল সমস্যা মনস্তাত্ত্বিক কারণে হয়ে থাকে (হস্তমৈথুনের প্রভাব নিয়ে দুশ্চিন্তা বা নিজের যৌন সক্ষমতা নিয়ে দুশ্চিন্তা)। অনুগ্রহ করে আপনার নিকটস্থ একজন মনোরোগ বিশেষজ্ঞের সাথে পরামর্শ করুন। ওষুধের চেয়ে কাউন্সেলিং এবং আচরণগত থেরাপি আপনার জন্য অনেক বেশি উপকারী। শুভেচ্ছা।"
23378,"হেলো, নাসেনিয়া ডকে অনুসন্ধান করার জন্য ধন্যবাদ। আমি আপনার অনুসন্ধানটি গভীরভাবে পর্যালোচনা করেছি এবং আপনার উদ্বেগগুলো বুঝতে পেরেছি। চোখের সিস্ট এবং পায়ের নলার ওপরের পিণ্ডের কারণ হলো - আপনার ক্ষেত্রে এটি মূলত আইইডি (IED) বিস্ফোরণের স্প্লিন্টার আঘাতের কারণে হয়েছে। প্রতিকার--অন্যান্য সমস্ত অভিযোগ একজন ইআর সার্জনের মাধ্যমে পর্যালোচনা এবং তদন্ত করা প্রয়োজন, যিনি এর কারণ অনুযায়ী চিকিৎসা করবেন। আমি মাথার খুলি এবং বুকের এক্স-রে করার পরামর্শ দেব যাতে শরীরে এফবি (FB) সম্পর্কিত সিস্ট এবং পিণ্ড আছে কিনা তা নিশ্চিত হওয়া যায় এবং সেই অনুযায়ী চিকিৎসা করা যায়। এটি আপনাকে আপনার ডাক্তারের সাথে চিকিৎসার পরিকল্পনা করতে সাহায্য করবে। চিন্তা করবেন না, সবকিছু ঠিক হয়ে যাবে। আশা করি এটি আপনার প্রশ্নের সমাধান করবে। এই বিষয়ে আরও কোনো প্রশ্ন থাকলে স্বাগতম। আপনার দ্রুত আরোগ্য কামনা করছি। যত দ্রুত সম্ভব একটি ভালো রিভিউ দিতে ভুলবেন না। আপনার দিনটি ভালো কাটুক।"
67924,"শুভ দিন, এবং প্রশ্নটির জন্য ধন্যবাদ। এমআরএসএ (MRSA) একটি অত্যন্ত জেদি সংক্রমণ এবং আপনার স্বামীর সাথে শারীরিক মিলনের মাধ্যমে এটি ছড়াতে পারে। আপনার শিশুও ঝুঁকির মধ্যে রয়েছে। আপনার হাত ধুয়ে নিন। সতর্কতার সাথে হাত ধোয়া জীবাণুর বিরুদ্ধে আপনার সর্বোত্তম প্রতিরক্ষা হিসেবে কাজ করে। অন্তত ১৫ সেকেন্ড দ্রুত হাত ধুয়ে নিন, তারপর ডাক্তারের সাথে কথা বলুন। সাবান ও পানি পাওয়ার সুযোগ না থাকলে অন্তত ৬২ শতাংশ অ্যালকোহলযুক্ত একটি ছোট হ্যান্ড স্যানিটাইজার সাথে রাখুন। ক্ষতস্থান ঢেকে রাখুন। কাটা এবং ঘর্ষণ পরিষ্কার রাখুন এবং জীবাণুমুক্ত ব্যান্ডেজ দিয়ে ঢেকে রাখুন।"
8084,"হেলো, নাসেনিয়া ডকে আপনার প্রশ্নটি পোস্ট করার জন্য ধন্যবাদ... সংক্ষিপ্ত উত্তর।"
18840,"হ্যাঁ, আপনার উদ্বেগটি খুবই যথার্থ। আমার ক্লিনিকে, আমি প্রথমে এই ধরনের দীর্ঘস্থায়ী ক্ষেত্রে রক্তে শর্করার মাত্রা পরীক্ষা করার পরামর্শ দিই এবং যদি ডায়াবেটিস ধরা পড়ে, তবে ইনসুলিনের মাধ্যমে কঠোরভাবে শর্করা নিয়ন্ত্রণ করা হয়। আপনার ক্ষেত্রে, এটি কার্বাঙ্কলের মতো মনে হচ্ছে। আমার রোগীদের ক্ষেত্রে, আমি কোনো গভীর বিস্তার আছে কিনা তা নিশ্চিত করার জন্য এক্স-রে করার পরামর্শ দিই। ফোলাভাবের আকার, বিস্তার এবং রোগীর শারীরিক সক্ষমতার ওপর নির্ভর করে, আমি অ্যানেস্থেশিয়ার অধীনে ফোলাভাব সম্পূর্ণ অপসারণের জন্য রোগীকে অপারেশন থিয়েটারে নিয়ে যাই, যাতে কোনো সিস্ট প্রাচীর না থাকে, যা দীর্ঘস্থায়ী হওয়ার একটি কারণ। অস্ত্রোপচারের পরে অ্যান্টিবায়োটিক, ব্যথানাশক এবং ভিটামিন সি (উন্নত ক্ষত নিরাময়ের জন্য) প্রেসক্রাইব করা হয়। আশা করি এই তথ্য আপনার কাজে আসবে। ধন্যবাদ। শুভেচ্ছা।"
17140,"হেলো, আশা করি আমি আজ আপনাকে সাহায্য করতে পারব। গর্ভাবস্থায় প্লাটিলেট কমে যাওয়া, যাকে থ্রম্বোসাইটোপেনিয়া বলা হয়, তা আসলে গর্ভাবস্থায় একটি তুলনামূলক সাধারণ রোগ নির্ণয়। জেস্টেশনাল থ্রম্বোসাইটোপেনিয়া এমন একটি অবস্থা যেখানে প্লাটিলেটের মাত্রা কমে যায়। এটি গর্ভাবস্থার কারণে ঘটে এবং সাধারণত প্রসবের পর এই মাত্রা স্বাভাবিক অবস্থায় ফিরে আসে। প্লাটিলেট হলো শরীরের ভেতরে থাকা কোষ যা আপনার রক্ত জমাট বাঁধতে সাহায্য করার জন্য তৈরি। সাধারণত, প্লাটিলেটের সংখ্যা কমে গেলে কখনও কখনও রক্তপাতের সময় বেড়ে যেতে পারে, তবে গর্ভাবস্থায় আপনার শরীর অতিরিক্ত রক্ত জমাট বাঁধার উপাদান তৈরি করে যা মাকে সন্তান প্রসবের সময় অতিরিক্ত রক্তপাত থেকে রক্ষা করতে সাহায্য করে। যদি কোনো মায়ের প্লাটিলেটের সংখ্যা ৫০,০০০-এর উপরে থাকে, তবে প্রসবের সময় রক্তপাতজনিত জটিলতার সম্ভাবনা অত্যন্ত কম। সন্তান না নেওয়া পর্যন্ত আপনার প্লাটিলেট পর্যবেক্ষণ চালিয়ে যেতে হবে, কারণ গর্ভাবস্থার অন্যান্য রোগও প্লাটিলেট কমিয়ে দিতে পারে এবং আপনার প্রসবপূর্ব সেবা প্রদানকারীকে সেগুলোর দিকে নজর রাখতে হবে। ইতিমধ্যে, আপনার থ্রম্বোসাইটোপেনিয়া আপনার স্বাস্থ্য বা শিশুর জন্য কোনো ঝুঁকি তৈরি করে না। প্লাটিলেটের সংখ্যা কম থাকলে তা আপনার পরিশ্রম এবং প্রসবের অভিজ্ঞতার ওপর প্রভাব ফেলতে পারে। সাধারণত প্লাটিলেটের সংখ্যা ১০০,০০০-এর নিচে নেমে গেলে এপিডিউরাল অ্যানেস্থেশিয়া দেওয়ার পরামর্শ দেওয়া হয় না। তাই প্রসবের সময় আপনার প্লাটিলেটের সংখ্যার ওপর ভিত্তি করে আপনি এপিডিউরাল অ্যানেস্থেশিয়ার জন্য যোগ্য হতেও পারেন, আবার নাও হতে পারেন। এ বিষয়ে"
74647,"হেলো এবং নাসেনিয়া ডকে আপনাকে স্বাগতম। এটি পিত্তথলি বা লিভারের সমস্যার কারণে হতে পারে এবং এই ধরনের ব্যথার এটিই সবচেয়ে সাধারণ কারণ। পিত্তনালীতে পাথরজনিত বাধার কারণে সাধারণত ডাইলেটেড ইন্ট্রাহেপাটিক ডাক্ট দেখা যায়, তবে যেকোনো ধরনের লিভার ফাইব্রোসিস বা হেপাটাইটিসও এর কারণ হতে পারে। খুব কম ক্ষেত্রে এই ধরনের এমআরআই ফলাফলের পর টিউমার নির্ণয় করা হয়। তাই ব্যথা অব্যাহত থাকলে আপনার কোলেসিস্টেক্টমি করা উচিত এবং নিয়মিত হেপাটোলজিস্টের পরামর্শ নেওয়া উচিত। প্রশ্নটির জন্য ধন্যবাদ। আপনার সুস্বাস্থ্য কামনা করি। শুভেচ্ছা।"
1825,"নাসেনিয়া ডকে আপনার প্রশ্নের জন্য ধন্যবাদ। আমি আপনার পরিস্থিতি এবং সমস্যাটি বুঝতে পারছি। হ্যাঁ, স্ট্রেচ মার্কের কারণে মার্কের জায়গায় উপরিভাগে ব্যথা হতে পারে। তবে যেহেতু আপনি স্থূল, তাই আপনার বুকের ব্যথার জন্য হৃদরোগের কারণটি আগে নিশ্চিত করা ভালো। স্থূল রোগীদের কোলেস্টেরলের মাত্রা বেশি থাকে। এবং করোনারি ধমনীতে কোলেস্টেরল জমার কারণে করোনারি ধমনীতে বাধার সম্ভাবনা বেশি থাকে। আর এটি বুকের ব্যথার কারণ হতে পারে। তাই প্রথমে ইসিজি (ECG) এবং টু-ডি ইকো (2D echo) করিয়ে নেওয়া ভালো। যদি উভয়ই স্বাভাবিক থাকে, তবে হৃদরোগ নিয়ে খুব বেশি চিন্তার প্রয়োজন নেই। যত দ্রুত সম্ভব ওজন কমানো উচিত। অতিরিক্ত চর্বিযুক্ত টিস্যু স্ট্রেচ মার্কের জায়গায় প্রদাহজনক প্রতিক্রিয়া সৃষ্টি করতে পারে। তাই প্রথমে হৃদরোগের কারণটি নিশ্চিত করুন এবং ওজন কমানো শুরু করুন। একবার ওজন কমে গেলে, প্রদাহ কমে যাবে এবং ব্যথাও কমে যাবে। বর্তমানে, আপনি সাধারণ ব্যথানাশক এবং অ্যান্টি-ইনফ্ল্যামেটরি ওষুধ খেতে পারেন। আশা করি আমি আপনার প্রশ্নের সমাধান করতে পেরেছি। আপনার সুস্বাস্থ্য কামনা করি। ধন্যবাদ।"
88506,"হেলো... চিন্তা করবেন না। আপনার শিশু ভালো আছে। ১. মাথার খুলি বা মস্তিষ্কের ক্ষতি হওয়া কোনো শিশু এমন আচরণ করবে না (আপনি বলেছেন আপনার শিশু ভালো আছে এবং এই গর্তটি একটি আনুষঙ্গিক বিষয়)। ২. সে স্বাভাবিক এবং বিকাশগতভাবে স্বাভাবিক আছে বলেই সে ঠিক আছে। আশা করি আমার উত্তরটি আপনার জন্য সহায়ক ছিল। আমি যেকোনো সময় সাহায্য করতে পেরে খুশি। নাসেনিয়া ডকে আরও স্পষ্টীকরণ এবং পরামর্শের জন্য স্বাগত। যদি আপনার কোনো প্রশ্ন না থাকে, তবে আপনি আলোচনাটি বন্ধ করে উত্তরটিকে রেটিং দিতে পারেন। আপনার শিশুর সুস্বাস্থ্য কামনা করি।"
6243,"হেলো। নাসেনিয়া ডকে জিজ্ঞাসা করার জন্য আপনাকে ধন্যবাদ। আমি আপনার ইতিহাস দেখেছি এবং আজীবন ইমিউনোথেরাপি নিয়ে আপনার উদ্বেগ বুঝতে পেরেছি। ইমিউনোথেরাপির (শট) সময়কাল সম্পর্কে সিদ্ধান্ত সম্পূর্ণ ব্যক্তিগত। আমি যদি আপনার চিকিৎসা করতাম, তবে এটি বন্ধ করার পরিকল্পনা করার আগে আমি আপনার সাথে কিছু গুরুত্বপূর্ণ বিষয় নিয়ে আলোচনা করতাম। ১. সবচেয়ে গুরুত্বপূর্ণ বিষয় হলো - আপনার ভেস্টেড ভেনে জীবন-হুমকিপূর্ণ প্রতিক্রিয়া হয়েছিল, তাই এটি জীবন ও মৃত্যুর বিষয়। ইমিউনোথেরাপি আজীবন চালিয়ে যাওয়া সবচেয়ে নিরাপদ পদ্ধতি। ২. আমি আপনাকে ভেস্টেড ভেনমের জন্য অ্যালার্জি স্কিন টেস্ট এবং ভেস্টেড ভেনের জন্য সিরাম স্পেসিফিক আইজিই (IGE) পরীক্ষা করার পরামর্শ দেব। যদি এই দুটি পরীক্ষার ফলাফল নেতিবাচক আসে, তবে আমি সেই সময়ে শট বন্ধ করাকে নিরাপদ বলে মনে করব, যদি আপনার পরিবেশ, জীবনধারা এবং পেশা আপনাকে ভেস্টেড হুল ফোটানোর উচ্চ ঝুঁকিতে না ফেলে। আশা করি এটি আপনার জন্য সহায়ক হবে। আপনার সুস্বাস্থ্য কামনা করি। শুভেচ্ছা।"
60359,"হেলো, প্রিয়। আমি আপনার প্রশ্নটি দেখেছি। আমি আপনার উদ্বেগ বুঝতে পারছি। আপনার স্প্লেনোমেগালি এবং থ্রম্বোসাইটোপেনিয়া রয়েছে। আপনার লিম্ফোমার মতো কোনো গুরুতর রোগ থাকতে পারে। অথবা আপনার কোনো গুরুতর সংক্রমণও থাকতে পারে। থ্রম্বোসাইটোপেনিয়ার কারণ অনুসন্ধানের জন্য আপনার বোন ম্যারো পরীক্ষা করা উচিত। প্রয়োজনে স্প্লেনিক বায়োপসি করান। তারপর সেই অনুযায়ী চিকিৎসা নিন। আশা করি আমি আপনার প্রশ্নের উত্তর দিতে পেরেছি, যদি আপনার কোনো সন্দেহ থাকে তবে আমি উত্তর দিতে পেরে খুশি হব। নাসেনিয়া ডক ব্যবহার করার জন্য ধন্যবাদ। আপনার সুস্বাস্থ্য কামনা করি।"
72471,"হেলো। আমাদের কাছে লেখার জন্য ধন্যবাদ। যেহেতু আপনি ফ্লুরোকুইনোলোনসের মতো অ্যান্টিবায়োটিক গ্রহণ করেছেন যা গর্ভাবস্থার প্রথম তিন মাসে সেবনের পরামর্শ দেওয়া হয় না, তাই আদর্শগতভাবে, গর্ভবতী হলে আপনার শিশুকে গর্ভে রাখা উচিত নয়। তবে যদি আপনার প্রেগন্যান্সি টেস্ট পজিটিভ আসে, তবে আপনার স্ত্রীরোগ বিশেষজ্ঞের সাথে এ বিষয়ে বিস্তারিত আলোচনা করা সবচেয়ে ভালো। আমি আশা করি এই তথ্যটি আপনার জন্য তথ্যবহুল এবং সহায়ক হয়েছে।"
69853,"হেলো প্রিয়, আপনার প্রশ্নটি পর্যালোচনা করার পর মনে হচ্ছে আপনি মৃত্যুজনিত তীব্র উদ্বেগে ভুগছেন। প্রতিদিন গভীর শ্বাস-প্রশ্বাসের ব্যায়াম শুরু করুন। ঘুমানোর আগে আপনার কিছু ধ্যান করা উচিত, বিছানায় শুয়ে পা থেকে শুরু করে উপরের দিকে উঠে অনুভব করুন যে আপনার শরীরের প্রতিটি অংশ শিথিল। তারপর মনে করুন যে মন শিথিল আছে এবং আপনি ঘুমাতে যান। আমি সাধারণত আমার ক্লিনিকে আসা রোগীদের প্রাথমিক সময়ের জন্য প্যারোক্সেটিনের পাশাপাশি ক্লোনাজেপাম প্রেসক্রাইব করি।"
1842,"হেলো, ট্রিগার ফিঙ্গার এবং অনামিকা ও কনিষ্ঠ আঙুলে অসাড়তা দুটি ভিন্ন সমস্যা। ডায়াবেটিস রোগীদের ক্ষেত্রে ট্রিগার ফিঙ্গার সাধারণ এবং অনামিকা আঙুলে এটি সবচেয়ে বেশি দেখা যায়। অনামিকা ও কনিষ্ঠ আঙুল উভয় আঙুলে অসাড়তা আলনার নার্ভের সমস্যার কারণে হয়। এটি পেরিফেরাল নিউরোপ্যাথি হতে পারে যা আলনার নার্ভকে প্রভাবিত করে এবং দীর্ঘমেয়াদী ডায়াবেটিসের ক্ষেত্রেও এটি সাধারণ। ট্রিগার ফিঙ্গার একটি ক্লিনিক্যাল রোগ নির্ণয় এবং এর চিকিৎসা হলো ফিজিওথেরাপি এবং লোকাল ইনজেকশন। পেরিফেরাল নিউরোপ্যাথি নির্ণয়ের জন্য নার্ভ কন্ডাকশন ভেলোসিটি পরীক্ষা করা উচিত। রোগ নির্ণয় ও চিকিৎসার জন্য একজন চিকিৎসকের পরামর্শ নেওয়া এবং বিস্তারিত ক্লিনিক্যাল পরীক্ষা করার পরামর্শ দেওয়া হচ্ছে। আশা করি আমি আপনার প্রশ্নের উত্তর দিতে পেরেছি। আমি আপনাকে আরও কোনোভাবে সাহায্য করতে পারি কিনা তা জানাবেন।"
25496,"হেলো, আপনি যদি সুরক্ষিত যৌন মিলন করে থাকেন, তবে এটি মূলত আপনার কাছে যৌনবাহিত রোগ সংক্রমণের ঝুঁকি কমায়। তবে, তার জন্য একটি যৌনবাহিত রোগ বিশেষজ্ঞের পরামর্শ নেওয়া এবং কিছু অ্যান্টিবায়োটিক শুরু করা বুদ্ধিমানের কাজ হতে পারে। যদি আপনার লিঙ্গে জ্বালাপোড়া, প্রস্রাবের সময় জ্বালাপোড়া এবং কোনো নিঃসরণ হয়, তবে নিজেকে পরীক্ষা করান। আশা করি আমি আপনার প্রশ্নের উত্তর দিতে পেরেছি। আমি আপনাকে আরও কোনোভাবে সাহায্য করতে পারি কিনা তা আমাকে জানান।"
56449,"হেলো, আমাদের কাছে লেখার জন্য ধন্যবাদ। পেটে ব্যথার জন্য আপনার দ্রুত ডাক্তারের পরামর্শ নেওয়া উচিত। এমনকি বীমা প্রবিধানের কারণেও কোলোনোস্কোপি করা হবে না, তবে বর্তমানে চিকিৎসার প্রয়োজন আছে কিনা তা জানার জন্য অন্তত পেটের আল্ট্রাসাউন্ড স্ক্যান বা সিটি স্ক্যান করা আবশ্যক। পলিপ আছে এমন ব্যক্তিদের এবং যাদের পরিবারে বৃহদন্ত্রের ক্যান্সারের ইতিহাস রয়েছে, তাদের ক্ষেত্রে কোলোনোস্কোপি অন্তত প্রতি ৫ বছর অন্তর পুনরাবৃত্তি করতে হবে। বর্তমানে ভার্চুয়াল সিটি কোলোস্টোমি করারও সম্ভাবনা রয়েছে, অনুগ্রহ করে আপনার বীমার সাথে যোগাযোগ করুন যে এটি আপনার জন্য করা সম্ভব কিনা। ভার্চুয়াল সিটি কোলোনোস্কোপির ফলাফল প্রকৃত কোলোনোস্কোপির ফলাফলের সাথে তুলনা করা যায়। কোলোনোস্কোপি পাকস্থলীর পলিপ মূল্যায়ন করবে না এবং তার জন্য আপনাকে আপার গ্যাস্ট্রোইনটেস্টাইনাল এন্ডোস্কোপি করাতে হবে। অনুগ্রহ করে চিন্তা করবেন না।"
89436,"প্রিয়, আমাদের পরিষেবা ব্যবহার করার জন্য ধন্যবাদ। এই পদ্ধতিটি অ্যারিথমিয়া নিয়ন্ত্রণের একটি উপায়। কার্ডিওলজিস্ট একটি ক্যাথেটারের মাধ্যমে স্থানীয় ওষুধ প্রয়োগ করেন এবং হৃদপিণ্ডের প্রতিক্রিয়া পর্যবেক্ষণ করেন। একে ইলেক্ট্রোফিজিওলজিস্ট স্টাডিজও বলা হয়। কার্ডি এবং লিসিনোপ্রিলের সংমিশ্রণ ভালো, প্রথমটি একটি ক্যালসিয়াম চ্যানেল ব্লকার যা অ্যারিথমিয়ার জন্য নির্দেশিত, যেমন সুপ্রভেন্ট্রিকুলার ট্যাকিকার্ডিয়া। লিসিনোপ্রিল একটি এসিই ইনহিবিটর, যা উচ্চ রক্তচাপজনিত কার্ডিওভাসকুলার রোগের জন্য ভালো এবং হৃদপিণ্ডের আকার বৃদ্ধি নিয়ন্ত্রণে সাহায্য করে। আশা করি আমার পরামর্শ আপনার উপকারে আসবে। নাসেনিয়া ডক।"
14129,"হেলো, প্রিয়, নাসেনিয়া ডক ভার্চুয়াল ক্লিনিকে আপনার জিজ্ঞাসার জন্য ধন্যবাদ। আমি আপনার দেওয়া সমস্ত বিবরণ বিস্তারিতভাবে পড়েছি। আমি সমস্ত তথ্য পর্যালোচনা করেছি এবং আমার মতে, ১০ দিন পর বাম পায়ে বেগুনি কালশিটে, মাঝখানে হলুদাভ কেন্দ্র এবং ব্যথা, হাঁটুর ভাঁজে ফোড়া বলে মনে হচ্ছে। ইমপ্রেশন- আমার মনে হয় না এটি রক্ত জমাট বাঁধার কারণে হয়েছে, বরং সাম্প্রতিক অস্ত্রোপচারের চাপের কারণে আপনার নড়াচড়া না করা এবং শরীরের রোগ প্রতিরোধ ক্ষমতা কমে যাওয়ার ফলে হয়েছে। আশা করি আমি পিণ্ডটি কী তা ব্যাখ্যা করতে পেরেছি এবং আশা করি আপনি এতে সন্তুষ্ট হবেন। আপনি যদি এই উত্তরটি পছন্দ করেন এবং এটি আপনার জন্য সহায়ক মনে করেন তবে চমৎকার রিভিউ লিখুন, কারণ আপনার মন্তব্য এবং রিভিউ নাসেনিয়া ডক ক্লিনিকের দর্শকদের জন্য আমার রেটিং উন্নত করবে। এই বিষয়ে আরও কোনো জিজ্ঞাসার জন্য আপনাকে স্বাগত জানাই। আমি আপনাকে এই পিণ্ডের জটিল সমস্যা থেকে বেরিয়ে আসতে সাহায্য করতে পারলে খুশি হব। আপনার দ্রুত আরোগ্য কামনা করছি। আপনার দিনটি ভালো কাটুক। নাসেনিয়া ডক। এন. সিনিয়র সার্জিক্যাল স্পেশালিস্ট। এস. জেনারেল-সিভিটিএস।"
72013,"হেলো, আপনার প্রশ্নটি করার জন্য ধন্যবাদ। সম্ভবত আপনি সিনকোপ (সাধারণ অজ্ঞান হয়ে যাওয়া) রোগে ভুগেছিলেন, যা ভ্রমণের ক্লান্তি, তাপ এবং প্রস্রাবের (প্রস্রাব) কারণে শুরু হয়েছিল। চিন্তার কোনো কারণ নেই, কারণ সাধারণত এটি পুনরায় হয় না। তবে, রোগ নির্ণয়ের জন্য একজন স্নায়ুরোগ বিশেষজ্ঞের (নিউরোলজিস্ট) সাথে পরামর্শ করা উপকারী হবে। আপনার যদি আরও কোনো তথ্যের প্রয়োজন হয়, তবে অনুগ্রহ করে জানাবেন। শুভকামনা, নাসেনিয়া ডক।"
11132,"হেলো, একজন হৃদরোগীর আয়ু একই বয়সের মানুষের তুলনায় কম। এটি তার বর্তমান অবস্থা এবং তিনি যে অস্ত্রোপচার করিয়েছেন তার ওপর নির্ভর করে। যদি তার ওপেন-হার্ট সার্জারি হয়ে থাকে, তবে পুনরায় অস্ত্রোপচারের জন্য বুক খোলা নিশ্চিতভাবেই ঝুঁকিপূর্ণ হবে এবং আগের অস্ত্রোপচারের তুলনায় এটি আরও কঠিন হবে। তবে এটি অসম্ভব নয় এবং নিয়মিত করা হচ্ছে। এটি রোগের সাথে এবং অস্ত্রোপচারের পরে আয়ুষ্কালের সম্ভাবনার ওপর নির্ভর করে। যদি খুব বেশি পার্থক্য না থাকে, তবে আমরা রোগীকে চিকিৎসা ব্যবস্থাপনায় রাখি। এএফ (AF)-এ রক্ত জমাট বাঁধার ঝুঁকি থাকে, যা জমাট বাঁধা রোধ করতে রক্ত পাতলা করার ওষুধের প্রয়োজন হয়। এটিকে সাইনাস ছন্দে রূপান্তর করা অপরিহার্য নয়, কারণ রেট নিয়ন্ত্রিত এএফ সাইনাস ছন্দের সমতুল্য। তাই এ নিয়ে চিন্তা করবেন না। পরিশেষে, হাসিখুশি থাকুন কারণ কেউ জানে না তিনি কতদিন বাঁচবেন। জীবনের প্রতি আমাদের দৃষ্টিভঙ্গিই আমাদের জীবনকে দীর্ঘায়িত করে। আশা করি আমি আপনার প্রশ্নের উত্তর দিতে পেরেছি। আমি আপনাকে আরও কোনোভাবে সাহায্য করতে পারি কিনা তা জানাবেন।"
48202,"হেলো... নাসেনিয়া ডকে পরামর্শের জন্য আপনাকে ধন্যবাদ। সরাসরি দেখার পরেই ত্বকের সমস্যার সঠিক নির্ণয় করা সম্ভব। আমি আপনাকে পরামর্শ দিচ্ছি যে এই ওয়েবসাইটে সমস্যাটির ছবি আপলোড করুন, যাতে আমি আপনাকে বৈজ্ঞানিকভাবে সঠিক নির্দেশনা দিতে পারি। আশা করি আমার উত্তরটি আপনার জন্য সহায়ক ছিল। আমি যেকোনো সময় সাহায্য করতে পেরে খুশি। নাসেনিয়া ডকে আরও কোনো প্রশ্ন বা পরামর্শের জন্য আপনাকে স্বাগত জানাই। যদি আপনার আর কোনো প্রশ্ন না থাকে, তবে আপনি আলোচনাটি বন্ধ করে উত্তরটিকে রেটিং দিতে পারেন। আপনার সন্তানের সুস্বাস্থ্য কামনা করি।"
30335,"হেলো, অনুসন্ধানের জন্য ধন্যবাদ। অণ্ডকোষের থলিতে সামান্য পিনসহ একটি পিণ্ড হেয়ার ফলিকলের স্ট্যাফাইলোকক্কাল সংক্রমণ (ফোড়া) অথবা সেবাসিয়াস সিস্ট হতে পারে। তবে, একজন যোগ্য জেনারেল সার্জনের ক্লিনিকাল পরীক্ষার মাধ্যমেই কেবল সঠিক রোগ নির্ণয় করা সম্ভব। অণ্ডকোষের ত্বকে প্রচুর সেবাসিয়াস গ্রন্থি থাকে, তাই ত্বকের নিচে সিবাম জমে সেখানে সেবাসিয়াস সিস্ট হওয়ার প্রবণতা থাকে। সাধারণত এটি কোনো চিকিৎসা ছাড়াই সেরে যায়, তবে যদি এর আকার বৃদ্ধি পায় বা সংক্রমিত হয় তবে চিকিৎসার প্রয়োজন হয়। এক সপ্তাহের জন্য দিনে দুবার ডক্সিসাইক্লিন এবং ডাইক্লোফেনাকের মতো অ্যান্টিবায়োটিক গ্রহণ করুন। অ্যান্টিবায়োটিক নেওয়ার পরেও যদি এটি থেকে যায়, তবে মূল্যায়নের জন্য একজন জেনারেল সার্জনের পরামর্শ নিন। এটি লোকাল অ্যানেস্থেশিয়ার অধীনে অপসারণ করার প্রয়োজন হতে পারে। ডাক্তারের সাথে চ্যাট করুন।"
22543,"প্রিয় রোগী, আপনার প্রশ্নের জন্য ধন্যবাদ। আপনার অবস্থার জন্য সম্ভাব্য রোগ নির্ণয়গুলো নিচে দেওয়া হলো: ১) রিউমাটয়েড আর্থ্রাইটিস"
56345,"হেলো, নাসেনিয়া ডকে আপনাকে স্বাগতম। টাইপ ১ ডায়াবেটিস রোগীদের সার্বক্ষণিক চিকিৎসকের তত্ত্বাবধানে থাকতে হয়। তার যত্নকারী হিসেবে আপনারও তার স্বাস্থ্য সমস্যা সম্পর্কে সচেতন এবং শিক্ষিত হওয়া উচিত। ডায়াবেটিস রোগীদের খিঁচুনি এবং আক্ষেপের সবচেয়ে সাধারণ কারণ হলো হাইপোগ্লাইসেমিয়া। মধ্যরাতে এবং খুব ভোরে হাইপোগ্লাইসেমিয়ার সম্ভাবনা বেশি থাকে। হাইপোগ্লাইসেমিয়া হাইপারগ্লাইসেমিয়ার চেয়ে বেশি বিপজ্জনক। আমি বলব আপনি অবিলম্বে তাকে একজন ডায়াবেটিস বিশেষজ্ঞ / ডায়াবেটিস নার্স / চিকিৎসক বা পারিবারিক চিকিৎসকের কাছে নিয়ে যান। যদি আপনার ডাক্তারের কাছে যাওয়ার সুযোগ না থাকে, তবে আপনি নিচের পদক্ষেপগুলো অনুসরণ করুন: ১. নিয়মিত তার রক্তে গ্লুকোজের মাত্রা পর্যবেক্ষণ করুন, দিনে ছয়বার - প্রতিটি খাবারের আগে (সকালের নাস্তা, দুপুরের খাবার এবং রাতের খাবার) এবং খাওয়ার দুই ঘণ্টা পর। একটি রেকর্ড রাখুন। ২. গ্লুকোজের মাত্রার ওপর ভিত্তি করে ইনসুলিন ইনজেকশনের মাত্রা এবং ধরন নির্ধারণ করতে হবে। আপনি আমাদের তার ইনসুলিনের মাত্রা, সময়, স্থান এবং ধরন লিখে দিতে পারেন, যাতে আমরা আপনাকে সেই অনুযায়ী পরামর্শ দিতে পারি। ৩. সবচেয়ে ভালো উপায় হলো আমাদের হাইপোগ্লাইসেমিয়া এড়িয়ে চলতে হবে, তবে যদি এমনটি ঘটে তবে তাকে অবিলম্বে কিছু বিস্কুট, চিনির গুঁড়া, জুস ইত্যাদি দিন এবং এরপর কম গ্লাইসেমিক ইনডেক্সযুক্ত কিছু খাবার দিন। খিঁচুনির অন্য কোনো কারণ থাকতে পারে, যা আমাদের খতিয়ে দেখতে হবে, যদি রক্তে শর্করার মাত্রা নিয়ন্ত্রণে আনার পরেও সমস্যাটি থেকে যায়। আমি আপনাকে কিছু গুরুত্বপূর্ণ প্রাসঙ্গিক পরামর্শ দেওয়ার চেষ্টা করেছি, যদিও ডায়াবেটিস সম্পর্কে জানার এবং বোঝার মতো আরও অনেক বিষয় রয়েছে। আপনার বয়ফ্রেন্ড এবং আপনার এ বিষয়ে পুঙ্খানুপুঙ্খ কাউন্সেলিং এবং শিক্ষার প্রয়োজন। নাসেনিয়া ডক।"
52557,"হেলো, যদি আপনার ডাক্তার আপনাকে ইউটিআই-এর জন্য অ্যান্টিবায়োটিক দিয়ে থাকেন, তবে আপনার শ্বেত রক্তকণিকার সংখ্যা স্বাভাবিক সীমার চেয়ে বেশি হতে পারে। যদি আপনার প্রস্রাব পরীক্ষায়ও ইউটিআই ধরা পড়ে, তবে অ্যান্টিবায়োটিক আপনার উপসর্গগুলো উন্নত করতে সাহায্য করবে। এছাড়া, অন্ত্রের সংক্রমণও অ্যান্টিবায়োটিক দিয়ে চিকিৎসা করা সম্ভব। আপনি হয়তো দেখতেই পাচ্ছেন, সঠিক উত্তর দেওয়ার জন্য আপনার অনেক মেডিকেল তথ্য অনুপস্থিত। আপনি কি অনুগ্রহ করে আপনার করা ল্যাব টেস্টের রিপোর্টগুলো দিতে পারবেন? চূড়ান্ত সিদ্ধান্তে পৌঁছানোর জন্য আমাকে সেগুলো বিশ্লেষণ করতে হবে। ইতিমধ্যে, আমি আপনাকে আপনার ডাক্তারের পরামর্শ অনুযায়ী ওষুধ সেবন করার এবং চ্যাট ডাক্তারের সাথে পরামর্শ করার জন্য বিশেষভাবে সুপারিশ করছি। দ্রুত সুস্থতা কামনা করছি!"
27008,"নাসেনিয়া ডকে আপনাকে স্বাগতম। নবজাতক শিশুর ক্ষেত্রে মলত্যাগের হার, রঙ এবং ঘনত্বের অনেক ধরন দেখা যায়। তাই চিন্তা করবেন না। আপনার শিশু বর্তমানে মেকোনিয়াম থেকে হলুদাভ বাদামী রঙের মলের রূপান্তরের পর্যায়ে রয়েছে। যেহেতু অন্ত্র পরিবেশ থেকে সুস্থ ব্যাকটেরিয়া দ্বারা উপনিবেশিত হচ্ছে, তাই নবজাতকের জন্য এই ধরনটি স্বাভাবিক। আপনার ডাক্তারের সাথে যোগাযোগ করুন, যদি"
106342,"প্রিয় বন্ধু, সিরাম ক্রিয়েটিনিন এবং জিওটি (GOT) বেড়ে গেলে তা গুরুত্বের সাথে দেখা প্রয়োজন। কোনো কারণ ছাড়া এগুলো বাড়ে না। আমি আপনাকে তার লিভার ফাংশন টেস্ট, কিডনি ফাংশন টেস্ট, প্রস্রাবের রুটিন পরীক্ষা এবং পেটের আল্ট্রাসাউন্ড করার পরামর্শ দিচ্ছি, যা তার সমস্যার কারণ সম্পর্কে ধারণা দেবে। আমার জানা প্রয়োজন তার কোনো মেডিকেল ইতিহাস আছে কি না, যেমন ডায়াবেটিস, উচ্চ রক্তচাপ বা হাইপারগ্লাইসেমিয়া আছে কি না। এখন আপনার প্রশ্নের বিষয়ে বলতে গেলে, উত্তরটি কারণের ওপর নির্ভর করবে। যদি তার কিডনির কার্যকারিতা কমে যায় এবং প্রস্রাবের সাথে প্রোটিন যায়, তবে তার কম প্রোটিনযুক্ত খাবারের প্রয়োজন হবে। বর্তমানে এগুলো অবহেলা করবেন না, পরীক্ষাগুলো করিয়ে একটি নির্ভরযোগ্য ল্যাব থেকে তা করিয়ে নিন। সুস্থ থাকুন।"
55809,"হেলো! নাসেনিয়া ডকে জিজ্ঞাসা করার জন্য আপনাকে ধন্যবাদ! আপনার লক্ষণগুলো টিআইএ (ট্রানজিয়েন্ট ইস্কেমিক অ্যাটাক)-এর সাথে সম্পর্কিত হতে পারে। এই কারণে, আমি আপনার ডাক্তারের সাথে একমত যে মস্তিষ্কের এমআরআই করার পরামর্শ দেওয়া হয়েছে। বিবেচনা করার মতো অন্যান্য পরীক্ষাগুলো হলো"
89380,"হেলো ম্যান, অবশ্যই বন্ধ্যা দম্পতি, যারা সাধারণত গর্ভধারণ করতে চান। যে রোগীরা আইভিএফ (IVF)-এর মাধ্যমে উপকৃত হন তা হলো"
107801,"হেলো। নাসেনিয়া ডকে আপনাকে স্বাগতম। আপনার জিজ্ঞাসা অনুযায়ী ঠোঁটের ভেতরের অংশ হঠাৎ ফুলে যাওয়া কোনো পোকা বা পোকামাকড়ের কামড়ের কারণে হতে পারে। যদি চিকিৎসক এটিকে কারণ হিসেবে বিবেচনা না করেন, তবে এটি কোনো খাদ্য উপাদানের কারণে অ্যালার্জির প্রতিক্রিয়া অথবা ভুলবশত ঠোঁটের ভেতরের দিকে কামড় লাগার কারণে হতে পারে। আপনার চিন্তার কিছু নেই এবং আপনি তাকে ফেক্সোফেনাডিন অ্যালেগ্রার মতো অ্যান্টি-অ্যালার্জিক ওষুধ দিতে পারেন। নাসেনিয়া ডক।"
37539,"হেলো, প্রিয়, নাসেনিয়া ডক ভার্চুয়াল ক্লিনিকে আপনার জিজ্ঞাসার জন্য ধন্যবাদ। আপনার দেওয়া তথ্যের ভিত্তিতে আমি আপনার জিজ্ঞাসাটি পর্যালোচনা করেছি। আমি আপনার স্বাস্থ্য সংক্রান্ত উদ্বেগগুলো বুঝতে পেরেছি। পাঁজরের মাঝখানে পিণ্ড বা ব্যথাহীন পিণ্ডের কারণ- সঠিক চিকিৎসার জন্য আপনার পাঁজরের মাঝখানের পিণ্ডের কারণ নির্ণয় করা প্রয়োজন। পিণ্ডের কারণ- আপনার দেওয়া তথ্যের ভিত্তিতে, আপনার ক্ষেত্রে নিম্নলিখিত সম্ভাবনাগুলো থাকতে পারে- এপিগ্যাস্ট্রিক হার্নিয়া/ভেন্ট্রাল হার্নিয়া (যদি আপনার অস্ত্রোপচারের ইতিহাস থাকে)/স্পিগেলম্যান হার্নিয়া (যদি পিণ্ডটি পেটের উপরের কেন্দ্র থেকে দূরে থাকে)। নাভির উপরের কেন্দ্রীয় লাইনে দুর্বলতার কারণে এই পিণ্ডটি দেখা দেয়। যেহেতু ওঠার সময় বা বসে থাকার সময় পেটে ফোলাভাবের কথা উল্লেখ করেছেন, তাই এটি এই কারণটিকে নিশ্চিত করে। তাই সেই পিণ্ডটিকে পেটের ভেতরে ঠেলে দিলে তীব্র ব্যথাও চলে যায়। এটি নির্ণয়ের জন্য পরীক্ষা- জরুরি ভিত্তিতে ওই অংশের ইউএসজি (USG) এবং ইআর সার্জনের কাছ থেকে দ্বিতীয় মতামত নেওয়ার পরামর্শ দেওয়া হচ্ছে, কারণ এটি তীব্র ব্যথা এবং চিৎকারের কারণ হতে পারে, যা হার্নিয়াল উপাদানের স্ট্র্যাঙ্গুলেশন বা বাধা সৃষ্টি করতে পারে। এটি আপনাকে আপনার ডাক্তারের সাথে চিকিৎসার পরিকল্পনা করতে সাহায্য করবে, যার সাথে আপনার জরুরি ভিত্তিতে দেখা করা উচিত, যাতে এটি আরও জটিল না হয়। আপনার ক্ষেত্রে নিজে নিজে চিকিৎসা বা ওষুধ সেবন করবেন না, কারণ এতে জটিলতা বাড়তে পারে। আশা করি এই উত্তরটি আপনার জিজ্ঞাসার সমাধান করবে এবং আপনার ডাক্তারের সাথে চিকিৎসার পরিকল্পনা করতে সাহায্য করবে। আশা করি এটি আপনার স্বাস্থ্য সংক্রান্ত উদ্বেগ দূর করবে। চূড়ান্ত পরামর্শ দেওয়ার আগে এই বিষয়ে আরও কোনো জিজ্ঞাসা থাকলে"
10011,"হেলো, মাই নাসেনিয়া ডক ভার্চুয়াল ক্লিনিকে আপনার অনুসন্ধানের জন্য ধন্যবাদ। আমি আপনার অনুসন্ধানের সমস্ত বিবরণ পড়েছি। ঘাড়ে ছোট চুলকানিযুক্ত পিণ্ডের কারণ সম্পর্কে আপনার স্বাস্থ্য সংক্রান্ত উদ্বেগ আমি বুঝতে পেরেছি। ঘাড়ে ছোট চুলকানিযুক্ত পিণ্ডের কারণ- আপনার অনুসন্ধানের তথ্য পর্যালোচনা করার পর, আমার মতে এই দুটি বিষয় একে অপরের সাথে সম্পর্কিত নাও হতে পারে। আমার মতে, এই দুটি ছোট পিণ্ড সম্ভবত মশার কামড় বা পোকামাকড়ের কামড়ের কারণে রাতারাতি হয়েছে, কারণ আপনি পরের দিন সকালে এই পিণ্ডগুলো লক্ষ্য করেছেন। আগের দিন আপনার এগুলো ছিল না। যেহেতু আপনি চিন্তিত এবং আপনার পায়ে দীর্ঘস্থায়ী দাদ রয়েছে, তাই প্রয়োজনে আপনার পারিবারিক ডাক্তারের পরামর্শ নিয়ে একজন চর্মরোগ বিশেষজ্ঞের মাধ্যমে আপনার ঘাড়ে এটি হওয়ার সম্ভাবনা যাচাই করা প্রয়োজন। আশা করি এই উত্তরটি আপনার এই জটিল প্রশ্ন এবং এর সাথে সম্পর্কিত উদ্বেগ সমাধানে সাহায্য করবে। নাসেনিয়া ডকে অভাবী দর্শনার্থীদের সাহায্য করার জন্য ধন্যবাদ জানাতে এবং চমৎকার রিভিউ দিতে ভুলবেন না। এই বিষয়ে আরও কোনো প্রশ্ন থাকলে স্বাগতম। নাসেনিয়া ডক। এন.এম.এস. জেনারেল-কাটস। সিনিয়র সার্জিক্যাল স্পেশালিস্ট।"
30207,"হেলো, প্রিয়, নাসেনিয়া ডকে অনুসন্ধান করার জন্য ধন্যবাদ। আমি আপনার সমস্যাটি গভীরভাবে পর্যালোচনা করেছি এবং আপনার উদ্বেগগুলো বুঝতে পেরেছি। আপনার দেওয়া ইতিহাস অনুযায়ী আপনার ফুরানকল (ফুরানকল) রয়েছে। তাই, আমি আপনাকে একজন ইএনটি (ENT) সার্জনের সাথে পরামর্শ করার পরামর্শ দেব। তিনি আপনার নাসারন্ধ্রের ফুরানকলের সমস্যার সমাধান করবেন। তাই ভুল ধারণা পোষণ করবেন না এবং নিজের মধ্যে মানসিক জটিলতা বাড়াবেন না। আশা করি এটি আপনার সমস্যার সমাধান করবে। এই বিষয়ে আরও কোনো প্রশ্ন থাকলে নাসেনিয়া ডকে স্বাগতম। একটি ভালো রেজুমে লিখুন এবং আমার পরামর্শে সন্তুষ্ট হলে ধন্যবাদ জানান। আপনার দিনটি ভালো কাটুক। নাসেনিয়া ডক। এন।"
36049,"আপনার উদ্বেগগুলো আমি বুঝতে পেরেছি এবং আপনার বিস্তারিত তথ্যগুলো দেখেছি। আমি আপনাকে খুব বেশি চিন্তা না করার পরামর্শ দিচ্ছি। আপনার জানা উচিত যে হস্তমৈথুন কোনো পাপ নয়। হস্তমৈথুন একটি স্বাভাবিক প্রক্রিয়া এবং এমনকি প্রাণীরাও এটি করে থাকে। ১৩ থেকে ১৭ বছর বয়সী কিশোর-কিশোরীদের জন্য প্রতিদিন হস্তমৈথুন করা স্বাভাবিক। এর পরেও এটি স্বাভাবিক, তবে মানুষ তখন খেলাধুলা, পড়াশোনা, ক্যারিয়ার ইত্যাদির মতো অন্যান্য কাজে ব্যস্ত হয়ে পড়ে, যা অনেক বেশি সময় ও শক্তি ব্যয় করে। এমন মানুষও আছেন যারা মধ্যবয়সেও প্রতিদিন হস্তমৈথুন করেন। সমস্যাটি হলো জ্ঞানের অভাব এবং তা থেকে সৃষ্ট উদ্বেগ। অপরাধবোধ অনুভব করা উদ্বেগকে বাড়িয়ে তোলে। সাইকোথেরাপি বা মনস্তাত্ত্বিক চিকিৎসা আপনার প্রয়োজনের জন্য উপযুক্ত হতে পারে। এই বিষয়ে যদি আপনার আরও সাহায্যের প্রয়োজন হয়, তবে অনুগ্রহ করে এই ইউআরএল-এ আমাকে সরাসরি প্রশ্ন করুন। http"
109335,"হেলো, আমি আপনার প্রশ্নটি মনোযোগ দিয়ে পড়েছি এবং আপনার উদ্বেগ বুঝতে পেরেছি। ভোট ৫ মিগ্রা একটি অ্যান্টি-অ্যালার্জিক ওষুধ। এটি সাধারণত পার্শ্বপ্রতিক্রিয়া হিসেবে ঝিমুনি তৈরি করে। তাই, এটি সাধারণত রোগীর কোনো অস্বস্তির কারণ হয় না। যাই হোক, আপনার মা ওষুধটি বন্ধ করে বিকল্প চিকিৎসার বিষয়ে আপনার ডাক্তারের সাথে পরামর্শ করতে পারেন। আশা করি আমার উত্তরটি সহায়ক ছিল। আপনার আরও কোনো প্রশ্ন থাকলে নির্দ্বিধায় আমার সাথে যোগাযোগ করুন। শুভেচ্ছা! নাসেনিয়া ডক।"
41232,"হেলো, নাসেনিয়া ডকে আপনাকে স্বাগতম। আপনি যেমনটি বলেছেন যে আপনার বাদামে অ্যালার্জি আছে। চিবুকে হাইপারকেরাটোটিক প্যাচ বাদামের প্রতি সংবেদনশীলতার কারণে হতে পারে। এটি ফিক্সড নাসেনিয়া ডক বা ফিক্সড ফুড ইরাপশন হতে পারে। কাজুবাদাম, কাঠবাদাম, চিনাবাদামে এই ধরনের ক্ষত হওয়ার খবর পাওয়া গেছে। অল্প সময়ের জন্য স্টেরয়েড গ্রহণ করুন। হালকা স্টেরয়েড ক্রিম ব্যবহার করুন। মোমেটাসোন ক্রিম লাগান। মুখে সাবান ব্যবহার এড়িয়ে চলুন। রঙ দীর্ঘ সময় ধরে থাকতে পারে। বাদাম খাওয়া থেকে বিরত থাকুন। আপনি নিকটস্থ চর্মরোগ বিশেষজ্ঞের পরামর্শও নিতে পারেন। আশা করি আপনি আমার উত্তর পেয়েছেন। শুভেচ্ছা।"
106935,"হেলো, নাসেনিয়া ডক ফোরামে আপনাকে স্বাগতম। এটি আপনার অতিসক্রিয়তা বলে মনে হচ্ছে, এখন আপনার পড়াশোনা, পরীক্ষা, খেলাধুলা, স্ন্যাকস এবং খাবারের কথা ভাবার সময় হয়েছে। প্রাচীন যুগে স্তন একটি ভিন্ন পর্যায়ে এবং উভয় পাশে ভিন্ন আকারের হয়ে থাকে। এই সব বিষয় নিয়ে চিন্তা করা ছেড়ে দিন, এবং যদি আপনার স্বাস্থ্য নিয়ে কোনো সন্দেহ থাকে তবে আপনার মাকে জিজ্ঞাসা করুন। সংক্রমণের বিরুদ্ধে ভালো রোগ প্রতিরোধ ক্ষমতা গড়ে তুলতে প্রচুর পরিমাণে সবুজ শাকসবজি, ডাল, অঙ্কুরিত শস্য এবং প্রোটিন সমৃদ্ধ খাবার খান। আপনার দ্রুত এবং সম্পূর্ণ সুস্থতা কামনা করছি। ধন্যবাদ।"
35723,"হেলো... নাসেনিয়া ডকে পরামর্শের জন্য আপনাকে ধন্যবাদ। এটি যেকোনো ভাইরাল ইরিথেমেটাস অসুস্থতা হতে পারে। অন্য একটি সম্ভাবনা হলো যদি এটি চুলকানিযুক্ত র‍্যাশ হয়, তবে এটি টক্সিক আর্টিকেরিয়া বা ভাইরাল অসুস্থতাজনিত অ্যালার্জিক প্রতিক্রিয়া হতে পারে। ত্বকের সমস্যা সরাসরি দেখার পরেই সবচেয়ে ভালোভাবে নির্ণয় এবং চিকিৎসা করা যায়। আমি আপনাকে এই ওয়েবসাইটে ছবি আপলোড করার এবং আমাদের সাথে যোগাযোগ করার পরামর্শ দিচ্ছি। আমি আপনাকে ক্যালামাইন লোশন ব্যবহার করার পরামর্শ দিচ্ছি কারণ এটি ভালো ফলাফল দিচ্ছে, সেই সাথে এইচওয়াই নাসেনিয়া ডকের মতো ওরাল অ্যান্টিঅ্যালার্জিক ওষুধ ব্যবহার করতে পারেন। আশা করি আমার উত্তরটি আপনার জন্য সহায়ক ছিল। আমি যেকোনো সময় সাহায্য করতে পেরে খুশি। নাসেনিয়া ডকে আরও স্পষ্টীকরণ এবং পরামর্শের জন্য স্বাগত। আপনার যদি আর কোনো প্রশ্ন না থাকে, তবে আপনি আলোচনাটি বন্ধ করতে পারেন এবং উত্তরটিকে রেট দিতে পারেন। আপনার সন্তানের সুস্বাস্থ্য কামনা করি। শুভেচ্ছা -"
1984,"হেলো, আপনার জিজ্ঞাসা অনুযায়ী আপনার জিহ্বা ও মাড়িতে ব্যথা এবং অতিরিক্ত তৃষ্ণার লক্ষণ রয়েছে, যা মূলত বারবার ডার্মাটাইটিসের কারণে হয়ে থাকে। আমি আপনাকে দিনে কয়েকবার হালকা গরম লবণ পানি দিয়ে কুলকুচি করার পরামর্শ দেব। আপনার সম্পূর্ণ মুখের পরিচ্ছন্নতা বজায় রাখা উচিত। লিডোকেন জেল নামক নাম্বিং জেল দিয়ে ম্যাসাজ করুন। যেকোনো ঝাল ও মশলাযুক্ত খাবার এড়িয়ে চলুন। আপনার একজন ডেন্টিস্টের পরামর্শ নেওয়া উচিত এবং সংক্রমণের সঠিক কারণ ও ব্যথা নির্ণয়ের জন্য ওই নির্দিষ্ট অঞ্চলের এক্স-রে করানো উচিত, যাতে সেই অনুযায়ী চিকিৎসা করা যায়। ডাক্তার ওরাল প্রফিল্যাক্সিস করতে পারেন অথবা অ্যান্টি-ইনফ্ল্যামেটরি ওষুধের পাশাপাশি অ্যান্টিবায়োটিক লিখে দিতে পারেন। আশা করি আমি আপনার প্রশ্নের উত্তর দিতে পেরেছি। আমি আপনাকে আরও কোনোভাবে সাহায্য করতে পারি কিনা তা জানাবেন।"
72849,"হেলো, ডেইরি, আমি আপনার প্রশ্নটি দেখেছি। আমি আপনার উদ্বেগ বুঝতে পারছি। মুখের ক্যান্সার সাধারণত স্কোয়ামাস সেল ধরনের হয়। পিণ্ড মেটাস্ট্যাটিক স্কোয়ামাস সেল কার্সিনোমা হতে পারে। অথবা এটি লিম্ফোমা, কোনো সফট টিস্যু টিউমার বা লিম্ফ নোড বৃদ্ধিও হতে পারে। আপনার ফাইন নিডল অ্যাসপিরেশন সাইটোলজি (FNAC) বা বায়োপসি করা উচিত। এটি আপনাকে সঠিক রোগ নির্ণয়ে সাহায্য করবে। তারপর সেই অনুযায়ী আপনার চিকিৎসা নেওয়া উচিত। আশা করি আমি আপনার প্রশ্নের উত্তর দিতে পেরেছি, যদি আপনার কোনো সন্দেহ থাকে তবে আমার সাথে bit.ly/ নাসেনিয়া ডক-এ যোগাযোগ করুন। নাসেনিয়া ডক ব্যবহার করার জন্য ধন্যবাদ। আপনার সুস্বাস্থ্য কামনা করি।"
9676,"হেলো প্রিয়, নাসেনিয়া ডকে আপনাকে স্বাগতম। আপনার উদ্বেগটি বুঝতে পারছি। আপনার প্রশ্ন অনুযায়ী, আপনার ঠোঁটে দীর্ঘস্থায়ী সংক্রমণ এবং ফোলাভাবের লক্ষণ রয়েছে যা মূলত অ্যালার্জির প্রতিক্রিয়ার কারণে হতে পারে, অথবা এটি এনজিওএডিমাও হতে পারে। চিন্তার কিছু নেই। আমি আপনাকে অ্যান্টিহিস্টামিন ট্যাবলেট খাওয়ার পরামর্শ দেব কারণ এটি অ্যালার্জি কমিয়ে দেবে এবং আপনার লক্ষণগুলো অবিলম্বে সেরে যাবে। ব্যথা রোধ করতে আপনার আইবুপ্রোফেন বা টাইলেনল খাওয়া উচিত। নাসেনিয়া ডক। সেই ফোলা জায়গায় বরফের ঠান্ডা প্যাক লাগান, এটি ফোলাভাব কমিয়ে দেবে। সঠিক রোগ নির্ণয়ের জন্য আপনার অ্যালার্জি বিশেষজ্ঞের সাথে পরামর্শ করুন। আপনার অ্যালার্জিস্ট কারণ শনাক্ত করতে এবং এনজিওএডিমার মতো কারণগুলো বাদ দিতে স্কিন টেস্ট, রক্ত পরীক্ষা, স্কিন-প্রিক টেস্ট এবং প্রস্রাব পরীক্ষা করতে চাইতে পারেন। আপাতত আক্রান্ত স্থানে ঠান্ডা সেঁক দিন। আশা করি আপনার সমস্যার সমাধান হয়েছে। দ্রুত সুস্থ হয়ে উঠুন। শুভকামনা।"
49456,"হেলো, পায়ের ফোলাভাব এবং ওজন বৃদ্ধি! হ্যাঁ, এই লক্ষণগুলো হাইপোথাইরয়েডিজমের দিকে নির্দেশ করে। তাই নিচের বিষয়গুলো পরীক্ষা করুন।"
1541,"হেলো, নাসেনিয়া ডকে আপনাকে স্বাগতম। আপনার ফ্যাটি লিভার এবং পিত্তথলিতে পাথর রয়েছে। এই অবস্থার জন্য আরসোডিওক্সিকোলিক অ্যাসিড ৩০০ মিগ্রা ট্যাবলেট প্রেসক্রাইব করা যেতে পারে (এটি পিত্তে কোলেস্টেরল দ্রবীভূত করতে এবং কোলেস্টেরল শোষণ কমাতে সাহায্য করবে)। কম চর্বিযুক্ত খাবার খান। রান্নায় তেলের ব্যবহার কমান। জগিং, সাঁতারের মতো নিয়মিত ব্যায়াম করুন। ওজন বেশি হলে তা কমান। বেশি করে সবুজ শাকসবজি ও ফলমূল খান। রিফাইন করা খাবার এড়িয়ে চলুন। অ্যালকোহল গ্রহণ সীমিত করুন। কিছু ডাক্তার ফ্যাটি লিভারের জন্য ভিটামিন ই প্রেসক্রাইব করেন কারণ এতে অ্যান্টিঅক্সিডেন্ট বৈশিষ্ট্য রয়েছে। আশা করি আপনার সমস্যার সমাধান হয়েছে। নিজের যত্ন নিন। নিয়মিত লিভার প্রোফাইল পরীক্ষা করুন। আরও কোনো প্রশ্ন থাকলে নির্দ্বিধায় জিজ্ঞাসা করুন।"
57779,"হেলো, আপনার ক্ষেত্রে সমস্ত পরীক্ষা-নিরীক্ষা স্বাভাবিক। আমার মনে হয় সমস্যাটি আপনার খাদ্যাভ্যাসে। অনুগ্রহ করে প্রচুর সালাদ, ফল এবং প্রচুর পানিসহ হালকা খাবার গ্রহণ করুন। ধূমপান, মানসিক চাপ, অ্যালকোহল (অ্যালকোহল), মশলা এবং অলস জীবনযাপন এড়িয়ে চলুন। আপনি শীঘ্রই সুস্থ হয়ে উঠবেন। আরও তিন সপ্তাহ প্যান-ডি (Pan-D) এবং অরবিটিং সিরাপ (orbiting syrup) খাওয়া চালিয়ে যান। এইচ. পাইলোরি (H. pylori) সংক্রমণ আছে কিনা তা দেখার জন্য একটি ইউরিয়া ব্রেথ টেস্ট করিয়ে নিন। আশা করি এটি সাহায্য করবে।"
10066,হেলো। আপনার অনুসন্ধানের জন্য ধন্যবাদ। সিটি স্ক্যান এবং আল্ট্রাসনোগ্রাফি স্বাভাবিক থাকা সত্ত্বেও পেটের উপরের অংশে ব্যথার কারণগুলো হতে পারে
94547,"হেলো, রোগ নির্ণয়টি পুনর্বিবেচনা করা প্রয়োজন হতে পারে। এটি সেবোরিক ডার্মাটাইটিস হতে পারে। মানসিক চাপ, উদ্বেগ, অস্বাস্থ্যকর পরিবেশ, রোগ প্রতিরোধ ক্ষমতা কমে যাওয়া, পুষ্টির অভাব ইত্যাদি রোগটিকে বাড়িয়ে তুলতে পারে। অ্যান্টিফাঙ্গাল ট্যাবলেট, অ্যান্টিবায়োটিক, ফলিক অ্যাসিড ইত্যাদি গ্রহণ করা যেতে পারে। চুলকানি থাকলে অ্যান্টিহিস্টামিন গ্রহণ করুন। অবস্থা গুরুতর হলে, স্টেরয়েড ডোজ কমিয়ে সেবন করুন। স্টেরয়েড এবং অ্যান্টিফাঙ্গাল ক্রিমের সংমিশ্রণ ব্যবহার করলে অবস্থার উন্নতি হয়। কিটোকোনাজলযুক্ত শ্যাম্পু দিয়ে মাথার ত্বক পরিষ্কার করুন। একজন চর্মরোগ বিশেষজ্ঞের পরামর্শ নিন। আশা করি আপনি আমার উত্তর পেয়েছেন।"
69762,"প্রিয় রেডিয়েট, আপনার উদ্বেগগুলো আমি বুঝতে পেরেছি এবং আপনার বিস্তারিত তথ্যগুলো দেখেছি। আমি বুঝতে পারছি। ঘুমের ব্যাঘাত বা সন্তোষজনক ঘুমের অভাব প্রায় সবসময়ই মানসিক চাপ, হতাশা বা উদ্বেগের কারণে হয়ে থাকে। আপনি উল্লেখ করেছেন যে আপনার দুটি সন্তান আছে। আপনার পরিবারের সদস্যদের নিয়ে কি কোনো মানসিক চাপ আছে? আপনার কাজের বিষয়ে কী অবস্থা? আপনি কি চাকরি করেন? আপনার বা আপনার পরিবারের সদস্যদের কি কোনো আর্থিক সমস্যা আছে? আপনার বা আপনার পরিবারের সদস্যদের কি কোনো শারীরিক অসুস্থতা আছে? উপরের বিষয়গুলো এমন কিছু সমস্যা যা আপনাকে মানসিক চাপ এবং হতাশার দিকে ঠেলে দিতে পারে। আমি আপনাকে বর্তমান অনিদ্রাকে উপেক্ষা করার পরামর্শ দিচ্ছি। এক সপ্তাহ ধরে শারীরিক কার্যকলাপ, খেলাধুলা, বিনোদন ইত্যাদিতে নিজেকে ব্যস্ত রাখুন। আপনার সন্তানের সাথে খেলাধুলা করা উপভোগ করুন।"
81436,"নাসেনিয়া ডকে আপনার প্রশ্নের জন্য ধন্যবাদ। আমি আপনার উদ্বেগ বুঝতে পারছি। প্রথমত, হৃদরোগ নিয়ে চিন্তার কোনো কারণ নেই কারণ আপনার এনজিওগ্রাফি স্বাভাবিক ছিল। আপনার লক্ষণগুলোর জন্য আমাদের ফুসফুসের রোগ (অ্যাজমা বা ব্রঙ্কাইটিস) আছে কি না তা নিশ্চিত হতে হবে। তাই শ্বাসতন্ত্রের ক্লিনিক্যাল পরীক্ষা এবং পিএফটি (পালমোনারি ফাংশন টেস্ট) করিয়ে নিন। যদি পিএফটি-ও স্বাভাবিক থাকে, তবে ফুসফুসের রোগ নিয়ে চিন্তার কিছু নেই। কখনও কখনও মানসিক চাপ এবং উদ্বেগের কারণেও একই ধরনের লক্ষণ দেখা দিতে পারে। তাই মানসিক চাপ ও উত্তেজনা এড়িয়ে চলুন, শান্ত ও নিশ্চিন্ত থাকুন। চিন্তা করবেন না, আপনি সুস্থ হয়ে উঠবেন। আশা করি আমি আপনার প্রশ্নের সমাধান দিতে পেরেছি। আপনাকে আরও সাহায্য করতে পারলে আমি খুশি হব। আপনার সুস্বাস্থ্য কামনা করি। ধন্যবাদ।"
38748,"নাসেনিয়া ডকে আপনার প্রশ্নের জন্য ধন্যবাদ। ফুসফুসের বায়োপসির দুটি উপায় রয়েছে। ১. পারকিউটেনিয়াস টেকনিক ২. এন্ডোব্রঙ্কিয়াল টেকনিক। পারকিউটেনিয়াস টেকনিক সিটি গাইডের অধীনে করা হয়। এই পদ্ধতিতে সিটি নির্দেশিত স্থানে ত্বকের মধ্য দিয়ে বায়োপসি সুঁই প্রবেশ করানো হয় এবং বায়োপসি নেওয়া হয়। এন্ডোব্রঙ্কিয়াল টেকনিক ব্রঙ্কোস্কোপের মাধ্যমে করা হয়। এই ব্রঙ্কোস্কোপে নাক, ভোকাল কর্ড এবং শ্বাসনালীর মাধ্যমে লক্ষ্যস্থল পর্যন্ত গাইড করা হয় এবং তারপর বায়োপসির ফোর্সের সাহায্যে এন্ডোস্কোপিক বায়োপসি নেওয়া হয়। সুতরাং, আপনাকে যেকোনো একটি পদ্ধতির মাধ্যমে বায়োপসি করা হবে।"
38414,"হেলো। আমি প্রথমে জানতে চাই আপনার ডাক্তারের মতে আপনার প্রোস্টেট কেন বড় হয়েছে। এটি কি প্রদাহ, প্রোস্টাটাইটিস নাকি বিপিএইচ (বেনাইন হাইপারপ্লাসিয়া অফ প্রোস্টেট)? যদি এটি প্রথমটি হয়, তবে ব্যথা এবং জ্বালাপোড়া হতে পারে। কোনো সংক্রমণ আছে কিনা তা নিশ্চিত করার জন্য আপনার প্রস্রাব এবং বীর্যের কালচার পরীক্ষা করানো উচিত, যা কালচার-নির্দিষ্ট অ্যান্টিবায়োটিক দিয়ে চিকিৎসা করা সম্ভব। যদি এগুলোর রিপোর্ট নেগেটিভ আসে, তবে আপনার রেডিওলজিস্টকে জিজ্ঞাসা করা উচিত যে আপনার প্রোস্টেটের আকার জিএমএস (GMS) কত এবং প্রস্রাব করার পর অবশিষ্ট অংশ কতটা অবশিষ্ট আছে। এছাড়াও একটি পিএসএ (PSA) পরীক্ষা করান, এটি একটি সাধারণ রক্ত পরীক্ষা। তবে সংক্রমণ নিশ্চিত হওয়ার পরেই রিডিং ভুলভাবে বেশি আসবে। নিজের যত্ন নিন এবং আমাকে ফলাফল জানান। নাসেনিয়া ডক।"
48911,"হেলো, আপনার বুকের দেয়ালে ভোঁতা আঘাত লেগেছে। আপনি যে গ্যাসের বুদবুদ অনুভব করছেন তা হলো সুপারফিসিয়াল সাবকিউটেনিয়াস এমফিসেমা। এটি হলো সাবকিউটেনিয়াস টিস্যুতে বাতাসের উপস্থিতি। আপনার চিন্তার কিছু নেই কারণ এক্স-রেতে নিশ্চিত হয়েছে যে পাঁজরের কোনো হাড় ভাঙেনি, বুকের যেকোনো আঘাত পুরোপুরি সেরে উঠতে ছয় সপ্তাহ সময় লাগবে। এই সময়ের মধ্যে ভারী ওজন তোলার মতো উত্তেজনা সৃষ্টি করে এমন কাজ এড়িয়ে চলুন। কাশি এবং গভীর শ্বাস-প্রশ্বাসের সময় ব্যথা বেড়ে যাবে। আপনি আপনার চিকিৎসকের দেওয়া ওষুধগুলো চালিয়ে যেতে পারেন। যদি আপনার শ্বাসকষ্ট হয়, তবে আপনার চিকিৎসকের সাথে পরামর্শ করুন, আপনি কয়েক সপ্তাহের মধ্যে সুস্থ হয়ে উঠবেন। চিন্তা করবেন না। আশা করি আমি আপনার প্রশ্নের উত্তর দিতে পেরেছি। আমি আপনাকে আরও কোনোভাবে সাহায্য করতে পারি কিনা তা জানাবেন।"
49527,"হেলো। ফ্যাটি লিভার একটি নিরাময়যোগ্য পর্যায়। আপনার ফ্যাটি লিভারের গ্রেডিং জানা গুরুত্বপূর্ণ। ফ্যাটি লিভারে রূপান্তরিত হওয়ার প্রবণতা মূল্যায়ন করার জন্য লিভারের ইলাস্টোগ্রাফি করা যেতে পারে। সাধারণত স্থূলতা এবং অলস জীবনযাপনের কারণে এটি হয়ে থাকে। আপনার কিছু পরীক্ষা যেমন রুটিন হোলোগ্রাম, র‍্যান্ডম ব্লাড সুগার (RBS), লিভার ফাংশন টেস্ট (LFT), লিপিড প্রোফাইল, রেনাল ফাংশন টেস্ট (RFT) প্রয়োজন। খাদ্যাভ্যাস এবং জীবনযাত্রার পরিবর্তনের মাধ্যমে ফ্যাটি লিভার নিরাময় করা সম্ভব। সম্পূর্ণ পরীক্ষার পর আপনার কিছু ওষুধের প্রয়োজন হতে পারে। এই সমস্যা দূর হতে ৩-৪ মাস সময় লাগতে পারে। আপনার দৈনন্দিন জীবনে সক্রিয় থাকা উচিত। আপনার রেড মিট এবং উচ্চ চর্বিযুক্ত দুগ্ধজাত খাবার এড়িয়ে চলা উচিত। অলিভ অয়েল বা ক্যানোলা অয়েলে রান্না করুন। আপনার খাদ্যতালিকায় লবণের পরিমাণ সীমিত রাখা উচিত। ভাজা এবং জাঙ্ক ফুড এড়িয়ে চলুন। প্রচুর পরিমাণে ফল এবং শাকসবজি খান। হাঁটা এবং ব্যায়ামের মাধ্যমে আপনার শারীরিক কার্যকলাপ বৃদ্ধি করুন। দ্রুত সুস্থ হয়ে উঠুন। আশা করি আমি আপনার প্রশ্নের উত্তর দিতে পেরেছি। নিজের যত্ন নিন। নাসেনিয়া ডক।"
96881,"হেলো, মনে হচ্ছে আপনার উপসর্গগুলো এমআরআই রিপোর্টের সাথে সামঞ্জস্যপূর্ণ নয়। এমআরআই নির্দেশ করে যে থিকাল স্যাক এবং নার্ভ রুটে সামান্য খাঁজ রয়েছে। এটি আপেক্ষিক, তবে খুব একটা তাৎপর্যপূর্ণ বলে মনে হচ্ছে না। মূল কথা হলো, আপনার চিকিৎসকের উচিত এই ফলাফলগুলোকে আপনার উপসর্গের সাথে মিলিয়ে দেখা। কিছু ডাক্তার উপসর্গের অবস্থান নির্ণয়ের জন্য নার্ভ কন্ডাকশন স্টাডি বা স্পাইনাল ইনজেকশনের কথা বিবেচনা করেন। আমার উদ্বেগের বিষয় হলো, এমআরআই-তে দেখা মৃদু রোগের তুলনায় আপনার উপসর্গগুলো ভিন্নভাবে বিবেচনা করা উচিত। শুভকামনা।"
84239,হেলো। নাসেনিয়া ডকে আপনাকে স্বাগতম। আমি আপনার প্রশ্নটি পড়েছি। আপনার হার্টের ধমনীতে ব্লকেজের পূর্ব ইতিহাসের কারণে আপনি হৃদরোগের ঝুঁকিতে আছেন বলে মনে হচ্ছে। এখন ব্যায়াম করার পর আপনার শরীরের উপরের অংশে এবং হাত-পায়ে ব্যথা হচ্ছে। শ্বাসকষ্টের সাথে কি আপনার বুকে কোনো ব্যথা হয়? অস্বাভাবিক ঘাম হয় কি? এগুলো সম্ভাব্য হৃদরোগের দিকে নির্দেশ করতে পারে যার জন্য নাসেনিয়া ডকের পরামর্শ প্রয়োজন। আপাতত মানসিক চাপ এবং ভারী ব্যায়াম এড়িয়ে চলুন। তাজা ফল এবং সবুজ শাকসবজি খান।
11583,"হেলো, নাসেনিয়া ডকের সাথে যোগাযোগ করার জন্য আপনাকে ধন্যবাদ। নাসেনিয়া ডকে আপনাকে স্বাগতম। আমার নাম নাসেনিয়া ডক। আমি আপনার প্রশ্নটি দেখেছি এবং আপনাকে সম্ভাব্য সর্বোত্তম উপায়ে সাহায্য করার চেষ্টা করব। আপনার বর্ণনা থেকে এটি একটি সাধারণ অ্যালার্জি হতে পারে, অথবা আপনার ডাক্তার যেমনটি পরামর্শ দিয়েছেন যে এগুলো গর্ভাবস্থার হরমোনজনিত প্রভাব, এবং এখন আপনি বলেছেন যে এটি মানসিক চাপের সময় দেখা দেয়... যখন কেউ মানসিক চাপে থাকে তখন লুপাস বা লুপাসের মতোই হরমোনজনিত পরিবর্তন ঘটে।"
97786,"হেলো, যেহেতু কনডম থেকে বীর্যপাত হয়েছে এবং আপনার অনিরাপদ কুনিলিঙ্গাস ছিল, তাই গর্ভবতী হওয়ার সম্ভাবনা রয়েছে। ঘটনার যত দ্রুত সম্ভব প্ল্যান বি (Plan B) গ্রহণ করলে তা তত বেশি কার্যকর হয়। ৭২ ঘণ্টা পর সেবন করলে এটি প্রায় ৫০% কার্যকর হয়। যেহেতু আপনি আপনার মাসিক চক্রের দ্বিতীয়ার্ধে প্ল্যান বি গ্রহণ করেছেন, তাই এটি আপনার পিরিয়ডকে এক সপ্তাহ বা তার বেশি বিলম্বিত করতে পারে। তাই যদি আপনার পিরিয়ড এক সপ্তাহের বেশি দেরি হয়, তবে একটি প্রেগন্যান্সি টেস্ট করিয়ে নিন। এই ধরনের অপ্রয়োজনীয় মানসিক চাপ এড়াতে আমি আপনাকে আপনার ডাক্তারের সাথে পরামর্শ করে নিয়মিত গর্ভনিরোধক যেমন হরমোনাল গর্ভনিরোধক শুরু করার অথবা ইন্ট্রাউটেরাইন ডিভাইস (IUD) ব্যবহার করার পরামর্শ দিচ্ছি, কারণ এগুলো গর্ভধারণ রোধে পিল ব্যবহারের চেয়ে বেশি কার্যকর। যৌনবাহিত রোগ থেকে নিজেকে রক্ষা করতে কনডমের মতো ব্যারিয়ার গর্ভনিরোধক ব্যবহার করা বুদ্ধিমানের কাজ। আশা করি আমি আপনার সন্তুষ্টি অনুযায়ী উত্তর দিতে পেরেছি। আপনার যদি আরও কোনো প্রশ্ন থাকে, তবে চ্যাট ডাক্তারের মাধ্যমে আমার সাথে যোগাযোগ করুন।"
57510,"ডায়াবেটিস এটি করতে পারে কিনা তা বিশেষভাবে জানার জন্য, এটি নির্ভর করে ২৪ ঘণ্টার বেশি সময় ধরে আপনার রক্তে শর্করার মাত্রা কেমন তার ওপর। আপনি কি অনেক কম-বেশি করছেন? এমনকি আপনি যে রক্তে শর্করার মাত্রা পরীক্ষা করেছেন তা স্বাভাবিক থাকলেও (ডায়াবেটিসের জন্য ১০২ মানটি একটি ভালো মান), সময়ের একটি সংক্ষিপ্ত হিসাব দিয়ে আপনার ডায়াবেটিস সারাদিন কী করছে তা বোঝা যায় না। আমার মনে হয় এটি অন্য কোনো শারীরিক অবস্থা, জীবনযাত্রার সমস্যা বা ওষুধের পার্শ্বপ্রতিক্রিয়া হতে পারে। তবে, আপনি যদি নিশ্চিত হতে চান যে ডায়াবেটিসই এর কারণ কি না, তবে আমি পরামর্শ দেব যে ঘুম থেকে ওঠার পর, প্রতিটি খাবারের আগে ও পরে এবং ঘুমানোর আগে প্রথমে আপনার রক্তে শর্করার মাত্রা পরীক্ষা করুন। এক সপ্তাহ ধরে এটি করুন এবং তারপর আপনার ডাক্তারকে মানগুলো দেখান। উপরে লেখা উত্তরটি একটি মেডিকেল মতামত, এবং এটি কোনো মেডিকেল পেশাজীবীর মূল্যায়নের বিকল্প নয়। আমি আমার উত্তরের নির্ভুলতার নিশ্চয়তা দিতে পারি না, বিশেষ করে যখন আমি আপনাকে শারীরিকভাবে মূল্যায়ন করতে পারি না এবং আপনার অতীতের চিকিৎসার ইতিহাস, আপনি যে ওষুধগুলো খাচ্ছেন, আপনার জীবনযাত্রার অভ্যাস ইত্যাদি সম্পর্কে জানি না। তাই আমার মতামতের ফলে কোনো পরিণতির জন্য আমাকে দায়ী করা যায় না।"
56517,"হেলো, আপনার প্রশ্নটি পোস্ট করার জন্য ধন্যবাদ। ফ্রেনুলাম একটি অত্যন্ত রক্তনালী সমৃদ্ধ গঠন। এর অর্থ হলো ফ্রেনুলামে রক্ত সঞ্চালন অনেক বেশি। এর ওপর যেকোনো ধরনের হস্তক্ষেপ প্রচুর রক্তপাতের কারণ হতে পারে। আপনি ভাগ্যবান যে নখের কাঁচি দিয়ে এটি করার সময় আপনার খুব বেশি রক্তপাত হয়নি। তবে ভবিষ্যতে এমনটা আর করবেন না। চিকিৎসকরা যেভাবে ব্যবস্থা নেবেন, তাতে অতিরিক্ত রক্তপাত না হয় এবং সংক্রমণ এড়ানো যায়। আশা করি এই তথ্যটি আপনার কাজে আসবে।"
104622,"হেলো, চিকিৎসাবিজ্ঞানে স্ক্লেরোসিস শব্দটি এমন কাঠামোর ক্ষেত্রে ব্যবহৃত হয় যা টিস্যুকে স্বাভাবিক অবস্থায় ফিরিয়ে আনে অথবা অস্বাভাবিক টিস্যু দিয়ে প্রতিস্থাপন করে, যা অঙ্গ বা গঠনকে শক্ত করে তোলে (স্ক্লেরোটিক হলো স্ক্লেরোসিসের একটি পরিভাষা)। আপনার ক্ষেত্রে মেরুদণ্ডে অস্বাভাবিক টিস্যুর পরিবর্তনের কারণে মেরুদণ্ডের গঠন শক্ত হয়ে থাকতে পারে। (স্ক্লেরোসিস সাধারণত প্রদাহজনিত প্রক্রিয়ার কারণে ঘটে)। আশা করি আমি আপনার প্রশ্নের উত্তর দিতে পেরেছি। আমি আপনাকে আরও কোনোভাবে সাহায্য করতে পারি কিনা তা জানাবেন।"
46792,"হেলো! নাসেনিয়া ডকে জিজ্ঞাসা করার জন্য আপনাকে ধন্যবাদ! আপনার উদ্বেগের বিষয়ে আমি বলতে চাই যে, আপনার লক্ষণগুলো পেশীর আঘাতের সাথে সম্পর্কিত বলে মনে হচ্ছে। আমি আপনাকে ওই স্থানে কিছু কোল্ড প্যাক ব্যবহার করার এবং কয়েক দিন বিশ্রাম নেওয়ার পরামর্শ দিচ্ছি। ব্যথানাশক ওষুধ (অ্যাসিটামিনোফেন বা আইবুপ্রোফেন) ব্যথার জন্য সাহায্য করতে পারে। যদি ব্যথা না কমে বা আরও খারাপ হয়, অথবা আপনার হাঁটার সমস্যা হয়, তবে আমি আপনাকে শারীরিক পরীক্ষা এবং লাম্বার এক্স-রে করানোর জন্য জরুরি বিভাগে যাওয়ার পরামর্শ দেব। যাই হোক, আমার মনে হয় আপনার চিন্তার কিছু নেই এবং এই পরিস্থিতিটি কেবল সাময়িক। আপনি শীঘ্রই সুস্থ হয়ে উঠবেন। শুধু ধৈর্য ধরুন এবং উপরের পরামর্শগুলো মেনে চলুন। আশা করি আমি সাহায্য করতে পেরেছি! আপনার দ্রুত আরোগ্য কামনা করছি।"
34403,"হেলো, আপনার হাইপারগ্লাইসেমিয়া বা উচ্চ ইউরিক অ্যাসিডের মাত্রা রয়েছে। এটি পিউরিন (প্রোটিন) বিপাকের একটি বিপাকীয় সমস্যা, যা অতিরিক্ত ইউরিক অ্যাসিড তৈরি করে এবং এটি প্রোটিন বিপাকের একটি উপজাত। যদিও কিডনির কার্যকারিতা ব্যাহত হলে এমনটা হতে পারে যেখানে কিডনি শরীর থেকে ইউরিক অ্যাসিড বের করতে পারে না, তবে আপনি সিরাম ক্রিয়েটিনিন ছাড়া আপনার কিডনির অবস্থা সম্পর্কে আরও কিছু উল্লেখ করেননি, যা একটি উচ্চ স্বাভাবিক মান। হাইপারগ্লাইসেমিয়ার কারণে কিডনিতে পাথর বা গেঁটে বাত (জয়েন্টে ব্যথা) হতে পারে। আপনি সঠিক চিকিৎসা নিচ্ছেন, ওষুধের পাশাপাশি আপনার খাদ্যাভ্যাস পরিবর্তন করা প্রয়োজন, যেমন রেড মিট, ডাল এবং পালং শাকের মতো শাকসবজি এড়িয়ে চলা।"
106076,"হেলো, প্রজেস্টেরনের ব্যবহার আপনাকে নিয়মিত পিরিয়ড দিতে পারে কিন্তু এটি ডিম্বস্ফোটন ঘটায় না। এটি ঘটার জন্য, আপনার ত্রুটিটি কোথায় তা জানা উচিত এবং এটি সংশোধন করার চেষ্টা করা উচিত। টিউবাল প্যাটেন্সি টেস্টের মতোই সম্পূর্ণ হরমোনাল প্রোফাইল, শারীরিক পরীক্ষা, ট্রান্স-ভ্যাজাইনাল সোনোগ্রাম এবং রক্ত পরীক্ষা করা প্রয়োজন। চিকিৎসা প্রাপ্ত ফলাফলের উপর নির্ভর করে এবং প্রয়োজনীয় হরমোনাল সাপ্লিমেন্ট গ্রহণ করা হয়। পুরুষ সঙ্গীর বিষয়টিও মূল্যায়ন করা প্রয়োজন। আশা করি এটি সাহায্য করবে।"
43351,"হেলো স্যার, ট্রেসিবা একটি দীর্ঘস্থায়ী মানব ইনসুলিন যা অত্যন্ত ডায়াবেটিস রোগীদের ক্ষেত্রে পরামর্শ দেওয়া হয়। এটি আপনার রক্তে শর্করার মাত্রা আরও ভালোভাবে নিয়ন্ত্রণ করে, তবে দিনে একবার এটি গ্রহণ করা বাঞ্ছনীয়। রাতে এটি গ্রহণ করার প্রয়োজন নেই। যেহেতু এটি দীর্ঘস্থায়ী মানব ইনসুলিন, তাই এটি রক্তে শর্করার মাত্রা কমিয়ে দিতে পারে। এ বিষয়ে একজন ডায়াবেটোলজিস্টের সাথে পরামর্শ করে মতামত নেওয়া ভালো। নিশ্চিত করুন যে আপনার এইচবিএ১সি (HbA1c) নিয়ন্ত্রণে আছে এবং সেই অনুযায়ী আপনাকে ইনসুলিন নিতে হবে। ধন্যবাদ।"
20483,"হেলো, প্রশ্নটির জন্য আপনাকে ধন্যবাদ। মার্ভেলন নিয়মিত গর্ভনিরোধক পিল এবং এটি সাধারণ জরুরি গর্ভনিরোধক পিল নয়। জরুরি গর্ভনিরোধক হিসেবে কাজ করার জন্য এটি ১২ ঘণ্টা অন্তর উচ্চ মাত্রায় সেবন করতে হয়। প্রস্তাবিত মাত্রা হলো অসুরক্ষিত মিলনের পরপরই ৪টি পিল এবং প্রথম ডোজের ১২ ঘণ্টা পর ৪টি পিল। এই পদ্ধতিটি অনাকাঙ্ক্ষিত গর্ভধারণ রোধে বেশ কার্যকর বলে প্রমাণিত। তাই আপনি ৪টি পিল খেয়ে সঠিক কাজটিই করেছেন, তবে তা একসাথে হওয়া উচিত ছিল, ২ ঘণ্টার ব্যবধানে নয়। শেষ ডোজের ১২ ঘণ্টা পর পরবর্তী ডোজটি সঠিকভাবে গ্রহণ করুন। তবে, যদি ২-৩ দিনের মধ্যে আপনার পিরিয়ড মিস হয়, তবে অনুগ্রহ করে প্রস্রাবের মাধ্যমে নিশ্চিত হয়ে নিন যে আপনি গর্ভবতী নন এবং সেই অনুযায়ী ব্যবস্থা নিন। জরুরি গর্ভনিরোধক পদ্ধতি নিয়মিত ব্যবহার করা উচিত নয় এবং এটি শেষ অবলম্বন হওয়া উচিত। কনডম ব্যবহার করুন কারণ এটি আপনাকে যৌনবাহিত রোগ থেকেও রক্ষা করে। আশা করি এটি আপনাকে সাহায্য করবে। ভালো থাকবেন।"
10023,"হেলো, আমি নাসেনিয়া ডক যোগ করব। এর একটি কারণ হতে পারে ব্রঙ্কাইটিস নামক একটি অবস্থা, যা আমাদের বড় শ্বাসনালী বা ব্রঙ্কাসের আস্তরণের এক ধরণের প্রদাহ। এই অবস্থাটি সাধারণত ভাইরাল হয় এবং আপনার রক্তে লিম্ফোসাইটের সংখ্যা সামান্য বেশি দেখাতে পারে। নাকের আস্তরণের প্রদাহ থেকেও কফ বা থুতুর সাথে রক্ত আসতে পারে। এই অবস্থাগুলো গুরুতর নয় এবং নিজে থেকেই সেরে যায়। তবে, এটিও জানা উচিত যে যক্ষ্মা বা ক্যান্সারের মতো রোগের কারণেও কফের সাথে রক্ত আসতে পারে, যা আপনার বর্ণনা অনুযায়ী কারণ বলে মনে হচ্ছে না। তবুও, আমার পরামর্শ হলো আপনার পেরিফেরাল ব্লাড স্মিয়ার নামক একটি পরীক্ষা করানো উচিত। আপনাকে অবশ্যই অ্যাবসোলিউট লিম্ফোসাইট কাউন্টের রিপোর্টও সংগ্রহ করতে হবে। লিম্ফোসাইটের সংখ্যা ক্রমাগত বাড়তে থাকলে ফ্লো সাইটোমেট্রি এবং বোন ম্যারো বায়োপসির মতো অতিরিক্ত পরীক্ষার মাধ্যমে তা পরীক্ষা করতে হবে। এই মুহূর্তে বোন ম্যারো বায়োপসির প্রয়োজন নেই, তবে আপনাকে অবশ্যই একজন প্যাথলজিস্টের মাধ্যমে পেরিফেরাল ব্লাড স্মিয়ার পরীক্ষা এবং অ্যাবসোলিউট লিম্ফোসাইট কাউন্ট পরীক্ষা করাতে হবে। আপনি আপনার ঘাড় এবং বগলে কোনো চাকা অনুভব করতে পারেন। যদি কোনো চাকা থাকে, তবে দ্রুত একজন চিকিৎসকের মাধ্যমে পরীক্ষা করাতে হবে। আমি ধরে নিচ্ছি যে আপনার প্লাটিলেট কাউন্ট ঠিক আছে কারণ প্লাটিলেট কম থাকলে রক্তপাত হতে পারে। সামগ্রিকভাবে আমার মতামত হলো, যেহেতু আপনি ভাইরাল বা অ্যালার্জিজনিত অসুস্থতা থেকে সেরে উঠেছেন, তাই কফের সাথে রক্ত আসা একটি সাময়িক ঘটনা হতে পারে, তবে কিছু পরীক্ষা করানোও গুরুত্বপূর্ণ। তাই, অনুগ্রহ করে নিম্নলিখিত পরীক্ষাগুলো করান।"
26034,"হেলো, আপনার প্রশ্নটি পোস্ট করার জন্য ধন্যবাদ। আমি নাসেনিয়া ডক কে এবং আপনাকে সাহায্য করতে পেরে আমি আনন্দিত। পিত্তথলিতে ৩.৭ মিমি আকারের একটি পলিপ সাধারণত ক্ষতিকারক নয় এবং এটি নিয়ে চিন্তার কিছু নেই। শুধুমাত্র যদি আকার ১০ মিমি-এর বেশি হয়, তবেই তার নিয়মিত আল্ট্রাসাউন্ড স্ক্যান এবং এমনকি পিত্তথলি অপসারণের প্রয়োজন হতে পারে। আপনার বাবার এই ছোট পলিপটির জন্য এখন কোনো চিকিৎসার প্রয়োজন নেই। আশা করি এটি আপনার প্রশ্নের উত্তর দিয়েছে। শুভেচ্ছা।"
4542,"হেলো অ্যান মোল। আপনার মিসড অ্যাবরশন হয়েছে জেনে দুঃখিত। তবে আইভিএফ (IVF)-এর পরে মিসড অ্যাবরশন হওয়ার অনেক কারণ রয়েছে এবং হিমায়িত ভ্রূণ স্থানান্তর করলেই যে আপনার গর্ভপাতের ঝুঁকি বাড়বে তা নয়। আর সেই কারণেই, যদি আপনি সেই ভ্রূণগুলো হিমায়িত করে থাকেন, তবে আপনার সেগুলো ব্যবহার করা উচিত কারণ নতুন চক্রে যাওয়ার জন্য বেশ অতিরিক্ত খরচ হবে এবং অতিরিক্ত গোনাডোট্রফিন ব্যবহার করা বেশ কষ্টসাধ্য হবে। স্টিমুলেশন এবং ডিম্বাণু সংগ্রহের জন্য যাওয়া ঝুঁকিমুক্ত নয়, আমি আপনাকে বলছি। তাই আমি পরামর্শ দিচ্ছি যে আপনি এখন সেই হিমায়িত ভ্রূণগুলো ব্যবহার করুন এবং যদি ব্যর্থ হন, তবে কয়েক মাস পর আবার নতুন চক্রে যেতে পারেন। আপনার জন্য শুভকামনা।"
38900,"হেলো! শুভ সকাল। আমি নাসেনিয়া ডক, আপনার প্রশ্নের উত্তর দিচ্ছি। আমি যদি আপনার ডাক্তার হতাম, তবে আপনার পেটের শারীরিক পরীক্ষার পর, আমি আপনাকে পেটের আল্ট্রাসাউন্ড, ব্লাড কমপ্লিট ব্লাড কাউন্ট, ব্লাড সুগার, লিভার ফাংশন টেস্ট, সিরাম অ্যামাইলেজ এবং সিরাম লাইপেজ এবং সেই সাথে প্রস্রাব ও মলের রুটিন ও মাইক্রোস্কোপিক পরীক্ষা করার পরামর্শ দিতাম। প্রস্রাব বা মলের সংক্রমণ, পিত্তথলির পাথর এবং লিভার ও অগ্ন্যাশয়ে কোনো প্রদাহ আছে কিনা যা এই ধরনের উপসর্গের কারণ হতে পারে তা নিশ্চিত করার জন্য এই পরীক্ষাগুলোর প্রয়োজন হবে। রিপোর্ট না আসা পর্যন্ত, আমি আপনাকে উপসর্গ থেকে আরাম পাওয়ার জন্য একটি প্রোটন পাম্প ইনহিবিটর, একটি অ্যান্টি-স্পাসমোডিক এবং একটি প্রোবায়োটিক সেবনের পরামর্শ দেব। আমি আশা করি এই তথ্যটি আপনার সমস্যার পরবর্তী ব্যবস্থাপনার জন্য আপনার পারিবারিক চিকিৎসক বা আপনার চিকিৎসা প্রদানকারী ডাক্তারের সাথে আলোচনা করতে সাহায্য করবে। কোনো সন্দেহ থাকলে নির্দ্বিধায় জিজ্ঞাসা করবেন। আপনার স্বাস্থ্য সমস্যার বিষয়ে সন্দেহ দূর করতে নাসেনিয়া ডককে বেছে নেওয়ার জন্য ধন্যবাদ। আমি আপনার দ্রুত আরোগ্য কামনা করি। নাসেনিয়া ডক।"
52119,"১. আপনি কারণ (যদি থাকে) এবং আপনার উপসর্গগুলোর স্থায়িত্বকাল উল্লেখ করেননি? ২. যেহেতু লিউকোডার্মা এবং ভিটিলিগোতে কোনো ব্যথা নেই, তাই এগুলোকে রোগ নয় বরং ব্যাধি বলা হয়। ৩. অনুগ্রহ করে জানান যে এগুলো ছোট নাকি বড় দাগ হিসেবে দেখা দেয় এবং রঙের কোনো পরিবর্তন হয়েছিল কি না? ৪. কোনো পারিবারিক ইতিহাস, প্রোটিন ক্ষয় বা পুষ্টিজনিত ব্যাধির ইতিহাস আছে কি (যেহেতু লিউকোডার্মা অভ্যন্তরীণ সমস্যার একটি বাহ্যিক প্রকাশ)? ৫. কোনো মানসিক বা শারীরিক চাপ আছে কি? ৬. কারণ এটি রোগ প্রতিরোধ ব্যবস্থার (AI) সমস্যার কারণে ঘটে, তাই চিকিৎসার সময়কাল ত্বকের সমস্যার বিস্তৃতির সাথে সম্পর্কিত নাও হতে পারে। ৭. কফি, অ্যালকোহল, চিনি, সাদা ময়দার পণ্য, টিনজাত বা বোতলজাত খাবার, কমলা, মিষ্টি লেবু, অতিরিক্ত লবণ, টক এবং গাঁজানো খাবার এড়িয়ে চলুন। ৮. আক্রান্ত স্থানগুলো সূর্যের আলোতে রাখতে পারেন (সূর্যের আলোতে অতিবেগুনি রশ্মি থাকে যা পুনরায় পিগমেন্টেশন বাড়াতে পারে) এবং সানস্ক্রিন দিয়ে স্বাভাবিক ত্বক ঢেকে রাখুন। ৯. প্রয়োজনে একজন আয়ুর্বেদ চিকিৎসকের পরামর্শ নিন।"
101758,"হেলো, ডেইরি, আমি আপনার প্রশ্নটি দেখেছি। আমি আপনার উদ্বেগ বুঝতে পারছি। আপনার লিপোমা, নিউরোফাইব্রোমা, ডার্মাটোফাইব্রোমা বা অন্য কোনো ধরনের সফট টিস্যু টিউমার থাকতে পারে। আপনার সেই পিণ্ডটির ফাইন নিডল অ্যাসপিরেশন সাইটোলজি (FNAC) বা বায়োপসি করা উচিত। এটি আপনাকে সঠিক রোগ নির্ণয় করতে সাহায্য করবে। তারপর সেই অনুযায়ী আপনার চিকিৎসা নেওয়া উচিত। বেশিরভাগ সফট টিস্যু টিউমারের জন্য অস্ত্রোপচারের মাধ্যমে অপসারণই হলো প্রধান চিকিৎসা। আপনার একজন জেনারেল সার্জনের সাথে পরামর্শ করা উচিত এবং সেই অনুযায়ী চিকিৎসা নেওয়া উচিত। আশা করি আমি আপনার প্রশ্নের উত্তর দিতে পেরেছি, যদি আপনার কোনো সন্দেহ থাকে তবে আমার সাথে bit.ly/ নাসেনিয়া ডক-এ যোগাযোগ করুন। নাসেনিয়া ডক ব্যবহার করার জন্য ধন্যবাদ। আপনার সুস্বাস্থ্য কামনা করি।"
41119,"হেলো, নাসেনিয়া ডকে জিজ্ঞাসা করার জন্য আপনাকে ধন্যবাদ। আমি আপনার ইতিহাস দেখেছি এবং আপনার জন্য নিম্নলিখিত পরামর্শগুলো দিতে চাই।"
37265,"হেলো, নাসেনিয়া ডকে পোস্ট করার জন্য আপনাকে ধন্যবাদ। ত্বকের ক্ষত নিয়ে আপনার উদ্বেগের বিষয়টি আমি বুঝতে পারছি, তবে সরাসরি শারীরিক পরীক্ষা ছাড়া সুনির্দিষ্ট রোগ নির্ণয় করা কঠিন। তাই, আমি আপনাকে অনুরোধ করছি ভালো মানের কিছু ছবি পোস্ট করার জন্য, যাতে আমি আপনাকে আরও ভালোভাবে সাহায্য করতে পারি। আপনি নিচের লিঙ্কের মাধ্যমে সরাসরি আমার সাথে যোগাযোগ করতে পারেন। https"
7886,"হেলো, অল্প বয়সে উচ্চ রক্তচাপ সাধারণত সেকেন্ডারি হাইপারটেনশন হয়ে থাকে - যা নিউরোমাসকুলার ডিসপ্লাসিয়ার কারণে রেনাল আর্টারি স্টেনোসিসের সবচেয়ে সাধারণ এন্ডোভাসকুলার কারণ। আপনার গ্যাস্ট্রোইনটেস্টাইনাল ভাস্কুলার ম্যালফরমেশন (ভিএম) বা ভাস্কুলার এক্টাসিস, হেমানজিওলিম্ফ্যানজিওমা (এইচএলএ) বা স্মল-বাওয়েল ভ্যারিসেসও থাকতে পারে, যা অস্পষ্ট জিআইবি (গ্যাস্ট্রোইনটেস্টাইনাল রক্তপাত)-এর কিছু সাধারণ কারণ। ভিএম প্রায়শই গ্যাস্ট্রোইনটেস্টাইনাল রক্তপাতের সাথে সম্পর্কিত - যা উচ্চ রক্তচাপ বৃদ্ধির সাথে সম্পর্কিত হতে পারে। আশা করি আমি আপনার প্রশ্নের উত্তর দিতে পেরেছি। আমি আপনাকে আরও কোনোভাবে সাহায্য করতে পারি কিনা তা জানাবেন। ধন্যবাদ।"
95286,"হেলো, আপনার প্রশ্নটি পোস্ট করার জন্য ধন্যবাদ। বর্ণিত তথ্যের ভিত্তিতে, অ্যাকিউট ভাইরাল গ্যাস্ট্রোএন্টেরাইটিস হওয়ার উচ্চ সম্ভাবনা রয়েছে। অন্যান্য সম্ভাবনার মধ্যে ইনফ্ল্যামেটরি বাওয়েল ডিজিজ অর্থাৎ ক্রোনস ডিজিজ এবং আলসারেটিভ কোলাইটিস থাকতে পারে। আপনার একজন ইন্টারনাল মেডিসিন বিশেষজ্ঞ বা গ্যাস্ট্রোএন্টেরোলজিস্টের সাথে পরামর্শ করা উচিত এবং সম্পূর্ণ চেকআপ করানো উচিত। আপনার কমপ্লিট ব্লাড কাউন্ট, ব্লাড সুগার, সিরাম ইলেক্ট্রোলাইটস, টাইডাল টেস্ট, অ্যামিবিক অ্যান্টিবডি এবং থাইরয়েড প্রোফাইল পরীক্ষা করা উচিত। আরও স্পষ্টতার জন্য আপনার কোলোনোস্কোপিও করা উচিত। যদি বৃহদন্ত্রে আলসার পাওয়া যায়, তবে সঠিক রোগ নির্ণয়ের জন্য বায়োপসি বাধ্যতামূলক। আপনার সম্পূর্ণ অ্যান্টিবায়োটিক থেরাপি, অ্যান্টিস্পাসমোডিকস, প্রোবায়োটিকস এবং প্রয়োজনে অ্যান্টিপাইরেটিক গ্রহণ করা উচিত। আপনার এইচওয়াই চ্যাট ডাক্তারের সাথে যোগাযোগ বজায় রাখা উচিত। দই এবং কলার পাশাপাশি নরম খাবার খান। দুধ এবং দুধের তৈরি সমস্ত খাবার এড়িয়ে চলুন। নিজের যত্ন নিন।"
83023,"আমি নিশ্চিত নই যে সেই রিপোর্টটি কী হবে। তবে, উচ্চ ঝুঁকির মানদণ্ড পূরণ হলেই কেবল একটি স্ট্রেস টেস্ট পরবর্তী পদক্ষেপ নিতে বাধ্য করে। সেগুলো করা হয়নি। করোনারি আর্টারি ডিজিজ নেই তা নিশ্চিতভাবে বলার মতো কোনো মূল্য নেই। আপনি আপনার ডাক্তারকে হার্ট স্ক্যান সম্পর্কে জিজ্ঞাসা করতে পারেন। কম স্কোর আশ্বস্তকর। উচ্চ স্কোর নির্দেশ করে যে আপনাকে খাদ্যতালিকা, জীবনধারা এবং ভবিষ্যতে হার্ট অ্যাটাকের ঝুঁকির বিষয়ে কঠোর হতে হবে।"
84702,"হেলো প্রিয়!! নাসেনিয়া ডকে আপনার অনুসন্ধানের জন্য ধন্যবাদ। আপনার অনুসন্ধান এবং স্বাস্থ্য সংক্রান্ত উদ্বেগগুলো পড়েছি এবং পর্যালোচনা করেছি। আপনার বর্তমান পরিস্থিতিতে, মনে হচ্ছে আপনি প্লুরিটিক ব্যথায় ভুগছেন? ডান দিকের পাঁজরে নিউমোনিক প্যাচসহ? প্রাথমিক নডিউল বা নিউমোনিক নডিউল থাকুক বা না থাকুক। স্টেরয়েড ইনজেকশন ফুসফুসের সংক্রমণকে বাড়িয়ে তুলতে পারে এবং এর ফলে ডান দিকের উপরের ফুসফুসে এই নডিউলগুলো দেখা দিতে পারে। যেহেতু আপনার ৩০ বছরের ধূমপানের ইতিহাস রয়েছে, তাই ফুসফুসের ক্যান্সারের অন্যান্য কারণগুলোও খতিয়ে দেখা প্রয়োজন। এই পরিকল্পনাটি স্টেরয়েড ইনজেকশনের পর ডান দিকের পাঁজরের ব্যথা নিয়ে আপনার দ্বিধা দূর করবে। আশা করি এটি আপনার এই জটিল অসুস্থতার পরবর্তী পদক্ষেপ নিতে সাহায্য করবে। প্রয়োজনে, নিচের নাসেনিয়া ডক লিঙ্কে সরাসরি প্রশ্ন করে ২৪x৭ যেকোনো স্বাস্থ্য সমস্যা সম্পর্কে আপডেট জানান- প্রিয়, যদি সন্তুষ্ট হন, তবে এই উত্তর এবং পরিষেবাকে রেট দেওয়ার জন্য আপনার সুন্দর মতামত দিয়ে এই অনুসন্ধানটি বন্ধ করতে ভুলবেন না, যাতে আপনার মতো আগত জরুরি রোগীদের মনোবল বৃদ্ধি পায়। আপনি যদি আরও বিস্তারিত জানাতে চান এবং আরও প্রশ্ন করতে চান, তবে আপনাকে এখানে স্বাগত জানাই!! দিনটি ভালো কাটুক!! ভবিষ্যতে সুস্বাস্থ্য কামনা করছি!! নাসেনিয়া ডক। এন. সিনিয়র সার্জিক্যাল স্পেশালিস্ট। এস. জেনারেল-সিভিটিএস।"
1026,"হেলো, ভ্যারিকোসিলে থাকা পুরুষদের বন্ধ্যাত্বের সবচেয়ে সাধারণ কারণ। আরও ভালো পরামর্শের জন্য আমি আপনার সম্পূর্ণ সিমেন অ্যানালাইসিস রিপোর্টটি জানতে চাই। যদি আপনার ভ্যারিকোসিলে থাকে, তবে শুক্রাণুর সংখ্যার চেয়ে শুক্রাণুর গতিশীলতা কমে যাওয়া নিয়ে আপনার বেশি চিন্তিত হওয়া উচিত, কারণ ভ্যারিকোসিলে পরিমাণগত ত্রুটির পরিবর্তে গুণগত ত্রুটির দিকে নিয়ে যায়। তাছাড়া আপনার শুক্রাণুর সংখ্যা ২৫ মিলিয়ন, যা নিষিক্তকরণের জন্য যথেষ্ট। আমি আপনাকে ক্যাপসুল ইভিয়ান এবং ট্যাবলেট লাইকোপিন শুরু করার পরামর্শ দেব, যা প্রাকৃতিক অ্যান্টিঅক্সিডেন্ট এবং এগুলো শুক্রাণুর স্বাস্থ্যের উন্নতি ঘটাবে। দ্বিতীয়ত, আমি আপনাকে আপনার ভ্যারিকোসিলের জন্য অস্ত্রোপচার করানোর পরামর্শ দেব, কারণ ভ্যারিকোসিলে অণ্ডকোষে রক্ত জমার কারণ হয় এবং এটি অণ্ডকোষের ভেতরের তাপমাত্রা বাড়িয়ে দেয়, যার ফলে শুক্রাণু মারা যায় বা বিকৃত হয়ে শেষ পর্যন্ত শুক্রাণুর গতিশীলতা কমিয়ে দেয়।"
48905,"হেলো! শুভ সন্ধ্যা। আমি নাসেনিয়া ডক, আপনার প্রশ্নের উত্তর দিচ্ছি। আমি যদি আপনার ডাক্তার হতাম, তবে আমি অ্যামিবার সিস্টের জন্যও মল পরীক্ষা করতাম, যা খুব অস্বাভাবিক কোনো বিষয় নয়। যদি রিপোর্ট পজিটিভ আসে, তবে অ্যান্টি-অ্যামিবিক ওষুধের একটি কোর্স এই অবস্থার নিরাময় করতে পারে। অন্যথায়, আমি কিছু প্রোটন পাম্প ইনহিবিটর সেবনের পরামর্শ দিতাম। এছাড়া আপনার খাদ্যতালিকায় আরও বেশি আঁশযুক্ত খাবার এবং পর্যাপ্ত তরল রাখুন। বিস্তারিত উত্তর।"
34120,"নাসেনিয়া ডকে আপনার প্রশ্নের জন্য ধন্যবাদ। আমার মতে, দীর্ঘমেয়াদী প্রভাবের জন্য আপনার বর্তমানে চিন্তিত হওয়া উচিত। কারণ আপনার সংস্পর্শ খুবই সংক্ষিপ্ত। হ্যাঁ, যদি আপনি কয়েক মাস বা বছর ধরে দীর্ঘ সংস্পর্শে থাকেন তবে আপনার দীর্ঘমেয়াদী প্রভাব পড়তে পারে। তাই এত অল্প সময়ের সংস্পর্শ নিয়ে চিন্তার কোনো কারণ নেই। আর যদি আপনি এটি নিয়ে খুব বেশি চিন্তিত হন, তবে কর্মক্ষেত্রে মাস্ক ব্যবহার শুরু করুন। ফিল্টারযুক্ত নির্দিষ্ট মাস্ক পাওয়া যায়। এগুলো আপনাকে অ্যারোসল শ্বাস নেওয়া থেকে সুরক্ষা দেবে।"
8545,"হেলো, আমি আপনার উদ্বেগ বুঝতে পারছি। টাং টাই জন্মগত অনেক শিশুর ক্ষেত্রেই একটি সমস্যা। এই পরিস্থিতি ঠিক করার জন্য অস্ত্রোপচারের পরামর্শ দেওয়া হয় এবং এটি প্রয়োজনীয়। অস্ত্রোপচার সম্পন্ন হওয়ার পর তাকে স্পিচ থেরাপিও নিতে হতে পারে। এই প্রক্রিয়ায় বড় কোনো ঝুঁকি নেই এবং এটি একজন প্লাস্টিক সার্জন অথবা ওরাল অ্যান্ড ম্যাক্সিলোফেশিয়াল সার্জন দ্বারা করা হয়। আমি আপনাকে এই বিশেষজ্ঞদের একজনের সাথে পরামর্শ করারও পরামর্শ দেব। আশা করি এই তথ্যটি আপনাকে সাহায্য করবে। নাসেনিয়া ডক বেছে নেওয়ার জন্য আপনাকে ধন্যবাদ। আমি আশা করি আপনার মেয়ে শীঘ্রই সুস্থ হয়ে উঠবে। শুভেচ্ছা।"
81437,"হেলো এবং নাসেনিয়া ডকে আপনাকে স্বাগতম। আমার মনে হচ্ছে আপনার পেটের দেয়ালে কোনো সাবকিউটেনিয়াস ক্ষত হয়েছে। আপনার পিত্তথলি অনুভব করা প্রায় অসম্ভব এবং খাওয়ার পর আপনার পেটে খিঁচুনি ব্যথা হতে পারে। এছাড়া, এটি কোনো ধরনের বিনাইন টিউমার, লিপোমা, ফাইব্রাস বা অ্যাথেরোমা হওয়ার সম্ভাবনা বেশি, যা অস্ত্রোপচারের মাধ্যমে সহজেই অপসারণ করা সম্ভব। যদি আপনার মনে হয় এটি পেটের ভেতরে, তবে আপনার অবশ্যই আল্ট্রাসাউন্ড এবং পরবর্তী পরীক্ষা করা উচিত। আপনার সুস্বাস্থ্য কামনা করি।"
96701,"আপনার উদ্বেগগুলো আমি বুঝতে পেরেছি এবং আপনার দেওয়া বিস্তারিত তথ্যগুলো দেখেছি। আমি পরামর্শ দেব যে আপনি খুব বেশি চিন্তা করবেন না। আপনার ছেলেকে কেন সঠিক চিকিৎসা দেওয়া হয়েছিল তা আমার জানা প্রয়োজন। যদি আপনার ছেলে রাগের মাথায় আঘাত পায় এবং ক্লিনিক্যাল সাইকোলজি ও সাইকোমেট্রিক পরীক্ষার মাধ্যমে তার এই রোগ নির্ণয় করা হয়ে থাকে, তবে অবশ্যই সে সুস্থ হয়ে উঠবে। রোগ নির্ণয়ই হলো মূল বিষয়। ১৭ বছর বয়সে বয়ঃসন্ধিকালীন কারণ, ভূমিকা নিয়ে বিভ্রান্তি, সমবয়সীদের চাপ, সামাজিক সমস্যা ইত্যাদির কারণে একজন ব্যক্তি সব কিছুতেই বিরক্ত ও রাগান্বিত বোধ করে এবং এটি একটি বিকাশমূলক কাজ। এতে নতুন কিছু নেই। বাবা-মা, সমাজ এবং ছেলেটির নিজের রাগ বোঝা গুরুত্বপূর্ণ। আমার মনে হয় না তার কোনো মানসিক ওষুধের প্রয়োজন আছে। তার কেবল সহানুভূতি প্রয়োজন। আপনি এই ওয়েবসাইটে আমাকে সরাসরি প্রশ্ন করতে পারেন। আপনার ছেলের সম্পর্কে প্রতিটি বিস্তারিত তথ্য অন্তর্ভুক্ত করবেন। আমি রাগ নিয়ন্ত্রণের জন্য কিছু কৌশল লিখে দেব। আমি নিশ্চিত যে এই কৌশলগুলো সফল হবে। আশা করি এটি আপনার প্রশ্নের উত্তর দিয়েছে। আরও স্পষ্টীকরণের জন্য আমি আছি। শুভকামনা।"
6239,"হেলো প্রিয়, আপনি যেমনটি বর্ণনা করেছেন যে আপনার মনে সবসময় নেতিবাচক চিন্তা থাকে, যেমন সবাই আপনার বিরুদ্ধে কথা বলছে এবং তারপর আপনি সবার সাথে খারাপ আচরণ করেন। কিন্তু এই ধরনের আচরণ আপনার সম্পর্ক এবং পরীক্ষা-নিরীক্ষাকে কতটা প্রভাবিত করে? আপনার পরিবারের কেউ কি মনে করেন যে আপনি সন্দেহপ্রবণ? এর সাথে কি অন্য কোনো লক্ষণ যেমন সহজে বিরক্ত হওয়া, কণ্ঠস্বর শোনা, মনোযোগ দিতে না পারা, মন খারাপ থাকা, আগ্রহ হারিয়ে ফেলা, ঘুম ও খাওয়ার সমস্যা ইত্যাদি আছে? বিস্তারিত ইতিহাস এবং মানসিক অবস্থার পরীক্ষার জন্য একজন মনোরোগ বিশেষজ্ঞের পরামর্শ নিন। খুব বেশি চিন্তা করবেন না, সবকিছু ঠিক হয়ে যাবে। ধন্যবাদ।"
55269,"হেলো, আমি আপনার কেসটি পর্যালোচনা করেছি। আপনার ইতিহাস এবং অভিযোগ অনুযায়ী, কাঁধে ভারী ব্যাগ বা জিম তোলার কারণে স্নায়ুর ওপর চাপ এবং পেশিতে টান লাগার ফলে এই ধরনের ব্যথা হতে পারে। যখন এমন রোগী আমার হাসপাতালে আসেন, তখন আমরা সাধারণত স্নায়ুর ওপর চাপের তীব্রতা দেখার জন্য মেরুদণ্ডের এক্স-রে করি। আরেকটি সম্ভাব্য কারণ হতে পারে ডিস্ক বাল্জের কারণে স্নায়ুর ওপর চাপ, যার নিশ্চিতকরণের জন্য এমআরআই (MRI) প্রয়োজন হতে পারে। মিথাইলকোবালামিন (methylcobalamine)-এর সাথে মাসল রিলাক্স্যান্ট এবং ব্যথানাশক ওষুধ ব্যথা কমাতে সাহায্য করবে; আপনি আপনার চিকিৎসকের পরামর্শ নিয়ে এগুলো সেবন করতে পারেন। পরবর্তী নির্দেশনার জন্য আপনি একজন ফিজিওথেরাপিস্টের পরামর্শ নিতে পারেন। তিনি টেন্স (TENS) বা আল্ট্রাসাউন্ড শুরু করতে পারেন, যা আপনার ক্ষেত্রে সহায়ক হবে। দ্রুত সুস্থতার জন্য আপনাকে বিশ্রাম নিতে হতে পারে। আমি গ্যাস্ট্রিকের সমস্যার জন্য দিনে দুবার ২০ মিগ্রা ওমেপ্রাজল (omeprazole)-এর মতো অ্যান্টাসিড প্রোটন পাম্প ইনহিবিটর শুরু করার পরামর্শ দেব। সুক্রালফেট (Sucralfate) গ্যাস্ট্রিক মিউকোসাকে রক্ষা করবে এবং একটি সুরক্ষামূলক আবরণ তৈরি করবে। গ্যাস্ট্রিক হাইপারঅ্যাসিডিটির কারণে মুখের স্বাদ পরিবর্তিত হতে পারে। আপনাকে বেকারি আইটেম, ধূমপান, অ্যালকোহল, পনির এবং মানসিক চাপের মতো অ্যাসিডিক খাবার এড়িয়ে চলতে হতে পারে। তাজা খাবার এবং ফলের রসসহ স্যুপ খান। আশা করি এটি আপনার প্রশ্নের উত্তর দিয়েছে। আপনার যদি আরও কোনো প্রশ্ন বা ফলো-আপ জিজ্ঞাসা থাকে, তবে আমাদের লিখতে দ্বিধা করবেন না।"
17635,"নাসেনিয়া ডকে আপনার প্রশ্নের জন্য ধন্যবাদ। আমি আপনার পরিস্থিতি এবং সমস্যাটি বুঝতে পারছি। আমার মতে, ত্বকের ক্যান্সারের সম্ভাবনা খুবই কম কারণ ১. তার বয়স ত্বকের ক্যান্সারের জন্য অনেক কম। ২. ত্বকের ক্যান্সার সাধারণত ব্যথাহীন হয়। ত্বকের ক্ষতে ব্যথা সংক্রমণের ইঙ্গিত দেয়। তাই তার ক্ষেত্রে ক্যান্সারের সম্ভাবনা খুবই কম। তবে রোগ নির্ণয়ের নিশ্চিতকরণের জন্য একজন চর্মরোগ বিশেষজ্ঞের পরামর্শ নেওয়া এবং ক্ষত থেকে বায়োপসি করানো ভালো। ত্বকের সংক্রমণ বা ঘর্ষণের কারণে কালশিটে পড়ার সম্ভাবনা বেশি।"
78442,"আপনি যে মানগুলোর কথা উল্লেখ করেছেন তা ডায়াবেটিসের রিডিং নয়, এটি প্রি-ডায়াবেটিক। ফ্যাক্ট-চেক এবং অন্যান্য মেশিন যা কৈশিক রক্ত ব্যবহার করে, সেগুলোর মান প্রচলিত ভেনাস রক্ত পদ্ধতির তুলনায় সামান্য বেশি। বর্তমান মাত্রা কোনো ওষুধ ছাড়াই নিয়ন্ত্রণ করা সম্ভব। এর জন্য আমি আপনাকে প্রতিদিন সকালে খালি পেটে ১ চা চামচ হলুদের গুঁড়ো এবং ২ চা চামচ আমলকীর (আমলা) গুঁড়ো দিয়ে ২ গ্লাস জল ফুটিয়ে খাওয়ার পরামর্শ দেব। এছাড়াও আমি আপনাকে শুধু চিনি খাওয়া নিয়ন্ত্রণ করতে এবং প্রতিদিন আধা ঘণ্টা দ্রুত হাঁটার পরামর্শ দেব।"
34980,"যেহেতু আপনার ডাক্তাররা আপনাকে অ্যালার্জিক ইসোফ্যাজাইটিস হিসেবে নির্ণয় করেছেন এবং আরাম পাওয়ার একমাত্র উপায় হিসেবে জোর করে ঢেকুর তোলানোর পরামর্শ দিয়েছেন, তাই আপনি কোনো খাবার খাচ্ছেন না। এটি দীর্ঘস্থায়ী কোনো বিষয় হতে পারে না। আপনি একা পানিতে বেঁচে থাকতে পারবেন না। আপনি যদি আমার রোগী হতেন, তবে আমি আপনাকে নিচের পরামর্শগুলো দিতাম, যা আমি আমার কিছু রোগীর ক্ষেত্রে সফলভাবে প্রয়োগ করেছি।"
19267,"হেলো, স্বাস্থ্যসেবায় আপনাকে স্বাগতম। মিনিমাল ফাইব্রোসিসের চিকিৎসার প্রধান ভিত্তি হলো অক্সিজেন থেরাপি। এছাড়া পিরফেনিডোনের মতো কিছু নতুন ওষুধ রয়েছে যা সাহায্য করতে পারে, তবে পালমোনারি হাইপারটেনশনের মতো অন্যান্য সংশ্লিষ্ট অবস্থারও চিকিৎসা প্রয়োজন। ইনহেলার, ফিজিওথেরাপি, টিকা ইত্যাদি সহায়ক ব্যবস্থাপনায় সাহায্য করে। আপনার ক্ষেত্রে উপরের বিকল্পগুলোর সম্ভাবনা সম্পর্কে আপনি একজন পালমোনোলজিস্টের সাথে পরামর্শ করতে পারেন।"
7978,"হেলো, নাসেনিয়া ডককে জিজ্ঞাসা করার জন্য ধন্যবাদ। আমি আপনার উদ্বেগটি সত্যিই বুঝতে পারছি, যেমনটা আমি সবসময় বলে থাকি যে গর্ভাবস্থা একটি অত্যন্ত স্বাভাবিক ঘটনা এবং এটি সেভাবেই ঘটে, কোনো ওষুধই এটি ঘটাতে পারবে না, তাই এটি প্রাকৃতিকভাবে ঘটতে দিন। গর্ভাবস্থার আগে ওষুধ সেবন ডিম্বস্ফোটনের ওপর কোনো প্রভাব ফেলে না, তবে একবার গর্ভধারণ হয়ে গেলে বিষয়টি বিবেচনায় নেওয়া প্রয়োজন। আশা করি আমার উত্তরটি আপনাকে সিদ্ধান্ত নিতে সাহায্য করবে, আপনার দিনটি ভালো কাটুক।"
77383,"হেলো। আপনি কি র‍্যাশের প্রকৃতি বর্ণনা করতে পারবেন? র‍্যাশটি প্রথম কোথায় শুরু হয়েছিল? এটি কি জ্বরের আগে বা পরে হয়েছিল? বারবার এমনটা হওয়ার কোনো ইতিহাস আছে কি? শিশুটি কি তারিখ অনুযায়ী টিকাদান সম্পন্ন করেছে? এই লক্ষণটি ভাইরাল এক্সান্থেম বা র‍্যাশের কারণে হতে পারে। যদি শিশুটি ভালো থাকে এবং র‍্যাশ কমে আসে, তবে আপনার চিন্তার কিছু নেই। যখনই দেখবেন র‍্যাশ কমছে না বা বাড়ছে, তখন অবশ্যই আপনার শিশু বিশেষজ্ঞের সাথে দেখা করুন।"
265,"হেলো, আপনার অনুসন্ধানের জন্য ধন্যবাদ। ননস্টেরয়েডাল অ্যান্টি-ইনফ্ল্যামেটরি নাসেনিয়া ডক। ঠান্ডা তাপমাত্রা ব্যথা কমাতে সাহায্য করবে। কয়েক ঘণ্টার জন্য দপদপ করা ব্যথা কমাতে একটি ওভার-দ্য-কাউন্টার টুথ এবং গাম নাম্বিং জেল কিনুন। এই জেলগুলো সরাসরি আক্রান্ত স্থানে লাগানো হয় এবং সাধারণত কয়েক ঘণ্টা কাজ করে। আমি আশা করি আপনি কিছু সহায়ক তথ্য পেয়েছেন, এবং আমি যেকোনো পরবর্তী প্রশ্নের উত্তর দিতে পেরে খুশি হব। ভালো থাকবেন।"
108214,"হেলো, আমাদের কাছে লেখার জন্য ধন্যবাদ। আপনি কী কী উপসর্গের সম্মুখীন হচ্ছেন যার জন্য দুটি আল্ট্রাসাউন্ড এবং ম্যামোগ্রাম করা হয়েছে তা জানা গুরুত্বপূর্ণ। ক্লিনিকাল পরীক্ষার পর ক্যান্সার সার্জনের কাছ থেকে ক্লিনিকাল সন্দেহ থাকতে পারে এবং স্তনের আল্ট্রাসাউন্ডেও সন্দেহজনক ফলাফল দেখা যেতে পারে, যা পরীক্ষা স্বাভাবিক হলেও বায়োপসির প্রয়োজনীয়তার ইঙ্গিত দিতে পারে। নালীর ক্যান্সার প্রাথমিক পর্যায়ে শনাক্ত করার জন্য বায়োপসি গুরুত্বপূর্ণ। কিছু পরিবর্তিত ক্লিনিকাল ফলাফল থাকতে পারে যার কারণে ডাক্তার আপনাকে দ্বিতীয় আল্ট্রাসাউন্ডের জন্য রেফার করেছেন এবং সন্দেহ থেকে যাওয়ার কারণে বায়োপসির মাধ্যমে নিশ্চিতকরণের প্রয়োজন। অনুগ্রহ করে চিন্তা করবেন না।"
17841,"হেলো, নাসেনিয়া ডকে আপনাকে স্বাগতম। আপনার বিলিরুবিনের মাত্রা (বিশেষ করে উচ্চ কনজুগেটেড বিলিরুবিন) বিবেচনা করে, আপনি হেপাটোসেলুলার জন্ডিসে ভুগছেন যার চিকিৎসা প্রয়োজন। সুপার ইনফেকশন প্রতিরোধের জন্য আপনার অ্যান্টিবায়োটিক প্রয়োজন হবে, সেই সাথে লিভার এনজাইম সাপ্লিমেন্টের জন্য ইউটিলাইজ ৩০০ মিগ্রা এবং কিছু খাদ্যতালিকাগত বিধিনিষেধ মেনে চলতে হবে। খাদ্যাভ্যাসের জন্য, আপনার এই নির্দেশিকাগুলো মেনে চলা উচিত: চর্বিযুক্ত ভাজা এবং জাঙ্ক ফুড এড়িয়ে চলুন, প্রচুর পরিমাণে তাজা ফল, ফলের রস এবং শাকসবজি খান। আপনার দিনে ৩ থেকে ৪ বার গ্লুকোজ পানি পান করা উচিত। তৈলাক্ত, চর্বিযুক্ত বা এমনকি উচ্চ প্রোটিন গ্রহণ এড়িয়ে চলুন। আপনার হোল গ্রেইন বা শস্যজাতীয় খাবার যেমন রুটি এবং ডালিয়া বা চিচি খাওয়া উচিত। আপনি কি দুর্বলতা অনুভব করছেন? বা আপনার ক্ষুধা কেমন? প্রাথমিক পর্যায়ে আপনার প্রতিদিন রক্ত পরীক্ষা এবং লিভার ফাংশন টেস্ট করা উচিত। সম্পূর্ণ চিকিৎসার জন্য আপনার ডাক্তার বা পারিবারিক চিকিৎসকের সাথে পরামর্শ করুন।"
96524,"প্রিয় সদস্য, লেখার জন্য ধন্যবাদ। আপনি নিজের এবং আপনার স্বামীর বয়স উল্লেখ করেননি। বয়স বাড়ার সাথে সাথে ডিম্বাশয়ের কার্যক্ষমতা কমে যাওয়ার সম্ভাবনা থাকে। স্বামীর বীর্যের প্যারামিটারগুলো কি স্বাভাবিক? ল্যাপারোস্কোপি এবং হিস্টেরোস্কোপির পাশাপাশি ফ্যালোপিয়ান টিউবগুলো খোলা আছে কি না তা পরীক্ষা করলে বিষয়টি আরও পরিষ্কার হবে। যদি ডিম্বাশয়ের রিজার্ভের জন্য রক্ত পরীক্ষাসহ সবকিছু স্বাভাবিক থাকে এবং ৫-৬ সাইকেল এফএসএইচ (FSH) ও জিইউআই (GUI) ব্যর্থ হওয়ার পরেও ৫-৬ চক্রের ক্লোমিড (Clomid) এবং জিইউআই (GUI) ব্যর্থ হয়, তবে আইভিএফ (IVF) এবং আইসিএসআই (ICSI) একটি বিকল্প হতে পারে। অনুগ্রহ করে বিশ্বাস রাখুন। বন্ধ্যাত্বের চিকিৎসার জন্য রোগী এবং ডাক্তার উভয়েরই প্রচুর ধৈর্যের প্রয়োজন। কোনো প্রশ্ন থাকলে আবার লিখবেন।"
105125,"হেলো। আমার প্রথম পরামর্শ হলো ক্রোনিন বা প্যারাসিটামলের বিকল্প হিসেবে আইবুপ্রোফেন ব্যবহার করার চেষ্টা করুন। আপনার শিশুর রোগ প্রতিরোধ ক্ষমতা বাড়াতে তাকে প্রচুর পরিমাণে জল, স্বাস্থ্যকর খাবার এবং ফলমূল দিন। তাপমাত্রা নিয়ন্ত্রণে সাহায্য করার জন্য আপনি হালকা গরম পানিতে গোসল করাতে পারেন বা ভেজা কাপড় পরতে পারেন কারণ এটি সাহায্য করে। কাশির জন্য আপনি ন্যাল (NaCl) দিয়ে অ্যারোসল থেরাপি ব্যবহার করে দেখতে পারেন, কারণ এই বয়সে এটি সাহায্য করে। যদি এই পরিস্থিতি ৩ দিনের বেশি সময় ধরে কোনো খাবার ছাড়াই চলতে থাকে, তবে আপনার একজন ডাক্তারের পরামর্শ নেওয়া উচিত। আশা করি আমার পরামর্শগুলো আপনার উপকারে আসবে।"
18953,"হেলো, জিজ্ঞাসা করার জন্য ধন্যবাদ। আপনার ক্লিনিকাল ইতিহাস এবং প্রশ্নের ভিত্তিতে, আমার মতামত নিচে দেওয়া হলো"
92693,"নাসেনিয়া ডকের কাছ থেকে আরও ভালো পরামর্শ পেতে অনুগ্রহ করে অন্যান্য রিপোর্টগুলোও উল্লেখ করুন। তীব্র ব্যথার পেছনে অবশ্যই কোনো কারণ থাকতে হবে। তরল জমা হওয়া এবং ব্যথা একসাথে পেটের কোনো সমস্যার ইঙ্গিত দেয়, যা সংবেদনশীল সিস্টেম অনুভব করছে। তার কি পুরো পেটের আল্ট্রাসাউন্ড করা হয়েছিল? যদি হয়ে থাকে, তবে বিস্তারিত তথ্যসহ তা করিয়ে নিন। যদি না হয়ে থাকে, তবে তা করিয়ে নিন। তিনি সম্ভবত কৃমির সংক্রমণ বা অ্যাসিড পেপটিক সিনড্রোমে ভুগছেন। অনুগ্রহ করে বিস্তারিত পরীক্ষা করান এবং আপনার ডাক্তারের সাথে দেখা করুন।"
92742,"হেলো, নাসেনিয়া ডকের সাথে যোগাযোগ করার জন্য ধন্যবাদ। ৩ বছর আগে হেপাটাইটিস বি সংক্রমণ ধরা পড়ার পর আপনার লিভারের কার্যকারিতা এখন স্বাভাবিক। তবে আপনি বাহক হতে পারেন। তাই এলআইএসএ (ELISA) ভাইরাল মার্কার পরীক্ষার মাধ্যমে আপনার নেগেটিভ সংক্রমণ নিশ্চিত করুন। যাই হোক, আপনার অনিয়মিত মলত্যাগ বাইরের খাবার, অতিরিক্ত চর্বিযুক্ত খাবার বা অতিরিক্ত মশলাদার খাবারের কারণে হতে পারে। এটি গ্যাস্ট্রোএন্টেরাইটিসের মতো ভাইরাস বা ব্যাকটেরিয়ার সংক্রমণের কারণেও হতে পারে। যদি ডায়রিয়ার সাথে শ্লেষ্মা বা রক্ত থাকে অথবা জ্বর থাকে, তবে অ্যান্টিবায়োটিক শুরু করুন। যদি পেশীর খিঁচুনি বেশি হয়, তবে ডাইসাইক্লোমিন নেওয়া যেতে পারে। অল্প অল্প করে বারবার খাবার খান। অ্যালকোহল, ধূমপান ইত্যাদি এড়িয়ে চলুন। সমস্যা বেশি হলে আল্ট্রাসনোগ্রাফি (USG) করান। নিজের যত্ন নিন। উন্নতি না হলে একজন গ্যাস্ট্রোএন্টারোলজিস্টের পরামর্শ নিন। নাসেনিয়া ডক।"
59850,"প্রিয় বন্ধু, নাসেনিয়া ডকের পক্ষ থেকে হেলো... গামা লেভেল বেড়ে যাওয়ার কারণগুলো জানতে আপনার আগ্রহের প্রশংসা করি। আমি আশা করি আপনি গামা গ্লুটামিল ট্রান্স পেপটাইডের কথা বলছেন? এর প্রধান কারণ হলো মদ্যপান... তবে ফ্যাটি লিভার বা অবস্ট্রাক্টিভ জন্ডিসের মতো আরও অনেক কারণে এটি বাড়তে পারে... অনুগ্রহ করে আপনার সম্পূর্ণ হেপাটো-বিলিয়ারি ফাংশন টেস্ট করান এবং রিপোর্ট নিয়ে আমাদের সাথে যোগাযোগ করুন... ধন্যবাদ এবং আপনার প্রশ্নের অপেক্ষায় রইলাম..."
100049,"হেলো অ্যামরেইন, যুক্তরাজ্যে হিউম্যান কোরিওনিক গোনাডোট্রপিন ইনজেকশন পাওয়া যায়, যার বাণিজ্যিক নাম হরাইজন এবং রেগ্যাল। একজন স্ত্রীরোগ বিশেষজ্ঞের পরামর্শ নেওয়ার পরেই আপনার এই চিকিৎসা নেওয়া উচিত। তাই প্রথমে একজন স্ত্রীরোগ বিশেষজ্ঞের সাথে পরামর্শ করুন, যিনি আল্ট্রাসাউন্ড ফলিকুলার স্টাডি করবেন এবং পরামর্শ দেবেন। তার উপদেশ মেনে চলুন। অন্ধভাবে এই ইনজেকশন নেবেন না। আপনার যদি আরও কোনো প্রশ্ন থাকে, তবে চ্যাট ডাক্তারের মাধ্যমে আমার সাথে যোগাযোগ করুন। আমি উত্তর দিতে পারলে খুশি হব।"
52614,"হেলো, নাসেনিয়া ডক ফোরামে আপনাকে স্বাগতম। আপনি যেভাবে বর্ণনা করেছেন, তাতে এটি টেস্টোস্টেরনের ঘাটতি বলে মনে হচ্ছে, যা পিটুইটারি গ্রন্থির ঘাটতির মতো হরমোনের উচ্চতর ঘাটতির কারণে হতে পারে। আমি আপনাকে রোগ নির্ণয় এবং চিকিৎসার জন্য একজন এন্ডোক্রিনোলজিস্টের সাথে পরামর্শ করার পরামর্শ দিচ্ছি। আপনার হরমোনের মাত্রা পরীক্ষা করার প্রয়োজন হতে পারে। সুস্বাস্থ্য এবং রোগ প্রতিরোধ ক্ষমতা বাড়াতে প্রচুর পরিমাণে সবুজ শাকসবজি, ডাল, অঙ্কুরিত শস্য এবং প্রোটিন সমৃদ্ধ খাবার খান। আপনার দ্রুত এবং সম্পূর্ণ সুস্থতা কামনা করছি। ধন্যবাদ।"
93087,"হেলো। আঘাতের পর নিচের ঠোঁট এবং চিবুকে অসাড়তা নিচের কারণগুলোর জন্য হতে পারে: ১. ফ্র্যাকচার ফ্র্যাগমেন্টের মাঝে মানসিক স্নায়ুর নড়াচড়া বা ইম্পিঞ্জমেন্ট। ২. অস্ত্রোপচারের সময় মানসিক স্নায়ুর আঘাত, যেমন ফ্ল্যাপ রিফ্লেকশনের সময় আঘাত। ৩. স্নায়ুর ওপর প্লেট বা প্লেটের নড়াচড়া। স্নায়ুর আঘাত থেকে সেরে ওঠা নির্ভর করে আঘাতের তীব্রতার ওপর; যদি এটি সামান্য সংকোচন বা স্নায়ুর ওপর চাপের (নিউরোপ্যাক্সিয়া) কারণে হয়, তবে ৩ থেকে ৬ মাসের মধ্যে সেরে যাওয়া সম্ভব। যদি এটি নিউরোসিস (স্নায়ুর ওপর চাপ) ধরনের আঘাত হয়, তবে পুরোপুরি সেরে ওঠা যায় না। ভিটামিন গ্রহণ করুন যা স্নায়ুর বৃদ্ধিতে সহায়তা করে এবং ৩ থেকে ৬ মাস অপেক্ষা করুন। প্লেট সাধারণত দ্বিতীয়বার সংক্রমিত না হওয়া পর্যন্ত অপসারণ করা হয় না। যদি এটি বায়োরিসোর্বেবল প্লেট হয় তবে এটি নিজে থেকেই অদৃশ্য হয়ে যেতে পারে, আর যদি এটি স্টেইনলেস স্টিল বা টাইটানিয়াম প্লেট হয়, তবে এটি তেমনই থাকবে। আপনার সুস্বাস্থ্য কামনা করি।"
66539,"হেলো কিয়োটো, আপনার অনুসন্ধানের জন্য ধন্যবাদ। আপনার পোস্টে উল্লিখিত শ্বাসকষ্ট ব্রঙ্কোকনস্ট্রিকশন (ছোট শ্বাসনালীর পথ অবরুদ্ধ হওয়া) এর কারণে হয়, যা শ্বাসনালীর অতি-সংবেদনশীলতার (মৌসুমি অ্যালার্জি বা হাঁপানি) লক্ষণ। এর ব্যবস্থাপনার মধ্যে রয়েছে"
61974,"হেলো, নাসেনিয়া ডকে আপনাকে স্বাগতম। আপনি বুকে ব্যথার অভিযোগ করছেন এবং ব্রঙ্কাইটিস ধরা পড়েছে। আপনার বুকের এক্স-রে স্বাভাবিক, জ্বর নেই, তাই নিউমোনিয়ার কোনো সমস্যা নেই। আপনার বুকের অস্কালটেশনের পাশাপাশি স্পাইরোমেট্রির মাধ্যমে পালমোনারি ফাংশন টেস্ট করা প্রয়োজন। স্পাইরোমেট্রি ফুসফুসের রোগের তীব্রতা মূল্যায়নে এবং সেই অনুযায়ী চিকিৎসার ক্ষেত্রে সাহায্য করে। যদি ব্রঙ্কোকনস্ট্রিকশন বেশি হয় তবে ব্রঙ্কোডাইলেটর দেওয়া যেতে পারে। যদি প্রদাহজনিত ফোলা বেশি হয় তবে স্বল্পমেয়াদী স্টেরয়েড কোর্সও দেওয়া যেতে পারে। দিনে দুইবার ভাপ নেওয়া উপকারী। ধূমপান এড়িয়ে চলুন। আপনার পরীক্ষার জন্য একজন পালমোনোলজিস্টের পরামর্শ নিন। ভালো থাকবেন।"
78153,"হেলো। নাসেনিয়া ডকে আমাদের কাছে লেখার জন্য আপনাকে ধন্যবাদ। আমি অ্যালোপেসিয়া এরিয়াটা (AA)-এর একটি সম্ভাবনা রাখছি, যা ক্লিনিক্যালি চুল পড়ার মসৃণ, টাক পড়া দাগ হিসেবে দেখা দেয়। এই অবস্থাটি মাথার ত্বকে বেশি দেখা যায়, তবে এটি দাড়ি, গোঁফ, ভ্রু এবং চোখের পাপড়ির মতো অন্যান্য লোমশ এলাকাকেও প্রভাবিত করতে পারে। এই দাগগুলো নিজে থেকেই বা চিকিৎসার প্রতিক্রিয়ায় নতুন চুল গজাতে পারে। ট্রায়ামসিনোলোন অ্যাসিটোনাইডের মতো দীর্ঘমেয়াদী ডেপো প্রিপারেশনের ইন্ট্রা-লেশনাল ইনজেকশন হলো পছন্দের চিকিৎসা; এই ইনজেকশনগুলো প্রতি ৩ সপ্তাহে একবার দেওয়া হয় এবং টাক পড়া দাগগুলো সাধারণত প্রায় ২-৩টি ইনজেকশনে নতুন চুল গজায়। যে চুল গজায় সেগুলো শুরুতে সূক্ষ্ম এবং হালকা রঙের হতে পারে অথবা পুরোপুরি সাদা হতে পারে, কিন্তু পরবর্তীতে তা আবার আগের অবস্থায় ফিরে আসে। শুভেচ্ছা।"
30440,"হেলো, নাসেনিয়া ডক ফোরামে আপনাকে স্বাগতম। হ্যাঁ, মাল্টিপল অর্গান অ্যাট্রোফি একটি বিরল রোগ। হোমিওপ্যাথিতে আপনার রোগের ওপর ভিত্তি করে ওষুধ দেওয়া হয় না, বরং উপসর্গের ওপর ভিত্তি করে ওষুধ দেওয়া হয়। এই কারণেই হোমিওপ্যাথিতে আপনি মাল্টিপল অর্গান অ্যাট্রোফির মতো বেশ কিছু জটিল এবং দুরারোগ্য রোগের চিকিৎসা করতে পারেন। তাই আমার মনে হয় আপনার বাবার জন্য হোমিওপ্যাথিক চিকিৎসা শুরু করা উচিত। আরও তথ্যের জন্য আমাদের info@নাসেনিয়া ডক.com এ মেইল করুন অথবা আমাদের ওয়েবসাইট WWW ভিজিট করুন।"
87847,"হেলো, নাসেনিয়া ডকে আপনার পোস্টের জন্য ধন্যবাদ। আমি আপনার প্রশ্নটি মনোযোগ দিয়ে পড়েছি এবং আপনার উদ্বেগের বিষয়টি বুঝতে পেরেছি। চিন্তা করবেন না, এটি চিন্তার মতো কোনো গুরুতর সমস্যা নয়। আমার মনে হয় এটি একটি পেশী, যা স্থানীয় আঘাতের কারণে হয়েছে। আঘাত থেকে লালা নালীতে মিউকাস জমা হওয়ার ফলে মিউকোসিল তৈরি হয়। সাধারণত এটি ক্ষতিকারক নয় এবং অল্প সময়ের মধ্যে নিজে থেকেই সেরে যায়। প্রক্রিয়াটিকে ত্বরান্বিত করতে আপনি দিনে দুই থেকে তিনবার লবণ পানি দিয়ে ভালোভাবে মুখ কুলকুচি করতে পারেন। যদি এটি দীর্ঘস্থায়ী হয়, তবে আপনি লেজার চিকিৎসা বা অস্ত্রোপচারের মাধ্যমে অপসারণের জন্য একজন চর্মরোগ বিশেষজ্ঞের কাছে যেতে পারেন। আমার মনে হয় এটি আপনাকে সাহায্য করবে। আপনার সুস্বাস্থ্য কামনা করি। শুভেচ্ছা।"
75946,"আপনার অনুসন্ধানের জন্য ধন্যবাদ, আমি আপনার অনুসন্ধানটি দেখেছি। দাঁত ও মাড়ির ব্যথা মাড়ির সংক্রমণ বা দাঁতের সংক্রমণের কারণে হতে পারে। রাতে ব্যথা হওয়া পালপাইটিস (দাঁতের সংক্রমণ)-এর একটি বৈশিষ্ট্য। আপনার ওরাল ফিজিশিয়ানের সাথে পরামর্শ করুন এবং কোনো সংক্রমণ আছে কিনা তা নিশ্চিত করতে একটি রেডিওগ্রাফ (এক্স-রে) করান। যদি এটি মাড়ি বা দাঁতের সংক্রমণ হয়, তবে আপনি ৫ দিনের জন্য অ্যামোক্সিসিলিন ৫০০ মিগ্রা এবং মেট্রোনিডাজল ৪০০ মিগ্রা দিনে তিনবার (যদি আপনার অ্যালার্জি না থাকে) অ্যান্টিবায়োটিক কোর্স নিতে পারেন। অ্যান্টিবায়োটিক নেওয়ার পর, দাঁতের সংক্রমণের জন্য আপনি আরসিটি (RCT) করাতে পারেন (যদি হাড়ের সাপোর্ট ঠিক থাকে)। যদি এটি মাড়ির সংক্রমণ হয়, তবে একবার দাঁত পরিষ্কার করান এবং মুখের স্বাস্থ্যবিধি বজায় রাখুন। প্রয়োজনে দাঁত মজবুত করার জন্য গ্রাফ্ট বসানো যেতে পারে। স্যালাইন দিয়ে কুলকুচি করুন। আশা করি আমার উত্তরটি আপনাকে সাহায্য করবে, ভালো থাকবেন।"
64589,"হেলো। নাসেনিয়া ডকে আপনাকে স্বাগতম এবং আপনার প্রশ্নের জন্য ধন্যবাদ। আমি আপনার উদ্বেগ বুঝতে পারছি। স্পষ্টতই, আপনি এই নতুন ঘটনা বা অনুভূতি নিয়ে খুব বেশি চিন্তিত ছিলেন যা আপনি অনুভব করছেন। বিভিন্ন মানসিক চাপের পরিস্থিতিতে, শারীরিক বা মানসিক উভয়ই, হৃদস্পন্দন এবং রক্তচাপ বৃদ্ধি পাওয়ার প্যারামিটার। আপনার বয়স এই ব্যথার সাথে করোনারি ধমনীর উৎপত্তির সাথে খুব একটা সামঞ্জস্যপূর্ণ নয় (অর্থাৎ করোনারি ধমনীর ভেতরে কোনো ব্লকেজ - যে ধমনীগুলো হৃদপিণ্ডকে মুকুটের মতো ঘিরে রাখে এবং হৃদপেশিতে অক্সিজেন ও গুরুত্বপূর্ণ পুষ্টি সরবরাহ করে)। তবে, এনজাইনা মূলত বুকের মাঝখানে চাপ ধরা বা ভারী অনুভূতির মতো, যা গলা, কাঁধ এবং বাম কাঁধ ও বাম হাতে ছড়িয়ে পড়ে। এটি খাবার গ্রহণের সাথে সম্পর্কিত নয় এবং ব্যায়াম বন্ধ করলে কমে যায়। আমি ধরে নিচ্ছি যে আপনি ২৭ বছর বয়সী একজন সক্রিয় এবং সুস্থ, তাই মাঝারি শারীরিক পরিশ্রমের সময় আপনি এই ধরনের ব্যথা অনুভব করবেন। এই ধরনের বুকে ব্যথার অন্যান্য উৎস থাকতে পারে। আর যদি এটি খাবার সম্পর্কিত হয়, তবে সবচেয়ে বেশি সম্ভাবনা হলো এটি পরিপাকতন্ত্রের কোনো সমস্যার কারণে হচ্ছে। আমি আপনাকে একজন গ্যাস্ট্রো-হেপাটোলজিস্টের (পরিপাকতন্ত্র এবং লিভার বিশেষজ্ঞ) সাথে পরামর্শ করার পরামর্শ দেব, যাতে এটি নিশ্চিত হওয়া যায় যে এই ব্যথা ইসোফেজিয়াল স্প্যাজম (যে নালীটি ফ্যারিংসকে পাকস্থলীর সাথে সংযুক্ত করে) থেকে আসছে নাকি পাকস্থলী বা ক্ষুদ্রান্ত্রের কোনো অস্বাভাবিক প্রক্রিয়ার কারণে হচ্ছে। এই সমস্যাগুলো সঠিকভাবে মূল্যায়ন করার জন্য একটি আপার গ্যাস্ট্রোইনটেস্টাইনাল এন্ডোস্কোপির প্রয়োজন হতে পারে। আশা করি আমার উত্তরটি আপনার উপকারে এসেছে। শুভেচ্ছা রইল।"
89099,"হেলো, যেহেতু এটি সার্ভিকাল স্পাইন নার্ভ রুট এনট্র্যাপমেন্টের মতো মনে হচ্ছে, তাই লক্ষণগুলো দেখা দিচ্ছে। আমি একটি এমআরআই (MRI) করার পরামর্শ দেব। এরপর আমরা চিকিৎসার পরিকল্পনা করতে পারব। চিকিৎসার মধ্যে রয়েছে - সার্ভিকাল সফট কলার ব্যবহার করে ঘাড় স্থিতিশীল করা, ঘাড়, পিঠের উপরের অংশ এবং কাঁধে গরম পানির সেঁক দেওয়া। এর পরে, স্ট্যাটিক নেক এক্সারসাইজ এবং রেঞ্জ অফ মোশন এক্সারসাইজের মতো সাধারণ ঘাড় স্থিতিশীলকরণ ব্যায়ামগুলো করা সহায়ক হবে। এছাড়াও, কাঁধের স্থিতিশীলতার ব্যায়াম, ইন্টার-স্ক্যাপুলার পেশী শক্তিশালী করার ব্যায়াম এবং হাতের উপরের অংশের পেশী শক্তিশালী করার ব্যায়ামগুলো লক্ষণগুলোকে অনেকাংশে কমাতে সাহায্য করবে। আশা করি আমি আপনার প্রশ্নের উত্তর দিতে পেরেছি। আমি আপনাকে আরও কোনোভাবে সাহায্য করতে পারি কিনা তা জানাবেন। ভালো থাকবেন, জে ইন নাসেনিয়া ডক।"
94228,"হেলো... প্রতি বছর স্টেন্ট ব্লক হওয়ার সম্ভাবনা প্রায় ৬%। গড়ে, তাই একজন ব্যক্তি ডায়াবেটিক নন এমন ব্যক্তি থেকে শুরু করে স্বাস্থ্যকর জীবনযাপন করলে এটি কতদিন স্থায়ী হবে তা বলা খুব কঠিন... আপনার ওষুধের ক্ষেত্রে বিশেষ করে অ্যান্টিপ্লেটলেট ব্যবহার করা উচিত, কারণ কোনো কারণে স্টেন্ট ব্লক হওয়ার সম্ভাবনা খুব বেশি থাকে... আপনি আপনার ব্যায়াম ধাপে ধাপে বাড়াতে পারেন... এমনকি স্টেন্টিংয়ের আগের ব্যায়ামও অনুমোদিত... এবং আরও স্বাগতম... নিজের যত্ন নেবেন..."
40090,"হেলো, নাসেনিয়া ডকে আপনাকে স্বাগতম। আমি আপনার প্রশ্ন এবং উদ্বেগ বুঝতে পেরেছি। আপনার ক্ষেত্রে অনিয়মিত হৃদস্পন্দন হৃদপিণ্ডের অ্যারিথমিয়ার ইঙ্গিত দেয়, যার অর্থ হৃদপিণ্ডের পরিবাহী ব্যবস্থায় অস্বাভাবিকতা, যা দীর্ঘস্থায়ী মানসিক চাপ এবং উদ্বেগের কারণে হতে পারে। রোগ নির্ণয়ের জন্য আমি আপনাকে অবিলম্বে ইসিজি (ECG) এবং হৃদপিণ্ডের টু-ডি ইকো (2D Echo) করার পরামর্শ দিচ্ছি। রুটিন চেকআপের অংশ হিসেবে আমি আপনাকে অবিলম্বে লিপিড প্রোফাইল, কমপ্লিট ব্লাড পিকচার এবং বুকের এক্স-রে করার পরামর্শ দিচ্ছি। নাসেনিয়া ডক। মানসিক চাপ এবং উদ্বেগ এড়িয়ে চলুন। ধূমপান, অ্যালকোহল এবং চর্বিযুক্ত খাবার এড়িয়ে চলুন। আপনার ক্ষেত্রে লিপিড প্রোফাইল অস্বাভাবিক হলে অ্যাটোরভাস্ট্যাটিন দিয়ে চিকিৎসা করা উচিত। অবিলম্বে রক্তচাপ এবং হৃদস্পন্দন পর্যবেক্ষণ করুন। ইপি স্টাডি এবং রেডিওফ্রিকোয়েন্সি অ্যাবলেশন হবে পছন্দের চিকিৎসা পদ্ধতি। বিশেষজ্ঞ ব্যবস্থাপনার জন্য আপনার কার্ডিওলজিস্টের সাথে পরামর্শ করুন। আপনার আরও কোনো প্রশ্ন থাকলে জানান। ধন্যবাদ।"
45520,"হেলো! শুভ সকাল। আমি নাসেনিয়া ডক, আপনার প্রশ্নের উত্তর দিচ্ছি। আপনার লক্ষণগুলো থেকে বোঝা যায় যে, মলের সাথে তরল নির্গত হওয়া আপনার অন্ত্রের হার্নিয়ার সাথে সম্পর্কিত নাও হতে পারে। এটি অনিয়ন্ত্রিত ডায়াবেটিসের কারণে হতে পারে, তাই আমি আপনাকে পরামর্শ দেব যে কোনো ধরনের ডেন্টাল বা ইনভেসিভ চিকিৎসা নেওয়ার আগে আপনার রক্তে শর্করার মাত্রা পরীক্ষা করিয়ে নিন। প্রথমে কোন অস্ত্রোপচার করা উচিত তার উত্তর নির্ভর করে আপনার চিকিৎসকের শারীরিক অবস্থার জরুরি অবস্থার ক্লিনিকাল মূল্যায়নের ওপর এবং তিনি এটি সতর্কতার সাথে বিচার করবেন। শর্করার মাত্রা নিয়ন্ত্রণে এলে এবং চিকিৎসক আপনাকে শারীরিকভাবে সুস্থ করে তুললে, অগ্রাধিকারের ওপর ভিত্তি করে যেকোনো অস্ত্রোপচার করা যেতে পারে। আমি আশা করি এই তথ্যটি আপনার সমস্যার পরবর্তী ব্যবস্থাপনার বিষয়ে আপনার পারিবারিক চিকিৎসক বা আপনার চিকিৎসা প্রদানকারী ডাক্তারের সাথে আলোচনা করতে সাহায্য করবে। কোনো সন্দেহ থাকলে নির্দ্বিধায় জিজ্ঞাসা করবেন। আপনার স্বাস্থ্য সমস্যার বিষয়ে সন্দেহ দূর করতে নাসেনিয়া ডককে বেছে নেওয়ার জন্য ধন্যবাদ। আপনার দ্রুত আরোগ্য কামনা করছি। নাসেনিয়া ডক।"
96828,হেলো! নাসেনিয়া ডকে আপনাকে স্বাগতম! আপনার উপসর্গগুলো বিভিন্ন সম্ভাব্য কারণের সাথে সম্পর্কিত হতে পারে।
24031,"হেলো স্বাগতম, এসজিওটি (SGOT), এসজিপিটি (SGPT) এবং বিলিরুবিনের মাত্রা সবই এলএফটি (LFT)-এর অন্তর্ভুক্ত। লিভারের কার্যকারিতা স্বাভাবিক হয়ে গেলে এগুলো স্বাভাবিক মাত্রায় ফিরে আসবে। মিস্টার গুপ্তা, এই জন্ডিসের (জন্ডিস) জন্য আয়ুর্বেদে সর্বোত্তম চিকিৎসা পাওয়া যায়। আপনি আপনার এলাকার একজন ভালো ডাক্তারের সাথে যোগাযোগ করুন এবং ওষুধের পাশাপাশি আপনাকে কিছু সতর্কতা অবলম্বন করতে হবে: ১- লবণ এড়িয়ে চলুন ২- তৈলাক্ত ও চর্বিযুক্ত খাবার যেমন তেল গ্রহণ থেকে বিরত থাকুন ৩- অন্তত ১ মাস বিশ্রাম নিন ৪- প্রতি ৩ সপ্তাহে একবার মাত্রা পরীক্ষা করুন। যদি আপনি আপনার এলাকায় আয়ুর্বেদ ডাক্তার না পান, তবে বিস্তারিত তথ্যসহ আমার সাথে যোগাযোগ করুন, আমি আপনাকে সেরা ওষুধ দিতে পারব। christyjoseph1@gmail.com"
107155,"হেলো, আমি আপনার সমস্যাটি পড়েছি। সাধারণত ১ মাস পর্যন্ত ব্যথানাশক ওষুধ দিয়ে পিঠের ব্যথা নিয়ন্ত্রণ করা হয়। যদি এটি ১ মাসের বেশি স্থায়ী হয়, তবে আরও পরীক্ষা-নিরীক্ষা করা হয়। যেহেতু আপনার প্রচণ্ড ব্যথা হচ্ছে, তাই আমি আপনাকে নিচের পরামর্শগুলো দিচ্ছি।"
27497,"হেলো, আমি নাসেনিয়া ডক। আমার মতে এটি একটি লিগামেন্টজনিত আঘাত হতে পারে, যেখানে আপনার পেশীর উৎপত্তিস্থল থেকে সেরে উঠতে সময় লাগতে পারে। আপনার দেওয়া ইতিহাস থেকে আমার মনে হয় না যে আপনার লিগামেন্ট ছিঁড়ে গেছে বা আংশিকভাবে হয়েছে, তাই আমি আপনাকে চিন্তিত করতে চাই না। প্রয়োজনে আপনি অ্যাডভিলের মতো ব্যথানাশক ওষুধ ব্যবহার করতে পারেন, টপিক্যাল জেল দিয়ে গরম সেঁক দিতে পারেন এবং হাঁটুতে সাপোর্ট ব্যবহার করা সহায়ক হবে। যদি ব্যথা থেকে যায় বা ফোলা বেড়ে যায়, তবে সঠিক মূল্যায়ন ও চিকিৎসার জন্য কোনো ফাটল, পেশী বা লিগামেন্ট ছিঁড়ে যাওয়া, মেনিসকাস বা তরুণাস্থির আঘাত আছে কিনা তা নিশ্চিত করতে আমি এক্স-রে এবং এমআরআই করার পরামর্শ দিচ্ছি। তথ্যটি সহায়ক হলে অনুগ্রহ করে ৫-স্টার রেটিং এবং কিছু ইতিবাচক মতামত দিন। আপনার সুস্বাস্থ্য কামনা করি, আরও কোনো স্পষ্টীকরণের প্রয়োজন হলে নির্দ্বিধায় জিজ্ঞাসা করুন।"
32484,"নাসেনিয়া ডকে আপনার প্রশ্নের জন্য ধন্যবাদ। আমি আপনার উদ্বেগ বুঝতে পারছি। না, এই মাথা ঘোরার সাথে অটামের কোনো সম্পর্ক নেই। আপনার ইতিহাস এবং বর্ণনা অনুযায়ী, আমাদের অবশ্যই মস্তিষ্কের রোগ যেমন প্রাথমিক রক্তক্ষরণ, ইস্কেমিয়া ইত্যাদি আছে কিনা তা নিশ্চিত হতে হবে। আপনার মাথা চাপ, মাথা ঘোরা, শরীরের একপাশে নড়াচড়ার অনুভূতি (ভারসাম্যহীনতা) ইত্যাদি সব লক্ষণই মস্তিষ্কের রোগের সাধারণ লক্ষণ। আর উচ্চ রক্তচাপ এই ধরনের রোগের একটি ঝুঁকির কারণ। তাই এটি নিশ্চিত করতে মস্তিষ্কের এমআরআই (MRI) করান। যদি এমআরআই স্বাভাবিক থাকে, তবে খুব বেশি চিন্তার প্রয়োজন নেই। কখনও কখনও ভিটামিন বি১২-এর ঘাটতির কারণেও একই ধরনের লক্ষণ দেখা দিতে পারে। তাই ভিটামিন বি১২-এর মাত্রাও পরীক্ষা করান এবং ঘাটতি থাকলে আপনার সাপ্লিমেন্টের প্রয়োজন হবে। যেকোনো পরিস্থিতিতে, রক্তচাপ কঠোরভাবে নিয়ন্ত্রণ করা প্রয়োজন। খাদ্যাভ্যাসে লবণের পরিমাণ কঠোরভাবে নিয়ন্ত্রণ করাও প্রয়োজন। চিন্তা করবেন না, আপনি সুস্থ হয়ে উঠবেন, তবে প্রথমে মস্তিষ্কের রোগ আছে কিনা তা নিশ্চিত করুন। আশা করি আমি আপনার প্রশ্নের সমাধান করতে পেরেছি। আপনাকে আরও সাহায্য করতে পারলে আমি খুশি হব। আপনার সুস্বাস্থ্য কামনা করি। ধন্যবাদ।"
32461,"হেলো প্রিয়, চোখের সাথে চোখের যোগাযোগ বজায় রাখা কঠিন, কিন্তু আপনি কতদিন ধরে এই সমস্যায় ভুগছেন? কখনও কখনও খুব লাজুক ব্যক্তিরা চোখের সাথে যোগাযোগ বজায় রাখতে পারেন না। যাদের ছোটবেলা থেকেই এই সমস্যা রয়েছে, তাদের সাইকোথেরাপি এবং বিহেভিয়ার থেরাপির প্রয়োজন হয়। তাই বিস্তারিত ইতিহাস এবং চিকিৎসার জন্য একজন মনোরোগ বিশেষজ্ঞের পরামর্শ নিন। এর সাথে কি অন্য কোনো লক্ষণ আছে, যেমন মন খারাপ থাকা, মনোযোগ দিতে না পারা, ঘুম ও খাওয়ার অনিয়ম ইত্যাদি? ধন্যবাদ।"
33118,"হেলো, নাসেনিয়া ডক চাইল্ড নাসেনিয়া ডকে আপনাকে স্বাগতম। যদি সঠিকভাবে চিকিৎসা না করা হয়, তবে এই অবস্থা হুপিং কাশিতে পরিণত হতে পারে যা অনেক বেশি বিরক্তিকর এবং নিরাময় করা কিছুটা কঠিন। এই ধরনের ক্ষেত্রে হোমিওপ্যাথি ভালো সাড়া দেয় এবং সম্পূর্ণ নিরাময় প্রদান করে। আপনি চিকিৎসার জন্য যেকোনো হোমিওপ্যাথিক চিকিৎসকের কাছে যেতে পারেন। ইতিমধ্যে, আমি কিছু ওষুধ লিখে দিচ্ছি যা আপনি প্রেসক্রিপশন অনুযায়ী শুরু করতে পারেন: গ্রাফিক নুটেনস ৩০ ৬ পিল দিনে দুবার, অ্যান্টি টারট ৩০ ৬ পিল দিনে দুবার, ডুলসিমার ৩০ ৬ পিল দিনে দুবার এবং আরস গড ৩ এক্স ৪ পিল দিনে দুবার। ১৫ দিন ওষুধটি সেবন করুন। আশা করি এটি আপনার কাছে পরিষ্কার হয়েছে, কোনো প্রশ্ন থাকলে নির্দ্বিধায় জিজ্ঞাসা করুন। সুস্বাস্থ্য কামনা করি। ধন্যবাদ।"
104859,"হেলো, আমার মনে হয় যদি আপনার পিরিয়ড মিস হয়ে থাকে তবে আপনি গর্ভবতী হতে পারেন। একটি ইউরিন প্রেগন্যান্সি টেস্ট করিয়ে নিন। যদি এটি পজিটিভ হয়, তবে আপনি গর্ভবতী এবং আপনার একজন ডাক্তারের পরামর্শ নেওয়া উচিত। যদি এটি নেগেটিভ হয়, তবে পিরিয়ড আসার জন্য আপনাকে কিছু ওষুধ খেতে হবে। আপনি যদি গর্ভবতী না হন, তবে ৩ থেকে ৬ মাস স্বাভাবিকভাবে চেষ্টা করে ওভুলেশন ইনডাকশন নিতে পারেন। এ বিষয়ে আপনার ডাক্তারের সাথে কথা বলুন। আশা করি আমি আপনার প্রশ্নের উত্তর দিতে পেরেছি। আমি আপনাকে আরও কোনোভাবে সাহায্য করতে পারি কিনা তা আমাকে জানান।"
72542,"নাসেনিয়া ডকে আপনাকে স্বাগতম। আমি আপনার উদ্বেগগুলো পুরোপুরি বুঝতে পারছি, তবে চিন্তা করবেন না। শিশুর অন্ত্র সুস্থ রাখার সর্বোত্তম উপায় হলো জীবনের প্রথম ৬ মাস শুধুমাত্র বুকের দুধ খাওয়ানো এবং তারপর সম্পূর্ণ পুষ্টি নিশ্চিত করার জন্য পর্যায়ক্রমে পরিপূরক খাবার শুরু করা। ফর্মুলা খাওয়ানোর পর কোষ্ঠকাঠিন্য, বদহজম এবং বমি সাধারণত নির্দেশ অনুযায়ী সঠিক অনুপাতে খাবার না দেওয়ার কারণে (প্রতি ওজে ১ স্কুপ) হয়ে থাকে। তাই সঠিক অনুপাতে খাবার এবং বন্ধ্যাত্ব নিশ্চিত করুন। যদি এর পরেও আপনার শিশু তা সহ্য করতে না পারে, তবে আপনি ল্যাকটোজ বা ল্যাকটোজ ব্যবহার করে দেখতে পারেন। আশা করি এটি আপনাকে সাহায্য করবে। ভালো থাকবেন।"
49221,"হেলো, নাসেনিয়া ডক ব্যবহার করার জন্য ধন্যবাদ। কাশি এবং সর্দির অনেক ওষুধ প্রেসক্রিপশন ছাড়াই পাওয়া যায়। সঠিক নামগুলো এক এলাকা থেকে অন্য জায়গায় ভিন্ন হতে পারে। সাধারণ সর্দির ওষুধ সর্দি থেকে সেরে উঠতে দ্রুত সাহায্য করে না, তবে অভিজ্ঞতার লক্ষণগুলো কমাতে সাহায্য করে। ওষুধগুলোতে বিভিন্ন উপাদান থাকে যা বিভিন্ন লক্ষণের ক্ষেত্রে সাহায্য করে। ডিকনজেস্ট্যান্ট সাইনাস কনজেশনের কারণে নাক বন্ধ হওয়া এবং মুখের ব্যথার ক্ষেত্রে সাহায্য করবে। অ্যান্টিহিস্টামিনও কনজেশন এবং হাঁচির ক্ষেত্রে সাহায্য করতে পারে। যদি আপনার কাশি থাকে, তবে কাশির ওষুধ পাওয়া যায়। যদি কাশি ভেজা থাকে, তবে মিউকোলাইটিকযুক্ত কাশির সিরাপ সহায়ক হতে পারে। কী পাওয়া যায় তা জানার জন্য আপনি আপনার স্থানীয় ফার্মেসির সাথে কথা বলার কথা বিবেচনা করতে পারেন। আশা করি এটি আপনাকে সাহায্য করবে।"
69715,"হেলো, প্রথমত, এই রিডিংয়ের সময় আপনার কি কোনো উপসর্গ আছে? কারণ এই হৃদস্পন্দনের সময় মাথা ঘোরা, অজ্ঞান হয়ে যাওয়া, বুকে ব্যথা বা ভারী ভাব, শ্বাসকষ্ট ইত্যাদির মতো গুরুতর উপসর্গ দেখা দেয়। যদি না থাকে, তবে এটি ভুল রিডিং হওয়ার সম্ভাবনা থাকে। কখনও কখনও এটি প্রতিটি নাড়ির স্পন্দনকে দুটি হিসেবে রেকর্ড করতে পারে এবং হৃদস্পন্দনের হারকে দ্বিগুণ করে। যদি আপনার উপসর্গ থাকে, তবে এটি পিএসভি (PSV) বা অ্যাট্রিয়াল ফিব্রিলেশনের মতো কার্ডিয়াক অ্যারিথমিয়া হতে পারে, যেখানে হৃদস্পন্দন হঠাৎ বেড়ে যায় এবং আবার হঠাৎ কমে যায়। এই পর্বগুলোর সময় রক্তচাপ কমে যায় এবং মাথা ঘোরা, অজ্ঞান হয়ে যাওয়া, চোখে অন্ধকার দেখা বা কখনও কখনও সিনকোপ হতে পারে। সাধারণত ইসিজি স্বাভাবিক থাকে কারণ এটি পর্বগুলোর মধ্যবর্তী সময়ে করা হয়। পর্ব চলাকালীন ইসিজি করলে অস্বাভাবিকতা ধরা পড়বে। আপনি ২৪ ঘণ্টার হোল্টার মনিটরিং পুনরাবৃত্তি করতে পারেন। এছাড়াও, হিমোগ্লোবিন এবং থাইরয়েড পরীক্ষা করা উচিত। এই ধরনের পর্বগুলো বন্ধ করার জন্য আপনি জোরে কাশি দেওয়ার চেষ্টা করতে পারেন। আপনার মূল্যায়ন সম্পন্ন না হওয়া পর্যন্ত, আপনি আপনার স্থানীয় ডাক্তারের পরামর্শ নিয়ে দিনে একবার ট্যাব কলার এলএ ২০ মিগ্রা (tab collar LA 20 mg) সেবন করতে পারেন। যদি উপরের কোনোটিই সফল না হয়, তবে শেষ বিকল্প হলো ইলেক্ট্রোফিজিওলজিস্ট স্টাডিজ, যা একটি ইনভেসিভ পরীক্ষা এবং এটি বেশিরভাগ ক্ষেত্রে অ্যারিথমিয়া স্থায়ীভাবে নির্ণয় ও চিকিৎসা করতে পারে।"
43586,"আপনার অন্তত ৬ মাস অপেক্ষা করা উচিত ছিল, ডাক্তার কোনো রক্ত পরীক্ষার পরামর্শ দেন না। কারণ কিছু ভাইরাল সংক্রমণ আছে যা প্রাথমিক গর্ভপাতের কারণ হতে পারে। ৬ মাস অপেক্ষা করুন। স্বাস্থ্যকর খাবার খান এবং গর্ভধারণের চেষ্টা করুন। সতর্কতার বিষয়ে বলতে গেলে, ৩ মাস পর থেকে ওরাল ফলিক অ্যাসিড শুরু করুন এবং তারপর আপনার ডাক্তারের পরামর্শ অনুযায়ী তা চালিয়ে যান। গর্ভবতী হওয়ার সাথে সাথেই ডাক্তারের সাথে পরামর্শ করুন এবং প্রয়োজনে ওষুধ ও ইনজেকশন শুরু করুন। গর্ভবতী হওয়ার সাথে সাথেই বেশি বিশ্রাম নিন। পরীক্ষার ফলাফল পজিটিভ হলে কোনো শারীরিক মিলন করবেন না।"
15304,"হেলো। আপনার অনুসন্ধানের জন্য ধন্যবাদ। আপনার শারীরিক ইতিহাস জরায়ু নেমে যাওয়ার (ইউটেরাইন প্রোল্যাপস) প্রবল ইঙ্গিত দেয়। আমি আপনাকে একজন স্ত্রীরোগ বিশেষজ্ঞের মাধ্যমে পরীক্ষা করানোর পরামর্শ দেব, যেখানে জরায়ু নিচে নেমে এসেছে কি না এবং মূত্রাশয় বা মলদ্বারের সাথে এর কোনো সম্পর্ক আছে কি না, তা দেখার জন্য চাপ প্রয়োগের সময় পার-স্পেকুলাম পরীক্ষা করা উচিত। তিনি প্রকৃত মাসিক না হওয়া সত্ত্বেও ব্যথার কারণ খুঁজে বের করতে পারবেন। আল্ট্রাসনোগ্রাফি এবং অন্যান্য রক্ত ও প্রস্রাব পরীক্ষা আপনার অনুভূতি ও সমস্যার অন্যান্য কারণগুলো বাদ দিয়ে সঠিক রোগ নির্ণয়ে সাহায্য করবে।"
53156,"হেলো, আমাদের সাইটে আপনাকে স্বাগতম। আমি নাসেনিয়া ডক। আপনার প্রশ্নটি পড়েছি। এটি একটি অত্যন্ত গুরুত্বপূর্ণ প্রশ্ন এবং আমি আপনার সমস্যার বিষয়টি বুঝতে পারছি। আমি আপনার প্রশ্নের উত্তর দেওয়ার জন্য আমার সর্বোচ্চ চেষ্টা করব। আপনি যে পরিস্থিতির মধ্য দিয়ে যাচ্ছেন তার জন্য আমি আপনাকে একজন এমডি মেডিসিন ডাক্তারের পরামর্শ নেওয়ার পরামর্শ দেব, অন্তত যদি নিউরোলজিস্ট আপনাকে পর্যাপ্ত সময় দিতে না পারেন। এটি করানো অত্যন্ত জরুরি। মূল কথা হলো, একজন এমডি মেডিসিন ডাক্তার আপনাকে আরও ভালো পরামর্শ দিতে পারবেন। ইতিমধ্যে, যদি খিঁচুনি নিয়ন্ত্রণে থাকে, তবে আপনার খুব বেশি চিন্তার প্রয়োজন নেই। আশা করি মস্তিষ্কের এমআরআই (MRI) করা হয়েছে। এছাড়া মাঝে মাঝে এলএফটি (LFT) পরীক্ষাও করিয়ে নেবেন। আশা করি এটি আপনাকে সাহায্য করবে। উপরে উল্লিখিত রিপোর্টগুলো জানালে আমি আপনাকে আরও সাহায্য করতে পারব। শুভকামনা। আপনার দেওয়া তথ্যের ভিত্তিতে আমি সর্বোচ্চ উত্তর দেওয়ার চেষ্টা করেছি। পরীক্ষার ফলাফলগুলো আমার উত্তরকে আরও সুনির্দিষ্ট করতে সাহায্য করতে পারে। অনুগ্রহ করে বুঝবেন যে, বিস্তারিত ইতিহাস এবং শারীরিক পরীক্ষার মাধ্যমে আরও কিছু তথ্য পাওয়া সম্ভব। আপনার পরবর্তী প্রশ্নের অপেক্ষায় রইলাম যাতে আমি আপনাকে আরও সাহায্য করতে পারি। (যদি এই উত্তরটি আপনাকে সাহায্য করে থাকে, তবে অনুগ্রহ করে তা জানান)"
59914,"হেলো এবং নাসেনিয়া ডক ব্যবহার করার জন্য আপনাকে ধন্যবাদ। আমি আপনার প্রশ্নটি মনোযোগ দিয়ে পড়েছি এবং আপনার উদ্বেগ আমি পুরোপুরি বুঝতে পারছি। তবে আমার মনে হয় আপনার কাজ করা উচিত নয়। আমি আপনাকে কিছু বিষয় ব্যাখ্যা করার এবং কিছু পরামর্শ দেওয়ার চেষ্টা করব। ব্যায়ামের সময় হৃদস্পন্দনের হার বেশি থাকা বেশ স্বাভাবিক। আপনার বয়সের জন্য আমরা আশা করি যে আপনার সর্বোচ্চ হৃদস্পন্দনের হার প্রতি মিনিটে ২০১ বিট পর্যন্ত হতে পারে। স্বাভাবিক, ব্যায়ামের পর আমরা আশা করি আপনার হৃদস্পন্দনের হার ধীরে ধীরে কমে আসবে। যখন আপনার হৃদস্পন্দন দ্রুত হয়, তখন কিছুটা অস্বস্তি বোধ করা এবং বুকে অস্বস্তি হওয়া স্বাভাবিক। আপনার বয়স কম, তাই আপনার বুকে ব্যথার অন্য একটি সম্ভাবনাও থাকতে পারে। কখনও কখনও অতিরিক্ত পরিশ্রম ক্লান্তি বা এই ধরনের ভার্টিগোর কারণ হতে পারে। যদি আপনি স্বাভাবিক দিনেও হৃদস্পন্দনের হার বেশি অনুভব করেন, তবে আমরা কিছু পরীক্ষার কথা ভাবতে পারি। আমি যদি আপনার চিকিৎসক হতাম, তবে আমি রক্ত পরীক্ষা, ইলেক্ট্রোকার্ডিওগ্রাম এবং ইকোকার্ডিওগ্রাফি করার পরামর্শ দিতাম। আপনার হৃদস্পন্দনের ছন্দে সত্যিই ঘটছে কিনা তা দেখার জন্য হোল্ডার মনিটরিং করার পরামর্শ দেওয়া হচ্ছে। আমি আপনাকে এই সহজ পরীক্ষাটি করার পরামর্শ দেব যাতে আপনি আপনার সামুদ্রিক ভ্রমণ চালিয়ে যেতে পারেন। শুধু আশ্বস্ত হওয়ার জন্য, কারণ এটি কেবল মানসিক চাপের কারণেও হতে পারে। এছাড়া কফি বা কফিজাত পণ্য এড়িয়ে চলুন কারণ এগুলো আপনার হৃদস্পন্দনের হার বাড়িয়ে দেয়। আশা করি আমি আপনাকে সাহায্য করতে পেরেছি। আপনার সুস্বাস্থ্য এবং ভবিষ্যতের জন্য শুভকামনা রইল।"
47815,"নাসেনিয়া ডকে আপনার প্রশ্নের জন্য ধন্যবাদ। আমার মতে, আপনার উপসর্গগুলো মূলত উদ্বেগ এবং এর সাথে সম্পর্কিত। তবে যেহেতু রাতে শুয়ে থাকার পর আপনার বুকে কফ জমা এবং কফের সাথে ফেনা বের হচ্ছে, তাই আমাদের প্রথমে হার্ট ফেইলিউরের সম্ভাবনা বাতিল করতে হবে। আপনার উপসর্গগুলো অর্থোপনিয়ার জন্য সাধারণ এবং হার্ট ফেইলিউরের ক্ষেত্রে সাধারণত অর্থোপনিয়া দেখা যায়। তাই একটি টু-ডি ইকো (2D echo) করিয়ে নিন। যদি টু-ডি ইকো স্বাভাবিক থাকে, তবে হৃদরোগ নিয়ে খুব বেশি চিন্তার প্রয়োজন নেই। আপনার ক্ষেত্রে উদ্বেগই বেশি প্রাসঙ্গিক বলে মনে হচ্ছে। উদ্বেগ অ্যাসিড রিফ্লাক্সের অন্যতম প্রধান কারণ। তাই আপনার ক্ষেত্রে উদ্বেগ নিয়ন্ত্রণ করা জরুরি। একজন মনোরোগ বিশেষজ্ঞের সাথে পরামর্শ করুন এবং কাউন্সেলিং সেশন নিন। আপনার জীবনের চাপের কারণগুলো চিহ্নিত করার চেষ্টা করুন এবং তার সমাধানের জন্য কাজ শুরু করুন। মানসিক চাপ ও উত্তেজনা এড়িয়ে চলুন। শান্ত ও নিশ্চিন্ত থাকুন। চিন্তা করবেন না, আপনি সুস্থ হয়ে উঠবেন।"
2785,"হেলো! আমি আপনার প্রশ্নটি পড়েছি এবং আপনার উদ্বেগ বুঝতে পেরেছি। আমার মতে, আপনার উপসর্গগুলো কোনো রক্তজনিত সমস্যার কারণে হতে পারে। আমি আপনার বয়স জানতে চাই। রিউমাটয়েড আর্থ্রাইটিসের মতো অনেক রক্তজনিত সমস্যায় সকালের দিকে শরীর ঠান্ডা হয়ে যাওয়া একটি সাধারণ বিষয়। আমি আপনাকে একজন হেমাটোলজিস্টের সাথে পরামর্শ করার, একটি ভালো শারীরিক পরীক্ষা, সম্পূর্ণ রক্ত পরীক্ষা এবং ফাইব্রিনোজেন, পিসিআর, সেডিমেন্টেশন ও রিউমাটয়েড ফ্যাক্টরের মতো প্রদাহের জন্য রক্ত পরীক্ষা করার পরামর্শ দেব। আপনার উপসর্গের কারণ নির্ণয় এবং উপযুক্ত চিকিৎসার জন্য আরও পরীক্ষার প্রয়োজন হতে পারে। আশা করি আমি আপনাকে সাহায্য করতে পেরেছি! শুভেচ্ছা!"
90357,"হেলো! শুভ সকাল। আমি নাসেনিয়া ডক, আপনার প্রশ্নের উত্তর দিচ্ছি। ছয় মাস ধরে কোনো ব্যথা বা আকার বৃদ্ধি ছাড়াই সেখানে থাকা পিণ্ডটি নির্দেশ করে যে সম্ভবত এটি একটি বিনাইন সিস্ট ছিল যা দেরিতে সংক্রমিত হয়ে এখন ফোড়ায় পরিণত হয়েছে। আপনি যদি যৌন সক্রিয় হন, তবে আপনার এসটিডি (STD)-এর জন্যও পরীক্ষা করানো উচিত। আমি আপনাকে পরামর্শ দেব যে পরবর্তী নিশ্চিত চিকিৎসার জন্য ক্ষতটির পুনরায় মূল্যায়নের জন্য আপনার স্ত্রীরোগ বিশেষজ্ঞের সাথে দেখা করুন। ততক্ষণ পর্যন্ত, আপনি একটি অ্যান্টি-ইনফ্ল্যামেটরি ওষুধ শুরু করতে পারেন। আমি আশা করি এই তথ্যটি আপনার সমস্যার পরবর্তী ব্যবস্থাপনার বিষয়ে আপনার পারিবারিক চিকিৎসক বা স্ত্রীরোগ বিশেষজ্ঞের সাথে আলোচনা করতে সাহায্য করবে। কোনো সন্দেহ থাকলে নির্দ্বিধায় জিজ্ঞাসা করুন। আপনার স্বাস্থ্য সমস্যার বিষয়ে সন্দেহ দূর করতে নাসেনিয়া ডককে বেছে নেওয়ার জন্য ধন্যবাদ। আমি আপনার দ্রুত আরোগ্য কামনা করি। নাসেনিয়া ডক।"
88495,"হেলো, টাইফয়েডের কারণে শরীরে দুর্বলতা দেখা দেয়। টাইফয়েডের বিরুদ্ধে লড়াই করার সময় শরীরের পুষ্টির ঘাটতির কারণে এই সবকিছুর সৃষ্টি হতে পারে। যদিও জ্বর থাকার কথা নয়, তাই সেদিকে খেয়াল রাখুন; যদি এটি দীর্ঘ সময় ধরে থাকে তবে আপনার ডাক্তারের সাথে পরামর্শ করুন। সবুজ শাকসবজি এবং খনিজ সমৃদ্ধ একটি স্বাস্থ্যকর ও পুষ্টিকর খাবার গ্রহণ করুন। আপনি একই সাথে একটি মাল্টিভিটামিন সাপ্লিমেন্ট নিতে পারেন। নিজের যত্ন নিন। আশা করি আমি আপনার প্রশ্নের উত্তর দিতে পেরেছি। আমি আপনাকে আরও কোনোভাবে সাহায্য করতে পারি কিনা তা আমাকে জানান।"
11846,"হেলো, প্রিয়, মাই নাসেনিয়া ডক ক্লিনিকে আপনার অনুসন্ধানের জন্য ধন্যবাদ। আমি আপনার অনুসন্ধানটি গভীরভাবে পর্যালোচনা করেছি। আপনার মেয়ের বিষয়ে আপনি যে উদ্বেগের কথা জানিয়েছেন তা নিয়ে আমি উদ্বিগ্ন। আমার মতে- এটি একটি পোকামাকড়ের কামড়, মূলত টিক কামড় - যা বাম্পের চারপাশে ছড়িয়ে পড়েছে / অথবা এটি মাকড়সার কামড়ও হতে পারে। ডক্সিসাইক্লিন দিয়ে চিকিৎসা করলে এর সংক্রমণ এবং লাইম সংক্রমণ দূর হবে। আমি আপনাকে একজন ইআর ডাক্তারের সাথে পরামর্শ করার পরামর্শ দেব, যিনি সঠিক ওষুধের মাধ্যমে এর চিকিৎসা করতে পারবেন। আশা করি এটি আপনার অনুসন্ধানে সাহায্য করবে। নাসেনিয়া ডকে আরও অনুসন্ধানের জন্য আপনাকে স্বাগত জানাই। আপনার দিনটি ভালো কাটুক।"
57293,"হেলো। নাসেনিয়া ডকে আপনাকে স্বাগতম। আপনার অভিযোগ অনুযায়ী মনে হচ্ছে আপনার আক্কেল দাঁতের চারপাশের মাড়ির ফ্ল্যাপে প্রদাহ হয়েছে এবং এই অবস্থাকে পেরিকোরোনাইটিস বলা হয়। আক্কেল দাঁত এবং আক্কেল দাঁতকে ঢেকে রাখা মাড়ির ফ্ল্যাপের মাঝে খাবার আটকে গেলে পেরিকোরোনাইটিস হয়। খাবার খাওয়ার মানে এই নয় যে সেখানে বড় খাবারের কণা আটকে আছে, বরং এর অর্থ হলো মাড়ির ফ্ল্যাপের নিচে অপরিষ্কার জায়গা এবং ব্যাকটেরিয়ার বৃদ্ধি। এটি ফ্ল্যাপে প্রদাহ সৃষ্টি করে, যার ফলে ব্যথা ও ফোলাভাব হতে পারে। যেহেতু জায়গাটি গলার কাছাকাছি, তাই গলা ব্যথা এবং লিম্ফ নোড ফুলে যেতে পারে। তবে আক্কেল দাঁতের সামনের দাঁতে ব্যথা দ্বিতীয় মোলার দাঁতে সংক্রমণ বা ক্ষয়ের কারণে হতে পারে। চিকিৎসার ধারা হলো অ্যান্টিবায়োটিক, ব্যথানাশক ওষুধ এবং মাউথওয়াশ, তবে এটি আপনার জন্য যথেষ্ট নয়। আপনার পুনরায় ডেন্টিস্টের কাছে যাওয়া উচিত এবং তাকে স্যালাইন, বেটাডিন সলিউশন এবং এইচওয়াই নাসেনিয়া ডকের মাধ্যমে মাড়ির ফ্ল্যাপ ও আক্কেল দাঁতের মধ্যবর্তী জায়গাটি পরিষ্কার করতে বলা উচিত। অন্য একটি বিষয় হলো হালকা গরম লবণ পানি দিয়ে কুলকুচি করা, এটি প্রদাহ কমাতে সাহায্য করবে। আপনার অ্যান্টিবায়োটিক এবং ব্যথানাশক ওষুধের কোর্স চালিয়ে যান, দুই-তিন দিনের মধ্যে আপনার ব্যথা এবং ফোলা কমে যাওয়া উচিত। অস্বস্তি কমে গেলে আবার ডেন্টিস্টের কাছে যান এবং একটি আইওপিএআর (এক্স-রে) করান, যাতে বোঝা যায় আক্কেল দাঁতটি সঠিক অবস্থানে উঠবে নাকি ইমপ্যাক্টেড (অর্থাৎ সেখানে বাধা সৃষ্টি হয়েছে এবং দাঁতটি উঠবে না)। যদি এটি ইমপ্যাক্টেড না হয়, তবে ওপারকিউলেক্টমি নামক পদ্ধতিতে মাড়ির ফ্ল্যাপ"
19930,"হেলো, নাসেনিয়া ডকে আপনার প্রশ্নটি পোস্ট করার জন্য ধন্যবাদ। হারপিস একটি ভাইরাল সংক্রমণ। এটি পুরোপুরি নিরাময় করার মতো ওষুধ খুঁজে পাওয়া কঠিন। আপনি যে ওষুধটি খাচ্ছেন তা ব্যথা কমাতে, জটিলতা প্রতিরোধ করতে এবং রোগ শুরুর ৭২ ঘণ্টার আগে সেবন করলে রোগের গতিপথ কমাতে সাহায্য করে। আপনাকে ১০ দিন ওষুধটি সেবন করতে হবে। আপনার যে ফোড়াগুলো হয়েছে তা ২-৩ সপ্তাহ স্থায়ী হবে এবং ধীরে ধীরে সেরে উঠবে। ভাইরাসটি স্নায়ুর মূলে সুপ্ত অবস্থায় থাকে এবং যখন আপনার রোগ প্রতিরোধ ক্ষমতা কমে যায়, তখন এটি আবার দেখা দিতে পারে এবং আপনাকে ১০ দিন ধরে যে ওষুধটি খাচ্ছেন তা পুনরায় শুরু করতে হবে। তাই, আমার উত্তর হলো না... আপনাকে সারা জীবন ওষুধ সেবন করতে হবে না, শুধুমাত্র সংক্রমণ আবার দেখা দিলেই আপনি ওষুধটি শুরু করবেন। যদিও এটি সবসময় পুনরায় সক্রিয় হতে পারে। ইতিমধ্যে, আক্রান্ত স্থানটি শুকনো রাখার বিষয়ে সতর্ক থাকুন। আশা করি এটি আপনাকে সাহায্য করবে, আপনার যদি অন্য কোনো প্রশ্ন থাকে, তবে আমি উত্তর দিতে পেরে খুশি হব। ভালো থাকবেন।"
70073,"হেলো এবং নাসেনিয়া ডকে আপনাকে স্বাগতম। আপনার অনুসন্ধানের জন্য ধন্যবাদ। আমি আপনার উদ্বেগগুলো বুঝতে পারছি এবং আমি আপনাকে যথাসাধ্য সাহায্য করার চেষ্টা করব। হ্যাঁ, এটি সম্ভব কারণ একে রেফার্ড পেইন বলা যেতে পারে যা পেটের স্নায়ুর মাধ্যমে শরীরের দূরবর্তী অংশে ছড়িয়ে পড়ে। এছাড়াও, যদি ব্যথা মূলত পিঠে অনুভূত হয় তবে প্যানক্রিয়াটাইটিস হতে পারে। তবে, কিছু অতিরিক্ত ব্যাধিও থাকতে পারে, তাই আপনার প্রথমে পিত্তথলির আল্ট্রাসাউন্ড করা উচিত এবং তারপর দেখা উচিত এতে পাথর আছে কিনা। যদি না থাকে, তবে আপনার একজন অর্থোপেডিস্টের সাথে দেখা করা উচিত এবং হিপ আর্থ্রাইটিস বা ইস্কেয়ালজিয়া পরীক্ষা করা উচিত। ততক্ষণ পর্যন্ত, একটি নন-স্টেরয়েড ব্যথানাশক ওষুধ খান, বিশ্রাম নিন এবং কয়েক দিন সহজপাচ্য খাবার খান। যদি ব্যথা বেড়ে যায় বা জ্বর আসে, তবে আপনার জরুরি বিভাগে একজন ডাক্তারের সাথে দেখা করা উচিত। আমি আশা করি আমি আপনার প্রশ্নের উত্তর দিতে পেরেছি। আপনার যদি আরও কোনো প্রশ্ন থাকে তবে আপনি যেকোনো সময় আমাদের সাথে যোগাযোগ করতে পারেন। আপনার সুস্বাস্থ্য কামনা করি।"
64837,"হেলো, নাসেনিয়া ডকে পোস্ট করার জন্য ধন্যবাদ। আমি আপনার উদ্বেগ বুঝতে পারছি। মলদ্বারের চারপাশে আপনি যে ছোট ফোলা অংশের কথা বলছেন, তা ত্বকের ফোড়ার মতো সংক্রমণ বলে মনে হচ্ছে। এটি বারবার ফিরে আসার কারণে মাঝে মাঝে হতে পারে। প্রতিদিন অন্তত দুবার প্রোভাইডিং বা স্যাভলনের মতো মৃদু অ্যান্টিসেপটিক দ্রবণ দিয়ে জায়গাটি পরিষ্কার রেখে ব্যক্তিগত পরিচ্ছন্নতা বজায় রাখুন। আপনাকে অ্যামোক্সিসিলিন এবং ক্ল্যাভালুনিক অ্যাসিডযুক্ত ওরাল অ্যান্টিবায়োটিকের একটি কোর্স সম্পন্ন করতে হবে। আপনি ফিউসিডিক অ্যাসিডযুক্ত ক্রিম ব্যবহার করতে পারেন, যা ব্যাকটেরিয়াজনিত ত্বকের সংক্রমণের চিকিৎসায় ব্যবহৃত হয়। এটি একটি ব্যাকটেরিওস্ট্যাটিক অ্যান্টিবায়োটিক যা প্রায়শই ক্রিমের ক্ষেত্রে স্থানীয়ভাবে ব্যবহার করা হয়। আশা করি প্রদত্ত তথ্যটি সহায়ক হবে। আপনার মঙ্গল কামনা করি।"
71887,"আপনার স্বাস্থ্য সংক্রান্ত উদ্বেগ এবং প্রশ্ন নিয়ে নাসেনিয়া ডকের সাথে যোগাযোগ করার জন্য ধন্যবাদ। আপনার বীর্যের ফলাফলে পুঁজ কোষ (pus cells) বা ডব্লিউবিসি (WBC)-এর পরিমাণ নিয়ে আপনি চিন্তিত। পুঁজ কোষের উচ্চ মাত্রা নির্দেশ করে যে আপনার প্রোস্টাটাইটিস থাকতে পারে। এটি প্রোস্টেট গ্রন্থির একটি সংক্রমণ এবং পুরুষদের মধ্যে এটি খুব সাধারণ। আমার অনুশীলনে, আমি সাধারণত লেভোফ্লক্সাসিন বা ব্যাকট্রিম ডিএস (Bactrim DS)-এর মতো অ্যান্টিবায়োটিক দিয়ে এই সংক্রমণগুলোর চিকিৎসা করি। আমি আপনাকে একজন চিকিৎসকের পরামর্শ নেওয়ার এবং আপনার জন্য ও প্রোস্টাটাইটিসের অ্যান্টিবায়োটিক লিখে দেওয়ার পরামর্শ দিচ্ছি। আশা করি এটি আপনার প্রশ্নের উত্তর দিয়েছে। আপনার স্বাস্থ্য সংক্রান্ত উদ্বেগ এবং প্রশ্ন থাকলে অনুগ্রহ করে আমাদের সাথে আবার যোগাযোগ করুন।"
49503,"হেলো, প্রিয়, নাসেনিয়া ডকে আপনার অনুসন্ধানের জন্য ধন্যবাদ। আমি আপনার অনুসন্ধানটি গভীরভাবে পর্যালোচনা করেছি। ১- আমার মতে, টেলবোনে ব্যথাদায়ক পিণ্ডটি হলো দীর্ঘস্থায়ী ফোড়া, যা স্পর্শ করলে ব্যথা হওয়া ছাড়া অন্য কোনো সমস্যা ছাড়াই হয় - এটি টেলবোনের দুই পাশে ফিস্টুলা সহ দীর্ঘস্থায়ী ফোড়া বা সংক্রমণের কারণে হওয়া পিলোনিডাল সিস্ট নির্দেশ করে। ২- ব্রকলিজনিত কোলাইটিস, যার সাথে বমি বমি ভাব এবং মলের সাথে শ্লেষ্মা থাকে, তা শক্ত হজমকারী ফাইবারযুক্ত শাকসবজির কারণে অনেকের ক্ষেত্রেই স্বাভাবিক ঘটনা। ৩- টেলবোনে ব্যথা বৃদ্ধি পাওয়ার কারণ হলো মলদ্বারের এলাকা গ্যাসপূর্ণ হয়ে যাওয়া, যা পিলোনিডাল সিস্ট বা দীর্ঘস্থায়ী ফোড়ার ওপর চাপ সৃষ্টি করছে এবং এটি ব্রকলিজনিত কোলাইটিস ও লাল শ্লেষ্মাসহ আমবাতের ফলাফল, যা নতুন আলসারের ইঙ্গিত দেয়। ৪- গত ২ দিনে দুটি পিণ্ড কমে যাওয়া নির্দেশ করে যে এটি পেরিঅ্যানাল পোস্ট-ফিস্টুলাস ইন্টারকানেকশনসহ ফোড়া, যার ফলে এই দুটি পিণ্ড মৃত্যুর পরবর্তী প্রভাব কমে গেছে। ৪-ক- আমি আপনাকে একজন সার্জনের সাথে পরামর্শ করার পরামর্শ দেব, যিনি প্রয়োজন অনুযায়ী সর্বোত্তম চিকিৎসা করবেন। ৫- আশা করি এটি আপনার প্রশ্নের সমাধান করবে। ৬- এই বিষয়ে বা নতুন কোনো বিষয়ে আরও প্রশ্নের জন্য আপনাকে স্বাগত জানাই... আপনার দিনটি ভালো কাটুক।!!"
24131,"হেলো এবং নাসেনিয়া ডকে আপনাকে স্বাগতম। আপনার বর্ণনাটি সাধারণত একটি ছত্রাকজনিত সংক্রমণ, সম্ভবত টিনিয়া। আপনার যে অংশে জ্বালাপোড়া হচ্ছে তা ছত্রাকজনিত সংক্রমণের অন্যতম সাধারণ জায়গা। এগুলো নিয়ন্ত্রণ করা এবং মেরে ফেলা সহজ, তবে ভবিষ্যতে পুনরায় সংক্রমণ প্রতিরোধ করা বেশ কঠিন। আপনি যদি একজন চর্মরোগ বিশেষজ্ঞের কাছে যান, তবে তিনি ক্লোট্রিমাজল মলম লিখে দেবেন যা আপনি সকালে এবং রাতে ঘুমানোর আগে ব্যবহার করতে পারেন। জায়গাটি হালকা গরম পানি এবং সাবান দিয়ে ধুয়ে ফেলুন এবং নাসেনিয়া ডকের পরামর্শ নিন। এটি ২ থেকে ৩ দিনের মধ্যে সংক্রমণ দূর করবে। তবে সমস্যা হলো ছত্রাকের স্পোর, যা আপনার সমস্ত অন্তর্বাস, তোয়ালে বা এর সংস্পর্শে আসা কাপড়ে থাকবে। এই স্পোরগুলো ২ থেকে ৩ সপ্তাহ পরে পুনরায় সংক্রমণ ঘটাতে পারে। আমি সাধারণত আমার রোগীদের পুরনো অন্তর্বাস খুলে নতুন কাপড় কেনার পরামর্শ দিই। আপনি যদি তবুও পুরনো অন্তর্বাস ব্যবহার করতে চান, তবে সেগুলো ১৫ মিনিট পানিতে ফুটিয়ে রোদে রাখুন এবং পরে বিশেষ করে ভাঁজে ইস্ত্রি করুন। তোয়ালের ক্ষেত্রেও একই কাজ করা যেতে পারে। আশা করি এই আলোচনাটি আপনার জন্য সহায়ক হবে। ধন্যবাদ।"
94280,"হেলো, নাসেনিয়া ডকে আপনার প্রশ্নটি পোস্ট করার জন্য ধন্যবাদ। আপনার বাবার জন্য আপনার উদ্বেগের আমি সত্যিই প্রশংসা করি। তাকে অবশ্যই নিচের বিষয়গুলো এড়িয়ে চলতে হবে।"
107375,"নাসেনিয়া ডক ব্যবহার করার জন্য ধন্যবাদ। আপনি যে লক্ষণগুলোর কথা বর্ণনা করছেন তা পর্যালোচনা করে আমার দৃঢ় সন্দেহ হচ্ছে যে আপনি উদ্বেগ এবং শারীরিক লক্ষণসহ বিষণ্নতায় ভুগছেন। আপনি যদি আমাকে জানান তবে আমি আপনাকে আরও ভালোভাবে সাহায্য করতে পারব- ১. কতদিন ধরে আপনি এই সমস্যাগুলোতে ভুগছেন? ২. আপনি কি কয়েক সপ্তাহের মধ্যে ভালো বোধ করেছেন? ৩. আপনার পরিবারের কোনো সদস্য কি কোনো বড় ধরনের মানসিক সমস্যায় ভুগেছেন? আমার দেওয়া সংক্ষিপ্ত তথ্যের ভিত্তিতে, আমি আপনাকে নিশ্চিত করতে পারি যে অ্যান্টিডিপ্রেসেন্ট ট্যাবলেট আপনাকে সাহায্য করবে। আপনি সাইকোথেরাপি, বিশেষ করে একজন প্রশিক্ষিত মনোরোগ বিশেষজ্ঞ বা ক্লিনিক্যাল সাইকোলজিস্টের কাছ থেকে কগনিটিভ বিহেভিয়ার থেরাপিও বেছে নিতে পারেন। আশা করি আমি আপনার বিভ্রান্তি কমাতে সাহায্য করতে পেরেছি। তবে, আমি আপনাকে দ্রুত নিকটস্থ একজন মনোরোগ বিশেষজ্ঞের সাথে পরামর্শ করার পরামর্শ দিচ্ছি, যাতে আপনি দ্রুত আপনার সমস্যাগুলো থেকে মুক্তি পেতে পারেন।"
13934,"হেলো। আপনি মায়োপিয়া বা অনিচ্ছাকৃত পেশী সংকোচনের সম্মুখীন হতে পারেন। প্রচুর তাজা ফল এবং শাকসবজি সমৃদ্ধ স্বাস্থ্যকর খাবার খান। ভালো থাকুন, এইচওয়াই নাসেনিয়া ডক। ৬-৮ ঘণ্টা গভীর ঘুম নিশ্চিত করুন। মানসিক চাপ এবং ইলেক্ট্রোলাইটের ভারসাম্যহীনতা মায়োপিয়ার কারণ হতে পারে। সুস্থ থাকার জন্য নিয়মিত ব্যায়াম করুন। যদি লক্ষণগুলো দূর না হয়, তবে ইলেক্ট্রোলাইটের সম্ভাব্য ভারসাম্যহীনতা পরীক্ষা করার জন্য একজন ইন্টার্নিস্টের পরামর্শ নিন। আপনার দ্রুত আরোগ্য কামনা করছি।"
72544,"হেলো, নাসেনিয়া ডকের সাথে পরামর্শ করার জন্য আপনাকে ধন্যবাদ। জিহ্বায় এই জ্বালাপোড়ার অনেক কারণ থাকতে পারে, জিহ্বা বা গলায় উপস্থিত অ্যাপথাস আলসার নামক আলসারের কারণে জ্বালাপোড়া হতে পারে, গলার কোনো ধরনের অ্যালার্জি বা লাইকেন প্ল্যানাস নামক একটি অটোইমিউন রোগের কারণেও এটি হতে পারে। আর আপনি যে ফোস্কার কথা বলছেন তা কেবল একটি সারকামভ্যালেট প্যাপিলা হতে পারে। তবে এই সবকিছু নিশ্চিত করার জন্য আপনাকে একজন ভালো ডেন্টিস্টের কাছে যেতে হবে এবং প্রয়োজনে যথাযথ পরীক্ষা-নিরীক্ষা করাতে হবে। আশা করি এটি আপনাকে সাহায্য করবে।"
68950,"হেলো, নাসেনিয়া ডকে আপনাকে স্বাগতম। অ্যালকোহল সোরিয়াসিসকে আরও খারাপ করে তোলে। তাছাড়া, আপনি অ্যাক্রেটিন গ্রহণ করছেন যা মলত্যাগের জন্য আপনার লিভারের ওপর চাপ সৃষ্টি করছে। এই কারণেই আপনি যখন অ্যাক্রেটিন গ্রহণ করেন তখন লিভার ফাংশন টেস্ট পর্যবেক্ষণ করা হয়। অ্যালকোহল লিভারের ওপর চাপ বাড়িয়ে দেয়। আমি আপনাকে অ্যালকোহল গ্রহণ করার পরামর্শ দেব না। আপনি কেন মাত্র ১ দিনের জন্য সোরিয়াসিস নিয়ন্ত্রণ নষ্ট করবেন? আপনার সুস্বাস্থ্য কামনা করি এবং নিজের যত্ন নেবেন।"
59028,"হেলো, প্রথমত, যেহেতু আপনি আপনার চুল পড়ার কারণ জানেন, তাই ভবিষ্যতে প্রসাধনী চিকিৎসার বিষয়ে সতর্ক থাকা প্রয়োজন। এই ধরনের ক্ষেত্রে এটি একটি সাধারণ অভিযোগ। অতিরিক্ত তাপ আপনার চুলের শক্তিকে প্রভাবিত করে, যার ফলে চুলের গোড়া ভেঙে যায় এবং পুড়ে যায়, যা সেগুলোকে দুর্বল করে তোলে। এমনকি স্থায়ী সোজা করার জন্য কড়া রাসায়নিক ব্যবহার করা হয়। এটি মানসিক চাপ, কাজের চাপ, অস্বাস্থ্যকর খাদ্যাভ্যাস, অন্যান্য হেয়ার স্টাইলিং পণ্য বা খুশকির কারণেও হতে পারে, যা এই কারণকে আরও বাড়িয়ে তুলেছে। এছাড়া, থাইরয়েড সমস্যা, আয়রন বা হিমোগ্লোবিনের অভাব, জ্বর, টাইফয়েডের মতো কোনো অসুস্থতা এবং দীর্ঘমেয়াদী কোনো ওষুধের পার্শ্বপ্রতিক্রিয়ার মতো অন্যান্য কারণগুলোও পরীক্ষা করা প্রয়োজন। পরিবারে বংশগত চুল পড়া বা টাক পড়ার ইতিহাস থাকলে আপনার চুল পড়ার প্রবণতা বেশি হতে পারে। চুলের গোড়া ক্ষতিগ্রস্ত হলে বা চুল পড়ে গেলে, নতুন শক্তিশালী চুল গজানো পর্যন্ত আপনি এটি অনুভব করবেন, কারণ ভিন্ন সময়ে ভিন্ন সময়ে নতুন চুল গজাবে। এতে কয়েক মাস সময় লাগতে পারে। এই কারণগুলো পরীক্ষা করার জন্য প্রয়োজনীয় পরীক্ষার বিষয়ে আপনি একজন চর্মরোগ বিশেষজ্ঞের সাথে পরামর্শ করতে পারেন, কারণ যেকোনো অন্তর্নিহিত কারণ চুলের বৃদ্ধিতে প্রভাব ফেলতে পারে। আপনাকে প্রথমেই যতটা সম্ভব তাপ বা রাসায়নিক চিকিৎসা এড়িয়ে চলতে হবে। গোসলের আগে হালকা গরম তেল এবং ম্যাসাজ করুন, তবে আধা ঘণ্টার বেশি রেখে দেবেন না। রাতে রিসাইট (Recite) বা প্রেশার সিরাম ব্যবহার করুন। সপ্তাহে ২ থেকে ৩ বার বা তার বেশি নয়। রেনোয়ার (Renoir) বা ডুক্রে অ্যানাফেজ (Du cray Anaphase)-এর মতো ভালো শ্যাম্পু ব্যবহার করুন। আমি আপনাকে ২ থেকে ৩ মাসের জন্য প্রতিদিন সেরাগ্"
88091,"হেলো, আপনার ওই এলাকায় কোনো আঘাতের কারণে ক্ষত শুকাতে দেরি হতে পারে। আপনার কি কোনো ধারালো দাঁত বা বিরক্তিকর অভ্যাস আছে? ধূমপান এবং অ্যালকোহলসহ সমস্ত উত্তেজক পদার্থ এড়িয়ে চলুন। অ্যাসিডিক এবং মশলাদার খাবারও এড়িয়ে চলাই ভালো। মুখ কুলকুচি করুন। হালকা গরম লবণ পানি একটি চমৎকার পছন্দ। অ্যালকোহলযুক্ত কুলকুচি করা এড়িয়ে চলুন। নিশ্চিত করুন যে আপনি চ্যাট ডাক্তারের পরামর্শ এড়িয়ে চলছেন না। ভিটামিন বি১২ গ্রহণ করুন। দাঁতের ভালো যত্ন নিন। ভিলাইনের মতো এন্ডোক্রাইন জেল সুরক্ষা এবং আরাম দিতে পারে। আপনার সময়ের প্রয়োজন হতে পারে এবং মানসিক চাপের সময় বারবার সমস্যা হতে পারে। অবস্থার অবনতি হলে একজন ওরাল সার্জনের পরামর্শ নেওয়ার কথা বিবেচনা করুন। আপনার অনুসন্ধানের জন্য ধন্যবাদ। আমি আশা করি এই পরামর্শগুলো সহায়ক হবে।"
28142,"নাসেনিয়া ডকে আপনার প্রশ্নের জন্য ধন্যবাদ। সাধারণ বুকের এক্স-রে পিএ ভিউতে, ফুসফুসের এপিকাল অংশটি প্রথম দুটি পাঁজর এবং কলার বোনের মতো হাড়ের কাঠামোর দ্বারা ঢাকা পড়ে যায় (লুকানো)। তাই অ্যাপেক্সে থাকা ক্ষতটি স্পষ্টভাবে দেখা যায় না। তাই আমাদের এপিকোলর্ডোটিক ভিউ প্রয়োজন। এই ভিউতে এক্স-রে এমনভাবে নেওয়া হয় যাতে হাড়ের কাঠামো অ্যাপেক্সকে বাধা না দেয়। ফলে অ্যাপেক্স স্পষ্টভাবে দেখা যায় এবং ক্ষতটি শনাক্ত করা যায়। স্পট ফিল্ম মানে শুধুমাত্র আগ্রহের অঞ্চলের এক্স-রে নেওয়া। আপনার ক্ষেত্রে এটি বাম মাঝের এবং নিচের অংশ। সহজ কথায়, এটি শুধুমাত্র বাম মাঝের এবং নিচের অংশের একটি ম্যাগনিফাইং ইমেজ। এটি একটি ম্যাগনিফাইড ভিউ দেবে এবং এর মাধ্যমে আরও ভালো রিপোর্ট করা সম্ভব হবে।"
40830,"হেলো। আপনার অনুসন্ধানের জন্য ধন্যবাদ। আপনার ভাইয়ের পায়ে ফোলাভাব এবং ব্যথার বিষয়টি লক্ষ্য করেছি, যার জন্য অস্ত্রোপচার করা হয়েছিল কিন্তু ব্যথা রয়ে গেছে। এই সমস্ত ইতিহাস একটি সম্ভাব্য কারণের দিকে ইঙ্গিত করে, যা হলো অস্ত্রোপচার এবং দুটি মতামত সত্ত্বেও ব্যথা কেন স্থায়ী হচ্ছে। আসুন এই ধরনের ব্যথার সম্ভাব্য কারণগুলোর একটি তালিকা দেওয়া যাক।"
42192,"হেলো। আমি আপনার প্রশ্নটি পড়েছি। তাপমাত্রা কমে যাওয়াটা খুবই আশ্বস্তকর। ৯৭ রিডিংটি নিয়ে চিন্তার কিছু নেই। ২০,০০০ শ্বেত রক্তকণিকার সংখ্যা একটি সংক্রমণের ইঙ্গিত দেয়, তবে উচ্চ জ্বর কমে যাওয়ার ওপর ভিত্তি করে এটি একটি ক্ষতিকারক নয় এমন ভাইরাস বলে মনে হচ্ছে। এটি স্বাভাবিক হয়েছে কিনা তা নিশ্চিত করার জন্য আপনার শিশুরোগ বিশেষজ্ঞের সাথে পুনরায় রক্ত পরীক্ষা করার বিষয়টি বিবেচনা করা উচিত। যাই হোক, অসুস্থতাটি সেরে উঠছে।"
41823,"হেলো, প্রিয়। আমি আপনার প্রশ্নটি দেখেছি। আমি আপনার উদ্বেগ বুঝতে পারছি। আপনার হয়তো ফাইব্রোঅ্যাডিনোমার মতো কোনো বিনাইন ব্রেস্ট লিশন থাকতে পারে। এই বয়সে এটি বেশ সাধারণ। চিন্তার কোনো কারণ নেই, শুধু এক্সিশন বায়োপসি করিয়ে নিন। আপনার তিলটি আপনার ব্রেস্ট লাম্পের সাথে সম্পর্কিত নয়। এটি নিয়ে চিন্তা করবেন না। শুধু নিশ্চিন্ত থাকুন। আশা করি আমি আপনার প্রশ্নের উত্তর দিতে পেরেছি, যদি আপনার কোনো সন্দেহ থাকে তবে আমি উত্তর দিতে পেরে খুশি হব। নাসেনিয়া ডক ব্যবহার করার জন্য ধন্যবাদ। আপনার সুস্বাস্থ্য কামনা করি।"
53136,"হেলো। আপনার অনুসন্ধানের জন্য ধন্যবাদ এবং আপনার বোনের বিষয়ে আপনার উদ্বেগ জেনে খুব ভালো লাগল। যদি লিপোমা নিশ্চিত হয়, তবে চিন্তার কিছু নেই। লিপোমা মোটেও ছড়ায় না। লিপোমা আক্রান্ত ব্যক্তিকে বিয়ে করা সম্পূর্ণ নিরাপদ। এটি এমন একটি টিউমার যা কখনোই ক্যান্সারে রূপান্তরিত হয় না, তাই নিশ্চিন্ত থাকুন। হ্যাঁ, যদি এগুলো দেখতে অদ্ভুত মনে হয় তবে আপনি সবসময় তাকে সেগুলো অপসারণ করার অনুরোধ করতে পারেন, অন্যথায় কোনো সমস্যা হবে না।"
9555,"হেলো, আপনার পেটের বাম দিকে অসহ্য, অসহ্য ব্যথা হচ্ছে যা পিঠের দিকে ছড়িয়ে পড়ছে এবং আপনার বমিও হয়েছিল, শুয়ে থাকার পর আপনি কিছুটা আরাম পেয়েছিলেন কিন্তু আবার এমন তীব্র ব্যথা হচ্ছে। আমার মতে, আপনার বাম ইউরেটারিক কোলিক ব্যথা হতে পারে, যা আপনার বাম ইউরেটারে পাথরের কারণে হতে পারে। তাই আমার পরামর্শ এবং পরামর্শ হলো, আপনার অবিলম্বে নিকটস্থ ইউরোলজিস্টের সাথে পরামর্শ করা উচিত অথবা জরুরি চিকিৎসা নেওয়া উচিত। প্রথমে ব্যথানাশক ইনজেকশন নিন এবং এরপর পেটের আল্ট্রাসনোগ্রাফি ও পিইউবি (PUB) অঞ্চলের এক্স-রে করান এবং সেই সাথে আপনার নিকটস্থ হাসপাতাল বা চিকিৎসা কেন্দ্রে ইউরোলজিস্টের চিকিৎসা চালিয়ে যান। আশা করি আমার পরামর্শে আপনি আরাম পাবেন। শুভকামনা এবং নিজের যত্ন নেবেন।"
107101,"প্রিয় মিট, বায়োটিন এবং ফলিক অ্যাসিড গুরুত্বপূর্ণ সাপ্লিমেন্ট এবং এগুলো শিশুর উপকারের জন্য, বিশেষ করে প্রথম তিন মাসে প্রয়োজন। প্রকৃতপক্ষে, শিশুর স্নায়ুতন্ত্রের সঠিক বিকাশের জন্য ফলিক অ্যাসিড প্রয়োজন। আপনি কোথা থেকে পড়েছেন যে ফলিক অ্যাসিড স্নায়ুর ক্ষতি করে, আমার মনে হয় না এটি সত্য। ট্যাবলেটটি নিরাপদ এবং এর পার্শ্বপ্রতিক্রিয়া নেই বললেই চলে, তাই এটি আপনার শিশুর জন্য প্রয়োজন, তাই এটি খাওয়া চালিয়ে যান। ভালো থাকবেন।"
79128,"হেলো, আমাদের কাছে লেখার জন্য ধন্যবাদ। ফার্টোমিডে ক্যাম্পিন থাকে এবং এটি সাধারণত ক্র্যাম্প বা খিঁচুনির কারণ হয় না। আপনার ক্র্যাম্পগুলো মিড-সাইকেল ক্র্যাম্পের দিকে নির্দেশ করে, যা ডিম্বস্ফোটনের সময় দেখা যায়। তাই আপনি যদি গর্ভধারণের চেষ্টা করে থাকেন, তবে এটি একটি ভালো খবর। ফার্টোমিডের কোর্স শেষ করার ৫-১০ দিন পর ডিম্বস্ফোটন ঘটে। তাই আজ থেকে আগামী ১ সপ্তাহ প্রতিদিন অনিরাপদ যৌন মিলন করা সবচেয়ে ভালো হবে। আমি আপনার সর্বাঙ্গীন মঙ্গল কামনা করি।"
18927,"হেলো, আপনার রক্তের লিপিড প্রোফাইল স্বাভাবিক, তাই এটি ডিসলিপিডেমিয়ার ইঙ্গিত দেয় না এবং তাই কোনো চিকিৎসা বা খাদ্যাভ্যাসের প্রয়োজন নেই। রক্তচাপের এই হঠাৎ বেড়ে যাওয়ার বিষয়ে আপনার জানা উচিত যে, এটি উদ্বেগ, ক্যাফেইন গ্রহণ বা শারীরিক পরিশ্রমের সাথে সম্পর্কিত হতে পারে। তবে যদি এই রক্তচাপের মান ক্রমাগত বাড়তে থাকে, তবে আমি উচ্চ রক্তচাপের অন্তর্নিহিত বিপাকীয় কারণগুলো অনুসন্ধান করার জন্য আরও কিছু পরীক্ষা করার এবং উচ্চ রক্তচাপের চিকিৎসা শুরু করার পরামর্শ দেব। আশা করি আমি আপনার প্রশ্নের উত্তর দিতে পেরেছি। আমি আপনাকে আরও কোনোভাবে সাহায্য করতে পারি কিনা তা জানাবেন।"
343,"হেলো, আমাদের কাছে লেখার জন্য ধন্যবাদ। প্রতিটি ক্যান্সার রোগী আলাদা এবং চিকিৎসা দেওয়ার আগে সঠিক স্টেজিং করা প্রয়োজন। টাটা মেমোরিয়াল হাসপাতাল মুম্বাই একটি গবেষণা কেন্দ্র, এবং তারা হয়তো আপনার চাচার জন্য সঠিক স্টেজিং করতে পেরেছে। আমার ধারণা ডাক্তাররা কেমোথেরাপির মাধ্যমে টিউমারটি ছোট করতে চাইছেন এবং তারপর অস্ত্রোপচারের দিকে এগিয়ে যেতে চাইছেন। এই পরিস্থিতিতে সুবিধা হলো অস্ত্রোপচারটি সহজ এবং বেঁচে থাকার সম্ভাবনা অনেক বেশি। অনেক ক্যান্সার হাসপাতালে একই প্রোটোকল ব্যবহার করা হয় এবং আপনি যেকোনো সুপরিচিত ক্যান্সার সেন্টারে অন্য কোনো মতামত নিতে পারেন। ব্যাঙ্গালোরে কিডওয়াই মেমোরিয়াল ইনস্টিটিউট অফ অনকোলজি এবং চেন্নাইতে ক্যান্সার গবেষণা কেন্দ্র ও নাসেনিয়া ডক পরিচালিত হয়। আপনার চাচা অস্ত্রোপচারের দিকে যাওয়ার আগে এই কেন্দ্রগুলোতে মতামত নিতে পারেন। ক্যান্সার চিকিৎসার কথা বিবেচনা করলে কোনো একক সেরা ডাক্তার নেই। এটি চিকিৎসার একটি ক্রমবর্ধমান ক্ষেত্র এবং আমি আমার রোগীদের টাটা মেমোরিয়াল হাসপাতালে রেফার করি কারণ তাদের সেট-আপ সুশৃঙ্খল এবং গবেষণার উদ্দেশ্যে নিয়মিত নতুন চিকিৎসার বিকল্পগুলো পর্যালোচনা করা হয়। অনুগ্রহ করে চিন্তা করবেন না।"
34874,"নাসেনিয়া ডকে আপনাকে স্বাগতম। ১. এটি আঘাতের পরবর্তী হেমাটোমা, যা আপনার ক্ষেত্রে ফোলা হিসেবে দেখা যাচ্ছে, এটি ২-৩ সপ্তাহের মধ্যে নিজে থেকেই সেরে যাবে। ২. তবে যদি এটি এখনও না সারে এবং ব্যথা থাকে - তবে আমি সংক্রমণের কারণের কথা ভাবতে পারি। ৩. আপনার চিকিৎসা প্রদানকারী ডাক্তার বা জিপি-র সাথে দেখা করা ভালো, যাতে জায়গাটি পরীক্ষা করা যায়, যদি পুঁজ জমে বা সংক্রমণের কোনো লক্ষণ দেখা যায়। ৪. পুঁজ বের করার জন্য একটি ছোট ইনসিশন বা কাটা এবং ভালো নাসেনিয়া ডক। ৫. হ্যাঁ, আপনার ডাক্তারের সাথে দেখা করাই ভালো। আশা করি এটি আপনাকে সাহায্য করবে। আপনার সুস্বাস্থ্য কামনা করি। কিছু জিজ্ঞাসা করার আছে? দ্বিধা করবেন না। ধন্যবাদ।"
51361,"হেলো, ডেইরি, আমি আপনার প্রশ্নটি দেখেছি। আমি আপনার উদ্বেগ বুঝতে পারছি। আপনি লিপ ইজেড (Lip EZ) নিচ্ছেন। এতে অ্যাটোরভাস্ট্যাটিন থাকে। এটি উচ্চ কোলেস্টেরল এবং ট্রাইগ্লিসারাইডের মাত্রা নিয়ন্ত্রণ করতে এবং এইচডিএল (HDL) মাত্রা বাড়াতে ব্যবহৃত হয়। আপনার লিপিড প্রোফাইল স্বাভাবিকের নিচে, তবে এনজিওপ্লাস্টির পরে এটি বাধ্যতামূলক এবং আজীবন গ্রহণ করা উচিত। আপনার এসজিপিটি (SGPT) এবং সিপিকে (CPK) বেশি, তবে এটি অন্য কোনো কারণে হতে পারে। আপনার ডাক্তারের সাথে পরামর্শ করুন এবং উচ্চ সিপিকে এবং এসজিপিটির কারণ খুঁজে বের করুন এবং সেই অনুযায়ী চিকিৎসা নিন। আশা করি আমি আপনার প্রশ্নের উত্তর দিতে পেরেছি, যদি আপনার কোনো সন্দেহ থাকে তবে আমার সাথে bit.ly/ নাসেনিয়া ডক-এ যোগাযোগ করুন। নাসেনিয়া ডক ব্যবহার করার জন্য ধন্যবাদ। আপনার সুস্বাস্থ্য কামনা করি।"
83545,"হেলো, আপনার স্বাস্থ্য সমস্যা সম্পর্কে আমার আরও বিস্তারিত জানা প্রয়োজন। আপনার কি চুলকানির সমস্যা আছে? প্রস্রাবে কি কোনো জ্বালাপোড়া হচ্ছে? আপনি কি কোনো ওভার-দ্য-কাউন্টার অ্যান্টিবায়োটিক ক্রিম ব্যবহার করেছেন? আপনি ত্বকের সেই লালচে অংশে টপিক্যাল অ্যান্টিবায়োটিক ক্রিম লাগাতে পারেন। এটি লিঙ্গের অগ্রভাগের প্রদাহের মতো অনির্দিষ্ট ব্যালানাইটিস বলে মনে হচ্ছে। আরও বিস্তারিত মন্তব্যের জন্য অনুগ্রহ করে ক্ষতস্থানের একটি ছবি পোস্ট করুন। আশা করি আমি আপনার প্রশ্নের উত্তর দিতে পেরেছি। আমি আপনাকে আরও কোনোভাবে সাহায্য করতে পারি কিনা তা জানাবেন।"
66163,"প্রিয় বন্ধু, আপনি আপনার উরুর ভেতরের দিকে একটি পিণ্ডের কথা বর্ণনা করেছেন, কিন্তু স্থায়িত্বের কথা উল্লেখ করেননি। তবে এটি একটি সাধারণ ফোড়া বা সেবাসিয়াস সিস্ট হতে পারে। আমি জানতে চাই, এটি কি প্রাথমিক নাকি বারবার হয়? পরীক্ষা ছাড়া সঠিক রোগ নির্ণয় সম্ভব নয়। যদি এটি বারবার হয় তবে এটি সেবাসিয়াস সিস্ট হতে পারে এবং এর জন্য আপনার অস্ত্রোপচারের মাধ্যমে এটি অপসারণ করা প্রয়োজন, অন্যথায় এটি আবার ফিরে আসবে। আর যদি এটি ফোড়া হয় এবং পুঁজ বের হয়, তবে এটি নিজে থেকেই সেরে যাবে। এটি কোনো ক্ষতিগ্রস্ত জরুরি অবস্থা নয়। আপনি সেরে ওঠার জন্য অপেক্ষা করতে পারেন। যদি লক্ষণটি তখনও থেকে যায়, তবে আপনি নিকটস্থ সার্জনের সাথে পরামর্শ করতে পারেন।"
98537,"হেলো, নাসেনিয়া ডকে আপনাকে স্বাগতম। আমি আপনার প্রশ্নটি পড়েছি এবং আপনার উদ্বেগ বুঝতে পেরেছি। পেটের ডানদিকের নিচের অংশে ব্যথা এবং বমি বমি ভাব ডানদিকের ইউরেটারিক স্টোন বা (কম মাত্রার) অ্যাপেন্ডিসাইটিসের লক্ষণ হতে পারে। দুটির মধ্যে পার্থক্য বোঝার জন্য আপনার পেটের আল্ট্রাসাউন্ড, সম্পূর্ণ রক্ত পরীক্ষা (সিবিসি) এবং রুটিন প্রস্রাব পরীক্ষার প্রয়োজন হবে। আপনার উপসর্গ থেকে আরাম পেতে আপনি যেকোনো ব্যথানাশক, বমি নিরোধক এবং সাধারণ কোনো পিপিআই ট্যাবলেট খেতে পারেন। ফার্মাসিস্টকে জানান যে আপনার এগুলো প্রয়োজন এবং তিনি আপনাকে সেগুলো দেবেন। তবে নিশ্চিত চিকিৎসার জন্য অবশ্যই এই পরীক্ষাগুলো করিয়ে একজন ডাক্তারকে দেখান। আশা করি আমি আপনাকে সাহায্য করতে পেরেছি।"
9553,"হেলো, প্রিয়। আমি আপনার প্রশ্নটি দেখেছি। আমি আপনার উদ্বেগ বুঝতে পারছি। আপনার লিপোমা থাকতে পারে। এটি একটি মাল্টিপল লিপোমা। এটি অ্যাডিপোজ টিস্যুর একটি বিনাইন টিউমার। না, কোনো নাসেনিয়া ডক নয়। এর একমাত্র চিকিৎসা হলো অস্ত্রোপচারের মাধ্যমে অপসারণ। তাই যদি আপনার কোনো সমস্যা থাকে তবে আপনি অস্ত্রোপচারের জন্য যেতে পারেন। আশা করি আমি আপনার প্রশ্নের উত্তর দিতে পেরেছি, যদি আপনার কোনো সন্দেহ থাকে তবে আমি উত্তর দিতে পেরে খুশি হব। নাসেনিয়া ডক ব্যবহার করার জন্য ধন্যবাদ। আপনার সুস্বাস্থ্য কামনা করি।"
83347,"হেলডাইভার আশা ছেড়ে দিন। আপনার দেশের কোনো ট্রমা হাসপাতালে অন্য একজন ফেসিও-ম্যাক্সিলারি সার্জন এবং যিনি মুখের পুনর্গঠনমূলক সার্জারি করেন, তার সাথে দেখা করার চেষ্টা করুন। আজকাল দক্ষ ফেসিও-ম্যাক্সিলারি সার্জনরা প্লাস্টিক সার্জনদের সাথে মিলে দুর্ঘটনার শিকার ব্যক্তিদের ক্ষেত্রে ইমপ্ল্যান্ট এবং কৃত্রিম চোয়াল (দাঁতসহ কৃত্রিম চোয়াল) প্রতিস্থাপনের মাধ্যমে মুখ ও চোয়াল পুনর্গঠনমূলক সার্জারি করেন। এগুলো দেশের আধুনিক ট্রমা সেন্টারে উপলব্ধ আধুনিক সার্জারি। আপনাকে ইন্টারনেটে অনুসন্ধান করতে হবে এবং এই ধরনের কোনো হাসপাতালের সুপারিশের জন্য ডেন্টাল সার্জনদের জিজ্ঞাসা করতে হবে, আমি নিশ্চিত যে আপনি সাহায্য পাবেন। শুভকামনা।"
102029,"আপনার উদ্বেগগুলো আমি বুঝতে পেরেছি এবং আপনার বিস্তারিত বিবরণ পড়েছি। আমি আপনাকে খুব বেশি চিন্তা না করার পরামর্শ দিচ্ছি। যদিও আপনার দেওয়া বর্ণনা থেকে সমস্যাটি নির্ণয় করা কঠিন, তবে আমি ধরে নিচ্ছি যে আপনি মানসিক চাপ এবং উদ্বেগের মধ্যে আছেন। জীবনের এমন কিছু ঘটনার কারণে আপনি হতাশ যা আপনি আশা করেননি। এই ধরনের হতাশা আপনাকে অলস, অসহিষ্ণু, মৃদু বিষণ্ণ, ক্লান্ত, অনিদ্রা, আত্মবিশ্বাসের অভাব এবং আত্মবিশ্বাস কমিয়ে দেয়। হ্যালুসিনেশন বা বিভ্রম সাধারণত আচ্ছন্ন নেতিবাচক চিন্তার ফল। আপনার বর্ণনা থেকে আমি আরও লক্ষ্য করেছি যে আপনার হাতে প্রচুর অবসর সময় আছে যা আপনাকে অলস করে তোলে এবং অতিরিক্ত চিন্তা করতে বাধ্য করে। এক সপ্তাহ বা তার বেশি সময় এই হ্যালুসিনেশনগুলোকে উপেক্ষা করুন, তাহলেই সেগুলো দূর হয়ে যাবে। আমি একমত যে আপনার অবস্থা কিছুটা জটিল, তবে আমি আন্তরিকভাবে মনে করি যে এই অবস্থাটি সাধারণ এবং নাসেনিয়া ডক। জীবন বোঝা এবং জীবন উপভোগ করতে শেখাই হলো মূল চাবিকাঠি। আপনি আপনার অভিজ্ঞতা, বয়োজ্যেষ্ঠদের, আশেপাশের পরিবেশ ইত্যাদি পর্যবেক্ষণ করে এগুলো শিখতে পারেন। আরও পরামর্শের জন্য আপনি একজন মনস্তাত্ত্বিক পরামর্শদাতার সাথেও দেখা করতে পারেন। যদি আপনি মনে করেন যে আমি আপনাকে সাহায্য করতে পারি, তবে নির্দ্বিধায় আমাকে সরাসরি প্রশ্ন করতে পারেন এবং আমি আপনার প্রয়োজনে সাহায্য করতে প্রস্তুত। আশা করি এটি আপনার প্রশ্নের উত্তর দিয়েছে। আরও স্পষ্টীকরণের জন্য আমি আছি। শুভকামনা।"
39420,"আপনার মেয়ের পেটের কোনো ধরনের সংক্রমণ এবং হজমের সমস্যা হচ্ছে, যা আমি আপনার দেওয়া ইতিহাস থেকে বলতে পারি। আপনি আপনার মেয়ের বয়স উল্লেখ করেননি, তাই চ্যাট ডাক্তারের ডোজ সম্পর্কে বলা খুব কঠিন। যাই হোক, আপনাকে তাকে দিনে দুবার ৫ মিলি অফ্লক্স-ওজেড (Oflox-OZ) সিরাপ এবং পেটের ব্যথার জন্য দিনে দুবার ৫ মিলি সাইক্লোপস (Cyclops) সিরাপ এবং দিনে দুবার ৫ মিলি এনজাইম (Enzyme)-এর মতো কিছু হজমের এনজাইম দিতে হবে। এর পাশাপাশি রাতে একবার ১০ মিলি ব্যান্ডি-প্লাস (Bandy-plus) সিরাপ এবং ৭ দিন পর রাতে ১০ মিলি পুনরায় রাতে দিতে হবে।"
13524,"হেলো প্রিয়, আমি আপনার অনুভূতি বুঝতে পারছি। অতীতে আপনার দুবার গর্ভপাত হয়েছে এবং তাই বর্তমান পরিস্থিতির কারণে আপনি স্বাভাবিকভাবেই মানসিকভাবে চাপে আছেন। এটি ভালো যে আপনার স্ক্যানে ভ্রূণের হৃদস্পন্দন স্বাভাবিক এবং ঠিক আছে বলে ধরা পড়েছে। রক্তপাতের স্থানটি সম্পর্কে জানালে ভালো হতো, তবে যেহেতু আপনার ডাক্তার এটি উল্লেখ করেননি, তাই এটি কোরিওনিক টিস্যু থেকে হওয়ার কথা নয়। যেহেতু আপনার স্পটিং বা সামান্য রক্তপাত হচ্ছে, তাই আমি আপনাকে আপনার প্রসূতি বিশেষজ্ঞের কাছ থেকে প্রাকৃতিক প্রজেস্টেরন গ্রহণ করার পরামর্শ দেব। এছাড়া রক্তপাত পুরোপুরি বন্ধ না হওয়া পর্যন্ত বিছানায় বিশ্রাম নিন। গর্ভাবস্থা এবং শিশুর অবস্থা জানার জন্য এক সপ্তাহ পর পুনরায় আল্ট্রাসনোগ্রাফি করান। এই আল্ট্রাসনোগ্রাফির ফলাফলের ওপর ভিত্তি করে পরবর্তী চিকিৎসার পরিকল্পনা করা যেতে পারে। আশা করি এটি আপনাকে সাহায্য করবে।"
44293,"হেলো, নাসেনিয়া ডকে লেখার জন্য আপনাকে ধন্যবাদ। সংক্ষিপ্ত উত্তর - আয়রনের ঘাটতিজনিত রক্তাল্পতার কারণে হিমোগ্লোবিনের মাত্রা কম হওয়া আপনার খাদ্যতালিকায় আয়রন সমৃদ্ধ উৎস অন্তর্ভুক্ত করে সংশোধন করা যেতে পারে। ব্যাখ্যাকৃত উত্তর - ১. পালং শাক (পালে) এবং মেথি শাকের মতো শাকসবজি, শিম এবং ডাল যেমন সরিষার ডাল, গোটা, মুগ ডাল, মুগ ডাল, মুগ ডাল, সরিষার ডাল, রামা। অ্যাসপারাগাস (শালওয়ার) এবং তিলের বীজ (তিল) আয়রনের অন্যান্য ভালো উৎস। বার্লি (জে), চাল, সুজি, বসরা এবং ভুট্টার (সাকাই) মতো শস্যও অন্তর্ভুক্ত করা যেতে পারে। আয়রন সমৃদ্ধ সুস্বাদু খাবার রান্না করতে আপনি এই উৎসগুলোর সংমিশ্রণ ব্যবহার করতে পারেন। যদি তা না হয়, তবে নাসেনিয়া ডকে আলোচনা করুন।"
90974,"হেলো, ডেইরি, আমি আপনার প্রশ্নটি দেখেছি। আমি আপনার উদ্বেগ বুঝতে পারছি। ভাইরাল জ্বরের সাথে হিমোগ্লোবিনের মাত্রা কম হলে হাসপাতালে ভর্তি হওয়া প্রয়োজন। আপনার হিমোগ্লোবিনের মাত্রা খুব কম। আপনার তীব্র রক্তাল্পতার কারণ খুঁজে বের করার জন্য হাসপাতালে ভর্তি হওয়া এবং রক্ত পরীক্ষা করা প্রয়োজন, এবং তারপর সেই অনুযায়ী চিকিৎসা নেওয়া উচিত। যদি আপনার জ্বর হয়ে থাকে, তবে কারণ খুঁজে বের করার জন্য টাইডাল টেস্ট এবং ম্যালেরিয়া টেস্ট করা প্রয়োজন। আশা করি আমি আপনার প্রশ্নের উত্তর দিতে পেরেছি, যদি আপনার কোনো সন্দেহ থাকে তবে আমার সাথে bit.ly/ নাসেনিয়া ডক-এ যোগাযোগ করুন। নাসেনিয়া ডক ব্যবহার করার জন্য ধন্যবাদ। আপনার সুস্বাস্থ্য কামনা করি।"
71873,"হেলো, জিজ্ঞাসা করার জন্য ধন্যবাদ। আপনার প্রশ্নের ভিত্তিতে, আমার মতামত নিচে দেওয়া হলো। ১. পুনরায় প্লাটিলেট গণনা করা প্রয়োজন। যদি তখনও কম থাকে, তবে অভ্যন্তরীণ রক্তপাতের ঝুঁকি এড়াতে প্লাটিলেট ট্রান্সফিউশনের প্রয়োজন হতে পারে। ২. সেপ্টিসেমিয়া আছে কিনা তা নিশ্চিত করার জন্য ব্লাড কালচার করা প্রয়োজন। এই বয়সে আইটিপি (ITP) আশা করা উচিত নয়। সম্ভাব্য ডিআইসি (DIC) পরীক্ষা করা প্রয়োজন। ৩. লিভারের কার্যকারিতা প্রভাবিত হতে পারে, তবে এটি সরাসরি প্লাটিলেট গণনাকে প্রভাবিত করবে না। পিটি (PT) এবং এপিটি (APT) নিশ্চিত করবে যে লিভারের কার্যকারিতা হিমোস্ট্যাসিসকে প্রভাবিত করছে কিনা। গর্ভাবস্থা প্লাটিলেট গণনাকে প্রভাবিত করবে না, যদি না এটি সেপ্টিসেমিয়াতে অবদান রাখে। আশা করি এটি সাহায্য করবে। আরও কোনো প্রশ্ন থাকলে, সাহায্য করতে পারলে খুশি হব।"
83944,"হেলো, আপনার প্রশ্নটি পোস্ট করার জন্য ধন্যবাদ। জ্বর ভাইরাল সংক্রমণের কারণে হতে পারে। আপনার সিস্টটি ভাইরাল সংক্রমণের কারণে হওয়ার সম্ভাবনা কম, তবে যদি সিস্ট থাকত তবে পেটের সিটি স্ক্যানে তা ধরা পড়ত। তাই আমার মনে হয় কোনো সিস্ট নেই। অগ্ন্যাশয়ের ল্যাব রিপোর্ট বেড়ে যাওয়া প্যানক্রিয়াটাইটিস নির্দেশ করে। এর জন্য আপনাকে ২ দিন মুখে কিছু খেতে হবে না। সেক্ষেত্রে আপনাকে হাসপাতালে ভর্তি হয়ে আইভি ফ্লুইড নিতে হবে। আপনি যদি আপনার রক্ত পরীক্ষার রিপোর্টগুলো আপলোড করেন তবে তা আমার জন্য খুব সহায়ক হবে, যাতে আমি আপনাকে আরও ভালোভাবে পরামর্শ দিতে পারি। শুভেচ্ছা।"
86012,"যদিও আপনি উপসর্গের ফ্রিকোয়েন্সি এবং স্থায়িত্ব উল্লেখ করেননি, তবে এটি হাঁপানির একটি সম্ভাবনা বলে মনে হচ্ছে - বিশেষ করে যেহেতু রাতে শুয়ে থাকার সময় আপনার উপসর্গগুলো দেখা দিচ্ছে। আপনার চিকিৎসক রোগ নির্ণয়ের জন্য আপনার পালমোনারি ফাংশন টেস্ট মূল্যায়ন করবেন। হাঁপানির অন্যতম সাধারণ কারণ হলো অ্যালার্জি। ধুলোবালি, ধোঁয়াযুক্ত পরিবেশ, জনাকীর্ণ স্থান এড়িয়ে চলা এবং বিছানার চাদর ইত্যাদি পোকা ও তেলাপোকামুক্ত রাখা ভালো, কারণ প্রাণীর লোম উপসর্গ বাড়িয়ে তুলতে পারে। পালমোনারি টেস্টের ফলাফলের জন্য অপেক্ষা করার সময়, আপনি নিরাপদে অ্যান্টিহিস্টামিন গ্রহণ করতে পারেন। ডাক্তারের সাথে চ্যাট করুন।"
51939,"হেলো, মোরাল একটি পেশী শিথিলকারী ওষুধ যা তার শ্বাসকষ্টকে আরও বাড়িয়ে তুলতে পারে। আমি তার ডাক্তারের সাথে পরামর্শ করার এবং শ্বাসকষ্টের কারণ অনুসন্ধানের জন্য কিছু পরীক্ষা করার পরামর্শ দেব।"
38466,"আমার প্রিয় সহকর্মী, এটি খুব ভালোভাবেই স্বীকৃত যে বড় ধরনের অস্ত্রোপচার করা রোগীদের ক্ষেত্রে পা/হাঁটু এবং ফুসফুসের গভীর শিরায় রক্ত জমাট বাঁধা একটি সাধারণ ঘটনা। রক্ত জমাট বাঁধার নিয়ন্ত্রণ ব্যবস্থা স্থানীয়ভাবে এবং সিস্টেমে ক্ষতিগ্রস্ত হওয়ার কারণে দীর্ঘ সময় বিছানায় শুয়ে থাকতে হতে পারে বা নাও থাকতে হতে পারে। যদিও আমরা অস্ত্রোপচারের পরে এবং অস্ত্রোপচারের সময় রক্ত পাতলা করার ওষুধ দিয়ে এর চিকিৎসা করি। সিএমভি (CMV)-এর ফুসফুসের পুনর্বাসনের চিকিৎসার বিষয়ে বলতে গেলে, কম রোগ প্রতিরোধ ক্ষমতা সম্পন্ন এবং ৪০ বছর বয়সী ব্যক্তিদের ক্ষেত্রেও এটি একটি সাধারণ ঘটনা। নিঃসন্দেহে ডাক্তাররা রোগীদের এই জটিল রোগের বিরুদ্ধে লড়াই করেন। চিকিৎসকদের এই প্রচেষ্টার জন্য শুভকামনা রইল।"
30242,"হেলো, হঠাৎ করে যে ফোলাভাব দেখা দিয়েছে, তার জন্য আমাদের সিস্টেমিক প্যাথলজি এবং জয়েন্টের প্যাথোমেকানিক্স বুঝতে হবে। তার ওপর ভিত্তি করে চিকিৎসার পদক্ষেপ নেওয়া যেতে পারে। যদি ডায়াবেটিস বা উচ্চ রক্তচাপ থাকে, তবে সেই প্যাথলজিও পরীক্ষা করে দেখা প্রয়োজন। যেহেতু আপনার ডাক্তার প্রদাহরোধী ওষুধ দিয়েছেন, তাই আমরা সন্দেহ করতে পারি যে ডাক্তার লিগামেন্ট মচকে যাওয়ার (লিগামেন্ট স্প্রেইন) মাধ্যমে এটি নির্ণয় করেছেন। একটি এক্স-রে করার পরামর্শ দেওয়া হচ্ছে। আমি গরম পানি দিয়ে শরীর উঁচু করে রাখা, গোড়ালি ও পায়ের আঙুলের নড়াচড়া করা এবং ক্রেপ ব্যান্ডেজ ব্যবহার করার পরামর্শ দেব, যাতে ফোলা কমে যায়। আশা করি আমি আপনার প্রশ্নের উত্তর দিতে পেরেছি। আমি আপনাকে আরও কোনোভাবে সাহায্য করতে পারি কিনা তা জানাবেন। জে ইন নাসেনিয়া ডক।"
108266,"হেলো, সংক্ষিপ্ত ইতিহাসের জন্য আপনাকে ধন্যবাদ। যদি আপনার পায়ের কাফ মাসল বা পায়ের নিচের অংশের পেশিতে গরম অনুভূত হয়, তবে আমাদের একটি বিষয় পরীক্ষা করা উচিত: আপনি কি ডায়াবেটিক? অথবা ওই এলাকায় কোনো ফোলাভাব বা আঘাত আছে কি? শুরুতে ইউরিক অ্যাসিডের মাত্রা পরীক্ষা করার জন্য একজন চিকিৎসকের সাথে দেখা করুন। দ্বিতীয়ত, আপনার থাইরয়েডের মাত্রা পরীক্ষা করুন, কারণ পরীক্ষার ফলাফল এলে রোগ নির্ণয় সহজ হবে। একজন চিকিৎসক এলাকাটি মূল্যায়ন করে সঠিক পরীক্ষার সিদ্ধান্ত নিতে পারবেন। রিপোর্টের ওপর ভিত্তি করে চিকিৎসক আপনাকে সর্বোত্তম পরামর্শ দেবেন। চিকিৎসকের সাথে পরামর্শ করা কখনোই খারাপ ধারণা নয়। এরপর যদি আরও কোনো প্রয়োজন হয়, তবে একজন বিশেষজ্ঞের পরামর্শ নিতে হবে। আপাতত, আপনি বালিশের ওপর পা রেখে পিঠের ওপর ভর দিয়ে শুয়ে গোড়ালি ও পায়ের আঙুলের কিছু ব্যায়াম করার চেষ্টা করতে পারেন। এছাড়া, পিঠের ওপর ভর দিয়ে পা সোজা করে তোলার ব্যায়ামও করতে পারেন। এটি কাজ করবে এবং আপনাকে আরাম দেবে। যদি লক্ষণগুলো থেকে যায়, তবে যেকোনো বিশেষ পরীক্ষার ক্ষেত্রে চিকিৎসক সবসময় সাহায্য করার জন্য আছেন। ঈশ্বরের কৃপায় আমি আপনার দ্রুত আরোগ্য কামনা করি।"
10379,"হেলো, আপনার অনুসন্ধানের জন্য ধন্যবাদ। আপনি যে তথ্যগুলো উল্লেখ করেছেন, যে পরীক্ষাগুলো করিয়েছেন এবং ৩ বছর ধরে যে ওষুধগুলো খাচ্ছেন তার রিপোর্টের ভিত্তিতে মনে হচ্ছে আপনার অ্যাসিড পেপটিক ডিজিজ রয়েছে। আপনার পেট ফাঁপার সমস্যা আছে এবং আপনার তলপেট শক্ত হয়ে আছে। নিয়মিত মাঝারি ধরনের ব্যায়াম এবং যোগব্যায়ামের মাধ্যমে এটি নিরাময় করা সম্ভব, যা পেট ফাঁপা দূর করতে এবং পেটের সামনের দিকের পেশিগুলোকে শক্তিশালী করতে সাহায্য করবে।"
44909,"হেলো, নাসেনিয়া ডক। নাসেনিয়া ডক ভার্চুয়াল ক্লিনিকে আপনাকে স্বাগত জানাই। আমি আপনার প্রশ্নটি দেখেছি এবং আমি মনে করি আমি আপনার উদ্বেগ বুঝতে পেরেছি। অধিকন্তু, আমি আপনাকে সর্বোত্তম সম্ভাব্য চিকিৎসার পরামর্শ দেওয়ার চেষ্টা করব। মূলত, ডিম্বাণু তৈরি না হওয়ার কারণে অনিয়মিত পিরিয়ড হয়। ডিম্বাণু তৈরি না হওয়া বা পিসিওএস (PCOS) নামক কোনো অবস্থা থাকতে পারে। যাই হোক, চিকিৎসার বিকল্পগুলো উপলব্ধ আছে। আমি আপনাকে ইউএসজি (USG) করানোর পরামর্শ দেব। এছাড়াও, যদি আপনার মাসিক চক্র থাকে তবে দ্বিতীয় দিনে এফএসএইচ (FSH), এলএইচ (LH), এএমএইচ (AMH) এবং টিএসএইচ (TSH)-এর মতো রক্ত পরীক্ষা করা উচিত। টিউবগুলো খোলা আছে কিনা তা জানার জন্য অনুগ্রহ করে এক্স-রে (X-RAY) পরীক্ষা এইচএসজি (HSG) করান। এবং আপনার সঙ্গীর সিমেন অ্যানালাইসিস বা বীর্য পরীক্ষা করা যেতে পারে। ডিম্বাণু তৈরির ওষুধ এবং ফলিকল স্টাডির মাধ্যমে আপনি ডিম্বাণু তৈরির দিন সম্পর্কে জানতে পারবেন। আপনি সেই দিনের আশেপাশে শারীরিক মিলন বা জিইউআই (GUI)-এর জন্য যেতে পারেন। অনুগ্রহ করে চিন্তা করবেন না। সঠিক নির্দেশনার মাধ্যমে আপনি গর্ভবতী হতে পারেন। ঈশ্বর আপনাকে একটি সুন্দর সন্তান উপহার দিন। আশা করি এই উত্তরটি আপনাকে সাহায্য করবে। ধন্যবাদ।"
16788,"হেলো, আমি আপনার প্রশ্নটি দেখেছি এবং আপনার উদ্বেগগুলো বুঝতে পেরেছি। এটি আপনার মাথায় আঘাত পাওয়ার তীব্রতার ওপর নির্ভর করে। আপনার লক্ষণগুলো অনুযায়ী, আমি বলব হ্যাঁ, আপনার কনকাশন বা মস্তিষ্কে আঘাত লেগে থাকতে পারে। বিশ্রাম নিন এবং ডাক্তারের পরামর্শ নিন। যদি আপনার বমি বমি ভাব, বমি হওয়া বা মাথাব্যথা বেড়ে যাওয়ার মতো সমস্যা হয়, তবে আপনার প্রাথমিক চিকিৎসকের সাথে পরামর্শ করা উচিত। আশা করি এটি আপনার প্রশ্নের উত্তর দিয়েছে। আপনার যদি আরও কোনো প্রশ্ন বা ফলো-আপ প্রশ্ন থাকে, তবে আমাদের লিখতে দ্বিধা করবেন না। আমি আপনার প্রশ্নের উত্তর দিতে পারলে খুশি হব।"
18776,"জগিং শুরু করার পর কোনো আঘাতের ইতিহাস ছাড়াই হাঁটুর ব্যথা কোনো ধরনের পেশীর টান বা খিঁচুনির ইঙ্গিত দেয়। এই ধরনের ব্যথার জন্য সবচেয়ে সাধারণ পেশী গোষ্ঠী হলো হ্যামস্ট্রং পেশী, যা হাঁটুর পিছনের দিকে এবং ভেতরের দিকে অবস্থিত। কয়েক দিন জগিং করা থেকে বিরত থাকুন এবং হাঁটু পুরোপুরি প্রসারিত ও ভাঁজ করার মাধ্যমে হাঁটুর পেশীর স্ট্রেচিং ব্যায়াম শুরু করুন। যদি ব্যথা তীব্র হয় এবং স্বাভাবিক হাঁটাচলায় ব্যাঘাত ঘটায়, তবে আপনি আইবুপ্রোফেনের মতো ব্যথানাশক এবং পেশী শিথিলকারী ওষুধ (থিওকোলকিসাইড) শুরু করতে পারেন। যদি ৫-৭ দিনের মধ্যে ব্যথা না কমে, তবে আপনাকে আপনার রিহ্যাব বিশেষজ্ঞের সাথে দেখা করতে হবে। আশা করি এটি আপনার প্রশ্নের উত্তর দিয়েছে। আপনার আরও কোনো প্রশ্ন থাকলে আমি সাহায্য করতে পেরে খুশি হব।"
15908,"হেলো, আমার মতামত হলো রোগ নির্ণয় নিশ্চিত না হওয়া পর্যন্ত আপনার এখন এটি নিয়ে চিন্তা করা উচিত নয়। কারণ পেটের সিটি স্ক্যানে ধরা না পড়লে প্লীহায় আঘাতের সম্ভাবনা কম থাকে। পেটের সিটি স্ক্যান এবং পুঙ্খানুপুঙ্খ পরীক্ষা আপনার ডাক্তারকে প্লীহার আঘাত নির্ণয়ে সাহায্য করবে। এটি সম্ভব যে আপনার ছেলের যে ব্যথা হচ্ছে তা তার অন্যান্য আঘাতের কারণে হচ্ছে। প্লীহাতে আঘাত এবং প্লীহা ফেটে গেলে পেটের গহ্বরে রক্তক্ষরণ হতে পারে। তাই, আপনি আপনার ছেলের মাথা ঘোরা, হৃদস্পন্দন বেড়ে যাওয়া বা শ্বাসকষ্টের মতো লক্ষণগুলোর দিকে নজর রাখতে পারেন। যদি লক্ষণগুলো দেখা দেয় তবে চিকিৎসকের পরামর্শ নিন। আশা করি আমি আপনার প্রশ্নের উত্তর দিতে পেরেছি। আপনার যদি আরও কোনো প্রশ্ন থাকে, তবে আমি সাহায্য করতে পারলে খুশি হব। ধন্যবাদ।"
2064,"হেলো, আপনার সংক্ষিপ্ত ইতিহাস প্রদানের জন্য ধন্যবাদ। একটি পুঙ্খানুপুঙ্খ ক্লিনিকাল পরীক্ষা করার পরামর্শ দেওয়া হচ্ছে। যেহেতু ব্যথার তীব্রতা এবং শকের মতো অনুভূতিগুলো নিউরোপ্যাথিক বলে মনে হচ্ছে, তাই এর দিকে মনোযোগ দেওয়া প্রয়োজন। যেহেতু ইতিহাসে একদিকের অঙ্গের ব্যথা এবং মাথার ব্যথার কথা উল্লেখ আছে, তাই আমি আপনাকে একটি পুঙ্খানুপুঙ্খ নিউরোলজিক্যাল পরীক্ষা এবং পরবর্তীতে মস্তিষ্ক বা সার্ভিকাল অঞ্চলের একটি এমআরআই (MRI) করানোর পরামর্শ দেব। পুঙ্খানুপুঙ্খ নিউরোমাসকুলার পরীক্ষার পর এবং এমআরআই রিপোর্টগুলো বোঝার মাধ্যমে আমরা একটি সিদ্ধান্তে পৌঁছাতে পারব। এছাড়াও, আমাদের জানা প্রয়োজন যে কোনো মোটর ফাংশনের সমস্যা আছে কি না। কারণ এটি উদ্বেগের একটি বড় বিষয়। শুভেচ্ছা, জে, ইন নাসেনিয়া ডক।"
52361,"হেলো! নাসেনিয়া ডকে জিজ্ঞাসা করার জন্য আপনাকে ধন্যবাদ! আমি আপনার উদ্বেগ বুঝতে পারছি এবং ব্যাখ্যা করছি যে আপনার লক্ষণগুলো মৃগীরোগের খিঁচুনির সাথে সম্পর্কিত বলে মনে হচ্ছে। আপনার জানা উচিত যে হাইপারভেন্টিলেশন হলো ইইজি (ফটোস্টিমুলেশন ছাড়াও) কৌশলগুলোর মধ্যে একটি, যা মস্তিষ্কের কোষগুলোকে উত্তেজিত করতে এবং চরম পরিস্থিতিতে মস্তিষ্কের কোষের কার্যকারিতা সম্পর্কে আরও তথ্য পেতে সাহায্য করে। হাইপারভেন্টিলেশন মস্তিষ্কের কোষের ওপর আংশিক CO2 চাপ কমিয়ে দেয়, যা মস্তিষ্কের কোষগুলোকে উত্তেজিত করে এবং এমনকি খিঁচুনিও সৃষ্টি করে। এই ঘটনাটিকে ইইজি-তে প্যাথলজিক্যাল প্যারোক্সিসমাল কার্যকলাপের সাথে যুক্ত করা উচিত, যাতে মস্তিষ্কের কোষের মৃগীরোগের কার্যকলাপ নিশ্চিত করা যায়, যা অজ্ঞান হওয়ার জন্য দায়ী। তাই এটি খুব সম্ভব যে আপনার সিনকোপ খিঁচুনির সাথে সম্পর্কিত হতে পারে। আমি আপনাকে একটি হেড আপ টিল্ট টেস্ট করার পরামর্শ দিচ্ছি, যাতে অর্থোস্ট্যাটিক হাইপোটেনশন আছে কিনা তা নিশ্চিত বা বাতিল করা যায়, যা দাঁড়িয়ে থাকার সময় আপনার কিছু সিনকোপের জন্য দায়ী হতে পারে (খিঁচুনির সাথে সম্পর্কিত নয়)। আশা করি আমি সাহায্য করতে পেরেছি! শুভেচ্ছা রইল।"
103328,"হেলো। নাসেনিয়া ডকে আপনাকে স্বাগতম। আপনার অভিযোগ অনুযায়ী, দাঁত তোলার পরেও দাঁতের কিছু অংশ এবং পুঁজ রয়ে গেছে, যা দাঁতে সংক্রমণের কারণে হতে পারে। এটি নাসেনিয়া ডকের একটি কারণ হতে পারে। কোনো রোগ নির্ণয়ের আগে মুখের কাঠামোর ক্লিনিকাল পরীক্ষা করা প্রয়োজন। আক্রান্ত স্থানের আইওডব্লিউএ (IOWA) উভয় দাঁতের টুকরোর অবস্থান পরীক্ষা করতে সাহায্য করবে। ওরাল পরীক্ষার জন্য পুনরায় একজন ডেন্টিস্টের সাথে পরামর্শ করুন। দাঁতের ক্ষয় এবং প্রয়োজনীয় অ্যান্টিব্যাকটেরিয়াল চিকিৎসা সহায়ক হতে পারে। আশা করি আমার পরামর্শ আপনার উপকারে আসবে। দ্রুত সুস্থ হয়ে উঠুন। ধন্যবাদ।"
89843,"মাঝে মাঝে গলায় জ্বালাপোড়া অ্যাটিপিক্যাল এনজাইনার লক্ষণ হতে পারে, তবে এটি হৃদরোগের লক্ষণ দেখা দেওয়ার আগেই দেখা দেওয়া উচিত ছিল যার জন্য এনজিওগ্রাফি এবং পেস্টি প্রয়োজন। এটি অ্যাসিড রিফ্লাক্সের লক্ষণ হতে পারে যা ওমেপ্রাজল দিয়ে নিয়ন্ত্রণ করা যায়। কখনও কখনও আইসিইউতে কিছু রোগীর গলা ব্যথা হয় যার ফলে গলায় আবার জ্বালাপোড়া হয়, এটি কোনো গুরুতর অবস্থা নয়। এবং রোগীর ইতিহাস অনুযায়ী তিনি চতুর্থ দিনে খেতে পারছেন, যার অর্থ তিনি শেষ দুটি মৃদু অবস্থা থেকে বেরিয়ে আসছেন।"
106391,"নাসেনিয়া ডকে আপনার প্রশ্নের জন্য ধন্যবাদ। আমার মতে, আপনার মূত্রাশয় এবং প্রোস্টেটে পজিটিভ আপটেক (হট স্পট) আছে কিনা তা নিশ্চিত করার জন্য আপনার একটি পিইটি স্ক্যান করানো উচিত, কারণ অতীতে আপনার প্রোস্টেট এবং মূত্রাশয়ের ক্যান্সার ছিল। যদি পর্যাপ্ত টিস্যু বায়োপসি না করা হয় বা ক্ষতের ক্যান্সারহীন অংশ থেকে বায়োপসি নেওয়া হয়, তবে বায়োপসি ভুল নেগেটিভ হতে পারে। তাই পিইটি স্ক্যান এবং স্ক্যানের হট স্পট থেকে গাইডেড বায়োপসির মাধ্যমে এটি পরীক্ষা করা ভালো। যদি বায়োপসি রিপোর্টে ক্যান্সার না পাওয়া যায়, তবে মূত্রনালীর সংক্রমণ এর কারণ হতে পারে। প্রস্রাবের মাইক্রোস্কোপিক পরীক্ষা এবং প্রস্রাব কালচার করানো ভালো। এছাড়াও প্রস্রাবে ম্যালিগন্যান্ট কোষ আছে কিনা তা পরীক্ষা করুন।"
62526,"হেলো, আমাদের কাছে লেখার জন্য ধন্যবাদ। যখন পেটের সিটি স্ক্যান (কিডনিসহ) করা হয়, তখন বুকের নিচের অংশ এবং ফুসফুসের নিচের অংশের জন্যও স্ক্যান করা হয়। আমার মনে হয় নিউমোনিয়া এই পদ্ধতিতে নির্ণয় করা হয়েছে। কিডনির বৃদ্ধির বিষয়ে বলতে গেলে, লিপোমা বা অ্যাঞ্জিওমায়োলিপোমার মতো কিডনির টিউমারে চর্বি জমা হতে পারে। এই ধরনের বৃদ্ধির প্রকৃতি সঠিকভাবে মূল্যায়ন করা প্রয়োজন এবং আপনার ডাক্তার আপনার রিপোর্টে তা লিখে দেবেন। বেশিরভাগ রোগীর ক্ষেত্রে, কিডনিতে চর্বি জমা একটি নিরীহ অবস্থা, তবে নিশ্চিত হওয়ার বিষয়টি সঠিক বর্ণনার ওপর নির্ভর করে এবং এর জন্য কিডনি বায়োপসিরও প্রয়োজন হতে পারে। আশা করি এটি আপনাকে সাহায্য করবে।"
61038,"প্রিয় বন্ধু, আপনার নাতির কেস হিস্ট্রি ভালোভাবে পড়ে আমার মনে হচ্ছে এটি দাঁত ওঠার কারণে বা কোনো ভাইরাল সংক্রমণের কারণে হতে পারে। এই বয়সে একটি শিশুর সবসময় দাঁত ওঠার লক্ষণ যেমন ডায়রিয়া এবং জ্বর থাকে, এছাড়া ভাইরাসের সংক্রমণের কারণেও জ্বর হতে পারে। শিশু অসুস্থ থাকলে সবসময় বমি ভাব হয়। তাই এই এইচএস (HS)-এর কোনো গুরুত্ব নেই। আপনার তাকে প্যারাসিটামলের মতো জ্বর কমানোর ওষুধ দেওয়া উচিত এবং তার শারীরিক অবস্থার দিকে নজর রাখা উচিত। আশা করি কয়েক দিনের মধ্যেই জ্বর কমে যাবে এবং তার অবস্থার উন্নতি হবে। ধন্যবাদ।"
96383,"হেলো, নাসেনিয়া ডকে আপনাকে স্বাগতম। এটি টাইপ ১ ডায়াবেটিস মেলিটাসের কারণে মূত্রনালীর সংক্রমণের সাথে সম্পর্কিত হতে পারে। আপনার কালশিটেটি অটোইমিউন সম্পর্কিত হতে পারে। আপনার রক্তে শর্করার মাত্রা (ফাস্টিং এবং পোস্ট প্র্যান্ডিয়াল), প্রস্রাবের শর্করা, মাইক্রোস্কোপি, অ্যালবুমিন এবং গ্লাইকেটেড হিমোগ্লোবিন পরীক্ষা করা উচিত। আপনার মূত্রনালীর সংক্রমণের জন্য ৫ দিন ধরে দিনে দুবার ট্যাব নরফোক ৪০০ মিগ্রা সেবন করুন। টাইপ ১ ডায়াবেটিস নিশ্চিত হওয়ার পর অটোইমিউন স্ক্রিনিং করান। রিপোর্টগুলো নিয়ে আপনার ডাক্তারের সাথে পরামর্শ করুন। ইনসুলিন যেমন হিউম্যান অ্যাস্টেরয়েড চিকিৎসার বিকল্প হতে পারে। ধন্যবাদ।"
30453,"আমি আপনার বয়স এবং আপনার আত্মীয়দের ডিম্বাশয়ের ক্যান্সার হওয়ার বয়স জানতে পারলে ভালো হতো। যাই হোক, আপনার যা করা উচিত তা হলো সিএ-১২৫ (CA-125) নামক একটি রক্ত পরীক্ষা করানো। যদি এটি বেশি থাকে, তবে আপনার ডিম্বাশয়ের ক্যান্সার হওয়ার সম্ভাবনা বেশি (এর মাত্রা যত বেশি হবে, ঝুঁকি তত বেশি হবে)। সেক্ষেত্রে আপনাকে একজন ক্যান্সার সার্জনের মাধ্যমে ডিম্বাশয়ের ক্যান্সারের অস্ত্রোপচার করাতে হবে। যদি এটি স্বাভাবিক থাকে, তবে আপনার ডিম্বাশয়ের ক্যান্সার হওয়ার সম্ভাবনা অনেক কম (যদিও শূন্য নয়), সেক্ষেত্রে ২-৩ মাস পর আপনার পুনরায় সিটি স্ক্যান করা উচিত। যদি সিস্টগুলো থেকে যায় বা আকারে বড় হয়, তবেও আপনার অস্ত্রোপচার করা উচিত। যদি সেগুলো কমে যায় বা অদৃশ্য হয়ে যায়, তবে সেগুলো নিয়ে চিন্তা করবেন না। ইতিমধ্যে, ব্যথার জন্য পর্যাপ্ত ব্যথানাশক ওষুধ সেবন করুন।"
93055,"হেলো। এটি কোলাইটিসের গুরুতর আকারে ঘটে। প্রথমে আপনাকে সঠিক অ্যান্টিবায়োটিক, মেট্রোনিডাজল এবং অ্যান্টি-স্পাসমোডিক ওষুধ সেবন করতে হবে। কমপক্ষে ৫ দিনের একটি কোর্সের জন্য। যদি কোনো উপশম না হয়, তবে আমাদের বৃহদন্ত্রের আলসার বা ক্যান্সারের অন্যান্য সম্ভাবনার কথা ভাবতে হবে। সবচেয়ে ভালো উপায় হলো কোলোনোস্কোপি এবং বায়োপসি করানো। সিটি স্ক্যান রোগ নির্ণয় নিশ্চিত করতে এবং ক্যান্সার থাকলে তার পর্যায় নির্ণয়ে সাহায্য করে। এটি চিকিৎসার পরিকল্পনা করতে এবং অন্ত্র ও পেটের অন্যান্য সমস্যাগুলো অবশ্যই বাদ দিতে সাহায্য করে।"
1231,"নাসেনিয়া ডকে আপনার প্রশ্নের জন্য ধন্যবাদ। যেকোনো ক্যান্সারের চিকিৎসা এর স্টেজিংয়ের ওপর নির্ভর করে। স্টেজিংয়ের জন্য আমাদের ক্ষতটির সঠিক আকার, লিম্ফ নোড আক্রান্ত কি না এবং দূরবর্তী অঙ্গগুলোতে মেটাস্টেসিস ছড়িয়েছে কি না তা জানা প্রয়োজন। তাই আপনার বন্ধুর ক্ষেত্রে সঠিক স্টেজিং জানার জন্য আমাদের সিটি নেক এবং পিইটি স্ক্যান করাতে হবে। সাধারণত স্থানীয় পুনরাবৃত্তি এবং দূরবর্তী অঙ্গে মেটাস্টেসিস প্রতিরোধ করার জন্য কেমোথেরাপি এবং রেডিওথেরাপির প্রয়োজন হয়। তাই একজন অনকোলজিস্টের সাথে পরামর্শ করে চিকিৎসা শুরু করা ভালো।"
41399,"নাসেনিয়া ডকে আপনার প্রশ্নের জন্য ধন্যবাদ। আমি আপনার উদ্বেগ বুঝতে পারছি। আপনি যে রিপোর্টের কথা উল্লেখ করেছেন তা আমি দেখেছি। হ্যাঁ, আপনি সংক্রামক ইটিওলজি সম্পর্কে জানেন। সেন্ট্রিলোবুলার নডিউলের সবচেয়ে সাধারণ কারণ হলো সংক্রমণ। সংক্রমণের মধ্যে যক্ষ্মা সবচেয়ে সম্ভাব্য সংক্রমণ। আপনার মিডিয়াস্টিনাল লিম্ফ্যাডেনোপ্যাথিও রয়েছে। এটিও যক্ষ্মার দিকেই ইঙ্গিত করে। তাই এএফবি (যক্ষ্মার জন্য দায়ী ব্যাকটেরিয়া) এর জন্য কফ অণুবীক্ষণিক পরীক্ষা করান। আপনার অ্যান্টি-টিউবারকুলার ওষুধের প্রয়োজন হবে। তাই একজন পালমোনোলজিস্টের সাথে পরামর্শ করুন এবং এই সব বিষয়ে আলোচনা করুন। আশা করি আমি আপনার প্রশ্নের সমাধান করতে পেরেছি। আপনাকে আরও সাহায্য করতে পারলে আমি খুশি হব। আপনার সুস্বাস্থ্য কামনা করি। ধন্যবাদ।"
108681,"নাসেনিয়া ডকে আপনাকে স্বাগতম। ১. এটি ক্রমাগত ঘর্ষণের কারণে সংক্রমণ বা প্রদাহ বলে মনে হচ্ছে, চুলকানি ব্যাকটেরিয়াজনিত সংক্রমণের কারণে হচ্ছে। ২. যেহেতু এটি বৃদ্ধি পাচ্ছে, তাই আপনার ডাক্তারের সাথে দেখা করে অ্যান্টিবায়োটিকের একটি কোর্স নেওয়া ভালো। ৩. আশা করি এরপর অবস্থার উন্নতি হবে। ৪. অবহেলা করলে আরও জটিলতা দেখা দিতে পারে। ৫. ওই স্থানে কোনো চাপ দেওয়া থেকে বিরত থাকুন, স্বাস্থ্যবিধি মেনে চলুন এবং নাসেনিয়া ডকের সাথে যোগাযোগ রাখুন। আশা করি এটি আপনাকে সাহায্য করবে। আপনার সুস্বাস্থ্য কামনা করি। কিছু জিজ্ঞাসা করার আছে? দ্বিধা করবেন না। ধন্যবাদ।"
4911,"হেলো, নাসেনিয়া ডকে আপনাকে স্বাগতম। মনে হচ্ছে আপনার সন্তানের টর্টিকলিস হয়েছে, যার অর্থ ঘাড়ের পেশির খিঁচুনি, যার ফলে এমন তীব্র ব্যথা হচ্ছে। গিঁটটি পেশি বা লিম্ফ নোডও হতে পারে, যা এই বয়সের শিশুদের ক্ষেত্রে খুব সাধারণ। আমি আপনাকে পরামর্শ দেব তাকে তার ঘাড় বিশ্রাম দিতে এবং খুব বেশি মোচড় দিয়ে বা মোচড় দিয়ে না দিতে। ব্যথার জায়গায় গরম সেঁক দিতে পারেন। যদি ব্যথা খুব বেশি হয়, তবে ব্যথানাশক ক্রিম খুব সাহায্য করবে। আশা করি সে দ্রুত সুস্থ হয়ে উঠবে। ভালো থাকবেন।"
74536,"হেলো। আপনার মায়ের অসুস্থতা নিয়ে আপনার উদ্বেগ এবং দুশ্চিন্তা আমি বুঝতে পারছি। আপনার দেওয়া তথ্য অনুযায়ী, মনে হচ্ছে আপনার চিকিৎসা প্রদানকারী দল আপনাকে এই ধারণা দিয়েছে যে, যদি পেট স্ক্যান (PET SCAN) মেটাস্ট্যাটিক রোগের জন্য নেগেটিভ আসে, তবে বর্তমানে সিটি স্ক্যানের ফলাফল টিউমারটিকে অপসারণযোগ্য বলে গণ্য করে। ফুসফুসের অ্যাডেনোকার্সিনোমা অস্ত্রোপচারের মাধ্যমে অপসারণ, এরপর কেমোথেরাপি এবং রেডিওথেরাপির মাধ্যমে নিরাময় করা সম্ভব (প্রয়োজন হলে হিস্টোপ্যাথলজি রিপোর্টের ওপর ভিত্তি করে)। ফুসফুসে সীমাবদ্ধ রোগগুলো পেট স্ক্যানের মাধ্যমে যাচাই করা যাবে। পেট স্ক্যানের রিপোর্ট হাতে পাওয়ার পর আপনি আপনার প্রশ্নটি পুনরায় করতে পারেন এবং নাসেনিয়া ডকে আমরা আনন্দের সাথে উত্তর দেব।"
50655,"হেলো, আপনার হাঁপানি ছিল নাকি সংক্রমণ ছিল তা ব্যাখ্যা করা কঠিন কারণ সেই সময়ে আপনি কী কী উপসর্গে ভুগছিলেন তা আমাদের জানা প্রয়োজন। ক্লিনিকাল রোগ নির্ণয়ের জন্য রোগীর ইতিহাস এবং উপসর্গের শুরু, স্থায়িত্ব ও অগ্রগতি জানা গুরুত্বপূর্ণ। রোগ নির্ণয়ের জন্য পরীক্ষার ফলাফলের সাথে উপসর্গের সম্পর্ক যাচাই করতে একজন ডাক্তারকে আপনাকে পুঙ্খানুপুঙ্খভাবে পরীক্ষা করতে হবে। আপনি একজন পালমোনোলজিস্টের (ফুসফুস বিশেষজ্ঞ) সাথে দেখা করে আপনার সন্দেহ দূর করতে পারেন। ধন্যবাদ।"
92738,"হেলো, আমার মনে হয় আপনার বাড়িতে প্রস্রাবের মাধ্যমে প্রেগন্যান্সি টেস্ট করা উচিত। কখনও কখনও লিগেশন ব্যর্থ হতে পারে, তবে এটি বিরল। তাই, প্রেগন্যান্সি টেস্ট করে আপনার সন্দেহ দূর করুন। যদি নেগেটিভ হয়, তবে এটি কোনো মানসিক চাপের কারণে হতে পারে। তাই, আপনার পিরিয়ডের জন্য অপেক্ষা করুন। যদি আপনার প্রত্যাশিত তারিখের ২ সপ্তাহের মধ্যে পিরিয়ড না হয় এবং টেস্ট নেগেটিভ হয়, তবে আপনি পিরিয়ড শুরু করার জন্য কিছু ওষুধ খেতে পারেন। ঘন ঘন প্রস্রাব হওয়া প্রস্রাবে সংক্রমণের কারণে হতে পারে। একটি ইউরিন রুটিন, মাইক্রোস্কোপি এবং কালচার পরীক্ষা করিয়ে নিন। ডাক্তারের সাথে চ্যাট করুন। আশা করি আমি আপনার প্রশ্নের উত্তর দিতে পেরেছি। শুভেচ্ছা।"
98188,"হেলো, আপনার ফাইব্রোসিস হয়েছে যার ফলে লিঙ্গের অগ্রভাগের চামড়া গ্ল্যান্সের ওপর থেকে পুরোপুরি পেছনের দিকে সরানো যাচ্ছে না। এর কারণ ক্রনিক ব্যালানোপোস্থাইটিসের মতো সংক্রমণ হতে পারে। এমন ক্ষেত্রে আপনার খৎনা অপারেশনের প্রয়োজন হতে পারে, যেখানে অগ্রভাগের চামড়া অপসারণ করা হয় এবং ফ্রেনুলাম টানটান করা হয়। বিস্তারিত মূল্যায়নের জন্য আপনার নিকটস্থ ইউরোলজিস্টের সাথে পরামর্শ করা উচিত। আশা করি আমি আপনার প্রশ্নের উত্তর দিতে পেরেছি। আমি আপনাকে আরও কোনোভাবে সাহায্য করতে পারি কিনা তা জানাবেন।"
9654,"হেলো প্রিয়, প্রশ্ন করার জন্য ধন্যবাদ। লিভার এনজাইমের শুধুমাত্র বৃদ্ধি হেপাটাইটিস সি-এর লক্ষণ নয়। এখানে যদি ঝুঁকি থাকে, তবে ভাইরাল হেপাটাইটিস বি বা সি শনাক্ত করার জন্য আপনাকে এইচবিএসএজি (HBsAg) এবং অ্যান্টি এইচসিভি অ্যান্টিবডি এলিসা (ELISA) পরীক্ষা করতে হবে। আপনাকে জানিয়ে রাখি, এই দুটি হেপাটাইটিসের মধ্যে কোনোটি থাকলে নিয়মিত ফলো-আপ করা প্রয়োজন, কারণ দীর্ঘস্থায়ী সংক্রমণ বা বাহক হওয়ার সম্ভাবনা থাকে। বিশেষ করে হেপাটাইটিস সি। যদি আপনি বাহক বা দীর্ঘস্থায়ী সংক্রমণে আক্রান্ত হন, তবে এর কোনো স্থায়ী নিরাময় নেই। লিভার এনজাইম বৃদ্ধির অন্যান্য কারণগুলোও যেমন ফ্যাটি লিভার, পিত্তথলির পাথর, হৃদরোগ ইত্যাদি আছে কি না তা নিশ্চিত করুন। নিজের যত্ন নেবেন।"
45646,"হেলো, আমি আপনার উদ্বেগগুলো বুঝতে পারছি। প্রথমেই আমাকে জানতে হবে আপনি পুরুষ না নারী। আপনার দেওয়া তথ্য বা প্রাপ্ত তথ্যের ভিত্তিতে, একজন ডাক্তারের সাথে পরামর্শ করা সবচেয়ে ভালো হবে, যিনি আপনার সম্পূর্ণ ইতিহাস নিতে পারবেন, অস্ত্রোপচারের রেকর্ডগুলো দেখতে পারবেন, শারীরিক পরীক্ষা করতে পারবেন, ল্যাব টেস্টের পরামর্শ দিতে পারবেন এবং আপনি প্রজননক্ষম কি না তা নিশ্চিতভাবে জানার জন্য ইমেজিং পরীক্ষা করাতে পারবেন। যদি দেখা যায় যে আপনি সন্তান নিতে পারছেন না, তবে এর পেছনে অনেক কারণ থাকতে পারে। অনুগ্রহ করে হতাশ হবেন না, যত দ্রুত সম্ভব একজন ডাক্তারের সাথে পরামর্শ করুন। আশা করি এটি আপনাকে সাহায্য করবে। নিজের যত্ন নিন এবং আপনার দিনটি সুন্দর কাটুক!"
97701,"হেলো, উপরের ওষুধগুলোর মাধ্যমে আপনার পিরিয়ড নিয়মিত হবে এবং ডিম্বস্ফোটন সঠিকভাবে ঘটবে। ওভারিয়ান সিস্ট নিয়ন্ত্রণে থাকবে কিন্তু পুরোপুরি দূর হবে না এবং পিসিওএস-এর লক্ষণগুলো কমে যাবে। তবে, ক্রিমসন-৩৫ (KRIMSON-35) সেবনের ফলে গর্ভবতী হওয়ার সম্ভাবনা খুবই কম, কারণ এটি একটি দুর্বল গর্ভনিরোধক পিল। চিকিৎসার কোর্স শেষ করার পর গর্ভধারণের চেষ্টা করা ভালো। ইতিমধ্যে, আপনি নিয়মিত ফলিক অ্যাসিড এবং ভিটামিন সাপ্লিমেন্ট গ্রহণ করবেন। ওভারিয়ান সিস্টের মূল চিকিৎসা।"
83159,"হেলো, আপনি কেমন আছেন? আমি আপনার উদ্বেগের বিষয়টি পড়েছি। আজকাল বেশিরভাগ স্বাস্থ্য ঝুঁকির জন্য মানসিক চাপ অন্যতম প্রধান কারণ। ব্যস্ত জীবনে অতিরিক্ত মানসিক চাপ নিলে সাধারণত উদ্বেগ এবং বিষণ্নতা তৈরি হয়। এই লক্ষণগুলো মোকাবিলা করার জন্য আমি আপনাকে যত দ্রুত সম্ভব শান্ত হওয়ার পরামর্শ দিচ্ছি। রিলাক্সেশন বা শিথিলকরণ ব্যায়াম করলে ৫০ শতাংশেরও বেশি ব্যথা এবং অস্বস্তি দূর হয়ে যায়। আপনি তরুণ এবং ব্যায়াম আপনাকে আরও শক্তিশালী ও শান্ত করতে পারে এবং মানসিক চাপ কমাতে সাহায্য করতে পারে। জিমে যোগ দিন এবং ধীরে ধীরে ব্যায়ামের পরিমাণ বাড়ান। এছাড়া, মানসিক চাপের কারণে আপনার হৃদপিণ্ডে কোনো পরিবর্তন আসে কি না, তা জানার জন্য একজন বিশেষজ্ঞ চিকিৎসকের মাধ্যমে বুকের ব্যথার মূল্যায়ন করা জরুরি। এই পর্যায়ে আমি কোনো ওষুধের পরামর্শ দেব না। শুধু আপনার জীবনযাত্রায় পরিবর্তন আনুন, স্বাস্থ্যকর খাবার খান এবং ব্যায়ামকে আপনার রুটিনে পরিণত করুন।"
49631,"হেলো, বাইপাস সার্জারির পরে নাসেনিয়া ডকের জন্য অনেক কারণ থাকতে পারে। সবচেয়ে সাধারণ এবং সহজে সংশোধনযোগ্য কারণগুলো হলো সোডিয়ামের স্বল্পতা বা অন্যান্য বিপাকীয় কারণ (হাইপোক্সিয়া, রক্তে শর্করার স্বল্পতা, কিডনি ও যকৃতের সমস্যা)। আপনি যেমন বলেছেন ব্যথানাশক বা ঘুমের ওষুধ, কিছু অ্যান্টিবায়োটিক এবং অন্যান্য বিরল ওষুধ যা এর কারণ হতে পারে। তার স্ট্রোক এবং মৃগীরোগের ইতিহাস বিবেচনা করে, সাইলেন্ট কন্টিনিউয়াস সিজার বা নীরব ক্রমাগত খিঁচুনি আছে কিনা তা নিশ্চিত করতে একটি ইইজি (EEG) করা প্রয়োজন। পরিশেষে, বাইপাসের সময় মস্তিষ্কে রক্ত সঞ্চালন"
33538,"হেলো, প্রিয়, ভারত থেকে শুভ সকাল। নাসেনিয়া ডক ভার্চুয়াল ক্লিনিকে আপনার অনুসন্ধানের জন্য ধন্যবাদ। আমি আপনার অনুসন্ধানটি বিস্তারিতভাবে পড়েছি। আমি আপনার উদ্বেগগুলো বুঝতে পেরেছি। আমার মতে, পাঁজরের নিচে ডানদিকের চাকাটি আঁচিল, সেবাসিয়াস সিস্ট, লিপোমা, ডারময়েড রোগ, এপিগ্যাস্ট্রিক হার্নিয়া বা ফোড়া হতে পারে। ক্লিনিকাল পরীক্ষার মাধ্যমে আমার আরও তথ্যের প্রয়োজন। তবুও প্রদত্ত তথ্য অনুযায়ী এটি এপিগ্যাস্ট্রিক হার্নিয়া বলে মনে হচ্ছে, কারণ আপনার ঢেকুর ওঠা, গ্যাস এবং অন্ত্রের সমস্যা রয়েছে। যদি তা না হয়, তবে অন্ত্রের সমস্যা এবং ঢেকুর ওঠা অন্য কোনো কারণে হতে পারে। প্রতিকার- আপনার ডাক্তার কারণ অনুযায়ী চিকিৎসার পরামর্শ দেবেন। আশা করি এটি আপনাকে দ্রুত স্বাভাবিক স্বাস্থ্য ফিরে পেতে সাহায্য করবে। আরও কোনো অনুসন্ধানের জন্য নাসেনিয়া ডকে আপনাকে আবারও স্বাগত জানাই। আপনার দিনটি ভালো কাটুক।"
28829,"হেলো, আপনার অনুসন্ধানের জন্য ধন্যবাদ। আপনার বাম অণ্ডকোষে ব্যথা ও অস্বস্তি এবং বাম কোমরের দিকে ব্যথা হওয়ার লক্ষণগুলো মূলত এপিডিডাইমিস বা অণ্ডকোষের সংক্রমণের কারণে হয়ে থাকে। অনুগ্রহ করে ক্লিনিকাল পরীক্ষার জন্য একজন যোগ্য ইউরোলজিস্টের সাথে পরামর্শ করুন এবং রোগ নির্ণয়ের জন্য নিম্নলিখিত প্রাথমিক পরীক্ষাগুলো করান: ১) প্রস্রাবের রুটিন এবং কালচার পরীক্ষা। ২) পেট এবং পেলভিসের আল্ট্রাসাউন্ড স্ক্যান। ৩) অণ্ডকোষের আল্ট্রাসাউন্ড স্ক্যান। আপনার অ্যান্টি-ইনফ্ল্যামেটরি ওষুধের পাশাপাশি ডেফিনিট-এর মতো ব্রড-স্পেকট্রাম অ্যান্টিবায়োটিক গ্রহণ করা প্রয়োজন। আপনার পারিবারিক চিকিৎসকের কাছ থেকে ওষুধের প্রেসক্রিপশন নিন। নিশ্চিত করুন যে"
54282,"হেলো, ডেইরি, আমি আপনার প্রশ্নটি দেখেছি। আমি আপনার উদ্বেগ বুঝতে পারছি। আপনার রক্তচাপ খুব বেশি। আপনার জরুরি ভিত্তিতে জরুরি বিভাগে পরামর্শ নেওয়া উচিত। এই রক্তচাপের কারণে যেকোনো কিছু হতে পারে। অ্যাটেনোলল, নিফেডিপাইন বা লোসারটান নেওয়া যেতে পারে, তবে প্রথমে আপনার পরীক্ষা করা প্রয়োজন। আপনার স্বামীর জন্য যে ওষুধ দেওয়া হয়েছিল তা খাবেন না। পরামর্শ অনুযায়ী মেটফরমিন চালিয়ে যান। এর সাথে আপনার রক্তচাপের কোনো সম্পর্ক নেই। আশা করি আমি আপনার প্রশ্নের উত্তর দিতে পেরেছি। আপনার যদি কোনো সন্দেহ থাকে তবে নির্দ্বিধায় আমাকে জিজ্ঞাসা করতে পারেন। আমি উত্তর দিতে পারলে খুশি হব। নাসেনিয়া ডক ব্যবহার করার জন্য ধন্যবাদ। আপনার সুস্বাস্থ্য কামনা করি।"
18902,"হেলো, আপনার অনুসন্ধানের জন্য ধন্যবাদ। মূল সমস্যাটি আপনার মাড়ির। আপনি পেরিওসাল্টিং ডেন্টাল ডিজিজে ভুগছেন, যা মাড়ির একটি রোগ। এই অবস্থায় দাঁতকে ধরে রাখা মাড়ির মাড়ি ক্ষতিগ্রস্ত হয়, যার ফলে ব্রাশ করার সময় মাড়ি থেকে রক্তপাত হয়। প্রাথমিক পর্যায়ে অবহেলা করলে এটি বাড়তে থাকে এবং হাড়ের ক্ষয় ও দাঁতের নড়বড়ে ভাব দেখা দেয়। চিকিৎসার মধ্যে রয়েছে ডিপ সাবলিঙ্গুয়াল স্কেলিং বা ফ্ল্যাপ সার্জারি, প্রয়োজনে এক্স-রে এর মাধ্যমে রোগ নির্ণয় করা যায়। চিন্তার কিছু নেই। পরবর্তী চিকিৎসার জন্য একজন পেরিওডনটিস্টের সাথে দেখা করুন। আশা করি এটি সহায়ক হবে।"
108354,"হেলো, প্রাইমাল এন (Primal N) একটি প্রজেস্টেশনাল ওষুধ হওয়া সত্ত্বেও যদি আপনি চ্যাট ডাক্তারের সাথে কথা বলতে না পারেন, তবে এফএসএইচ (FSH), এলএইচ (LH), এএমএইচ (AMH), ইস্ট্রোজেন এবং প্রজেস্টেরনের রক্ত পরীক্ষা আপনাকে জানাতে পারে যে আপনি মেনোপজে পৌঁছেছেন কি না। যদি আপনার মেনোপজ হয়ে থাকে, তবে এখন গর্ভধারণের চেষ্টা করার কোনো যুক্তি নেই। আপনি এর পরিবর্তে সন্তান দত্তক নেওয়ার কথা ভাবতে পারেন। আশা করি এটি আপনাকে সাহায্য করবে। আমি আপনাকে আরও কোনোভাবে সাহায্য করতে পারি কি না তা জানাবেন।"
11696,"হেলো প্রিয়, আমি আপনার উদ্বেগ বুঝতে পারছি। আমার মতে, নিয়মিত সংকোচন এবং পিঠের ব্যথার পাশাপাশি পিটার পেইন (Peter pains) আছে কিনা তা নিশ্চিত করার জন্য অবশ্যই শারীরিক পরীক্ষার প্রয়োজন। এটি ভালো যে কোনো লক্ষণ দেখা যাচ্ছে না। প্রিটার্ম পেইন মূত্রনালীর সংক্রমণ, যোনিপথের সংক্রমণ বা অন্য যেকোনো কারণে হতে পারে। প্রস্রাবের সংক্রমণ আছে কিনা তা নিশ্চিত করার জন্য সম্পূর্ণ প্রস্রাব পরীক্ষার মতো পরীক্ষাগুলো সহায়ক হতে পারে। যোনিপথের পরীক্ষা কোনো যোনিপথের সংক্রমণ আছে কিনা তা নিশ্চিত করতে সাহায্য করে। চিন্তার কিছু নেই। সঠিক চিকিৎসায় এটি কমে যাবে। শুভেচ্ছা রইল..."
91011,"হেলো, এমন একটি নিরাময়ের সময় থাকতে পারে যখন জিহ্বার গঠন ভিন্ন অনুভূত হয়। জিহ্বায় কামড় লাগাটাও সাধারণ বিষয়। এটি ভারী অনুভূত হতে পারে। এই সমস্যাটি কয়েক মাস ধরে থাকা উচিত নয়। আমি চিন্তিত যে কথা বলার সময় যদি কোনো ফোলাভাব দেখা দেয় বা আরও গুরুতর কোনো সমস্যা দেখা দেয়। সীমিত নড়াচড়া উদ্বেগের বিষয়, বিশেষ করে যদি তা আরও সীমাবদ্ধ হয়ে পড়ে। জিহ্বার ব্যথা কি কোনো ডেন্টিস্ট দেখিয়েছিলেন এবং নির্ণয় করেছিলেন? অনুগ্রহ করে পরীক্ষার জন্য একজন ডেন্টিস্টের সাথে পরামর্শ করুন। আলসারযুক্ত এলাকায় বারবার সমস্যা হতে পারে, বিশেষ করে যদি তা ভাইরাল হয়। অ্যালার্জির প্রতিক্রিয়াও হতে পারে। সঠিক রোগ নির্ণয়ের জন্য একটি ক্লিনিকাল পরীক্ষা করার পরামর্শ দেওয়া হচ্ছে। আপনার অনুসন্ধানের জন্য ধন্যবাদ।"
89186,"হেলো। আমি আপনার উদ্বেগ বুঝতে পারছি। আপনার অভিযোগ অনুযায়ী, ব্যাকটেরিয়ার সংক্রমণের কারণে যখন দাঁত গভীরভাবে ক্ষয়প্রাপ্ত হয়, তখন সংক্রমিত দাঁতের গোড়ার কাছে পুঁজ জমে এবং একে ""ডেন্টাল অ্যাবসেস"" বলা হয়। যখন এটি বের হওয়ার কোনো পথ থাকে না, তখন এটি চাপ সৃষ্টি করে এবং ব্যথার কারণ হয়। ব্রণ তৈরি হওয়া হলো সংক্রমিত দাঁতের কারণে সৃষ্ট একটি পুঁজভরা ক্ষত। অ্যান্টিবায়োটিক এবং ব্যথানাশক ওষুধ সংক্রমণ কমাতে সাহায্য করতে পারে, তবে সংক্রমণটি একটি সর্বোত্তম পর্যায়ে পৌঁছাতে সময় লাগে যাতে পুঁজ বেরিয়ে আসে। যদি দাঁতটি ইতিমধ্যে খুব গভীরভাবে সংক্রমিত হয়ে থাকে, তবে ব্যথা কমানোর জন্য বা দাঁতটিকে রক্ষা করার মতো কোনো নির্দিষ্ট খাবার নেই। একমাত্র সতর্কতা যা আপনি নিতে পারেন তা হলো শক্ত খাবার এড়িয়ে চলুন এবং ব্যথা বেড়ে যাওয়া রোধ করতে আক্রান্ত পাশ দিয়ে চিবাবেন না। আপনার খুব ঠান্ডা এবং খুব গরম খাবারও এড়িয়ে চলা উচিত।"
7538,"হেলো। আপনার অনুসন্ধানের জন্য ধন্যবাদ। আপনার ইটি (ET) বেশ কম। এটি বিভিন্ন কারণে হতে পারে। দুর্বল এন্ডোমেট্রিয়াল পারফিউশন এর প্রধান কারণ। যক্ষ্মা এবং এন্ডোমেট্রিয়াল প্যাথলজিগুলো পরীক্ষা করে দেখা উচিত। আপনার ডাক্তারের সাথে পরামর্শ করার পর আপনি সিলডেনাফিল বা ইস্ট্রোজেন ট্যাবলেট গ্রহণ করে দেখতে পারেন। অষ্টম দিনের পর লেটোভাল (Letoval) চালিয়ে যাওয়া উচিত নয়। ডুপাস্টন (Duphaston) সাধারণত লুটিয়াল ফেজ সাপোর্ট হিসেবে দেওয়া হয়। আপনার পরবর্তী চক্রের জন্য, যদি আপনার টিউবগুলো খোলা থাকে, তবে আপনি অন্য কোনো ওভুলেশন ইনডিউসিং এজেন্টে পরিবর্তন করতে পারেন। আপনার জন্য শুভকামনা।"
99512,"হেলো, আমার মনে হয় আপনার প্রথমে থাইরয়েড প্রোফাইল স্বাভাবিক সীমার মধ্যে আনা উচিত এবং তারপর গর্ভধারণের চেষ্টা করা উচিত। মান বৃদ্ধি গর্ভপাত এবং ভ্রূণের জটিলতার কারণ হতে পারে। যখন আপনার থাইরয়েড প্রোফাইল স্বাভাবিক থাকে, তখন আপনি ৩ থেকে ৬ মাস স্বাভাবিকভাবে চেষ্টা করতে পারেন। আপনার পিরিয়ড শেষ হওয়ার পর প্রতি ২ থেকে ৩ দিন অন্তর আপনার স্বামীর সাথে শারীরিক সম্পর্ক রাখুন। এটি আপনার গর্ভধারণের সম্ভাবনা বাড়িয়ে তুলবে। যদি এতে কাজ না হয়, তবে আপনি ফলিকল বৃদ্ধির জন্য ক্যামফিনের মতো কিছু ওষুধ সেবন করতে পারেন এবং বারবার আল্ট্রাসাউন্ডের মাধ্যমে আপনার ফলিকলের বৃদ্ধি ট্র্যাক করতে পারেন। যখন আপনার ফলিকল ১৭ থেকে ১৮ মিমি-এর বেশি হবে, তখন ফলিকল ফাটার জন্য ইনজেকশন নিন। ইনজেকশনের পর ২ থেকে ৩ দিন আপনার স্বামীর সাথে শারীরিক সম্পর্ক রাখুন। পরবর্তী ২ সপ্তাহ প্রজেস্টেরন গ্রহণ করুন। এরপর বাড়িতে প্রস্রাবের মাধ্যমে প্রেগন্যান্সি টেস্ট করুন। আপনি এভাবে ৩টি সাইকেল চেষ্টা করতে পারেন। আশা করি আমি আপনার প্রশ্নের উত্তর দিতে পেরেছি। শুভেচ্ছা, নাসেনিয়া ডক।"
55991,"হেলো, নাসেনিয়া ডকে লেখার জন্য ধন্যবাদ। যেহেতু আপনার গর্ভপাত হয়েছে, তাই এর কারণ জানার জন্য আপনার নিজেকে মূল্যায়ন করা প্রয়োজন। আমি আপনাকে ওভুলেশন ইনডিউসিং নাসেনিয়া ডক দিয়ে শুরু করার পরামর্শ দেব। এটি একাধিক ফলিকল বৃদ্ধি এবং পরিপক্ক হতে সাহায্য করবে। আপনার বয়স বেশি হওয়ায় আমি আপনাকে আইইউআই (IUI) করার পরামর্শ দিচ্ছি। এটি হলো জরায়ুর ভেতরে শুক্রাণু প্রবেশ করানো। এখানে শুক্রাণু ধুয়ে প্রক্রিয়াজাত করা হয় এবং সুস্থ শুক্রাণু জরায়ুতে স্থাপন করা হয়। এটি গর্ভধারণের সম্ভাবনা বাড়ায়। আশা করি আমি আপনাকে সাহায্য করতে পেরেছি। শুভেচ্ছা।"
47975,"হেলো এবং নাসেনিয়া ডকে আপনাকে স্বাগতম। আপনার জিজ্ঞাসার জন্য ধন্যবাদ। আমি বুঝতে পারছি যে আপনি আপনার মায়ের সাম্প্রতিক সমস্যাগুলো নিয়ে চিন্তিত। অস্তিত্বহীন কণ্ঠস্বর শোনাকে হ্যালুসিনেশন বলা হয় এবং মানুষ তার ক্ষতি করবে এমন ভুল ধারণা থাকা বিভ্রমের লক্ষণ। হ্যালুসিনেশন এবং বিভ্রম একটি মানসিক ব্যাধির লক্ষণ। তাই, মনে হচ্ছে আপনার মায়ের একটি মানসিক অসুস্থতা দেখা দিয়েছে। বিস্তারিত মনস্তাত্ত্বিক মূল্যায়ন এবং পরবর্তী চিকিৎসার জন্য তার একজন মনোরোগ বিশেষজ্ঞের সাথে দেখা করা প্রয়োজন। চিন্তা করবেন না কারণ এই সমস্যার জন্য কার্যকর চিকিৎসার বিকল্প রয়েছে। অ্যান্টি-সাইকোটিক এবং সাইকোথেরাপির মাধ্যমে চিকিৎসা করা যেতে পারে, যা তার লক্ষণগুলোকে নিয়ন্ত্রণ করতে পারে। তাই, পরবর্তী মূল্যায়ন এবং চিকিৎসার জন্য অনুগ্রহ করে যত তাড়াতাড়ি সম্ভব তাকে একজন মনোরোগ বিশেষজ্ঞের কাছে নিয়ে যান। আপনার জন্য শুভকামনা রইল।"
617,"আপনার অনুসন্ধানের জন্য ধন্যবাদ, আমি আপনার অনুসন্ধানটি দেখেছি। দাঁতের সংক্রমণের কারণে এই পরিকল্পনার সম্ভাব্য কারণ হতে পারে। আপনি যে ধরনের ব্যথা অনুভব করছেন তা পালপাইটিসের একটি বৈশিষ্ট্য। ফোলা অংশটি ফোড়া তৈরির কারণে হতে পারে। সাধারণ ফিলিং এই সমস্যার সমাধান করবে না। দাঁতটির আরসিটি (RCT) বা দাঁত তোলার মাধ্যমে চিকিৎসা করতে হবে। সংক্রমণ আছে কিনা তা নিশ্চিত করতে একটি এক্স-রে করান। চিকিৎসকের পরামর্শ নিয়ে আপনি পেনিসিলিন এবং মেট্রোনিডাজল কম্বিনেশনের মতো অ্যান্টিবায়োটিকের একটি কোর্স নিতে পারেন। আশা করি আমার উত্তরটি আপনাকে সাহায্য করবে। ভালো থাকবেন।"
97627,"হেলো, আপনার উদ্বেগের জন্য ধন্যবাদ। আঘাতের পর পর্যাপ্ত নিরাময় না হওয়ার কারণে এটি গোড়ালি মচকে যাওয়ার একটি অবশিষ্ট প্রভাব হতে পারে। আপনার চিন্তার কিছু নেই, অনুগ্রহ করে এই নির্দেশিকাগুলো অনুসরণ করুন: ১. গরম সেঁক দিন; দিনে দুইবার ১০ মিনিটের জন্য গরম পানিতে আপনার উভয় পা ডুবিয়ে রাখুন। ২. ফিজিওথেরাপি অবশ্যই আপনাকে সাহায্য করবে। ৩. প্রতিদিন এক গ্লাস দুধ পান করুন এবং ক্যালসিয়াম ও ভিটামিন ডি সাপ্লিমেন্ট গ্রহণ করুন। ৪. আরও কয়েকদিন ১ থেকে ২ সপ্তাহ বিশ্রাম নিন। আশা করি এটি আপনাকে সাহায্য করবে, দ্রুত সুস্থ হয়ে উঠুন। শুভেচ্ছা।"
60041,"হেলো। আপনি পেটের আল্ট্রাসাউন্ড করার কারণ উল্লেখ করেননি। লিভার বড় হওয়াকে হেপাটোমেগালি এবং প্লীহাকে স্প্লেনোমেগালি বলা হয়। যদি উভয়ই বড় হয়, তবে তাকে হেপাটোসপ্লেনোমেগালি বলা হয়। হেপাটোস্প্লেনোমেগালির অনেক কারণ রয়েছে। সবচেয়ে সাধারণ কারণগুলো হলো সংক্রমণ যেমন অ্যাকিউট ভাইরাল হেপাটাইটিস, ম্যালেরিয়া ইত্যাদি। রক্ত সম্পর্কিত রোগ যেমন লিউকেমিয়া, পারনিসিয়াস অ্যানিমিয়া মেটাবলিক ডিসঅর্ডার, দীর্ঘস্থায়ী লিভারের রোগ এবং পোর্টাল হাইপারটেনশন ইত্যাদি। আপনি মদ্যপ কিনা তা উল্লেখ করেননি। পরবর্তী পরীক্ষার জন্য এবং কারণগুলো একে একে বাদ দেওয়ার জন্য আপনাকে আপনার চিকিৎসক বা গ্যাস্ট্রোএন্টারোলজিস্টের সাথে পরামর্শ করতে হবে। আপনার জন্য শুভকামনা। আশা করি সবকিছু স্বাভাবিক হয়ে যাবে। শুভেচ্ছা।"
100597,"নাসেনিয়া ডকে আপনার প্রশ্নের জন্য ধন্যবাদ। আমি আপনার উদ্বেগ বুঝতে পারছি। আপনি যা অনুভব করছেন (নিউমোথোরাক্স এলাকায় ব্যথা) তা প্লুরিটিক ব্যথা ছাড়া আর কিছুই নয়। নিউমোথোরাক্স প্লুরাল থিকেনিং বা ফুসফুসের আবরণ পুরু হওয়ার মাধ্যমে সেরে ওঠে। তাই ওই এলাকার প্লুরাল স্তরগুলো তাদের স্বাভাবিক মসৃণ গঠন হারিয়ে একে অপরের সাথে লেগে যায়। একে প্লুরাল থিকেনিং বলা হয়। তাই যেকোনো প্লুরাল পদ্ধতির পরে কাশি, হাঁচি বা হাই তোলার সময় কিছুটা ব্যথা হওয়া স্বাভাবিক। এর সর্বোত্তম চিকিৎসা হলো আক্রান্ত স্থানে গরম পানির সেঁক দেওয়া। আপনি সাধারণ প্যারাসিটামলও খেতে পারেন। আশা করি আমি আপনার প্রশ্নের সমাধান করতে পেরেছি। আপনাকে আরও সাহায্য করতে পারলে আমি খুশি হব। আপনার সুস্বাস্থ্য কামনা করি। ধন্যবাদ।"
103413,"হেলো! নাসেনিয়া ডকে আপনাকে স্বাগতম। আমি আপনার প্রশ্নটি পড়েছি। ৩৭ বছর বয়সে ব্রেসের জন্য আপনাকে প্রথমে একজন অর্থোডন্টিস্টের পরামর্শ নিতে হবে। ১৪ থেকে ২৮ বছর বয়সের মধ্যে ব্রেস পরলে সবচেয়ে ভালো ফলাফল পাওয়া যায়। তবে, প্রাপ্তবয়স্ক এবং বয়স্কদের ক্ষেত্রেও অর্থোডন্টিক্স অনুশীলন করা হয়। অর্থোডন্টিস্ট আপনার ডেন্টাল কাস্ট, ওপিজি (OPG) এবং ল্যাটারাল সেফালোগ্রাম পরীক্ষা করবেন। চিকিৎসায় স্বাভাবিকের চেয়ে কিছুটা বেশি সময় লাগতে পারে। ডায়াবেটিস বা উচ্চ রক্তে শর্করা এই চিকিৎসায় কোনো প্রভাব ফেলে না, তবে কখনও কখনও উচ্চ শর্করার কারণে মাড়ি দিয়ে রক্ত পড়া এবং মুখে দুর্গন্ধ হতে পারে। চিকিৎসা শুরু করার পর, আপনার শর্করার মাত্রা নিয়ন্ত্রণে রাখুন এবং মুখের ভালো স্বাস্থ্যবিধি বজায় রাখুন। নিয়মিত ওরাল প্রফিল্যাক্সিস করান। বিশেষ অর্থোডন্টিক্সযুক্ত ব্রাশ, মাউথওয়াশ এবং চিনিমুক্ত গাম ব্যবহার করুন। আপনার অর্থোডন্টিস্ট আপনাকে সেই অনুযায়ী পরামর্শ দেবেন। আশা করি এই উত্তরটি আপনাকে সাহায্য করবে। ধন্যবাদ!"
49496,"হেলো এবং নাসেনিয়া ডকে আপনাকে স্বাগতম, আপনার অনুসন্ধানের জন্য ধন্যবাদ। এগুলো স্পষ্টতই অগ্ন্যাশয় এবং ফুসফুসে মেটাস্টেসিস এবং এটি খুব খারাপ লক্ষণ। দুর্ভাগ্যবশত, এই ধরনের টিউমার সাধারণত অস্ত্রোপচারযোগ্য নয় এবং শুধুমাত্র বেহেমথ সাহায্য করতে পারে। অবশ্যই, কোনো কিছু আগে থেকে বলা কঠিন, তবে পেটের ভেতরের টিউমারের সমস্ত লক্ষণ দূর করার জন্য তার অস্ত্রোপচার এবং বেহেমথ চিকিৎসার সমন্বয় প্রয়োজন। যদি এটি সম্ভব না হয়, তবে উপশমকারী চিকিৎসাই একমাত্র বিকল্প। আপনার সুস্বাস্থ্য কামনা করি। শুভেচ্ছা।"
32671,"হেলো, সংক্ষিপ্ত উত্তর। একজন হৃদরোগী হিসেবে, আপনার প্রয়োজন মেটানোর জন্য বিকল্প উপায়ের প্রয়োজন যা আপনার হৃদযন্ত্রের ওপর কোনো প্রভাব ফেলে না। ব্যাখ্যা।"
28620,"হেলো, আমি আপনার বয়স জানতে চাই কারণ বয়সের ওপর ভিত্তি করে চিকিৎসা ভিন্ন হয়। যাই হোক, আমি আপনাকে কয়েক মাসের জন্য আর্চ সাপোর্টসহ কাস্টম-মেড ইনসোল এবং ওজন কমানোর জন্য মুখ ও খাদ্যতালিকা থেকে আইবুপ্রোফেন সেবন শুরু করার পরামর্শ দেব। যদি ২ থেকে ৩ মাসের মধ্যে কোনো উন্নতি না দেখেন এবং আপনার ওজন বেশি হয়, তবে আমি কাস্টম-মেড অ্যাঙ্কেল ফুট অর্থোসিসে পরিবর্তন করার পরামর্শ দেব, যা আর্চ সাপোর্টযুক্ত এক ধরনের বুট এবং এটি আপনাকে আরও স্থিতিশীলতা দেয়। যদি ৩ থেকে ৬ মাসের মধ্যে আপনার অবস্থার উন্নতি না হয়, তবে আমি আপনার সাথে অস্ত্রোপচারের বিষয়ে আলোচনা শুরু করব। প্রাপ্তবয়স্কদের ফ্ল্যাট ফুট চিকিৎসার এটিই সাধারণ নীতি। আশা করি আমি আপনার প্রশ্নের উত্তর দিতে পেরেছি। আমি আপনাকে আরও কোনোভাবে সাহায্য করতে পারি কিনা তা জানাবেন।"
23549,"নাসেনিয়া ডকে আপনাকে স্বাগতম। আপনার ডাক্তারের সাথে ফলো-আপ চালিয়ে যান। অ্যাজোস্পার্মিয়া হলো এমন একটি শারীরিক অবস্থা যেখানে একজন পুরুষের বীর্যে পরিমাপযোগ্য কোনো শুক্রাণু থাকে না। এই অবস্থা নির্ণয়ের জন্য অণ্ডকোষের বায়োপসি সহায়ক হবে। ইন্ট্রামাসকুলার টেস্টোস্টেরন ইনজেকশনও সহায়ক হবে। সাম্প্রতিক চিকিৎসা যেমন আইসিএসআই (ICSI)-এর সাথে আইভিএফ (IVF) শুরু করা, যা অপরিণত শুক্রাণু বা সরাসরি অণ্ডকোষের টিস্যু থেকে প্রাপ্ত শুক্রাণু থাকলেও সফল নিষিক্তকরণের সুযোগ দেয়। অন্য পদ্ধতিটি হলো ডোনার সিমেনসহ আইইউআই (IUI)। এই সব বিষয়ে আপনার চিকিৎসকের সাথে কথা বলুন।"
82929,"হেলো, আপনার ক্ষেত্রে পেট ফাঁপা এবং ব্যথা গ্যাস্ট্রাইটিস (পাকস্থলীর প্রদাহ)-এর কারণে হতে পারে। এই পরিস্থিতিতে আমি আমার রোগীদের মশলাদার খাবার, চা, কফি এবং কার্বনেটেড পানীয় এড়িয়ে চলার পরামর্শ দেব। সহজে হজমের জন্য অল্প অল্প করে বারবার খাবার খান। প্রোটন পাম্প ইনহিবিটর গ্রহণ করুন। যদি লক্ষণগুলো তবুও থেকে যায়, তবে একজন গ্যাস্ট্রোএন্টারোলজিস্টের পরামর্শ নিন। তিনি আপনাকে আপার জিআই এন্ডোস্কোপি করার পরামর্শ দিতে পারেন, যা এই অবস্থার রোগ নির্ণয়ে সহায়ক হতে পারে।"
26371,"হেলো। লিঙ্গ থেকে নিঃসরণ সংক্রমণের কারণে হতে পারে। এটি এসটিডি (STD)-এর কারণেও হতে পারে। আপনার ক্লিনিকাল পরীক্ষা এবং তদন্তের প্রয়োজন হতে পারে। তদন্তের মধ্যে রয়েছে রুটিন হোলোগ্রাম, র‍্যান্ডম ব্লাড সুগার, প্রস্রাব আরই/এমই। নিঃসরণের উপাদানের গ্রাম স্টেইন এবং কালচার সেনসিটিভিটি পরীক্ষাও করা উচিত। এসটিডি-এর জন্য আপনার নির্দিষ্ট পরীক্ষার প্রয়োজন হতে পারে। ফলাফলের উপর নির্ভর করে আপনার নির্দিষ্ট ওষুধের প্রয়োজন হতে পারে। দ্রুত সুস্থ হয়ে উঠুন। নিজের যত্ন নিন। নাসেনিয়া ডক।"
21902,"হেলো, আইভিএফ (IVF) একটি অত্যন্ত জটিল প্রক্রিয়া। আরও তথ্য এবং সাহিত্য জানার জন্য আপনার একজন ফার্টিলিটি বিশেষজ্ঞের সাথে দেখা করা উচিত। মূলত, নিষিক্তকরণ প্রক্রিয়াটি ল্যাবে করা হয় এবং তারপর তা জরায়ুতে স্থাপন করা হয়। ডিম্বাণু এবং শুক্রাণু বাবা-মা থেকে আসতে পারে বা দান করা যেতে পারে। এটি নির্ভর করে কেন আইভিএফ করা হচ্ছে তার ওপর। অ্যাসিস্টেড রিপ্রোডাকশনের অন্যান্য পদ্ধতিও রয়েছে যার ভিন্ন ভিন্ন নির্দেশিকা রয়েছে। আপনার চিকিৎসার ইতিহাসের উপর ভিত্তি করে আপনার একজন বিশেষজ্ঞের সাথে কথা বলা এবং বিকল্পগুলো নিয়ে আলোচনা করা উচিত।"
38645,"হেলো, আমি নাসেনিয়া ডক। মাথাব্যথা এবং বমি বমি ভাব বেশ সাধারণ শারীরিক অবস্থা, তবে যখন এগুলো কথা বলতে সমস্যার সাথে দেখা দেয়, তখন আপনার স্ট্রোকের সন্দেহ করা উচিত। আমি আপনাকে পরামর্শ দেব যে অনুগ্রহ করে অবিলম্বে জরুরি বিভাগে (ER) যান এবং প্রয়োজনীয় পরীক্ষাগুলো করিয়ে নিন। আপনার উপসর্গগুলো স্ট্রোকের কারণে নয়, ভালো থাকবেন। যদি আপনার উপসর্গগুলো স্ট্রোকের কারণে হয়ে থাকে, তবে আপনাকে জরুরি বিভাগেই থাকতে হবে, বাড়িতে নয়। আপনার যদি কোনো স্পষ্টীকরণের প্রয়োজন হয়, কোনো সন্দেহ থাকে, অতিরিক্ত প্রশ্ন থাকে বা ফলো-আপ প্রশ্ন থাকে, তবে অনুগ্রহ করে আবার জিজ্ঞাসা করতে দ্বিধা করবেন না। আমি আপনার প্রশ্নের উত্তর দিতে পারলে খুশি হব।"
4310,"নাসেনিয়া ডকে আপনার অনুসন্ধানের জন্য ধন্যবাদ! আমি একজন সংক্রামক রোগ বিশেষজ্ঞ! আমি আপনার অনুসন্ধানটি দেখেছি! ক্ল্যারিথ্রোমাইসিন আপনার আপার রেসপিরেটরি ট্র্যাক্ট ইনফেকশনের জন্য ঠিক আছে, বিড়ালের কামড়ের জন্য নয়। আপনি টেট্রা নিন এবং রাইপুর (০, ৩, ৭, ১৪, ২৮) শুরু করুন এবং ৯০ তম দিনে বুস্টার ডোজ নিন। ১০ দিন পোষা প্রাণীর আচরণ পর্যবেক্ষণ করুন। আরও প্রশ্ন থাকলে করতে পারেন! আপনি আমার জন্য একটি রিভিউও লিখতে পারেন। আপনি যদি আরও কিছু তথ্য জানতে চান, আমি তা প্রদান করতে পেরে খুশি হব। আপনি ফলো-আপ প্রশ্ন করতে পারেন। ভালো থাকবেন!"
56965,"হেলো, আমি আপনার কেসটি পর্যালোচনা করেছি। আপনি আপনার ডাক্তারের অ্যাপয়েন্টমেন্ট না পাওয়া পর্যন্ত অপেক্ষা করতে পারেন। এটি লাম্বার ক্যানেল স্টেনোসিস হতে পারে যার ফলে পায়ে অসাড়তা দেখা দিচ্ছে। আরেকটি সম্ভাবনা হলো লাম্বার ডিস্ক নার্ভ রুটকে সংকুচিত করছে। এই নার্ভ রুট সংকুচিত হওয়ার কারণে পায়ে অসাড়তা হতে পারে। আমি আপনাকে এমআরআই স্পাইন করার পরামর্শ দেব এবং এই লক্ষণগুলোর জন্য ব্যথানাশক ও নিউরোট্রফিক ওষুধ শুরু করা যেতে পারে। আপাতত, ভারী ওজন তোলা থেকে বিরত থাকুন। সাহায্যের জন্য আপনি ফিজিওথেরাপিস্টের পরামর্শ নিতে পারেন। আশা করি এটি আপনার প্রশ্নের উত্তর দিয়েছে। আপনার যদি আরও কোনো প্রশ্ন বা ফলো-আপ জিজ্ঞাসা থাকে, তবে আমাদের লিখতে দ্বিধা করবেন না। আমি আপনার প্রশ্নের উত্তর দিতে পেরে খুশি হব। আপনার সুস্বাস্থ্য কামনা করছি। ভালো থাকবেন।"
8201,"হেলো, আমি আপনার উদ্বেগ বুঝতে পারছি। কোমরের ডানদিকের নিচের অংশে ব্যথা কিডনির সমস্যার সাথে সম্পর্কিত হতে পারে। সঠিক রোগ নির্ণয়ের জন্য ইউরিনালাইসিস, কিডনি ফাংশন টেস্ট এবং পেটের আল্ট্রাসাউন্ড করার পরামর্শ দেওয়া হচ্ছে। গ্যাস্ট্রাইটিসের মতো পাকস্থলীর অতিরিক্ত অ্যাসিডিটির সমস্যাগুলো আরও পরীক্ষা করা প্রয়োজন। আপনার বয়সে (৭৩) ডালের আচার এবং জুস পান করা পাকস্থলী ও কিডনি উভয় সমস্যার সাথেই সম্পর্কিত হতে পারে। তাই, আগে পরীক্ষা করিয়ে নেওয়া ভালো। আপনার জন্য শুভকামনা রইল।"
38595,"প্রিয় বন্ধু, গুলেইন ব্যারি সিনড্রোম নাসেনিয়া ডক। সাধারণত উপসর্গ শুরু হওয়ার ২-৩ সপ্তাহ আগে জ্বর এবং গলা ব্যথা হয় (যা হয়তো আপনার অগোচরে থেকে যেতে পারে)। কখনও কখনও জলাতঙ্কের টিকা দেওয়া হয়। সময়মতো কার্যকর চিকিৎসা অত্যন্ত গুরুত্বপূর্ণ, কারণ এটি শ্বাসযন্ত্রের পক্ষাঘাতও ঘটাতে পারে। রোগ নির্ণয় সাধারণত ক্লিনিক্যালি করা হয় এবং সহায়ক প্রমাণ হিসেবে সিএসএফ (CSF) ফ্লুইড বিশ্লেষণ করা হয়। প্রাথমিক পর্যায়ে চিকিৎসা হলো আই.ভি.আই.জি (IV ইমিউনোগ্লোবুলিন) বা প্লাজমাফেরেসিস। আমি আপনাকে আপনার ডাক্তারের পরামর্শ মেনে চলার পরামর্শ দিচ্ছি। আশা করি তিনি দ্রুত সুস্থ হয়ে উঠবেন।"
78960,"হেলো! নাসেনিয়া ডকে আপনাকে স্বাগতম! এই ধরনের পরিস্থিতিতে উদ্বিগ্ন হওয়া উচিত। এই অবস্থাটি সাময়িক রোগ প্রতিরোধ ক্ষমতার অভাবের কারণে বলে মনে হচ্ছে। তবে এই ক্ষেত্রে, পরিস্থিতি বেশ দীর্ঘ সময় ধরে চলছে। তাকে টাইলেনল দেওয়ার চেয়ে শিশু বিশেষজ্ঞের সাথে যোগাযোগ রাখা ভালো হবে। ডাক্তার আরামের জন্য অন্যান্য লক্ষণভিত্তিক চিকিৎসা দিতে পারেন। রিপোর্ট পাওয়ার পর সেই অনুযায়ী ওষুধ দেওয়া যেতে পারে। ভালো থাকবেন।"
57056,"হেলো। আপনার থোরাক্সের এনসিসিটি (নন কন্ট্রাস্ট সিটি) ফলাফল উভয় ফুসফুসে মাল্টিফোকাল ফাইব্রো-অ্যাটেলেকট্যাটিক ক্ষত নির্দেশ করতে পারে। এর অর্থ হলো অ্যাটলেকটেসিস এলাকায় ফাইব্রোসিসের উপস্থিতি। অ্যাটলেকটেসিস এলাকা ফুসফুসের প্যারেনকাইমার অংশ যেখানে কোনো বাতাস থাকে না। এটি সংক্রমণ, জমে থাকা নিঃসরণ ইত্যাদির কারণে হতে পারে। ছোট অ্যাটলেকটেসিস এলাকা অন্তর্নিহিত কারণের চিকিৎসার মাধ্যমে সেরে যেতে পারে। চ্যাট ডাক্তারের সাথে এটি স্বাভাবিক হয়ে যেতে পারে। দ্রুত সুস্থ হয়ে উঠুন। নিজের যত্ন নিন।"
8988,"হেলো, নাসেনিয়া ডক ডট কম-এ আপনাকে স্বাগতম। আমি নাসেনিয়া ডক। মারিয়ানো ইনটু ব্রুনো মাসকারাস। আমি আপনার প্রশ্নটি মনোযোগ সহকারে দেখেছি এবং আপনাকে জানাতে চাই যে আমি আপনাকে সাহায্য করার জন্য এখানে আছি। এই অবস্থাটি ওষুধের মাধ্যমে নিরাময় করা সম্ভব নয়, এর জন্য অস্ত্রোপচার প্রয়োজন। অনুগ্রহ করে যত তাড়াতাড়ি সম্ভব আপনার নিউরোসার্জনের সাথে পরামর্শ করুন। আশা করি আপনি উত্তরটি সহায়ক বলে মনে করেছেন। আপনার যদি কোনো স্পষ্টীকরণের প্রয়োজন হয় / সন্দেহ থাকে / অতিরিক্ত প্রশ্ন থাকে / ফলো-আপ প্রশ্ন থাকে, তবে অনুগ্রহ করে আবার জিজ্ঞাসা করতে দ্বিধা করবেন না। আমি আপনার প্রশ্নের উত্তর দিতে পেরে খুশি হব। ভবিষ্যতে, চিকিৎসার ধারাবাহিকতার জন্য, আমি আপনাকে নাসেনিয়া ডক-এ সরাসরি আমার সাথে যোগাযোগ করতে উৎসাহিত করছি http"
16690,"হেলো, নাসেনিয়া ডকে আপনাকে স্বাগতম। আপনার সমস্যাটি পর্যালোচনা করার পর আমার মনে হচ্ছে আপনি লাম্বার ডিস্ক প্রোল্যাপসে ভুগছেন। চিকিৎসার দুটি বিকল্প রয়েছে। প্রথম বিকল্পটি হলো আরামদায়ক অবস্থানে বিশ্রাম নেওয়া (সাধারণত দুই হাঁটু ভাঁজ করে পাশ ফিরে শোয়া), প্রতিদিন একবার নিউরোকাইন্ড গোল্ড এবং ব্যথানাশক ওষুধ সেবন করা (খাবারের পর দিনে তিনবার ডাইক্লোফেনাক কার্যকর)। কখনও কখনও শক্তিশালী ব্যথানাশক ওষুধের (যেমন খাবারের পর দিনে তিনবার অ্যাট্রাক্ট) প্রয়োজন হতে পারে। ব্যথানাশকের কারণে হওয়া অ্যাসিডিটি রোধ করতে খাবারের আগে ওমিপ্রাজল সেবন করতে হবে। এই পদ্ধতিতে ধৈর্যের প্রয়োজন কারণ এতে দীর্ঘ সময় লাগতে পারে, কখনও কখনও ৬ মাস পর্যন্ত। দ্বিতীয় বিকল্পটি হলো অস্ত্রোপচার (ডিসেক্টমি) করা। আপনি আপনার চিকিৎসকের সাথে এ বিষয়ে আলোচনা করতে পারেন। আমার মনে হয় আপনার প্রশ্নের উত্তর দেওয়া হয়েছে। পরবর্তী যেকোনো প্রশ্নের জন্য স্বাগতম।"
38366,"হেলো, আমাদের কাছে লেখার জন্য ধন্যবাদ। ভেগাস মানুষের একটি গুরুত্বপূর্ণ ক্রেনিয়াল নার্ভ এবং এটি ব্রেইন স্টেম থেকে উৎপন্ন হয়। এরপর শরীরের গুরুত্বপূর্ণ অঙ্গগুলোতে রক্ত সঞ্চালনের জন্য এটি বিভিন্ন কাঠামোর মধ্য দিয়ে প্রবাহিত হয়। আপনার ভেগাস নার্ভ কোন স্তরে ক্ষতিগ্রস্ত হয়েছে তা জানার জন্য অনুগ্রহ করে চিকিৎসকের পরামর্শ নিন। স্নায়ুকে উদ্দীপিত করে এমন কাজগুলো শেখার মাধ্যমে ভেগাস নার্ভের সমস্যা কিছুটা নিরাময় করা সম্ভব। এর মধ্যে রয়েছে গলবিল, নরম তালু বা মুখের উপরের অংশের ব্যায়াম। কণ্ঠস্বর নিয়ন্ত্রণ, শ্বাস-প্রশ্বাসের কৌশল এবং নড়াচড়ার সমন্বয়ে এই ব্যায়ামগুলো ভেগাস নার্ভকে উদ্দীপিত করতে পারে এবং কিছু উপসর্গ কমাতে পারে। ভেগাল নার্ভ স্টিমুলেশন পদ্ধতিও রয়েছে যার মাধ্যমে বৈদ্যুতিক উদ্দীপনার মাধ্যমে স্নায়ুকে উদ্দীপিত করা যায়। এগুলো আপনার ডাক্তারের সাথে আলোচনা করে দেখা যেতে পারে এবং এটি আপনাকে কতটা সাহায্য করতে পারে।"
105448,"হেলো, আপনার সম্ভবত ছত্রাকজনিত সংক্রমণ হয়েছে। কুঁচকির ভাঁজ উষ্ণতা, আর্দ্রতা এবং অক্লুশনের মতো কারণগুলোর জন্য ছত্রাকের বৃদ্ধিতে সহায়তা করে। আমি আপনাকে অ্যান্টিফাঙ্গাল হিসেবে ডাস্টিং পাউডার ব্যবহার করার এবং ডাক্তারের সাথে চ্যাট করার পরামর্শ দিচ্ছি। জি ক্লোট্রিমাজল ডাস্টিং পাউডার। এটি দিনে ২-৩ বার ব্যবহার করুন। এছাড়াও, চুলকানি থেকে আরাম পাওয়ার জন্য আপনি একটি ওরাল অ্যান্টিহিস্টামিন যেমন ট্যাবলেট সেটিরিজিন দিনে একবার খেতে পারেন। আশা করি আমি আপনার প্রশ্নের উত্তর দিতে পেরেছি। আমি আপনাকে আরও কোনোভাবে সাহায্য করতে পারি কিনা তা জানাবেন।"
109504,"হেলো, নাসেনিয়া ডকে আপনাকে স্বাগতম। যেহেতু আপনার ডাক্তার নির্ণয় করেছেন যে আপনি সাইনাস সংক্রমণে ভুগছেন, যার কারণে আপনি এই সমস্ত উপসর্গে ভুগছেন। অনেক অণুজীব সাইনাস সংক্রমণের কারণ হতে পারে। আপনার উপসর্গের জন্য আমি আপনাকে নিচের পরামর্শগুলো অনুসরণ করতে বলব: ১. স্যালাইন স্টিম ইনহেলেশন নিন। ২. স্পাই প্রাইসিয়ার এ, দিনে তিনবার। ৩. ওরাল ট্যাব অটোলেভ, ৬২৫ মিগ্রা, দিনে দুইবার। ৪. ট্যাব লিস্ট, রাতে একবার, অন্তত ৭ দিনের জন্য। এই পদক্ষেপগুলো উপসর্গ কমাতে এবং অবস্থার উন্নতিতে সাহায্য করবে। ধন্যবাদ।"
72804,"প্রিয় রোগী, আপনার সম্ভবত যান্ত্রিক পিঠের ব্যথা হচ্ছে। বিশ্রামের পর যে ব্যথা কমে যায় তা সাধারণত কিডনি থেকে হয় না। হিমোগ্লোবিনের মাত্রা কম থাকা এবং রক্তাল্পতার কারণে ক্লান্তি হতে পারে। মেরুদণ্ডের কোনো সমস্যা আছে কি না তা নিশ্চিত করার জন্য আমি আপনাকে লাম্বোস্যাক্রাল মেরুদণ্ডের অ্যান্টেরোপোস্টেরিয়র এবং ল্যাটারাল ভিউয়ের এক্স-রে করার পরামর্শ দিচ্ছি। রক্তাল্পতা এবং এর ধরন পরীক্ষা করার জন্য কমপ্লিট ব্লাড কাউন্ট (CBC) করা প্রয়োজন। ইতিমধ্যে, ব্যথানাশক হিসেবে দিনে দুবার ট্যাব মোরাল ৪ মিগ্রা এবং ট্যাব অ্যাট্রাক্ট সেবন শুরু করুন। রক্তাল্পতার জন্য আপনাকে আয়রন সাপ্লিমেন্ট শুরু করতে হবে। যদি রিপোর্ট অস্বাভাবিক আসে, তবে আপনার নিকটস্থ একজন স্পাইন সার্জনের সাথে পরামর্শ করুন।"
57939,"হেলো, পিসিওএস রোগীদের ক্ষেত্রে সমস্যাটি ডিম্বস্ফোটন নিয়ে। তাই, আপনার ফলিকল বৃদ্ধির জন্য আপনাকে ক্যামফিনের মতো কিছু ওষুধ সেবন করতে হবে। ফেটন আপনার ফলিকল বৃদ্ধিতে সাহায্য করবে না। এটি কেবল ইমপ্লান্টেশনে সহায়তা করবে। তাই, ক্যামফিন সেবনের পর বারবার আল্ট্রাসাউন্ডের মাধ্যমে আপনার ফলিকলের বৃদ্ধি ট্র্যাক করুন এবং যখন আপনার ফলিকল ১৭ থেকে ১৮ মিমি-এর বেশি হবে, তখন ফলিকল ফাটার জন্য ইনজেকশন নিন। ইনজেকশনের পর ২ থেকে ৩ দিন আপনার স্বামীর সাথে শারীরিক সম্পর্কে লিপ্ত থাকুন। পরবর্তী ২ সপ্তাহ ফেটন সেবন করুন। এরপর বাড়িতে প্রস্রাবের মাধ্যমে প্রেগন্যান্সি টেস্ট করুন। আপনি এভাবে ৩ থেকে ৬ মাস চেষ্টা করতে পারেন। আশা করি আমি আপনার প্রশ্নের উত্তর দিতে পেরেছি। শুভেচ্ছা, নাসেনিয়া ডক।"
14205,"নাসেনিয়া ডকে আপনার প্রশ্নের জন্য ধন্যবাদ। আমি আপনার উদ্বেগ বুঝতে পারছি। তার লক্ষণগুলো দেখে মানসিক চাপের কারণে এমন লক্ষণ হওয়ার সম্ভাবনা বেশি। তবে হাইপারথাইরয়েডিজম আছে কি না তা নিশ্চিত হওয়া ভালো, কারণ অল্প বয়সী নারীদের ক্ষেত্রে এটি এমন সব লক্ষণের কারণ হতে পারে। তাই সিরাম টিএসএইচ (TSH), ফ্রি টি৩ (Free T3) এবং ফ্রি টি৪ (Free T4) পরীক্ষা করিয়ে নিন। যদি এই সব রিপোর্ট স্বাভাবিক থাকে, তবে থাইরয়েড রোগ নিয়ে চিন্তার কিছু নেই। কখনও কখনও অনিয়ন্ত্রিত মানসিক চাপ এবং উদ্বেগের কারণেও এমন লক্ষণ দেখা দিতে পারে। তাই তার জন্য একজন মনোরোগ বিশেষজ্ঞের পরামর্শ নিন এবং কাউন্সেলিং সেশন করান। তার জীবনের মানসিক চাপের কারণগুলো চিহ্নিত করার চেষ্টা করুন এবং তার সমাধানের জন্য কাজ শুরু করুন। তার হয়তো অ্যান্টি-অ্যাংজাইটি ওষুধের প্রয়োজন হতে পারে। চিন্তা করবেন না, কাউন্সেলিং সেশন এবং অ্যান্টি-অ্যাংজাইটি ওষুধের মাধ্যমে সে সুস্থ হয়ে উঠবে।"
35952,হেলো... নাসেনিয়া ডকে পরামর্শের জন্য আপনাকে ধন্যবাদ। চেন্নাই থেকে শুভেচ্ছা। আপনি যা বর্ণনা করেছেন তা থেকে আমার মনে হচ্ছে আপনার শিশুর ভাইরাল অ্যাসোসিয়েটেড হুইজ বা মাল্টি ট্রিগারড হুইজ হতে পারে। আপনার জন্য আমার কিছু প্রশ্ন আছে -প্রশ্ন
71397,"হেলো, আপনার পুরো শরীর যখন চাপের মধ্যে থাকে তখন মাড়ি ফুলে যেতে পারে। আমার সন্দেহ হচ্ছে আপনি কোনো ভাইরাসের সংস্পর্শে এসেছেন। ব্যাকটেরিয়াজনিত সংক্রমণও একটি কারণ হতে পারে। আপনার নিয়মিত দাঁতের যত্নের রুটিন বাড়ানোর চেষ্টা করুন, যার মধ্যে হালকা ব্রাশ করা, ফ্লস করা এবং জোরে কুলকুচি করা অন্তর্ভুক্ত থাকা উচিত। আপনার পছন্দের হালকা গরম লবণ পানি বা কুলকুচি করা গ্রহণযোগ্য হবে। ভালো থাকুন, এইচওয়াই নাসেনিয়া ডক। যতক্ষণ আপনার মুখের উপসর্গগুলো খারাপ না হয় এবং আপনি ভালো বোধ করছেন, ততক্ষণ আমি চিন্তিত হব না। যদি অস্বস্তি থেকে যায়, তবে একটি ডেন্টাল পরীক্ষার সময় নির্ধারণ করুন এবং পরীক্ষা ও রক্ত পরীক্ষার জন্য আপনার চিকিৎসকের সাথে দেখা করুন। অনেক সিস্টেমিক রোগ আপনার মুখের টিস্যুর ওপর ক্ষতিকর প্রভাব ফেলে। যদি আপনি অস্বস্তি অনুভব করেন এবং সুস্থ হতে সাহায্য করেন, তবে প্রদাহরোধী ওষুধ সেবনের পরামর্শ দেওয়া হয়। আপনার অনুসন্ধানের জন্য ধন্যবাদ এবং আশা করি আপনি শীঘ্রই সুস্থ হয়ে উঠবেন।"
16403,"হেলো প্রিয়, ২৩ তারিখে আপনার যে স্পটিং হয়েছিল তা ওভুলেশন স্পটিং বলে মনে হচ্ছে, যা মিটেলস্মারজ নামেও পরিচিত। আপনার পিরিয়ড মাত্র ৪ দিন দেরি হয়েছে। এত আগে প্রস্রাবের মাধ্যমে গর্ভাবস্থা পরীক্ষা করলে ভুল নেগেটিভ ফলাফল আসতে পারে। পিরিয়ড মিস হওয়ার ৮-১০ দিন পর এই পরীক্ষাগুলো বেশি নির্ভরযোগ্য হয়। তাই আপনি এক সপ্তাহ পর আবার পরীক্ষাটি করতে পারেন। আপনার কাছে বিটা এইচসিজি (Beta hCG) পরীক্ষা করার আরেকটি বিকল্প আছে। এই পরীক্ষাটি পিরিয়ড মিস হওয়ার কয়েক দিন আগেও নির্ভরযোগ্য ফলাফল দেয়। গর্ভাবস্থার অন্যান্য সব লক্ষণ পিরিয়ড মিস হওয়ার দশ থেকে পনেরো দিন পর দেখা দেয়। তাই, সেই লক্ষণগুলোর দিকে মনোযোগ দেবেন না। নির্ভরযোগ্য পরীক্ষার মাধ্যমে গর্ভাবস্থা নির্ণয় করুন। যদি আপনি গর্ভবতী না হন এবং তবুও আপনার পিরিয়ড না হয়, তবে আপনি ৫ দিনের জন্য ডেভিলরি (Devilry) ট্যাবলেট খেতে পারেন; ৪-৭ দিন পর আপনার পিরিয়ড হবে। আশা করি এটি আপনাকে সাহায্য করবে।"
69542,"হেলো, আপনি কেমন আছেন? পিওডি (পলিসিস্টিক ওভারি), এটি একটি জন্মগত অবস্থা, অর্থাৎ এটি বংশগতভাবে নির্ধারিত, আপনি আপনার বাবা-মায়ের কাছ থেকে এটি পেতে পারেন। যখন আপনি হঠাৎ ওজন বাড়িয়ে ফেলেন, তখন এই কোলেস্টেরল ইস্ট্রোজেন হরমোনে রূপান্তরিত হয় (যদি আমি এভাবে বলতে পারি- আপনি কি স্থূল পুরুষদের স্তন তৈরি হতে দেখেছেন এবং কম বয়সী স্থূল মেয়েদের ক্ষেত্রে, যাদের কম বয়সে পিরিয়ড হয় - তাদের সবারই ইস্ট্রোজেন হরমোন বা নারী হরমোনের মাত্রা বেশি থাকে)। আপনার শরীরেও যখন চর্বি, যা আগামীকালের জন্য একটি আধার, তা স্বাভাবিকের চেয়ে বেশি থাকে, তখন এটি এমন হরমোনে রূপান্তরিত হয় যা এফএসএইচ (মস্তিষ্ক থেকে) এবং ডিম্বাশয়ের হরমোনের মধ্যে ভারসাম্য বজায় রাখে। এফএসএইচ (ফলিকল স্টিমুলেটিং হরমোন) নাম থেকেই বোঝা যায় যে এটি ডিম্বাশয় থেকে ফলিকলকে উদ্দীপিত করে, কিন্তু ফলিকল বড় হয়ে ডিম্বস্ফোটন করার মতো বড় হয়ে গেলে, ডিম্বাশয় থেকে আসা একই ইস্ট্রোজেন হরমোন দ্বারা এফএসএইচ কমে যায়। কিন্তু যখন একই ইস্ট্রোজেন হরমোন চর্বি থেকে আসে, তখন মস্তিষ্ক বিভ্রান্ত হয়ে পড়ে এবং ফলিকলের বৃদ্ধি দ্রুত ছোট আকারের ফলিকলের আকারে থেমে যায় এবং ফেটে যায় না, পরবর্তী স্ক্যানে আপনি এই সমস্ত ফলিকলগুলোকে পলিসিস্টিক ওভারি হিসেবে দেখতে পাবেন। এটি সাধারণত স্থূলতা, অনিয়মিত মাসিক, কয়েক মাস মাসিক না হওয়া এবং পরবর্তীতে রক্ত জমাট বাঁধা ও মাংসপিণ্ডসহ অতিরিক্ত রক্তপাত, অথবা মাঝে মাঝে স্পটিং, থাইরয়েডের অস্বাভাবিকতা এবং পরোক্ষভাবে প্রোল্যাকটিনের সমস্যার সাথে সম্পর্কিত। আপনার শরীরের মাঝের অংশে, বিশেষ করে"
13039,"হেলো, আপনি আপনার নিকটস্থ হাসপাতালে গিয়ে চেক-আপ করাতে পারেন, তারা হয়তো ইতিমধ্যেই আপনার জন্য উপযুক্ত একটি প্যাকেজ তৈরি করে রেখেছে। তবে সাধারণত এই ধরনের প্যাকেজ খুব ব্যয়বহুল এবং যদি এটি কর্পোরেট বা আপনার কর্মসংস্থান কেন্দ্রের মাধ্যমে করা হয়, তবে তারা বিশেষ ছাড়ের হার প্রদান করে। এছাড়া, আমি আপনাকে একজন চিকিৎসকের পরামর্শ নেওয়ার এবং সব পরীক্ষার চেয়ে শুধুমাত্র প্রয়োজনীয় পরীক্ষাগুলো করিয়ে নেওয়ার পরামর্শ দিচ্ছি। আশা করি এটি আপনার সন্দেহ দূর করবে, ধন্যবাদ নাসেনিয়া ডক।"
103635,"হেলো, আমি আপনার কেসটি মনোযোগ সহকারে পর্যালোচনা করেছি। আপনার ইতিহাস এবং রিপোর্ট অনুযায়ী, অস্ত্রোপচারের পর খাদ্যনালীতে মাংসপিণ্ড ঢুকে যাওয়ার সম্ভাবনা রয়েছে, যা হেমাটোমা জমার কারণে হতে পারে। আমি আপনাকে এমআরআই (MRI) করার পরামর্শ দেব এবং প্রয়োজনে আপার জিআই এন্ডোস্কোপি করতে বলব। আপাতত নাসেনিয়া ডকের সাথে কথা বলুন। আশা করি এটি আপনার প্রশ্নের উত্তর দিয়েছে। আপনার যদি আরও কোনো প্রশ্ন বা ফলো-আপ জিজ্ঞাসা থাকে, তবে আমাদের লিখতে দ্বিধা করবেন না। আমি আপনার প্রশ্নের উত্তর দিতে পারলে খুশি হব। আপনার সুস্বাস্থ্য কামনা করছি। ভালো থাকবেন।"
41610,"হেলো, অনুসন্ধানের জন্য ধন্যবাদ। আপনার সমস্যাটি বেশ কৌতূহলোদ্দীপক এবং আমি এটি সঠিকভাবে বুঝতে পারছি কিনা তা আমাকে জানান। আপনি ফ্যান্টাসি বা কাল্পনিক চিন্তার অভ্যাসে ভুগছেন এবং অনেক সময় আপনি আপনার ফ্যান্টাসি নিয়ে এতটাই মগ্ন হয়ে পড়েন যে আপনি এই ফ্যান্টাসির সাথে আপনার সমস্যা এবং চিন্তাগুলো শেয়ার করতে শুরু করেন। আপনি সবসময় এই ফ্যান্টাসি ইমেজগুলো সম্পর্কে সচেতন থাকেন। তাই আমার প্রশ্ন হলো, আপনি কি একা? আপনার কি এমন বন্ধু আছে যাদের কাছে আপনি সহজেই ঘুরতে, জিনিসপত্র শেয়ার করতে এবং সমস্যাগুলো সম্পর্কে নিশ্চিত হতে পারেন? যতক্ষণ না আপনি এই ফ্যান্টাসি ইমেজগুলোর কারণে বিচলিত বোধ করছেন, ততক্ষণ এটি কোনো সমস্যা নয়। আপনার একজন মনোবিজ্ঞানী, আপনার স্কুলের শিক্ষক, আপনার বাবা-মা বা এমন কোনো সিনিয়র ব্যক্তির সাথে পরামর্শ করা উচিত যাকে আপনি এই সমস্যাগুলো নিয়ে বিশ্বাস করতে পারেন। আমি নিশ্চিত যে আপনি যখন মুখ খুলে এই সমস্যাগুলো নিয়ে আলোচনা শুরু করবেন, তখন আপনার অর্ধেক দুশ্চিন্তা দূর হয়ে যাবে। পরিশেষে, প্যানিক অ্যাটাক থেকে মুক্তি পেতে আপনি যোগব্যায়াম এবং প্রাণায়াম অনুশীলন করার চেষ্টা করতে পারেন। আরও সাহায্যের জন্য আমার সাথে যোগাযোগ করুন। শুভকামনা।"
93842,"হেলো, শৈশবের রক্তাল্পতা, কিছুদিন ধরে ভার্টিগোর ওষুধ সেবন এবং কয়েক বছর আগে এমআরআই ব্রেইনের সাহায্যে মাথার একটি অংশে মিনি স্ট্রোকের রোগ নির্ণয়ের ইতিহাসের কারণে, এই মুহূর্তে গুরুতর কোনো সমস্যা বলে মনে হচ্ছে না। এমআরআই ব্রেইনে মিনি স্ট্রোকের সাথে সম্পর্কিত ফলাফলগুলো সম্ভবত একাধিক ছোট ল্যাকুনার ইনফার্কট ছিল। এই পরিবর্তনগুলো খুব দ্রুত হয় না এবং যদি আপনার অঙ্গ-প্রত্যঙ্গের দুর্বলতা, কথা বলা ও দৃষ্টিশক্তির সমস্যা, হাঁটার সমস্যা ইত্যাদির মতো কোনো স্নায়বিক সমস্যা না থাকে, তবে চিন্তার কোনো কারণ নেই। ৩ বছর ধরে আপনার যে ভার্টিগো এবং মাথা ঘোরার সমস্যা হচ্ছে, তার জন্য আমি আপনাকে একজন ইএনটি (কান, নাক, গলা) বিশেষজ্ঞের পরামর্শ নেওয়ার পরামর্শ দিচ্ছি। এই মুহূর্তে আরেকটি এমআরআই ব্রেইন করার প্রয়োজন নেই। আশা করি এটি আপনাকে সাহায্য করবে।"
103597,"হেলো, আপনি ওভুলেশন থেকে ২৭তম দিন পর্যন্ত সময় নিচ্ছেন। এতে প্রজেস্টেরন থাকে যা ইমপ্লান্টেশন এবং গর্ভাবস্থায় সাহায্য করে। আপনার পিরিয়ড প্রত্যাশিত তারিখ থেকে ৭ দিনের বেশি দেরি হলে আপনাকে প্রস্রাবের মাধ্যমে প্রেগন্যান্সি টেস্ট করতে হবে। পিরিয়ড মিস হওয়ার প্রথম ৭ দিনে প্রেগন্যান্সি টেস্ট করলে ভুল নেগেটিভ ফলাফল আসতে পারে। আমি আপনাকে পিরিয়ডের জন্য অপেক্ষা করার পরামর্শ দেব। যদি পিরিয়ড ৭ দিনের বেশি দেরি হয়, তবে গর্ভাবস্থা নিশ্চিত করতে প্রস্রাবের মাধ্যমে প্রেগন্যান্সি টেস্ট করুন। এই সময়ে, আপনি রক্ত পরীক্ষা করতে পারেন। এটি পিরিয়ড দেরি হওয়ার প্রথম ৭ দিনের মধ্যেও গর্ভাবস্থা শনাক্ত করতে বেশি নির্ভুল এবং কার্যকর। ইতিমধ্যে, মানসিক চাপ এড়িয়ে চলুন এবং স্বাস্থ্যকর খাবার গ্রহণ করুন। আশা করি এটি আপনাকে সাহায্য করবে। ফলো-আপের প্রয়োজন হলে পুনরায় যোগাযোগ করুন। শুভেচ্ছা রইল।"
37196,"হেলো, আমার উপসর্গগুলো সম্পর্কে আরও জানা প্রয়োজন, যেমন কী কারণে ব্যথা শুরু হয়, কী করলে ব্যথা বাড়ে ইত্যাদি। বেশিরভাগ ক্ষেত্রে এটি গ্যাস্ট্রাইটিস এবং রিফ্লাক্স ডিজিজ। আপনার কি পেটের উপরের অংশে ব্যথা, বমি ভাব, পেট ফাঁপা, ঢেকুর ওঠা, খাবার খেলে ব্যথা বেড়ে যাওয়া, গলায় টক জল আসা বা বুকে জ্বালাপোড়া হয়? যদি হয়, তবে তা এই রোগ নির্ণয়কে আরও সমর্থন করে। আপনার চর্বিযুক্ত, তৈলাক্ত এবং উচ্চ ক্যালরিযুক্ত খাবার এড়িয়ে চলা উচিত। খাওয়ার পর বিশ্রাম না নিয়ে কিছুক্ষণ হাঁটাহাঁটি করুন। ভারী খাবারের পরিবর্তে অল্প অল্প করে বারবার খাবার খান। নিয়মিত ঘুমের অভ্যাস করুন এবং মানসিক চাপ এড়িয়ে চলুন। প্রচুর পরিমাণে সবুজ শাকসবজি ও ফলমূল খান। ধূমপান ও মদ্যপান (যদি থাকে) এড়িয়ে চলুন। আপনি চিকিৎসকের পরামর্শ অনুযায়ী ২ সপ্তাহের জন্য প্রতিদিন সকালের নাস্তার আগে একটি করে প্যান ডিএসআর ৪০ মিগ্রা ট্যাবলেট খেতে পারেন। গভীর শ্বাস নিলে বা কাশি দিলে কি এই ব্যথা বাড়ে? যদি বাড়ে, তবে এটি ফুসফুসের আবরণ থেকে উদ্ভূত ব্যথা এবং এর জন্য এনএসএআইডি (NSAIDs) চিকিৎসা ও মূল্যায়নের প্রয়োজন।"
67681,"প্রিয় ডিসেস, আপনি পুরো রাত ক্রিমটি ব্যবহার করতে পারেন। বর্তমানে এলসিডি স্ক্রিনযুক্ত কম্পিউটারে অতিবেগুনি রশ্মি নির্গত হয় না, তাই আপনার চিন্তার কিছু নেই। যদি আপনার ত্বক আলোক সংবেদনশীল হয়, তবে আমরা কিছু আলোক সুরক্ষা ব্যবস্থার কথা বিবেচনা করতে পারি। যদি বর্তমান চিকিৎসায় খুব একটা কাজ না হয়, তবে চিকিৎসার নিয়ম পরিবর্তন করা সাহায্য করতে পারে। বর্তমান পদ্ধতিতে কেমিক্যাল পিলিং যোগ করা যেতে পারে। আপনি যে পিগমেন্টেশনের কথা উল্লেখ করেছেন, তা কি ফ্রেকেলস/সেন্টিমেন্ট বা প্লাজমা হিসেবে নির্ণয় করা হয়েছে? উভয়ের পূর্বাভাস ভিন্ন। শুভেচ্ছা, নাসেনিয়া ডক।"
53159,"হেলো, নাসেনিয়া ডক ব্যবহার করার জন্য ধন্যবাদ। শ্বেত রক্তকণিকা শরীরের রোগ প্রতিরোধ ব্যবস্থার অংশ। বিভিন্ন কারণে এগুলো বৃদ্ধি পায়, যার মধ্যে সবচেয়ে সাধারণ হলো সংক্রমণ বা প্রদাহ। ইওসিনোফিল হলো এক ধরনের শ্বেত রক্তকণিকা। এগুলো সাধারণত অ্যালার্জি, হাঁপানি এবং পরজীবী সংক্রমণের ক্ষেত্রে ভালো হয়ে যায়। ইএসআর (ESR) হলো প্রদাহের একটি নির্দেশক, শরীরের যেকোনো অংশে সংক্রমণ বা প্রদাহের উপস্থিতিতে এটি বেড়ে যায়। দীর্ঘস্থায়ী কাশি, ইওসিনোফিলের বৃদ্ধি এবং ইএসআর-এর সংমিশ্রণ নির্দেশ করতে পারে যে তার লক্ষণগুলো পোস্ট নেজাল ড্রিপের সাথে সম্পর্কিত। অন্য একটি সাধারণ কারণ হলো জিইআরডি (GERD)। তার পোস্ট নেজাল ড্রিপের জন্য মূল্যায়ন করা প্রয়োজন হতে পারে।"
30244,"নাসেনিয়া ডকে আপনাকে স্বাগতম। ১. এই ধরনের ব্যথা স্নায়ুর উত্তেজনার কারণে হতে পারে, তবে আপনার বয়সের কথা বিবেচনা করলে আমার মনে হয় না খুব বেশি চিন্তার কিছু আছে। ২. এমন কোনো আঘাত থাকতে পারে যা আপনি লক্ষ্য করেননি। ৩. আপনার জিপি-র সাথে অ্যাপয়েন্টমেন্ট নিন এবং কোনো বড় ধরনের সমস্যা (হাড়ের সমস্যা - অ্যালাইনমেন্ট) আছে কিনা তা দেখার জন্য লাম্বার স্পাইনের এপি/ল্যাট এক্স-রে করান। ৪. নিশ্চিত করুন যে কোনো অন্তর্নিহিত সিস্টেমিক রোগ নেই। ৫. প্রতিদিন সাধারণ পিঠের ব্যায়াম করুন এবং শোয়ার জন্য সমতল বিছানায় ঘুমান। এটি আপনাকে সাহায্য করবে। আশা করি এটি আপনাকে সাহায্য করবে। আপনার সুস্বাস্থ্য কামনা করি। কিছু জিজ্ঞাসা করার আছে? দ্বিধা করবেন না। ধন্যবাদ।"
12052,"আপনার অনিদ্রার সমস্যাটি গোড়ালি এবং পায়ের ব্যথার কারণে হতে পারে। সারাদিন দাঁড়িয়ে কাজ করার পর আপনি কেবল রাতে এই ব্যথা অনুভব করেন। এর মানে হলো হয় আপনি প্রচুর দাঁড়িয়ে কাজ করেন, অথবা আপনার জুতো আপনার পায়ের জন্য আরামদায়ক নয়, অথবা ভিটামিন ডি এবং ক্যালসিয়ামের ঘাটতির কারণে আপনার হাড় দুর্বল হয়ে গেছে। যেহেতু আপনি ভালো ব্র্যান্ডের জুতো ব্যবহার করছেন এবং আপনি স্বাচ্ছন্দ্যবোধ করেন, তাই এটি কোনো সমস্যা নাও হতে পারে। আপনার দৈনন্দিন কাজকর্ম পরীক্ষা করুন, যদি তাতে অতিরিক্ত দাঁড়িয়ে কাজ করা বা হাঁটাচলার সমস্যা থাকে, তবে আমি পরামর্শ দেব মাঝে মাঝে বিরতি নিতে অথবা কয়েক দিনের জন্য কাজ থেকে বিরতি নিতে। এরপর আপনার হাড়ের শক্তি জানার জন্য বোন মিনারেল ডেনসিটি টেস্ট এবং ক্যালসিয়াম ও ভিটামিন ডি-এর মাত্রা জানার জন্য রক্ত পরীক্ষা করা প্রয়োজন। যদি এগুলোর ঘাটতি থাকে, তবে আপনার ডাক্তারের পরামর্শ অনুযায়ী ক্যালসিয়াম এবং ভিটামিন ডি প্রাকৃতিক সাপ্লিমেন্ট গ্রহণ করুন। আমি নিশ্চিত যে এর মধ্যে কোনো একটি বা দুটির সমন্বয়ে আপনার সমস্যা হতে পারে এবং সেই অনুযায়ী প্রয়োজনীয় ব্যবস্থা নিতে হবে। আমি আপনাকে প্রতিদিন ঘুমানোর আগে ১৫-২০ মিনিট গরম পানিতে পা ডুবিয়ে রাখার পরামর্শ দিচ্ছি, যাতে পানি চারপাশ থেকে আপনার পা ও গোড়ালি স্পর্শ করতে পারে। এটি ব্যথা কমাতে এবং ভালো ঘুমাতে সাহায্য করবে। এই পরামর্শগুলো মেনে চলুন, আমি নিশ্চিত এটি আপনার উপকারে আসবে। তবে যদি না আসে, তবে মনে রাখবেন আমি এখানে কোনো পরীক্ষা ছাড়াই সাধারণ নির্দেশিকা দিয়েছি, তাই সঠিক চেকআপের জন্য আপনার একজন অর্থোপেডিক ডাক্তারের সাথে পরামর্শ করা উচিত। নিজের যত্ন নেবেন।"
97008,"এটি সার্ভিকাল স্পন্ডিলাইটিস। এই অবস্থায় ঘাড়ে স্নায়ুর ওপর চাপ পড়ে, যার ফলে পুরো উপরের অঙ্গে রেটিকুলার ব্যথা হয়। এর জন্য আপনাকে ঘাড়ের এক্স-রে এবং এমআরআই করাতে হবে। যদি স্নায়ুতে চাপ থাকে, তবে আপনাকে ঘাড়ের পেশি শক্তিশালী করার জন্য ফিজিওথেরাপি শুরু করতে হবে এবং প্রতিদিন একটি করে প্রেগাবালিন এম ট্যাবলেট খেতে হবে। এছাড়া একটি রোলার পরুন এবং খুব উঁচু বালিশ ব্যবহার করা থেকে বিরত থাকুন। আশা করি এই উত্তরটি আপনার কাজে আসবে। আপনার যদি আরও কোনো প্রশ্ন থাকে তবে আমাকে জানাবেন। ধন্যবাদ।"
76513,"নাসেনিয়া ডকে আপনার প্রশ্নের জন্য ধন্যবাদ। আমি আপনার পরিস্থিতি এবং সমস্যাটি বুঝতে পারছি। ব্রঙ্কাইটিস বেড়ে যাওয়ার সবচেয়ে সাধারণ কারণ হলো সংক্রমণ। আর ব্রঙ্কোস্পাজমের চিকিৎসা হলো ইনহেলড ব্রঙ্কোডাইলেটর এবং ইনহেলড কর্টিকোস্টেরয়েড। আপনি অ্যান্টিবায়োটিক এবং ইনহেলারসহ সঠিক চিকিৎসা নিচ্ছেন। তাই একই চিকিৎসা চালিয়ে যান এবং অন্তত ৬-৮ দিন অপেক্ষা করুন। ফুসফুসের কার্যকারিতা উন্নত করতে এবং উপসর্গ কমাতে আপনার গভীর শ্বাস-প্রশ্বাসের ব্যায়াম এবং চেস্ট ফিজিওথেরাপি শুরু করা উচিত। তাই এই চিকিৎসা বন্ধ করবেন না, আরও কয়েক দিন অপেক্ষা করুন এবং চেস্ট ফিজিওথেরাপি ও গভীর শ্বাস-প্রশ্বাসের ব্যায়াম শুরু করুন। আপনি অবশ্যই সুস্থ হয়ে উঠবেন।"
8969,"হেলো, আপনার ঘাড় এবং বাহুর ফোলা অংশগুলো খুব চুলকানিযুক্ত হওয়ার অর্থ হলো এটি কোলিনার্জিক আর্টিকেরিয়া হতে পারে এবং উচ্চ মাত্রার দীর্ঘস্থায়ী অ্যান্টিহিস্টামিন সাহায্য করবে। জ্বর, জয়েন্টে ব্যথা, যে র‍্যাশ অদৃশ্য না হয়ে কালশিটের মতো দেখায় বা দাগ রেখে যায়, তা ভাস্কুলাইটিস (রক্তনালীর প্রদাহ) কি না তা নিশ্চিত করার জন্য আরও পরীক্ষা-নিরীক্ষার প্রয়োজন। তবে, শুধুমাত্র জ্বর এই অবস্থার ইঙ্গিত দেয় না এবং সাধারণত ভাইরাল সংক্রমণের কারণে চুলকানিযুক্ত র‍্যাশ শুরু হওয়াই এর সবচেয়ে সম্ভাব্য কারণ। যদি জ্বর অব্যাহত থাকে, তবে নিশ্চিত করুন যে একটি ইনফেকশন স্ক্রিন করা হয়েছে এবং আপনি সঠিক অ্যান্টিমাইক্রোবিয়াল ওষুধ খাচ্ছেন, তবে র‍্যাশ ২ সপ্তাহ পুরোপুরি সেরে না যাওয়া পর্যন্ত অ্যান্টিহিস্টামিন চালিয়ে যান এবং তারপর অ্যান্টিহিস্টামিন ট্যাবলেট খাওয়া বন্ধ করুন। ধন্যবাদ।"
1939,"হেলো! নাসেনিয়া ডকে আপনার প্রশ্নটি করার জন্য ধন্যবাদ। আমি একজন গ্যাস্ট্রোএন্টেরোলজিস্ট (ডিএম)। ফ্যাটি লিভার রোগের অনেক কারণ রয়েছে যেমন হেপাটাইটিস বি/সি, বিপাকীয় ব্যাধি, অটোইমিউন ডিসঅর্ডার, অ্যালকোহল বা নাসেনিয়া ডক। তাই এর জন্য আপনার মূল্যায়ন এবং তারপর উপযুক্ত চিকিৎসার প্রয়োজন। আমি আপনাকে মূল্যায়নের জন্য একজন গ্যাস্ট্রোএন্টেরোলজিস্টের সাথে দেখা করার পরামর্শ দেব। ইতিমধ্যে"
103373,"হেলো ওয়েন, আমাদের কাছে লেখার জন্য ধন্যবাদ। আপনি যে সমস্যায় ভুগছেন তা আর্টিকেরিয়া, টিনিয়া কর্পোরিস ইত্যাদি হতে পারে। আপনার ক্ষেত্রে যেমনটি হয়েছে, কোনো খাবার গ্রহণের পর এটি হতে পারে। রোগ নির্ণয়ের জন্য কেওএইচ (KOH) স্ক্র্যাপিং এবং প্যাচ টেস্টের প্রয়োজন হতে পারে। আপনার ক্ষেত্রে পিৎজা, আনারসের মতো নির্দিষ্ট খাবার এড়িয়ে চলা সহায়ক হবে। অ্যালার্জির জন্য প্যাচ এবং প্রিক টেস্ট অ্যালার্জেনগুলো শনাক্ত করতে সাহায্য করবে। সঠিক রোগ নির্ণয় এবং চিকিৎসার জন্য আপনার জিপি (GP) বা চর্মরোগ বিশেষজ্ঞের সাথে দেখা করার কথা বিবেচনা করুন। ডাক্তারের কাছে যাওয়ার আগ পর্যন্ত চুলকানির জন্য আপনি জাইরটেক (Zyrtec) ট্যাবলেট খেতে পারেন। আশা করি এটি সাহায্য করবে। শুভেচ্ছা, এমডি ডার্মাটোলজি।"
4515,"হেলো, আপনার প্রশ্নটি পোস্ট করার জন্য ধন্যবাদ। আপনি সম্ভবত তীব্র গ্যাস্ট্রোএন্টেরাইটিসে ভুগছেন। পাতলা পায়খানা না থাকা মানেই গ্যাস্ট্রোএন্টেরাইটিসের সম্ভাবনা উড়িয়ে দেওয়া যায় না। আপনার উচিত আপনার চিকিৎসকের সাথে পরামর্শ করা এবং সম্পূর্ণ চেকআপ করানো। আপনার সম্পূর্ণ অ্যান্টিবায়োটিক কোর্স (অফ্লক্সাসিন এবং টিনিডাজলের নির্দিষ্ট এবং সংমিশ্রণ), প্রোবায়োটিক, অ্যান্টিস্পাসমোডিকস এবং অ্যান্টাসিড ডিএসআর চালিয়ে যাওয়া উচিত। দুধ এবং পনির, মাখনের মতো সমস্ত দুগ্ধজাত খাবার এড়িয়ে চলুন। দইয়ের সাথে নরম খাবার খান। নিজের যত্ন নিন।"
41544,"হেলো, অনুসন্ধানের জন্য ধন্যবাদ। সাধারণত পলিসিস্টিক ওভারি অনিয়মিত ঋতুস্রাব, ডিম্বস্ফোটন না হওয়া, ইনসুলিন রেজিস্ট্যান্স ইত্যাদির মতো সমস্যা সৃষ্টি করে। তবে যেহেতু আপনার মাসিক নিয়মিত, তাই সম্ভবত আপনার ডিম্বস্ফোটন নিয়মিত হচ্ছে। আপনার ডাক্তার যে ওষুধগুলো দিয়েছেন তাতে মূলত ভিটামিন এবং সাপ্লিমেন্ট রয়েছে যা সাধারণ শক্তি বৃদ্ধি এবং প্রজনন ক্ষমতা বাড়াতে সাহায্য করবে। যেহেতু আপনার স্বাভাবিকভাবে ডিম্বস্ফোটন হচ্ছে, সম্ভবত সেই কারণেই আপনার ডাক্তার কোনো ওভুলেশন ইনডাকশন দেননি। আদর্শগতভাবে আপনার ওজন প্রায় ৬০ কেজি হওয়া উচিত। তাই কিছুটা ওজন কমিয়ে এবং ডিম্বস্ফোটনের সময় মিলনের পরিকল্পনা করে আপনি গর্ভধারণের সম্ভাবনা বাড়াতে পারেন। নিজের যত্ন নেবেন।"
26523,"মাথায় আঘাতপ্রাপ্ত ব্যক্তির অবিলম্বে মনোযোগ দেওয়া এবং হাসপাতালে স্থানান্তরের প্রয়োজন হয়। সাধারণত দুর্ঘটনার ক্ষেত্রে বেসিক ফার্স্ট এইড বা এই জাতীয় কিছুর প্রয়োজন হয়। আমাদের কর্মক্ষেত্রে আমাদের এ বিষয়ে শেখানো হয়েছিল। আপনাকে দেখতে হবে যে ব্যক্তিটি শ্বাস নিচ্ছেন কি না, তার নাড়ির স্পন্দন পরীক্ষা করুন এবং তাকে আরামদায়ক অবস্থানে রাখুন। পরিষ্কার রাখুন এবং ডাক্তারের সাথে কথা বলুন। রক্তপাত হলে তা বন্ধ করার জন্য চাপ দিন। এবং ব্যক্তিকে যত দ্রুত সম্ভব নিকটস্থ হাসপাতালে নিয়ে যান, অথবা মাথায় আঘাত বা গুরুতর দুর্ঘটনার ক্ষেত্রে আইসিইউ সুবিধা আছে এমন হাসপাতালে স্থানান্তর করুন।"
54521,"প্রথমত, ভিটামিন বি১২-এর ঘাটতি এবং মুখের ক্যান্সারের মধ্যে কোনো সম্পর্ক নেই। ঘটনাক্রমে আপনার ভিটামিন বি১২-এর ঘাটতি এবং মুখের আলসার হয়ে থাকতে পারে। এটি ভালো যে আপনার মুখের আলসার সেরে উঠছে। যদি এটি না সারে বা আকারে বড় হতে থাকে, তবে আপনাকে বায়োপসি করাতে হবে। তবে মনে রাখবেন, সব মুখের আলসার ক্যান্সার নয়। নিরাপদ থাকার জন্য আমরা বায়োপসি করি। মুখের আলসারের অনেক কারণ রয়েছে, যার মধ্যে সাধারণ আলসার থেকে শুরু করে লাইকেন প্ল্যানাস পর্যন্ত অন্তর্ভুক্ত।"
53025,"হেলো, আমাদের সাইটে আপনাকে স্বাগতম। আমি নাসেনিয়া ডক, এমডি। আপনার প্রশ্নটি পড়েছি। এটি একটি অত্যন্ত গুরুত্বপূর্ণ প্রশ্ন এবং আমি আপনার সমস্যার বিষয়টি বুঝতে পারছি। আমি আপনার সব প্রশ্নের উত্তর দেওয়ার সর্বোচ্চ চেষ্টা করব। এই লক্ষণগুলোর পেছনে দুটি সম্ভাব্য কারণ থাকতে পারে। একটি হলো, সংক্রমণটি সম্ভবত আপনার জেনিটোরিনারি ট্র্যাক্ট বা মূত্রনালীকে আক্রান্ত করেছে এবং এই ট্র্যাক্টের সংক্রমণের কারণেই আপনার পিঠে ব্যথা হচ্ছে, যা অনেক স্ত্রীরোগ সংক্রান্ত সমস্যার ক্ষেত্রে হয়ে থাকে। অন্য সম্ভাবনাটি হলো, সংক্রমণটি মূত্রনালীতে ছড়িয়ে পড়ে মূত্রাশয়ের উপরের অংশকে প্রভাবিত করেছে। আমি আপনাকে প্রস্রাবের কালচার করার পরামর্শ দেব যাতে শেষ পর্যন্ত সঠিক অ্যান্টিবায়োটিক প্রেসক্রাইব করা যায় এবং ব্যথার স্থানীয় উৎস খুঁজে বের করার জন্য একটি এমআরআই/ইউএসজি করার পরামর্শ দেব। আশা করি এটি আপনাকে সাহায্য করবে। উপরে উল্লিখিত রিপোর্টগুলো বা অন্য কোনো রিপোর্ট থাকলে জানান, যাতে আমি আপনাকে আরও সাহায্য করতে পারি। আপনার দেওয়া তথ্যের ভিত্তিতে আমি সর্বোচ্চ উত্তর দেওয়ার চেষ্টা করেছি। পরীক্ষার ফলাফলগুলো আমার উত্তরকে আরও সুনির্দিষ্ট করতে সাহায্য করতে পারে। অনুগ্রহ করে বুঝবেন যে, বিস্তারিত ইতিহাস এবং শারীরিক পরীক্ষার মাধ্যমে আরও কিছু তথ্য পাওয়া সম্ভব। নির্দ্বিধায় অন্য কোনো প্রশ্ন করতে পারেন। আপনাকে সাহায্য করতে পারলে আমি খুশি হব। আপনার কাছ থেকে বিস্তারিত তথ্যসহ পরবর্তী প্রশ্নের অপেক্ষায় রইলাম, যাতে আমি আপনাকে আরও সাহায্য করতে পারি। (যদি এই উত্তরটি আপনাকে সাহায্য করে থাকে, তবে অনুগ্রহ করে তা জানান) শুভকামনা।"
8798,"হেলো এবং নাসেনিয়া ডক ব্যবহার করার জন্য আপনাকে ধন্যবাদ। আমি আপনার প্রশ্নটি মনোযোগ সহকারে পড়েছি এবং আপনার উদ্বেগ বুঝতে পেরেছি। আপনার জানা উচিত যে এই বুক ধড়ফড়ানি হৃদস্পন্দনের ছন্দের সমস্যার সাথে সম্পর্কিত। হৃদপিণ্ডের স্বাভাবিক সাইনাস রিদম বা ছন্দের বাইরে অন্য অংশ থেকে কিছু বৈদ্যুতিক সংকেত তৈরি হয়। এগুলো হৃদপিণ্ডের অকাল সংকোচন ঘটায় যা স্বাভাবিক নয়। আপনি হৃদস্পন্দন বাদ পড়া, উদ্বেগ, গভীরভাবে শ্বাস নিতে অসুবিধা এবং বুক ধড়ফড়ানি অনুভব করেন। এই ছন্দজনিত সমস্যার বিভিন্ন কারণ থাকতে পারে, যেমন সাধারণ মানসিক চাপ, কফি ও অ্যালকোহল গ্রহণ অথবা রক্তাল্পতা, হাইপারথাইরয়েডিজম, ইলেক্ট্রোলাইটের ভারসাম্যহীনতা বা ইস্কেমিক হৃদরোগের মতো রোগ। যেহেতু আপনি ইতিমধ্যে একটি স্ট্রেস টেস্ট করেছেন এবং তার ফলাফল স্বাভাবিক এসেছে, তাই আপনি সক্রিয় ইস্কেমিক হৃদরোগের সম্ভাবনা বাদ দিয়েছেন। আমি যদি আপনার চিকিৎসক হতাম, তবে রক্তাল্পতা, হাইপারথাইরয়েডিজম বাদ দেওয়ার জন্য সম্পূর্ণ রক্ত পরীক্ষা এবং আপনার হৃদস্পন্দনের প্রবণতা ও এই ছন্দজনিত সমস্যার ফ্রিকোয়েন্সি মূল্যায়নের জন্য হোল্টার মনিটরিংয়ের পরামর্শ দিতাম। শুধুমাত্র এর পরেই আমরা আরও ভালোভাবে বুঝতে পারব যে আমরা কীসের মোকাবিলা করছি এবং কীভাবে এর চিকিৎসা করা যায়। যদি আমরা কোনো কারণ খুঁজে বের করে তার চিকিৎসা করি, তবে সেগুলো দূর হয়ে যেতে পারে। তাই চিন্তা করবেন না, আমি আগেই যা উল্লেখ করেছি তা করুন। আশা করি আমি আপনাকে সাহায্য করতে পেরেছি। শুভেচ্ছা, নাসেনিয়া ডক।"
14549,"হেলো, নাসেনিয়া ডককে জিজ্ঞাসা করার জন্য ধন্যবাদ। আপনার বাধ্যতামূলকভাবে ভাত খাওয়ার অভ্যাস রয়েছে। অখাদ্য বা অপ্রয়োজনীয় পদার্থ খাওয়াকে পাইকা বলা হয়। এটি একটি মানসিক ব্যাধি যা সাধারণত শিশুদের মধ্যে দেখা যায়। পাইকা আক্রান্ত অনেক ব্যক্তির আয়রনের ঘাটতিজনিত রক্তাল্পতা দেখা দেয়। এই অভ্যাস স্বাস্থ্যের ওপর কোনো গুরুতর প্রভাব ফেলবে না, তবে যেহেতু এটি অত্যন্ত কষ্টদায়ক এবং বিব্রতকর, তাই চিকিৎসার জন্য আপনার একজন মনোরোগ বিশেষজ্ঞের পরামর্শ নেওয়া উচিত। আয়রন এবং ভিটামিন বি১২ সাপ্লিমেন্ট হলো পুষ্টির ঘাটতি থাকলে তা চিকিৎসার একটি পদ্ধতি। ফ্লুওক্সেটিন একটি এসএসআরআই (SSRI)।"
94817,"হেলো... নাসেনিয়া ডকে পরামর্শের জন্য আপনাকে ধন্যবাদ। শিশুদের ক্ষেত্রে ৯৫ শতাংশ সময় কাশি এবং সর্দি ভাইরালজনিত হয়ে থাকে। সর্দির জন্য আপনি সেটিরিজিনের মতো অ্যান্টি-অ্যালার্জিক ব্যবহার করতে পারেন এবং নাক বন্ধের জন্য স্যালাইন নেজাল ডিকনজেস্ট্যান্ট কার্যকর হবে। জ্বরের জন্য - প্যারাসিটামল ১৫ মিগ্রা/কেজি/ডোজ (সর্বোচ্চ ৫০০ মিগ্রা) হিসেবে প্রতি ৪-৬ ঘণ্টা অন্তর দেওয়া যেতে পারে, তবে তা কেবল জ্বর ১০০ ডিগ্রি ফারেনহাইটের বেশি হলে। আমি জ্বরের জন্য কোনো মিশ্র ওষুধ, বিশেষ করে প্যারাসিটামলের সাথে অন্য ওষুধ ব্যবহার না করার পরামর্শ দিচ্ছি। সর্দির জন্য আপনি ৩ দিন ধরে প্রতি ১২ ঘণ্টা অন্তর ০.২৫ মিগ্রা/কেজি/ডোজ হিসেবে সেটিরিজিন ব্যবহার করতে পারেন। নাক বন্ধের জন্য সাধারণ স্যালাইন নেজাল ড্রপ ব্যবহার করুন।"
24575,"নাসেনিয়া ডকে আপনার প্রশ্নের জন্য ধন্যবাদ। আমি আপনার উদ্বেগ বুঝতে পারছি। আপনার ডিসফ্যাজিয়া (গিলতে ব্যথা) হচ্ছে। ডিসফ্যাজিয়ার সাধারণ কারণগুলো হলো জিইআরডি (গ্যাস্ট্রোইসোফেজিয়াল রিফ্লাক্স ডিজিজ), ইসোফেজিয়াল ম্যাস, ইসোফ্যাজাইটিস, কার্ডিয়াক ইত্যাদি। তাই আপনার লক্ষণগুলো নির্ণয়ের জন্য একজন গ্যাস্ট্রোএন্টেরোলজিস্টের সাথে পরামর্শ করা এবং আপার জিআই (গ্যাস্ট্রোইনটেস্টাইনাল) এন্ডোস্কোপি করানো ভালো। গরম এবং মশলাদার খাবার এড়িয়ে চলাই ভালো। খালি পেটে প্যান্টোপ্রাজল ট্যাবলেট সেবন করুন। পরবর্তী চিকিৎসা রোগ নির্ণয়ের ওপর নির্ভর করবে। তাই একজন গ্যাস্ট্রোএন্টেরোলজিস্টের সাথে পরামর্শ করে প্রথমে রোগ নির্ণয় করুন এবং তারপর যথাযথ চিকিৎসা শুরু করুন। আশা করি আমি আপনার প্রশ্নের সমাধান করতে পেরেছি। আপনাকে আরও সাহায্য করতে পারলে আমি খুশি হব। আপনার সুস্বাস্থ্য কামনা করি। ধন্যবাদ।"
18907,"হেলো, আপনার প্রশ্নটি নিয়ে এখন পর্যন্ত ইতিহাস সম্পর্কে কিছুটা বেশি জ্ঞান এবং শারীরিক পরীক্ষার প্রয়োজন হতে পারে, যাতে একটি নিশ্চিত রোগ নির্ণয় করা যায়। প্রদত্ত তথ্য (বয়স, পেশার কারণে পাইলট, অতিরিক্ত ওজন) বিবেচনা করলে মনে হচ্ছে যে, আপনার ডিপ ভেইন থ্রম্বোসিস এবং এর ফলে পালমোনারি এমবোলিজম হওয়ার ঝুঁকি বেশি। কখনও কখনও, ছোট এবং ক্ষণস্থায়ী পালমোনারি এমবোলিজম অলক্ষ্যে থেকে যেতে পারে। তবুও এটি থাকতে পারে এবং ডি-ডাইমারের মাত্রা বেড়ে যাওয়ার মাধ্যমে তা প্রমাণিত হতে পারে। তাই আমার পরামর্শ হলো, এই ল্যাব রিপোর্টগুলোকে অবহেলা করবেন না এবং আপনার নিকটস্থ একজন কোয়াগুলেশন বিশেষজ্ঞ বা হেমাটোলজিস্টের সাথে পরামর্শ করুন। কোনো গুরুতর রোগ আছে কি না তা নিশ্চিত করতে এবং কোনো সমস্যা ধরা পড়লে দ্রুত ব্যবস্থা নিতে আপনার পুঙ্খানুপুঙ্খ মূল্যায়ন ও পরীক্ষা করান। আশা করি আমি আপনার প্রশ্নের উত্তর দিতে পেরেছি। আমি আপনাকে আরও কোনোভাবে সাহায্য করতে পারি কি না তা জানাবেন।"
34598,"হেলো, ১. মেলোক্সিক্যাম এবং মেটফরমিন একসাথে সেবন করলে ল্যাকটিক অ্যাসিডোসিস নামক একটি গুরুতর অবস্থার ঝুঁকি বেড়ে যেতে পারে। ২. ডিলেশন, সিনথ্রয়েড এবং লিপিটরের সাথে রিগ্রেট একসাথে সেবন করলে তা যথাক্রমে খিঁচুনি, হাইপোথাইরয়েডিজম এবং উচ্চ কোলেস্টেরলের মাত্রা নিয়ন্ত্রণে তাদের কার্যকারিতা কমিয়ে দেয়। ৩. ডিলেশন একসাথে সেবন করলে সিনথ্রয়েড, লিপিটর এবং মেটফরমিনের কার্যকারিতাও কমিয়ে দিতে পারে। ৪. মেলোক্সিক্যাম একসাথে সেবন করলে তা ডিভানের রক্তচাপ কমানোর প্রভাবও কমাতে পারে। সিনথ্রয়েড সবসময় সকালের নাস্তার এক ঘণ্টা আগে খালি পেটে সেবন করা উচিত। আশা করি আমি আপনার প্রশ্নের উত্তর দিতে পেরেছি। আমি আপনাকে আরও কোনোভাবে সাহায্য করতে পারি কিনা তা জানাবেন।"
57985,"হেলো এবং নাসেনিয়া ডক ফোরামে আপনাকে স্বাগতম। আমি আপনাকে জানাতে চাই যে অ্যামোক্সিসিলিন সেবনের পর যদি র‍্যাশ দেখা দেয়, তবে আপনার এটি সেবন বন্ধ করা উচিত এবং শীঘ্রই আপনার ডাক্তারের সাথে দেখা করা উচিত। আপাতত আমি আপনাকে একটি অ্যান্টি-অ্যালার্জিক ওষুধ সেবনের পরামর্শ দেব যা আপনাকে সাময়িক আরাম দেবে। এছাড়াও, চুলকানি এবং লালভাব কমাতে আপনি ঠান্ডা সেঁক দিতে পারেন। অনুগ্রহ করে শীঘ্রই আপনার ডাক্তারের সাথে দেখা করুন। আমি আশা করি আমি আপনার প্রশ্নের উত্তর দিতে পেরেছি। আমি আপনার সুস্বাস্থ্য কামনা করি। ভালো থাকবেন।"
50848,"হেলো, ত্বকের উপরিভাগের র‍্যাশ সাধারণত রিভার্সিবল হাইপারপিগমেন্টেশন সৃষ্টি করে। আমি আপনাকে এক সপ্তাহের জন্য ত্বকের পিগমেন্টেশনের ছবি তোলার পরামর্শ দেব। যদি আপনি ধীরে ধীরে পিগমেন্টেশনের উন্নতি লক্ষ্য করেন, তবে আপনার ব্লিচিং ক্রিমের প্রয়োজন নাও হতে পারে। কিন্তু, যদি আপনি পিগমেন্টেশনের কোনো দৃশ্যমান উন্নতি লক্ষ্য না করেন, তবে চিকিৎসার বিকল্পগুলো নিয়ে আলোচনা করার জন্য অবশ্যই আপনার চর্মরোগ বিশেষজ্ঞের সাথে পরামর্শ করুন। আশা করি আমি আপনার প্রশ্নের উত্তর দিতে পেরেছি। আমি আপনাকে আরও কোনোভাবে সাহায্য করতে পারি কিনা তা আমাকে জানান।"
4274,"নাসেনিয়া ডকে আপনাকে স্বাগতম। আমি নাসেনিয়া ডক এবং আমি আপনার সমস্যা সমাধানে সাহায্য করব। আমি আপনার প্রশ্নটি দেখেছি। আপনার বগলে ফোলাভাব রয়েছে এবং আপনি চিন্তিত যে এটি স্তন বা অন্য কোনো কার্সিনোমা হতে পারে। সমস্যাটি আরও ভালোভাবে বোঝার জন্য আমার কিছু প্রশ্নের উত্তর প্রয়োজন- পিণ্ডটির সঠিক অবস্থান কোথায়?- আপনি কীভাবে এটি প্রথম লক্ষ্য করেছিলেন?- এটি কীভাবে আপনাকে বিরক্ত করে?- এটি কি স্থির নাকি নড়াচড়া করতে পারে?- এর ওপর চামড়া কি চিমটি দিয়ে ধরা যায়?- পিণ্ডটির গঠন কেমন? এটি কি নরম/দৃঢ় নাকি শক্ত? প্রাপ্ত তথ্য এবং ব্রেস্ট সিএ স্ক্রিনিং নেগেটিভ হলে, এই ফোলাভাবটি সম্ভবত লিপোমা হতে পারে, যার পরে লিম্ফ নোড বৃদ্ধি এবং সেবাসিয়াস সিস্ট হতে পারে। এই দুটির মধ্যে পার্থক্য করার ক্ষেত্রে আল্ট্রাসনোগ্রাফি গুরুত্বপূর্ণ ভূমিকা পালন করতে পারে। ছোট লিপোমা এবং সেবাসিয়াস সিস্টের জন্য কোনো চিকিৎসার প্রয়োজন হয় না, তবে লিম্ফ নোড বৃদ্ধির কারণ খুঁজে বের করা প্রয়োজন, যা অনেক দূর পর্যন্ত দেখা উচিত। অপসারণ করা নমুনার এক্সিশনাল বায়োপসি এবং হিস্টোপ্যাথলজি করলে সমস্ত সন্দেহ দূর হবে এবং আমরা টিস্যুর রোগ নির্ণয় করতে পারব। আশা করি আমার উত্তর আপনাকে সাহায্য করবে। আপনি যদি এটি পছন্দ করেন তবে রেটিং দিন। শুভেচ্ছা।"
38457,"হেলো... আপনার কথা শুনে মনে হচ্ছে তার সার্ভিকাল অ্যাডেনোপ্যাথি হয়েছে, যা এই ধরনের কাশি এবং সর্দিতে খুব সাধারণ। উচ্চ তাপমাত্রা ভাইরাল অসুস্থতার কারণে হয়, যা শিশুদের কাশি এবং সর্দির সবচেয়ে সাধারণ কারণ। যতক্ষণ না শিশুটির তীব্র শ্বাসকষ্ট হচ্ছে, অথবা ঘাড়ের ফোলা বা লাল হয়ে যাওয়ার জায়গায় তীব্র ব্যথা হচ্ছে, যার অর্থ লিম্ফ নোডটিতে সেকেন্ডারি সংক্রমণ হচ্ছে, ততক্ষণ তাকে জরুরি বিভাগে নিয়ে যাওয়ার প্রয়োজন নেই এবং আপনি শিশু বিশেষজ্ঞের অ্যাপয়েন্টমেন্ট পর্যন্ত অপেক্ষা করতে পারেন। শুভেচ্ছা -"
53333,"হেলো, নাসেনিয়া ডকের সাথে পরামর্শ করার জন্য আপনাকে স্বাগতম এবং ধন্যবাদ। আমি আপনার প্রশ্নটি দেখেছি, চিন্তা করবেন না। আপনার নিচের দাঁতে ব্যথা হচ্ছে, এটি ক্যারিস বা পেরিওডন্টাল সমস্যার কারণে হতে পারে। যদি এটি ক্যারিসের কারণে হয়, তবে সেখানে অ্যাবসেস বা ফোড়া তৈরি হতে পারে, অথবা পেরিওডন্টাল সমস্যার কারণেও হতে পারে, যার ফলে আপনি দপদপ করা ব্যথা অনুভব করছেন। আপনার একজন ডেন্টিস্টের সাথে পরামর্শ করা উচিত এবং যথাযথ পরীক্ষা (IOWA) যেমন এক্স-রে করানো উচিত এবং রুট ক্যানেল ট্রিটমেন্ট বা স্কেলিং ও রুট প্ল্যানিং সঠিকভাবে করা উচিত। দিনে দুই-তিনবার হালকা গরম লবণ পানি দিয়ে কুলকুচি করুন, এতে আপনি আরাম পাবেন। আপনি যে ওষুধগুলো খাচ্ছেন তা আপনাকে সাময়িক আরাম দেবে। ডেন্টিস্টের কাছে যান এবং সঠিক চিকিৎসা নিন। আশা করি এটি আপনাকে সাহায্য করবে। আপনার সুস্বাস্থ্য কামনা করি।"
11541,"হেলো। যেহেতু আপনি সমস্ত পরীক্ষা করিয়েছেন, তাই মশার কামড়ের কারণে ম্যালেরিয়া তীব্র পেটে ব্যথা এবং পেট ফাঁপার একটি কারণ হতে পারে। একে অ্যাসিড ম্যালেরিয়া বলা হয় এবং এটি ফ্যালসিপেরাম ধরনের ম্যালেরিয়া বলে মনে হয়। স্লাইড এবং অ্যান্টিজেন পদ্ধতিতে ম্যালেরিয়া পরীক্ষা করান, যদি পজিটিভ হয় তবে সেই অনুযায়ী চিকিৎসা নিন। পেট ফাঁপা এবং ব্যথার অন্যান্য কারণ হতে পারে গ্যাস্ট্রোএন্টেরাইটিস, টাইফয়েড, উদ্বেগ, কোনো নির্দিষ্ট জিনিসের প্রতি খাদ্য ও পানীয়ের অ্যালার্জি। এগুলোর দিকেও নজর রাখুন। প্রয়োজনে অন্য একজন ডাক্তারের কাছ থেকে দ্বিতীয় মতামত নিন।"
41954,"হেলো, নাসেনিয়া ডকে লেখার জন্য ধন্যবাদ। ফার্টোমিড হলো ডিম্বস্ফোটন বা ওভুলেশন ইনডিউসিং এজেন্ট। এর অর্থ হলো এটি আপনার ফলিকলগুলোকে সঠিকভাবে বৃদ্ধি পেতে এবং পরিপক্ক হতে সাহায্য করে। এটি একাধিক ফলিকলও বৃদ্ধি করে। এটি গর্ভধারণের সম্ভাবনা বাড়িয়ে দেয়। আমি আপনাকে ফলিকুলার স্টাডি করার পরামর্শ দেব, যা আপনাকে জানাবে যে আপনার ডিম্বস্ফোটন সঠিকভাবে হচ্ছে কি না। যদি আপনার ডিম্বস্ফোটন সঠিক হয়, তবে আপনি ফার্টোমিডের মিনিম ৩ সাইকেল চালিয়ে যেতে পারেন। যদি ফার্টোমিডে পর্যাপ্ত সাড়া না পাওয়া যায়, তবে এর সাথে এফএসএইচ (FSH) যোগ করতে হবে। তবে ফার্টিলিটি ট্যাবলেট সেবনের সময় ফলিকুলার স্টাডি করা আবশ্যক। আপনার ফলিকলের আকার ১৯ মিমি-এর বেশি হলে আমি আপনাকে নাসেনিয়া ডক ব্যবহার করার বা গর্বিত হওয়ার পরামর্শ দেব। আমি আশা করি এতে আপনি গর্ভধারণ করতে পারবেন। তবে যদি এটি ব্যর্থ হয়, তবে আপনাকে টিউবাল প্যাটেন্সি টেস্ট করাতে হবে। আরও একটি বিষয় আমি পরামর্শ দিতে চাই, আপনি যদি এখনো হরমোন পরীক্ষা না করে থাকেন তবে তা করিয়ে নিন। যেমন থাইরয়েড প্রোফাইল, সিরাম প্রোল্যাকটিন, এফএসএইচ (FSH) এবং এলএইচ (LH)-এর পরীক্ষা। আশা করি আমি আপনাকে সাহায্য করতে পেরেছি। শুভেচ্ছা, নাসেনিয়া ডক।"
24422,"হেলো, প্রিয়। আমি আপনার প্রশ্নটি দেখেছি। আমি আপনার উদ্বেগ বুঝতে পারছি। আপনার কলার বোনের উপরের চাকাটি কোনো বর্ধিত সুপ্রাক্লাভিকুলার লিম্ফ নোড হতে পারে। এটি রিঅ্যাক্টিভ হাইপারপ্লাসিয়া বা যক্ষ্মা বা লিম্ফোমার মতো অন্য কোনো রোগের কারণে হতে পারে। সঠিক রোগ নির্ণয়ের জন্য আপনার ফাইন নিডল অ্যাসপিরেশন সাইটোলজি (FNAC) পরীক্ষা করা উচিত। তারপর সেই অনুযায়ী আপনার চিকিৎসা নেওয়া উচিত। আশা করি আমি আপনার প্রশ্নের উত্তর দিতে পেরেছি, যদি আপনার কোনো সন্দেহ থাকে তবে আমি উত্তর দিতে পেরে খুশি হব। নাসেনিয়া ডক ব্যবহার করার জন্য ধন্যবাদ। আপনার সুস্বাস্থ্য কামনা করি।"
73000,"হেলো, আপনি যদি নিয়মিত আপনার জন্মনিয়ন্ত্রণ পিল সেবন করেন, তবে গর্ভধারণে কোনো সমস্যা নেই এবং তাই আপনি অনিরাপদ যৌন মিলন চালিয়ে যেতে পারেন। প্রথমবার জন্মনিয়ন্ত্রণ পিল শুরু করার সময় থেকেই গর্ভধারণ এড়াতে প্রথম সপ্তাহ কনডমের মতো অতিরিক্ত পদ্ধতি ব্যবহার করার কথা। যেহেতু আপনি অন্তত দুই সাইকেল নিয়মিত আপনার পিল সেবন করছেন, তাই অনিরাপদ যৌন মিলনের ফলে গর্ভধারণের কোনো সম্ভাবনা নেই। ধন্যবাদ।"
96826,"নাসেনিয়া ডকে আপনার প্রশ্নের জন্য ধন্যবাদ। আমার মতে এটি কেবল পেশীর ব্যথা বলে মনে হচ্ছে। তবে যেহেতু এটি বাম দিকের বুকের ব্যথা, তাই আমাদের প্রথমে হৃদযন্ত্র এবং ফুসফুসজনিত কারণগুলো বাদ দিতে হবে। তাই অনুগ্রহ করে নিচের পরীক্ষাগুলো করান: ১. হৃদযন্ত্রের সমস্যা বাদ দিতে ইসিজি (ECG)। ২. ফুসফুসের সমস্যা যেমন বুকের সংক্রমণ বাদ দিতে বুকের এক্স-রে (Chest X-ray)। যদি উপরের দুটি পরীক্ষাই স্বাভাবিক থাকে, তবে এটি অবশ্যই পেশীতে টান লাগার কারণে হয়েছে। তাই নিচের পরামর্শগুলো মেনে চলার চেষ্টা করুন: ১. ভারী ওজন তোলা থেকে বিরত থাকুন। ২. কঠোর ব্যায়াম এড়িয়ে চলুন। ৩. ভালো ব্যথানাশক এবং পেশী শিথিলকারী ওষুধ সেবন করুন। ৪. ঘুমের সময় ভুল অঙ্গভঙ্গি এড়িয়ে চলুন। ৫. আক্রান্ত অংশের নড়াচড়া কমাতে চেস্ট বেল্ট ব্যবহার করুন।"
36648,"হেলো, নাসেনিয়া ডকে আপনাকে স্বাগতম। আমি আপনার প্রশ্নটি দেখেছি। আপনার স্ত্রীর ফলিকুলার স্টাডি সম্পূর্ণ স্বাভাবিক এবং ভালো। ১১তম দিনে বড় ফলিকল ১৫.৪ মিমি এবং এন্ড ৭.৯ মিমি ভালো। সাধারণত চক্র ২৯/৩০ দিনের মধ্যে সম্পন্ন হলে ফলিকল ১৮/১৯ মিমি আকারে ফেটে যায়। ফলিকলগুলোকে উদ্দীপিত করার জন্য ক্লোমিড দেওয়া হয়। তাই এই রিপোর্টগুলো অনুযায়ী আপনার গর্ভধারণের সম্ভাবনা বেশি। ভালো থাকবেন।"
68044,"হেলো, আমি নাসেনিয়া ডক। আমি আপনার প্রশ্নটি পড়েছি এবং আপনার উদ্বেগগুলো বুঝতে পেরেছি। আমাকে আপনাকে সাহায্য করার সুযোগ দিন। প্রশ্ন"
100135,"হেলো, নাসেনিয়া ডকে লেখার জন্য ধন্যবাদ। আপনার সমস্যাটি নিশ্চিতভাবেই খুব বেদনাদায়ক এবং আপনাকে অনেক কষ্ট দিচ্ছে, তবে আপনি এখন পর্যন্ত এর জন্য কোনো চিকিৎসা বা সহায়তার কথা উল্লেখ করেননি। গিঁট (বা চাকা) এখানে একটি বড় উদ্বেগের বিষয়। যেকোনো ধরনের চিকিৎসা শুরু করার আগে এটি ভালোভাবে নির্ণয় করা প্রয়োজন। মেরুদণ্ডের সার্ভিকো-থোরাসিক এক্স-রে (এপি এবং ল্যাট উভয় ভিউ) এবং কিছু রক্ত পরীক্ষা - সিবিসি, ব্লাড সুগার প্রয়োজন। যদি এই পরীক্ষাগুলোতে কিছু ধরা পড়ে, তবে সেই অনুযায়ী চিকিৎসা করতে হবে। আমাদের অবশ্যই সেই গিঁটের উৎস জানা প্রয়োজন। অথবা যদি সমস্ত পরীক্ষা স্বাভাবিক থাকে এবং এটি পেশীজনিত ট্রিগার পয়েন্ট হয়, তবে ফিজিওথেরাপি আপনাকে সাহায্য করতে পারে। আশা করি এটি আপনাকে সাহায্য করবে, আপনার সুস্বাস্থ্য কামনা করি।"
35915,"হেলো, লিসিনোপ্রিল একটি এসিই ইনহিবিটর এবং এটি নাসেনিয়া ডক। তবে আমার মতে, এটি একটি কাকতালীয় ঘটনা ছিল যে আপনার স্ট্যাফাইলোকক্কাল সংক্রমণ হয়েছে (যেহেতু এটি এক ধরণের ব্যাকটেরিয়া এবং লিসিনোপ্রিল দিয়ে আপনি কীভাবে ব্যাকটেরিয়াজনিত সংক্রমণ পেতে পারেন তা ভেবে দেখুন)। আমার মতে, ঘন ঘন এবং বারবার সংক্রমণ হওয়ার কারণ রোগ প্রতিরোধ ক্ষমতা কমে যাওয়া হতে পারে, তাই একজন ইমিউনোলজিস্টের সাথে পরামর্শ করুন এবং তার মতামত নিন। দ্বিতীয় পদক্ষেপটি হলো রক্তে কালচার পরীক্ষা করা এবং"
83722,"আপনার উদ্বেগগুলো আমি বুঝতে পেরেছি এবং আপনার বিস্তারিত তথ্যগুলো দেখেছি। আমি আপনাকে খুব বেশি চিন্তা না করার পরামর্শ দিচ্ছি। আপনি যদি সত্যিই এই পরিস্থিতি থেকে বেরিয়ে আসতে চান, তবে এসব নিয়ে ভাবা বন্ধ করুন। আপনি জীবনে হতাশ। জীবনে হতাশা স্বাভাবিক এবং অন্য সবাই হতাশ। সেই পরিস্থিতি থেকে বেরিয়ে আসা খুব কঠিন নয়। সময় আপনাকে বের করে আনে। এমনকি আপনি যদি খুব বেশি চিন্তাও করেন, তবুও আপনার দ্রুত বা দেরিতে এমন পরিস্থিতি থেকে বেরিয়ে আসা উচিত। আপনি যদি ইতিবাচক চিন্তা করেন, তবে আপনি দ্রুত বেরিয়ে আসবেন। এই হতাশাজনক চিন্তার কারণে আপনি আপনার রাগ নিয়ন্ত্রণ করতে পারছেন না। আপনার শিক্ষা, ক্যারিয়ার এবং জীবন উপভোগ করুন। এই বিষয়ে যদি আপনার আরও সাহায্যের প্রয়োজন হয়, তবে অনুগ্রহ করে এই ওয়েবসাইটে আমাকে সরাসরি প্রশ্ন করুন। নিশ্চিত করুন যে আপনি প্রতিটি ছোটখাটো বিস্তারিত তথ্য অন্তর্ভুক্ত করেছেন। আমি প্রয়োজনীয় সাইকোথেরাপি কৌশলগুলো লিখে দেব যা আপনার এই অবস্থা থেকে বেরিয়ে আসতে আরও সাহায্য করবে। আশা করি এটি আপনার প্রশ্নের উত্তর দিয়েছে। আরও স্পষ্টীকরণের জন্য আমি আছি। শুভকামনা।"
55659,"হেলো, প্রাথমিক প্ল্যান্টার ফ্যাসাইটিস হওয়ার সম্ভাবনা সবচেয়ে বেশি। প্ল্যান্টার ফ্যাসাইটিসের জন্য নরম সোলের জুতো বা পাদুকা পরা উচিত। আপনি সিলিকন প্যাড ইনসোল ব্যবহার করতে পারেন। পায়ে ঠান্ডা লাগা এড়িয়ে চলুন। ফিজিওথেরাপিস্টের পরামর্শ নিয়ে প্ল্যান্টার ব্যায়াম শুরু করুন, এছাড়া টেন্স (TENS) এবং আল্ট্রাসাউন্ডের মতো ফিজিওথেরাপি সাহায্য করবে। এর সাথে ক্যালসিয়াম ও ভিটামিন ডি সাপ্লিমেন্ট নিন। বিছানা থেকে ওঠার আগে পায়ের ব্যায়াম করুন। আশা করি এটি আপনার প্রশ্নের উত্তর দিয়েছে। আপনার যদি আরও কোনো প্রশ্ন বা ফলো-আপ জিজ্ঞাসা থাকে, তবে আমাদের লিখতে দ্বিধা করবেন না। আমি আপনার প্রশ্নের উত্তর দিতে পেরে খুশি হব। আপনার সুস্বাস্থ্য কামনা করছি। ভালো থাকবেন।"
47847,"আপনার উদ্বেগগুলো আমি বুঝতে পেরেছি এবং আপনার বিস্তারিত তথ্যগুলো দেখেছি। আমি আপনাকে খুব বেশি চিন্তা না করার পরামর্শ দিচ্ছি। আপনার বর্ণনা থেকে আমি এই সিদ্ধান্তে আসতে পারি যে আপনার সোশ্যাল অ্যাংজাইটি বা সামাজিক উদ্বেগ রয়েছে। তবে এটি কতটা গভীর তা খুঁজে বের করা প্রয়োজন। এর জন্য আপনাকে একজন ক্লিনিক্যাল সাইকোলজিস্টের সাথে দেখা করতে হতে পারে, যিনি একটি সাইকোমেট্রিক মূল্যায়নের পরামর্শ দেবেন। এরপর আমাদের কাছে সোশ্যাল অ্যাংজাইটির জন্য বিশেষভাবে চার্ট করা কগনিটিভ বিহেভিয়ারাল থেরাপি (CBT) রয়েছে, যা আপনার ওপর প্রয়োগ করা যেতে পারে। CBT সোশ্যাল অ্যাংজাইটির জন্য অত্যন্ত কার্যকর এবং এর সাফল্যের হার প্রায় ৯৫%। আপনি এই পোর্টালে আপনার সমস্ত বিবরণসহ সরাসরি প্রশ্ন করতে পারেন, তারপর আমি আপনাকে কিছু CBT পদ্ধতি এবং ব্যায়ামের পরামর্শ দেব, যা আমি নিশ্চিত যে আপনি সুস্থ হয়ে উঠবেন। CBT পদ্ধতিগুলো অনুশীলন করাও সহজ। আশা করি এটি আপনার প্রশ্নের উত্তর দিয়েছে। আরও স্পষ্টীকরণের জন্য আমি আছি। শুভকামনা।"
44595,"হেলো, একটি বিস্তারিত ক্লিনিকাল পরীক্ষা উল্লিখিত লক্ষণগুলোর কারণ নির্ণয়ে সাহায্য করবে। প্রাপ্ত তথ্যের ভিত্তিতে, আমার মনে হয় এটি মেরুদণ্ডের কোনো সমস্যা হতে পারে, যেখানে ডিস্ক প্রোল্যাপসের কারণে সামনের দিকে ঝুঁকে পড়ার ফলে স্নায়ুমূল ক্ষতিগ্রস্ত হতে পারে। তবে, ক্লিনিকাল পরীক্ষা এবং পরবর্তী অনুসন্ধানের পরেই সঠিক কারণ নিশ্চিত করা সম্ভব। আশা করি আমি আপনার প্রশ্নের উত্তর দিতে পেরেছি। আমি আপনাকে আরও কোনোভাবে সাহায্য করতে পারি কিনা তা জানাবেন। ভালো থাকবেন।"
49460,"হেলো, প্রিয়, শুভ সন্ধ্যা। আমার ভার্চুয়াল নাসেনিয়া ডক ক্লিনিকে আপনার জিজ্ঞাসার জন্য ধন্যবাদ। আমি আপনার জিজ্ঞাসাটি গভীরভাবে পর্যালোচনা করেছি। আমার মতে, এটি বেকার্স সিস্ট এবং সাইনোভাইটিস বা আঘাতজনিত সমস্যার কারণে হতে পারে। তাই হাঁটার সময় বা দৌড়ানোর সময় আপনার হাঁটু ফুলে যায়। আমি আপনাকে পরামর্শ দেব যত দ্রুত সম্ভব একজন অর্থো-সার্জনের কাছে যান এবং তার তত্ত্বাবধানে চিকিৎসা নিন। আশা করি এটি আপনার উদ্বেগের সমাধান করবে। আপনার আরও জিজ্ঞাসার জন্য স্বাগতম। দিনটি ভালো কাটুক।"
67291,"১. আপেক্ষিক ইনসুলিনের ঘাটতি বা স্থূলতার কারণে ডায়াবেটিস থেকে ডায়াবেটিস হতে পারে যা ইনসুলিন রেজিস্ট্যান্সের দিকে নিয়ে যায়, উভয় ক্ষেত্রেই ডায়াবেটিক ডায়েট এবং ব্যায়াম ডাক্তারের পরামর্শ নিতে সাহায্য করতে পারে। চিনি, সব মিষ্টি খাবার, কেক, বিস্কুট, জ্যাম, মধু, আম, আঙুর এড়িয়ে চলুন। প্রচুর পরিমাণে শাকসবজি, টমেটো, বেগুন, ঢেঁড়স, ফুলকপি, স্যুপ এবং অঙ্কুরিত ডাল খান। খাবারের সময় এবং পরিমাণ নিয়মিত করুন। সপ্তাহে অন্তত ৫ দিন প্রতিদিন ৪৫ মিনিট দ্রুত হাঁটুন। কম চর্বিযুক্ত খাবার খান।"
27142,"হেলো, অনুসন্ধানের জন্য ধন্যবাদ। এপিফোরা (Epiphora) টিয়ারের নালীতে ব্লকের কারণে হতে পারে, টিয়ারের নালী সরু হয়ে যাওয়ার ফলে প্রদাহের কারণে ফোলাভাব দেখা দেয়, অথবা ইনফেক্টিভ কনজাংটিভাইটিস, অ্যালার্জিক কনজাংটিভাইটিস, ট্রাইকিয়াসিস বা ইকট্রোপিয়ন (চোখের নিচের পাতা উপরের দিকে বেঁকে যাওয়া)-এর কারণেও হতে পারে। চোখের জল পড়ার সঠিক কারণ নির্ণয় করার জন্য আমি আপনাকে একজন চক্ষু বিশেষজ্ঞ এবং ইএনটি (ENT) বিশেষজ্ঞ দেখানোর পরামর্শ দেব। আক্কেল দাঁতে ব্যথার কারণেও মাঝে মাঝে জল পড়তে পারে, তবে চোখের চারপাশে কোনো অ্যালার্জি বা প্রদাহের কারণে অবশ্যই ক্রমাগত জল পড়তে পারে। আশা করি এই তথ্য আপনাকে সাহায্য করবে।"
109541,"আপনার উদ্বেগগুলো আমি বুঝতে পারছি। এই সমস্যাটি প্রশিক্ষণের অভাব, নেতিবাচক চিন্তা এবং আত্মবিশ্বাসের অভাবের কারণে হচ্ছে। বিষয়টি সহজভাবে নিন। আপনি মোটেও কোনো সমস্যায় নেই। এটি কেবল আপনার আশঙ্কা মাত্র। এটি দূর করুন। আশঙ্কা কেবল এটি সম্পর্কে আপনার উপলব্ধির ওপর নির্ভর করে। তারপর এটি দূর হয়ে যায়। আপনি কোনো অদ্ভুত মানুষের সাথে দিনে একবার বা দুবার কথা বলেন এবং উদ্বেগ দূর হয়ে যায়। যাই হোক, পরবর্তী পরামর্শের জন্য একজন কাউন্সেলরের সাথে যোগাযোগ করুন।"
78475,"হেলো প্রিয়, আপনার উদ্বেগ বুঝতে পারছি। আপনার প্রশ্ন অনুযায়ী আপনার চুল পড়ার সমস্যা রয়েছে এবং ড্যান নাসেনিয়া ডক। আমি আপনাকে সঠিক পরীক্ষার জন্য একজন চর্মরোগ বিশেষজ্ঞের সাথে পরামর্শ করার পরামর্শ দেব। ডাক্তার আপনাকে ফিনাস্টেরাইড, মিনোক্সিডিল সিরাম এবং ওমেগা ৩ ফ্যাটি অ্যাসিডের মতো ভিটামিন সাপ্লিমেন্ট লিখে দিতে পারেন। পিঠের ব্রণের জন্য আপনার ক্যালামাইন লোশন এবং অ্যালোভেরা জেল ব্যবহার করা উচিত, কারণ এটি চুলকানিও প্রতিরোধ করবে। আশা করি আপনার সমস্যার সমাধান হয়েছে। শুভকামনা।"
16235,"হেলো প্রিয়, নাসেনিয়া ডকে আপনাকে স্বাগতম। আপনার উদ্বেগটি বুঝতে পারছি। আপনার প্রশ্ন অনুযায়ী, আপনার তীব্র পেলভিক ব্যথা হচ্ছে। আপনার উল্লিখিত লক্ষণগুলোর পেছনে এন্ডোমেট্রিওসিস, পেশীর খিঁচুনি, প্রদাহজনিত রোগ, যৌনবাহিত রোগ, ফাইব্রয়েড বা ইরিটেবল বাওয়েল সিনড্রোমের মতো অনেক কারণ থাকতে পারে। এটিও সম্ভব যে লক্ষণগুলো অস্ত্রোপচার পরবর্তী জটিলতার কারণে হচ্ছে, তাই সেই কারণটি নিশ্চিত হতে একবার আপনার সার্জনের সাথে পরামর্শ করুন। আমি আপনাকে সঠিক পরীক্ষার জন্য একজন গ্যাস্ট্রোএন্টারোলজিস্টের সাথেও পরামর্শ করার পরামর্শ দেব। ডাক্তার আল্ট্রাসাউন্ড, এন্ডোস্কোপি এবং স্টুল টেস্টের পরামর্শ দিতে পারেন। ডাক্তার প্রেসক্রাইব করতে পারেন"
2374,"হেলো! নাসেনিয়া ডকে আপনাকে স্বাগতম এবং জিজ্ঞাসা করার জন্য ধন্যবাদ! আপনার উদ্বেগের বিষয়ে আমি বলতে চাই যে, খুব অল্প বয়সেও লাম্বার পাংচারের কারণে মেরুদণ্ডের স্কোলিওসিস হতে পারে না। তবে ভিটামিন ডি বা ক্যালসিয়ামের দীর্ঘস্থায়ী ঘাটতি বা ভুল অঙ্গবিন্যাসের কারণেও এই লক্ষণগুলো দেখা দিতে পারে। এই সম্ভাবনাটি বাদ দেওয়ার জন্য আমি ভিটামিন ডি এবং ক্যালসিয়ামের প্লাজমা মাত্রা পরীক্ষা করার পরামর্শ দিচ্ছি। মেরুদণ্ডের সিটি স্ক্যান আপনার মেরুদণ্ডের গঠন এবং সম্ভাব্য চিকিৎসার বিকল্পগুলো সম্পর্কে আরও তথ্য দিতে সাহায্য করবে। ইতিমধ্যে, আমি আপনার অঙ্গবিন্যাস সংশোধন করার এবং প্রচুর শারীরিক কার্যকলাপ করার পরামর্শ দিচ্ছি, যা পিঠের পেশীগুলোকে শক্তিশালী করার জন্য গুরুত্বপূর্ণ। আশা করি এই উত্তরটি আপনার সহায়ক হবে! শুভকামনা।"
34320,"হেলো, আপনার অনুসন্ধানের জন্য ধন্যবাদ। আপনার লক্ষণগুলো নার্ভে চাপের লক্ষণের মতো মনে হচ্ছে। এই অসাড়তার জন্য আপনি ব্যথানাশক ওষুধ এবং প্রয়োজনে গ্যাবাফেন্টিন ট্যাবলেট খেতে পারেন। এটি নিউরোপ্যাথির জন্য একটি শক্তিশালী ব্যথানাশক। আপনার ডাক্তার ডোজ সম্পর্কে জানবেন। এছাড়া, সার্ভিকাল স্পাইনের এক্স-রে সেখানে কোনো সমস্যা নির্ণয়ে সাহায্য করতে পারে। তাই, আমি আপনাকে একজন অর্থোপেডিক সার্জনের সাথে দেখা করার এবং রক্তে বি১২-এর মাত্রাসহ প্রয়োজনীয় পরীক্ষাগুলো করানোর পরামর্শ দিচ্ছি। আমি আশা করি আপনি কিছু সহায়ক তথ্য পেয়েছেন, এবং আমি যেকোনো পরবর্তী প্রশ্নের উত্তর দিতে পারলে খুশি হব। ভালো থাকবেন।"
66013,"প্রিয়, আমাদের পরিষেবা ব্যবহার করার জন্য ধন্যবাদ এবং এই পরিস্থিতির জন্য আমি আপনাকে আমার চিকিৎসা সংক্রান্ত পরামর্শ দিচ্ছি। আপনার হয়তো কোনো সংক্রমণের কারণে পাতলা পায়খানা হচ্ছে। এর ফলে সোডিয়াম, পটাশিয়াম, ক্যালসিয়াম এবং ম্যাগনেসিয়ামের মতো অসংখ্য ইলেক্ট্রোলাইট পাতলা হয়ে যায়, যা ডায়রিয়ার সময় পাতলা পায়খানার কারণ হতে পারে। পানিও পাতলা পায়খানার একটি অংশ, এই সবকিছুই বিপাকীয় ভারসাম্যহীনতা তৈরি করবে যা আপনাকে ব্যথা দিতে পারে। আমি আপনাকে আপনার ডাক্তারের সাথে পরামর্শ করার পরামর্শ দিচ্ছি কারণ এই সমস্যাটি এক সপ্তাহের বেশি সময় ধরে চলছে। আপনার সমস্যার কারণ খুঁজে বের করার জন্য ব্যাকটেরিয়া এবং পরজীবীর জন্য মলের নমুনার প্রয়োজন হতে পারে। আশা করি আমার পরামর্শ আপনার উপকারে আসবে। নাসেনিয়া ডক।"
17081,"হেলো প্রিয়, নাসেনিয়া ডকে আপনাকে স্বাগতম। আপনার উদ্বেগটি বুঝতে পারছি। আপনার প্রশ্ন অনুযায়ী, আপনার কাঁধে ব্যথা, হাতে অসাড়তা এবং মাথা ঘোরার সমস্যা রয়েছে। আপনার উল্লিখিত লক্ষণগুলোর পেছনে অনেক কারণ থাকতে পারে, তবে আমার মনে হয় এই লক্ষণগুলো সম্ভবত হৃদরোগের সাথে সম্পর্কিত। তাই আমি আপনাকে একজন হৃদরোগ বিশেষজ্ঞের সাথে পরামর্শ করার পরামর্শ দেব। ডাক্তার ইসিজি (ECG), টিএমটি (TMT), ট্রপোনিন টি (Troponin T) পরীক্ষা এবং সম্পূর্ণ রক্ত পরীক্ষার পরামর্শ দিতে পারেন। ডাক্তার রক্ত পাতলা করার ওষুধ, ক্যালসিয়াম চ্যানেল ব্লকার এবং মূত্রবর্ধক ওষুধ দিতে পারেন। কখনও কখনও হৃদরোগের সমস্যা না থাকলে ডাক্তার এনজিওগ্রাফি করতে পারেন বা আপনাকে অর্থোপেডিক সার্জনের কাছে রেফার করতে পারেন। আশা করি আপনার উদ্বেগের সমাধান হয়েছে। দ্রুত সুস্থ হয়ে উঠুন। শুভকামনা।"
33774,"আপনার উদ্বেগগুলো বুঝতে পেরেছি এবং আপনার বিস্তারিত তথ্যগুলো দেখেছি। ইরেক্টাইল ডিসফাংশন (ED), যা কখনও কখনও পুরুষত্বহীনতা হিসেবে পরিচিত, তা হলো একজন পুরুষের যৌন মিলনের জন্য শক্ত লিঙ্গোত্থান অর্জন বা বজায় রাখতে অক্ষমতা। ইরেক্টাইল ডিসফাংশনের কারণ শারীরিক বা মানসিক হতে পারে। ডায়াবেটিস, প্রোস্টেটের সমস্যা, হৃদরোগের মতো অনেক শারীরিক অবস্থা ইরেক্টাইল ডিসফাংশনের কারণ হতে পারে। আপনি বলেছেন আপনার পরীক্ষাগুলো ঠিক আছে। যদি সেগুলো সন্তোষজনক হয়, তবে পরবর্তী কারণ মনস্তাত্ত্বিক হতে পারে। কাউন্সেলিং এবং সাইকোথেরাপি (টক থেরাপি এবং সিবিটি) ইরেক্টাইল ডিসফাংশনের জন্য কার্যকর বলে প্রমাণিত। একজন মনোবিজ্ঞানীর সাথে কথা বলুন। অনুগ্রহ করে বুঝুন যে পরিমিত হস্তমৈথুন স্বাস্থ্যের জন্য ক্ষতিকর নয়। তবে অতিরিক্ত হস্তমৈথুন সবসময়ই ক্ষতিকর কারণ এতে প্রচুর শক্তি ব্যয় হয়। ব্যায়াম এবং খেলাধুলার মতো শারীরিক কার্যকলাপ, বিনোদনমূলক কাজ, শিক্ষা, ক্যারিয়ার, বন্ধু এবং পরিবারের সাথে মেলামেশা আপনাকে হস্তমৈথুন থেকে বিরত থাকতে সাহায্য করে। হস্তমৈথুন নিয়ে দুশ্চিন্তা করাও অস্বাস্থ্যকর। পরবর্তী কাউন্সেলিং এবং পরামর্শের জন্য আপনি একজন মনোবিজ্ঞানীর সাথে যোগাযোগ করতে পারেন। এই বিষয়ে যদি আপনার আরও সাহায্যের প্রয়োজন হয়, তবে অনুগ্রহ করে এই ইউআরএলটি ব্যবহার করুন। http"
32360,"হেলো, নাসেনিয়া ডকে জিজ্ঞাসা করার জন্য আপনাকে ধন্যবাদ। আমি আপনার ছেলের মেডিকেল ইতিহাস দেখেছি এবং তার জন্য আমার পরামর্শগুলো নিচে দিচ্ছি।"
8351,"হেলো, প্রথমত, আপনার এসজিপিটি (SGPT) বৃদ্ধি খুব একটা চিন্তার বিষয় নয়। এটি সর্বোচ্চ স্বাভাবিক মানের দ্বিগুণও নয়। এসজিপিটি-এর মান স্বাভাবিকের চেয়ে তিন গুণ কম হলে তা গ্রহণযোগ্য বলে গণ্য করা হয়। যেহেতু আপনার ওজন বেশি, তাই আপনার একটি লিভার আল্ট্রাসাউন্ড করা উচিত, যা ফ্যাটি লিভারের পরিবর্তনগুলো প্রকাশ করতে পারে। ফ্যাটি লিভার নিজেই লিভার পরীক্ষার মাত্রা বাড়িয়ে দিতে পারে, বিশেষ করে যদি আপনি সম্প্রতি ওজন বাড়িয়ে থাকেন। যদি আপনার ডাক্তার এসজিপিটি বৃদ্ধির কারণ হিসেবে লিপিটর (Lipitor) বিবেচনা করেন, তবে এক সপ্তাহ বা তার পরে পুনরায় পরিমাপ করা উচিত যাতে এটি আর বেড়ে না যায় এবং আপনি পরবর্তীতে তা গ্রহণ চালিয়ে যেতে পারেন। কোনো কিছু খাওয়ার প্রয়োজন নেই। আপনি ওজন কমানোর চেষ্টা করতে পারেন, যা আপনার সম্ভাব্য ফ্যাটি লিভার এবং কোলেস্টেরলের সমস্যা কমাতে সাহায্য করবে। আশা করি আমি আপনাকে সাহায্য করতে পেরেছি! আপনার যদি কোনো স্পষ্টীকরণ বা আরও তথ্যের প্রয়োজন হয়, তবে আপনি আমার সাথে আবার যোগাযোগ করতে পারেন। শুভেচ্ছা রইল!"
75059,"শ্রদ্ধেয় স্যার, আপনি যে ব্যথার কথা বর্ণনা করেছেন তার সবচেয়ে সম্ভাব্য কারণ হলো রক্তচাপের ওঠানামা। আমি ব্যক্তিগতভাবে এসওএস (SOS) ভিত্তিতে রক্তচাপের ওষুধ সেবনের পক্ষে নই। রক্তচাপের ভারসাম্য বজায় রাখার জন্য এটি প্রতিদিন সেবন করতে হবে। এছাড়া, আপনি যদি পেসমেকারের কোম্পানির সাথে যোগাযোগ করতে পারেন, তা মেডট্রনিক, সেন্ট-জুড বা বায়ো হতে পারে এবং সেই সময়ে রক্তচাপের কোনো ওঠানামা আছে কিনা তা জানার জন্য তাদের তথ্য সংগ্রহ করতে বলুন। পরিশেষে, আপনি কেন কার্বোহাইড্রেট খাচ্ছেন তা হৃদরোগজনিত হওয়ার কথা নয়, তাই এটি কেন দেওয়া হয়েছিল এবং কেন ধীরে ধীরে কমিয়ে দেওয়া হয়েছিল, তা আমার ক্লিনিকাল অবস্থা সম্পূর্ণ করার জন্য জানা প্রয়োজন। শুভেচ্ছা, নাসেনিয়া ডক।"
42601,"হেলো, ডেইরি, আমি আপনার প্রশ্নটি দেখেছি। আমি আপনার উদ্বেগ বুঝতে পারছি। রক্তবমি একটি গুরুতর সমস্যা। পোর্টাল হাইপারটেনশনের কারণে আপনার ইসোফেজিয়াল ভ্যারিসিয়াল রক্তপাত হতে পারে অথবা অন্য কোনো কারণেও এমনটা হতে পারে। আপনার আপার জিআই এন্ডোস্কোপি, পেটের আল্ট্রাসাউন্ড এবং লিভার ফাংশন টেস্ট করানো উচিত। কারণটি খুঁজে বের করুন এবং সেই অনুযায়ী চিকিৎসা নিন। আশা করি আমি আপনার প্রশ্নের উত্তর দিতে পেরেছি, যদি আপনার কোনো সন্দেহ থাকে তবে আমি উত্তর দিতে পেরে খুশি হব। নাসেনিয়া ডক ব্যবহার করার জন্য ধন্যবাদ। আপনার সুস্বাস্থ্য কামনা করি।"
80086,"হেলো, মজুমদার, অনুসন্ধানের জন্য ধন্যবাদ। মনে হচ্ছে আপনার সন্তানের অ্যালার্জিক ব্রঙ্কাইটিস হয়েছে, তাই এটি দীর্ঘ সময় ধরে থাকতে পারে। আপনি যেকোনো ভালো কাশির সিরাপ চালিয়ে যেতে পারেন। আমি আপনাকে ইওসিনোফিলিকের জন্য রক্ত পরীক্ষা করার পরামর্শ দেব, কারণ এই অবস্থাটি দীর্ঘ সময় ধরে কাশি এবং সর্দিকে দীর্ঘায়িত করতে পারে। যদি ইওসিনোফিলের মাত্রা বেশি থাকে, তবে আপনার ডাক্তারের সাথে পরামর্শ করে ডাই-ইথাইল কার্বামাইড ওষুধের একটি সাধারণ কোর্স সম্পন্ন করুন। ঠান্ডা খাবার দেওয়া থেকে বিরত থাকুন। ঠিক আছে এবং বিদায়।"
108693,"হেলো। ফর্মুলা খাওয়ানো শিশুদের ক্ষেত্রে এটি সাধারণ। আমি আপনাকে পরামর্শ দিচ্ছি যে তাকে সকালে ডায়াপার পরা থেকে বিরত রাখুন এবং শুধুমাত্র রাতে ডায়াপার পরিয়ে দিন। যদি না শিশুর প্রস্রাব কমে যায়, খুব নিস্তেজ বা অতিরিক্ত ঘুম পায়, মলত্যাগের সাথে রক্ত যায় বা সবুজ পিত্তযুক্ত বমি হয়... তবে আপনার চিন্তার কিছু নেই। মলের সাথে রক্ত না থাকলে অ্যান্টিবায়োটিক ব্যবহারের প্রয়োজন নেই। অপ্রয়োজনে অ্যান্টিবায়োটিক ব্যবহার করলে তা অ্যান্টিবায়োটিক-জনিত ডায়রিয়া ঘটিয়ে পরিস্থিতি আরও খারাপ করতে পারে। শুভেচ্ছা -"
110670,"হেলো এবং নাসেনিয়া ডকে আপনাকে স্বাগতম। শ্বেত রক্তকণিকার সংখ্যা একটি নির্দিষ্ট মানের কাছাকাছি রয়েছে। শ্বেত রক্তকণিকার স্বাভাবিক পরিসীমা প্রতি ঘন মিলিমিটারে ৪-১১ হাজার। সুতরাং, শ্বেত রক্তকণিকার সংখ্যা কম হলেও তা স্বাভাবিক সীমার মধ্যেই রয়েছে। কম মাত্রার শ্বেত রক্তকণিকা ক্লান্তির জন্য দায়ী নয়। এর পরিবর্তে, লোহিত রক্তকণিকার অবস্থা মূল্যায়নের জন্য আপনাকে সম্পূর্ণ রক্ত পরীক্ষা (সিবিসি) করাতে হবে। রক্তাল্পতা ক্লান্তির একটি সাধারণ কারণ। তাই, প্রথমেই রক্তাল্পতা আছে কিনা তা নিশ্চিত করতে হবে। ধন্যবাদ এবং ভালো থাকবেন, নাসেনিয়া ডক।"
22730,"ব্র্যাকিয়াল প্লেক্সাস ইনজুরির মেরামত নির্ভর করে আপনার ভাইয়ের অক্ষমতার পরিমাণ এবং আঘাতের স্থায়িত্ব ও তীব্রতার ওপর। যদি একাধিক জায়গায় স্নায়ু ক্ষতিগ্রস্ত হয়ে থাকে, তবে নার্ভ ইন্টারপোজিশন গ্রাফটিং করার প্রয়োজন হতে পারে, অর্থাৎ পা থেকে অন্য একটি স্নায়ুকে এর মাঝে সংযুক্ত করার প্রয়োজন হতে পারে। কেরালায় এর জন্য আপনি অমৃতা ইনস্টিটিউটে যেতে পারেন। অন্যথায়, আপনি ব্যাঙ্গালোরের সিমিয়ানস বেছে নিতে পারেন।"
21185,"হেলো, নাসেনিয়া ডকে আপনাকে স্বাগতম। আমাদের কাছে লেখার জন্য ধন্যবাদ। প্রথমত, আপনি স্ট্রেস টেস্টে ব্যর্থ হয়েছেন, যার অর্থ টিএমটি (TMT) টেস্টে ইনডিউসিবল ইস্কেমিয়া পজিটিভ এসেছে। তাই এটি নিয়ে কিছুটা উদ্বেগ রয়েছে। করোনারি আর্টারি ডিজিজ (হার্ট অ্যাটাক) হওয়ার কিছু ঝুঁকির কারণ রয়েছে, সেগুলো হলো"
21950,"নাসেনিয়া ডকে আপনার প্রশ্নের জন্য ধন্যবাদ। আমি আপনার উদ্বেগ বুঝতে পারছি। না, এটি হার্ট অ্যাটাক বা কার্ডিয়াক বুকের ব্যথা নয়। আপনার জিইআরডি (গ্যাস্ট্রোইসোফেজিয়াল রিফ্লাক্স ডিজিজ) হয়েছে। আপনার বুকের ব্যথা খাওয়ার সাথে সম্পর্কিত এবং পানি ও ডাইজেন (অ্যান্টাসিড) সেবনে কমে যায়, তাই আপনার ক্ষেত্রে জিইআরডি হওয়ার সম্ভাবনাই বেশি। জিইআরডি-তে উপসর্গের উন্নতির জন্য আপনাকে এই জীবনযাত্রার পরিবর্তনগুলো অনুসরণ করতে হবে। ১. গরম এবং মশলাদার খাবার এড়িয়ে চলুন। ২. বড় বড় খাবার না খেয়ে অল্প অল্প করে বারবার খাবার খান। জাঙ্ক ফুড এড়িয়ে চলুন। ৩. রিফ্লাক্স রোধ করতে বিছানায় মাথার নিচে ২-৩টি বালিশ ব্যবহার করুন। ৪. প্রোটন পাম্প ইনহিবিটর এবং প্রোকেিনেটিক ওষুধ সেবন করুন। ৫. মানসিক চাপ ও উত্তেজনা এড়িয়ে চলুন, শান্ত ও নিশ্চিন্ত থাকুন। ৬. ধূমপান ও মদ্যপানের অভ্যাস থাকলে তা ত্যাগ করুন। চিন্তা করবেন না, এই বিষয়গুলো মেনে চললে আপনি সুস্থ হয়ে উঠবেন। আশা করি আমি আপনার প্রশ্নের সমাধান দিতে পেরেছি। আপনাকে আরও সাহায্য করতে পারলে আমি খুশি হব। আপনার সুস্বাস্থ্য কামনা করি। ধন্যবাদ।"
37468,"হেলো, আপনার স্ত্রীর মৃগীরোগে আক্রান্ত হওয়ার জন্য আমি দুঃখিত এবং আমি আশা করি তার আর কোনো খিঁচুনি হবে না। দীর্ঘস্থায়ী এবং বারবার মাথাব্যথা তার স্নায়বিক অবস্থার সাথে সম্পর্কিত হতেও পারে আবার নাও হতে পারে। আমি নিশ্চিত যে অতীতের ঘটনাগুলোর সময় একটি ব্রেইন স্ক্যান করা হয়েছিল। যদি স্ক্যানগুলো স্বাভাবিক থাকে, তবে এটি খিঁচুনির সাথে সম্পর্কিত হওয়ার সম্ভাবনা কম। মাইগ্রেন, সাইনোসাইটিস, টেনশন হেডেক, রিবাউন্ড হেডেক, রিফ্র্যাক্টরি এরর ইত্যাদির মতো অন্যান্য কারণও থাকতে পারে, যা ক্রমাগত এবং বারবার মাথাব্যথার সৃষ্টি করতে পারে। আমি ভাবছি আপনার স্ত্রীর এর মধ্যে কোনটি হয়েছে। উল্লিখিত সমস্ত অবস্থাই ওষুধ এবং জীবনযাত্রার পরিবর্তনের মাধ্যমে সহজেই নিরাময়যোগ্য। আমি আপনাকে তার নিউরোলজিস্টের সাথে পরামর্শ করার পরামর্শ দিচ্ছি। বিস্তারিত মূল্যায়ন আমাদের একটি সম্ভাব্য কারণ খুঁজে বের করতে সাহায্য করতে পারে। সেখান থেকে আমরা চিকিৎসা নিতে পারব। শুভকামনা!"
72114,"আপনি বারবার আপার রেসপিরেটরি ট্র্যাক্ট ইনফেকশনে ভুগছেন যা ভাইরাল বা ব্যাকটেরিয়াজনিত হতে পারে এবং এর ফলে জ্বর, নাক দিয়ে পানি পড়া, হাঁচি এবং মাথাব্যথা হচ্ছে। আপনার অ্যামোক্সিসিলিনের মতো অ্যান্টিবায়োটিক, অ্যালেগ্রার মতো অ্যান্টিঅ্যালার্জিক এবং শরীর ব্যথা, জ্বর ও মাথাব্যথার জন্য ব্যথানাশক ওষুধ সেবন করা উচিত। গরম স্যুপ, আদা চা পান করুন এবং ডাক্তারের পরামর্শ নিন। পর্যাপ্ত বিশ্রাম নিন এবং পর্যাপ্ত ঘুমান। শরীর যখন বিশ্রামের ওপর নির্ভরশীল থাকে না, তখন কঠোর শারীরিক ব্যায়াম এড়িয়ে চলা উচিত। তবে, জ্বর না থাকলে সতেজ বাতাসের জন্য আপনি অল্প হাঁটাহাঁটি করতে পারেন।"
25705,"হেলো লিন্ডা, নাসেনিয়া ডকে আপনাকে স্বাগতম এবং আপনার প্রশ্নের জন্য ধন্যবাদ... বাড়িতে অদ্ভুত কিছু ঘটছে বলে মনে হওয়া নিয়ে আপনার উদ্বেগের বিষয়টি আমি বুঝতে পারছি। আপনি যদি ক্রমাগত এই বিষয়ে উদ্বিগ্ন এবং ভীত বোধ করেন, তবে এটি কতটা কষ্টদায়ক এবং কঠিন হতে পারে তা আমি বুঝতে পারছি। লিন্ডা, প্রথমেই আমি চাই আপনি বুঝুন যে ডাক্তার হিসেবে আমরা আপনাকে এই পরিস্থিতি থেকে বেরিয়ে আসতে সাহায্য করার জন্য এখানে আছি এবং আপনাকে সবচেয়ে উপযুক্ত পরামর্শ দিয়ে আমি সঠিক কাজটিই করতে এসেছি। এখন, এটি মাথায় রেখে আমি আপনাকে আরও বোঝাতে চাই যে, কখনও কখনও যখন আমরা কোনো মানসিক ব্যাধিতে ভুগি, তখন আমাদের অতিরিক্ত ভয়, বিশ্বাস বা উদ্বেগের প্রবণতা থাকতে পারে, যা আসলে মানসিক ব্যাধিরই অংশ হতে পারে। আপনি উল্লেখ করেছেন যে আপনি বিষণ্নতায় ভুগছেন এবং বর্তমানে চিকিৎসাধীন আছেন। আমার অভিজ্ঞতায় দেখেছি যে, অনেক রোগীকে আপনার মতো একই সমস্যা নিয়ে আসতে দেখেছি, আমার মনে হয় এগুলো কেবল মানসিক ব্যাধিরই অংশ। আমি খুব ভালোভাবেই জানি এবং বুঝতে পারছি যে আপনার কাছে এই বিষয়গুলো সম্পূর্ণ বাস্তব মনে হতে পারে এবং এই সত্যটি মেনে নেওয়া কঠিন হতে পারে। কিন্তু, কখনও কখনও মানসিক ব্যাধি আমাদের মনকে প্রভাবিত করতে পারে এবং আমাদের চিন্তাভাবনাকে এতটাই আচ্ছন্ন করে তুলতে পারে যে আমরা এমন সব বিশ্বাসে পরিণত হতে পারি যা হয়তো পুরোপুরি বাস্তব নয়। এর ফলে অতিরিক্ত এবং অযৌক্তিক ভয় তৈরি হতে পারে। আবারও, আমি চাই আপনি খুব স্পষ্টভাবে বুঝুন যে আপনি যে মানসিক কষ্ট এবং কষ্টের মধ্য দিয়ে যাচ্ছেন তা কোনোভাবেই গুরুত্বপূর্ণ নয়... আমি আপনার সাথে পুরোপুরি একমত যে এটি খুব হতাশাজনক এবং কঠিন। তবে, এটি যে আপনার বিশ্বাস বা ভয় আপনার মানসিক সমস্যার ফল হতে পারে, সে সম্পর্কে সচেতন এবং খোলামেলা হওয়াও গুরুত্বপূর্ণ। আমি আপনাকে দৃঢ়ভাবে পরামর্শ দেব যে আপনার মনোরোগ"
38431,"হেলো। আপনার পরীক্ষার ফলাফল স্বাভাবিক বীর্য বিশ্লেষণের ইঙ্গিত দিতে পারে। টাইপ ১ অ্যাগ্লুটিনেশন একটি স্বাভাবিক ফলাফল। এটি একটি ম্যাক্রোস্কোপিক ফলাফল। এর অর্থ হলো অনেক সচল শুক্রাণু এবং শুক্রাণুর গতিশীলতাও স্বাভাবিক। সাধারণত শুক্রাণুর গতিশীলতা অন্তত ৫৫% হওয়া উচিত। আপনার ফলাফলে সামগ্রিক গতিশীলতা ৭০% দেখাচ্ছে, তাই এটি স্বাভাবিক। মিরাকল-এ কোএনজাইম কিউ১০ থাকে এবং এটি অনেক শারীরিক অবস্থায় ব্যবহৃত হয়। এটি প্রজনন ক্ষমতা বাড়াতে ব্যবহৃত হয়। আপনি এটি নিরাপদে গ্রহণ করতে পারেন। সংক্ষেপে, আপনার কোনো গুরুতর সমস্যা নেই। দ্রুত সুস্থ হয়ে উঠুন। নিজের যত্ন নিন। নাসেনিয়া ডক।"
94802,"হেলো, আপনি স্ফিয়ার নিতে পারেন। এটি ফলিকলের আকার বৃদ্ধির জন্য দেওয়া হয়। বারবার আল্ট্রাসাউন্ডের মাধ্যমে আপনার ফলিকলের বৃদ্ধি ট্র্যাক করুন। যখন ফলিকল ১৭ মিমি-এর বেশি আকারে পৌঁছাবে, তখন ফলিকল ফেটে যাওয়ার জন্য ইনজেকশন নিন। পরবর্তী ২ থেকে ৩ দিন আপনার স্বামীর সাথে শারীরিক সম্পর্কে লিপ্ত থাকুন। পরবর্তী ২ সপ্তাহ প্রজেস্টেরন গ্রহণ করুন। এরপর প্রস্রাবের মাধ্যমে প্রেগন্যান্সি টেস্ট করুন। আপনি এভাবে ৩ থেকে ৬ মাস চেষ্টা করতে পারেন। আশা করি আমি আপনার প্রশ্নের উত্তর দিতে পেরেছি। আপনার অন্য কোনো জিজ্ঞাসা থাকলে আমি সাহায্য করতে পারলে খুশি হব। শুভেচ্ছা, নাসেনিয়া ডক।"
42306,"হেলো, নাসেনিয়া ডকে আপনাকে স্বাগতম। যদিও আপনি আপনার চিন্তাভাবনার কথা উল্লেখ করেননি, তবে ফিউডাল একটি ভালো অ্যান্টিডিপ্রেসেন্ট এবং অবসেসিভ কম্পালসিভ ডিসঅর্ডারের জন্য অত্যন্ত কার্যকর, যেখানে মানুষ অতিরিক্ত এবং অনাকাঙ্ক্ষিত চিন্তার কারণে মানসিক চাপে থাকে। আপনার যদি স্পষ্ট অবসেসিভ কম্পালসিভ ডিসঅর্ডার না থাকে, তবুও এই ওষুধ থেকে আপনার ভালো উপকার পাওয়ার সম্ভাবনা খুব বেশি। ফিউডাল একটি সহজে সহ্য করা যায় এমন ওষুধ এবং বেশিরভাগ রোগী কোনো পার্শ্বপ্রতিক্রিয়া ছাড়াই এটি গ্রহণ করেন। সম্ভবত র‍্যাগলানের সাথে আপনার ডিস্টোনিয়া রিঅ্যাকশন (অঙ্গপ্রত্যঙ্গের জড়তা এবং নড়াচড়া ধীর হয়ে যাওয়া) হয়েছিল। এই রিঅ্যাকশন র‍্যাগলানের ক্ষেত্রে সাধারণ, ফিউডালের ক্ষেত্রে নয়। তাই নিশ্চিন্ত থাকুন এবং ফিউডাল শুরু করুন। মনে রাখবেন যে ফিউডালের ভালো প্রভাব শুরু হতে ৬-৮ সপ্তাহ সময় লাগতে পারে, তাই আপনার ডাক্তারের সাথে পরামর্শ না করে এটি বন্ধ করবেন না। শুভকামনা।"
100459,"হেলো, প্রিয়, নাসেনিয়া ডকে অনুসন্ধান করার জন্য ধন্যবাদ। আঘাতের পর আঘাতের স্থানে বেদনাদায়ক পিণ্ড নিয়ে আপনার উদ্বেগ আমি বুঝতে পেরেছি। আপনার বর্ণিত পিণ্ডটি হলো - হেমাটোমা এবং এটি আঘাতের পরে রক্তনালী থেকে রক্তক্ষরণের কারণে হয়, যা ত্বকের নিচে জমা হয়ে এই পিণ্ডের সৃষ্টি করে। আপনার ডাক্তারের কাছ থেকে সঠিক চিকিৎসা নিলে এটি অন্তত ২-৩ সপ্তাহের মধ্যে কমে যাবে বলে আমি মনে করি। আশা করি এটি আপনার পারিবারিক ডাক্তারের সাথে চিকিৎসার পরিকল্পনা করতে সাহায্য করবে। আপনার দ্রুত আরোগ্য কামনা করছি। এ বিষয়ে আরও অনুসন্ধানের জন্য নাসেনিয়া ডকে আপনাকে সবসময় স্বাগত জানাই। আপনার দিনটি ভালো কাটুক...!!"
8720,"হেলো, ডেইরি, আমি আপনার প্রশ্নটি দেখেছি। আমি আপনার উদ্বেগ বুঝতে পারছি। আপনার পেপটিক আলসার বা কোলনে কোনো টিউমারের মতো সমস্যা থাকতে পারে। এর ফলে পেটে ব্যথা এবং রক্তপাত হতে পারে। আপনার মল পরীক্ষা, পেটের আল্ট্রাসাউন্ড এবং কোলোনোস্কোপি করানো উচিত। অনুগ্রহ করে আপনার রিপোর্টগুলো নিয়ে আমাকে জানান। যাতে আমি আপনাকে আরও সাহায্য করতে পারি। আশা করি আমি আপনার প্রশ্নের উত্তর দিতে পেরেছি। আপনার যদি কোনো সন্দেহ থাকে তবে নির্দ্বিধায় আমাকে জিজ্ঞাসা করতে পারেন। আমি উত্তর দিতে পারলে খুশি হব। নাসেনিয়া ডক ব্যবহার করার জন্য ধন্যবাদ। আপনার সুস্বাস্থ্য কামনা করি।"
16268,"হেলো, নাসেনিয়া ডকে আপনাকে স্বাগতম। আমি আপনার প্রশ্নটি বিস্তারিতভাবে পড়েছি এবং আমি জানি যে আপনি আপনার সন্তানকে নিয়ে খুব চিন্তিত, তবে এ নিয়ে চিন্তা করবেন না। ঘাড়ের পেছনের ত্বকে কালো দাগ কাপড় বা ধুলোর প্রতি ত্বকের অ্যালার্জিক প্রতিক্রিয়ার কারণে হতে পারে। আমার মতে, রোগ নির্ণয়ের জন্য আপনার ইএসআর (ESR) লেভেলসহ সম্পূর্ণ রক্ত পরীক্ষা (CBC) এবং অ্যাবসোলিউট ইওসিনোফিল কাউন্ট করা উচিত। উপরের রিপোর্টগুলো নিয়ে পুনরায় যোগাযোগ করুন। আশা করি এটি আপনাকে সাহায্য করবে। আপনার সন্তানের সুস্বাস্থ্য কামনা করছি। ভালো থাকবেন। শুভেচ্ছা, নাসেনিয়া ডক।"
59865,"হেলো, দুর্ভাগ্যবশত, আপনার প্রশ্নটি আপনার পরিস্থিতি এবং চিকিৎসা বোঝার জন্য প্রয়োজনীয় তথ্য প্রদান করেনি। উদাহরণস্বরূপ, আপনি প্রেডনিসোলোন কেন প্রেসক্রাইব করা হয়েছিল তা উল্লেখ করেননি। আপনি স্থানীয় চিকিৎসা (ক্রিম) নাকি সিস্টেমিক চিকিৎসা (বড়ি) নিয়ে কথা বলছেন তা আমি জানি না। আমি কেবল প্রেডনিসোলোন চিকিৎসা সম্পর্কে একটি সাধারণ মন্তব্য করতে পারি। কর্টিকোস্টেরয়েড (যেমন প্রেডনিসোলোন) দিয়ে চিকিৎসা শরীরের জটিল হরমোন ব্যবস্থাকে কীভাবে পরিবর্তন করে তাতে প্রভাব ফেলতে পারে। যখন কোনো রোগী প্রতিদিন সকালে একাধিকবার কর্টিকোস্টেরয়েড গ্রহণ করেন, তখন ঝুঁকি আরও বেড়ে যায়। রোগের তীব্রতার ওপর নির্ভর করে প্রেডনিসোলোন দিনে একবার বা দিনে অনেকবার ব্যবহার করা যেতে পারে। তাই, এর কোনো সঠিক বা ভুল মাত্রা নেই... আশা করি আমি আপনার প্রশ্নের উত্তর দিতে পেরেছি। আপনার আরও সহায়তার প্রয়োজন হলে দয়া করে আমাকে জানান। কাইন্ড নাসেনিয়া ডক।"
50436,"হেলো, নাসেনিয়া ডকে আপনাকে স্বাগতম। আপনার প্রশ্নটি পর্যালোচনা করার পর আমি এই সিদ্ধান্তে পৌঁছেছি যে আপনার ঘাড়ে পেশীর খিঁচুনি হতে পারে। এটি ভুল অবস্থানে ঘুমানোর কারণে হতে পারে। এর চিকিৎসা হলো বিশ্রাম নেওয়া এবং ব্যথানাশক ওষুধ যেমন আইবুপ্রোফেন সেবন করা। ভিটামিন বি এবং সি দ্রুত সুস্থ হতে সাহায্য করে। দ্বিতীয় সম্ভাবনাটি হলো সার্ভিকাল ডিস্ক প্রোল্যাপস। সার্ভিকাল মেরুদণ্ডের এমআরআই (MRI) এর মাধ্যমে এটি নিশ্চিত করা যেতে পারে। এর চিকিৎসা হলো আইবুপ্রোফেনের মতো ব্যথানাশক ওষুধ। ঘাড়কে যতটা সম্ভব আরামদায়ক অবস্থায় রাখুন। আপনি এ বিষয়ে আপনার ডাক্তারের সাথে আলোচনা করতে পারেন। আশা করি আপনার প্রশ্নের উত্তর পেয়েছেন। যদি আপনার আরও কোনো স্পষ্টীকরণের প্রয়োজন হয়, তবে আমাদের লিখতে দ্বিধা করবেন না। আমি আপনাকে সাহায্য করতে পারলে খুশি হব। আপনার সুস্বাস্থ্য কামনা করছি। ভালো থাকবেন।"
10770,"হেলো! শুভ সকাল। আমি নাসেনিয়া ডক, আপনার প্রশ্নের উত্তর দিচ্ছি। আমি যদি আপনার ডাক্তার হতাম, তবে প্রদাহের কারণে ফোলা কমাতে আপনার মেয়েকে তার আঘাতপ্রাপ্ত হাতটি উঁচুতে রাখার পরামর্শ দিতাম। আমি তাকে একটি অ্যান্টি-ইনফ্ল্যামেটরি ওষুধ খাওয়ারও পরামর্শ দিতাম। এর মাধ্যমে ব্যথা এবং ফোলা উভয়ই কমে যাবে। তবে, যদি ফোলা এবং ব্যথার তীব্রতা বৃদ্ধি পায়, তবে আমি আপনাকে একজন অর্থোপেডিক সার্জনের কাছে রেফার করতাম যাতে ওই অঞ্চলের হাড়ের ফাটল আছে কিনা তা নিশ্চিত করা যায় এবং পরবর্তী চিকিৎসার ব্যবস্থা করা যায়। আমি আশা করি এই তথ্যটি আপনার সমস্যার পরবর্তী ব্যবস্থাপনার বিষয়ে আপনার পারিবারিক চিকিৎসক বা সংশ্লিষ্ট ডাক্তারের সাথে আলোচনা করতে সাহায্য করবে। কোনো সন্দেহ থাকলে নির্দ্বিধায় জিজ্ঞাসা করবেন। আপনার স্বাস্থ্য সমস্যার বিষয়ে সন্দেহ দূর করতে নাসেনিয়া ডককে বেছে নেওয়ার জন্য ধন্যবাদ। আমি আপনার দ্রুত আরোগ্য কামনা করি। নাসেনিয়া ডক।"
18617,"হেলো, আপনি যদি সমস্ত অ-অপারেটিভ চিকিৎসার বিকল্প চেষ্টা করে থাকেন, তবে আপনাকে অস্ত্রোপচারের মাধ্যমে এর চিকিৎসার কথা বিবেচনা করতে হবে। প্রথমে ব্যথার উৎস শনাক্ত করা গুরুত্বপূর্ণ, যা বিভিন্ন পেইন ব্লক দিয়ে করা হয়। যদি আপনার ডিস্কে ব্যথা থাকে, তবে তা অপসারণ করা যেতে পারে এবং ডিস্ক রিপ্লেসমেন্ট সার্জারি বা স্পাইনাল ফিউশন সার্জারি করা যেতে পারে। আপনি যদি রোগ নির্ণয় সম্পর্কে আরও বিস্তারিত জানতে চান, তবে আমাকে আপনার এমআরআই ছবিগুলো দেখতে হবে। ধন্যবাদ।"
97928,"হেলো, গর্ভনিরোধক পিলের কারণে সৃষ্ট হরমোনের পরিবর্তনের ফলে মাথাব্যথা এবং বমি বমি ভাব হয়। শরীর হরমোনের মাত্রার সাথে মানিয়ে নেওয়ার সাথে সাথে এই পার্শ্বপ্রতিক্রিয়াগুলো অনেক রোগীর ক্ষেত্রেই কমে যায়। যদি মাথাব্যথা খুব তীব্র হয়, অথবা আপনার মাইগ্রেন বা উচ্চ রক্তচাপের ইতিহাস থাকে, তবে নাসেনিয়া ডক ব্যবহার না করাই ভালো। পার্শ্বপ্রতিক্রিয়া প্রতিরোধের জন্য আপনি অন্য কোনো হরমোনাল গর্ভনিরোধক পদ্ধতি বেছে নিতে পারেন। নতুন কোনো পদ্ধতিতে পরিবর্তন করার পর প্রথম ৭ দিন অন্য কোনো গর্ভনিরোধক পদ্ধতি ব্যবহার করুন।"
71636,"ব্যায়ামজনিত হাঁপানি অ্যালার্জিজনিত এবং আমরা যখন ব্যায়াম করি তখন বেশি পরাগ ফুসফুসে প্রবেশ করে সমস্যা সৃষ্টি করে। আপনার ইতিহাস থেকে মনে হচ্ছে এটি কোনো খাদ্য অ্যালার্জি হতে পারে কারণ ওষুধ কাজ করছে না, আর যখন কিছুই কাজ করে না তখন আমাদের সেই খাবারগুলোর কথা ভাবতে হবে যা সাধারণত গম বা গ্লুটেনের কারণে হয়। আমি আপনাকে দুধ, গম, চাল, আলু, ছোলা, ডিম এবং বাদামের নির্দিষ্ট অ্যান্টিবডির জন্য রক্ত পরীক্ষা (ব্লাড সিরাম টেস্ট) করার পরামর্শ দিচ্ছি, পরীক্ষার ফলাফলের ভিত্তিতে আপনি সুস্থ হয়ে উঠবেন।"
104827,"হেলো, নাসেনিয়া ডকে আপনাকে স্বাগতম। আপনার রক্ত পরীক্ষার রিপোর্ট অনুযায়ী আপনি গর্ভবতী। যেহেতু বাদামী রঙের স্রাব হচ্ছে, তাই আপনার প্রচুর বিশ্রাম নেওয়া প্রয়োজন এবং আপনার পরামর্শদাতা আপনাকে ইনজেকশনের মাধ্যমে প্রজেস্টেরন সাপোর্ট দেবেন, যা আপনাকে এই সমস্যা কাটিয়ে উঠতে সাহায্য করবে। ৬+ সপ্তাহের একটি স্ক্যান গর্ভাবস্থা নিশ্চিত করবে। ৭+ সপ্তাহে ভ্রূণের হৃদস্পন্দন দেখা যাবে। আপনার ডাক্তার আপনাকে সাহায্য করবেন। আপনার জন্য শুভকামনা রইল, নাসেনিয়া ডক।"
90762,"হেলো... আপনি যা বর্ণনা করেছেন তা থেকে আমার মনে হচ্ছে আপনার সন্তানের খিঁচুনিজনিত সমস্যা হয়েছে। ইইজি (EEG)-তে খিঁচুনির ধরন অনুযায়ী এর জন্য খিঁচুনি-বিরোধী ওষুধের প্রয়োজন হবে। তার মস্তিষ্কের একটি এমআরআই (MRI) প্রয়োজন হবে। সবচেয়ে বেশি ব্যবহৃত ওষুধগুলো হলো ভ্যালপ্রোয়েট (Valproate) অথবা লেভেটিরাসেটাম (Levetiracetam)। আমি আপনাকে এ বিষয়ে আপনার শিশু স্নায়ুরোগ বিশেষজ্ঞের (pediatric neurologist) সাথে পরামর্শ করার পরামর্শ দিচ্ছি। নিরাময়ের বিষয়ে বলতে গেলে - সাধারণত ওষুধ শুরু করার পর যদি শিশুটি অন্তত ২ বছর খিঁচুনি মুক্ত থাকে, তবে ওষুধগুলো সাধারণত ধীরে ধীরে কমিয়ে বন্ধ করে দেওয়া হয়। তবে হঠাৎ করে ওষুধ বন্ধ করবেন না, কারণ এতে রিবাউন্ড খিঁচুনি হতে পারে। শুভেচ্ছা -"
104107,"হেলো, আমি আপনার সমস্যাটি দেখেছি। আপনার শরীরে হেপাটাইটিস বি ভাইরাস ধরা পড়েছে। এই অবস্থাকে এইচবিএস এজি পজিটিভ বলা হয়। প্রথমে আপনার শারীরিক অবস্থা সম্পর্কে কিছু জানা প্রয়োজন। অনেক মানুষ এই ভাইরাসে আক্রান্ত হতে পারেন। সাধারণত সংক্রমণের মাধ্যম হলো সংক্রমিত সুঁই ব্যবহার করা, রক্ত সঞ্চালন করা এবং যৌন মিলনের মাধ্যমেও এটি ছড়াতে পারে। অনেক রোগীর শরীরে ভাইরাসটি ৬ মাসের কম সময় ধরে থাকে। যদি ভাইরাসটি ৬ মাসের বেশি সময় ধরে থাকে, তবে আমরা সেই ব্যক্তিকে বাহক হিসেবে গণ্য করি। সুস্থ বাহক হলেন এমন রোগী যাদের শরীরে ভাইরাসটি থেকে যায় কিন্তু লিভারকে প্রভাবিত করে না। তাই এই রোগীদের লিভার সিরোসিস হওয়ার সম্ভাবনা প্রায় নেই বললেই চলে। কিছু বাহকের ক্ষেত্রে ভাইরাসটি ধীরে ধীরে লিভারকে আক্রমণ করে, যাকে ক্রনিক অ্যাক্টিভ হেপাটাইটিস বলা হয়। এটি লিভার সিরোসিসের কারণ হতে পারে। সামগ্রিকভাবে, আপনি যদি দেখেন যে এই ভাইরাসে আক্রান্ত রোগীদের মধ্যে মাত্র ২-৩% এর ক্রনিক অ্যাক্টিভ হেপাটাইটিস থাকতে পারে এবং লিভার সিরোসিস হতে পারে। যেহেতু আপনার এইচবিএস এজি পজিটিভ ধরা পড়েছে, তাই ভাইরাল ডিএনএ লোড পরীক্ষা করার জন্য আপনাকে আরও কিছু রক্ত পরীক্ষার মাধ্যমে আরও মূল্যায়ন করতে হবে। যদি এটি প্রাথমিক পর্যায়ে থাকে, তবে ইন্টারফেরন ইনজেকশনের মাধ্যমে সম্পূর্ণ সুস্থ হওয়ার সম্ভাবনা থাকতে পারে, তবে সেগুলো অত্যন্ত ব্যয়বহুল। আমার পরামর্শ হলো, আপনার একজন গ্যাস্ট্রোএন্টেরোলজিস্ট বা হেপাটোলজিস্টের সাথে পরামর্শ করা উচিত যাতে তিনি আপনাকে আরও ভালোভাবে মূল্যায়ন করতে পারেন এবং ইন্টারফেরন ব্যবহারের বিষয়ে পরামর্শ দিতে পারেন। আপনার জন্য শুভকামনা।"
54141,"হেলো, নাসেনিয়া ডকে আপনার প্রশ্নটি পোস্ট করার জন্য ধন্যবাদ। অপর্যাপ্ত তথ্য। আপনি আপনার বয়স এবং লিঙ্গ উল্লেখ করেননি। আপনি যদি নারী হন এবং বয়স ৫০-এর বেশি হয়, তবে মধ্যবয়সী ব্যক্তিদের তুলনায় ইএসআর (ESR) বেশি থাকে। ইএসআর বৃদ্ধি কোনো নির্দিষ্ট রোগের লক্ষণ নয়। তবে, যদি আপনার জয়েন্টে ব্যথা বা গ্যাস্ট্রোইনটেস্টাইনাল উপসর্গ থাকে, তবে উপসর্গ অনুযায়ী আরও পরীক্ষা-নিরীক্ষার পরামর্শ দেওয়া হচ্ছে। আশা করি আপনার উদ্বেগের উত্তর দিতে পেরেছি। শুভেচ্ছা, নাসেনিয়া ডক।"
91123,"নাসেনিয়া ডকে আপনার প্রশ্নের জন্য ধন্যবাদ। আমি আপনার উদ্বেগ বুঝতে পারছি। আপনার ইসিজি স্বাভাবিক হওয়ায় হৃদরোগ নিয়ে চিন্তার কোনো কারণ নেই। ব্রঙ্কাইটিসের সম্ভাবনা বেশি। তাই একজন পালমোনোলজিস্টের (ফুসফুস বিশেষজ্ঞ) সাথে পরামর্শ করা এবং শ্বাসযন্ত্রের ক্লিনিকাল পরীক্ষা ও পিএফটি (পালমোনারি ফাংশন টেস্ট) করানো ভালো। পিএফটি শুধুমাত্র ব্রঙ্কাইটিস নির্ণয় করবে না, এটি আপনাকে রোগের তীব্রতা সম্পর্কেও জানাবে। আর চিকিৎসা শুধুমাত্র তীব্রতার ওপর ভিত্তি করেই করা হয়। পিএফটি রিপোর্টের ভিত্তিতে আপনার ইনহেলড ব্রঙ্কোডাইলেটর এবং ইনহেলড কর্টিকোস্টেরয়েড (আইসিএস)-এর প্রয়োজন হতে পারে। ব্রঙ্কাইটিসের জন্য ইনহেলড চিকিৎসা হলো সর্বোত্তম চিকিৎসা। চিন্তা করবেন না, এসবের মাধ্যমে আপনি সুস্থ হয়ে উঠবেন। আশা করি আমি আপনার প্রশ্নের সমাধান করতে পেরেছি। আপনাকে আরও সাহায্য করতে পারলে আমি খুশি হব। আপনার সুস্বাস্থ্য কামনা করি। ধন্যবাদ।"
20502,"হেলো, হরমোনের ভারসাম্যহীনতার কারণে ডিম্বস্ফোটন না হওয়ার ফলে অনিয়মিত পিরিয়ড এবং কখনও কখনও অল্প সময়ের জন্য পিরিয়ড হওয়ার লক্ষণগুলো বেশি দেখা দেয়। ডিম্বস্ফোটন তা ঠিক করার জন্যই হয়। আপনার সম্ভবত পিসিওএস (PCOS) আছে, যার কারণে পিরিয়ড অনিয়মিত হচ্ছে এবং সেই কারণেই ডাক্তার আপনাকে ওভা (Ova) প্রেসক্রাইব করেছেন। চিকিৎসার দিকে যাওয়ার আগে আপনাকে প্রথমে পিসিওএস-এর জন্য সম্পূর্ণ মূল্যায়ন করাতে হবে। আমি আপনাকে এফএসএইচ (FSH), এলএইচ (LH), টিএসএইচ (TSH) এবং প্রোল্যাকটিনের মতো রক্ত পরীক্ষাগুলো করার পরামর্শ দেব। এগুলো অনিয়মিত পিরিয়ডের কারণ এবং বন্ধ্যাত্ব আছে কিনা তা নির্ধারণ করতে সাহায্য করবে। ডিম্বাশয় এবং জরায়ুতে কোনো সমস্যা আছে কিনা তা পরীক্ষা করার জন্য আপনাকে পেলভিসের আল্ট্রাসাউন্ডও করতে হবে। সম্পূর্ণ চিত্র পাওয়ার জন্য আপনার সঙ্গীর বীর্য বিশ্লেষণও প্রয়োজন। অনুগ্রহ করে উপরের পরীক্ষাগুলো করান এবং আপনার স্ত্রীরোগ বিশেষজ্ঞের সাথে আলোচনা করুন। যদি রক্ত পরীক্ষা এবং আল্ট্রাসাউন্ডের মাধ্যমে পিসিওএস নির্ণয় করা হয়, তবে মেটফরমিনের মতো ওষুধ শুরু করার প্রয়োজন হতে পারে। আশা করি এটি সাহায্য করবে। শুভেচ্ছা।"
40765,"আপনার উদ্বেগগুলো আমি বুঝতে পেরেছি এবং আপনার বিস্তারিত তথ্যগুলো দেখেছি। আমি আপনাকে খুব বেশি চিন্তা না করার পরামর্শ দিচ্ছি। আপনার বর্তমান পরিস্থিতির জন্য আমি আন্তরিকভাবে দুঃখিত। এখন কোনো ইতিবাচক চিন্তাই আপনাকে সাহায্য করতে পারবে না। আপনার ডাক্তাররা ঠিকই বলেছেন। আপাতত আপনাকে বাড়ি গিয়ে ছুটিতে যেতে হবে। সামরিক বাহিনীতে থাকা ব্যক্তিদের শারীরিক অসুস্থতার কারণে ছুটি নেওয়া উচিত। আপনি যদি আপনার ডাক্তারদের বোঝাতে পারেন যে আপনার শারীরিক অবস্থার কারণে আপনি ছুটিতে যেতে চান, তবে তারা আপনাকে ছুটির পরামর্শ দিতে পারেন। এই বিষয়ে যদি আপনার আরও সাহায্যের প্রয়োজন হয়, তবে অনুগ্রহ করে এই ইউআরএল-এ আমাকে সরাসরি প্রশ্ন করুন। http"
17561,"হেলো, আপনার মেয়ের অসুস্থতার কথা শুনে আমি দুঃখিত এবং বিশেষ করে যখন সে কেমোথেরাপি, স্টেরয়েড এবং স্প্লেনেক্টমির পরেও কষ্ট পায়। আইটিপি-তে প্লাটিলেটের প্রকৃত মাত্রা সম্পর্কে আমি অস্পষ্ট। প্রায় ৫০,০০০ প্লাটিলেট মাত্রা একটি নির্দেশিকা হিসেবে কাজ করার কথা। প্লাটিলেট কাউন্ট কখনোই স্বাভাবিক নাও হতে পারে, তবে যদি তার রক্তপাত না হয় এবং কাউন্ট প্রায় ৫০,০০০ হয়, তবে আপনার চিন্তার কিছু নেই। চিকিৎসার ক্ষেত্রে দুটি বিকল্প অবশিষ্ট আছে, একটি হলো একটি নতুন নাসেনিয়া ডক। আপনার সাথে দেখা করুন।"
19614,"প্রিয় সংশ্লিষ্ট ব্যক্তি, আমাদের কাছে লেখার জন্য ধন্যবাদ। মূলত বায়োরিদম বজায় রাখার জন্য একজন ব্যক্তির দিনে ০৬ থেকে ০৮ ঘণ্টা ঘুমানো প্রয়োজন। অন্যথায়, রক্তচাপ নিশ্চিতভাবেই বৃদ্ধি পাবে। ঠান্ডা ঘাম এবং মাথা ঘোরার প্রাথমিক লক্ষণটি ঘুমের অভাবের কারণে রক্তচাপের হঠাৎ পরিবর্তনের ফলে হতে পারে। এটি একটি শারীরবৃত্তীয় বা স্বাভাবিক ঘটনা। আপনি টয়লেটে যাওয়ার সময় প্রস্রাব করেছিলেন কিনা তা উল্লেখ করেননি। এমন পরিস্থিতিতে হঠাৎ মূত্রাশয় খালি হয়ে গেলে মূত্রাশয়ের পেশীতে রক্ত প্রবাহ বেড়ে যেতে পারে, যা মস্তিষ্ককে কয়েক সেকেন্ডের জন্য রক্ত সরবরাহ থেকে বঞ্চিত করে কারণ প্রস্রাব বেরিয়ে যায় এবং মূত্রাশয়ের পেশী স্বাভাবিক ঘনত্বে থাকে (তার সর্বোচ্চ শক্তিতে মূত্রাশয় প্রস্রাব সংরক্ষণ করার জন্য বেলুনের মতো বেরিয়ে আসে এবং প্রস্রাব ধরে রাখলে তা প্রায় নিজের রক্ত সরবরাহকে বাধাগ্রস্ত করে)। হঠাৎ দাঁড়িয়ে থাকতে না পারা এবং আপনাকে উঠে বসতে হয়েছিল, তা মাইচুরিশন সিনকোপ নামক একটি অবস্থার কারণে হয়েছিল। এটি প্রায় সবসময়ই একটি শারীরবৃত্তীয় বা স্বাভাবিক ঘটনা। এখন আপনি জানতে চাইতে পারেন যে গ্যাস্ট্রিকের উপাদানগুলো পাতলা করার পর এই অবস্থার উন্নতি কেন হয়েছে। আপনি কাজের চাপ থেকে গ্যাস্ট্রোইনটেস্টাইনাল সিস্টেমকে মুক্ত করেছেন এবং রক্ত সরবরাহ স্নায়ুতন্ত্রে ফিরে এসেছে। আবারও বলছি, এটি শারীরবৃত্তীয় এবং সম্ভবত অসময়ে খাবার খাওয়ার কারণে হয়েছে। আমি আপনাকে কেবল সম্ভাবনার কথা বলছি কারণ আমি আপনার ইতিহাস পড়েছি এবং আপনাকে শারীরিকভাবে পরীক্ষা করিনি। উভয় ক্ষেত্রেই, অর্থাৎ মূল কারণটি সম্ভবত আপনার বায়োরিথম বা ঘুমের অভাবের কারণে হয়েছে। এটি খাবার বা পানির গুণমান দেখে মনে হচ্ছে না, বরং অনিয়মিত ঘুম বা খাওয়ার অভ্যাসের কারণে হয়েছে। অনুগ্রহ করে স্বাভাবিক ঘুমের জন্য নিজেকে সাহায্য করুন। যদি কোনো উন্নতি না হয়, তবে সম্পূর্ণ মূল্যায়নের জন্য অনুগ্রহ করে"
87886,"হেলো, আপনার অনুসন্ধানের জন্য ধন্যবাদ। গর্ভপাত বা ডিঅ্যান্ডসি (D&C)-এর পর পরবর্তী গর্ভাবস্থার জন্য তিন থেকে ছয় মাস অপেক্ষা করার পরামর্শ দেওয়া হয়। একটি সুস্থ গর্ভাবস্থার জন্য আপনার শরীরের সাম্প্রতিক ক্ষতি থেকে সেরে ওঠার সময় প্রয়োজন এবং আপনার হিমোগ্লোবিনের মাত্রা স্বাভাবিক থাকা জরুরি। আপনার জরায়ু এবং হরমোনের মাত্রাও স্বাভাবিক হওয়া উচিত। মানসিকভাবে, এই ক্ষতি থেকে সেরে ওঠার জন্য আপনাকে আমার সাহায্য নিতে হবে। আপনি যদি পুনরায় চেষ্টা করার জন্য প্রস্তুত হন, তবে অনুগ্রহ করে আপনার চিকিৎসকের সাথে কথা বলে দ্রুত পরীক্ষা করান এবং গর্ভধারণের আগে স্বাভাবিক হিমোগ্লোবিন ও আয়রনের মাত্রা পরীক্ষা করার জন্য রক্ত পরীক্ষা করান। এটি গুরুত্বপূর্ণ কারণ স্বাভাবিক গর্ভাবস্থার জন্য স্বাভাবিক মান প্রয়োজন। গর্ভধারণ না হওয়া পর্যন্ত প্রতিদিন আয়রন এবং ফলিক অ্যাসিড সাপ্লিমেন্ট গ্রহণ করুন। অন্তত ৩ মাস আয়রন গ্রহণ করুন (অথবা আপনার ডাক্তারের পরামর্শ অনুযায়ী)। আশা করি আমি আপনাকে সাহায্য করতে পেরেছি। আমি আপনাকে আরও কোনোভাবে সাহায্য করতে পারি কিনা তা দয়া করে জানাবেন। আপনার সুস্বাস্থ্য কামনা করি।"
20274,"আপনার জিজ্ঞাসার প্রেক্ষিতে, আমার মনে হয় আপনার জিঞ্জিভাইটিস বা পেরিওডন্টাইটিস হতে পারে, যা শুধুমাত্র ক্লিনিকাল পরীক্ষার মাধ্যমেই নিশ্চিত হওয়া সম্ভব। আপনার মুখের স্বাস্থ্যবিধি সম্পর্কে আপনি কী মনে করেন, এটি কি ঠিক আছে? আপনি কি প্রতিবার খাওয়ার পর ব্রাশ এবং গার্গল করেন? আপনার কি মুখে দুর্গন্ধ আছে? যাই হোক, চিন্তার কিছু নেই, শুধু স্কেলিং এবং সঠিক ব্রাশ করার পাশাপাশি প্রয়োজনে ফ্লসিংয়ের মাধ্যমে এটি ঠিক করা যেতে পারে। ততক্ষণ পর্যন্ত, আপনি ক্লোরহেক্সিডিনের মতো মাউথওয়াশ সরাসরি ব্যবহার করতে পারেন, তবে সম্পূর্ণ এবং স্থায়ী সমাধানের জন্য একজন ডেন্টিস্টের পরামর্শ নেওয়া বাঞ্ছনীয়। আশা করি এটি আপনাকে সাহায্য করবে।"
86984,"নাসেনিয়া ডকে আপনার প্রশ্নের জন্য ধন্যবাদ। আমি আপনার বন্ধুর পরিস্থিতি এবং সমস্যাটি বুঝতে পারছি। মাস্কুলোস্কেলিটাল ব্যথার সম্ভাবনা বেশি, তবে যেহেতু তার বুকের বাম দিকে ব্যথা হচ্ছে, তাই হৃদরোগের সম্ভাবনা নাকচ করে দেওয়া ভালো। তাই হৃদরোগের সম্ভাবনা বাদ দেওয়ার জন্য প্রথমে ইসিজি (ECG) এবং টু-ডি ইকো (2D echo) করিয়ে নিন। যদি এই দুটি রিপোর্ট স্বাভাবিক থাকে, তবে হৃদরোগ নিয়ে চিন্তার কিছু নেই। তার ক্ষেত্রে মাস্কুলোস্কেলিটাল ব্যথার সম্ভাবনাই বেশি। তাই ভালো উপশমের জন্য তাকে এই পদক্ষেপগুলো অনুসরণ করতে বলুন। ১. ভারী ওজন তোলা এবং কঠোর ব্যায়াম এড়িয়ে চলুন। ২. ঘুমের সময় ভুল অঙ্গভঙ্গি এড়িয়ে চলুন। ৩. যে নড়াচড়ায় ব্যথা হয় তা এড়িয়ে চলুন। ৪. আক্রান্ত স্থানে গরম পানির সেঁক দিন। ৫. নাসেনিয়া ডকের পরামর্শ অনুযায়ী ব্যথানাশক এবং মাসল রিলাক্স্যান্ট ওষুধ শুরু করুন। ১-২ সপ্তাহের মধ্যে সে অনেকটাই সুস্থ হয়ে উঠবে। আশা করি আমি আপনার প্রশ্নের সমাধান দিতে পেরেছি। আপনার বন্ধুর সুস্বাস্থ্য কামনা করছি। ধন্যবাদ।"
58761,"হেলো, ""আস্ক আ ডক্টর""-এ আমার সাথে যোগাযোগ করার জন্য আপনাকে ধন্যবাদ। আমি আমার সাধ্যমতো আপনার প্রশ্নের উত্তর দেওয়ার চেষ্টা করব। বারবার কাঁধ সরে যাওয়া একটি সমস্যা হতে পারে। কিছু কাঁধ আংশিকভাবে সরে যায় - একে সাবলুকসেশন বলা হয়। এই সমস্যাগুলোর জন্য ফিজিওথেরাপি বা কখনও কখনও অস্ত্রোপচারের মাধ্যমে নিবিড় পুনর্বাসনের প্রয়োজন হতে পারে। মাঝে মাঝে, আমরা কাঁধের একটি এমআরআই স্ক্যান করার পরামর্শ দিই এবং জয়েন্টের টেন্ডন ও পেশীগুলো পরীক্ষা করি। আমি আপনাকে আপনার কাঁধ মূল্যায়নের জন্য একজন অর্থোপেডিক বিশেষজ্ঞের সাথে পরামর্শ করার পরামর্শ দেব। আশা করি এই তথ্যটি আপনার কাজে আসবে। আপনার আরও কোনো প্রশ্ন থাকলে আমাদের মেসেজ করতে দ্বিধা করবেন না। শুভকামনা, একজন চ্যাট ডাক্তার।"
92938,"আমরা আপনার উদ্বেগগুলো বুঝতে পেরেছি এবং আপনার বিস্তারিত তথ্যগুলো দেখেছি। প্রথমে আপনাকে বুঝতে হবে উদ্বেগ কী। উদ্বেগ হলো কোনো অনুভূত হুমকির বিরুদ্ধে আপনার শরীরের প্রতিরক্ষা ব্যবস্থা। উদ্বেগের লক্ষণগুলো আপনার শরীরের একটি অবিচ্ছেদ্য অংশ এবং আপনি এটি কোনোভাবেই নিরাময় করতে পারবেন না। আপনি যত বেশি উদ্বেগের লক্ষণগুলো নিরাময়ের চেষ্টা করবেন, তত বেশি আপনার সহজাত প্রতিক্রিয়ার ক্ষমতা নষ্ট হবে। আমি আপনার উদ্বেগের সমস্যার জন্য কোনো ওষুধের পরিবর্তে কাউন্সেলিং এবং সাইকোথেরাপির পরামর্শ দিচ্ছি। এই বিষয়ে আপনার আরও সাহায্যের প্রয়োজন হলে, অনুগ্রহ করে এই ইউআরএলটি ব্যবহার করুন। http"
110792,"হেলো এবং নাসেনিয়া ডকে আপনাকে স্বাগতম। লিভার এনজাইম জিওটি (GOT) এবং এসজিপিটি (SGPT)-এর উচ্চ মাত্রা লিভারের কোষ বা হেপাটোসাইটের ক্ষতির ইঙ্গিত দেয়। লিভার এনজাইম বৃদ্ধির সাধারণ কারণগুলো হলো ভাইরাল সংক্রমণ, অ্যালকোহল। হেপাটাইটিস বি এবং হেপাটাইটিস সি ছাড়াও ভাইরাল সংক্রমণ যেমন এপস্টাইন বার ভাইরাস, সাইটোমেগালোভাইরাস ইত্যাদি হেপাটোসাইটের ক্ষতি করতে পারে। জিওটি এবং এসজিপিটি-এর উচ্চ মাত্রার কারণ জানার জন্য একটি ক্লিনিকাল মূল্যায়ন এবং অন্যান্য প্রাসঙ্গিক পরীক্ষা করা প্রয়োজন। ধন্যবাদ এবং ভালো থাকবেন।"
39398,"হেলো, উর্বরতার ক্ষেত্রে নারীর বয়স একটি গুরুত্বপূর্ণ বিষয়। আপনার শুক্রাণুর সংখ্যা স্বাভাবিক, কিন্তু সক্রিয় গতিশীলতা কম, নতুন ডব্লিউএইচও (WHO) মানদণ্ড অনুযায়ী এটি ১৫%-এর বেশি হওয়া উচিত। অনুগ্রহ করে ভ্যারিকোসিলে আছে কিনা তা পরীক্ষা করুন, এটি গতিশীলতা হ্রাসের একটি প্রধান কারণ। যদি ভ্যারিকোসিলে না থাকে, তবে এল-কার্নিটিন, কো-এনজাইম কিউ১০ এবং জিঙ্ক কম্বিনেশন গ্রহণ করুন এবং ডাক্তারের সাথে কথা বলুন। ৩ মাস পর পুনরায় সিমেন অ্যানালাইসিস করান। যদি আপনার সঙ্গীর বয়স ৩০-এর বেশি হয়, তবে একজন প্রজনন বিশেষজ্ঞের সাথে দেখা করুন এবং কিছু কৃত্রিম প্রজনন পদ্ধতি চেষ্টা করুন। আশা করি আপনি উত্তর পেয়েছেন।"
13970,"হেলো। আস্ক আ ডক্টরে আপনাকে স্বাগতম। আমি আপনার প্রশ্নটি পড়েছি এবং আমার পরামর্শ নিচে দেওয়া হলো, যা আমি বিশ্বাস করি আপনার শিশুকে আরও আরাম দেবে। এর সর্বোত্তম চিকিৎসা হলো ৫% পারমেথ্রিন ক্রিম, যা মাথা থেকে পা পর্যন্ত লাগাতে হবে। ধুয়ে ফেলার আগে এটি ১২ ঘণ্টা তার ত্বকে লাগিয়ে রাখুন। পারমেথ্রিন ভালোভাবে পাতলা করে, এমনকি কোটেও লাগাতে হবে, বিশেষ করে আঙুল ও পায়ের আঙুলের ফাঁক, নাভি, যৌনাঙ্গ এবং নিতম্বের মাঝখানের খাঁজে। অবশিষ্ট পোকা মারার জন্য এক সপ্তাহ পর পারমেথ্রিন দিয়ে দ্বিতীয় একটি চিকিৎসা দিন। মনে রাখবেন, চিকিৎসার পরেও কয়েক সপ্তাহ চুলকানি থাকতে পারে। এটি অ্যান্টি-ইচ (যেমন প্রি বা প্রিমেজ) বা ১% এইচওয়াই নাসেনিয়া ডকের মাধ্যমে চিকিৎসা করা যেতে পারে। সব প্রেসক্রিপশন ছাড়াই পাওয়া যায়। আরও তিনটি পরামর্শ, অনুগ্রহ করে।"
964,"হেলো, এই অবস্থাগুলো সম্ভবত একে অপরের সাথে সম্পর্কিত নয় এবং এগুলোর গভীর পর্যালোচনার প্রয়োজন। লিভার সিস্টের চিকিৎসা কারণের ওপর নির্ভর করে করা হয়। এগুলোর জন্য ডাক্তারের পরামর্শের প্রয়োজন হতে পারে। পেটের উপরের অংশে ব্যথা গ্যাস্ট্রাইটিস বা প্যানক্রিয়াটাইটিস অথবা কোনো শারীরিক বা অস্ত্রোপচারজনিত সমস্যার কারণে হতে পারে। যদি এই লক্ষণগুলো দীর্ঘ সময় ধরে চলতে থাকে, তবে রোগ নির্ণয় ও চিকিৎসার জন্য একজন গ্যাস্ট্রোএন্টারোলজিস্টের পরামর্শ, পেটের আল্ট্রাসাউন্ড এবং সিটি স্ক্যান সহায়ক হবে। শুভেচ্ছা।"
96920,"হেলো, আমি আপনার উদ্বেগ বুঝতে পেরেছি। আমি আপনাকে সর্বোত্তম সম্ভাব্য চিকিৎসার পরামর্শ দেব। প্রথমে আতঙ্কিত হবেন না। আমি আপনাকে ৩টি প্রাথমিক পরীক্ষা করানোর পরামর্শ দেব। ১. জরায়ু এবং ডিম্বাশয়ের গঠনগত স্বাভাবিকতা জানার জন্য ইউএসজি (USG)। ২. এইচএসজি (HSG) - হিস্টেরোসালপিঙ্গোগ্রাফি, চক্রের প্রথম দশ দিনের মধ্যে। এটি ফ্যালোপিয়ান টিউব খোলা আছে কিনা তা জানতে সাহায্য করবে। ৩. সঙ্গীর বীর্য বিশ্লেষণ। শুক্রাণুর গুণমান এবং পরিমাণ জানার জন্য। এই ৩টি রিপোর্ট স্বাভাবিক থাকলে, আপনি চক্রের ১০ম থেকে ২০তম দিন পর্যন্ত অন্তত একদিন অন্তর যৌন মিলন করতে পারেন। এটি চক্রের সবচেয়ে উর্বর সময়। বিকল্পভাবে, আপনি চক্রের ১০ম দিন থেকে ওভুলেশন স্টাডি করাতে পারেন। ওভুলেশনের দিন বা তার আশেপাশে আপনি যৌন মিলন বা ইন্ট্রাউটেরাইন ইনসেমিনেশন করতে পারেন। অনুগ্রহ করে একটি স্বাস্থ্যকর খাদ্যতালিকা এবং নিয়মিত ব্যায়ামের রুটিন মেনে চলুন। গর্ভধারণের পরিকল্পনার অন্তত ৩ মাস আগে থেকে ফলিক অ্যাসিড, ভিটামিন বি ১২ এবং ওমেগা-৩ সাপ্লিমেন্ট নেওয়া শুরু করুন। এটি গর্ভাবস্থা এবং প্রসবের সময় অনেক সমস্যা প্রতিরোধ করতে সাহায্য করে। আশা করি এই উত্তরটি আপনাকে সাহায্য করবে। ধন্যবাদ।"
22012,"আপনার অনুসন্ধানের জন্য ধন্যবাদ, মাড়িতে ব্যথা এবং গালে ফোলা দাঁতের সংক্রমণের কারণে হতে পারে, যা পুঁজ তৈরি করে এবং টিস্যুর ফাঁকা জায়গায় ছড়িয়ে পড়ে। পার্শ্ববর্তী দাঁতের কোনো সমস্যা এবং রুট ক্যানেল করা দাঁতে কোনো ত্রুটি আছে কিনা তা নিশ্চিত করতে আইওপিএআর (IOPAR) এবং ওপিজি (OPG)-এর মতো কিছু এক্স-রে করান। আপনি যে অ্যান্টিবায়োটিকগুলো নিচ্ছেন তা সংক্রমণ কমানোর জন্য যথেষ্ট... লবণ-পানি দিয়ে কুলকুচি করুন। পরামর্শ এবং প্রয়োজনীয় পদক্ষেপের জন্য একজন ওরাল ফিজিশিয়ানের সাথে যোগাযোগ করুন। আশা করি আমার উত্তরটি আপনাকে সুস্থ থাকতে সাহায্য করবে।"
35448,"হেলো, নাসেনিয়া ডকে আপনাকে স্বাগতম। অন্যদের সাহায্য করার চিন্তা আপনার মধ্যে খুবই মহৎ। আপনি সরাসরি এসএআই বাবা হাসপাতালে যেতে পারেন, তারা আপনার প্রাথমিক পরীক্ষাগুলো করবে এবং তারা আপনাকে জানাবে যে আপনার শারীরিক অবস্থা ঠিক কী এবং প্রতিস্থাপনের প্রয়োজন আছে কি না। আপনার শুধু ঈশ্বরের ওপর আস্থা রাখা প্রয়োজন। হাসপাতালটি খুব ভালো এবং আপনার বন্ধুদের মতো ক্ষেত্রে এটি অবশ্যই সাহায্য করবে। অনুগ্রহ করে দেরি করবেন না এবং যত দ্রুত সম্ভব এসএআই বাবা হাসপাতালে যান। শুভকামনা!"
13582,"হেলো প্রিয়, নাসেনিয়া ডকে আপনাকে স্বাগতম। আপনার উদ্বেগটি বুঝতে পারছি। আপনার প্রশ্ন অনুযায়ী, আপনার গোড়ালিতে ব্যথা হচ্ছে। আপনার উল্লিখিত লক্ষণগুলোর পেছনে আর্থ্রাইটিস, গেঁটে বাত, সায়াটিকা বা স্নায়ুর ক্ষতি বা আঘাত, রক্তনালী বন্ধ হয়ে যাওয়া বা জয়েন্টে সংক্রমণের মতো অনেক কারণ থাকতে পারে। আপনার ডাক্তার আপনাকে সঠিক ওষুধ দিয়েছেন, তারপর প্রেসক্রিপশন অনুযায়ী তা সেবন চালিয়ে যান। যদি অবস্থার উন্নতি না হয়, তবে সঠিক পরীক্ষার জন্য পুনরায় ডাক্তারের পরামর্শ নিন। ডাক্তার আপনাকে ফিজিওথেরাপি, মাসল রিলাক্স্যান্ট এবং স্ট্রেচিং ব্যায়ামের পরামর্শ দিতে পারেন। আপাতত, এক চামচ গরম পানিতে পা ডুবিয়ে রাখুন। আশা করি আপনার সমস্যার সমাধান হয়েছে। দ্রুত সুস্থ হয়ে উঠুন। শুভকামনা।"
110484,"হেলো, এমআরআই টিউমারের সঠিক শারীরবৃত্তীয় সম্পর্ক শনাক্ত করার জন্য একটি পরীক্ষা হতে পারে, যদি কোনো অন্তর্নিহিত কাঠামোতে আক্রমণ বা ধ্বংস হয়ে থাকে তবে তা শনাক্ত করা সম্ভব। এমআরআই ঘাড়ের কোনো নোড আক্রান্ত হলে তাও শনাক্ত করতে পারে। থাইরয়েড টিউমার বিনাইন বা ক্ষতিকর নয় এমন রোগ হতে পারে, তবে এমআরআই ম্যালিগন্যান্সি বা ক্যান্সার সম্পর্কে নিশ্চিতভাবে কোনো মন্তব্য করতে পারে না। এটি অন্তর্নিহিত প্যাথলজি সম্পর্কে ধারণা দিতে পারে। যেহেতু আপনার ডাক্তার এই পরীক্ষাটি করার পরামর্শ দিয়েছেন, তাই আপনার এটি করা উচিত ছিল। পরবর্তী আলোচনার জন্য আপনার ডাক্তারের সাথে পরামর্শ করুন। ভালো থাকবেন।"
107663,"হেলো অ্যান, আপনি কেমন আছেন? আমি শুরুতেই বলতে চাই যে আপনি অবশ্যই গর্ভবতী হবেন। এন্ডোমেট্রিওসিস একটি প্রগতিশীল রোগ। প্রতি মাসে যখন আপনার পিরিয়ড হয়, তখন টিউবের মাধ্যমে সামান্য রক্ত পেটে প্রবেশ করে। এর ফলে জরায়ুর চারপাশে রক্ত জমা হয় এবং অ্যাডহেশন বা আঠালো ভাব তৈরি হয়, যা টিউব বন্ধ করে ডিম্বাশয় থেকে ডিম্বাণু বের হতে বাধা দেয়। তাই এর চিকিৎসা হলো পিরিয়ড বন্ধ রাখা, এটি করার সেরা পদ্ধতি হলো গর্ভধারণ! ১০ মাস পিরিয়ড বন্ধ থাকলে এন্ডোমেট্রিওসিস সেরে যায়। জরায়ুমুখের ক্ষত নিয়ে চিন্তা করবেন না, ছবিটি মূলত জরায়ুমুখের ক্ষয়ের কারণে হয়েছে, যা সাধারণত যেকোনো যৌন সক্রিয় নারীর জরায়ুমুখে দেখা যায়। এই পরীক্ষাগুলোর কোনোটি বাদ পড়েছে কি না তা পরীক্ষা করে দেখুন, যা নাসেনিয়া ডকে থাকতে পারে। স্বামীর ক্ষেত্রে- অন্তত দুটি সিমেন অ্যানালাইসিস বা বীর্য পরীক্ষা, যা ৪ সপ্তাহের ব্যবধানে করা উচিত এবং সম্ভব হলে কোনো ইনফার্টিলিটি সেন্টারে (পরীক্ষাটি একজন..."
66850,"হেলো, নিয়মিত জন্মনিয়ন্ত্রণ পিল সেবন করা সত্ত্বেও একজন নারীর পিরিয়ড মিস হওয়া বা বরং দেরি হওয়া খুবই সম্ভব। এর পেছনে বিভিন্ন কারণ থাকতে পারে যেমন... যদি আপনি জন্মনিয়ন্ত্রণ পিলের ধরন পরিবর্তন করে থাকেন, অথবা পিরিয়ড এগিয়ে বা পিছিয়ে আনার চেষ্টা করে থাকেন, অতিরিক্ত শারীরিক বা মানসিক চাপ, অতিরিক্ত শারীরিক পরিশ্রম। সুষম খাবার গ্রহণ। যদি সম্প্রতি আপনার কোনো অসুস্থতা হয়ে থাকে। এবং সবশেষে, আপনি যদি গর্ভবতী হন, তবে সম্প্রতি অ্যান্টিবায়োটিকের মতো কিছু ওষুধ সেবন করেছেন। আরও ২ সপ্তাহ অপেক্ষা করুন এবং যদি আপনার পিরিয়ড না হয়, তবে একজন স্ত্রীরোগ বিশেষজ্ঞের পরামর্শ নিন এবং যথাযথ পরীক্ষা-নিরীক্ষা করান। ধন্যবাদ।"
65793,"হেলো প্রিয়, নাসেনিয়া ডকে আপনাকে স্বাগতম। আপনার উদ্বেগটি বুঝতে পারছি। আপনার প্রশ্ন অনুযায়ী, আপনার পায়ে ব্যথা এবং বালজিং ডিস্ক রয়েছে। আপনার উল্লিখিত লক্ষণগুলোর পেছনে স্নায়ুর সংকোচন, নিউরোপ্যাথি, ডিভিটি (DVT), পেশীর খিঁচুনি বা মাল্টিপল স্ক্লেরোসিসের মতো অনেক কারণ থাকতে পারে, তবে আপনার ক্ষেত্রে লক্ষণগুলো ডিস্কের সমস্যার কারণে হচ্ছে। যদি অবস্থার উন্নতি না হয়, তবে সঠিক পরীক্ষার জন্য একজন অর্থোপেডিক সার্জন এবং একজন মনোরোগ বিশেষজ্ঞের পরামর্শ নিন। ডাক্তার আপনাকে মেথোট্রেক্সেট, অ্যান্টি-ইনফ্ল্যামেটরি, গ্যাবাফেন্টিন এবং স্নায়ুর সাপ্লিমেন্ট দিতে পারেন এবং ফিজিওথেরাপি নেওয়ার পরামর্শ দিতে পারেন। আমি আপনাকে হালকা স্ট্রেচিং ব্যায়ামের পাশাপাশি হালকা ম্যাসাজ করার, পুরো পায়ে গরম সেঁক দেওয়ার এবং অর্থোডক্স এমআর-এর মতো মাসল রিলাক্স্যান্ট গ্রহণ করার পরামর্শ দেব। দীর্ঘক্ষণ এক অবস্থানে বসে বা দাঁড়িয়ে থাকবেন না, যোগব্যায়াম, মেডিটেশন করুন এবং ১৫ মিনিটের জন্য ইপসম লবণ মেশানো গরম পানিতে পা ডুবিয়ে রাখুন। ট্র্যাকশন, আল্ট্রাসাউন্ড বা ইলেকট্রিক্যাল স্টিমুলেশনের মতো থেরাপি উপলব্ধ আছে। যদি ওষুধ এবং থেরাপি কাজ না করে, তবে ডাক্তার অস্ত্রোপচারের পরামর্শ দিতে পারেন। আশা করি আপনার উদ্বেগের সমাধান হয়েছে। দ্রুত সুস্থ হয়ে উঠুন। শুভকামনা।"
82944,"হেলো সন্তোষ, আপনার প্রশ্নটি পড়েছি এবং আপনার চাচার জন্য আপনার উদ্বেগ আমি বুঝতে পারছি। যখন পেটের ভেতরে তরল জমা হয়, তখন তাকে অ্যাসাইটিস বলা হয়। লিভার সঠিকভাবে কাজ করা বন্ধ করলে সাধারণত অ্যাসাইটিস হয়। এই তরল পেটের আস্তরণ এবং অঙ্গপ্রত্যঙ্গের মধ্যবর্তী স্থান পূরণ করে। যক্ষ্মা পরিপাকতন্ত্রের যেকোনো অংশকে আক্রান্ত করতে পারে এবং এটি এক্সট্রাপালমোনারি বা ফুসফুসের বাইরের অংশে সংক্রমণের সবচেয়ে ঘনতম স্থান। পেরিটোনিয়াল যক্ষ্মা তিনটি রূপে দেখা দেয়।"
55474,"হেলো, যদি আপনার প্রাথমিক বন্ধ্যাত্বের পরীক্ষা স্বাভাবিক থাকে, তবে এটি ব্যাখ্যাতীত বন্ধ্যাত্ব। আপনার বয়স কত? আমি ধরে নিচ্ছি আপনার বয়স ত্রিশের কাছাকাছি। আমি যদি আপনার ডাক্তার হতাম, তবে আমি ৬ সাইকেলের জন্য ক্লোমিড বা হরমোন দিয়ে ওভুলেশন ইনডাকশন শুরু করতাম। যদি গর্ভধারণ না হয়, তবে আমি ৬ সাইকেলের জন্য ইন্ট্রাউটেরাইন ইনসেমিনেশন এবং পরবর্তীতে আইভিএফ-এর দিকে যেতাম। প্রতিদিন একটি করে ফলিক অ্যাসিড ট্যাবলেট সেবন করুন। গর্ভধারণের সম্ভাবনা বাড়াতে স্বাভাবিক বিএমআই বজায় রাখুন এবং ধূমপান ত্যাগ করুন (যদি আপনি ধূমপায়ী হন)। সপ্তাহে অন্তত তিনবার মিলন করা সবচেয়ে ভালো। উর্বর দিনগুলোর দিকে মনোযোগ দেওয়ার প্রয়োজন নেই। আশা করি আমি আপনার সন্তুষ্টি অনুযায়ী উত্তর দিতে পেরেছি। আপনার আরও কোনো উদ্বেগ থাকলে চ্যাট ডাক্তারের মাধ্যমে আমার সাথে যোগাযোগ করুন।"
7972,"তিনি আপনার প্রশ্নটি দেখেছেন। ভাইভান্স একটি সাইকো স্টিমুল্যান্ট। এতে ডেক্সট্রোমফেটামিন থাকে। এর উচ্চ মাত্রা প্রাণঘাতী এবং জীবনের জন্য অত্যন্ত বিপজ্জনক হতে পারে। এর আসক্তি তৈরির উচ্চ সম্ভাবনা রয়েছে এবং এমন কিছু পর্যালোচনা রয়েছে যা নির্দেশ করে যে এটি মানসিক অসুস্থতার সাথে সম্পর্কিত, অথবা এটি এটিকে আরও খারাপ করতে পারে। তাই এটি এড়িয়ে চলাই ভালো। মনস্তাত্ত্বিক মূল্যায়ন অপরিহার্য এবং প্রয়োজনে উন্নত ভবিষ্যতের জন্য ধীরে ধীরে এর মাত্রা কমানো ভালো। অনুপ্রেরণামূলক এবং সহায়ক সাইকোথেরাপি সাহায্য করতে পারে। একজন মনোরোগ বিশেষজ্ঞের সাথে পরামর্শ করুন এবং সাহায্য নিন। আপনাকে আরও সাহায্য করতে পারলে খুশি হব। ধন্যবাদ।"
92744,"হেলো, প্রত্যেকেই আলাদা এবং ওষুধের প্রতিক্রিয়া শরীরভেদে ভিন্ন হয়। আপনি স্টেজ ১ সিস্টোলিক এবং স্টেজ ২ ডায়াস্টোলিক হাইপারটেনশনে ভুগছেন। তাত্ত্বিকভাবে ওষুধ ছাড়া আপনাকে ১২০/৮০-এ ফিরিয়ে আনা সম্ভব নয়, তবে আপনার শরীরের প্রতিক্রিয়ার ওপর নির্ভর করে এই ওষুধগুলোর মাত্রা ধীরে ধীরে কমানো যেতে পারে। লোসারটান এবং অ্যামলোডিপাইন (আপনি দুটি অ্যান্টিহাইপারটেনসিভ ওষুধ খাচ্ছেন) আপনার শরীরের প্রতিক্রিয়ার ওপর ভিত্তি করে এই ডোজগুলো কমানো হবে এবং চিকিৎসক আপনাকে একটি অ্যান্টিহাইপারটেনসিভ ওষুধ দেওয়ার চেষ্টা করবেন। জীবনযাত্রার নিয়ম মেনে চলুন: প্রতিদিন ৪৫ মিনিট কঠোর ব্যায়াম করুন, কম লবণযুক্ত খাবার খান এবং মাখন ও পিনাট অয়েলের মতো চর্বি ও তেল এড়িয়ে চলুন। অন্তত ৩ মাস এটি চেষ্টা করে দেখুন আপনার শরীর কীভাবে এতে সাড়া দেয়, এর প্রভাব দেখতে অন্তত ৩ মাস সময় লাগবে। নাসেনিয়া ডক।"
13117,"ছোট হেমাঞ্জিওমার জন্য দাতার কিছুই প্রয়োজন নেই। প্রসাধনী সমস্যা ছাড়া এটি অন্য কোনো সমস্যা সৃষ্টি করে না এবং নিজে থেকে কমেও না। আপনি নিচের পদক্ষেপগুলো নিতে পারেন: ১) ২ থেকে ৩ বছর বয়স পর্যন্ত এটি এভাবেই রেখে দিন। ২) স্টেরয়েড ক্রিম ব্যবহার করতে পারেন বা স্টেরয়েড ইনজেকশন দিতে পারেন, যা হেমাঞ্জিওমার আকার কমিয়ে দেবে। ৩) ৪ থেকে ৫ বছর বয়সের পর লেজার চিকিৎসার কথা বিবেচনা করা যেতে পারে। চিন্তা করবেন না, এটি কেবল একটি প্রসাধনী সমস্যা এবং ৩ মাস বয়সে এটি স্পর্শ না করাই ভালো।"
5471,"হেলো, নাসেনিয়া ডক ফোরামে জিজ্ঞাসা করার জন্য ধন্যবাদ। যদি সিরাম এ এস টি (এস জি ও টি) এবং এ এল টি (এস জি পি টি)-এর মাত্রা খুব বেশি হয়, অর্থাৎ ৫০ আইইউ হয়, তবে এটি উদ্বেগের বিষয়। যদি মাত্রা এখনও খুব বেশি থাকে, তবে রোগ নির্ণয়ের জন্য লিভারের আল্ট্রাসাউন্ড করান। যদি প্রস্রাবে এইচ পি এফ-এ ২-৫টি লোহিত রক্তকণিকা থাকে, তবে চিন্তার কিছু নেই। যদি রক্ত বা লোহিত রক্তকণিকায় পূর্ণ এলাকা থাকে, তবে কিডনি এবং ইউরেটারের আল্ট্রাসাউন্ড করান। এখন প্রশ্ন হলো কী করা উচিত? আমার মতে, অপেক্ষা করুন এবং দেখুন, যদি কোনো অস্বস্তি অনুভব করেন তবে একজন ডাক্তারের পরামর্শ নিন। শুভকামনা।"
103157,"হেলো এবং নাসেনিয়া ডকে আপনাকে স্বাগতম। ক্লান্তি এবং আয়রনের নিম্ন মাত্রা আয়রনের ঘাটতিজনিত রক্তাল্পতার লক্ষণ। শরীরে আয়রনের ভাণ্ডার পূরণ করার জন্য আয়রন সাপ্লিমেন্ট প্রয়োজন। এছাড়াও, ভিটামিন বি ১২ এবং ফলিক অ্যাসিডের মাত্রাও পরীক্ষা করা উচিত কারণ আয়রন এবং ভিটামিন বি১২-ফলিক অ্যাসিড উভয়ের ঘাটতির কারণে রক্তাল্পতা সাধারণ বিষয়। যদি ভিটামিন বি১২-ফলিক অ্যাসিডের ঘাটতি থাকে, তবে ভিটামিন বি১২-ফলিক অ্যাসিড সাপ্লিমেন্ট গ্রহণ করতে হবে। রক্তাল্পতা দূর করার পাশাপাশি ক্লান্তি এবং পড়াশোনা ও খেলাধুলায় আগ্রহের অভাবের মতো লক্ষণগুলোর উন্নতি হবে। ধন্যবাদ এবং ভালো থাকবেন, নাসেনিয়া ডক।"
62273,"নাসেনিয়া ডকে আপনার প্রশ্নের জন্য ধন্যবাদ। আমি আপনার উদ্বেগ বুঝতে পারছি। সত্যি বলতে, আপনার নিউক্লিয়ার স্ট্রেস টেস্টের রিপোর্টে যদি হৃদপিণ্ডের কার্যক্ষমতা ভালো থাকে, তবে খুব বেশি চিন্তার কিছু নেই। তাই সবকিছু আপনার নিউক্লিয়ার স্ট্রেস টেস্ট রিপোর্টের ওপর নির্ভর করছে। তবে অ্যাসপিরিন এবং ক্লোপিডোগ্রেলের মতো রক্ত পাতলা করার ওষুধ শুরু করা ভালো। এছাড়াও কম মাত্রার লিপিড কমানোর ওষুধ গ্রহণ করুন। খাদ্যতালিকায় অতিরিক্ত লবণ এড়িয়ে চলুন। চর্বিযুক্ত এবং তৈলাক্ত খাবার এড়িয়ে চলুন। নিয়মিত অ্যারোবিক ব্যায়াম যেমন দৌড়ানো, সাইকেল চালানো, সাঁতার কাটা ইত্যাদি করুন। চিন্তা করবেন না, আপনি সুস্থ হয়ে উঠবেন। এই পুরনো অ্যান্টিরিয়র ওয়াল ইস্কেমিয়া নিয়ে চিন্তার কোনো কারণ নেই। আশা করি আমি আপনার প্রশ্নের সমাধান করতে পেরেছি। আপনাকে আরও সাহায্য করতে পারলে আমি খুশি হব। আপনার সুস্বাস্থ্য কামনা করি। ধন্যবাদ।"
44275,"হেলো। নাসেনিয়া ডকে আমাদের কাছে লেখার জন্য ধন্যবাদ। ট্যানিং আপনার প্রধান উদ্বেগের বিষয় বলে মনে হচ্ছে। ইলেক্ট্রোম্যাগনেটিক স্পেকট্রামের ইউভি এ অংশটি মূলত ট্যানিংয়ের জন্য দায়ী। এশীয় ত্বক খুব সহজেই ট্যান করে কারণ এতে প্রচুর মেলানিন থাকে। ক্যান্ডিড-বি লোশনে সক্রিয় উপাদান হিসেবে অ্যান্টিফাঙ্গাল থাকে। ফর্সা হওয়ার জন্য মুখে এটি ব্যবহার করা অযৌক্তিক হবে। আমি বলব আপনার এটি মুখে ব্যবহার করা উচিত নয়। এর উপাদানগুলোর মধ্যে একটি স্টেরয়েডও থাকে, যা উপকারের চেয়ে ক্ষতিই বেশি করতে পারে। বরং, আমি আপনাকে একটি ব্রড স্পেকট্রাম সানস্ক্রিন ব্যবহার করার পরামর্শ দেব, যা সারাদিন ইউভিবি এবং ইউভি এ উভয় থেকেই সুরক্ষা প্রদান করে। একটি ব্রড স্পেকট্রাম সানস্ক্রিনের এসপিএফ ৩০+ বা তার বেশি হওয়া উচিত। আপনি যদি আমার রোগী হতেন, তবে আমি আপনাকে কোজিক অ্যাসিড, গ্লাইকোলিক অ্যাসিড, অ্যালবুমিন ইত্যাদির মতো এক বা একাধিক উপাদানযুক্ত স্কিন লাইটেনিং ক্রিম ব্যবহারের পরামর্শ দিতাম। এই সক্রিয় উপাদানগুলোযুক্ত বিভিন্ন ক্রিম রয়েছে যা প্রেসক্রিপশন অনুযায়ী পাওয়া যায়। তাই, আমি আপনাকে আপনার এলাকার একজন চর্মরোগ বিশেষজ্ঞের সাথে অ্যাপয়েন্টমেন্ট নেওয়ার পরামর্শ দেব। আপনি আপনার চর্মরোগ বিশেষজ্ঞের কাছ থেকে কেমিক্যাল পিলিংয়ের কয়েকটি সেশনও নিতে পারেন। গ্লাইকোলিক পিল, রেটিনল পিলের মতো কেমিক্যাল পিল ট্যান দূর করতে কার্যকর। সানপ্রোটেকশন বা মুখের পিগমেন্টেশনের চিকিৎসার একটি অপরিহার্য অংশ। শুভেচ্ছা।"
4347,"হেলো, প্রিয়। আমি আপনার প্রশ্নটি দেখেছি। আমি আপনার উদ্বেগ বুঝতে পারছি। আপনার সমস্যাটি নির্ণয় করার জন্য আপনাকে সঠিকভাবে পরীক্ষা-নিরীক্ষা করতে হবে। আপনার সম্পূর্ণ রক্ত গণনা (CBC) এবং পেরিফেরাল স্মিয়ার পরীক্ষা করা উচিত। এরপর সেই অনুযায়ী আপনার পরবর্তী পরীক্ষাগুলো করা উচিত। যদি আপনার আয়রনের ঘাটতি থাকে তবে আপনার আয়রন চিকিৎসা নেওয়া উচিত এবং যদি ভিটামিন বি১২-এর ঘাটতি থাকে তবে সেই অনুযায়ী চিকিৎসা নিন। আশা করি আমি আপনার প্রশ্নের উত্তর দিতে পেরেছি, যদি আপনার কোনো সন্দেহ থাকে তবে আমি উত্তর দিতে পেরে খুশি হব। নাসেনিয়া ডক ব্যবহার করার জন্য ধন্যবাদ। আপনার সুস্বাস্থ্য কামনা করি।"
31517,"হেলো, তার শারীরিক অবস্থা সম্পর্কে পরিষ্কার ধারণা পেতে আমাদের গর্ভাবস্থা, জন্ম এবং নবজাতকের সময়কালসহ আরও বিস্তারিত তথ্য প্রয়োজন। সম্ভবত তার সেরিব্রাল পালসি বা অন্য কোনো স্নায়বিক সমস্যার কারণে বিকাশে বিলম্ব হচ্ছে। এই প্রেক্ষাপটে, আঙুল ও হাত ভাঁজ হয়ে যাওয়া স্পাস্টিসিটি বা ডিস্টোনিয়া (পেশীর অতিরিক্ত বা অস্বাভাবিক টান বা মোচড়) নির্দেশ করে। যদিও এই পর্যায়ে সম্পূর্ণ সুস্থ হওয়া সম্ভব নয়, তবে কিছু চ্যাট ডাক্তারের মাধ্যমে আমরা তার অবস্থার উন্নতি করতে পারি। অনুগ্রহ করে আপনার পেডিয়াট্রিক নিউরোলজিস্টের সাথে যোগাযোগ করুন। আশা করি আমি আপনার প্রশ্নের উত্তর দিতে পেরেছি। আমি আপনাকে আরও কোনোভাবে সাহায্য করতে পারি কিনা তা জানাবেন।"
33697,"হেলো। এই অবস্থাকে আইসোলেটেড সিস্টোলিক হাইপারটেনশন বলা হয়... এই অবস্থার অনেক কারণ থাকতে পারে। আমি আপনার বয়স, ধূমপানের ইতিহাস/অন্যান্য চ্যাট ডাক্তারের মতো বিস্তারিত জানতে চাই। একটি পুঙ্খানুপুঙ্খ ক্লিনিকাল পরীক্ষা এবং উল্লিখিত পরীক্ষাগুলো করানোর জন্য একজন ডাক্তারের সাথে যোগাযোগ করা সবচেয়ে ভালো। আশা করি আমার উত্তর আপনাকে সাহায্য করবে। আপনার যদি আরও কোনো প্রশ্ন থাকে তবে আমি সাহায্য করতে পেরে খুশি হব। দিনটি ভালো কাটুক।"
3421,"নাসেনিয়া ডকে আপনার প্রশ্নের জন্য ধন্যবাদ। আমি আপনার উদ্বেগ বুঝতে পারছি। আপনার অ্যাসিড রিফ্লাক্স হয়েছে। দীর্ঘস্থায়ী অ্যাসিড রিফ্লাক্স ব্রঙ্কাইটিসের কারণ হতে পারে। ব্রঙ্কাইটিস ফুসফুসে ভারী অনুভূতির কারণ হতে পারে। তাই একজন পালমোনোলজিস্টের (ফুসফুস বিশেষজ্ঞ) সাথে পরামর্শ করুন এবং শ্বাসযন্ত্রের ক্লিনিকাল পরীক্ষা ও পিএফটি (পালমোনারি ফাংশন টেস্ট) করান। যদি পিএফটি স্বাভাবিক থাকে, তবে ব্রঙ্কাইটিস বা অন্য কোনো ফুসফুসের রোগ নিয়ে চিন্তার কিছু নেই। আশা করি আমি আপনার প্রশ্নের সমাধান করতে পেরেছি। আপনাকে আরও সাহায্য করতে পারলে আমি খুশি হব। আপনার সুস্বাস্থ্য কামনা করি। ধন্যবাদ।"
82936,"হেলো, আপনার উল্লিখিত লক্ষণগুলোর পেছনে অনেক কারণ থাকতে পারে, অর্থাৎ পিঠের মাঝখানে ব্যথা। যেহেতু আপনার ডাক্তার কিডনিতে পাথর থাকার সম্ভাবনা নাকচ করে দিয়েছেন, তাই এটি অতিরিক্ত ব্যবহার, পেশিতে টান লাগা, মেরুদণ্ডকে সমর্থনকারী পেশি, লিগামেন্ট এবং ডিস্কের আঘাত অথবা মায়োফাসিয়াল ব্যথার মতো অন্যান্য কারণে হতে পারে, যা পেশি বা পেশিগুচ্ছের সংযোগকারী কলাকে প্রভাবিত করে। যেহেতু তার ব্যথা পেটে ছড়িয়ে পড়ছে, তাই এটি ছোট কিডনিতে পাথর বা অ্যাপেন্ডিসাইটিসের কারণে হতে পারে। আমার পরামর্শ হলো পাথর বা অ্যাপেন্ডিসাইটিস আছে কিনা তা নিশ্চিত করতে পেটের আল্ট্রাসাউন্ড করুন। যদি সবকিছু স্বাভাবিক থাকে, তবে বিছানায় বিশ্রাম নেওয়া এবং ডাইক্লোফেনাক বা আইবুপ্রোফেনের মতো ব্যথানাশক ওষুধ সেবন করা ভালো। আশা করি এটি সাহায্য করবে। আরও কোনো প্রশ্ন থাকলে অনুগ্রহ করে লিখুন। আপনার সুস্বাস্থ্য কামনা করছি।"
110097,"নাসেনিয়া ডকে আপনার প্রশ্নের জন্য ধন্যবাদ। যেহেতু তার সমস্ত কার্ডিয়াক পরীক্ষা স্বাভাবিক, তাই আমার মনে হয় এটি জিইআরডি (গ্যাস্ট্রোইসোফেজিয়াল রিফ্লাক্স ডিজিজ)। এতে গ্যাস্ট্রোইসোফেজিয়াল স্ফিংটার তার শক্ত ভাব হারিয়ে ফেলে। ফলে পাকস্থলীর অ্যাসিড খাদ্যনালীতে উঠে আসে এবং উপসর্গ সৃষ্টি করে। জিইআরডি নিয়ন্ত্রণে রাখার জন্য নিচের পরামর্শগুলো মেনে চলা ভালো: ১. গরম এবং মশলাদার খাবার এড়িয়ে চলুন। ২. ভারী খাবার না খেয়ে অল্প অল্প করে বারবার খাবার খান। ৩. মানসিক চাপ ও উত্তেজনা এড়িয়ে চলুন। ৪. প্রোটন পাম্প ইনহিবিটর গ্রহণ করুন। ৫. খাওয়ার পর কিছুক্ষণ হাঁটাহাঁটি করুন। ৬. ঘুমানোর সময় মাথার নিচে ২-৩টি বালিশ ব্যবহার করুন।"
35434,"হেলো, আপনার অনুসন্ধানের জন্য ধন্যবাদ। যদিও এই তিনটি সাধারণ পার্শ্বপ্রতিক্রিয়া দিন ও সপ্তাহের মধ্যে কমে যাবে, তবুও ডেন্টাল ইমপ্ল্যান্ট সার্জারির পরে মানুষ যে সাধারণ পার্শ্বপ্রতিক্রিয়াগুলো অনুভব করে তার মধ্যে রয়েছে"
64109,"হেলো, নাসেনিয়া ডকের সাথে পরামর্শ করার জন্য আপনাকে স্বাগতম এবং ধন্যবাদ। আমি আপনার প্রশ্নটি দেখেছি, আপনি যেহেতু উল্লেখ করেছেন যে আপনার মুখের কোণে জ্বালাপোড়া হচ্ছে, একে অ্যাঙ্গুলার কোলাইটিস বলা হয়। চিন্তা করবেন না, আপনি এর জন্য ওষুধ সেবন করুন। এক সপ্তাহ ধরে দিনে দুবার একটি করে ইভিল ক্যাপসুল সেবন করুন, আপনি আরাম পাবেন। যদি আপনি আরাম না পান, তবে একজন ডেন্টিস্টের সাথে পরামর্শ করুন এবং সঠিক রোগ নির্ণয় ও পরীক্ষা-নিরীক্ষা করান। আশা করি এটি আপনাকে সাহায্য করবে। আপনার সুস্বাস্থ্য কামনা করি।"
9521,"হেলো লেডি জেন, বাম দিকের কোমরের তীব্র ব্যথা সাধারণত ইউটিআই (বিশেষ করে কিডনি সংক্রমণ বা পাইলোনেফ্রাইটিস)-এর কারণে হয়ে থাকে এবং যদি ইআর স্ট্যাফাইলোকক্কাস হিমোলাইটিক সংক্রমণের বিষয়টি নিশ্চিত করতে বলে থাকে, তবে আপনাকে উপযুক্ত অ্যান্টিবায়োটিকের একটি কোর্স প্রদান করতে হবে। নোট"
19739,"হেলো, নাসেনিয়া ডকের সাথে যোগাযোগ করার জন্য ধন্যবাদ। আপনি বমি এবং বুকে ব্যথার অভিযোগ করছেন বলে উল্লেখ করেছেন। জেনে রাখুন যে গ্যাস্ট্রিকের সমস্যার কারণে বুকে ব্যথা হতে পারে। আপনার পাকস্থলীতে আলসার বা দীর্ঘস্থায়ী প্রদাহ থাকতে পারে যা এমন উপসর্গের কারণ হতে পারে। ওমেপ্রাজলের মতো অ্যাসিড সাপ্রেসিং নাসেনিয়া ডক। যদি কারণ এখনও স্পষ্ট না হয়, তবে আপনার পরীক্ষার পর আরও তদন্তের জন্য এন্ডোস্কোপি করার পরামর্শ দেওয়া হচ্ছে। এবং কস্টোকন্ড্রাইটিসের ক্ষেত্রে।"
92819,"হেলো, যৌন মিলনে লিঙ্গের আকার, ঘনত্ব এবং দৃঢ়তা কখনোই গুরুত্বপূর্ণ নয়। ভালোবাসা এবং আবেগই আসল এবং তা যৌন আনন্দ নির্ধারণ করে। সাধারণত, শিথিল অবস্থায় এর আকার ২ ইঞ্চির কম হয়। উত্তেজিত অবস্থায় লিঙ্গের গড় আকার ৪ ইঞ্চি। তবে এমনকি দুই ইঞ্চি উত্তেজিত লিঙ্গও বিশ্বের যেকোনো নারীকে সন্তুষ্ট করতে পারে, কারণ নারীর যৌন স্নায়ুর প্রান্তগুলো, যা নারীদের আনন্দের কারণ, যোনির মুখ থেকে মাত্র দুই ইঞ্চি পর্যন্তই থাকে। তাই, অনুগ্রহ করে চিন্তা করবেন না। আশা করি আমি আপনার প্রশ্নের উত্তর দিতে পেরেছি। আমি আপনাকে আরও কোনোভাবে সাহায্য করতে পারি কিনা তা জানাবেন। ভালো থাকবেন।"
76607,"হেলো, আমাদের সাথে যোগাযোগ করার জন্য ধন্যবাদ। আমি যদি আপনার চিকিৎসাকারী ডাক্তার হতাম, তবে আমি আপনাকে পরামর্শ দিতাম যে সঠিক ঘরোয়া ব্যবস্থাপনা হলো প্রথম কাজ, যা আপনি খুব ভালোভাবে করেছেন। ক্ষতের এই স্থানীয় যত্ন চালিয়ে যান, এটি ক্ষত দ্রুত সারাতে সাহায্য করবে। হ্যাঁ, টিটেনাস টিকার প্রয়োজন। তবে অবিলম্বে জরুরি বিভাগে (ER) যাওয়া একেবারেই উচিত নয়। আপনি কাজ থেকে ছুটি পাওয়ার সাথে সাথেই জরুরি বিভাগে যেতে পারেন। ডেফিনেট-এর মতো অ্যান্টিবায়োটিক, ডাইক্লোফেনাক এবং প্যান্টোপ্রাজল অ্যান্টাসিড নিতে ভুলবেন না, আপনার স্থানীয় ডাক্তারের পরামর্শ অনুযায়ী তা গ্রহণ করুন। আপনার যদি আরও কিছু জিজ্ঞাসা থাকে, তবে অনুগ্রহ করে আমার সাথে যোগাযোগ করুন। ধন্যবাদ। চ্যাট ডাক্তার; সংক্রামক রোগ বিশেষজ্ঞ।"
81440,"আপনার অনুসন্ধানের জন্য ধন্যবাদ, আমি আপনার অনুসন্ধানটি দেখেছি। শুধুমাত্র ক্রাউন বসিয়ে এমএএল (MAL) সারিবদ্ধ দাঁত ঠিক করা সম্ভব নয়। আদর্শগতভাবে, এমএএল বিন্যাসের চিকিৎসা ব্রেসের মাধ্যমে করা উচিত। আপনি যদি এটি ঠিক করার জন্য ক্রাউন করাতে চান, তবে এটি একটি ভুল সিদ্ধান্ত। ক্রাউন দিয়ে সমস্যার সমাধান হবে না। ক্রাউন বসানোর আগে রুট ক্যানেল চিকিৎসা করা প্রয়োজন, কারণ ভবিষ্যতে সংক্রমণ হলে পুরো প্রক্রিয়াটি প্রতিরোধমূলকভাবে পুনরায় করতে হবে। আমি পরামর্শ দেব ক্রাউন না নিয়ে বরং ব্রেস করিয়ে নিন। আশা করি আমার উত্তরটি আপনাকে সাহায্য করবে, ভালো থাকবেন।"
108849,"আপনার অনুসন্ধানের জন্য ধন্যবাদ। ত্বকের স্বাভাবিক রঙই সবচেয়ে ভালো। সাদা করার জন্য এটি পরিবর্তন না করাই ভালো। প্রসাধনী উপকারের চেয়ে ক্ষতিই বেশি করে। তাই সব প্রসাধনী ব্যবহার বন্ধ করুন। আপনি অ্যান্টিঅক্সিডেন্ট এবং ভিটামিন ট্যাবলেট ব্যবহার করতে পারেন। এরপর আপনার শিশুকে ঠোঁট খুব বেশি চাটবেন না বা এতে জ্বালাপোড়া সৃষ্টি করবেন না, যা ত্বক কালো করে দিতে পারে। কোনো সংক্রমণ বা ঘাটতি থাকলে তার চিকিৎসা করান। কোনো স্পষ্টীকরণের জন্য আপনি ছবিসহ সরাসরি আমার সাথে যোগাযোগ করতে পারেন। নাসেনিয়া ডক।"
91578,"হেলো, আপনার পায়ে এই ঝিঁঝিঁ ধরা এবং টান লাগার অনুভূতি অনেক কারণে হতে পারে, যা রিউম্যাটিক পরিবর্তন, রক্ত সঞ্চালনের সমস্যা বা দীর্ঘক্ষণ দাঁড়িয়ে থাকার কারণে হতে পারে। সঠিক রোগ নির্ণয়ের জন্য শারীরিক পরীক্ষা এবং কিছু রক্ত পরীক্ষা (কমপ্লিট ব্লাড কাউন্ট, কোলেস্টেরল, ট্রাইগ্লিসারাইড) করা প্রয়োজন, তাই আমি আপনাকে একজন ডাক্তারের পরামর্শ নেওয়ার পরামর্শ দিচ্ছি। আশা করি আমি আপনার প্রশ্নের উত্তর দিতে পেরেছি। আমি আপনাকে আরও কোনোভাবে সাহায্য করতে পারি কিনা তা জানাবেন। ভালো থাকবেন। নাসেনিয়া ডক।"
102665,"হেলো, আমি আপনার উদ্বেগ বুঝতে পারছি। আপনি একাধিক গর্ভনিরোধক ব্যবহার করেছেন। গর্ভধারণের চেষ্টার আগে এগুলো ভালোভাবে পরিষ্কার করা এবং ডিম্বস্ফোটন নিশ্চিত করা প্রয়োজন। - অনুগ্রহ করে আপনার স্বামীর বীর্য বিশ্লেষণ (semen analysis) করান / এলএইচ সার্জ টেস্টের মাধ্যমে আপনার ডিম্বস্ফোটনের দিন অনুমান করা যেতে পারে। - আপনারা দুজনেই ফলিক অ্যাসিড, ভিটামিন বি১২ এবং ই ট্যাবলেট খাওয়া শুরু করুন। আপনারা দুজনেই গর্ভধারণের ৩ মাস আগে থেকে এগুলো গ্রহণ করতে পারেন। - এলএইচ সার্জ টেস্ট পজিটিভ হলে তা পজিটিভ আসার দিন থেকে ৫-৬ দিন অনিরাপদ মিলন করুন। - মাসিক ৮ দিন দেরি হলে ইউপিটি (UPT) পরীক্ষার মাধ্যমে গর্ভাবস্থা নিশ্চিত করা যেতে পারে। ধন্যবাদ।"
25143,"নমস্তে, নাসেনিয়া ডকে আপনাকে স্বাগতম। আপনার গর্ভবতী হওয়ার সম্ভাবনা কম, কারণ আপনি নিরাপদ সময়ে অর্থাৎ চক্রের প্রথম দশ দিনে আছেন। আমি আপনাকে পিল ব্যবহার শুরু করার এবং এই চক্রের ১০ম থেকে ১৮তম দিনের মধ্যে বিকল্প গর্ভনিরোধক ব্যবহার করার পরামর্শ দিচ্ছি। আপনার যদি আরও কোনো সহায়তার প্রয়োজন হয়, তবে আমি আপনাকে সাহায্য করতে পেরে খুশি হব। আপনার সুখী ও স্বাস্থ্যকর জীবন কামনা করছি। শুভেচ্ছা, নাসেনিয়া ডক।"
67908,"হেলো, ইতিহাস থেকে মনে হচ্ছে আপনার সন্তানের চোখের চারপাশে কোনো সংক্রমণ (প্রি-সেপ্টাল/অরবিটাল সেলুলাইটিস) হয়েছে। ফোলা চোখের ছবি থাকলে রোগ নির্ণয় করা সহজ হতো। এটি সাধারণত ভাইরাল সংক্রমণের পরে ঘটে। আপনার মেয়ের অবিলম্বে চিকিৎসা প্রয়োজন। তার কিছু অ্যান্টিবায়োটিকের প্রয়োজন হবে এবং স্ক্যানেরও প্রয়োজন হতে পারে। আমি আপনাকে পরামর্শ দেব যে পরবর্তী চিকিৎসার জন্য যত দ্রুত সম্ভব একজন শিশু বিশেষজ্ঞের সাথে পরামর্শ করুন। আশা করি আমি আপনার প্রশ্নের উত্তর দিতে পেরেছি। আমি আপনাকে আরও কোনোভাবে সাহায্য করতে পারি কিনা তা আমাকে জানান।"
53324,"নাসেনিয়া ডকে আপনার প্রশ্নের জন্য ধন্যবাদ। আমি আপনার উদ্বেগ বুঝতে পারছি। আমার মতে, ব্রঙ্কাইটিস আছে কিনা তা নিশ্চিত হতে আপনার প্রথমে পিএফটি (পালমোনারি ফাংশন টেস্ট) করানো উচিত। আপনার বর্তমান লক্ষণগুলো ব্রঙ্কাইটিসের দিকেই বেশি ইঙ্গিত করে। আপনার ধূমপানের ইতিহাস রয়েছে। আর ধূমপায়ীদের মধ্যে ব্রঙ্কাইটিস বেশি দেখা যায়। তাই প্রথমে পিএফটি করান। এটি আপনাকে রোগের তীব্রতা সম্পর্কেও জানাবে। আপনার ইনহেলড ব্রঙ্কোডাইলেটর এবং ইনহেলড কর্টিকোস্টেরয়েড (আইসিএস)-এর প্রয়োজন হতে পারে। যদি পিএফটি স্বাভাবিক থাকে, তবে মানসিক চাপ এবং উদ্বেগের কারণে শ্বাসকষ্টের সম্ভাবনা বেশি। তাই একজন মনোরোগ বিশেষজ্ঞের সাথে পরামর্শ করুন এবং কাউন্সেলিং সেশন নিন। চিন্তা করবেন না, আপনি সুস্থ হয়ে উঠবেন। তবে প্রথমে রোগ নির্ণয় করুন এবং তারপর সঠিক চিকিৎসা শুরু করুন। আশা করি আমি আপনার প্রশ্নের সমাধান করতে পেরেছি। আপনার সুস্বাস্থ্য কামনা করি। ধন্যবাদ।"
21533,"হেলো, আপনার লিঙ্গের চর্বির স্তর শরীরের অন্যান্য অংশের তুলনায় গাঢ় হওয়া স্বাভাবিক। প্রোস্টেট ক্যান্সারের সাথে লিঙ্গের চর্বির স্তরের রঙের কোনো সম্পর্ক নেই। আপনার তৃতীয় প্রশ্নটি আমার কাছে খুব একটা পরিষ্কার নয়। প্রোস্টেট ক্যান্সার বয়স্ক জনসংখ্যার একটি রোগ, এর লক্ষণগুলো প্রায়শই অস্পষ্ট হয় এবং এগুলো বিনাইন প্রোস্টেট সমস্যার লক্ষণের সাথে মিলে যায়। প্রোস্টেট ক্যান্সারের সন্দেহের একমাত্র উপায় হলো পিএসএ (PSA) মান বৃদ্ধি পাওয়া, এই বিষয়ে আপনার ইউরোলজিস্টের সাথে পরামর্শ করা যেতে পারে। লিঙ্গের চর্বির স্তর ফুলে যাওয়া কোনো রোগের সাথে সম্পর্কিত হতে পারে, তবে যেহেতু আপনি উল্লেখ করেছেন এটি শক্ত নয়, তাই কোনো ফাইব্রোটিক লিঙ্গ রোগ হওয়ার সম্ভাবনা নেই। সঠিক ক্লিনিকাল পরীক্ষার প্রয়োজন হতে পারে। ভালো থাকবেন।"
78395,"হেলো, শুভ সন্ধ্যা। আমার নাসেনিয়া ডক ভার্চুয়াল-ক্লিনিকে আপনার জিজ্ঞাসার জন্য ধন্যবাদ। আমি আপনার জিজ্ঞাসাটি গভীরভাবে পর্যালোচনা করেছি। আমার মতে, জুভেনাইল ডায়াবেটিস আছে কিনা তা নিশ্চিত করার জন্য আপনার মেয়ের এফবিএস (FBS), পিপিএস (PPS) এবং এইচবি১এসি (Hb1Ac) পরীক্ষার মাধ্যমে বারবার হওয়া ফোড়াগুলো পরীক্ষা করা প্রয়োজন। তার এখন একাধিক সংক্রমণজনিত পিণ্ড দেখা দিচ্ছে, যার সাথে আরেকটি বার্থোলিন-সিস্টাইটিস এবং পেরিঅ্যানাল অ্যাবসেস থাকতে পারে। প্রতিকার: ক. একজন চিকিৎসকের পরামর্শ নিয়ে অ্যান্টি-ডায়াবেটিক ওষুধ শুরু করুন। খ. গাইনোকোলজিস্ট এটি চিকিৎসার জন্য এনএসএআইডি (NSAID), অ্যান্টিবায়োটিক, ওফ্লক্সাসিন এবং অরনিডাজল ট্যাবলেট দেবেন। বেশিরভাগ পিণ্ড ৫ দিনের মধ্যে কমে যাবে। দীর্ঘমেয়াদী নিরাময় এবং যত্নের জন্য আপনার মেয়েকে সঠিক পায়ুপথের স্বাস্থ্যবিধি শেখানো প্রয়োজন। যে পিণ্ডগুলো ছোট হয় না: যদি পিণ্ডগুলো এখনও বেদনাদায়ক হয় এবং আকারে বড় হতে থাকে, তবে সেগুলোর ইনসিশন বা অস্ত্রোপচারের প্রয়োজন হতে পারে। আশা করি এটি আপনার চিকিৎসকের সাথে আলোচনা করে পায়ের ব্যথাদায়ক পিণ্ডগুলো দূর করতে সাহায্য করবে। আপনার দ্রুত আরোগ্য কামনা করছি। আমার নাসেনিয়া ডক ক্লিনিকে আপনাকে আবারও স্বাগতম। শুভ রাত্রি।"
47785,"প্রিয় রোগী, দুটি সম্ভাবনা রয়েছে: ১. লাম্বার স্পাইনে ডিস্ক প্রোল্যাপস ২. রেনাল স্টোন। যেহেতু আপনার আগে কিডনির সমস্যা ছিল, তাই রেনাল স্টোনের সম্ভাবনা বেশি, তবে আপনার উপসর্গ অনুযায়ী ডিস্ক প্রোল্যাপসের সম্ভাবনাই বেশি। আমি আপনাকে লাম্বোস্যাক্রাল স্পাইনের অ্যানটেরোপোস্টেরিয়র এবং ল্যাটারাল ভিউয়ের এক্স-রে এবং লাম্বোস্যাক্রাল স্পাইনের এমআরআই করার পরামর্শ দিচ্ছি। এই দুটি পরীক্ষা রোগ নির্ণয় নিশ্চিত করতে এবং বাদ দিতে সাহায্য করবে এবং সেই অনুযায়ী চিকিৎসার পরিকল্পনা করা যাবে। ইতিমধ্যে, ব্যথানাশক হিসেবে দিনে দুবার ডাইক্লোফেনাক প্লাস থিওকোলকিকোসাইড কম্বিনেশন ট্যাবলেট এবং রাতে ঘুমানোর আগে ভিটামিন বি১২ প্লাস প্রেগাবালিন ৭৫ মিগ্রা ট্যাবলেট সেবন শুরু করুন।"
47489,"হেলো। নাসেনিয়া ডকে আমাদের কাছে লেখার জন্য ধন্যবাদ। আমি পোস্ট-ইনফ্ল্যামেটরি ডিফামেশনের একটি সম্ভাবনা রাখছি, সম্ভবত এটি ঘটছে কারণ সাম্প্রতিক ছুটিতে আপনার হালকা সানবার্ন হয়েছিল যা এখন সেরে উঠছে এবং মৃত চামড়া এখন উঠে যাচ্ছে। আমি আপনাকে কয়েক দিনের জন্য দিনে দুবার একটি ময়েশ্চারাইজিং ক্রিম ব্যবহার করার পরামর্শ দেব। এটি চামড়া ওঠা বা ছিলে যাওয়ার সমস্যা দূর করবে। যেহেতু দীর্ঘক্ষণ সূর্যের আলোতে থাকা, বিশেষ করে সমুদ্র সৈকতে যাওয়ার সময়, ত্বক পুড়ে যেতে পারে এবং পরবর্তীতে চামড়া উঠে যেতে পারে, তাই সারাদিন একটি ব্রড-স্পেকট্রাম সানস্ক্রিন ব্যবহার করা এবং বিশেষ করে সমুদ্র সৈকতে যাওয়ার পর প্রতি ২-৩ ঘণ্টা অন্তর পুনরায় সানস্ক্রিন লাগানো সবসময়ই ভালো। শুভেচ্ছা।"
14337,"হেলো, আপনার হয় জিএডি (GAD) সাথে প্যানিক ডিসঅর্ডার অথবা ওসিডি (OCD) আছে। একটি এসএসআরআই (SSRI) অন্যটির সাথে পরিবর্তন করার যুক্তি আমি বুঝতে পারিনি, যদিও তাত্ত্বিকভাবে এটি কাজ করতে পারে। যদি কেউ পর্যাপ্ত সময়ের জন্য এসএসআরআই-এর পর্যাপ্ত মাত্রায় সাড়া না দেয়, তবে আমি এসএসআরআই-এর বিভাগ পরিবর্তন করে এসএআরআই (ভেনলাফ্যাক্সিন বা ডুলোক্সেটিন) অথবা ট্রাইসাইক্লিক বা ক্লোমিপ্রামিন দেওয়ার পরামর্শ দেব। সাধারণত, এশিয়ান (Asian) তাৎক্ষণিকভাবে কাজ করে, তবে এটি আসক্তি তৈরি করতে পারে। নিজের যত্ন নিন, নাসেনিয়া ডক।"
63579,"তিনি আপনার উদ্বেগ বুঝতে পেরেছেন। মুড সুইং বা মেজাজের পরিবর্তনের অনেক কারণ থাকতে পারে। শুধুমাত্র তার ওপর ভিত্তি করে আমরা রোগ নির্ণয় এবং এর চিকিৎসা নির্ধারণ করতে পারি না। মেজাজ এবং চিন্তাধারা মূল্যায়নের জন্য সঠিক মনস্তাত্ত্বিক মূল্যায়ন প্রয়োজন। সলুপ্রেড হলো প্রেডনিসোলোন এবং স্টেরয়েড আপনার মেজাজ এবং মনস্তাত্ত্বিক চিন্তাভাবনাকে আরও খারাপ করতে পারে। স্টেরয়েডজনিত মানসিক ব্যাধির পর্যালোচনা রয়েছে। তাই যত দ্রুত সম্ভব সঠিকভাবে পরামর্শ নিন। যদি প্রয়োজন হয়, তবে মুড সুইং কমাতে ওষুধের ডোজ সমন্বয় করা প্রয়োজন। আরও কোনো প্রশ্ন থাকলে নির্দ্বিধায় জিজ্ঞাসা করতে পারেন। ধন্যবাদ। আপনাকে সাহায্য করতে পেরে আমি আনন্দিত। শুভেচ্ছা, নাসেনিয়া ডক।"
12803,"হেলো, নাসেনিয়া ডক ফোরামে আপনাকে স্বাগতম। আপনার রক্তে শর্করার মাত্রা বেশি বলে মনে হচ্ছে, যার অর্থ আপনি ডায়াবেটিক হতে পারেন। অথবা মূত্রনালীর সংক্রমণও থাকতে পারে। যদি আপনার অন্তত একবার সংক্রমণ হয়ে থাকে, তবে এটি গনোরিয়া হতে পারে। আমি আপনাকে রোগ নির্ণয় এবং চিকিৎসার জন্য একজন চিকিৎসকের পরামর্শ নেওয়ার পরামর্শ দিচ্ছি। এই ধরনের রোগের বিরুদ্ধে ভালো প্রতিরোধ ক্ষমতা গড়ে তুলতে প্রচুর পরিমাণে সবুজ শাকসবজি, ডাল, অঙ্কুরিত শস্য এবং প্রোটিন সমৃদ্ধ খাবার খান। আপনার দ্রুত এবং সম্পূর্ণ সুস্থতা কামনা করছি। ধন্যবাদ।"
27365,"নাসেনিয়া ডকে আপনার প্রশ্নের জন্য ধন্যবাদ। আমি আপনার উদ্বেগ বুঝতে পারছি। হ্যাঁ, আপনার অবশ্যই একজন ডাক্তারের পরামর্শ নেওয়া উচিত এবং নিম্নলিখিত পরীক্ষাগুলো করানো উচিত: ১. শ্বাসতন্ত্রের ক্লিনিকাল পরীক্ষা ২. ফুসফুসের সংক্রমণ আছে কিনা তা নিশ্চিত করতে বুকের এক্স-রে ৩. ব্রঙ্কাইটিস আছে কিনা তা নিশ্চিত করতে পিএফটি (পালমোনারি ফাংশন টেস্ট)। ভাইরাল আপার রেসপিরেটরি ট্র্যাক্ট ইনফেকশন (ইউআরআই)-এর পরে ফুসফুসের সংক্রমণ এবং ব্রঙ্কাইটিস উভয়ই সাধারণ। এবং উভয়ই একই ধরনের উপসর্গ সৃষ্টি করতে পারে। তাই প্রথমে রোগ নির্ণয় করা এবং তারপর উপযুক্ত চিকিৎসা শুরু করা ভালো। আশা করি আমি আপনার প্রশ্নের সমাধান করতে পেরেছি। আপনাকে আরও সাহায্য করতে পারলে আমি খুশি হব। আপনার সুস্বাস্থ্য কামনা করি। ধন্যবাদ।"
87840,"হেলো! অনুসন্ধানের জন্য ধন্যবাদ। না, এটি স্বাভাবিক কোনো বিষয় নয়। পুঁজ ভরা ফোলা সাধারণত স্থানীয় ত্বকের সংক্রমণের লক্ষণ। যদি এটি চুলের কাছাকাছি হয়, তবে ফলিকল প্রদাহ হওয়ার সম্ভাবনা সবচেয়ে বেশি। এটি সবার ক্ষেত্রেই ঘটতে পারে এবং সাধারণত কোনো সমস্যা সৃষ্টি করে না। তবে, চ্যাট ডাক্তারের সাথে কথা বলার পর, কখনও কখনও শক্ত নিরাময় হতে থাকা ফোলা রক্তে শর্করার মাত্রা বেড়ে যাওয়ার লক্ষণ হতে পারে। ইতিমধ্যে অনুগ্রহ করে এটি পরিষ্কার রাখুন। আশা করি এটি সাহায্য করবে। শুভেচ্ছা।"
14038,"হেলো, আমি আপনার কেসটি পর্যালোচনা করেছি। শ্বাসকষ্ট থোরাসিক নার্ভের সমস্যা বা ফুসফুসের প্যারেনকাইমাল রোগের কারণে হতে পারে। আপনার এইচআরসিটি (HRCT), পিএফটি (PFT), মেরুদণ্ডের এমআরআই (MRI), ইএমজি-এনসিভি (EMG-NCV) এর মতো পরীক্ষাগুলো করার প্রয়োজন হতে পারে। আমি আপনাকে ক্লিনিকাল পরীক্ষা এবং পরবর্তী অনুসন্ধানের জন্য একজন অর্থোপেডিক সার্জনের সাথে পরামর্শ করার পরামর্শ দেব। এই লক্ষণগুলোর জন্য ব্রঙ্কোডাইলেটর এবং নিউরোট্রফিক ওষুধ শুরু করা যেতে পারে। আমি আপনার ভিটামিন বি১২ এবং ভিটামিন ডি৩-এর মাত্রা পরীক্ষা করার পরামর্শ দেব। আশা করি এটি আপনার প্রশ্নের উত্তর দিয়েছে। আপনার যদি আরও কোনো প্রশ্ন বা ফলো-আপ জিজ্ঞাসা থাকে, তবে আমাদের লিখতে দ্বিধা করবেন না। আমি আপনার প্রশ্নের উত্তর দিতে পেরে খুশি হব। আপনার সুস্বাস্থ্য কামনা করছি। ভালো থাকবেন।"
103189,"হেলো! শুভ সন্ধ্যা। আমি নাসেনিয়া ডক, আপনার প্রশ্নের উত্তর দিচ্ছি। আমি যদি আপনার ডাক্তার হতাম, তবে অন্ত্রের সংক্রমণের সম্ভাবনা এড়াতে আপনাকে বাইরের খাবার খাওয়া এড়িয়ে চলার পরামর্শ দিতাম। ওভা এবং সিস্টের জন্য মল পরীক্ষা করলে এটি নির্ণয় করা সম্ভব হবে এবং চিকিৎসা আপনার সমস্যার সমাধান করবে। এছাড়া, আমি আপনাকে একটি প্রো-বায়োটিক সেবনের পরামর্শ দিতাম। এছাড়া, আপনার মনে হয় এমন কোনো খাবারের নিয়মিত সংযোজন বা বর্জনের মাধ্যমে কোনো খাদ্য অ্যালার্জি আছে কি না তা নিশ্চিত করতে হবে, যা আপনার উপসর্গগুলোকে বাড়িয়ে তুলতে পারে। আমি আশা করি এই তথ্যটি আপনার সমস্যার পরবর্তী ব্যবস্থাপনার বিষয়ে আপনার পারিবারিক চিকিৎসক বা আপনার চিকিৎসা প্রদানকারী ডাক্তারের সাথে আলোচনা করতে সাহায্য করবে। কোনো সন্দেহ থাকলে নির্দ্বিধায় জিজ্ঞাসা করবেন। আপনার স্বাস্থ্য সমস্যার বিষয়ে সন্দেহ দূর করতে নাসেনিয়া ডককে বেছে নেওয়ার জন্য ধন্যবাদ। আমি আপনার দ্রুত আরোগ্য কামনা করি। নাসেনিয়া ডক।"
109991,"হেলো, আপনার যে ব্যথা হচ্ছে তা আপনার অন্ত্রের ভেতরে অতিরিক্ত গ্যাস জমার কারণে হতে পারে। আমি আপনাকে গ্যাসের জন্য ডাইমেথিকোন এবং অন্ত্রের ফ্লোরা ঠিক করার জন্য প্রোবায়োটিক গ্রহণ শুরু করার পরামর্শ দিচ্ছি। যদি আপনার পেটে ব্যথার সাথে মলত্যাগের পরিবর্তনও থাকে, তবে আমি আপনার মল পরীক্ষা (ওভা/প্যারাসাইট) এবং কালচার করার পরামর্শ দিচ্ছি। পেটের কোনো সমস্যা আছে কি না তা নিশ্চিত করার জন্য পেটের আল্ট্রাসাউন্ড করা প্রয়োজন। উপসর্গগুলো উপশম হতে কয়েক দিন সময় লাগবে। যদি ওষুধ শুরু করার এক মাসের মধ্যেও আপনার ব্যথা থাকে, তবে আরও মূল্যায়নের জন্য পেটের সিটি-স্ক্যানের প্রয়োজন হতে পারে। নাসেনিয়া ডক।"
102067,"হেলো, আপনার মায়ের সংক্ষিপ্ত ইতিহাস জানানোর জন্য ধন্যবাদ। আপনি যেমনটি উল্লেখ করেছেন যে তার হাঁটুতে অস্ত্রোপচার হয়েছে, এর সাথে এর কোনো সম্পর্ক নেই। সাধারণত তার বিপাক প্রক্রিয়া ধীর হয়ে যায়, যার ফলে তিনি দুর্বল বোধ করছেন। এছাড়া, অনুগ্রহ করে বুঝুন যে অস্ত্রোপচারের কারণে তার চলাফেরার ক্ষমতা কমে গেছে, যা তাকে অনেক দুর্বলতার দিকে ঠেলে দিয়েছে। কারণ কোষের বিপাক প্রক্রিয়া ধীর। শরীরকে পুনরায় সর্বোত্তম ফলাফলের সাথে মানিয়ে নিতে হবে, যা উদ্বেগের বিষয় নয়। এছাড়া, সতর্কতার জন্য রক্ত ও প্রস্রাবের কালচার পরীক্ষা করা হলে কোনো সংক্রমণ হয়েছে কি না তা জানা যাবে। অন্যথায়, আমার ব্যক্তিগত অভিজ্ঞতা থেকে আমার মনে হয় না যে হাঁটু অস্ত্রোপচারের কারণে তার জ্বর হয়েছে। বিপাক প্রক্রিয়ার ধীরগতির কারণে শরীরের তাপমাত্রা এবং শারীরিক কার্যক্ষমতা কিছুটা বৃদ্ধি পেতে পারে। তাকে নিয়মিত ব্যায়াম করতে দিন কারণ এটি শক্তি ও বিপাক প্রক্রিয়া উন্নত করতে সাহায্য করবে। এছাড়া, নিয়মিত শ্বাস-প্রশ্বাসের ব্যায়াম তাকে সিস্টেমিক প্রয়োজনের জন্য অক্সিজেনযুক্ত রক্ত পেতে সাহায্য করবে। শুভেচ্ছা, জে, ইন নাসেনিয়া ডক।"
16092,"হেলো... তার কোলিক এইড, এন্টারোজারমিনা বা কোস্টালের প্রয়োজন নেই। সে ভাইরাল ডায়রিয়া থেকে সেরে উঠছে। একবার শুরু হলে এটি পুরোপুরি সেরে উঠতে ৫-৭ দিন সময় লাগবে। যদি না বাচ্চার প্রস্রাব কমে যায়, খুব নিস্তেজ বা অতিরিক্ত ঘুম পায়, মলের সাথে রক্ত যায় বা সবুজ পিত্তযুক্ত বমি হয়... তবে আপনার চিন্তার কিছু নেই। মলের সাথে রক্ত না থাকলে অ্যান্টিবায়োটিক ব্যবহারের প্রয়োজন নেই। অপ্রয়োজনে অ্যান্টিবায়োটিক ব্যবহার করলে তা অ্যান্টিবায়োটিক-জনিত ডায়রিয়া ঘটিয়ে পরিস্থিতি আরও খারাপ করতে পারে। আমি আপনাকে জিঙ্ক সাপ্লিমেন্ট ব্যবহার করার পরামর্শ দিচ্ছি।"
56890,"হেলো, এই ফোরামে আপনাকে স্বাগতম। আমি আপনার উদ্বেগ বুঝতে পারছি। ১০ মাস বয়সী শিশুর যোনিপথে রক্তপাতের কারণ হতে পারে আঘাত, যৌন নির্যাতন বা কম প্লেটলেট কাউন্টের কারণে রক্তপাত। আঘাত যোনিপথে রক্তপাতের সবচেয়ে সাধারণ কারণ, তাই গত ২ দিনে কোনো আঘাতের ইতিহাস থাকলে তা অবশ্যই জানান। কখনও কখনও কম প্লেটলেট কাউন্টের কারণে রক্তপাত হতে পারে, তবে এই ক্ষেত্রে সাধারণত শরীরে র‍্যাশ দেখা দেয়। ঋতুস্রাবের সময় শিশুটি খুব ছোট, তাই অবিলম্বে একজন ডাক্তারের মাধ্যমে পরীক্ষা করানো আবশ্যক। আশা করি এটি আপনাকে সাহায্য করবে। ভালো থাকবেন।"
87983,"হেলো সানা, আপনার প্রশ্নের জন্য ধন্যবাদ। গর্ভধারণের জন্য ডিম্বস্ফোটন প্রয়োজন। আপনার আল্ট্রাসাউন্ডের সঠিক ফলাফল আমি জানি না, তাই আপনার ব্যবস্থাপনা সম্পর্কে আমার পক্ষে মন্তব্য করা কঠিন। আমার ফল হলো ফলিক অ্যাসিড, যা একটি প্রয়োজনীয় ভিটামিন এবং এটি সুপারিশ করা হয় যে সমস্ত গর্ভবতী নারী এবং যারা গর্ভধারণের চেষ্টা করছেন তাদের অবশ্যই এটি গ্রহণ করা উচিত। এই পদ্ধতিটি কিছু জন্মগত ত্রুটির প্রকোপ কমাতে খুব সহায়ক। শুভকামনা।"
5589,"হেলো, প্রিয়, নাসেনিয়া ডকে আপনার অনুসন্ধানের জন্য ধন্যবাদ। প্রিয়, আমি আপনার অনুসন্ধানটি পড়েছি এবং আপনার তথ্যের প্রেক্ষাপটে তা পর্যালোচনা করেছি। আমি আপনার স্বাস্থ্য সংক্রান্ত উদ্বেগগুলো বুঝতে পেরেছি এবং এ বিষয়ে চিন্তিত। আপনার তথ্যের ভিত্তিতে, মনে হচ্ছে আপনি বগলের নিচে ফাইব্রোসিস্টিক অ্যাডেনয়েডে ভুগছেন। এটি মূলত মাউন্টেন ডিউ বা উচ্চ মাত্রার ব্রোমিন গ্রহণের কারণে হতে পারে। কিছু রিপোর্ট এই দুটির মধ্যে সম্পর্ক নিশ্চিত করে, তাই আমি আপনাকে পপ (Pop) বন্ধ করার পরামর্শ দেব, যা আপনার ক্ষেত্রে মাউন্টেন ডিউ-এর কারণ হতে পারে। আশা করি এই উত্তরটি আপনাকে আপনার পরিবার এবং সেখানকার বিশেষজ্ঞ চিকিৎসকদের সাথে পরবর্তী চিকিৎসার পরিকল্পনা করতে সাহায্য করবে। নিজের যত্ন নিন, সুস্থ থাকুন এবং দীর্ঘজীবী হতে খারাপ খাবার এড়িয়ে চলুন। এ বিষয়ে আরও কোনো প্রশ্ন থাকলে স্বাগতম। দিনটি ভালো কাটুক!! নাসেনিয়া ডক। এন. সিনিয়র সার্জিক্যাল স্পেশালিস্ট। এস. জেনারেল-সিভিটিএস।"
62158,"হেলো, আপনার অনুসন্ধানের জন্য ধন্যবাদ। আপনি যে লক্ষণগুলোর কথা বর্ণনা করেছেন তা পেশীর টান বা মাসল স্ট্রেইনের লক্ষণ হওয়ার সম্ভাবনাই বেশি। ব্যথা থেকে মুক্তি পেতে এবং দ্রুত সেরে ওঠার জন্য"
58888,"হেলো, আপনার অনুসন্ধানের জন্য ধন্যবাদ। আপনি যে তথ্যগুলো দিয়েছেন তার ভিত্তিতে মনে হচ্ছে আমাদের মা ১০ দিন ধরে হাসপাতালে ভর্তি আছেন এবং কিডনি সংক্রমণের চিকিৎসা নিচ্ছেন, তবে তার প্রস্রাবের পরিমাণ উল্লেখযোগ্যভাবে কমে গেছে, যা নির্দেশ করে যে তার কিডনি সঠিকভাবে কাজ করছে না। কিডনির কাজ হলো প্রস্রাবের মাধ্যমে প্রোটিন বিপাকের বর্জ্য পদার্থ যেমন ইউরিয়া এবং ক্রিয়েটিনিন শরীর থেকে বের করে দেওয়া। যখনই কিডনির কার্যকারিতা ব্যাহত হয়, তখন এই বিষাক্ত বর্জ্য পদার্থগুলো রক্তে জমা হতে শুরু করে। ডায়ালাইসিস হলো এমন একটি প্রক্রিয়া যেখানে কৃত্রিম কিডনির মাধ্যমে রক্ত এই বর্জ্য পদার্থগুলো পরিষ্কার করে প্রস্রাবের সাথে বেরিয়ে আসে। এটি কিডনির কার্যকারিতা পুনরুদ্ধার করতে এবং সংকট থেকে বেরিয়ে আসতে সাহায্য করে। চিন্তা করবেন না এবং ডায়ালাইসিস নিতে অস্বীকার করবেন না, কারণ কিডনির কার্যকারিতা ফিরে পাওয়ার জন্য এটিই সর্বোত্তম চিকিৎসা।"
96526,"হেলো। আপনার অনুসন্ধানের জন্য এবং বিস্তারিত ইতিহাস জানানোর জন্য ধন্যবাদ। পেটের ভেতরে ক্ষত এবং এন্ডোমেট্রিওসিসের ইতিহাসের কারণে, হিস্টেরেক্টমি ইতিমধ্যে করা হয়েছে এবং এখন আপনার পেটে ব্যথা হচ্ছে, এর কারণ এই দুটির যেকোনো একটি হতে পারে। ডাইভার্টিকুলাইটিস পূর্ববর্তী অস্ত্রোপচারের সময় আগেই নির্ণয় করা যেত। আমি আপনাকে নিম্নলিখিত পরীক্ষাগুলো করার পরামর্শ দেব। রক্ত, প্রস্রাব এবং মলের রুটিন পরীক্ষা। পেটের কন্ট্রাস্ট এনহ্যান্সড সিটি স্ক্যান। প্রয়োজনে সিটি স্ক্যান বা এক্সপ্লোরেটরি ল্যাপারোটমির মাধ্যমে রোগ নির্ণয় ও চিকিৎসার জন্য এক্সপ্লোরেটরি ল্যাপারোটমি করা যেতে পারে।"
105053,"হেলো, নাসেনিয়া ডকে আপনাকে স্বাগতম। আমি আপনার প্রশ্নটি পুঙ্খানুপুঙ্খভাবে মূল্যায়ন করেছি। ১) ভালো ফলাফলের জন্য এই বর্ণনার সাথে প্রাথমিক কাজের পরামর্শগুলো নিচে দেওয়া হলো।"
43608,"নাসেনিয়া ডকে আপনার প্রশ্নের জন্য ধন্যবাদ। আমি আপনার উদ্বেগ বুঝতে পারছি। আমার মতে, আমাদের অবশ্যই প্রথমে হৃদরোগের সম্ভাবনা বাতিল করা উচিত কারণ বুকে ব্যথা, সামান্য পরিশ্রমে শ্বাসকষ্ট এবং হাতে ব্যথা হৃদরোগের ক্ষেত্রে সাধারণত দেখা যায়। তাই তাকে হাসপাতালে নিয়ে যান এবং রক্তচাপ পর্যবেক্ষণ, ইসিজি, টু-ডি ইকো এবং স্ট্রেস টেস্ট (ট্রেডমিল টেস্ট) করান। তার অ্যান্টিহাইপারটেনসিভ এবং অন্যান্য কার্ডিয়াক সাপোর্টিভ ওষুধের প্রয়োজন হতে পারে। চিন্তা করবেন না, তিনি ঠিক হয়ে যাবেন। আশা করি আমি আপনার প্রশ্নের সমাধান করতে পেরেছি। আপনাকে আরও সাহায্য করতে পারলে আমি খুশি হব। আপনার স্বামীর সুস্বাস্থ্য কামনা করছি। ধন্যবাদ।"
51508,"হেলো পিসা, বার্ধক্য রোধ করার জন্য সানস্ক্রিন, রেটিনয়েড (রেটিনল ক্রিম বা রেটিনয়েড), ভিটামিন সি ভিত্তিক ক্রিম, গ্লাইকোলিক অ্যাসিড ক্রিম, পেপটাইড, ইস্ট্রোজেন ভিত্তিক ক্রিম, কেমিক্যাল পিল, লেজার, মাইক্রোডার্মাব্রেশন, বোটক্স এবং ফিলার-এর মতো একাধিক বিকল্প উপলব্ধ রয়েছে। এগুলো ত্বকের প্রয়োজন অনুযায়ী একা বা সম্মিলিতভাবে ব্যবহার করা যেতে পারে। আপনার ক্ষেত্রে, আপনি প্রতিদিন থিসিয়াস (Theseus) যুক্ত সানস্ক্রিন দিয়ে শুরু করতে পারেন। ভিটামিন সি এবং অ্যান্টিঅক্সিডেন্ট সাপ্লিমেন্ট গ্রহণ করা উপকারী হবে। ভিটামিন সি কোলাজেন তৈরিতে সাহায্য করে এবং অ্যান্টিঅক্সিডেন্ট ফ্রি র‍্যাডিক্যাল ক্ষতি প্রতিরোধ করে। আপনার ত্বককে ভালো রাখতে আপনার ত্বকের জন্য উপযুক্ত একটি ভালো ময়েশ্চারাইজার ব্যবহার করুন। রেটিনয়েড (ভিটামিন এ ডেরিভেটিভ) ব্যবহারে কোনো ক্ষতি নেই। রেটিনয়েড কোলাজেন উৎপাদন ঘটায় এবং ত্বকের মৃত স্তরগুলোকে ঝরে পড়তে সাহায্য করে, ফলে সূক্ষ্ম রেখাগুলো কমতে সাহায্য করে। তবে, এটি আপনার ত্বকে জ্বালাপোড়া সৃষ্টি করতে পারে। রাতে অল্প পরিমাণে ব্যবহার করুন এবং মুখে ঘষবেন না। রেটিনয়েডের ক্ষেত্রে সকালে সানস্ক্রিন ব্যবহার করা বাধ্যতামূলক কারণ এটি ত্বককে সূর্যের আলোর প্রতি সংবেদনশীল করে তোলে। শুরুতে শুরুতে দুই ঘণ্টা ব্যবহার করুন এবং ত্বকের সংবেদনশীলতা কমে গেলে আপনি এটি সারারাত ব্যবহার করতে পারেন। যেহেতু আপনার বয়স এখনও ২৯, তাই বার্ধক্য রোধ করতে আপনি ভিটামিন এ, সি, ই যুক্ত নাইট ক্রিমও ব্যবহার করতে পারেন। রেটিনয়েডের তুলনায় এই ধরনের ক্রিমে জ্বালাপোড়া হওয়ার সম্ভাবনা কম। আশা করি এটি আপনার প্রশ্নের উত্তর দিয়েছে। ভালো থাকবেন।"
61940,"হেলো, ডেইরি, আমি আপনার প্রশ্নটি দেখেছি। আমি আপনার উদ্বেগ বুঝতে পারছি। আপনার মেয়ের খিঁচুনি হয়েছে, তাই তাকে এনকোরেট (সোডিয়াম ভ্যালপ্রোয়েট) দেওয়া হয়েছে। সাধারণত এটি লিভারের কার্যকারিতাকে খুব একটা প্রভাবিত করে না। ওজন বৃদ্ধি, ত্বকে র‍্যাশ, চুল পড়া, ডায়রিয়া হলো এর সাধারণ পার্শ্বপ্রতিক্রিয়া। তার লিপিড প্রোফাইল টেস্টে কিছু সমস্যা আছে। তার পুনরায় লিপিড প্রোফাইল পরীক্ষা করা উচিত। চিন্তা করবেন না, এটি স্বাভাবিক হয়ে যাবে। আপনার চিকিৎসকের পরামর্শ অনুযায়ী এনকোরেট চালিয়ে যান। আশা করি আমি আপনার প্রশ্নের উত্তর দিতে পেরেছি, যদি আপনার কোনো সন্দেহ থাকে তবে আমার সাথে bit.ly/ নাসেনিয়া ডক-এ যোগাযোগ করুন। নাসেনিয়া ডক ব্যবহার করার জন্য ধন্যবাদ। আপনার সুস্বাস্থ্য কামনা করি।"
76632,"হেলো, নাসেনিয়া ডকে আপনাকে স্বাগতম। যেহেতু আপনার মেয়ের ধুলোতে অ্যালার্জি আছে, তাই তার খুব সতর্ক থাকা উচিত, অন্যথায় এটি জীবনের জন্য বিপজ্জনক হতে পারে। আমি তাকে অ্যাবসোলিউট ইওসিনোফিল কাউন্ট (AEC) পরীক্ষা করার পরামর্শ দেব, যা অ্যালার্জির অবস্থায় বেড়ে যায়। বর্তমান উপসর্গের জন্য আপনি তাকে ট্যাব মন্টে এলসি (Tab Monte LC) দিতে পারেন যা উপসর্গ নিয়ন্ত্রণে সাহায্য করে, তবে এটি সাময়িক। এই অ্যালার্জির উপসর্গ থেকে নিজেকে রক্ষা করতে তাকে ধুলোর অ্যালার্জেনগুলো এড়িয়ে চলতে হবে। আমি তাকে স্কিন প্রিক টেস্ট (SPT) করার পরামর্শ দেব যাতে কোন ধরনের ধুলোর কারণে এই উপসর্গগুলো হচ্ছে তা শনাক্ত করা যায় এবং তাকে সেই ধুলোর সংস্পর্শ থেকে দূরে রাখা যায়। অন্যথায়, আপনি সাবকিউটেনিয়াস ইমিউনোথেরাপি (SUIT) বা সাবলিঙ্গুয়াল ইমিউনোথেরাপি (SLIT)-এর মাধ্যমে ইমিউনোথেরাপি নিতে পারেন। ধন্যবাদ।"
93606,"হেলো, বায়োটিনের কারণে কোমরের নিচের দিকে সমস্যা হওয়ার সম্ভাবনা কম। বায়োটিন হলো পানিতে দ্রবণীয় একটি ভিটামিন যা শরীরে প্রবেশের পর গলে যায় এবং প্রস্রাবের মাধ্যমে শরীর থেকে বেরিয়ে যায়। ১০০০ মাইক্রোগ্রাম বায়োটিন গ্রহণ করলে শরীরের অতিরিক্ত বায়োটিন শরীর থেকে বেরিয়ে যায়। তবে, বেশি মাত্রায় গ্রহণ করলে এটি পেটের সমস্যা, মুখ লাল হয়ে যাওয়া এবং ত্বকের অ্যালার্জির কারণ হতে পারে। কোমরের নিচের দিকের ব্যথা আপনার পেশী, কিডনি বা মেরুদণ্ডের স্নায়ুর কোনো সমস্যার কারণে হতে পারে। সঠিক ক্লিনিকাল পরীক্ষা এবং চিকিৎসার জন্য আপনার ডাক্তারের সাথে পরামর্শ করার পরামর্শ দেওয়া হচ্ছে। আশা করি আমি আপনার প্রশ্নের উত্তর দিতে পেরেছি। আমি আপনাকে আরও কোনোভাবে সাহায্য করতে পারি কিনা তা আমাকে জানান।"
5109,"হেলো, গর্ভাবস্থার অবস্থা এবং গর্ভকালীন বয়স পরীক্ষা করার জন্য আপনাকে একটি টিভিএস স্ক্যান এবং বিটা-এইচসিজি রক্ত পরীক্ষা করাতে হবে। এরপর পরবর্তী চিকিৎসার জন্য আপনাকে একজন স্ত্রীরোগ বিশেষজ্ঞের সাথে পরামর্শ করতে হবে। গর্ভপাত সম্পন্ন করার জন্য আপনাকে ডি অ্যান্ড সি (D&C) করাতে হতে পারে। অন্যথায়, যদি সমস্ত রিপোর্ট স্বাভাবিক সীমার মধ্যে থাকে এবং গর্ভপাতের কোনো লক্ষণ না থাকে, তবে আপনি চাইলে আপনার গর্ভাবস্থা চালিয়ে যেতে পারেন। শুভকামনা।"
89173,"হেলো! অনুসন্ধানের জন্য ধন্যবাদ। ব্যথার স্থান না জেনে সঠিক উত্তর দেওয়া সত্যিই কঠিন। আপনার ব্যথা কোনো স্নায়ুর আঘাত (নিতম্ব এলাকায়) বা অঙ্গের আঘাতের কারণে হতে পারে। এমনকি যদি আঘাত সরাসরি পেটে না লেগে থাকে, তবুও এটি আঘাতপ্রাপ্ত হতে পারে। অনুগ্রহ করে আপনার ডাক্তারের সাথে দেখা করুন এবং পেটের আল্ট্রাসাউন্ড ও রক্ত পরীক্ষা করান। যদি গুরুতর কিছু ঘটে থাকে, তবে পেটে তরল জমা বা হিমোগ্লোবিনের মাত্রা কম থাকা উচিত। আশা করি এটি সাহায্য করবে। শুভেচ্ছা।"
30105,"হেলো এবং নাসেনিয়া ডকে আপনাকে স্বাগতম, আপনার অনুসন্ধানের জন্য ধন্যবাদ। এই ফলাফলগুলো যক্ষ্মা শরীরের কোন অংশে হয়েছে তা প্রকাশ করতে পারে না এবং যক্ষ্মার উৎস যাচাই করার জন্য আপনাকে এমআরআই (MRI) বা পেট সিটি (PET CC)-এর মতো আরও কিছু বিস্তারিত ইমেজিং পরীক্ষা করতে হবে। এই রক্ত পরীক্ষার ফলাফলগুলো যক্ষ্মার কারণে প্রদাহ নির্দেশ করে। আপনার উপসর্গগুলো সিস্টেমিক সংক্রমণের ইঙ্গিত দেয় এবং আপনার চিকিৎসা চালিয়ে যাওয়া উচিত, তবে এই মুহূর্তে যক্ষ্মা কতটা ছড়িয়েছে তা যাচাই করার জন্য আমি যে পরীক্ষাগুলোর পরামর্শ দিয়েছি তা অবশ্যই করবেন। আপনার সুস্বাস্থ্য কামনা করি। শুভেচ্ছা।"
46556,"আমি আপনাকে আপনার ওজন সম্পর্কে এবং কতদিন ধরে আপনি পিঠের ব্যথায় ভুগছেন তা জানতে চাই। হ্যাঁ, লক্ষণগুলো একভাবে সম্পর্কিত, তবে আমি আরও সুনির্দিষ্ট হতে চাই, যেমন আপনার কি কোনো অসাড়তা বা অনুভূতিহীনতা আছে এবং ব্যথা কি পিঠ বা কোমর থেকে পা ও আঙুলের দিকে ছড়িয়ে পড়ছে... যদি হ্যাঁ হয় এবং আপনি স্থূল হন, তবে এটি সায়াটিকা হতে পারে এবং হ্যাঁ, বিশ্রাম এবং পেশী শিথিলকারী ওষুধে এটি উপশম হয়। কিছু ক্লিনিকাল পরীক্ষা আপনার জন্য সায়াটিকা নিশ্চিত করবে। আমি আপনাকে ভারী ওজন তোলা থেকে বিরত থাকার, মেঝে থেকে বসার বা ওঠার চেষ্টা না করার এবং কাজ করার সময় বা বসার সময় সঠিক অঙ্গভঙ্গি বজায় রাখার এবং ফিজিওথেরাপি নেওয়ার পরামর্শ দিচ্ছি।"
21718,"হেলো, ডেইরি, আমি আপনার প্রশ্নটি দেখেছি। আমি আপনার উদ্বেগ বুঝতে পারছি। তার বগলের লিম্ফ নোড বড় হয়ে যাওয়া, কোনো সিস্ট বা সফট টিস্যু টিউমার থাকতে পারে। তার সেই পিণ্ডের ফাইন নিডল অ্যাসপিরেশন সাইটোলজি (FNAC) বা বায়োপসি করা উচিত। এটি আপনাকে সঠিক রোগ নির্ণয় করতে সাহায্য করবে। তারপর সেই অনুযায়ী তার চিকিৎসা নেওয়া উচিত। আশা করি আমি আপনার প্রশ্নের উত্তর দিতে পেরেছি, যদি আপনার কোনো সন্দেহ থাকে তবে আমার সাথে bit.ly/ নাসেনিয়া ডক-এ যোগাযোগ করুন। নাসেনিয়া ডক ব্যবহার করার জন্য ধন্যবাদ। আপনার সুস্বাস্থ্য কামনা করি।"
46663,নাসেনিয়া ডকে আপনার প্রশ্নের জন্য ধন্যবাদ। আমার মতে আপনার ভাইরাল আপার রেসপিরেটরি ট্র্যাক্ট ইনফেকশন (ইউআরআই) হয়েছে এবং এর কারণে আপনার ব্রঙ্কাইটিস ও হাঁপানির সমস্যা আরও বেড়ে গেছে। ভাইরাল সংক্রমণ হাঁপানি বা ব্রঙ্কাইটিস বেড়ে যাওয়ার একটি পরিচিত ঝুঁকির কারণ। তাই একজন পালমোনোলজিস্টের (ফুসফুস বিশেষজ্ঞ) সাথে পরামর্শ করা এবং পিএফটি (পালমোনারি ফাংশন টেস্ট) করানো ভালো। হাঁপানি এবং ব্রঙ্কাইটিস নির্ণয়ের জন্য পিএফটি প্রয়োজন। এটি রোগের তীব্রতা সম্পর্কেও জানায়। আর চিকিৎসা শুধুমাত্র তীব্রতার ওপর নির্ভর করে। তাই আপনার ইনহেলড ব্রঙ্কোডাইলেটর এবং অ্যান্টিহিস্টামিনের প্রয়োজন হতে পারে। সুতরাং আপনার কাশি মূলত অনিয়ন্ত্রিত হাঁপানি বা ব্রঙ্কাইটিসের কারণে হচ্ছে। একজন পালমোনোলজিস্টের সাথে পরামর্শ করে সেই অনুযায়ী চিকিৎসা শুরু করা ভালো।
34258,"হেলো প্রিয়, এত অল্প বয়সে স্মৃতিশক্তির দুর্বলতা সঠিকভাবে মূল্যায়ন করা প্রয়োজন। আপনার অবশ্যই একটি স্ক্রিনিং ব্রেইন এমআরআই (MRI) করানো উচিত। রক্ত পরীক্ষার মধ্যে ভিটামিন বি ১২ এবং ফলিক অ্যাসিডের মাত্রা, থাইরয়েড প্রোফাইল, সিরাম ইউরিয়া, ক্রিয়েটিনিন এবং রক্তে শর্করার মাত্রা অন্তর্ভুক্ত থাকবে। সঠিক পরীক্ষা ও মূল্যায়নের জন্য আপনার একজন স্নায়ুরোগ বিশেষজ্ঞের (নিউরোলজিস্ট) পরামর্শ নেওয়া উচিত। বিষণ্নতার মূল্যায়নের জন্য আপনি একজন মনোরোগ বিশেষজ্ঞের (সাইকিয়াট্রিস্ট) সাথে দেখা করতে পারেন। আশা করি আপনি দ্রুত সুস্থ হয়ে উঠবেন, ঈশ্বর আপনার মঙ্গল করুন।"
104980,"গিলবার্ট সিনড্রোম নাসেনিয়া ডক। আপনার লিভারে নির্দিষ্ট এনজাইমের অভাবের কারণেই লিভারের কিছু পরীক্ষা বেড়ে যায়। মানুষ এতে ভোগে না, আপনাকে শুধু যা দেখতে হবে তা হলো চোখের সাদা অংশ হলুদ হয়ে যাওয়া (স্বাভাবিক সাদার পরিবর্তে হলুদ হওয়া), বিশেষ করে অ্যালকোহল পানের পর। অথবা কিছু ওষুধের কারণেও এমনটা হতে পারে। তবে আপনার চিন্তার কিছু নেই, লক্ষ লক্ষ মানুষেরই এমনটা হয়। তাই জীবন উপভোগ করুন এবং আপনার সুস্থ জীবন বজায় রাখুন।"
21446,"হেলো, আমাদের কাছে লেখার জন্য ধন্যবাদ। ১১ দিন আগে পিত্তথলির অস্ত্রোপচার হয়েছে, আমার মনে হয় অস্ত্রোপচারের ক্ষত শুকানোর জন্য আপনাকে আরও কিছুটা সময় দিতে হবে। আপনার তীব্র ব্যথার জন্য আমি সহানুভূতি প্রকাশ করছি এবং আপনার জরুরি বিভাগে (ER) যাওয়া যুক্তিযুক্ত। পিত্তথলির অস্ত্রোপচারের পর, ছোট নালীতে কিছু ছোট পাথর থাকতে পারে যার মধ্য দিয়ে পিত্ত ডিউডেনামে (সাধারণ পিত্তনালী) যায়। এটি ব্যথার কারণ হতে পারে। পিত্ত প্রবাহে কোনো বাধার কারণেও ব্যথা হতে পারে, যা কিছু রোগীর ক্ষেত্রে ঘটে এবং এটি আপনার জিআই ডাক্তারের মাধ্যমে পরীক্ষা করানো প্রয়োজন। আশা করি এটি আপনাকে সাহায্য করবে।"
106800,"হেলো, আপনার প্রশ্নটি পড়ার পর আমি আপনার উদ্বেগ বুঝতে পেরেছি। আমি আপনাকে জানাতে চাই যে আপনার বাবার জরুরি চিকিৎসা প্রয়োজন কারণ তার হার্ট অ্যাটাক হয়ে থাকতে পারে এবং এখন তার এনজাইনা অস্থিতিশীল হয়ে পড়েছে। তার বমি, অতিরিক্ত ঘাম এবং ৯০% ধমনী ব্লক থাকার মতো লক্ষণগুলো সাধারণত হার্ট অ্যাটাকের ইঙ্গিত দেয়। আপনার জন্য পরামর্শ হলো, ব্যক্তিগতভাবে একজন হৃদরোগ বিশেষজ্ঞের (কার্ডিওলজিস্ট) সাথে পরামর্শ করুন এবং রোগটি মূল্যায়নের জন্য তার এনজিওগ্রাফি করান। তার হৃদযন্ত্রের কার্যকারিতা রক্ষা করতে এবং লক্ষণগুলো থেকে মুক্তি পেতে তার এনজিওপ্লাস্টির প্রয়োজন হবে। আশা করি এটি আপনার প্রশ্নের উত্তর দেবে। শুভেচ্ছা রইল।"
11922,"যেহেতু তার ২ সপ্তাহ ধরে জ্বর ও কাশি রয়েছে, তাই এই সমস্যার সঠিক কারণ খুঁজে বের করার জন্য রক্ত পরীক্ষা, প্রস্রাব পরীক্ষা এবং বুকের এক্স-রে-এর মতো কিছু পরীক্ষা করিয়ে নেওয়া ভালো। খাবার কম খাওয়ার ফলে প্রস্রাব ঘন হয়ে যাওয়ার কারণে প্রস্রাবের রঙ গাঢ় হতে পারে। তাকে বেশি করে তরল খাবার, ওআরএস (ORS) সলিউশন, জুস ইত্যাদি খেতে দিন। রিফাম্পিসিন, মেট্রোনিডাজল, সালফাস্যালাজিন ইত্যাদির মতো অ্যান্টিবায়োটিক প্রস্রাবের রঙের পরিবর্তন ঘটাতে পারে, তবে এগুলো আপনার ডাক্তারের পরামর্শ অনুযায়ী সেবন করার সম্ভাবনা কম।"
96407,"নাসেনিয়া ডকে আপনাকে স্বাগতম। আমি আপনার প্রশ্নটি দেখেছি এবং আপনার চিকিৎসক হিসেবে আমি আপনার স্বাস্থ্য সংক্রান্ত উদ্বেগগুলো পুরোপুরি বুঝতে পারছি। আপনি কতদিন ধরে এই সমস্যায় ভুগছেন? এর সাথে অন্য কোনো সমস্যা আছে কি? যেমন ডায়াবেটিস? ৪০ বছর বয়সের আগে উচ্চ রক্তচাপের কারণ অনুসন্ধান করা সবসময়ই উচিত। আমি যদি আপনার দায়িত্বরত চিকিৎসক হতাম, তবে আমি আপনার কিডনি, রেনাল ধমনী এবং নাসেনিয়া ডক পরীক্ষা করতাম। সমস্ত সম্ভাব্য কারণগুলো বাদ দেওয়ার পর, আমরা এটিকে নিরাপদে এসেনশিয়াল হাইপারটেনশন হিসেবে চিহ্নিত করতে পারি। দ্বিতীয়ত, উচ্চ রক্তচাপের চিকিৎসা শুরু করার পর আমি এর জটিলতা এবং অন্যান্য ঝুঁকির কারণগুলোও খতিয়ে দেখতাম। ভবিষ্যতের রেফারেন্সের জন্য আপনার একটি বেসলাইন ইসিজি, বুকের এক্স-রে, সিরাম কোলেস্টেরলের মাত্রা এবং ইউরিয়া ক্রিয়েটিনিন পরীক্ষা করা উচিত। ইতিমধ্যে, শান্ত থাকুন এবং আপনার হৃদরোগ বিশেষজ্ঞের সাথে দেখা করুন। দ্রুত সুস্থ হয়ে উঠুন। আশা করি আপনার প্রশ্নের যথাযথ উত্তর দেওয়া হয়েছে।"
81295,"নাসেনিয়া ডকে পরামর্শের জন্য আপনাকে ধন্যবাদ। আমি আপনার উদ্বেগ বুঝতে পারছি। আপনার মেয়ে একটি সংক্রমণে ভুগছে যা সাধারণ সর্দির মতোই। যেহেতু সমস্যাটি তার গলায়, তাই গলা এবং মধ্যকর্ণের মধ্যে অভ্যন্তরীণ সংযোগ ব্যাহত হয়েছে, যা তার কানকে প্রভাবিত করছে। গলা সাইনাসের সাথেও সংযুক্ত এবং সাইনোসাইটিসের কারণে চোখের পেছনের ব্যথা অস্বাভাবিক, তাই সে চোখের ব্যথার অভিযোগ করছে। তবে পরিশেষে, এই সমস্ত লক্ষণ একই সংক্রমণের বহিঃপ্রকাশ। এই মুহূর্তে আপনার চিন্তিত হওয়ার প্রয়োজন নেই। ডাক্তারের পরামর্শ মেনে চলুন। আপনার শিশুকে হালকা গরম পানি দিয়ে গার্গল করানো ভালো হবে। তার ব্যথা কমানোর জন্য আপনি ডিসপারসিবল ট্যাবলেট যোগ করতে পারেন। লেভোসেটিরিজিনের মতো কিছু অ্যান্টিঅ্যালার্জিক ওষুধও সহায়ক হতে পারে। আশা করি আমার উত্তরটি আপনার জন্য সহায়ক। আমি যেকোনো সময় সাহায্য করতে পেরে খুশি। নাসেনিয়া ডকে আরও স্পষ্টীকরণ এবং পরামর্শের জন্য স্বাগত। আপনার সন্তানের সুস্বাস্থ্য কামনা করি।"
43413,"হেলো, নাসেনিয়া ডকে আপনাকে স্বাগতম। আপনি কীভাবে নিশ্চিত হলেন যে আপনার সেডলিং ফাইব্রয়েড আছে? আমি জিজ্ঞাসা করছি কারণ সেডলিং ফাইব্রয়েড হলো অস্ত্রোপচারের সময় ধরা পড়া ছোট ফাইব্রয়েডের একটি শব্দ। এগুলো একটি আনুষঙ্গিক ফলাফল। এগুলো এতই ছোট যে আল্ট্রাসাউন্ডেও ধরা পড়ে না। চিন্তা করবেন না। আপনাকে যা করতে হবে তা হলো, এর আকার পর্যবেক্ষণ করার জন্য বছরে একবার আল্ট্রাসাউন্ড এবং একজন স্ত্রীরোগ বিশেষজ্ঞের মাধ্যমে পরীক্ষা করানো। তবে, যদি আপনি মাসিকের সময় অতিরিক্ত রক্তপাত বা খিঁচুনির মতো উপসর্গ অনুভব করেন, তবে আপনার কিছু ওষুধের প্রয়োজন হতে পারে।"
83999,"হেলো, হ্যাঁ, দাঁতের ফাঁক বন্ধ করার জন্য টিথ গ্যাপ ব্যান্ড বা অর্থোডন্টিক ব্যান্ড অবশ্যই কাজ করে। অটোফিল এবং অন্যান্য অর্থোডন্টিক ব্যান্ডের মতো পণ্যগুলো বিশেষভাবে তৈরি অর্থোডন্টিক ইলাস্টিক দিয়ে তৈরি, যা পেটেন্ট প্রিমিয়াম গ্রেড ইলাস্টিক পলিমার দিয়ে তৈরি এবং এতে কোনো ল্যাটেক্স থাকে না, এগুলো স্বাদহীন এবং খুব কমই দেখা যায়। বড় ফাঁকগুলো পুরোপুরি ভরাট হবে এমনটা আশা করা যায় না, তবে ছোট ফাঁকগুলো ভরাট করা নিশ্চিত, এতে ভালো ফলাফল পাওয়া যায়। আশা করি আমি আপনার প্রশ্নের উত্তর দিতে পেরেছি। আমি আপনাকে আরও কোনোভাবে সাহায্য করতে পারি কিনা তা জানাবেন। ভালো থাকবেন।"
65781,"হেলো প্রিয়, আপনার উদ্বেগ বুঝতে পারছি। আপনার দাঁতে ফোড়া হয়েছে এবং ডাক্তার আপনাকে অ্যান্টিবায়োটিক ও ব্যথানাশক ওষুধ দিয়েছেন, যা সঠিক ওষুধ। মুখের ফোলাভাব কারণ সংক্রমণ মুখের ভেতরের অন্যান্য অংশে যেমন মুখের মেঝে বা জিহ্বায় ছড়িয়ে পড়তে পারে এবং ফোলাভাব সৃষ্টি করে। অ্যালার্জির প্রতিক্রিয়ার সম্ভাবনা খুবই কম। আমি আপনাকে পরামর্শ দেব যে"
99786,"হেলো। এটি বেরির কারণে হতে পারে না কারণ যদি কোনো বাধা থাকত তবে পেট ফাঁপা, বমি এবং কোষ্ঠকাঠিন্য হতো। এটি অন্ত্রের সংক্রমণ হতে পারে কারণ আপনার ব্যথা প্রায় অবিরাম। একটি অ্যান্টিবায়োটিক, মেট্রোনিডাজল এবং প্রোবায়োটিকের একটি কোর্স সাহায্য করতে পারে। একজন ডাক্তারের সাথে পরামর্শ করা ভালো কারণ আপনার ক্লিনিকাল চিকিৎসা এবং প্রেসক্রিপশনও প্রয়োজন। নিরাপদ থাকার জন্য অন্য কোনো শারীরিক ক্ষত আছে কিনা তা নিশ্চিত করতে একটি আল্ট্রাসনোগ্রাফি করান।"
11938,"হেলো, যেহেতু আপনার ঘাড়ের চোয়ালের হাড়ের পেছনে এবং চিবুকের নিচে উভয় পাশে ব্যথা ও অস্বস্তি রয়েছে, এটি দাঁত তোলার সময় অতিরিক্ত আঘাতের ইঙ্গিত দেয়, যা হাড়, আশেপাশের পেশী এবং স্নায়ুর অতিরিক্ত ক্ষতির কারণ হতে পারে। তাই সেই সময়ে হাড় ও পেশীর ক্ষতির কারণে ব্যথা ও অস্বস্তি হতে পারে। চিবুকের নিচের অংশের ক্ষেত্রে, সংশ্লিষ্ট এলাকার স্নায়ু ক্ষতিগ্রস্ত হয়ে থাকতে পারে। সেই কারণেই ব্যথা এখনো রয়ে গেছে। সংক্রমণ এত দীর্ঘস্থায়ী হয় না এবং আপনি ইতিমধ্যে দীর্ঘ সময় ধরে অ্যান্টিবায়োটিক গ্রহণ করেছেন। তবে নিশ্চিত হওয়ার জন্য, একজন চিকিৎসকের পরামর্শ নিন এবং একটি ওপিজি এক্স-রে করিয়ে এখানে পোস্ট করুন। ইতিমধ্যে দিনে তিনবার অর্থোডক্স ব্যথানাশক ওষুধ সেবন করুন। আপনার দ্রুত আরোগ্য কামনা করছি। শুভেচ্ছা, নাসেনিয়া ডক।"
12769,"হেলো, আপনার পিরিয়ডের বিষয়ে বলতে গেলে, এই বয়সে অনিয়মিত হওয়া খুবই সাধারণ, কারণ এটি মেনোপজের সময়। ফাইব্রোমায়ালজিয়ার বিষয়টি শারীরিক হওয়ার চেয়ে মানসিক হওয়ার সম্ভাবনাই বেশি। আপনার উপসর্গ অনুযায়ী ব্যথার তীব্রতা কম হওয়া জরুরি নয়, বরং এটি ফাইব্রোমায়ালজিয়া বলেই মনে হচ্ছে। আপনার রুটিনে ব্যায়াম অন্তর্ভুক্ত করা, সময়মতো ঘুমানো এবং ঘুমের উন্নতি করা প্রয়োজন। নিজের যত্ন নেবেন। আশা করি আমি আপনার প্রশ্নের উত্তর দিতে পেরেছি। আরও কোনো সাহায্যের প্রয়োজন হলে আমাকে জানাবেন।"
60896,"হেলো! নাসেনিয়া ডকে জিজ্ঞাসা করার জন্য আপনাকে ধন্যবাদ! আমি আপনার প্রশ্নটি মনোযোগ সহকারে পড়েছি এবং আপনার উদ্বেগ বুঝতে পেরেছি। ইআর-এ করা ইসিজি এবং কার্ডিয়াক এনজাইমের মাত্রা কি অস্বাভাবিক ছিল? তার রক্তচাপ কত ছিল? এই লক্ষণগুলো কার্ডিয়াক অ্যারিথমিয়ার সাথে সম্পর্কিত হতে পারে। এছাড়া, অন্যান্য কারণগুলোও বিবেচনা করা উচিত।"
91084,"হেলো, আপনার সংক্ষিপ্ত ইতিহাস জানানোর জন্য ধন্যবাদ। যেহেতু আপনার দুটি অস্ত্রোপচার হয়েছে, এটি শুনে খুব খারাপ লাগছে। এই মুহূর্তে আপনার ফিজিওথেরাপি চেষ্টা করা উচিত এবং সেখান থেকে সাহায্য নেওয়া উচিত। যেহেতু এটি নন-ইনভেসিভ এবং নিরাপদ, তাই এটি সময়সাপেক্ষ এবং ধীরগতির হবে, তবে এটি আপনার শরীরের ওপর কাজ করবে এবং উপসর্গগুলো কমাতে সাহায্য করবে। আমি পিঠের অস্ত্রোপচার ব্যর্থ হতে দেখেছি এবং তাদের ওষুধ ও ফিজিওথেরাপির ওপর বসিয়েছি। সবকিছু ভালোভাবেই সম্পন্ন হয়েছে। আমি আপনার ক্ষেত্রেও একই আশা করছি। যা প্রয়োজন তা হলো ধৈর্য এবং অনুপ্রেরণা। ঈশ্বরের কৃপায় আপনি শীঘ্রই এই পরিস্থিতি থেকে বেরিয়ে আসবেন।"
84539,"হেলো, আপনার জিজ্ঞাসা অনুযায়ী আপনার টাক পড়ার লক্ষণ রয়েছে যা হেয়ার ফলিকলের সংবেদনশীলতার কারণে হয়। এটি বংশগত কারণ এবং পুষ্টির অভাবের কারণেও হতে পারে। চিন্তার কিছু নেই। আমি আপনাকে মেইনটপ লোশন ব্যবহার করার এবং ভালোভাবে ম্যাসাজ করার পরামর্শ দেব। আমি আপনাকে একজন ট্রাইকোলজিস্টের সাথে পরামর্শ করে সম্পূর্ণ পরীক্ষা করিয়ে এবং যথাযথ পরীক্ষার পর চিকিৎসা শুরু করার পরামর্শ দিচ্ছি। আপনার বায়োটিন এবং মাল্টিভিটামিন সাপ্লিমেন্ট নেওয়া উচিত এবং ফিনাস্টেরাইড মুখে সেবন করা উচিত। আপনার মাথার ত্বকে হালকা গরম নারিকেল তেল দিয়ে ম্যাসাজ করুন। সঠিক স্বাস্থ্যবিধি মেনে চলুন। আশা করি আমি আপনার প্রশ্নের উত্তর দিতে পেরেছি। আমি আপনাকে আরও কোনোভাবে সাহায্য করতে পারি কিনা তা আমাকে জানান।"
56488,"হেলো। নাসেনিয়া ডকে আপনাকে স্বাগতম। আমি আপনার প্রশ্নটি দেখেছি এবং আপনার উদ্বেগ বুঝতে পারছি। আপনার অভিযোগ অনুযায়ী, যেহেতু আপনার মাড়ির দাঁতে সংক্রমণ এবং বুকে ব্যথা রয়েছে, যদিও সংক্রমিত দাঁতের মধ্যে সরাসরি সম্পর্ক রয়েছে, যা রক্তের মাধ্যমে এন্ডোকার্ডিয়ামের অভ্যন্তরীণ স্তর এবং হৃদপিণ্ডের ভালভে সংক্রমণ ঘটাতে পারে এবং এই অবস্থাকে ব্যাকটেরিয়াল এন্ডোকার্ডাইটিস বলা হয়। তবে এটি অত্যন্ত বিরল এবং শুধুমাত্র বুকে ব্যথার মতো সিদ্ধান্তে আসা যায় না, কারণ এর অন্যান্য উপসর্গ যেমন হার্ট মারমার, জ্বর, কাঁপুনি, ফ্যাকাশে ভাব, দীর্ঘস্থায়ী কাশি ইত্যাদি থাকতে পারে। বুকে ব্যথা আরও অনেক কারণে হতে পারে যা হজমের সমস্যা যেমন অ্যাসিড রিফ্লাক্স এবং গ্যাস, হৃদরোগ বা শ্বাসতন্ত্রের সমস্যার সাথে সম্পর্কিত হতে পারে। ব্যথার সঠিক কারণ নির্ণয়ের জন্য আপনার একজন চিকিৎসকের পরামর্শ নেওয়া এবং মূল্যায়ন করা প্রয়োজন। সংক্রমিত এবং ভাঙা দাঁতের ক্ষেত্রে, আপনার একজন ডেন্টিস্টের সাথে অ্যাপয়েন্টমেন্ট নেওয়া উচিত এবং এক্স-রে সহ মূল্যায়ন করা উচিত যাতে দাঁতের সঠিক অবস্থা নির্ণয় করা যায় এবং দাঁত ফিলিং করে চিকিৎসা করা যায়। তবে সংক্রমণ গভীর হলে রুট ক্যানেল চিকিৎসার পর দাঁতে ক্যাপ লাগানো যেতে পারে। যদি দাঁত বাঁচানো সম্ভব না হয় তবে দাঁত তোলার প্রয়োজন হতে পারে এবং সমস্ত চিকিৎসার পাশাপাশি অ্যান্টিবায়োটিক ও ব্যথানাশক ওষুধ সেবন করতে হবে। আশা করি এই তথ্যটি আপনাকে সাহায্য করবে। আপনি যদি উত্তরটি সহায়ক মনে করেন, তবে অনুগ্রহ করে আমাকে ফাইভ-স্টার রিভিউ দিন এবং কৃতজ্ঞতাস্বরূপ 'ফাউন্ড দ্য অ্যানসার হেল্পফুল'-এ ক্লিক করুন। ধন্যবাদ ও শুভেচ্ছা। নাসেনিয়া ডক।"
104563,"হেলো, প্রশ্ন করার জন্য ধন্যবাদ। এই ২ বছর বয়সী শিশুর লিভার এনজাইম বৃদ্ধি এবং হেপাটোমেগালি লক্ষ্য করেছি। এখানে বিপাকীয় ব্যাধি থাকার সম্ভাবনা রয়েছে, যেমন গ্লাইকোজেন স্টোরেজ ডিসঅর্ডার বা টাইরোসিন। বিস্তারিত পরীক্ষা-নিরীক্ষা এবং সম্পূর্ণ ইতিহাস নেওয়া প্রয়োজন। যদি লিভার বায়োপসির প্রয়োজন হয়, তবে প্যাথলজিক্যাল পরীক্ষার জন্য তা করা হতে পারে। নিম্যান পিক ডিজিজ বা উইলসন ডিজিজও জন্মগত কারণ হতে পারে। এবং হ্যাঁ, পরিশেষে কনজেনিটাল হিমোলাইটিক অ্যানিমিয়াও বাদ দেওয়া প্রয়োজন। যদি প্রয়োজন হয়, তবে সিকল সেল বা এই জাতীয় কিছু আছে কিনা তা নিশ্চিত করার জন্য রক্তের নমুনা থেকে ইলেক্ট্রোফোরেসিস করা যেতে পারে। আশা করি আপনার সমস্যার সমাধান হয়েছে।"
24367,"হেলো, আমি আপনার কেসটি পর্যালোচনা করেছি। আপনার লক্ষণ অনুযায়ী ঘাড়ের ব্যথা সার্ভিকাল মেরুদণ্ডে ডিস্ক বাল্জের চাপের কারণে হতে পারে। আরেকটি সম্ভাবনা হলো থোরাসিক আউটলেট অবস্ট্রাকশন, যা রক্ত সঞ্চালনে বাধা সৃষ্টি করে ঠান্ডা অনুভূতির সৃষ্টি করে। মিথাইলকোবালামিন, মাসল রিলাক্স্যান্ট এবং ব্যথানাশক ওষুধের মতো কিছু ওষুধ ব্যথা কমাতে সাহায্য করবে, আপনি আপনার চিকিৎসকের পরামর্শ নিয়ে এগুলো সেবন করতে পারেন। এমআরআই এবং কালার ডপলার রোগ নির্ণয়ে সাহায্য করবে। এছাড়া আপনার রক্তে ভিটামিন বি১২-এর মাত্রা পরীক্ষা করুন। আশা করি এটি আপনাকে সাহায্য করবে। আপনার দ্রুত আরোগ্য কামনা করছি। ভালো থাকবেন।"
275,"হেলো, ইরেক্টাইল ডিসফাংশনের কারণগুলো হলো"
43795,"হেলো, আমি আপনার প্রশ্নটি পড়েছি এবং আপনাকে জানাতে চাই যে পোস্ট-ট্রমাটিক স্ট্রেস ডিসঅর্ডারে এসএসআরআই (SSRI) হলো প্রথম সারির চিকিৎসা। তবে যেহেতু এর সাথে আপনার পার্শ্বপ্রতিক্রিয়া হচ্ছে, তাই আপনি আপনার চিকিৎসকের কাছে বিকল্প ওষুধের জন্য জিজ্ঞাসা করতে পারেন। ভেনলাফ্যাক্সিন যা এসএআরআই (SARI) নামে পরিচিত, তা একটি ভালো বিকল্প। পিটিএসডি (PTSD)-তে ক্লোনাজেপামের কোনো প্রমাণিত উপকারিতা নেই, তবে এটি কিছু মানুষের ক্ষেত্রে কাজ করে। তবে এটি অভ্যাস গঠনকারী হওয়ায় আপনাকে আপনার চিকিৎসকের সাথে এটি নিয়ে আলোচনা করতে হবে। আশা করি এটি আপনার প্রশ্নের উত্তর দিয়েছে। আপনার যদি আরও কোনো প্রশ্ন থাকে, তবে নির্দ্বিধায় লিখতে পারেন। নাসেনিয়া ডক বেছে নেওয়ার জন্য আপনাকে ধন্যবাদ।"
104399,"হেলো, আপনার বিবরণ থেকে মনে হচ্ছে যে সম্ভবত আপনার মা হাঁটুর পোস্ট-ট্রমাটিক আর্থ্রাইটিসে ভুগছেন অথবা পিঠ থেকে ব্যথা ছড়িয়ে পড়ার সম্ভাবনা রয়েছে। পায়ে স্ট্রেস ফ্র্যাকচার হওয়ার সম্ভাবনাও খুব কম। এই সমস্যা থেকে মুক্তি পেতে আপনার নিচের পদক্ষেপগুলো নেওয়া উচিত।"
83028,"হেলো, নাসেনিয়া ডকে আপনাকে স্বাগতম। ত্বকে ফোলাভাব সংক্রান্ত আপনার প্রশ্নটি আমি দেখেছি। ঘুমের অভাব, মৌসুমী অ্যালার্জি এবং খাদ্যাভ্যাস, দুর্বল রোগ প্রতিরোধ ক্ষমতা - এসবই চোখের নিচে এবং পায়ে ফোলাভাবের সম্ভাব্য কারণ। আপনার জীবনযাত্রা এবং দৈনন্দিন রুটিনে কিছু পরিবর্তন চোখের নিচে এবং পায়ে হওয়া এই ফোলাভাব দূর করতে সাহায্য করতে পারে। লবণ খাওয়া বন্ধ করুন। লবণাক্ত খাবার আপনার শরীরে পানি ধরে রাখতে পারে, যার ফলে পেট ফাঁপা এবং ফোলাভাব দেখা দেয়। আপনার খাদ্যতালিকায় পানি যোগ করুন এবং উচ্চ জলযুক্ত খাবার খান। কিছু জল সমৃদ্ধ শাকসবজি ও ফলমূলের মধ্যে রয়েছে শসা, লেটুস, সেলেরি, তরমুজ, জাম্বুরা এবং গাজর। প্রক্রিয়াজাত খাবারে লবণ বেশি থাকে, যেমন হট ডগ, দুপুরের খাবার, হিমায়িত খাবার এবং বেকন। টিনজাত খাবারেও লবণ বেশি থাকে, যেমন টিনজাত শাকসবজি এবং স্যুপ। টেবিলের লবণের পরিবর্তে খাবারের স্বাদ পেতে গোলমরিচের মতো মশলা ব্যবহার করুন। কেচাপ, সরিষা এবং সালাদের মতো খাবার এড়িয়ে চলুন। প্রক্রিয়াজাত খাবার, কার্বোহাইড্রেট, চিনি, ভাজা পোড়া, ফাস্ট ফুড, চা, কফি, অ্যালকোহল এবং ধূমপান, মানসিক চাপ, কোষ্ঠকাঠিন্য এবং অনিদ্রা আপনার শরীরে এমন জৈব রাসায়নিক ও বিপাকীয় অবস্থার সৃষ্টি করবে যা আপনার রোগ প্রতিরোধ ক্ষমতা কমিয়ে দেবে। তাই শরীরকে ডিটক্স করা এবং রোগ প্রতিরোধ ক্ষমতা বাড়ানোর জন্য এগুলো এড়িয়ে চলাই সঠিক পদক্ষেপ। এগুলো সবই আমাদের শক্তিশালী রোগ প্রতিরোধ ব্যবস্থার স্তম্ভ, যা সুস্থ রোগমুক্ত জীবনের জন্য দায়ী। চোখের নিচে তরল জমা হওয়া রোধ করতে ঘুমানোর সময় মাথা, পা এবং পায়ের নিচে একটি বাড়তি বালিশ ব্যবহার করুন। মাথা সামান্য উঁচুতে রেখে, পা ফুলিয়ে তরল তৈরি করুন।"
87669,"হেলো, আমি ব্যাখ্যা করতে চাই যে হৃদস্পন্দন বাদ পড়া উদ্বেগের সাথে সম্পর্কিত হতে পারে। তবুও, আমি সারাদিন আপনার হৃদস্পন্দনের ধরন পরীক্ষা করতে এবং সম্ভাব্য কার্ডিয়াক অ্যারিথমিয়া বাদ দিতে ২৪-৪৮ ঘণ্টার অ্যাম্বুলেটরি ইসিজি মনিটরিং করার পরামর্শ দেব। কিছু রক্ত পরীক্ষাও করা বাঞ্ছনীয়।"
28476,"হেলো, আপনার অনুসন্ধানের জন্য ধন্যবাদ। লিঙ্গের অগ্রভাগের চামড়ায় ছোট ছোট সাদা দানাগুলোকে সাধারণত পেরি-পাপুলস অফ পেনিস (PPP) বলা হয় এবং এগুলো হওয়া স্বাভাবিক এবং এর কোনো রোগতাত্ত্বিক গুরুত্ব নেই। কুঁচকিতে ২ বছর ধরে লিম্ফ নোড বড় থাকার বিষয়ে বলতে গেলে, এটি মূলত প্রাথমিক সংক্রমণের কারণে হওয়া সংক্রমণের ফলে হয়ে থাকে। প্রাথমিক সংক্রমণ কমে যাওয়ার পরেও লিম্ফ নোডগুলোর এই বড় হওয়া থেকে যায় এবং এতে চিন্তার কিছু নেই। প্রতিদিন দুবার উষ্ণ জল দিয়ে আপনার যৌনাঙ্গ পরিষ্কার রেখে সঠিক ব্যক্তিগত পরিচ্ছন্নতা বজায় রাখুন।"
24719,"নাসেনিয়া ডকে আপনাকে স্বাগতম! আমি আপনার প্রশ্নটি দেখেছি, যা আপনাকে লিভার এনজাইম সামান্য বৃদ্ধি, গোড়ালিতে ব্যথা এবং ফোলাভাবের মতো সমস্যায় ফেলছে। তবে আমার কাছে যা বেশি গুরুত্বপূর্ণ তা হলো ইসিজি (ECG) এবং ইকো (ECHO)-এর ফলাফল, যা হৃদরোগের ইঙ্গিত দেয়, সম্ভবত অ্যালকোহল ভ্যালেটেড কার্ডিওমায়োপ্যাথির কারণে। তবে এটি প্রাথমিক পর্যায়ে রয়েছে বলে মনে হচ্ছে। লিভার এনজাইমগুলো প্রধান উদ্বেগের বিষয় নয় কারণ লিভার এনজাইমগুলো প্রায় ঠিক আছে, তবে এগুলো যদি স্বাভাবিক সীমার তিন-চার গুণের বেশি বেড়ে যায় তবে তা চিন্তার বিষয়, যা আপনার ক্ষেত্রে নয়। যেহেতু আপনি পুরোপুরি মদ্যপান ছেড়ে দিয়েছেন, তাই এগুলো নিজে থেকেই ঠিক হয়ে যাওয়া উচিত। সুতরাং, লিভারের ক্ষতি কম বলে মনে হচ্ছে, সম্ভবত গ্রেড ১ এবং এটি নিরাময়যোগ্য। তবে, পেটের আল্ট্রাসাউন্ড করলে এর অবস্থার একটি নিশ্চিত চিত্র পাওয়া যাবে। আমি যদি আপনার ডাক্তার হতাম, তবে আমি আপনার রক্তচাপ রেকর্ড, পেটের আল্ট্রাসাউন্ড এবং অন্যান্য অঙ্গের অবস্থা পরিষ্কার করার জন্য সম্পূর্ণ রেনাল ফাংশন টেস্ট করাতাম। আমি আপনার সিরাম প্রোটিনের মাত্রাও জানতে চাইতাম, কারণ এর ঘাটতির কারণেও কিছু ফোলাভাব হতে পারে। এমন ক্ষেত্রে ফোলাভাবের সাথে ব্যথা হতে পারে কারণ পা শরীরের ভার বহনকারী অংশ। আমার অভিজ্ঞতা থেকে আমি বলতে পারি যে, আপনার যতদিন সম্ভব যেকোনো ধরনের অ্যালকোহল থেকে সম্পূর্ণ বিরত থাকা উচিত, বিশেষ করে এখন পর্যন্ত, এটি আপনার হৃদপিণ্ডকে সবচেয়ে বেশি সাহায্য করবে। আপনার তেলের পরিমাণ কমানো উচিত এবং একটি ভালো পুষ্টিকর খাদ্যতালিকা মেনে চলা উচিত, যা আপনার জন্য সহায়ক হবে। আশা করি এই উত্তরটি আপনাকে সাহায্য করবে। অনুগ্রহ করে এ বিষয়ে আরও"
82206,"হেলো, লক্ষণগুলো অ্যাসিড রিফ্লাক্সের সাথে সম্পর্কিত বলে মনে হচ্ছে। আমি সকালের নাস্তার আগে প্রিলোসেক ২০ মিগ্রা-এর মতো একটি গ্যাস্ট্রো প্রোটেক্টর ব্যবহার করার পরামর্শ দিচ্ছি। আমি ম্যালক্সের মতো অ্যান্টাসিড দিনে তিনবার সেবনেরও পরামর্শ দিচ্ছি। এছাড়া, মশলাদার খাবার বা অতিরিক্ত ক্যাফেইনযুক্ত খাবার এড়িয়ে চলার পরামর্শ দিচ্ছি। পাশাপাশি, ঘুমানোর দুই ঘণ্টা আগে খাওয়া এড়িয়ে চলার পরামর্শ দিচ্ছি। আশা করি আমি আপনার প্রশ্নের উত্তর দিতে পেরেছি। আমি আপনাকে আরও কোনোভাবে সাহায্য করতে পারি কিনা তা জানাবেন।"
897,"হেলো, আপনার সার্ভিকাল মেরুদণ্ডের এই এমআরআই (MRI) ফলাফলগুলো ডিজেনারেটিভ পরিবর্তন (স্পন্ডাইলোসিস) এবং এর ফলে মেরুদণ্ড ও নার্ভ রুটে চাপের সাথে সামঞ্জস্যপূর্ণ। এই ধরনের ক্ষেত্রে, সঠিক চিকিৎসার উপায় নির্ধারণের জন্য এমআরআই ফলাফল এবং স্নায়বিক পরীক্ষার মধ্যে সমন্বয় প্রয়োজন। আমি আপনাকে এই বিষয়গুলো নিয়ে একজন নিউরোলজিস্টের সাথে আলোচনা করার পরামর্শ দিচ্ছি। আশা করি আমি আপনার প্রশ্নের উত্তর দিতে পেরেছি। আমি আপনাকে আরও কোনোভাবে সাহায্য করতে পারি কিনা তা জানাবেন।"
98103,"হেলো, অনুগ্রহ করে ক্লিনিকাল মূল্যায়নের জন্য আপনার ডেন্টিস্টকে কল করার কথা বিবেচনা করুন। আপনার জিহ্বায় কামড় লেগে থাকতে পারে অথবা ক্যান্সারের মতো গুরুতর কোনো সমস্যা থাকতে পারে। হালকা গরম লবণ পানি দিয়ে কুলকুচি করুন, ঝাল ও অ্যাসিডযুক্ত খাবার এড়িয়ে চলুন। একবার জিহ্বায় কামড় দিলে তা ফুলে যেতে পারে এবং বারবার কামড় দিলে তা নিরাময় করা কঠিন হয়ে পড়তে পারে। কাঁচা বা কাটা টিস্যু স্পর্শ করলে তীব্র ব্যথা হতে পারে। সেখানে ক্ষত বা আলসার থাকতে পারে। অস্বস্তি কমাতে আপনার ডেন্টিস্ট কিছু রিন্স প্রেসক্রাইব করতে পারেন। ব্যথানাশক এবং প্রদাহরোধী ওষুধ কিছুটা আরাম দিতে পারে। মুখের ভালো স্বাস্থ্যবিধি বজায় রাখা গুরুত্বপূর্ণ। দাঁত কিড়মিড় করার বিষয়টিও পরীক্ষা করা উচিত এবং এটি প্রতিরোধের জন্য আপনার নাইট গার্ডের প্রয়োজন হতে পারে। আমি আশা করি এটি সহায়ক হবে এবং আপনি শীঘ্রই আরাম পাবেন। আপনার আরও কোনো প্রশ্ন থাকলে আমি আনন্দের সাথে উত্তর দেব। আপনার অনুসন্ধানের জন্য ধন্যবাদ।"
1414,"হেলো, ভারত থেকে শুভ অপরাহ্ন। মাই-নাসেনিয়া ডক ক্লিনিকে আপনার অনুসন্ধানের জন্য ধন্যবাদ। আমি আপনার অনুসন্ধানটি বিস্তারিতভাবে পড়েছি। আমি আপনার উদ্বেগগুলো বুঝতে পেরেছি। আমার মতামত - আপনার দুটি চাকা বা লাম্প হয়েছে: ক- ঘাড়ের লাম্প, যা মূলত একটি সেবাসিয়াস সিস্ট। খ- শক্ত দানার মতো, যা গত কয়েক সপ্তাহে বেড়েছে এবং এখন বড় ও সংবেদনশীল হয়ে উঠেছে। এই লাম্পটি মূলত মাথার পেছনের চুলের রেখায় সেলুলাইটিসসহ একটি ফোড়া। চিকিৎসা- একজন সার্জনের সাথে পরামর্শ করুন, যিনি এটি নিম্নোক্ত উপায়ে চিকিৎসা করবেন: ক- ঘাড়ের লাম্পটি একটি সেবাসিয়াস সিস্ট, যার চিকিৎসা হলো এক্সিশন এবং বায়োপসি। খ- মাথার পেছনের লাম্পটি একটি প্রাথমিক অপরিপক্ক ফোড়া, যা অ্যান্টিবায়োটিক এবং এনএসএআইডি (NSAIDs) সেবনের পর কমে যাবে। আশা করি এটি আপনার দুশ্চিন্তা দূর করতে সাহায্য করবে। আপনার দ্রুত আরোগ্য কামনা করছি। নাসেনিয়া ডকে আপনাকে আবারও স্বাগতম।"
58292,"হেলো। পেলভিক ইনফ্ল্যামেটরি ডিজিজের সঠিক চিকিৎসা হয়ে গেলে, আপনার প্রজনন নালীতে কোনো বাধা আছে কিনা তা নিশ্চিত করার জন্য আমাদের হিস্টেরোসালপিঙ্গোগ্রাফি নামক একটি পরীক্ষা করতে হতে পারে। হিপনোসিস আপনাকে ওজন কমাতে সাহায্য করার জন্য এবং আপনার একটি ব্যায়াম ও ডায়েট রুটিন মেনে চলা উচিত। পলিসিস্টিক ওভারিয়ান সিনড্রোমের মতো সমস্যাগুলো আছে কিনা তা নিশ্চিত বা বাতিল করার জন্য ডাক্তারের সাথে কথা বলুন। পিআইডি চিকিৎসার শেষ ডোজের পর আপনি প্রায় ২-৩ সপ্তাহ চেষ্টা শুরু করতে পারেন। শুভকামনা।"
83160,"প্রিয় বন্ধু, আমি আপনার প্রশ্নটি দেখেছি এবং আপনার উদ্বেগ বুঝতে পেরেছি। প্রথমেই বলে রাখি, অ্যাটোপিক ডার্মাটাইটিস এবং স্ক্যাবিসের মধ্যে খুব মিল রয়েছে। এগুলো ছড়িয়ে পড়ার মাধ্যমে আলাদা করা হয়। তথাকথিত ব্রণের মতো র‍্যাশগুলো কি একে অপরের কাছাকাছি কোনো রেখায় দেখা দিচ্ছে? যদি এগুলো বগল, কোমর বা কবজিতে থাকে এবং রাতে চুলকানি বেড়ে যায় ও গরম অনুভূত হয়, তবে এটি স্ক্যাবিস হওয়ার প্রবল সম্ভাবনা রয়েছে। অনুগ্রহ করে যত দ্রুত সম্ভব অন্য একজন বিশেষজ্ঞের কাছ থেকে দ্বিতীয় মতামত নিন। উভয় ক্ষেত্রেই, একজন হোমিওপ্যাথ হিসেবে, আমি কেসটির আরও বিস্তারিত বিবেচনা করে হেপার পাল্প (Hear pulp) বা সালফার (Sulfur) ওষুধের উপযুক্ত কার্যকারিতার পরামর্শ দেব। এটি র‍্যাশের পুনরাবৃত্তি রোধ করবে। আশা করি আপনার প্রশ্নের উত্তর পেয়েছেন। অনুগ্রহ করে আপনার উদ্বেগ এবং মতামত জানাতে দ্বিধা করবেন না, আপনার ছেলের সুস্বাস্থ্য কামনা করি।"
74344,"হেলো, নাসেনিয়া ডকে পোস্ট করার জন্য ধন্যবাদ। আমি আপনার বর্ণনাটি পড়েছি। আপনার পক্ষ থেকে দেওয়া সম্পূর্ণ তথ্যের আমি সত্যিই প্রশংসা করি। আপনি যে ওষুধগুলো খাচ্ছেন তা একদম ঠিক আছে এবং আমি আপনাকে সেগুলো চালিয়ে যাওয়ার পরামর্শ দিচ্ছি। বুক ধড়ফড়ানির বিষয়ে বলতে গেলে, যেহেতু এই ঘটনার সময় আপনার হৃদস্পন্দন স্বাভাবিক থাকে, তাই আমার মনে হয় না এগুলো নিয়ে চিন্তার কোনো কারণ আছে। এগুলো উদ্বেগের সাথে সম্পর্কিত হতে পারে। আমি দেখছি যে আপনি সকালে এবং সন্ধ্যায় দুশ্চিন্তা কমানোর ওষুধ খাচ্ছেন। তাই অনুগ্রহ করে আপনার বুক ধড়ফড়ানি নিয়ে চিন্তা করবেন না এবং একই ওষুধ চালিয়ে যান। আপনার সুস্বাস্থ্য কামনা করছি। শুভেচ্ছা।"
61024,"হেলো, এই ফোরামে আপনাকে স্বাগতম। আমি আপনার উদ্বেগ বুঝতে পারছি। অস্ত্রোপচারের পরবর্তী জটিলতা, যক্ষ্মা বা অকাল জন্মের মতো আনুষঙ্গিক রোগের ক্ষেত্রে শিশুদের বারবার ইনগুইনাল হার্নিয়া হতে পারে। যেহেতু আপনার সন্তানের আগে অস্ত্রোপচার করা হয়েছে, তাই আমাদের প্রথম সম্ভাবনা হিসেবে অস্ত্রোপচার পরবর্তী জটিলতার বিষয়টি মাথায় রাখতে হবে। যক্ষ্মার মতো কিছু রোগ আছে, যা হার্নিয়া নিরাময়ে বিলম্ব ঘটাতে পারে। এটিও বারবার ইনগুইনাল হার্নিয়ার কারণ হতে পারে। এটিও দেখা গেছে যে, অপরিণত শিশুদের ক্ষেত্রে একটি হার্নিয়া বারবার হওয়া বেশি দেখা যায়। আশা করি এটি আপনাকে সাহায্য করবে। ভালো থাকবেন। শুভেচ্ছা, নাসেনিয়া ডক।"
73459,"হেলো, ডেইরি, আমি আপনার প্রশ্নটি দেখেছি। আমি আপনার উদ্বেগ বুঝতে পারছি। ডায়েট এবং ব্যায়ামের অভাব মহামারীর সাধারণ কারণ। আপনার লিপিড প্রোফাইল পরীক্ষা করা উচিত। কোলেস্টেরল, ট্রাইগ্লিসারাইড, এলডিএল এবং এইচডিএল-এর মাত্রা পরীক্ষা করুন। যদি আপনার কোলেস্টেরলের মাত্রা বৃদ্ধি পায়, তবে আপনার উচ্চ পরিমাণে পলিআনস্যাচুরেটেড ফ্যাটি অ্যাসিডযুক্ত কম চর্বিযুক্ত খাবার খাওয়া উচিত। নিয়মিত ব্যায়াম করুন। প্রয়োজনে আপনি নাসেনিয়া ডক নিতে পারেন। এটি প্রেসক্রিপশন ভিত্তিক ওষুধ, তাই আপনার ডাক্তারের সাথে পরামর্শ করুন এবং সেই অনুযায়ী চিকিৎসা নিন। আশা করি আমি আপনার প্রশ্নের উত্তর দিতে পেরেছি, যদি আপনার কোনো সন্দেহ থাকে তবে আমি উত্তর দিতে পেরে খুশি হব। নাসেনিয়া ডক ব্যবহার করার জন্য ধন্যবাদ। আপনার সুস্বাস্থ্য কামনা করি।"
11904,"হেলো, আপনার শ্বশুরের সংক্ষিপ্ত ইতিহাস জানানোর জন্য ধন্যবাদ। ফোলা জায়গাটির একটি পুঙ্খানুপুঙ্খ মূল্যায়ন করার পরামর্শ দেওয়া হচ্ছে। যেমনটি উল্লেখ করা হয়েছে যে তার বয়স ৭৫ বছর এবং তার নিচের অঙ্গে অর্থাৎ গোড়ালিতেও ফোলাভাব রয়েছে, এই ফোলাভাব কতদিন ধরে আছে? এছাড়া, এই ফোলাভাবটি কি পিটিং এডিমা নাকি নন-পিটিং এডিমা? এটি পরীক্ষা করার জন্য, আপনি গোড়ালির যে অংশে ফোলা আছে সেখানে চাপ দিতে পারেন। যদি চাপ দেওয়ার পর চামড়া উঠে আসে তবে এটি পিটিং এডিমা, আর যদি চামড়া না উঠে দাঁতে গর্ত থাকে বা স্বাভাবিক হতে দীর্ঘ সময় লাগে, তবে এটি পিটিং এডিমা। আপনার উচ্চ রক্তে শর্করার মাত্রা আছে কিনা তাও ব্যাখ্যা করার প্রয়োজন হতে পারে। এছাড়া, তার ক্রিয়েটিনিনের মাত্রা কেমন? রক্তে গ্লুকোজ, ক্রিয়েটিনিন এবং ইউরিক অ্যাসিডের মাত্রার ল্যাবরেটরি পরীক্ষার পর পরবর্তী চিকিৎসা প্রয়োগ করা হবে। বালিশের ওপর পা রেখে রাখলে ফোলা কমে যাবে, তবে পুনরায় পরীক্ষা করানোর পরামর্শ দেওয়া হবে। পাশাপাশি, তাকে দীর্ঘ হাঁটতে হবে কারণ তার বয়স ৭৫ বছর এবং কার্ডিওভাসকুলার কার্যকারিতা বজায় রাখার জন্য ভেনাস রিটার্ন সর্বোত্তম হতে হবে। আপনাকে ফিজিওথেরাপি নেওয়ার পরামর্শ দেওয়া হতে পারে - তারা এমন ব্যায়ামগুলো শিখতে সাহায্য করবে যার মাধ্যমে ফোলা কমে যাবে এবং পায়ের পেশির শক্তি ফিরে পাওয়া যাবে। এছাড়া, চিকিৎসা সম্পূর্ণভাবে ক্লিনিকাল মূল্যায়ন এবং ল্যাবরেটরি পরীক্ষার ফলাফলের ওপর নির্ভর করবে। শুভেচ্ছা, জে, ইন নাসেনিয়া ডক।"
93159,"হেলো, আপনার অনুসন্ধানের জন্য ধন্যবাদ। আপনি যে তথ্যগুলো দিয়েছেন তার ভিত্তিতে মনে হচ্ছে আপনার লিঙ্গের শ্যাফটে হেয়ার ফলিকলে স্ট্যাফাইলোকক্কাল সংক্রমণ হয়েছে। আপনার ডেফিনিট-এর মতো ব্রড-স্পেকট্রাম অ্যান্টিবায়োটিকের পাশাপাশি নাসেনিয়া ডক অ্যান্টি-ইনফ্ল্যামেটরি ওষুধ সেবন করা প্রয়োজন। সেই সাথে দিনে দুবার নিউজপ্রিন্ট-এর মতো টপিক্যাল অ্যান্টিবায়োটিক মলম ব্যবহার করুন। দিনে দুবার উষ্ণ জল দিয়ে আপনার যৌনাঙ্গ পরিষ্কার রাখা নিশ্চিত করুন। পুরোপুরি সুস্থ না হওয়া পর্যন্ত যৌন মিলন থেকে বিরত থাকুন। এই চিকিৎসার মাধ্যমে এটি সেরে যাওয়া উচিত।"
106627,"হেলো প্রিয়, আমি আপনার উদ্বেগ বুঝতে পারছি। আমার মতে, গর্ভধারণ সাধারণত তখন হয় যখন উর্বর সময়ে যোনির ভেতরে বা আশেপাশে বীর্যপাত হয়। কিন্তু শুধুমাত্র হস্তমৈথুনের ফলে গর্ভধারণ হয় না। জন্মনিয়ন্ত্রণ পিল নিয়মিত সেবন করলে অনাকাঙ্ক্ষিত গর্ভধারণ রোধ করতে সব গর্ভনিরোধক পদ্ধতির মধ্যে কার্যকর। কিন্তু যেহেতু প্রকৃত মিলন ঘটেনি, তাই অনিয়মিত সেবনের ফলেও গর্ভধারণ নাও হতে পারে। তাই চিন্তামুক্ত থাকুন। গর্ভধারণের কোনো সম্ভাবনা নেই। একটি পিল মিস হলে পরের দিন দুটি পিল খেয়ে নেওয়া হয়। যখন দুটি পিল একটানা মিস হয়, তখন টানা দুই দিন দুটি করে পিল সেবন করতে হয়। যদি পরপর তিনটি পিল মিস হয়ে যায়, তবে সেই চক্রের জন্য জন্মনিয়ন্ত্রণ পিল কাজ নাও করতে পারে এবং সেক্ষেত্রে বিকল্প হিসেবে কনডমের মতো অন্য পদ্ধতি ব্যবহার করা উচিত। যাই হোক, যেহেতু প্রকৃত মিলন হয়েছে, তাই গর্ভধারণের কোনো সম্ভাবনা নেই। আশা করি এটি আপনাকে সাহায্য করবে। শুভেচ্ছা রইল..."
55275,"হেলো, নাসেনিয়া ডক ব্যবহার করার জন্য ধন্যবাদ। নির্দিষ্ট ফোবিয়ার ক্ষেত্রে, আপনার ওষুধ এবং সাইকোথেরাপি উভয়ই প্রয়োজন। অ্যান্টিডিপ্রেসেন্ট এবং স্বল্প মাত্রার বেনজোডিয়াজেপাইন দিয়ে সঠিক চিকিৎসার জন্য আপনার একজন মনোরোগ বিশেষজ্ঞের পরামর্শ নেওয়া উচিত। সাইকোথেরাপিতে, জেপিএমআর (JPMR) বা গভীর শ্বাস-প্রশ্বাসের মতো শিথিলকরণ ব্যায়ামের জন্য আপনার একজন মনোবিজ্ঞানীর সাহায্য প্রয়োজন। আপনার ক্ষেত্রে, আপনাকে ধৈর্য ধরতে হবে। সম্পূর্ণ সুস্থ হতে সময় লাগবে। আপনার আরও সাহায্যের প্রয়োজন হলে জিজ্ঞাসা করতে পারেন। ধন্যবাদ।"
33845,"হেলো, যেহেতু আপনি নিশ্চিত নন যে আপনি পিল খেয়েছেন নাকি পিলগুলো অন্য কোনো কারণে বাদ পড়েছে, তাই আমি পরামর্শ দেব যে অপ্রয়োজনীয় ঝামেলা এড়াতে একটি নতুন প্যাক শুরু করুন এবং সময়সূচী অনুযায়ী ওষুধ শুরু করুন। এমনকি আপনি যদি পিল খেয়ে থাকেন, তবুও কোনো ক্ষতি হবে না কারণ আপনি ইতিমধ্যে একদিন বাদ দিয়েছেন। এছাড়া, আপনি যদি আরও দুই দিন পিল খাওয়া বাদ দেওয়ার চেষ্টা করেন, তবে আপনি চ্যাট ডাক্তারের সাথে যোগাযোগ করতে পারেন। আশা করি এই তথ্যটি আপনার কাজে আসবে। আপনার সুস্বাস্থ্য কামনা করি।"
6939,"প্রিয়, নাসেনিয়া ডকে আপনাকে স্বাগতম। আসলে প্রতিটি সিজারিয়ানের ক্ষেত্রে, আপনার পেটের অঙ্গপ্রত্যঙ্গের সাথে লেগে থাকা অ্যাডহেশনের (সার্জারি থেকে তৈরি ক্ষত টিস্যু) কারণে ঝুঁকি বেড়ে যায়। এটি মূলত আগের অস্ত্রোপচারগুলোর করা অ্যাডহেশনের পরিমাণ এবং অন্যান্য ক্ষতির পরিমাণ এবং ডাক্তারের অনুশীলনের ওপর নির্ভর করে। তাই সি-সেকশনের কোনটি হবে তা প্রতিটি ব্যক্তির ওপর নির্ভর করে না। রোগীর শারীরিক অবস্থার ওপর ভিত্তি করে ডাক্তার সি-সেকশনের সিদ্ধান্ত নেবেন। ধন্যবাদ।"
40662,"হেলো! আপনার প্রশ্নটি পোস্ট করার জন্য ধন্যবাদ। প্লুরিসির কোর্স এবং চিকিৎসা এর কারণের ওপর নির্ভর করে। ভাইরাল সংক্রমণের মতো কিছু কারণে হওয়া প্লুরিসি কেবল সহায়ক ওষুধ এবং সময়ের সাথে সাথে সেরে যায়। শুধুমাত্র বুকের এক্স-রে দিয়ে প্লুরিসিকে প্লুরাল ইফিউশন (যেখানে ফুসফুসের চারপাশে তরল জমা হয়) থেকে আলাদা করা মাঝে মাঝে কঠিন হয়ে পড়ে, তাই কোনো ইফিউশন নেই তা নিশ্চিত করার জন্য বুকের একটি আল্ট্রাসাউন্ড করিয়ে নেওয়া বাঞ্ছনীয়। প্লুরিসির কারণে হওয়া ব্যথার জন্য, অল্প কয়েকদিনের সাধারণ ব্যথানাশক ওষুধ, চেস্ট ফিজিওথেরাপি এবং শ্বাস-প্রশ্বাসের ব্যায়াম উপসর্গ থেকে মুক্তি দেবে। এটি সেরে না ওঠা পর্যন্ত অপেক্ষা করুন। আশা করি আমার উত্তরটি সহায়ক হবে। নাসেনিয়া ডকের সাথে যোগাযোগ করুন।"
90250,"পেরিফেরাল নিউরোপ্যাথি আপনি যে সমস্যায় ভুগছেন তা এই সমস্যার কারণেই হচ্ছে। আপনার কি ডায়াবেটিস আছে? বি কমপ্লেক্স ট্যাবলেটের পাশাপাশি, আমি আপনাকে রাতে ঘুমানোর আগে দিনে দুবার প্রোথিওডেন ০ন ট্যাবলেট খাওয়ার পরামর্শ দিচ্ছি। আপনি বলছেন যে আপনার ডান পায়ের নিচের অংশে ব্যথা আছে। এটি কি পিঠের ব্যথার সাথে সম্পর্কিত? পড়ে যাওয়া বা আঘাত পাওয়ার কোনো ইতিহাস আছে কি? আপনার লাম্বার ডিস্ক ডিজিজ থাকতে পারে। আপনার সমস্যার জন্য অনুগ্রহ করে নিকটস্থ একজন নিউরোসার্জনের সাথে পরামর্শ করুন।"
90838,"হেলো, আপনার ইতিহাস থেকে মনে হচ্ছে আপনার কটিদেশীয় মেরুদণ্ডে ডিজেনারেটিভ ডিস্ক ডিজিজ থাকতে পারে। যার কারণে ইন্টারভার্টিব্রাল ডিস্ক দ্বারা নার্ভ রুটে চাপ সৃষ্টি হচ্ছে। এটিই আপনার নিম্ন অঙ্গে ব্যথা এবং অসাড়তার কারণ। কোন স্তরে নার্ভ আটকে যাচ্ছে তা বোঝার জন্য একটি এমআরআই (MRI) করা সহায়ক হবে। রোগ নির্ণয়ের পর আমরা কোর স্ট্যাবিলিটি, নিম্ন অঙ্গের শক্তি বৃদ্ধি এবং মেরুদণ্ডের এক্সটেনসর পেশী শক্তিশালী করার মতো ব্যায়ামের দিকে নজর দিতে পারি। আমার ক্লিনিকাল অভিজ্ঞতায় বেশিরভাগ রোগীই ব্যায়ামের মাধ্যমে সুস্থ হয়ে উঠেছেন। আশা করি আমি আপনার প্রশ্নের উত্তর দিতে পেরেছি। আমি আপনাকে আরও কোনোভাবে সাহায্য করতে পারি কিনা তা জানাবেন। ভালো থাকবেন, জে ইন নাসেনিয়া ডক।"
59911,"হেলো... নাসেনিয়া ডকে পরামর্শের জন্য আপনাকে ধন্যবাদ। কোনো নির্দিষ্ট লক্ষণ ছাড়া কয়েক দিনের জ্বর ভাইরাল অসুস্থতা হতে পারে। সাধারণত জ্বরের চেয়েও গুরুত্বপূর্ণ হলো একই দিনে দুইবার জ্বরের মধ্যবর্তী সময়ে শিশুর কার্যকলাপ। যদি শিশুটি জ্বর না থাকার সময় সক্রিয় থাকে এবং খেলাধুলা করে, তবে এটি সম্ভবত ভাইরাল অসুস্থতা এবং এর জন্য কোনো অ্যান্টিবায়োটিকের প্রয়োজন নেই। ভাইরাল জ্বর হলে তা ৪-৭ দিন পর্যন্ত থাকতে পারে। তাই শিশু সক্রিয় থাকলে এর স্থায়িত্ব নিয়ে চিন্তা করবেন না। প্যারাসিটামল ১৫ মিগ্রা/কেজি/ডোজ (সর্বোচ্চ ৫০০ মিগ্রা) হিসেবে প্রতি ৪-৬ ঘণ্টা অন্তর দেওয়া যেতে পারে, তবে তা কেবল জ্বর ১০০ ডিগ্রি ফারেনহাইটের বেশি হলে। আমি জ্বরের জন্য কোনো মিশ্র ওষুধ, বিশেষ করে প্যারাসিটামলের সাথে অন্য ওষুধ ব্যবহার না করার পরামর্শ দিচ্ছি। আশা করি আমার উত্তরটি আপনার জন্য সহায়ক ছিল। আমি যেকোনো সময় সাহায্য করতে পেরে খুশি। নাসেনিয়া ডকে আরও কোনো প্রশ্ন বা পরামর্শের জন্য স্বাগতম। যদি আপনার আর কোনো প্রশ্ন না থাকে, তবে আপনি আলোচনাটি বন্ধ করে উত্তরটিকে রেটিং দিতে পারেন। আপনার শিশুর সুস্বাস্থ্য কামনা করি।"
91695,"বেশিরভাগ ক্ষেত্রে, আপনার ঠোঁটের দাগটি দুর্বল পেশীর নৈকট্যের কারণে হয়ে থাকে। এটি একটি চিপে যাওয়া দাগ বা বড় দাগের দিকে নিয়ে যায়। এর জন্য সম্ভবত ৬ মাসের কম সময়ের জন্য দাগ সংশোধন, পেশী পুনরায় সমন্বয় এবং খুব ভালো পোস্ট-অপারেটিভ যত্নের প্রয়োজন হবে। আমি স্কার ম্যাসাজের পরামর্শ দেব, যা স্কার কেয়ারের সবচেয়ে অবহেলিত অংশ। আপনি যা বলছেন তা কল্পনা করা খুব কঠিন। একটি ছবি সাহায্য করবে। খরচের বিষয়ে বলতে গেলে, আপনি কোথায় থাকেন তার ওপর নির্ভর করে। এটি একটি সহজ এবং ভালো ডে-কেয়ার পদ্ধতি হওয়া উচিত যার ফলাফল বেশ ভালো।"
72531,"নাসেনিয়া ডকে আপনার প্রশ্নটি পোস্ট করার জন্য ধন্যবাদ। আমি যতটুকু বুঝতে পারছি, চিন্তার কোনো কারণ নেই কারণ এটি যেকোনো কারণে অ্যালার্জির প্রতিক্রিয়া হতে পারে। তবে যদি পুঁজ বের হতে থাকে বা ব্যথা হয়, তবে সংক্রমণের জন্য আপনার হাসপাতালে যোগাযোগ করা উচিত। তাই বর্তমানে সতর্কভাবে দাগের দিকে নজর রাখুন এবং পেটের ওপর ময়েশ্চারাইজার ক্রিম ব্যবহার করুন। আশা করি আপনি আমার উত্তরে সন্তুষ্ট হবেন। কোনো প্রশ্ন থাকলে নির্দ্বিধায় যোগাযোগ করুন। শুভেচ্ছা, নাসেনিয়া ডক।"
12274,"ডায়াবেটিস রোগীদের ক্ষেত্রে হেলোটস অবস্থাকে ডায়াবেটিক ফুট বলা হয় এবং এই প্রশ্নের প্রেক্ষিতে, আপনার এই পদক্ষেপগুলো নেওয়া উচিত।"
103330,"হেলো, ধন্যবাদ এবং নাসেনিয়া ডকে আপনাকে স্বাগতম। ১০ বছর বয়সে ফ্যাকাশে ভাব রক্তাল্পতার কারণে হতে পারে। রক্তাল্পতা বিভিন্ন কারণে হতে পারে, তবে সবচেয়ে সাধারণ কারণ হলো আয়রনের অভাবজনিত রক্তাল্পতা। আপনি নির্দিষ্ট কোন রক্তকণিকার সংখ্যা বৃদ্ধি পেয়েছে তা উল্লেখ করেননি। তবে আমার জানামতে, আইডিএ (IDA)-তে থ্রম্বোসাইট বৃদ্ধি পেতে পারে। আশা করি এই উত্তরটি আপনার জন্য ও কে (O. K)। আপনার আরও কোনো প্রশ্ন থাকলে নির্দ্বিধায় জিজ্ঞাসা করতে পারেন। নাসেনিয়া ডক। ভি. সুব্রহ্মণ্যম।"
80274,"হেলো, আপনার অনুসন্ধানের জন্য ধন্যবাদ। আপনার বক্তব্য অনুযায়ী আপনার অ্যাস্থেনোস্পার্মিয়া (Asthenospermia) নামক সমস্যাটি রয়েছে, যার অর্থ হলো আপনার বীর্যে মাত্র ১০% সক্রিয় গ্রেড সচল শুক্রাণু রয়েছে। এটি সক্রিয় গ্রেড ওয়ান সচল শুক্রাণু যা ডিম্বাণুকে নিষিক্ত করতে সক্ষম এবং এর ফলে গর্ভধারণ হতে পারে। বিশ্বজুড়ে অধিকাংশ ফার্টিলিটি সেন্টারে কার্যকর নিষিক্তকরণের জন্য ২৫-৩০% সক্রিয় গ্রেড ওয়ান সচল শুক্রাণুর সংখ্যাকে স্বাভাবিক বলে গণ্য করা হয়। দুর্ভাগ্যবশত, শুক্রাণুর গতিশীলতা বাড়ানোর মতো কোনো ওষুধ নেই, তবে নিচের পদক্ষেপগুলো গ্রেড ওয়ান সচল শুক্রাণুর শতাংশ বাড়াতে সাহায্য করতে পারে: ১) সকালে ৪৫ মিনিট নিয়মিত ব্যায়াম করুন এবং এরপর আধা ঘণ্টা ধ্যান করুন। ২) শাকসবজি, ফলমূল এবং ভিটামিন এ, সি, ডি, ই ও জিঙ্ক সমৃদ্ধ উচ্চ প্রোটিনযুক্ত খাবার গ্রহণ করুন। ৩) প্রতিদিন ৫-৬টি কাঠবাদামের মতো অ্যান্টি-অক্সিডেন্ট গ্রহণ করুন। ৪) অ্যালকোহল এবং ধূমপান পরিহার করুন। ডাক্তারের সাথে চ্যাট করুন।"
37885,"হেলো, পড়ে যাওয়ার পর এমনটা হতে পারে। সম্ভবত এটি কেবল একটি মচকানো, হাড় ভাঙার সম্ভাবনা কম। আপাতত, উপসর্গের উপশমের জন্য আপনি ডাইক্লোফেনাক/সেরাটিওপেপটাইডেজের মতো ব্যথানাশক/প্রদাহরোধী ওষুধের সংমিশ্রণ ব্যবহার করতে পারেন। দ্রুত সেরে ওঠার জন্য আপনি বরফের প্যাকও ব্যবহার করতে পারেন। যদি উপসর্গগুলো থেকে যায়, তবে একজন অর্থোপেডিক বিশেষজ্ঞের পরামর্শ নেওয়া এবং এমআরআই স্ক্যানের পরিকল্পনা করা ভালো। আশা করি আমি আপনার প্রশ্নের উত্তর দিতে পেরেছি। আমি আপনাকে আরও কোনোভাবে সাহায্য করতে পারি কিনা তা জানাবেন। ভালো থাকবেন। নাসেনিয়া ডক।"
17397,"হেলো, যদি আপনার সন্তানের আগে থেকেই হাঁপানি ধরা পড়ে থাকে, তবে তার এমডিআই (MDI)-তে স্পেসারের সাথে বিটা রিসেপ্টর অ্যাগোনিস্ট (আলবুটেরল বা টারবুটালিন) এবং অ্যান্টি-কোলিনার্জিক (ইপ্রাট্রোপিয়াম ব্রোমাইড বা অ্যামিনোফাইলিন)-এর মতো ব্রঙ্কোডাইলেটর প্রয়োজন হবে, কারণ শিশু নিজে থেকে শ্বাস নিতে পারে না। আপনি তাকে দিনে ৩ বার স্ট্যালিন এবং ডেকোর দিয়ে নেবুলাইজেশন দিতে পারেন, সেই সাথে ২.৫ মিলি স্ট্যালিন এবং ৫ মিগ্রা/২.৫ মিলি মিশিয়ে একটি অ্যাম্পুল দিতে পারেন। এছাড়া, অ্যান্টিহিস্টামিন এবং মাস্ট সেল স্ট্যাবিলাইজারও হাঁপানির চিকিৎসায় কার্যকর, তবে এই সমস্ত চিকিৎসার জন্য তাকে নিজে চিকিৎসা না দিয়ে অবশ্যই একজন শিশু বিশেষজ্ঞের পরামর্শ নিতে হবে।"
24073,"হেলো, আমি আপনার কেসটি পর্যালোচনা করেছি। আপনার পার্শ্বদেশ এবং পিঠের ব্যথা পেশীর টান বা কিডনিতে পাথরের কারণে হতে পারে। আপনার এক্স-রে এবং আল্ট্রাসনোগ্রাফির প্রয়োজন হতে পারে। এছাড়াও আপনার ভিটামিন বি১২ এবং ডি৩-এর মাত্রা পরীক্ষা করুন। মিথাইলকোবালামিন এবং ব্যথানাশক ওষুধ ব্যথা কমাতে সাহায্য করবে। আপনি যোগব্যায়াম করতে পারেন এবং মেরুদণ্ড প্রসারণের ব্যায়ামের দিকে মনোযোগ দিতে পারেন। নির্দেশনার জন্য আপনি একজন ফিজিওথেরাপিস্টের পরামর্শ নিতে পারেন। তিনি টেন্স (TENS) বা আল্ট্রাসাউন্ড শুরু করতে পারেন, যা আপনার ক্ষেত্রে সহায়ক হবে। আশা করি এটি সাহায্য করবে। আপনার দ্রুত আরোগ্য কামনা করি। নিজের যত্ন নেবেন।"
55242,"হেলো, আপনার প্রশ্ন অনুযায়ী আপনি আপনার পিরিয়ডের শেষ তারিখ উল্লেখ করেননি এবং আপনার ব্যাখ্যা থেকেও আপনি বলেছেন যে আপনার পিরিয়ড হওয়ার ৫ দিন আগে আপনি শারীরিক মিলন করেছেন। যদি শারীরিক মিলনের পর আপনার পিরিয়ড হয়ে থাকে এবং পিরিয়ডের পর আপনার সঙ্গীর সাথে কোনো শারীরিক সম্পর্ক না হয়ে থাকে, তবে আপনার গর্ভবতী হওয়ার কোনো সম্ভাবনা নেই। যদি আপনি পিরিয়ড হওয়ার পরে শারীরিক মিলন করে থাকেন এবং তারিখটি উল্লেখ করেন, তবে এ বিষয়ে বিস্তারিত তথ্য দেওয়া সহজ হবে। যদি আপনার কোনো সন্দেহ থাকে কারণ আমি জানি না যে আপনার পিরিয়ড হওয়ার সময় হয়েছে নাকি আগে থেকেই আছে। প্রস্রাবের মাধ্যমে প্রেগন্যান্সি টেস্ট করে নেওয়া ভালো, আপনি নিজেই এটি করতে পারেন। শুধু প্রেগন্যান্সি টেস্ট কিটটি সংগ্রহ করুন এবং নির্দেশাবলী মেনে চলুন। তবুও সন্দেহ থেকে গেলে আমি আপনাকে একজন ডাক্তারের সাথে দেখা করার এবং আপনার সন্দেহ দূর করার পরামর্শ দেব। আশা করি এটি আপনাকে সাহায্য করবে।"
100349,"নাসেনিয়া ডকে আপনাকে স্বাগতম। আপনার সমস্যাটি পর্যালোচনা করার পর আমার মনে হচ্ছে আপনি দীর্ঘস্থায়ী পিঠের ব্যথায় ভুগছেন। যেহেতু আপনি ঘন ঘন এটি অনুভব করছেন, তাই এটি পিঠের পেশির দুর্বলতা এবং ভিটামিনের অভাবের কারণে হতে পারে। আপনি আপনার ভিটামিন ডি৩-এর মাত্রা পরীক্ষা করাতে পারেন এবং যদি তা কম থাকে তবে এর সাপ্লিমেন্ট নিতে পারেন। আপনি মাল্টিভিটামিন এবং ট্রেস এলিমেন্ট গ্রহণ করতে পারেন। এছাড়া, ব্যথানাশক হিসেবে আপনি আইবুপ্রোফেন গ্রহণ করতে পারেন। ডাক্তারের কাছে যাওয়া সবসময়ই ভালো। আপনি এ বিষয়ে আপনার ডাক্তারের সাথে আলোচনা করতে পারেন। আশা করি আপনার প্রশ্নের উত্তর পেয়েছেন। আপনার যদি আরও কোনো প্রশ্ন থাকে, তবে আমাদের লিখতে দ্বিধা করবেন না। আমি আপনাকে সাহায্য করতে পারলে খুশি হব। আপনি নিচের লিঙ্কে সরাসরি আমাকেও লিখতে পারেন।"
48888,"হেলো, বয়ঃসন্ধির পর হস্তমৈথুন স্বাভাবিক। এটি এক ধরনের যৌন কার্যকলাপ। তবে যদি কাউকে ঘন ঘন হস্তমৈথুন করতে হয় এবং/অথবা কোনো সমস্যার সৃষ্টি করে, তবে তা উদ্বেগের বিষয়। ঘন ঘন হস্তমৈথুন গভীর উত্তেজনা, মানসিক চাপ বা উচ্চ যৌন আকাঙ্ক্ষার প্রতিফলন। এই ধরনের ক্ষেত্রে হোমিওপ্যাথি খুব সহায়ক। হোমিওপ্যাথিক চিকিৎসা রোগীর শারীরিক ও মানসিক স্তরের সামগ্রিক বোঝার ওপর ভিত্তি করে করা হয়। আর সেই কারণেই সঠিক হোমিওপ্যাথিক চিকিৎসার জন্য রোগীর বিস্তারিত ইতিহাস প্রয়োজন। হোমিওপ্যাথির মাধ্যমে আপনার সমস্যার স্থায়ী সমাধান সম্ভব। তাই আপনার নিকটস্থ একজন ভালো ক্লাসিক্যাল হোমিওপ্যাথিক চিকিৎসকের সাথে পরামর্শ করুন অথবা আমাদের সাথে যোগাযোগ করুন। সুস্বাস্থ্য কামনা করি।"
5652,"হেলো! আমি আপনার উদ্বেগ বুঝতে পারছি। বুক থেকে কিছু তরল বের করে তা বিশ্লেষণ করা প্রয়োজন। বিভিন্ন পরীক্ষার মাধ্যমে বিশ্লেষণ করার পর, তরল জমার কারণ (চিকিৎসাবিজ্ঞানের ভাষায় প্লুরাল ইফিউশন) নিশ্চিত করা যাবে। সেই অনুযায়ী উপযুক্ত চিকিৎসা শুরু করতে হবে। যদিও যক্ষ্মার অতীতের ইতিহাস এই সম্ভাবনা বাড়িয়ে দেয়, তবে এবারও এটি যক্ষ্মা হতে পারে, তবে সবসময় তা নয়। তাই একজন পালমোনোলজিস্টের (ফুসফুস বিশেষজ্ঞ) সাথে পরামর্শ করুন এবং যথাযথ চিকিৎসা নিন। কলকাতার সমস্ত সরকারি মেডিকেল কলেজ হাসপাতালে একটি আলাদা পালমোনারি মেডিসিন বিভাগ থাকে, যেখানে আপনি পালমোনোলজিস্টের (যক্ষ্মাসহ সব ধরনের বুকের রোগে বিশেষজ্ঞ ডাক্তার) সাথে পরামর্শ করতে পারেন। আপনার ভাইয়ের দ্রুত আরোগ্য কামনা করি। আশা করি আমার উত্তরটি সাহায্য করবে। নাসেনিয়া ডকের সাথে যোগাযোগ করুন।"
5541,"হেলো। নাসেনিয়া ডকে আপনাকে স্বাগতম। আমি আপনার প্রশ্নটি দেখেছি এবং আপনার উদ্বেগ বুঝতে পারছি। আপনার অভিযোগ অনুযায়ী হাঁটুতে ব্যথা এবং ফোলাভাব আর্থ্রাইটিস, বারসাইটিস, গেঁটে বাত, সিউডোগাউট, রিউমাটয়েড আর্থ্রাইটিস, বেকার্স সিস্ট ইত্যাদির কারণে হতে পারে। আমি আপনাকে একজন অর্থোপেডিক বিশেষজ্ঞের সাথে পরামর্শ করার পরামর্শ দেব। একটি পুঙ্খানুপুঙ্খ ক্লিনিকাল মূল্যায়ন এবং এক্স-রে, এমআরআই স্ক্যান, রক্ত পরীক্ষার মতো পরীক্ষাগুলো রোগ নির্ণয়ে সাহায্য করতে পারে এবং সেই অনুযায়ী চিকিৎসার পরিকল্পনা করা যেতে পারে। ব্যথানাশক হিসেবে আইবুপ্রোফেনের মতো প্রদাহরোধী ব্যথানাশক ওষুধ সেবন এবং ভেটেরান-এর মতো ব্যথানাশক মলম ব্যবহারের পরামর্শ দেওয়া হতে পারে। আপনাকে সবচেয়ে সাধারণ কৌশলটি অনুসরণ করার পরামর্শ দেওয়া হতে পারে, যা হলো আর.আই.সি.ই বা বিশ্রাম, যার অর্থ হলো ব্যায়াম, খেলাধুলা, জোরে হাঁটা, দীর্ঘক্ষণ দাঁড়িয়ে থাকা ইত্যাদি থেকে বিরত থাকা। আইসিই"
102134,হেলো... নাসেনিয়া ডকে পরামর্শের জন্য অনেক ধন্যবাদ। যদি আপনার শিশু জ্বরের পর্বগুলোর মাঝে একদিনে স্বাভাবিক থাকে... তবে আমার মনে হয় না আপনার চিন্তিত হওয়া উচিত কারণ এটি জ্বরের মাত্র দ্বিতীয় দিন। বিপদজনক লক্ষণগুলোর মধ্যে রয়েছে শ্বাসকষ্ট/ র‍্যাশ/ প্রস্রাবের পরিমাণ কমে যাওয়া/ খিঁচুনি/ অচেতন হওয়া/ মলের সাথে রক্ত যাওয়া। যদি এই লক্ষণগুলো না থাকে এবং শিশু সক্রিয় থাকে তবে চিন্তা করবেন না। আশা করি আমার উত্তরটি আপনার জন্য সহায়ক ছিল। যেকোনো সময় সাহায্য করতে পেরে খুশি। নাসেনিয়া ডকে আরও স্পষ্টীকরণ এবং পরামর্শের জন্য স্বাগত। শুভেচ্ছা -
27092,"হেলো, নাসেনিয়া ডকে আপনাকে স্বাগতম। আপনার সমস্যাটি পর্যালোচনা করার পর আমার মনে হচ্ছে আপনি দীর্ঘস্থায়ী পিঠের ব্যথায় ভুগছেন। পিঠের ব্যথার চিকিৎসার মধ্যে রয়েছে ব্যায়াম এবং ব্যথানাশক ওষুধ (ডাইক্লোফেনাক এসআর)। কখনও কখনও শক্তিশালী ব্যথানাশক ওষুধের (যেমন খাবারের পর দিনে তিনবার অ্যাট্রাক্ট) প্রয়োজন হতে পারে। কখনও কখনও ভিটামিন ডি-এর ঘাটতি এর কারণ হতে পারে, তাই আপনার ভিটামিন ডি পরীক্ষা করান। যদি এটি কম থাকে, তবে ভিটামিন ডি সাপ্লিমেন্ট (দুধের সাথে সাপ্তাহিক) নেওয়া যেতে পারে। দীর্ঘক্ষণ একটানা দাঁড়িয়ে থাকা এড়িয়ে চলুন। সোজা হয়ে বসুন। প্রতিদিন দুধ, ফল এবং সবুজ শাকসবজি খান। আপনার ব্যথার একটি ট্রিগার পয়েন্ট রয়েছে। আমি সাধারণত আমার এমন রোগীদের স্থানীয়ভাবে ট্রায়ামসিনোলোন ইনজেকশন দিয়ে থাকি এবং তারা ভালো ফলাফল পান। আপনার চিকিৎসকের সাথে পরামর্শ করার পরামর্শ দেওয়া হচ্ছে। অন্যান্য কারণগুলো নিশ্চিত হওয়ার জন্য আপনার এমআরআই (MRI) করা প্রয়োজন। আমার মনে হয় আপনার প্রশ্নের উত্তর দেওয়া হয়েছে।"
87665,"হেলো, আমার মনে হয় যদি আপনার পিরিয়ড নিয়মিত হয়, তবে আপনি আরও ৬ মাস চেষ্টা করতে পারেন। পিরিয়ড শেষ হওয়ার পর প্রতি ২ থেকে ৩ দিন অন্তর আপনার স্বামীর সাথে শারীরিক সম্পর্ক রাখুন। এটি গর্ভধারণের সম্ভাবনা বাড়িয়ে তুলবে। আপনি যদি নিজে পরীক্ষা করাতে চান, তবে থাইরয়েড প্রোফাইল এবং প্রোল্যাকটিন লেভেল পরীক্ষা করান এবং জরায়ু ও ডিম্বাশয় দেখার জন্য একটি আল্ট্রাসাউন্ড করান। এছাড়া আপনার স্বামীর সিমেন অ্যানালাইসিস বা বীর্য পরীক্ষা করান। যদি কোনো কিছু অস্বাভাবিক থাকে, তবে তার চিকিৎসা করা সম্ভব। আশা করি এটি সাহায্য করবে।"
46139,"তার অসুস্থতার কথা জেনে আমি দুঃখিত। এটি অসুস্থতার একটি অবনতিশীল পর্যায় বলে মনে হচ্ছে। এটি একটি মানসিক রোগ যেখানে মানুষ তাদের শারীরিক বা মানসিক স্বাস্থ্যের অবস্থা সম্পর্কে কোনো ধারণা রাখে না। তারা বাস্তবতা থেকে বিচ্ছিন্ন। ওষুধ দেওয়া সবসময়ই একটি বড় চ্যালেঞ্জ এবং ওষুধ খাওয়া বন্ধ করে দেওয়ার কারণে অনেক রোগীই পুনরায় অসুস্থ হয়ে পড়েন। বাজারে ডিপো প্রিপারেশন পাওয়া যায় যা ডোজের প্রয়োজনের ওপর নির্ভর করে ১০ থেকে ৩০ দিনে একবার দিতে হয়। আপনার এলাকার একজন মনোরোগ বিশেষজ্ঞের সাথে পরামর্শ করা প্রয়োজন, যিনি মূল্যায়নের পর এই ইনজেকশনযোগ্য ওষুধটি লিখে দেবেন। এই ইনজেকশনটি একজন মনোরোগ বিশেষজ্ঞ দেবেন এবং মনোরোগ বিশেষজ্ঞ সমাজকর্মী এটি দেখাশোনা করবেন। এর মধ্যে রিসপেরিডোন, অ্যারিপিপ্রাজল এবং আরও অনেক ওষুধ রয়েছে। ভালো থাকবেন, নাসেনিয়া ডক।"
40376,"হেলো, আপনার প্রশ্নটি দেখার পর আমি কিছু তথ্য পরিষ্কার করতে চাই- ১) খাবার খাওয়ার ১ ঘণ্টা পর রক্তে শর্করার মাত্রা ১৫০ হওয়া স্বাভাবিক বলে গণ্য করা যেতে পারে। ২) পেটে ব্যথা যা পিঠের দিকে ছড়িয়ে পড়ে তা অগ্ন্যাশয়ের সমস্যার কারণে হতে পারে। তাই, আমি আপনাকে আপনার ডাক্তারের সাথে পরামর্শ করার পরামর্শ দিচ্ছি। ক্লিনিকাল পরীক্ষার প্রয়োজন রয়েছে, যার ওপর ভিত্তি করে অগ্ন্যাশয় ও কিডনির অবস্থা মূল্যায়নের জন্য পেটের আল্ট্রাসাউন্ড, সিরাম অ্যামাইলেজ ও লাইপেজ (অগ্ন্যাশয়ের এনজাইম), লিভার ও কিডনি ফাংশন টেস্ট বা পেটের সিটি স্ক্যানের মতো রক্ত পরীক্ষার প্রয়োজন হতে পারে। আপনার উল্লিখিত রক্তে শর্করার মাত্রা দেখে আপনাকে ডায়াবেটিক হিসেবে চিহ্নিত করা যায় না, আমি আপনাকে আপনার ডায়াবেটিক অবস্থা নিশ্চিত করার জন্য ওজিটিটি (ওরাল গ্লুকোজ টলারেন্স টেস্ট) করার পরামর্শ দেব। আশা করি আমি আপনার প্রশ্নের উত্তর দিতে পেরেছি। যদি তাই হয়, তবে উত্তরটি ভোট দিন।"
106820,"আপনার বর্ণনা অনুযায়ী আপনি কোনো ধরনের ভাইরাল সংক্রমণ এবং অ্যালার্জিতে ভুগছেন, এছাড়া অন্য কিছু নয়। এর জন্য আপনাকে ট্যাবলেট ডেফিনিট ২০০ মিগ্রা অথবা ট্যাবলেট সিইএ (CEA) খেতে হবে। অ্যালার্জি এবং সাধারণ সর্দির জন্য আপনাকে অন্তত ১০ দিন রাতে একবার ট্যাবলেট মন্ট্রিল বা ট্যাবলেট অ্যালেগ্রা খেতে হবে। যেহেতু ভাইরাল সংক্রমণ সেরে উঠতে অন্তত ৫-৭ দিন সময় লাগবে, তাই আপনাকে এর চেয়ে বেশি সময় অপেক্ষা করতে হবে, তাহলেই আপনি সুস্থ হয়ে উঠবেন।"
108228,"হেলো। যদি আপনি সংক্রমণে আক্রান্ত হন, তবে জন্মের অল্প কিছুক্ষণ আগেই তা আপনার শিশুর কাছে ছড়িয়ে দিতে পারেন এবং মেডিকেল টিম একটু বেশি সতর্ক থাকলে এটি নিয়ন্ত্রণ বা এড়ানো সম্ভব। কিন্তু যদি আপনার কাছে এটি না থাকে এবং শুধুমাত্র আপনার টডলারের কাছেই এটি থাকে বা থেকে থাকে, তবে আপনার অনাগত শিশুর এটি হওয়ার সম্ভাবনা খুবই কম। তাই আপনার টডলারের পুরোপুরি সুস্থ না হওয়া পর্যন্ত তাকে হাসপাতালে ভর্তি রাখা এবং সুস্থ না হওয়া পর্যন্ত তার সংস্পর্শ এড়িয়ে চলাই সবচেয়ে ভালো। শুভকামনা।"
38000,"নাসেনিয়া ডককে বিশ্বাস করার জন্য আপনাকে ধন্যবাদ। আপনার বয়স কত? আপনি কি উচ্চ রক্তচাপে ভুগছেন? আপনি কি ডায়াবেটিক? আপনি কতদিন ধরে উপরের সমস্যাগুলোতে ভুগছেন? আপনার লক্ষণগুলো মূলত সোমাটোফর্ম/অ্যারোমাটাইজেশন ডিসঅর্ডারের ইঙ্গিত দেয়। অন্যান্য সম্ভাবনার মধ্যে ইনফ্ল্যামেটরি বাওয়েল ডিজিজ, ম্যালঅ্যাবসর্পশন সিনড্রোম থাকতে পারে। সম্পূর্ণ ইতিহাস এবং পরীক্ষা না করা পর্যন্ত এটি কী তা বলা কঠিন। অনুগ্রহ করে আপনার ডাক্তারের সাথে পরামর্শ করুন, তিনি আপনাকে পরীক্ষা করে সেই অনুযায়ী চিকিৎসা দেবেন। নিজের যত্ন নিন।"
7172,"হেলো, নাসেনিয়া ডকের সাথে পরামর্শ করার জন্য আপনাকে ধন্যবাদ। এটি ভালো যে আপনি সংক্রমণের জন্য অ্যান্টিবায়োটিক এবং ব্যথানাশক ওষুধ শুরু করেছেন, কারণ আপনি উল্লেখ করেছেন যে আপনার নিচের দাঁতে পেরিঅ্যাপিক্যাল সংক্রমণ হয়েছে। তবে শুধুমাত্র ওষুধ সেবনই সমাধান নয়, আপনার রুট ক্যানেল চিকিৎসা করানো ভালো, কারণ দাঁত খোলার পর ব্যথা কমতে শুরু করবে। আশা করি এটি আপনাকে সাহায্য করবে।"
71223,"নাসেনিয়া ডকের সাথে যোগাযোগ করার জন্য ধন্যবাদ। আপনার সন্তানের জ্বরের জন্য টাইলেনল দেওয়া নিরাপদ। আমার অনুশীলনে আমি পরামর্শ দিচ্ছি যে জ্বরের জন্য আপনি প্রতি ৪ ঘণ্টা অন্তর টাইলেনল দিতে পারেন। আপনি কুসুম গরম পানিতেও গোসল করাতে পারেন। তাকে গোসলের পানিতে প্রায় ৯৯ ডিগ্রি তাপমাত্রায় ডুবিয়ে রাখুন। এটি ধীরে ধীরে তার তাপমাত্রা কমিয়ে আনবে। ঠান্ডা পানি ব্যবহার করবেন না কারণ এটি তাকে কাঁপুনি দেবে এবং প্রকৃতপক্ষে তার শরীরের মূল তাপমাত্রা বাড়িয়ে দেবে। সামগ্রিক তাপমাত্রা খারাপ কিছু নয়। আমরা কেবল তখনই তাপমাত্রা কমাতে পারি যদি শিশুটির ফেব্রাইল সিজারের ইতিহাস থাকে। মনে রাখবেন, সংক্রমণের বিরুদ্ধে প্রতিরক্ষা হিসেবে জ্বর হাজার হাজার বছর ধরে থাকে। জ্বর সংক্রমণের বৃদ্ধির ক্ষমতা কমিয়ে দেয় এবং সেই সংক্রমণের বিরুদ্ধে লড়াই করার জন্য শরীরে আরও বেশি শ্বেত রক্তকণিকা নিয়ে আসে। তাই জ্বর খারাপ কিছু নয়। আপনি অপেক্ষা করতে পারেন এবং দেখতে পারেন পরের দিন বা তার বেশি সময় সে কেমন আচরণ করে। আশা করি আমি আপনার প্রশ্নের উত্তর দিতে পেরেছি। আপনার চিকিৎসা সংক্রান্ত প্রশ্ন এবং উদ্বেগের জন্য অনুগ্রহ করে আমাদের সাথে আবার যোগাযোগ করুন।"
64227,"হেলো, অনুসন্ধানের জন্য আপনাকে ধন্যবাদ। আমি আরও কিছু বিষয় জানতে চাই যা আমাকে আপনাকে আরও ভালোভাবে পরামর্শ দিতে সাহায্য করবে। তাই, এগুলোর উত্তর দিতে কিছু মনে করবেন না।"
101386,"স্টেজ ১ থমাস এমন একটি পর্যায় যা কোনো ট্রান্স-ক্যাপসুলার ইনভেশন বা বিস্তার ছাড়াই সম্পূর্ণভাবে আবৃত থাকে। সম্পূর্ণ অপসারণ করা স্টেজ ১ থমাসের জন্য অস্ত্রোপচার পরবর্তী রেডিয়েশন থেরাপির প্রয়োজন হয় না, এমনকি বি২/বি৩ হিস্টোপ্যাথলজি সাবটাইপেও। অসম্পূর্ণ রিসেকশন, হিস্টোপ্যাথলজি রিপোর্টে মার্জিন পজিটিভ রোগ, স্টেজ ২ থেকে ৪ রোগ বা থাইমিক কার্সিনোমার ক্ষেত্রে রেডিয়েশন থেরাপির প্রয়োজন হয়। আমি আশা করি আপনার প্রশ্নের উত্তর পেয়েছেন। আপনার যদি আরও কোনো প্রশ্ন থাকে, তবে আমি উত্তর দিতে পেরে খুশি হব। নাসেনিয়া ডক বেছে নেওয়ার জন্য আপনাকে ধন্যবাদ।"
29974,"হেলো, প্রিয়, আপনার হাতের ব্যথাদায়ক লাল-পিণ্ড, যা ফুলে গিয়ে ফোড়ায় পরিণত হয়েছে এবং হাত লাল হয়ে গেছে, সে বিষয়ে অনুসন্ধানের জন্য ধন্যবাদ। ১- আমি উদ্বিগ্ন যে আপনার হাতে ক্লিনিং এজেন্ট ইনজেকশন দেওয়ার পর এই বেদনাদায়ক শক্ত হাতের পিণ্ড এবং হাতের সেলুলাইটিসের চিকিৎসা কীভাবে করা হবে তা নিয়ে আপনি চিন্তিত। ২- আমার মতে, এই ব্যথাদায়ক হাতের পিণ্ডটির অবিলম্বে একজন ডাক্তারের সাথে পরামর্শ করা প্রয়োজন। ৩- আমি আপনাকে একজন সার্জনের পরামর্শ নেওয়ার পরামর্শ দেব - যিনি জরুরি ইনসিশন বা অস্ত্রোপচারের মাধ্যমে এর চিকিৎসা করবেন এবং"
14057,"হেলো, মেলাসমা হলো এক ধরণের হাইপারপিগমেন্টেশন যা সাধারণত মধ্যবয়সী নারীদের মধ্যে বেশি দেখা যায় এবং এটি হরমোন ও সূর্যালোক দ্বারা প্রভাবিত হয়। এর চিকিৎসা বেশ চ্যালেঞ্জিং, তবে সঠিক নিয়মে ভালো ফলাফল পাওয়া সম্ভব। সাধারণত চিকিৎসাকে ক্লিনিক-ভিত্তিক এবং ঘরোয়া - এই দুই ভাগে ভাগ করা হয়। ক্লিনিকে, আমি গ্লাইকোলিক, লেজার, টিসিএ (TCA) এর মতো কেমিক্যাল পিল এবং প্রয়োজনে মাইক্রোডার্মাব্রেশনের পরামর্শ দিই। বাড়িতে, আপনি কোজিক অ্যাসিড, আরবুটিন ইত্যাদি সমৃদ্ধ ক্রিম এবং রক্ষণাবেক্ষণের জন্য ভিটামিন সি সিরাম ব্যবহার করতে পারেন। নিয়মিত উচ্চ এসপিএফ (SPF) যুক্ত সানস্ক্রিন ব্যবহার করুন। গ্লাইকোলিক অ্যাসিড যুক্ত ফেসওয়াশ ব্যবহার করুন। আশা করি এটি আপনার সমস্যার সমাধান করবে। নাসেনিয়া ডক।"
100574,"দুর্ভাগ্যবশত, আপনার ডাক্তার ইডিএস (EDS) বা হাইপারমোবিলিটি ফ্যাক্টরের সাথে সম্পর্কিত একজন নিউরোলজিস্টের বিশেষজ্ঞ জ্ঞানের অভাব সম্পর্কে যা বলেছেন, তা এই সমস্যারই একটি নিশ্চিত সত্য। আমি একজন নিউরোলজিস্ট এবং আমার হেডেক ক্লিনিকে আমার কয়েকজন রোগী আছেন, কারণ এই রোগীরা ইডিএস-এর কারণে ঘাড়ের সার্ভিকাল মেরুদণ্ডের অস্থিরতার ফলে মাথাব্যথায় (প্রাথমিক ধরন যেমন মাইগ্রেন বা টেনশন, এবং যান্ত্রিক উভয় ধরনের) ভোগেন। জেনেটিক পরীক্ষার মাধ্যমে ইডিএস নিশ্চিত করা হয়। আসলে, আপনার উপস্থাপনা থেকে যে কেউ যে রোগ নির্ণয়ের সন্দেহ করেছেন তাকে নিশ্চিত হওয়ার জন্য পাঠানোর জন্য ধন্যবাদ। এই সমস্যার জন্য এখন একজন সাইকোলজিক্যালিস্টের কাছে যাওয়ার সমস্যা হলো, জেনেটিক্সিস্টদের ছাড়া অন্য কেউ নেই, যারা হয়তো মেডিকেল ক্লিনিকিয়ান, যারা অন্য যেকোনো ক্ষেত্রে প্রশিক্ষণের সময় অনেক কেস দেখবেন কারণ এটি ম্যালিগন্যান্সির সাথে সম্পর্কিত। তাই, আমি এই দুজন রোগীর সাথে দেখা করার পরামর্শ দিচ্ছি, কারণ মাথাব্যথাগুলো সহজে নিরাময়যোগ্য ছিল না, বরং তাদের প্রাথমিক চিকিৎসক বা অন্যান্য বিশেষজ্ঞ। আর্থ্রোপসদের ইডিএস রোগীদের মাস্কুলোস্কেলিটাল সমস্যা থাকতে পারে যা ইডিএস-এর কারণে তাদের দ্বারা সবচেয়ে ভালোভাবে সামলানো সম্ভব হতে পারে... কিন্তু তাদের এই বিষয়ে নিশ্চিত কোনো বিশেষজ্ঞ জ্ঞান নেই কারণ এটিকে সত্যিই একটি গুরুতর জেনিটাল সমস্যা হিসেবে বিবেচনা করা হয়। আপনি যদি এটি সম্পর্কে পরিচিত না হন, তবে আরও তথ্য পেতে এই লিঙ্কটি দেখুন। আমি পরামর্শ দিচ্ছি যে আপনি সেই ডাক্তারদের তালিকা অনুসরণ করুন যারা তাদের তালিকায় আছেন, কারণ এই ব্যক্তিরা এই সমস্যার চিকিৎসায় আগ্রহ প্রকাশ করেছেন এবং তাই গভীর অভিজ্ঞতা এবং কী কাজ করে বা কী কাজ করে না সে সম্পর্কে ধারণা থাকা আপনাকে নির্দেশনা দিতে বা প্রোস্থেটিক্সের সৃজনশীল ব্যবহার"
52263,"হেলো, আমাদের কাছে লেখার জন্য ধন্যবাদ। পিসিওএস (PCOS) একটি নিরীহ অবস্থা যেখানে উভয় ডিম্বাশয়ের আকার বৃদ্ধি পায়, স্টোমা বৃদ্ধি পায় এবং উভয় ডিম্বাশয়ে একাধিক পেরিফেরালি বসানো ফলিকল থাকে। এর ফলে অনিয়মিত পিরিয়ড, শরীরের লোম বৃদ্ধি এবং ওজন বৃদ্ধির সাথে বন্ধ্যাত্বের মতো উপসর্গ দেখা দেয়। ক্যান্সার এবং পিসিওএস সম্পূর্ণ ভিন্ন দুটি অবস্থা। জরায়ুমুখের ক্যান্সারের ক্ষেত্রে নিম্নলিখিত উপসর্গগুলো থাকতে পারে: (i) কোনো কারণ ছাড়াই যোনিপথে রক্তপাত (ii) জরায়ুমুখে ক্ষত (iii) যোনিপথ থেকে সাদা স্রাব (iv) জরায়ুমুখ থেকে অকারণে রক্তপাতসহ একাধিক কুঁচকির লিম্ফ নোড (v) জরায়ুমুখ বড় হয়ে যাওয়া যা দেখতে বিষমজাতীয় (heterogeneous)। আকারের কারণে জরায়ুমুখ বড় হওয়া ক্যান্সারের কোনো লক্ষণ নয়। অনুগ্রহ করে আপনার ডাক্তারের দেওয়া ওষুধগুলো সেবন করুন। যদি সন্দেহ থাকে তবে প্যাপ স্মিয়ার পরীক্ষা করান। অনুগ্রহ করে চিন্তা করবেন না।"
95939,"হেলো এবং আপনি যে পরিস্থিতির মধ্য দিয়ে যাচ্ছেন তার জন্য আমি দুঃখিত। মানসিক চাপের পরিস্থিতির সাথে মানিয়ে নেওয়ার জন্য আপনার যদি আরও কিছু স্টেরয়েড হরমোনের প্রয়োজন হয়, কেবল তখনই আপনি সলুকোর্টেল বহন করেন। মানসিক চাপের সময় শরীর সাধারণত স্টেরয়েড হরমোনের উৎপাদন বাড়িয়ে দেয়। যেহেতু আপনার অ্যাডিসন রোগ আছে, তাই এটি আপনার জন্য অসম্ভব এবং আমাদের এটি বাইরে থেকে প্রয়োগ করতে হবে। দুর্ঘটনা, প্রিয়জন হারানো, খুব কঠিন সময়ের মধ্য দিয়ে যাওয়া, গুরুতর অসুস্থতার মতো পরিস্থিতিতে আপনার এটি প্রয়োজন হতে পারে। ফার্মেসি থেকে নতুন একটি সিরিঞ্জ নেওয়া সবচেয়ে ভালো। তবে, আপনি যদি এখন কোনো সিরিঞ্জ ব্যবহার করেন তবে আপনি তা ব্যবহার করতে পারেন এবং সমস্যাটি কাটিয়ে ওঠার অন্য কোনো উপায় নেই। আমি দৃঢ়ভাবে সুপারিশ করছি যে আপনি যত দ্রুত সম্ভব পরামর্শকৃত সিরিঞ্জটি পাওয়ার জন্য সবকিছু করুন। আপনার সুস্বাস্থ্য কামনা করি। নতুন সিরিঞ্জ পাওয়ার জন্য আপনার সমস্ত প্রচেষ্টার জন্য শুভকামনা রইল।"
103179,"নাসেনিয়া ডকে আপনার প্রশ্নের জন্য ধন্যবাদ। আমি আপনার উদ্বেগ বুঝতে পারছি। আপনার ইতিহাস এবং বর্ণনা অনুযায়ী, পোস্ট-ইনফেকশাস ব্রঙ্কাইটিসের সম্ভাবনা বেশি। ভাইরাল আপার রেসপিরেটরি ট্র্যাক্ট ইনফেকশন (ইউআরআই) (ঠান্ডা) এর পরে ব্রঙ্কাইটিস (শ্বাসনালীর প্রদাহ) হওয়া সাধারণ বিষয়। আর ব্রঙ্কাইটিসের কারণে কাশি, শ্বাসকষ্ট এবং হুইজিং (বুক থেকে শিস দেওয়ার মতো শব্দ) হতে পারে। তাই একজন পালমোনোলজিস্টের (বক্ষব্যাধি বিশেষজ্ঞ) সাথে পরামর্শ করা এবং ১. শ্বাসতন্ত্রের ক্লিনিকাল পরীক্ষা এবং ২. পিএফটি (পালমোনারি ফাংশন টেস্ট) করানো ভালো। পিএফটি শুধুমাত্র ব্রঙ্কাইটিস নির্ণয় করবে না, এটি আপনাকে রোগের তীব্রতা সম্পর্কেও জানাবে এবং সেই তীব্রতার ওপর ভিত্তি করেই চিকিৎসা করা হবে। আপনার ইনহেলড ব্রঙ্কোডাইলেটর (ফর্মোটেরল বা অ্যালবিউটেরল) এবং ইনহেলড কর্টিকোস্টেরয়েড (আইসিএস) (বুডেসোনাইড বা ফ্লুটিকাসোন) প্রয়োজন হবে। চিন্তা করবেন না, আপনি সুস্থ হয়ে উঠবেন। আশা করি আমি আপনার প্রশ্নের সমাধান করতে পেরেছি। আপনাকে আরও সাহায্য করতে পারলে আমি খুশি হব। আপনার সুস্বাস্থ্য কামনা করি। ধন্যবাদ।"
37425,হেলো এবং নাসেনিয়া ডকে আপনাকে স্বাগতম। আপনার অনুসন্ধানের জন্য ধন্যবাদ। আমি নাসেনিয়া ডক এবং আমি আপনাকে যথাসাধ্য সাহায্য করার চেষ্টা করব। যদি উভয় পা ফুলে যায় তবে এটি কিডনি বা হৃদরোগের ইঙ্গিত দেয় এবং আমার মনে হয় না যে এটি পেশী বা কঙ্কালজনিত কোনো সমস্যার সাথে সম্পর্কিত। আপনার হার্টের আল্ট্রাসাউন্ড এবং পায়ের ডপলার আল্ট্রাসাউন্ড করা উচিত। আশা করি আমি আপনার প্রশ্নের উত্তর দিতে পেরেছি। আপনার যদি আরও কোনো প্রশ্ন থাকে তবে আপনি আমাদের সাথে যোগাযোগ করতে পারেন। আন্তরিক শুভেচ্ছা। আপনার সুস্বাস্থ্য কামনা করি।
69890,"প্রিয়, তরুণদের ক্ষেত্রে খেলার সময় আঘাত পাওয়া সাধারণ বিষয় এবং এর বেশিরভাগই গুরুতর নয়। আপনার ক্ষেত্রে মেরুদণ্ডের থোরাসিক অঞ্চলে আঘাত লেগেছে। যেহেতু মেরুদণ্ডের এই অংশটি পাঁজরের হাড় দ্বারা ভালোভাবে স্থিতিশীল, তাই মেরুদণ্ড চুপসে যাওয়ার সম্ভাবনা খুবই কম। তাছাড়া, আপনার কোনো অঙ্গের দুর্বলতা, প্রস্রাবের সমস্যা বা শ্বাসকষ্টের সমস্যা দেখা দেয়নি। আমার কাছে এটি উদ্বেগের কোনো আঘাত বলে মনে হচ্ছে না। চিকিৎসার জন্য আপনি ব্যথানাশক মলম ব্যবহার করতে পারেন, কিছু ব্যথানাশক ওষুধ সেবন করতে পারেন এবং বিশ্রাম নিতে পারেন। যদি তীব্র ব্যথা, শ্বাসকষ্ট, অঙ্গের দুর্বলতা বা মেরুদণ্ডে হাড়ের উঁচু অংশ দেখা দেয়, তবে আপনাকে অবশ্যই একজন ডাক্তারের পরামর্শ নিতে হবে। আশা করি আপনি দ্রুত সুস্থ হয়ে উঠবেন।"
55973,"হেলো, আমি আপনার কেসটি পর্যালোচনা করেছি। আপনার ইতিহাস অনুযায়ী এটি হিপ আর্থ্রাইটিস হতে পারে, যা ডিজেনারেটিভ বা ফিমোরাল হেডের অ্যাভাসকুলার নেক্রোসিস (AVN)-এর কারণে হতে পারে। আমি আপনাকে পুনরায় হিপের এক্স-রে করার পরামর্শ দেব এবং আপনি রিপোর্টগুলো নিয়ে আমার সাথে বা আপনার ডাক্তারের সাথে পরামর্শ করতে পারেন। ক্লিনিকাল পরীক্ষার পর যদি AVN সন্দেহ হয়, তবে আপনার এমআরআই (MRI) প্রয়োজন হবে। আপাতত ব্যথানাশক এবং গ্লুকোসামিন সালফেটের মতো কার্টিলেজ রক্ষাকারী ওষুধ সেবন করুন। হিপ আর্থ্রাইটিসের জন্য জয়েন্ট ফ্লেকশন, এক্সটেনশন এবং রোটেশন ব্যায়ামগুলো সাহায্য করবে। একজন ফিজিওথেরাপিস্ট আপনাকে সঠিক নিয়মে আরও ব্যায়াম শিখতে সাহায্য করবেন। প্রয়োজনে ইন্ট্রা-আর্টিকুলার ইনজেকশন দেওয়া যেতে পারে। ক্যালসিয়াম এবং প্রোটিন সমৃদ্ধ খাবার সাহায্য করবে। আশা করি এটি আপনার প্রশ্নের উত্তর দিয়েছে। আপনার যদি আরও কোনো প্রশ্ন বা ফলো-আপ জিজ্ঞাসা থাকে, তবে আমাদের লিখতে দ্বিধা করবেন না। আমি আপনার প্রশ্নের উত্তর দিতে পেরে খুশি হব। আপনার সুস্বাস্থ্য কামনা করছি। ভালো থাকবেন।"
73865,"প্রিয় রোগী, আপনার এমআরআই রিপোর্টটি মস্তিষ্কের অঞ্চলের, মেরুদণ্ডের নয়। মানব মস্তিষ্ক চারটি লোবে বিভক্ত এবং প্যারাইটাল লোব তার মধ্যে একটি। আপনার রিপোর্টে প্যারাইটাল এলাকায় পুরনো ইনফার্কট এবং পরবর্তীতে একই এলাকায় ফাইব্রোসিসের ইঙ্গিত পাওয়া গেছে। এছাড়া সাম্প্রতিক সময়ে একাধিক ছোট ইনফার্কট হয়েছে, যা মস্তিষ্কের ছোট রক্তনালীর কোনো সমস্যার কারণে হতে পারে। আপনার বয়স কত? সবসময় বয়স এবং শারীরিক সমস্যার কথা উল্লেখ করবেন। আমি আপনাকে পরবর্তী চিকিৎসার জন্য একজন নিউরোলজিস্টের সাথে দেখা করার পরামর্শ দিচ্ছি। ধন্যবাদ।"
69974,"নাসেনিয়া ডকে আপনার প্রশ্নের জন্য ধন্যবাদ। আমার মতে, আপনার অবিলম্বে একজন হৃদরোগ বিশেষজ্ঞের পরামর্শ নেওয়া উচিত। ইনফেরিয়র ওয়াল ইস্কেমিয়া সহ পালমোনারি এমবোলিজম ডান দিকের হৃদপিণ্ডের ক্ষতির ইঙ্গিত দেয়। আমাদের দ্রুত এর চিকিৎসা করতে হবে কারণ এটি হাইপোটেনশন এবং ব্র্যাডিকার্ডিয়ার কারণ হতে পারে। আমাদের প্রথমে এমবোলিকের মাত্রা শনাক্ত করতে হবে। তাই সিটি পালমোনারি এনজিওগ্রাফি করান। এবং এমবোলিক দ্রবীভূত করার জন্য ফাইব্রিনোলাইটিক থেরাপি শুরু করুন। রোগী হেমোডাইনামিক্যালি স্থিতিশীল হয়ে গেলে, করোনারি অবস্ট্রাকশন বা হৃদপিণ্ডের প্রতিবন্ধকতা দূর করার জন্য করোনারি এনজিওগ্রাফির পরিকল্পনা করুন। এবং প্রয়োজনে স্টেন্টিং করা উচিত। তাই এই ধরনের রোগীদের চিকিৎসার জন্য আপনার কার্ডিওলজিস্ট এবং কার্ডিয়াক ইনটেনসিভ কেয়ার সেট আপ প্রয়োজন।"
33453,নাসেনিয়া ডকে আপনাকে স্বাগতম। ১. এটি ম্যান্ডিবল থেকে উদ্ভূত কোনো পিণ্ড বা ক্ষত হতে পারে। ২. নিশ্চিত হওয়ার জন্য আমি ল্যাটারাল এবং অ্যান্টেরোপোস্টেরিয়র ভিউয়ের এক্স-রে করতে বলব। ৩. অন্টার ডিফারেনশিয়াল হতে পারে সাবম্যান্ডিবুলার গ্রন্থি থেকে উদ্ভূত একটি সিস্টিক বা কঠিন পিণ্ড। (একটি আল্ট্রাসাউন্ড ক্ষতের উপাদান শনাক্ত করতে সাহায্য করবে)। ৪. তাই প্রয়োজনে এক্স-রে করার পর একটি আল্ট্রাসাউন্ড স্ক্যান করান। ৫. সম্ভাব্য অ্যাপয়েন্টমেন্টের কাছাকাছি যান এবং স্ক্যানগুলো করিয়ে নিন। কিছু জিজ্ঞাসা করার আছে? দ্বিধা করবেন না। ধন্যবাদ।
78401,"আপনার অনুসন্ধানের জন্য ধন্যবাদ। আমি আপনার অনুসন্ধানটি দেখেছি। পেরিওডন্টাল অ্যাবসেসের কারণে ফোলা বা চাকা হতে পারে। আতঙ্কিত হওয়ার কিছু নেই। আমি যদি আপনার চিকিৎসাকারী ডাক্তার হতাম, তবে আক্কেল দাঁত ওঠার জন্য পর্যাপ্ত জায়গা আছে কিনা তা নিশ্চিত করতে আমি আপনাকে আইওপিএআর (IOPAR) বা আরভিজি (RVG)-এর মতো একটি রেডিওগ্রাফ করার পরামর্শ দিতাম। যদি জায়গা না থাকে, তবে দাঁতটি তুলে ফেলতে হবে। যদি আক্কেল দাঁতটি হাড় দিয়ে ঢাকা থাকে, তবে একটি ছোট অস্ত্রোপচারের মাধ্যমে এটি তুলে ফেলতে হবে। যেহেতু এটি একটি অকার্যকর দাঁত, তাই ভবিষ্যতের জটিলতা এড়াতে দাঁতটি তুলে ফেলুন। ইতিমধ্যে, আমি আপনাকে অ্যামোক্সিসিলিন এবং মেট্রোনিডাজলের মতো অ্যান্টিবায়োটিকের একটি কোর্স নেওয়ার পরামর্শ দিতাম (যদি আপনার অ্যালার্জি না থাকে)। স্যালাইন দিয়ে কুলকুচি করুন। আশা করি আমার উত্তরটি আপনাকে সাহায্য করবে। ভালো থাকবেন।"
10150,"এটি আপনার রোগ প্রতিরোধ ক্ষমতার ওপর নির্ভর করে এতে কত সময় লাগবে। এর জন্য আপনি কিছু ঘরোয়া প্রতিকার চেষ্টা করতে পারেন: ১. এক টেবিল চামচ মধু ২. এক টেবিল চামচ ফুলার আর্থ (মুলতান মাটি) ৩. এক চিমটি হলুদের গুঁড়ো এবং এক টেবিল চামচ দুধ। সব মিলিয়ে একটি পেস্ট তৈরি করে ৩ দিন লাগিয়ে রাখুন, এটি কাজ করবে তবে অনুগ্রহ করে ঘষবেন না, খুব নরম করে লাগান এবং ৫ মিনিট পর ধুয়ে ফেলুন। আপনার গুরুত্বপূর্ণ শারীরিক অবস্থার কথা বিবেচনা করে আপনি সেই দাগে কনসিলার ব্যবহার করতে পারেন। এটি আপনাকে অবাক করবে। ধন্যবাদ।"
111868,"হেলো প্রিয়, আমি আপনার উদ্বেগ বুঝতে পারছি। হঠাৎ উচ্চ মাত্রার জ্বর এবং র‍্যাশ সম্ভবত একটি ভাইরাল অসুস্থতা। যদি তার অন্য কোনো উপসর্গ না থাকে, জ্বর কমে গেলে সে খেলাধুলা করে এবং খাবার খায়, তবে তাকে দিনে ৩-৪ বার প্যারাসিটামল দিন। তাকে বিশ্রাম নিতে দিন এবং ডাক্তারের সাথে চ্যাট করুন। যদি র‍্যাশে চুলকানি থাকে, তবে দিনে ২-৩ বার সেখানে ক্যালামাইন লোশন লাগান। যদি বিরক্তিকর হয়, তবে আমি সাধারণত অ্যান্টিহিস্টামিন যেমন এইচওয়াই (HY) দিয়ে থাকি।"
75195,"হেলো, নাসেনিয়া ডকের সাথে পরামর্শ করার জন্য ধন্যবাদ। আপনার প্রশ্নটি পড়েছি, যেহেতু আপনার ওরাল সাবমিউকোসাল ফাইব্রোসিস ধরা পড়েছে, এটি একটি প্রাক-ক্যান্সার অবস্থা। আমি আপনাকে ধূমপান এবং তামাক চিবানোর অভ্যাস পুরোপুরি ত্যাগ করার পরামর্শ দেব, যা আপনার জন্য ভালো হবে। যেহেতু আপনি আপনার ওরাল সার্জনের দেওয়া ওষুধের কথা জানতে চেয়েছেন, হ্যাঁ, এগুলো ওএসএফ (OSF) অবস্থায় দেওয়া ওষুধ। এই ওষুধগুলো নিয়মিত সেবন করুন এবং পরীক্ষার ও মূল্যায়নের জন্য আপনার ওরাল সার্জনের সাথে যোগাযোগ রাখুন। আশা করি এটি আপনাকে সাহায্য করবে। আপনার সুস্বাস্থ্য কামনা করছি। শুভেচ্ছা।"
60811,"হেলো, ডেইরি, আমি আপনার প্রশ্নটি দেখেছি। আমি আপনার উদ্বেগ বুঝতে পারছি। আপনার জরায়ুমুখের ক্যান্সার ছিল এবং র‍্যাডিক্যাল সার্জারির পর কেমোথেরাপি ও রেডিওথেরাপির মাধ্যমে চিকিৎসা করা হয়েছিল। এখন আপনার একাধিক মেটাস্ট্যাটিক ক্ষত রয়েছে। তাই এটি এখন চতুর্থ পর্যায়ের রোগ। সার্জারি এখন আর কার্যকর হবে না। চিকিৎসার একমাত্র বিকল্প হলো কেমোথেরাপি। এটি কার্যকর নয়। তাই আপনি কেমোথেরাপি পরিবর্তন করতে পারেন। কিন্তু কোনো চিকিৎসাই রোগটিকে সারিয়ে তুলবে না। সমস্ত চিকিৎসা সত্ত্বেও পূর্বাভাস খারাপ। আয়ুষ্কাল খুব একটা ভালো নয়। এবং কেমোথেরাপির নিজস্ব পার্শ্বপ্রতিক্রিয়া রয়েছে। তাই আমার মতে, কোনো চিকিৎসা দেওয়া উচিত নয়। আপনার ডাক্তারের সাথে পরামর্শ করুন এবং সেই অনুযায়ী চিকিৎসা নিন। আশা করি আমি আপনার প্রশ্নের উত্তর দিতে পেরেছি, যদি আপনার কোনো সন্দেহ থাকে তবে আমি উত্তর দিতে পেরে খুশি হব। নাসেনিয়া ডক ব্যবহার করার জন্য ধন্যবাদ। আপনার সুস্বাস্থ্য কামনা করি।"
4199,"হেলো, ডেইরি, আমি আপনার প্রশ্নটি দেখেছি। আমি আপনার উদ্বেগ বুঝতে পারছি। একজন অনকোলজিস্ট সহজেই এইচআইভি সম্পর্কিত লিম্ফোমা শনাক্ত করতে পারেন। যদি আপনি এইচআইভি পরীক্ষা না করে থাকেন, তবে এইচআইভি পরীক্ষা করান। লিম্ফোমার ধরন এবং পর্যায় অনুযায়ী আপনার লিম্ফোমার চিকিৎসা নিন। আশা করি আমি আপনার প্রশ্নের উত্তর দিতে পেরেছি, যদি আপনার কোনো সন্দেহ থাকে তবে আমার সাথে bit.ly/ নাসেনিয়া ডক-এ যোগাযোগ করুন। নাসেনিয়া ডক ব্যবহার করার জন্য ধন্যবাদ। আপনার সুস্বাস্থ্য কামনা করি।"
64773,"নাসেনিয়া ডকে আপনার প্রশ্নের জন্য ধন্যবাদ। আমি আপনার উদ্বেগ বুঝতে পারছি। পালমোনারি ফাইব্রোসিস নিজে থেকে নাক দিয়ে রক্ত পড়া বা পিত্তযুক্ত বমির কারণ হতে পারে না। তাকে অতিরিক্ত স্টেরয়েড দেওয়া হয়েছে। তাই এটি গ্যাস্ট্রিক আলসার, গ্যাস্ট্রোপেরেসিস এবং গ্যাস্ট্রাইটিসের কারণ হতে পারে। এই সবকিছুর কারণেই বমি, রক্তপাত ইত্যাদি হতে পারে। তাই মূলত অতিরিক্ত স্টেরয়েড ইনজেকশন এবং এর পার্শ্বপ্রতিক্রিয়াই তার পিত্তযুক্ত বমি ও রক্তপাতের কারণ। আশা করি আমি আপনার প্রশ্নের সমাধান করতে পেরেছি। আপনাকে আরও সাহায্য করতে পারলে আমি খুশি হব। ধন্যবাদ।"
26418,"হেলো, আমি আপনার প্রশ্নটি মনোযোগ দিয়ে পড়েছি এবং আপনার উদ্বেগ বুঝতে পেরেছি। আপনার উপসর্গগুলো সর্দি বা ফ্লু-এর সাথে সম্পর্কিত বলে মনে হচ্ছে। উপসর্গগুলো উপশমের জন্য আমি অ্যাসিটামিনোফেনের মতো প্রদাহরোধী ওষুধ ব্যবহারের পরামর্শ দিচ্ছি। আমি আপনাকে বিশ্রাম নিতে, স্বাস্থ্যকর খাবার খেতে এবং সুষম খাবার খাওয়ারও পরামর্শ দিচ্ছি। এছাড়া, আমি নাসেনিয়া ডকের সাথে কথা বলার পরামর্শ দিচ্ছি। আশা করি আমার উত্তরটি সহায়ক ছিল। আপনার আরও কোনো প্রশ্ন থাকলে নির্দ্বিধায় আমার সাথে আবার যোগাযোগ করুন। শুভেচ্ছা রইল!"
105888,"হেলো! নাসেনিয়া ডকে আপনার প্রশ্নটি করার জন্য ধন্যবাদ। আমি একজন গ্যাস্ট্রোএন্টেরোলজিস্ট (ডিএম)। এএসটি (AST) বৃদ্ধি লিভারের কোষের ক্ষতির কারণে হয়, যা অ্যালকোহল গ্রহণের ফলে হতে পারে। এটি উদ্বেগের বিষয় কারণ দীর্ঘস্থায়ী লিভারের ক্ষতি সিরোসিস বা লিভার সংকুচিত করতে পারে যা অপরিবর্তনীয়। তাই আমি আপনাকে অ্যালকোহল এড়িয়ে চলার পরামর্শ দেব। এছাড়াও, হেপাটাইটিস বি এবং সি ভাইরাস, উইলসন রোগের জন্য সিরাম সেরুলোপ্লাজমিন, বিশেষ করে আপনি যদি তরুণ হন, অটোইমিউন রোগের জন্য এএনএ (ANA) এবং এসএমএ (SMA)-এর মতো অন্যান্য সাধারণ এবং নিরাময়যোগ্য কারণগুলোও পরীক্ষা করা উচিত কারণ এগুলোও এএনটি (ANT) বৃদ্ধির কারণ হতে পারে। আশা করি আমি আপনার প্রশ্নের উত্তর দিতে পেরেছি এবং এটি আপনাকে সাহায্য করবে। আপনার যদি আরও কোনো প্রশ্ন থাকে তবে আমি তার উত্তর দিতেও খুশি হব। যোগাযোগ রাখুন এবং দ্রুত সুস্থ হয়ে উঠুন।"
104956,"হেলো, বিবর্ণতা রক্তপাতের কারণে হয়েছে এবং এটি নিজে থেকেই সেরে যাওয়া উচিত, তবে প্রক্রিয়াটি দ্রুত করতে আপনি কিছু গরম সেঁক দিতে পারেন। সুঁই ফোটানোর সময় কখনও কখনও স্নায়ুতে স্পর্শ লাগতে পারে এবং এটিই শক লাগার মতো অনুভূতির জন্য দায়ী হতে পারে। এটিও সেরে যাবে তবে কয়েক সপ্তাহ সময় লাগতে পারে, এই প্রক্রিয়াটি দ্রুত করার জন্য আপনার কিছুই করার নেই। দুঃখিত যে এমনটা ঘটেছে। কিছু গরম সেঁক ব্যবহার করুন এবং খুব অস্বস্তি বোধ করলে আইবুপ্রোফেন সেবন করুন। শুভেচ্ছা।"
33398,"হেলো, নাসেনিয়া ডকের জন্য ধন্যবাদ। আপনি যদি মনে করেন যে আপনি বিষণ্নতায় ভুগছেন, তবে বিস্তারিত মূল্যায়ন এবং চিকিৎসার জন্য আপনার একজন মনোরোগ বিশেষজ্ঞের পরামর্শ নেওয়া উচিত। ডাক্তার আপনার ব্যক্তিত্বের বৈশিষ্ট্য বা কোনো ব্যক্তিত্বের ব্যাধি আছে কিনা তা পরীক্ষা করতে পারেন। ডাক্তার অ্যান্টি-ডিপ্রেসেন্ট প্রেসক্রাইব করতে পারেন। চিকিৎসার অন্যান্য পদ্ধতিতে, ডাক্তার সাইকোথেরাপি সেশন এবং স্ট্রেস ম্যানেজমেন্ট নেওয়ার পরামর্শ দিতে পারেন। ইতিমধ্যে, মানসিক চাপ নিয়ন্ত্রণের জন্য আপনি যোগব্যায়াম, মেডিটেশন বা শ্বাস-প্রশ্বাসের ব্যায়াম করতে পারেন। ধন্যবাদ।"
68146,"হেলো, নাসেনিয়া ডকে যোগাযোগ করার জন্য আপনাকে ধন্যবাদ। আমি আপনার স্বাস্থ্যগত উদ্বেগটি বুঝতে পেরেছি, আমি যদি আপনার ডাক্তার হতাম তবে আমি আপনাকে ডেঙ্গু পরীক্ষা করার পরামর্শ দিতাম। আপনি যে লক্ষণগুলোর কথা উল্লেখ করেছেন তা ডেঙ্গুর ইঙ্গিত দেয়। রক্তক্ষরণজনিত অবস্থা আছে কিনা তা নিশ্চিত করার জন্য অনুগ্রহ করে প্লাটিলেট গণনাও করুন। আপনার ভবিষ্যতের সমস্ত উদ্বেগের উত্তর দিতে পারলে আমি খুশি হব। ধন্যবাদ, নাসেনিয়া ডক ইনফেকশাস ডিজিজ স্পেশালিস্ট। নাসেনিয়া ডকের পক্ষ থেকে আপনার সুস্বাস্থ্য কামনা করছি।"
78991,"হেলো, পায়ের ব্যথার কারণের ওপর ভিত্তি করে ওষুধ প্রেসক্রাইব করা হয়। আপনার ব্যথার কারণ মূল্যায়ন করতে এবং ব্যথানাশক ওষুধের জন্য রেফার বা সুপারিশ করতে আপনার সমুদ্র সৈকত এলাকার ডাক্তারের সাথে যোগাযোগ করা ভালো। কিটোরোলাক ট্যাবলেট ব্যথা উপশমে কার্যকর এবং ট্রামাডলও তাই। আশা করি আপনি এগুলো শীঘ্রই প্রেসক্রাইব করাতে পারবেন, অন্যথায় খাবারের পর দিনে দুবার ওটিসি অ্যাডভিল (Advil) বা অ্যালাইভ (Aleve) ট্যাবলেট কিনুন। সাঁতার কাটা বা শারীরিক পরিশ্রম থেকে বিরত থাকুন, বরফ সেঁক দিন অথবা গরম সেঁক দিন যা আপনার জন্য উপযুক্ত। আপনি আপনার কাঙ্ক্ষিত ওষুধ বা ইনজেকশনের জন্য আপনার ডাক্তারকে জিজ্ঞাসা করতে পারেন। তবে আমি পরামর্শ দেব যে, কোনো দেরি না করে ওষুধ প্রেসক্রাইব করা উচিত নয়, কারণ পায়ের ক্লিনিকাল পরীক্ষা তাকে ব্যথার চিকিৎসার জন্য আরও সুনির্দিষ্ট ওষুধ প্রেসক্রাইব করতে সাহায্য করতে পারে। ধন্যবাদ।"
13140,"হেলো, খুব বেশি জ্বর কখনও কখনও খিঁচুনির কারণ হতে পারে, যদিও শিশুদের ক্ষেত্রে এটি বেশি দেখা যায়। এটি সম্ভব যে সংক্রমণটি উল্লিখিত লক্ষণগুলির সাথে সম্পর্কিত ছিল, তবে আপনার ডাক্তারের সাথে এটি স্পষ্ট করা প্রয়োজন। আপনার খিঁচুনি আরও তদন্ত করার জন্য আপনার ডাক্তাররা একটি ইইজি (মস্তিষ্কের তরঙ্গগুলি দেখায়) করতে চাইতে পারেন। সিটি স্ক্যানের মতো ইমেজিংয়েরও পরামর্শ দেওয়া হতে পারে। আশা করি আমি আপনার প্রশ্নের উত্তর দিতে পেরেছি। আমি আপনাকে আরও সাহায্য করতে পারি কিনা তা আমাকে জানান।"
59763,"এই ধরনের উপসর্গ সাধারণত নির্দিষ্ট কিছু ভাইরাল সংক্রমণের কারণে হয়ে থাকে। এটি সাধারণত নিজে থেকেই সেরে যায় এবং চিকিৎসা নির্বিশেষে ৫-৭ দিনের মধ্যে ভালো হয়ে যায়। এটি উদ্বেগের কোনো কারণ নয়। তাছাড়া, পরীক্ষা না করে পিণ্ডের কারণ উল্লেখ করা সম্ভব নয়। এটি চিকিৎসকের মাধ্যমে মূল্যায়ন করা প্রয়োজন। অনুগ্রহ করে একজন শিশু বিশেষজ্ঞের কাছে যান এবং তাকে পরীক্ষা করান। ভাপ নেওয়া এবং সেটিরিজিনের মতো কোনো অ্যান্টি-অ্যালার্জিক ওষুধ দিলে আরাম পাওয়া যেতে পারে। প্যারাসিটামল দিলে তাপমাত্রা কমাতে সাহায্য করবে। ওআরএস (ORS) বা ওরাল রিহাইড্রেশন সল্যুশন দিন। শিশু যদি সক্রিয় এবং চঞ্চল থাকে, তবে সবকিছু ঠিক হয়ে যাবে। তবে, যদি শিশুর শ্বাসকষ্ট শুরু হয় বা সে নিস্তেজ হয়ে পড়ে, অথবা যদি এই অবস্থা ৭-১০ দিনের বেশি স্থায়ী হয় - তবে দেরি না করে অবশ্যই ডাক্তারের কাছে যেতে হবে।"
43540,"হেলো, আপনার প্রশ্নটি পোস্ট করার জন্য ধন্যবাদ। মনে হচ্ছে দুর্ঘটনার পর আপনার কনকাশন বা মস্তিষ্কে আঘাত লেগেছিল, যার সাথে স্মৃতিভ্রংশ (অ্যামনেশিয়া) যুক্ত ছিল। মাঝারি থেকে গুরুতর মাথায় আঘাতের ক্ষেত্রে এটি সাধারণ। কয়েক সপ্তাহের মধ্যে এই লক্ষণগুলোর উন্নতি হয়। আপনার মস্তিষ্কে অভ্যন্তরীণ ক্ষতির ফলে কোনো গুরুতর আঘাত লেগেছে কিনা তা জানার জন্য, আমাদের আপনার মস্তিষ্কের একটি এমআরআই (MRI) করা প্রয়োজন। অনুগ্রহ করে এমআরআই রিপোর্ট নিয়ে আবার যোগাযোগ করুন। আশা করি এটি আপনাকে সাহায্য করবে। আপনার যদি আরও কোনো তথ্যের প্রয়োজন হয়, তবে অনুগ্রহ করে জানাবেন। আপনার সুস্বাস্থ্য কামনা করি, নাসেনিয়া ডক।"
6407,"হেলো, নাসেনিয়া ডকের সাথে যোগাযোগ করার জন্য আপনাকে ধন্যবাদ। আমি আপনার স্বাস্থ্যগত উদ্বেগটি বুঝতে পেরেছি, আমি যদি আপনার ডাক্তার হতাম তবে আমি আপনাকে পরামর্শ দিতাম যে ইওসিনোফিলিয়ার দুটি সবচেয়ে সাধারণ কারণ হলো পরজীবী সংক্রমণ এবং অ্যালার্জি। পরজীবী সংক্রমণের জন্য আপনি বিট্রেয়াল নিচ্ছেন যা কাজ করছে না। অ্যালার্জির জন্য আপনি কোনো চিকিৎসা নেননি। আমি আপনাকে অ্যালার্জেন খুঁজে বের করার এবং তা বন্ধ করার পরামর্শ দিচ্ছি। আপনার ভবিষ্যতের সমস্ত উদ্বেগের উত্তর দিতে পারলে আমি খুশি হব। ধন্যবাদ, নাসেনিয়া ডক ইনফেকশাস ডিজিজ স্পেশালিস্ট। নাসেনিয়া ডকের পক্ষ থেকে আপনার সুস্বাস্থ্য কামনা করি।"
95324,"হেলো, আপনার অনুসন্ধানের জন্য ধন্যবাদ। আপনি লিবিডো কমে যাওয়া, ইরেক্টাইল ডিসফাংশন এবং দ্রুত বীর্যপাতের মতো একাধিক যৌন সমস্যার সম্মুখীন হচ্ছেন। এই সমস্যাগুলোর সবচেয়ে সাধারণ কারণ হলো বহু বছর ধরে অভ্যাসগত হস্তমৈথুন। কোনো বড় স্বাস্থ্য সমস্যা না থাকলে, এই সমস্যাগুলো মূলত মনস্তাত্ত্বিক এবং উদ্বেগের কারণে হয়ে থাকে। নিচের পদক্ষেপগুলো আপনার আত্মবিশ্বাস বাড়াতে এবং সমস্যাগুলো সমাধানে সাহায্য করবে: ১) সকালে ৪৫ মিনিট নিয়মিত ব্যায়াম করুন এবং এরপর আধা ঘণ্টা ধ্যান করুন। ২) শাকসবজি, ফলমূল এবং ভিটামিন এ, সি, ডি, ই ও জিঙ্ক সমৃদ্ধ উচ্চ প্রোটিনযুক্ত খাবার গ্রহণ করুন। ৩) প্রতিদিন ৫-৬টি কাঠবাদামের মতো অ্যান্টি-অক্সিডেন্ট গ্রহণ করুন। ৪) অ্যালকোহল এবং ধূমপান পরিহার করুন। ডাক্তারের সাথে চ্যাট করুন।"
24808,"হেলো। অনুসন্ধানের জন্য ধন্যবাদ। যদি আপনার দাঁতে ব্যথা থাকে এবং দাঁতটি ক্ষয়প্রাপ্ত হয়, তবে এই ব্যথা স্নায়ু উন্মুক্ত হওয়ার কারণে হচ্ছে, যা স্নায়ুতে জ্বালাপোড়া এবং ব্যথার সৃষ্টি করছে। দাঁতের মাঝখানে চামড়ার মতো ফোলা যদি মাড়ি থেকে ছড়িয়ে পড়ে, তবে এটি জিঞ্জিভাল পলিপ বা গাম পলিপ হতে পারে। কিন্তু যদি এটি দাঁতের ভেতর থেকে বেরিয়ে আসছে বলে মনে হয়, তবে এটি পাল্প পলিপ হতে পারে। এটি আসলে কী তা নিশ্চিত করার জন্য একটি ক্লিনিকাল পরীক্ষা করা প্রয়োজন। যদি দাঁতটি ক্ষয়প্রাপ্ত হয়, তবে প্রথমে একটি এক্স-রে করতে হবে। যদি দাঁতটি বাঁচানোর মতো অবস্থায় থাকে, তবে পলিপ অপসারণের পর রুট ক্যানেল চিকিৎসা করা হবে। এর পরে অ্যান্টিবায়োটিক এবং ব্যথানাশক ওষুধ দেওয়া হবে। আপাতত, ব্যথা কমাতে আপনি ব্যথানাশক ওষুধ খেতে পারেন। আশা করি এটি সাহায্য করবে। শুভেচ্ছা।"
98421,"হেলো, ইতিহাস থেকে মনে হচ্ছে আপনার সন্তানের আপার রেসপিরেটরি ট্র্যাক্ট ইনফেকশন বা ঊর্ধ্ব শ্বাসনালীর সংক্রমণ হয়েছে। গ্রন্থি ফুলে যাওয়া সম্ভবত রিঅ্যাক্টিভ লিম্ফ্যাডেনাইটিস, যা সংক্রমণ কমে গেলে ঠিক হয়ে যায়। যেহেতু আপনি ইতিমধ্যে মুখে খাওয়ার অ্যান্টিবায়োটিক শুরু করেছেন, তাই আপনার শিশু বিশেষজ্ঞের পরামর্শ অনুযায়ী কোর্সটি চালিয়ে যান এবং সম্পন্ন করুন। যদি এটি ব্যাকটেরিয়াজনিত সংক্রমণ হয়, তবে অ্যান্টিবায়োটিকে এটি সেরে যাওয়ার কথা। যদি এটি ভাইরাল সংক্রমণ হয়, তবে প্রতি ৮ ঘণ্টা অন্তর ব্রোকেন বা মেটাল দিতে পারেন, যদি তাতে কাজ না হয়। এই নাসেনিয়া ডক শুরু করার আগে আপনার শিশু বিশেষজ্ঞের সাথে পরামর্শ করুন। হালকা গরম পানি দিয়ে শরীর মুছে দেওয়া কিছুটা সাহায্য করতে পারে। আপনার শিশুকে হাইড্রেটেড রাখুন।"
105784,"হেলো! নাসেনিয়া ডকে আপনাকে স্বাগতম! আমি আপনার উদ্বেগ বুঝতে পারছি এবং আপনাকে জানাতে চাই যে বিলিরুবিনের উচ্চ মাত্রা এবং উচ্চ রক্তচাপ একে অপরের সাথে সম্পর্কিত নয়। বিলিরুবিনের উচ্চ মাত্রা লিভার বা পিত্তথলির পাথরের সাথে সম্পর্কিত হতে পারে। এই কারণে, আমি আপনাকে পেটের আল্ট্রাসাউন্ড এবং লিভার ফাংশন টেস্ট করার পরামর্শ দেব। এনালাপ্রিল দিয়ে চিকিৎসার বিষয়ে, আপনি এটি নিরাপদে গ্রহণ করতে পারেন। আশা করি এই উত্তরটি আপনার সহায়ক হবে! শুভেচ্ছা রইল।"
1108,"হেলো, সংক্ষিপ্ত ইতিহাস প্রদানের জন্য আপনাকে ধন্যবাদ। একটি এক্স-রে বা এমআরআই-এর পাশাপাশি একটি পুঙ্খানুপুঙ্খ ক্লিনিকাল পরীক্ষার পরামর্শ দেওয়া হচ্ছে। যেহেতু হাঁটু তার ভেতরে আছে, তাই লিগামেন্টের আঘাত বোঝার জন্য একটি পুঙ্খানুপুঙ্খ ক্লিনিকাল পরীক্ষা এবং এমআরআই প্রয়োজন। এছাড়াও, কোয়াড্রিসেপস পেশি ছোট হয়ে যেতে পারে। এই শারীরিক গঠনগত সংশোধনে সাহায্য করার জন্য আপনার একটি পুঙ্খানুপুঙ্খ মূল্যায়ন এবং ফিজিওথেরাপি প্রয়োজন হতে পারে। শুভেচ্ছা, জে ইন।"
101311,"হেলো, ডেইরি, আমি আপনার প্রশ্নটি দেখেছি। আমি আপনার উদ্বেগ বুঝতে পারছি। তার প্রোস্টেট ক্যান্সার আছে এবং গ্লিসন স্কোর ১০। ডিজেনারেটিভ রোগের কারণে তার দীর্ঘ সময় ধরে পিঠে ব্যথা রয়েছে। তবে, প্রোস্টেটিক কার্সিনোমা মেরুদণ্ডে মেটাস্ট্যাসিসের জন্য পরিচিত। তাই হাড়ের মেটাস্ট্যাসিস হয়েছে। তার মেরুদণ্ডের এমআরআই (MRI) করানো উচিত। তার প্রস্রাবে অসুবিধা, প্রস্রাবে রক্ত এবং লিম্ফ নোড ফুলে যাওয়া - সবই প্রোস্টেট ক্যান্সারের কারণে হচ্ছে। তার সেই অনুযায়ী চিকিৎসা নেওয়া উচিত। আশা করি আমি আপনার প্রশ্নের উত্তর দিতে পেরেছি, যদি আপনার কোনো সন্দেহ থাকে তবে আমি উত্তর দিতে পেরে খুশি হব। নাসেনিয়া ডক ব্যবহার করার জন্য ধন্যবাদ। আপনার সুস্বাস্থ্য কামনা করি।"
101263,"হেলো প্রিয়, আইজিই (IGE) অ্যান্টিবডির মাত্রা বৃদ্ধি নির্দেশ করে যে আপনার শিশু নির্দিষ্ট কিছু অ্যালার্জেনের প্রতি সংবেদনশীল। আর এই ধরনের অ্যালার্জেনের সংস্পর্শে এলে শরীরের রোগ প্রতিরোধ ব্যবস্থা প্রতিক্রিয়া দেখায়। মন্টিলুকাস্ট প্রস্তুতি- মৌসুমী অ্যালার্জি ও হাঁপানির লক্ষণগুলো উপশমের জন্য রক্ষণাবেক্ষণ থেরাপি হিসেবে ব্যবহৃত হয়। রোমিলাস্ট এল (Romilast L)-এ সেটিরিজিনও থাকে, যা একটি অ্যান্টি-হিস্টামিন প্রস্তুতি এবং এটি লক্ষণজনিত উপশম প্রদান করে। নাসেনিয়া ডক কতদিন চালিয়ে যাবেন সে বিষয়ে সিদ্ধান্ত নিন। ততক্ষণ পর্যন্ত, নিশ্চিত করুন যে আপনার শিশু পর্যাপ্ত হাইড্রেটেড আছে।"
9198,"হেলো ম্যাডাম, নাসেনিয়া ডকে আপনার অনুসন্ধানের জন্য অনেক ধন্যবাদ। আপনাকে আপনার জীবনযাত্রার জন্য প্রাকৃতিক থেরাপিতে পরিবর্তন করতে দেখে ভালো লাগল, এর কোনো বিকল্প নেই। একটি স্বাস্থ্যকর জীবনধারা অনুসরণ করুন। প্রতিদিন অন্তত ৩০ মিনিট দ্রুত হাঁটার মতো নিয়মিত ব্যায়াম করুন। খাবারের জন্য একটি নিয়মিত সময়সূচী মেনে চলুন। পর্যাপ্ত সময়ে পর্যাপ্ত খাবার খান। কোনো সময় অতিরিক্ত পরিশ্রম করবেন না বা নিচু হয়ে বসবেন না। ভালো খাবার খান এবং ফাস্ট ফুডে আগ্রহী হবেন না। এই পরামর্শগুলো মেনে চলার চেষ্টা করুন। ইতিবাচক থাকুন... সবকিছু ধীরে ধীরে উন্নত হবে।"
48708,"হেলো, নাসেনিয়া ডকে আসার জন্য ধন্যবাদ। মুখের ননস্পেসিফিক ক্ষত হওয়ার সম্ভাবনা খুব বেশি, টনসিল মাঝে মাঝে কিছুটা বড় দেখায়, তবে এটি কোনো সংক্রমণের কারণে নাও হতে পারে। ডার্মাটাইটিসের সম্ভাবনা খুব বেশি, এটি অ্যালার্জিজনিত বা সংক্রমণের কারণে হতে পারে। আমি যদি আপনার চিকিৎসক হতাম, তবে আমি এই ক্ষেত্রে নিম্নলিখিত ওষুধগুলো দিয়ে চিকিৎসা করতাম: ১) ট্যাবলেট অ্যামোক্সিসিলিন ৫০০ মিগ্রা দিনে তিনবার ২) ট্যাবলেট ফলিক অ্যাসিড দিনে তিনবার ৩) ট্যাবলেট রিসপেরিডোন ৩০ মিগ্রা দিনে তিনবার। এটি নিয়ে চিন্তার কিছু নেই, সবকিছু শীঘ্রই ঠিক হয়ে যাবে, আপনার দিনটি ভালো কাটুক।"
58431,"হেলো, আপনার অনুসন্ধানের জন্য ধন্যবাদ। কিডনি সংক্রমণের কারণে জ্বরের জন্য আপনাকে হাসপাতালে ভর্তি করা হয়েছিল এবং অ্যান্টিবায়োটিক দিয়ে চিকিৎসা করা হয়েছিল। এখন আপনার কোমরের নিচের দিকে ব্যথা হচ্ছে। কোমরের নিচের দিকে ব্যথা এবং সাম্প্রতিক অতীতে কিডনি সংক্রমণের ইতিহাস বিবেচনা করলে, কিডনি বা ইউরেটারে পাথর থাকার সম্ভাবনা উড়িয়ে দেওয়া যায় না। অনুগ্রহ করে ক্লিনিকাল পরীক্ষার জন্য একজন যোগ্য ইউরোলজিস্টের সাথে পরামর্শ করুন এবং রোগ নির্ণয়ের জন্য নিম্নলিখিত প্রাথমিক পরীক্ষাগুলো করান: ১) প্রস্রাবের রুটিন এবং কালচার পরীক্ষা। ২) পেট এবং পেলভিসের আল্ট্রাসাউন্ড স্ক্যান। পরবর্তী চিকিৎসা এই পরীক্ষাগুলোর ফলাফল এবং চূড়ান্ত রোগ নির্ণয়ের ওপর নির্ভর করবে। নাসেনিয়া ডক।"
94267,"হেলো, আপনার অনুসন্ধানের জন্য ধন্যবাদ। অনিরাপদ যৌন মিলনের পর আপনার শরীরে লাল দাগ দেখা দিয়েছে। এগুলো সাধারণত গ্লানস পেনিসের (লিঙ্গমুণ্ড) সংক্রমণের কারণে হয়ে থাকে। তবে, আপনার এসটিডি (STD) এবং এইচআইভি (HIV)-এর জন্য প্রাথমিক স্ক্রিনিং পরীক্ষা করানো প্রয়োজন। আপনার সেফেরিন (Ceferin)-এর মতো ব্রড-স্পেকট্রাম অ্যান্টিবায়োটিকের পাশাপাশি নাসেনিয়া ডক (নাসেনিয়া ডক)-এর মতো প্রদাহরোধী ওষুধ সেবন করা প্রয়োজন। সেই সাথে দিনে দুবার নিউস্প্রিন (Newsprint)-এর মতো টপিক্যাল অ্যান্টিবায়োটিক মলম ব্যবহার করুন। দিনে দুবার উষ্ণ পানি দিয়ে আপনার যৌনাঙ্গ পরিষ্কার রাখা নিশ্চিত করুন। পুরোপুরি সুস্থ না হওয়া পর্যন্ত যৌন মিলন থেকে বিরত থাকুন।"
4618,"হেলো ম্যাডাম, ডিম্বস্ফোটনের বিষয়ে বলতে গেলে, এটি সাধারণত প্রত্যাশিত মাসিকের ১৪ দিন আগে ঘটে। তবে আমার মনে হয়, যেহেতু আপনার বয়স ৩৫, তাই ডিম্বস্ফোটনের দিনটি সঠিকভাবে নির্ণয় করার জন্য আপনার প্রথম দিন থেকে একটি ফলিকুলার স্টাডি করা উচিত। আপনি ডিম্বস্ফোটনের পরের দিনগুলোতে ১০ দিনের জন্য ফেটন (phaeton) নিতে পারেন। কিন্তু আপনি যদি ফলিকুলার স্টাডির পরিকল্পনা না করে এবং অভিজ্ঞতার ভিত্তিতে ক্যামফেন (camphene) গ্রহণ করেন, তবে আপনি ১৬তম দিন থেকে ১০ দিনের জন্য ফেটন শুরু করতে পারেন, তবে তা সর্বোচ্চ দুই বা তিনটি চক্রের মধ্যে সীমাবদ্ধ রাখুন। এন্ডোমেট্রিয়াল পলিপের বিষয়ে, যদি আপনি ক্যামফেন থেরাপির ২ থেকে ৩টি চক্রের মধ্যে গর্ভবতী হতে ব্যর্থ হন, তবে অনুগ্রহ করে পলিপেক্টমি করান। শুভকামনা।"
8692,"হেলো, আমাদের কাছে লেখার জন্য ধন্যবাদ। অভিযোগ, পরীক্ষা-নিরীক্ষা এবং চিকিৎসার বিবরণ উল্লেখ করা হয়েছে। সিটি স্ক্যান রিপোর্ট আমার কাছে নেই। এটি নিউরোসাইসাস্টিসারকোসিসের কারণে বারবার মৃগীরোগের একটি ঘটনা। আমি পরামর্শ দিচ্ছি যে আপনি খিঁচুনির একটি লগ রাখুন এবং খিঁচুনির সময় এর ফ্রিকোয়েন্সি, স্থায়িত্ব এবং নড়াচড়ার মতো বিস্তারিত তথ্য লিখে রাখুন। একই সাথে অনুগ্রহ করে আপনার ওষুধ চালিয়ে যান। আপনার তথ্যের জন্য, ক্ষতের সংখ্যা, অবস্থান এবং নিউরোসাইসাস্টিসারকোসিসের পর্যায় সম্পর্কে এটি স্পষ্ট নয়। কারণ খিঁচুনির কথা মাথায় রেখে ইইজি (EEG) কার্যকর হতে পারে। যেকোনো জরুরি পরিস্থিতি মোকাবিলার জন্য একজন নিউরোলজিস্ট বা মনোরোগ বিশেষজ্ঞ সবচেয়ে উপযুক্ত। আশা করি এটি সাহায্য করবে।"
1719,"হেলো। আপনার অনুসন্ধানের জন্য এবং বিস্তারিত ইতিহাস জানানোর জন্য ধন্যবাদ। এটি ভালো যে কালশিটে দাগটি চলে গেছে। কলার বোনের এলাকায় ব্যথা এবং জ্বালাপোড়া হেয়ারলাইন ফ্র্যাকচারের কারণে হতে পারে, যার জন্য আপনাকে ব্যথার জায়গায় একটি পয়েন্টার রেখে ওই এলাকার এক্স-রে করাতে হবে। আরেকটি সম্ভাবনা হলো, সংবেদনশীল স্নায়ুগুলো ক্ষত টিস্যুর মধ্যে আটকে গিয়ে আপনাকে সাধারণ জ্বালাপোড়ার অনুভূতি দিচ্ছে। এটি নিজে থেকেই সেরে যাবে। যদি গুরুতর হয়, তবে আপনার ডাক্তারকে এর জন্য ওষুধ দেওয়ার অনুরোধ করুন।"
61274,"হেলো, আমি ব্যাখ্যা করতে চাই যে আপনার উপসর্গগুলো একটি ভাইরাল সংক্রমণের (গ্যাস্ট্রোএন্টেরাইটিস) সাথে সম্পর্কিত হতে পারে। উচ্চ রক্তচাপ মানসিক চাপের কারণে হতে পারে। যাই হোক, আমি শারীরিক পরীক্ষা এবং কিছু টেস্টের জন্য জরুরি বিভাগে যাওয়ার পরামর্শ দিচ্ছি।"
84526,"হেলো, নাসেনিয়া ডকে পোস্ট করার জন্য ধন্যবাদ। আমি আপনার ইতিহাস দেখেছি। যেহেতু আপনার থ্যালিয়াম এবং বর্তমান স্ক্যানসহ হৃদপিণ্ডের সম্পূর্ণ মূল্যায়ন করা হয়েছে, তাই এখন হৃদরোগের মূল্যায়নের প্রয়োজন নেই। যেহেতু আপনার পালমোনারি এমবোলিজমসহ ডিভিটি (DVT) ছিল, তাই এটি সম্ভব যে এমবোলিজমের কারণে ফুসফুসের কিছু টিস্যু ক্ষতিগ্রস্ত হয়েছে এবং ইনফার্কট হয়েছে। এটি কাশি এবং বুকে ব্যথার কারণ হতে পারে। কাশির আরেকটি কারণ হতে পারে অ্যাট্রিয়াল ফিব্রিলেশনের কারণে ফুসফুসে কনজেশন। তবে আপনি উল্লেখ করেছেন যে আপনার একবার এএফ (AF)-এর ঘটনা ঘটেছে, তাই আমি ধরে নিচ্ছি যে আপনি সাইনাস রিদমে ফিরে এসেছেন। আপনার ক্ষেত্রে, আমার সন্দেহ হচ্ছে হৃদপিণ্ডের সমস্যার চেয়ে ফুসফুসের সমস্যা বেশি। আমি প্রাথমিকভাবে একটি বুকের এক্স-রে করার পরামর্শ দিচ্ছি এবং যদি এতে কোনো অস্বাভাবিকতা ধরা পড়ে, তবে ফুসফুসের সমস্যা দেখার জন্য একটি এইচআরসিটি (HRCT) বুকের প্রয়োজন হতে পারে। হৃদরোগের ক্ষেত্রে, ইসিজি ছাড়া আপনার আর কোনো মূল্যায়নের প্রয়োজন নেই। আপনার সুস্বাস্থ্য কামনা করছি। শুভেচ্ছা।"
54011,"প্রিয় বন্ধু। নাসেনিয়া ডকে আপনাকে স্বাগতম। হেলো, আমি নাসেনিয়া ডক, আমি আপনার প্রশ্নটি বিস্তারিত পড়েছি, আমি আপনার উদ্বেগ বুঝতে পারছি। আমরা সাধারণত টাইফয়েড জ্বরের চিকিৎসা ৭ দিনের জন্য করি। খুব গুরুতর ক্ষেত্রে আমরা ১৪ দিন পর্যন্ত চিকিৎসা করি। যেহেতু তাকে হাসপাতালে ভর্তি করা হয়েছিল এবং চিকিৎসা দেওয়া হয়েছিল, তাই আমি ধরে নিচ্ছি যে সে টাইফয়েডের চিকিৎসার জন্য ইনজেকশন নিয়েছে। যদি তার জ্বর কমে গিয়ে থাকে এবং সে ভালো বোধ করে, তবে চিন্তার কিছু নেই। সে আপনার ২ বছর বয়সী কাজিনের সাথে আনন্দ করে খেলতে পারে, এতে কোনো সমস্যা নেই।"
106764,"হেলো, যেহেতু ব্যথাটি স্থান পরিবর্তন করছে এবং ইদানীং এটি একটি লাল দাগে পরিণত হয়েছে, যা বেদনাদায়ক, তাই আমার মনে হয় এই উপসর্গের কারণ হিসেবে কোনো সংক্রমণ আছে কি না তা নিশ্চিত করার জন্য রক্ত পরীক্ষা করা প্রয়োজন। সংক্রমণের কারণে রক্ত পরীক্ষায় পরিবর্তন আসতে পারে, যা আমাদের ওষুধ সেবনে সাহায্য করতে পারে। এছাড়া, সংক্রমণ কমাতে এবং ব্যথা এড়াতে গরম পানি পান করা, খাদ্যাভ্যাসে পরিবর্তন এবং সাধারণ ব্যায়াম করাও সহায়ক হবে। একটি রক্ত পরীক্ষা করিয়ে নিন। আশা করি আমি আপনার প্রশ্নের উত্তর দিতে পেরেছি। আমি আপনাকে আরও কোনোভাবে সাহায্য করতে পারি কি না তা জানাবেন। ভালো থাকবেন, জে ইন নাসেনিয়া ডক।"
28216,"হেলো, আমি আপনার প্রশ্নটি দেখেছি এবং আমি আপনার উদ্বেগগুলো বুঝতে পারছি। এন্টারোকক্কাস হলো পরিপাকতন্ত্রে উপস্থিত একটি ব্যাকটেরিয়া। সংক্রমণের সবচেয়ে সাধারণ কারণ হলো অস্বাস্থ্যকর পরিবেশ। অস্বাস্থ্যকর যৌন অভ্যাস সংক্রমণের কারণ হতে পারে। তাই আমি আপনাকে ফাইব্রোসিস সংশোধন করার পরামর্শ দিচ্ছি। হ্রদে সাঁতার কাটলে সাধারণত সংক্রমণ হয় না। সাধারণ অ্যান্টিবায়োটিকের প্রতি এর প্রতিরোধ ক্ষমতার কারণে এন্টারোকক্কাস সংক্রমণ গুরুতর হতে পারে। আপনাকে যত দ্রুত সম্ভব একজন চিকিৎসকের পরামর্শ নিতে হবে, দ্রুত চিকিৎসা নিলে ভালো ফলাফল পাওয়া যায়। আশা করি এটি আপনাকে সাহায্য করবে। শুভেচ্ছা। নাসেনিয়া ডক।"
28584,"হেলো প্রিয়, প্রজননক্ষম বয়সের একজন নারী, যিনি যৌনভাবে সক্রিয়, তার পিরিয়ড মিস হলে অন্য কিছু প্রমাণিত না হওয়া পর্যন্ত আমাদের গর্ভাবস্থার সন্দেহ করতে হবে। তাই, হ্যাঁ ম্যাডাম, পিরিয়ড মিস হওয়াকে গর্ভাবস্থা সন্দেহের প্রথম প্রধান লক্ষণ হিসেবে দেখা উচিত। গর্ভাবস্থার অন্যান্য প্রধান লক্ষণগুলো, যা সাধারণত পিরিয়ড মিস হওয়ার প্রায় এক সপ্তাহ থেকে ১০ দিন পর দেখা দেয় তা হলো"
88,"হেলো, পুরো বর্ণনাটি দেখার পর, আমার মতে আপনার ব্যথার কারণ হলো সংক্রমণ। দাঁতের ফোড়া চিকিৎসা ছাড়া সারবে না। এমনকি যদি ফোড়া ছড়িয়ে পড়ে, ফেটে যায় বা ডাক্তারের সাথে কথা বলুন। অ্যান্টিবায়োটিক দাঁতের ফোড়ার জন্য দায়ী জীবাণুকে ধ্বংস করে, যা শরীরকে দাঁত ও হাড় মেরামত করতে সাহায্য করে। যদি ফোড়া নিজে থেকেই ওঠে, তবে হালকা গরম লবণ পানি দিয়ে কুলকুচি করলে আরাম পাবেন, মুখ পরিষ্কার রাখতে সাহায্য করবে এবং উৎসাহিত করবে।"
89196,"হেলো এবং নাসেনিয়া ডকে আপনাকে স্বাগতম। আপনার চুল পড়ার বিষয়ে বলতে গেলে, গর্ভাবস্থা এবং সন্তান প্রসবের পর এটি স্বাভাবিক, কারণ আপনার অন্য কোনো শারীরিক সমস্যা নেই। আপনার চুল ভালোভাবে বাড়তে কিছুটা সময় লাগবে, কারণ বয়স বাড়ার সাথে সাথে চুলের বৃদ্ধি ধীর হয়ে যায়। আপনি বুটি (Bootee) বা কোলিনিয়ার (Coliniar)-এর মতো সাপ্লিমেন্ট শুরু করতে পারেন। প্রসবের পর আপনার হিমোগ্লোবিন এবং আয়রনের মাত্রা স্বাভাবিক আছে কিনা বা আয়রন সাপ্লিমেন্টের প্রয়োজন আছে কিনা তা পরীক্ষা করে দেখুন। প্রতিদিন অন্তত ৩ মাস ক্যাপসুল সেবন করুন। রাতে মাথার ত্বকে রেসিট (Recite) বা ট্রেস গো (Tress go) সলিউশন ব্যবহার করুন। নিয়মিত অ্যানাফেজ (Anaphase) শ্যাম্পু ব্যবহার করুন। আপনার খাদ্যাভ্যাসের যত্ন নিন এবং পর্যাপ্ত বিশ্রাম নিন। এই পদক্ষেপগুলো আপনার চুলের বৃদ্ধিতে সাহায্য করবে, তবে ফলাফল পেতে কয়েক মাস সময় লাগবে। আশা করি এটি আপনাকে সাহায্য করবে।"
38756,"শুভ দিন, এবং নাসেনিয়া ডকের সাথে থাকার জন্য আপনাকে ধন্যবাদ! আমি কোনো বাধা আছে কিনা তা পরীক্ষা করার জন্য আইভি কন্ট্রাস্টসহ একটি স্ক্যান করার পরামর্শ দেব। আমাদের নিশ্চিত হতে হবে যে কিডনিতে কোনো বাধা আছে কিনা, কারণ এটি কিডনির ক্ষতি করতে পারে। প্রসারণের আরেকটি কারণ হলো মূত্রনালীর রিফ্লাক্স, যা ক্ষতিকারকও হতে পারে। আমি আশা করি আপনি যে তথ্য খুঁজছিলেন তা আমি দিতে পেরেছি। আরও কোনো স্পষ্টীকরণের জন্য নির্দ্বিধায় আমাকে আবার লিখুন।"
101710,"হেলো, যে লক্ষণগুলো তীব্র হচ্ছে তা সার্ভিকাল স্পন্ডাইলোসিসের অগ্রগতির ইঙ্গিত দেয়। আপনার একটি রিপিট-এমআরআই স্ক্যান প্রয়োজন হবে এবং ক্যানালের ব্যাস পরিমাপ করতে ও ডিস্ক প্রোট্রুশন বা স্নায়ু সংকোচন আছে কিনা তা দেখার জন্য আগের স্ক্যানের সাথে তুলনা করতে হবে। মেরুদণ্ড থেকে বের হওয়ার সময় কোনো স্নায়ু চাপে পড়ে থাকতে পারে, যার ফলে তীব্র ব্যথা হচ্ছে। এটি পরীক্ষা করা প্রয়োজন এবং লক্ষণের তীব্রতার ওপর ভিত্তি করে আপনার অস্ত্রোপচারের প্রয়োজন হতে পারে।"
41262,"হেলো নর্মদা, নাসেনিয়া ডকে পোস্ট করার জন্য আপনাকে ধন্যবাদ। চুল পড়ার বিষয়ে আপনার উদ্বেগের বিষয়টি আমি বুঝতে পারছি। চুল পড়া সাধারণত খাদ্য ও পুষ্টি, হরমোন, মানসিক চাপ, তীব্র বা দীর্ঘস্থায়ী শারীরিক অসুস্থতার মতো একাধিক কারণের সাথে সম্পর্কিত। আপনার বর্ণনা থেকে মনে হচ্ছে আপনি টেলোজেন এফ্লুভিয়ামে ভুগছেন, যা যেকোনো ধরনের মানসিক চাপের কারণে চুল পড়ার একটি ধরন। আমি যদি আপনার চর্মরোগ বিশেষজ্ঞ বা ট্রাইকোলজিস্ট হতাম, তবে আমি আপনার পারিবারিক ইতিহাস, সাম্প্রতিক কোনো বড় আঘাত/অসুস্থতা/মানসিক চাপ/ওষুধের ইতিহাস ইত্যাদি সম্পর্কে বিস্তারিত জানতে চাইতাম এবং সিবিসি (CBC), রক্তে শর্করার মাত্রা, থাইরয়েড ফাংশন টেস্টের মতো কিছু প্রাথমিক পরীক্ষা করার পরামর্শ দিতাম। পিকটোগ্রাম এবং এন্ডোস্কোপির মতো আরও কিছু বিশেষ পরীক্ষা রোগ নির্ণয় ও পূর্বাভাসের ক্ষেত্রে সহায়তা করতে পারে। আমি আপনাকে অন্তত ৬ মাসের জন্য বায়োটিন এবং অন্যান্য প্রয়োজনীয় ভিটামিন ও খনিজ সমৃদ্ধ ওরাল ট্যাবলেট সেবনের পরামর্শ দেব। এছাড়া, দিনে একবার ৫% মিনোক্সিডিল সলিউশন এবং রাতে চুলের বৃদ্ধির জন্য পেপটাইডযুক্ত হেয়ার সিরাম (কিউ এরা ইত্যাদি) ব্যবহারের পরামর্শ দেব। আমি আপনাকে নিয়মিত মৃদু শ্যাম্পু ও কন্ডিশনার ব্যবহার এবং সপ্তাহে দুবার নারিকেল তেল ব্যবহারের পরামর্শ দেব। এছাড়া আপনার চর্মরোগ বিশেষজ্ঞের কাছে মনোথেরাপি এবং প্লেটলেট-রিচ প্লাজমার মতো আধুনিক চিকিৎসা পদ্ধতি সম্পর্কেও খোঁজ নিতে পারেন। ভেজা চুলে চিরুনি ব্যবহার করা থেকে বিরত থাকুন এবং চুল প্রাকৃতিকভাবে শুকাতে দিন।"
105396,"হেলো। নাসেনিয়া ডকে আপনাকে স্বাগতম। আমি আপনার প্রশ্নটি দেখেছি এবং আপনার উদ্বেগ বুঝতে পারছি। আপনার অভিযোগ অনুযায়ী, সিরামিক ব্রিজটি আপনাকে আঘাত করেছে যখন এটি প্রমাণ করে যে ব্যথাটি শুধুমাত্র দাঁতের সাথে সম্পর্কিত এবং স্নায়ুর ব্যথার সম্ভাবনা কম। এমন একটি সম্ভাবনা রয়েছে যে ব্রিজের ওপর আপনার উঁচু অংশ রয়েছে এবং এটি ব্যথার কারণ হচ্ছে। এটি চোয়ালের জয়েন্টের ওপর চাপ সৃষ্টি করে চোয়ালের জয়েন্টের অকার্যকারিতার কারণ হতে পারে। অন্য একটি কারণ হতে পারে যে ব্রিজের ওপরের দাঁতগুলো উন্মুক্ত হয়ে গেছে, যার ফলে স্নায়ুগুলো প্রদাহ ও উত্তেজিত হয়ে ব্যথা করছে। যদিও সম্ভাবনা কম, তবুও ট্রাইজেমিনাল নিউরালজিয়ার মতো স্নায়ুজনিত ব্যথার সম্ভাবনা উড়িয়ে দেওয়া যায় না। আমি আপনাকে পরামর্শ দেব যে প্রথমে একজন এন্ডোডন্টিস্ট বা ওরাল ফিজিশিয়ানের সাথে পরামর্শ করুন এবং দাঁত ও চোয়ালের জয়েন্ট পরীক্ষা করার জন্য পুরো মুখের এক্স-রে করান। যদি কোনো অস্বাভাবিকতা ধরা পড়ে, তবে সেই অনুযায়ী চিকিৎসা করা হবে। যদি তবুও কিছু পাওয়া না যায়, তবে আপনি একজন নিউরোফিজিশিয়ানের সাথে পরামর্শ করতে পারেন এবং এমআরআই (MRI) স্নায়ুজনিত সমস্যাগুলো নির্ণয় ও সেই অনুযায়ী চিকিৎসা নিতে সাহায্য করতে পারে। আপাতত ব্যথা তীব্র হলে আপনি ট্রামাডল নিতে পারেন এবং মাঝারি ব্যথার জন্য আইবুপ্রোফেন নিতে পারেন। আশা করি এই তথ্যটি আপনার উপকারে আসবে। ধন্যবাদ ও শুভেচ্ছা। নাসেনিয়া ডক।"
94111,"হেলো, নাসেনিয়া ডকে আপনাকে স্বাগতম। যেহেতু আপনার নাতির উপসর্গগুলো কোনো অ্যালার্জিক প্রতিক্রিয়ার ইঙ্গিত দিচ্ছে, যা এই সমস্ত উপসর্গের কারণ। এই সমস্ত উপসর্গ হিস্টামিনের মতো অ্যালার্জির মধ্যস্থতাকারীদের নিঃসরণের কারণে হচ্ছে, যা আপনার উপসর্গগুলোর জন্য দায়ী। শরীরে অ্যালার্জিক প্রতিক্রিয়ার উপস্থিতি নিশ্চিত করার জন্য আমি আপনার নাতিকে অ্যাবসোলিউট ইওসিনোফিল কাউন্ট পরীক্ষা করার পরামর্শ দেব। বর্তমান উপসর্গের জন্য আমি আপনাকে ৫ দিনের জন্য দিনে তিনবার ট্যাব লিস্ট (Tab Least)-এর মতো ওষুধ সেবনের পরামর্শ দিচ্ছি, যা তার অবস্থার উন্নতি ঘটাবে এবং আপনাকে ভালো বোধ করাবে। ধন্যবাদ।"
80214,হেলো এবং আস্ক আ ডক্টর সার্ভিসে আপনাকে স্বাগতম। এটি পোর্ট সাইটে একটি হেমাটোমা (ল্যাপারোস্কোপিক যন্ত্রপাতি প্রবেশের জন্য তৈরি করা কাটা) হতে পারে। যদি আকার বড় হয় বা ব্যথাদায়ক এলআর ডিসচার্জের ক্ষেত্রে আমাদের ইউরোলজিস্ট/সার্জনের সাথে পরামর্শ করে মূল্যায়ন করা ভালো। এটি কাটা স্থানে জমে থাকা তরল ছাড়া আর কিছুই নয়। ক্ষতটির আকার এবং বিস্তৃতি জানার জন্য আপনি একটি আল্ট্রাসাউন্ড করাতে পারেন। আশা করি আমি আপনার প্রশ্নের উত্তর দিতে পেরেছি। আমি আপনাকে আরও কোনোভাবে সাহায্য করতে পারি কিনা তা আমাকে জানান।
69606,"হেলো। এই বয়সের শিশুদের ক্ষেত্রে খাবারের পরিমাণের চেয়ে তাদের কার্যকলাপ, বিকাশ এবং ওজন বেশি গুরুত্বপূর্ণ। তাছাড়া, এই বয়সে খেলাধুলার প্রতি আগ্রহ বেড়ে যায় এবং খাবারের ওপর প্রাধান্য পড়ে। তাই চিন্তা করবেন না। ক্ষুধাবর্ধক ওষুধ ব্যবহারের কোনো বৈজ্ঞানিক ভিত্তি নেই... আমি আপনাকে পরামর্শ দিচ্ছি যে কোনো ক্ষুধাবর্ধক ওষুধ ব্যবহার করবেন না কারণ এগুলো শিশুর ক্ষতি করতে পারে। শুভেচ্ছা -"
36120,"হেলো! নাসেনিয়া ডকে আপনাকে স্বাগতম! এই ফলাফলগুলো ডিস্ক হার্নিয়েশনের ইঙ্গিত দেয়, যা এই অঞ্চলের নার্ভ রুটগুলোর ওপর চাপ সৃষ্টি করে। এর ফলে সাধারণত পিঠে ব্যথা হয় যা পায়ে ছড়িয়ে পড়ে এবং হাঁটতে অসুবিধা হয়। আমি আপনাকে বিশ্রাম নেওয়ার, ব্যথানাশক (অ্যাসিটামিনোফেন, আইবুপ্রোফেন) এবং মাসল রিলাক্স্যান্ট (ফ্লেক্সেরিল) ব্যবহার করার পরামর্শ দেব। দীর্ঘক্ষণ বসে থাকা বা দাঁড়িয়ে থাকা এড়িয়ে চলা খুবই গুরুত্বপূর্ণ। ফিজিওথেরাপি সহায়ক হতে পারে! যদি উপরের পরামর্শগুলো সত্ত্বেও ব্যথা থেকে যায়, তবে আমি একজন স্পাইন সার্জনের সাথে অস্ত্রোপচারের বিষয়ে আলোচনা করার পরামর্শ দিচ্ছি। আশা করি এই উত্তরটি আপনার কাজে আসবে! শুভকামনা।"
68454,"হেলো, স্বাগতম। পিঠের ব্যথা এবং পেটের ব্যথা সংক্রান্ত আপনার প্রশ্নটি আমি পড়েছি। আমি আপনার উদ্বেগ বুঝতে পারছি। প্রিয়, পিঠ ও পেটের ব্যথা অন্যতম সাধারণ অভিযোগ। বেশিরভাগ মানুষ তাদের জীবনের কোনো না কোনো সময়ে পিঠের ব্যথার সম্মুখীন হন এবং এটি অলস জীবনযাপনকারী ব্যক্তি ও অত্যন্ত প্রশিক্ষিত অ্যাথলেটদের মধ্যেও দেখা যায়। সাধারণ ব্যথার অন্যতম কারণ হলো আঘাত বা ভুল অঙ্গবিন্যাস, গ্যাস্ট্রাইটিস এবং অনুপযুক্ত খাদ্যাভ্যাস। প্রকৃতপক্ষে, আপনার শরীর সবসময় কোনো না কোনো কিছুর সাথে লড়াই করছে - যেমন সংক্রমণ, বিষাক্ত পদার্থ, অ্যালার্জেন, খাবার বা মানসিক চাপ - এবং কোনোভাবে এটি তার আক্রমণ আপনার জয়েন্ট, মস্তিষ্ক, থাইরয়েড, অন্ত্র, ত্বক বা কখনও কখনও পুরো শরীরের দিকে ঘুরিয়ে দেয়। আপনার রোগ প্রতিরোধ ক্ষমতা হলো বহিরাগত আক্রমণকারীদের বিরুদ্ধে আপনার প্রতিরক্ষা। রোগ প্রতিরোধ ক্ষমতা শক্তিশালী করার জন্য - আপনার জীবনধারা ও খাদ্যাভ্যাসে পরিবর্তন আনুন - প্রাকৃতিক আকারে ফাইবার, প্রয়োজনীয় পুষ্টি উপাদান এবং অ্যান্টিঅক্সিডেন্ট অন্তর্ভুক্ত করুন - ফাইবার, ভিটামিন, খনিজ এবং অ্যান্টিঅক্সিডেন্ট সমৃদ্ধ সাপ্লিমেন্ট প্রাকৃতিক আকারে - ফল, ডাবের পানি, সবুজ শাকসবজি, লেবু, আদা, রসুন, অ্যালোভেরা, আমলকী, ঘুমানোর আগে গরম দুধের সাথে হলুদ গুঁড়া ও আমন্ড অয়েল ইত্যাদি। সঠিক রক্ত সঞ্চালনের জন্য, নিয়মিত হাঁটা, ভুজঙ্গাসন, ধনুরাসন, সরভাঙ্গাসন, মাটিতে শুয়ে স্ট্রেচিং, যোগব্যায়াম, কপালভাতি প্রাণায়াম - গভীর শ্বাস-প্রশ্বাস, যোগব্যায়াম, কপালভাতি প্রাণায়াম - গভীর শ্বাস-প্রশ্বাস, যোগব্যায়াম, কপালভাতি প্রাণায়াম - গভীর শ্বাস-প্রশ্বাস, যোগব্যায়াম, কপালভাতি প্রাণায়াম - গভীর শ্বাস-"
96761,আপনার অনুসন্ধানের জন্য ধন্যবাদ। এটি ছত্রাক সংক্রমণের কারণে হতে পারে। অনুগ্রহ করে নিম্নলিখিত সতর্কতা অবলম্বন করুন। ঢিলেঢালা সুতির পোশাক এবং অন্তর্বাস পরুন। আক্রান্ত স্থান শুকনো রাখুন। টার্মিনেটিং-এর মতো অ্যান্টিফাঙ্গাল ব্যবহার করুন যা ছত্রাকনাশক হিসেবে কাজ করে। সংক্রমণ কমে গেলে পুনরায় হওয়া রোধ করতে ক্যান্ডিড বা অ্যাবসর্ব পাউডারের মতো অ্যান্টিফাঙ্গাল ডাস্টিং পাউডার নিয়মিত ব্যবহার করুন। সংক্রমণ পুনরায় হওয়া রোধ করতে আর্দ্রতামুক্ত এলাকা বজায় রাখা সবচেয়ে গুরুত্বপূর্ণ। আপনার কোনো ডায়াবেটিস আছে কিনা তা পরীক্ষা করুন। যদি এটি না কমে তবে ডাক্তারের পরামর্শ নিন। কোনো স্পষ্টীকরণের জন্য আপনি আমার সাথে যোগাযোগ করতে পারেন।
94980,"হেলো, নাসেনিয়া ডকে আপনাকে স্বাগতম। আমি আপনার মেডিকেল হিস্ট্রি দেখেছি এবং আপনার উদ্বেগ বুঝতে পারছি। আপনার হিস্টেরেক্টমি হয়েছে, এটি একটি বড় অপারেশন, আপনাকে শক্তিশালী আইভি অ্যান্টিবায়োটিক নিতে হবে। যেহেতু আপনার অপারেশন হয়েছে, তাই হরমোনের পরিবর্তন, হেমাটোফিজিওলজিক্যাল পরিবর্তন এবং মানসিক অস্থিরতা দেখা দেবে। এটিই আপনার অনিদ্রার কারণ। তাই চিন্তা করবেন না, আপনার অ্যান্টিবায়োটিকের কোর্স চালিয়ে যান। পর্যাপ্ত বিশ্রাম নিন, আপনার ডাক্তারকে হরমোনের ট্যাবলেটের বিষয়ে জিজ্ঞাসা করুন। নিজের যত্ন নিন।"
30891,"দুর্ভাগ্যবশত, কানের পেছনের তরল এবং চাপ কমানোর জন্য কোনো ওষুধ নেই। কখনও কখনও অ্যালার্জির কারণেও আপনি এই সমস্যাগুলো অনুভব করতে পারেন। যদি আপনার ঘন ঘন নাক বন্ধ হওয়ার সমস্যা হয়, তবে আপনি স্টেরয়েড নেজাল স্প্রে (যেমন ফ্লোনেজ বা অ্যালোন) ব্যবহার করে দেখতে পারেন। অ্যালার্জির জন্য নিয়মিত অ্যান্টিহিস্টামিন ব্যবহার করা সবচেয়ে ভালো। দীর্ঘমেয়াদে অনুনাসিক ডিকনজেস্ট্যান্ট ব্যবহার না করাই ভালো, কারণ এটি নাকের ভেতরের আস্তরণে বারবার ফোলাভাব সৃষ্টি করতে পারে এবং নাক বন্ধ হওয়ার সমস্যাকে আরও খারাপ করতে পারে। যদি আপনার ঘন ঘন উপসর্গ দেখা দেয়, তবে শুধুমাত্র অ্যান্টিহিস্টামিন ব্যবহার করুন। লোসারটান নাক বন্ধ হওয়ার কারণ হতে পারে।"
52578,"হেলো। অ্যামিবা থেকে সেরে ওঠার ক্ষেত্রে এটি বেশ সাধারণ। মল পরীক্ষার রিপোর্ট স্বাভাবিক। অন্য একটি সম্ভাবনা হলো চলমান ভাইরাল ডায়রিয়া। যদি না বাচ্চার প্রস্রাব কমে যায়, খুব নিস্তেজ বা অতিরিক্ত ঘুম পায়, মলের সাথে রক্ত যায় বা সবুজ পিত্তযুক্ত বমি হয়... তবে আপনার চিন্তার কিছু নেই। মলের সাথে রক্ত না থাকলে অ্যান্টিবায়োটিক ব্যবহারের প্রয়োজন নেই। অপ্রয়োজনে অ্যান্টিবায়োটিক ব্যবহার করলে তা অ্যান্টিবায়োটিক-জনিত ডায়রিয়া ঘটিয়ে পরিস্থিতি আরও খারাপ করতে পারে। আমি আপনাকে জিঙ্ক সাপ্লিমেন্ট ব্যবহার করার পরামর্শ দিচ্ছি।"
67601,"আপনার অনুসন্ধানের জন্য ধন্যবাদ, আমি আপনার অনুসন্ধানটি দেখেছি, দাঁতের সংক্রমণ যদি রুট ক্যানেল না হয়ে থাকে তবে তা রুট ক্যানেল চিকিৎসার মাধ্যমে নিরাময় করা সম্ভব এবং চিকিৎসকের পরামর্শ নিয়ে আপনি অ্যান্টিবায়োটিকের একটি কোর্স সম্পন্ন করতে পারেন। বুকের ব্যথা এবং পেশীর ব্যথা পেশীর খিঁচুনির কারণে হতে পারে, একটি ব্যথানাশক এবং পেশী শিথিলকারী ওষুধ সেবন করুন। যদি ব্যথা না কমে তবে একজন হৃদরোগ বিশেষজ্ঞের পরামর্শ নিন। আশা করি আমার উত্তরটি আপনাকে সাহায্য করবে। ভালো থাকবেন।"
50274,"হেলো, প্রিয় আমি আপনার প্রশ্নটি বিস্তারিতভাবে পড়েছি এবং আপনার উদ্বেগগুলো বুঝতে পেরেছি। কারণ - আপনার দেওয়া তথ্যের ভিত্তিতে, আমি আপনাকে একজন ইএনটি (ENT) সার্জনের সাথে পরামর্শ করার পরামর্শ দেব, কারণ আপনার প্রশ্নের জন্য ক্লিনিকাল পরীক্ষার মাধ্যমে আরও অনেক তথ্যের প্রয়োজন। তবুও আপনার দেওয়া সীমিত তথ্যের ভিত্তিতে এবং আমার অভিজ্ঞতার আলোকে আমার মতামত নিচে দেওয়া হলো- গলার বাম দিকের ফোলা অংশটি সম্ভবত অ্যাকিউট টনসিলাইটিস এবং এর সাথে তীব্র ফ্যারিঞ্জাইটিসের কারণে হয়েছে। তাই লজেন্স খাওয়ার পর রক্তপাত হচ্ছে। তবে চিন্তা করবেন না, আপনার দেওয়া তথ্যের ভিত্তিতে এটি নিশ্চিতভাবেই ক্যান্সার নয়। যদি এটি আপনার প্রশ্নের সমাধান করে থাকে, তবে অনুগ্রহ করে ধন্যবাদ জানান এবং চমৎকার রিভিউ লিখুন। দয়া করে চিন্তা করবেন না এবং এই বিষয়ে আরও কোনো প্রশ্ন থাকলে আমাকে নির্দ্বিধায় জিজ্ঞাসা করুন। আপনার দিনটি ভালো কাটুক। নাসেনিয়া ডক। এন।"
26804,"আপনার উদ্বেগগুলো আমি বুঝতে পেরেছি এবং আপনার বিস্তারিত তথ্যগুলো দেখেছি। আমি আপনাকে খুব বেশি চিন্তা না করার পরামর্শ দিচ্ছি। যৌনতাকে একটি স্বর্গীয় কাজ হিসেবে গণ্য করা উচিত। এটি একটি ধ্যান। যৌন মিলনের সময় আপনি পুরো সময় নিজেকে ভুলে যান এবং এটিই প্রকৃত আনন্দ। তাড়াহুড়ো করে, আলতোভাবে, যখন আপনি বা আপনার সঙ্গী ক্লান্ত থাকেন, যখন আপনার যৌন তাড়না থাকে না ইত্যাদি অবস্থায় যৌন মিলন করা উচিত নয়। উপরের বিষয়গুলো দেখুন এবং দেখুন আপনার সমস্যাটি কী। অপ্রয়োজনীয় উত্তেজনা এবং উদ্বেগও দ্রুত বীর্যপাতের কারণ হতে পারে। যাই হোক, আমার মনে হয় না যে আপনি কোনো যৌন সমস্যায় ভুগছেন। আপনার বয়স মাত্র ২০, তাই যৌন বিষয়ে এত আগ্রহী হবেন না। জীবন কেবল যৌনতা নয়। পড়াশোনা, ক্যারিয়ার এবং ভবিষ্যতের দিকে মনোযোগ দিন। আশা করি এটি আপনার প্রশ্নের উত্তর দিয়েছে। আরও স্পষ্টীকরণের জন্য আমি আছি। শুভকামনা।"
97327,"রিগ্রেট (কার্বামাজেপাইন) এবং ওবামার (ক্লোএসি) হলো মৃগীরোগের ওষুধ। প্রায় সব মৃগীরোগের ওষুধেরই কিছু না কিছু পার্শ্বপ্রতিক্রিয়া থাকে। তবে তার মানে এই নয় যে সবগুলোর ক্ষেত্রেই এটি ঘটবে। মূল লক্ষ্য হলো মৃগীরোগের ঘটনা নিয়ন্ত্রণ করা (এটি অত্যন্ত গুরুত্বপূর্ণ)। আমি আপনাকে পরামর্শ দেব যে কোনো মৃগীরোগের ঘটনা এড়াতে ওষুধগুলো সেবন করুন। আপনার পরামর্শদাতার সাথে নিয়মিত ফলো-আপ করুন এবং পরামর্শদাতা পরামর্শ দিলেই কেবল ওষুধের মাত্রা কমান বা বন্ধ করুন। পার্শ্বপ্রতিক্রিয়ার বিষয়ে, আপনি যদি কোনো নির্দিষ্ট সমস্যা নিয়ে চিন্তিত থাকেন তবে আমাদের জানান, এটি সহায়ক হবে। ধন্যবাদ এবং আপনার বিবাহিত জীবনের জন্য শুভকামনা।"
63923,"হেলো, নাসেনিয়া ডক ফোরামে আপনাকে স্বাগতম। নাসেনিয়া ডকে কল করার জন্য ধন্যবাদ। আপনার ডান নিতম্ব এবং পেলভিক অঞ্চলে ব্যথা, যা দীর্ঘক্ষণ দাঁড়িয়ে থাকলে বা কিছুক্ষণ হাঁটলে বেড়ে যায়। আপনি রক্তস্বল্পতায় ভুগছেন, আপনার পিত্তথলিতে পাথর বা ফাইব্রয়েড ছিল, তবে সেগুলো অতীত, তাই এগুলো নিয়ে চিন্তার কিছু নেই। আপনার পেটের লিম্ফ নোড ফুলে গিয়েছিল এবং তার চিকিৎসা করা হয়েছিল। কিন্তু আমার সন্দেহ, চিকিৎসা হয়তো আশানুরূপ ছিল না, হয়তো নাসেনিয়া ডকের পরামর্শ কম ছিল। যেভাবেই হোক, অথবা স্বাভাবিক নিয়মেই নিতম্বের টিবি আর্থ্রাইটিস পুনরায় হতে পারে, যার সাথে লিম্ফ নোড থাকতেও পারে বা নাও থাকতে পারে। আমি আপনাকে রোগ নির্ণয় এবং চিকিৎসার জন্য একজন টিবি বিশেষজ্ঞ বা একজন অর্থোপেডিক সার্জনের সাথে পরামর্শ করার পরামর্শ দিচ্ছি। নিশ্চিত হওয়ার জন্য আপনাকে অন্যান্য রুটিন পরীক্ষার পাশাপাশি এমআরআই (M.R.I.) করাতে হতে পারে। আপনার দ্রুত আরোগ্য কামনা করছি। শুভেচ্ছা।"
38609,"হেলো, নাসেনিয়া ডকে আপনাকে স্বাগতম। নিষিক্ত ডিম্বাণুর বৃদ্ধি এবং গর্ভপাত অনেকগুলো বিষয়ের ওপর নির্ভর করে, যেমন আপনার পুষ্টির অবস্থা, ডিম্বাণুর জেনেটিক অস্বাভাবিকতা ইত্যাদি। ভ্রমণের কারণে ডিম্বাণুর বৃদ্ধি ব্যাহত হয় না। বরং, বৃদ্ধি স্বাভাবিক থাকলেও গর্ভপাতের সম্ভাবনা বেড়ে যায়। আপনার ক্ষেত্রে আমার ডিম্বাণুতে জেনেটিক অস্বাভাবিকতার সন্দেহ হচ্ছে। অস্বাভাবিক শুক্রাণুর সাথে নিষিক্তকরণের কারণে এটি হওয়া সাধারণ বিষয়। আশা করি আমি আপনার প্রশ্নের উত্তর দিতে পেরেছি। শুভেচ্ছা, নাসেনিয়া ডক।"
72655,"হেলো... আপনার নির্দিষ্ট শারীরিক অবস্থায় ৯ মাস বয়সী শিশুর জন্য আপনি ল্যাকটোজ ২ ব্যবহার করতে পারেন। যেহেতু আপনি একজন কর্মজীবী মা, তাই আমি আপনার অসুবিধা বুঝতে পারছি। তবে প্যাকের পরামর্শ অনুযায়ী ডাইলুশন বা মিশ্রণটি নিশ্চিত করুন... অর্থাৎ ৩০ মিলি পানির জন্য ১টি নন-ইভিং স্কুপ। আমি আরেকটি বিষয় আপনার নজরে আনতে চাই। গরুর দুধে থাকা দুধের প্রোটিন এবং ল্যাকটোজ একই। যদি প্রাথমিক অ্যালার্জি গরুর দুধের কারণে হয়ে থাকে, তবে ল্যাকটোজের ক্ষেত্রেও একই অ্যালার্জি তৈরি হওয়ার কথা... আমার মনে হয় না এটি গরুর দুধের প্রোটিন অ্যালার্জি ছিল। শুভেচ্ছা -"
48316,"হেলো ডেইরি, আমি আপনার প্রশ্নটি দেখেছি। আমি আপনার উদ্বেগ বুঝতে পারছি। এটি কেবল আয়রনের অভাব বা ভিটামিন বি১২-এর অভাবের সাথে সম্পর্কিত হতে পারে। তাই আপনার পেরিফেরাল স্মিয়ার পরীক্ষা, এস আয়রন, এস. ফেরিটিন এবং এস ভিটামিন বি১২-এর মাত্রা পরীক্ষা করা উচিত। তারপর সেই অনুযায়ী আপনার চিকিৎসা নেওয়া উচিত। আশা করি আমি আপনার প্রশ্নের উত্তর দিতে পেরেছি। আপনার যদি কোনো সন্দেহ থাকে তবে নির্দ্বিধায় আমাকে জিজ্ঞাসা করতে পারেন। আমি উত্তর দিতে পেরে খুশি হব। নাসেনিয়া ডক ব্যবহার করার জন্য ধন্যবাদ। আপনার সুস্বাস্থ্য কামনা করি।"
32093,"হেলো, চুল বৃদ্ধির বিষয়ে বলতে গেলে, কিছু মানুষের ""শারীরিকভাবে"" চুল কম হতে পারে, যা বংশগত কারণ দ্বারা নির্ধারিত হতে পারে। তবে নিশ্চিত হওয়ার জন্য, বয়ঃসন্ধির পর্যায় (যাকে ""ট্যানার"" পর্যায় বলা হয়) শনাক্ত করার জন্য আপনার ডাক্তারের মাধ্যমে পরীক্ষা করানো প্রয়োজন। একই পর্যায়টি অণ্ডকোষের আকার এবং লিঙ্গের ক্ষেত্রেও প্রযোজ্য। তবে, বেশিরভাগ ক্ষেত্রে সেগুলো স্বাভাবিক পাওয়া যায়। তাই, অনুগ্রহ করে নীরবে কষ্ট পাবেন না। কারণ খুঁজে বের করতে এবং সমাধান পেতে ডাক্তারের পরামর্শ নিন। আশা করি আমি আপনার প্রশ্নের উত্তর দিতে পেরেছি। আমি আপনাকে আরও কোনোভাবে সাহায্য করতে পারি কিনা তা জানাবেন। ভালো থাকবেন।"
91357,"বিভিন্ন কারণে এক ধরণের মৃদু বদহজম হতে পারে, তবে কোমলতা শব্দটি আপনাকে বুঝতে হবে। আপনি যদি এটি চাপ দেন বা স্পর্শ করেন, তবে ব্যথা হতে পারে। এটি অন্ত্রের সংক্রমণ, মেসেন্টারি, জরায়ুর সংক্রমণ ইত্যাদি হতে পারে। কোনো ত্রুটির বিষয়ে মন্তব্য করার জন্য চিকিৎসকের মাধ্যমে মূল্যায়ন করা ভালো। বাদামী জেলি এক ধরণের স্বাভাবিক রক্ত নয়। ৪ সপ্তাহের জন্য এসওয়াই ইভ কেয়ার (SY Eve care) বা অশোকারিষ্ট লিকুইড (Ashokarishta Liquid)-এর মতো সাধারণ ভেষজ প্রস্তুতির সাথে এটি ব্যবহার করা যেতে পারে, তবে ডাক্তারের সাথে কথা বলুন।"
51934,"হেলো, আপনার জিজ্ঞাসার জন্য ধন্যবাদ। আপনার কাছ থেকে জানতে পারলাম যে আপনার পায়ের নলায় আঘাত লেগেছে এবং সেখানে হেমাটোমা ও এখন আলসার হয়েছে। ধীরগতির নিরাময় ডায়াবেটিসের কারণে হতে পারে, তাই রক্তে শর্করার মাত্রা পরীক্ষা করা উচিত। পা উঁচু করে রাখা উপকারী। আপনার যদি আরও কোনো প্রশ্ন থাকে, তবে আমাদের লিখতে দ্বিধা করবেন না। আমি আপনাকে সাহায্য করতে পারলে খুশি হব। আপনি নিচের লিঙ্কে সরাসরি আমাকেও লিখতে পারেন।"
81997,"নাসেনিয়া ডকে আপনার প্রশ্নের জন্য ধন্যবাদ। আমি আপনার উদ্বেগ বুঝতে পারছি। আপনার ইতিহাস এবং বর্ণনা অনুযায়ী, আমাদের অবশ্যই প্রথমে হৃদরোগের সম্ভাবনা বাতিল করতে হবে। কারণ আপনার শ্বাসকষ্ট, কাশি, হৃদস্পন্দন বেড়ে যাওয়া, হৃদস্পন্দন মিস হওয়ার মতো সমস্ত লক্ষণ হৃদরোগের বৈশিষ্ট্যপূর্ণ লক্ষণ। তাই একজন হৃদরোগ বিশেষজ্ঞের (কার্ডিওলজিস্ট) সাথে পরামর্শ করুন এবং ১. রক্তচাপ পর্যবেক্ষণ ২. ইসিজি ৩. টু-ডি ইকো ৪. হোল্ডার মনিটরিং (২৪ ঘণ্টা একটানা ইসিজি রেকর্ড) ৫. স্ট্রেস টেস্ট (ট্রেডমিল টেস্ট) করান। আপনার কার্ডিয়াক সাপোর্টিভ নাসেনিয়া ডকের প্রয়োজন হবে। চিন্তা করবেন না, আপনি সুস্থ হয়ে উঠবেন। তবে প্রথমে হৃদরোগের সম্ভাবনা বাতিল করুন। আশা করি আমি আপনার প্রশ্নের সমাধান করতে পেরেছি। আপনাকে আরও সাহায্য করতে পারলে আমি খুশি হব। আপনার সুস্বাস্থ্য কামনা করি। ধন্যবাদ।"
92538,"আপনার ব্যাখ্যা অনুযায়ী আমার মনে হয় আপনার পায়ের কাফ মাসল চাপলে বা চাপ দিলে কেমন বোধ হয় তা দেখা প্রয়োজন। যদি ব্যথা থাকে, তবে আপনার নিম্ন অঙ্গের রক্ত সঞ্চালনে সমস্যা থাকতে পারে এবং এর জন্য আমি ডপলার টেস্ট করার পরামর্শ দিচ্ছি। যদি রিপোর্ট পজিটিভ আসে, তবে একজন ভাস্কুলার ডাক্তারের সাথে দেখা করুন এবং যথাযথ চিকিৎসা নিন। কিন্তু যদি তা স্বাভাবিক থাকে, তবে পেশির কার্যকারিতা উন্নত করতে প্রতিদিন পায়ের স্ট্রেচিং করুন এবং হাঁটা বা সাইক্লিং করুন। আপনার গলার সমস্যার জন্য অ্যাসিডিটি, খাদ্যাভ্যাস এবং সময় পরীক্ষা করুন, এবং খাওয়ার পরপরই ঘুমাবেন না। কারণ এই বিষয়গুলোও আপনার গলাকে বিরক্ত করার কথা। যদি সবকিছু ঠিক থাকে, তবে একজন ইএনটি (ENT) বিশেষজ্ঞের সাথে দেখা করে ভালোভাবে পরীক্ষা করিয়ে নিন। আমি আপনাকে পরামর্শ দিচ্ছি যে কয়েকদিন প্রতিদিন সকালে খালি পেটে একটি করে অ্যান্টি-অ্যাসিড ট্যাবলেট খেয়ে দেখুন। এছাড়া ১ সপ্তাহ গরম পানিতে কুলকুচি করে দেখুন। পরবর্তীতে ডাক্তারের পরামর্শ নিতে পারেন। আশা করি এটি আপনার উপকারে আসবে। ভালো থাকবেন।"
92636,"হেলো নাতাশা, নাসেনিয়া ডকের মাধ্যমে আপনার প্রশ্নটি পোস্ট করার জন্য আপনাকে ধন্যবাদ। আমি একজন হোমিওপ্যাথ, তাই আমি আপনাকে কিছু ভিন্ন মতামত দিচ্ছি। পরিশেষে, আমি আপনাকে প্রাকৃতিক স্বাস্থ্যের প্রতি একটি ভিন্ন পথ দেখাব। হোমিওপ্যাথি অনুযায়ী স্বাস্থ্যের পথ প্রচলিত ওষুধের চেয়ে সম্পূর্ণ আলাদা। আপনি প্রচলিত ওষুধের পথ ধরে দীর্ঘ পথ ভ্রমণ করেছেন এবং এখনও যখন আপনি সেখানে আপনার পথ হারাবেন তখন সাহায্যের জন্য জিজ্ঞাসা করছেন। এটা জেনে খুব খারাপ লাগছে যে আপনি বুঝতে পারেননি যে আপনি আপনার পথ হারিয়ে ফেলেছেন। এটি আপনার দোষ নয়, আপনি বুঝতেও পারেননি যে আপনি আপনার পথ হারিয়ে ফেলেছেন। এটি আপনার দোষ নয় যে আপনি বুঝতে পারেননি যে প্রকৃত নিরাময়ের জন্য অন্য কোনো পথ আছে। আপনার হাঁপানি, অ্যালার্জি, মুখ ফুলে যাওয়া, সাইনাসের ব্যথা, মাথাব্যথা, সেপ্টাম বাঁকা ইত্যাদি সমস্যা রয়েছে। অনুগ্রহ করে সেই সময়ের কথা ভাবুন যখন আপনার সাধারণ অ্যালার্জিক রাইনাইটিস এবং পরবর্তীতে হাঁপানি হয়েছিল। এটি আপনার গঠনগত একটি জিনগত এবং গঠনগত বৈশিষ্ট্য ছিল। এটি নিরাময় হয়নি। আপনি নাসেনিয়া ডকের পরামর্শ অনুযায়ী দমনকারী রাসায়নিক গ্রহণ করেছিলেন। আপনার ডাক্তার আপনাকে"
75643,"প্রিয় এমা, নাসেনিয়া ডকে আপনার প্রশ্নের জন্য ধন্যবাদ। গ্যাস্ট্রাইটিসের বৈশিষ্ট্য হলো এপিগ্যাস্ট্রিক অঞ্চলে ব্যথা, যা আপনি স্টার্নামের নিচে বর্ণনা করেছেন। কিন্তু যেহেতু আপনি উল্লেখ করেননি যে এটি গ্যাস্ট্রাইটিসের কারণে নয়, তাই আমি পরামর্শ দেব যে আপনি আপনার বয়ফ্রেন্ডকে কয়েক দিন অ্যান্টাসিড সেবন করতে বলুন এবং দেখুন এতে সে আরাম পায় কিনা। সে এক সপ্তাহের জন্য সকালের নাস্তার আধা ঘণ্টা আগে প্যান্টোপ্রাজল ৪০ মিগ্রা ট্যাবলেট সেবন করবে এবং মশলাদার খাবার এড়িয়ে চলবে। এটি অবশ্যই তাকে কিছুটা আরাম দেবে, তবে আপনি যদি ইতিমধ্যে এটি চেষ্টা করে থাকেন, তবে আমার সাথে যোগাযোগ করুন এবং আমাকে জানান যে তার বমি বমি ভাব বা বমির মতো অন্য কোনো উপসর্গ আছে কিনা। যদি খাবার গ্রহণের সময় ব্যথা বাড়ে বা কমে যায় এবং তার মলত্যাগ নিয়মিত হয় কিনা। আশা করি এই তথ্যটি সহায়ক ছিল। শুভেচ্ছা।"
74832,"হেলো, আমি আপনার প্রশ্নটি দেখেছি। নাসেনিয়া ডক ব্যবহার করার জন্য ধন্যবাদ। আমাদের রক্তে বিভিন্ন ধরণের চর্বি থাকে, যেমন কোলেস্টেরল এবং ট্রাইগ্লিসারাইড। কোলেস্টেরলের অণুতে বিভিন্ন ঘনত্বের প্রোটিনের সংযুক্তি থাকে। এগুলো হলো লো ডেনসিটি লাইপোপ্রোটিন (LDL) এবং হাই ডেনসিটি লাইপোপ্রোটিন (HDL)। HDL হলো এক ধরনের সুরক্ষামূলক কোলেস্টেরল, যা ধমনীর দেয়ালে চর্বি জমা হওয়া থেকে বাধা সৃষ্টি করে। ধমনীতে ব্লকেজ তৈরির ক্ষেত্রে LDL সবচেয়ে ক্ষতিকর কোলেস্টেরল। এই কোলেস্টেরলগুলো নিজে থেকে কোনো উপসর্গ তৈরি করে না। তাই উচ্চ মাত্রা থাকা সত্ত্বেও একজন ব্যক্তি কয়েক বছর আপাতদৃষ্টিতে সুস্থ থাকেন। কিন্তু একবার ব্লকেজ একটি নির্দিষ্ট সীমার বাইরে চলে গেলে তা হার্ট অ্যাটাক, স্ট্রোক ইত্যাদির কারণ হতে পারে। LDL-এর স্বাভাবিক মাত্রা ১০০ মিগ্রার কম হওয়া উচিত, ট্রাইগ্লিসারাইডের স্বাভাবিক মাত্রা ২০০-এর কম হওয়া উচিত এবং পুরুষদের ক্ষেত্রে এইচডিএল ৩৫-এর উপরে এবং নারীদের ক্ষেত্রে ৪০-এর উপরে হওয়া উচিত। আশা করি এটি আপনার প্রশ্নের উত্তর দিয়েছে। আমার শুভকামনা রইল, নাসেনিয়া ডক।"
19763,নাসেনিয়া ডকে আপনার প্রশ্নের জন্য ধন্যবাদ। আমি আপনার পরিস্থিতি এবং সমস্যাটি বুঝতে পারছি। আপনি যক্ষ্মার চিকিৎসা নিচ্ছেন। ফিক্স কম ৪ এবং ফিক্স কম ৩ হলো অ্যান্টি-টিউবারকুলার ওষুধের সংমিশ্রণ। আপনি সঠিক বিরতিতে সঠিক ডোজ গ্রহণ করেছেন। যক্ষ্মা পুনরায় ফিরে আসা সাধারণ বিষয়। এবং আপনার ক্ষেত্রে পুনরাবৃত্তির সম্ভাবনা বেশি কারণ চিকিৎসা শেষ হওয়ার পরেও আপনি একই ধরনের উপসর্গ অনুভব করছেন। তাই একজন পালমোনোলজিস্টের সাথে পরামর্শ করা এবং শ্বাসযন্ত্রের ক্লিনিকাল পরীক্ষা ও বুকের এক্স-রে করানো ভালো। এম (M) আছে কিনা তা নিশ্চিত করার জন্য আপনার কফ এএফবি (AFB) কালচার এবং সেনসিটিভিটি পরীক্ষার প্রয়োজন হতে পারে।
88025,"বন্ধ্যাত্ব হলো অসুরক্ষিত যৌন মিলনের ১২ মাস পর সন্তান ধারণে দম্পতির অক্ষমতা। এটি ব্যাপকভাবে ধারণা করা হয় যে বন্ধ্যাত্বের সাথে পুরুষের চেয়ে নারীর সম্পর্ক বেশি, তবে তা সত্য নয়। পরিসংখ্যান অনুযায়ী, ৩০% বন্ধ্যাত্ব পুরুষজনিত কারণে হয়, অন্য ৩০% নারীজনিত কারণে এবং বাকি ৪০% নারী ও পুরুষজনিত কারণের সংমিশ্রণে হয়। জিনগত কারণ, জীবনযাপন, হরমোনের ভারসাম্যহীনতা এবং বয়সের কারণে পুরুষরাও বন্ধ্যাত্বে ভোগেন।"
20962,"হেলো, হ্যাঁ, এটি ডিপ ভেইন থ্রম্বোসিস বা ডিভিটি (DVT) হতে পারে, যদিও এটি খুব একটা হওয়ার সম্ভাবনা কম। আমার মানে হলো পায়ের বড় রক্তনালীর ভেতরে রক্ত জমাট বেঁধেছে। তাই এটি নিশ্চিত করার জন্য আপনাকে ডপলার আল্ট্রাসাউন্ড করতে হবে। ভেইন থ্রম্বোসিসের লক্ষণ হলো পায়ের একপাশে ফোলাভাব, পায়ের কাফ মাসলে ব্যথা এবং ত্বকের রঙ পরিবর্তন হওয়া। গর্ভাবস্থা, স্থূলতা এবং সাম্প্রতিক অস্ত্রোপচারের মতো কিছু শারীরিক অবস্থা এর ঝুঁকি বাড়িয়ে দিতে পারে। রক্ত জমাট বাঁধা অংশটি যদি হৃদপিণ্ড বা ফুসফুসে চলে যায়, তবে এটি গুরুতর হতে পারে, তাই যত দ্রুত সম্ভব এটি পরীক্ষা করে দেখা উচিত এবং তারপর উপযুক্ত চিকিৎসা শুরু করা যেতে পারে। বেশিরভাগ ক্ষেত্রে, এর মধ্যে রয়েছে কঠোরভাবে বিশ্রাম, হেপারিন ইনফিউশন এবং অ্যাসপিরিন। খুব কম ক্ষেত্রে আরও ইনভেসিভ পদ্ধতির প্রয়োজন হয়। আশা করি আমি আপনার প্রশ্নের উত্তর দিতে পেরেছি। আমি আপনাকে আরও কোনোভাবে সাহায্য করতে পারি কিনা তা জানাবেন।"
19168,"নাসেনিয়া ডকে আপনাকে স্বাগতম। আমি আপনার প্রশ্নটি দেখেছি এবং আপনার উদ্বেগ বুঝতে পেরেছি। সম্ভবত আপনার পেরিনিয়াল (পেরিটোনিয়াল নয়) নার্ভে আঘাত লেগেছে। যেহেতু অন্যান্য স্নায়ুগুলো এই নার্ভের কাজ করেছে, তাই আপনি ধীরে ধীরে সুস্থ হয়ে উঠবেন। মেকোবালামিন সুস্থ হওয়ার ক্ষেত্রে সহায়ক হতে পারে। এটি হাঁটার ক্ষেত্রে কোনো ক্ষতি করবে না এবং আমার মনে হয় আপনি স্বাভাবিকভাবে হাঁটতে পারবেন। আপনি এ বিষয়ে আপনার ডাক্তারের সাথে আলোচনা করতে পারেন। আশা করি আপনার প্রশ্নের উত্তর পেয়েছেন। যদি আপনার কোনো কিছু জানার থাকে, তবে আমাদের লিখতে দ্বিধা করবেন না। আমি আপনাকে সাহায্য করতে পারলে খুশি হব। আপনার সুস্বাস্থ্য কামনা করছি। ভালো থাকবেন।"
52077,"হেলো, আমি আপনার প্রশ্নটি দেখেছি এবং আপনার উদ্বেগগুলো বুঝতে পেরেছি। আমি সার্ভিকাল স্পন্ডাইলোসিসের কারণে সার্ভিকাল ব্রাকিয়াল নিউরালজিয়ার সম্ভাবনার কথা বলছি। হ্যাঁ, লাম্বার স্পন্ডাইলোসিসের মতো সার্ভিকাল মেরুদণ্ডে স্নায়ু চাপে পড়ার কারণে কাঁধে ব্যথা হচ্ছে। এই সমস্যাটি ডিজেনারেটিভ পরিবর্তনের কারণে হচ্ছে। চিকিৎসার বিকল্প - আমি আপনাকে হোমিওপ্যাথিক ওষুধ সেবনের পরামর্শ দিচ্ছি, যা আপনার সমস্যার নিরাপদ এবং স্থায়ী সমাধান দিতে পারে। মূল কারণের চিকিৎসা না করে, এমনকি লাম্বার বা সার্ভিকাল অঞ্চলের জন্য করা অনেক অস্ত্রোপচারও ডিজেনারেটিভ পরিবর্তনগুলো বন্ধ না করে আপনাকে সুস্থ করতে পারবে না। সঠিক রোগ নির্ণয় এবং আপনার সমস্যার জন্য উপযুক্ত ওষুধের পরামর্শ পেতে আপনার স্থানীয় একজন হোমিওপ্যাথিক চিকিৎসকের সাথে পরামর্শ করুন। আশা করি এটি আপনার জন্য সহায়ক হবে, ধন্যবাদ।"
107241,হেলো! নাসেনিয়া ডকে জিজ্ঞাসা করার জন্য আপনাকে ধন্যবাদ! আমি আপনার প্রশ্নটি মনোযোগ সহকারে দেখেছি এবং বলতে চাই যে তার লক্ষণগুলো শরীরে অতিরিক্ত তরল জমার সাথে সম্পর্কিত হতে পারে। শরীরে অতিরিক্ত তরল জমার বিভিন্ন কারণ রয়েছে।
105829,"হেলো, পোস্ট করার জন্য আপনাকে ধন্যবাদ। আমি আপনার প্রশ্নটি দেখেছি এবং আপনার উদ্বেগগুলো বুঝতে পেরেছি। আপনার সমস্ত উপসর্গ লাম্বার আর্থ্রাইটিসের কারণে হচ্ছে। এই অবস্থার চিকিৎসায় নন-স্টেরয়েডাল অ্যান্টি-ইনফ্ল্যামেটরি ওষুধ অন্তর্ভুক্ত থাকে। তবে চিকিৎসা শুরু করার আগে আপনার রোগ নির্ণয় নিশ্চিত করা উচিত। এটি করার জন্য আপনার একটি লাম্বার এক্স-রে এবং সিটি-স্ক্যান প্রয়োজন। আপনার একজন নিউরোলজিস্টের সাথেও পরামর্শ করা উচিত। আপনার সুস্বাস্থ্য কামনা করি।"
32039,হেলো! নাসেনিয়া ডকে আপনাকে স্বাগতম! আপনার উপসর্গগুলো সার্ভিকাল মেরুদণ্ডের দীর্ঘস্থায়ী ক্ষয়জনিত সমস্যার সাথে সম্পর্কিত। আমার মনে হয় না এই পরিস্থিতিতে অস্ত্রোপচার কোনো কাজে আসবে। সবচেয়ে ভালো উপায় হলো ফিজিওথেরাপি। ব্যথার জন্য আমি ডুলোক্সেটিন বা গ্যাবাফেন্টিন ব্যবহার করার পরামর্শ দেব। এগুলো নাসেনিয়া ডক। আপনার এই বিষয়গুলো নিয়ে আপনার ডাক্তারের সাথে আলোচনা করা উচিত। আশা করি এই উত্তরটি আপনার জন্য সহায়ক হবে! শুভেচ্ছা রইল।
56113,"হেলো প্রিয়, নাসেনিয়া ডকে আপনাকে স্বাগতম। আপনার উদ্বেগটি বুঝতে পেরেছি। আপনার প্রশ্ন অনুযায়ী আপনার চোখ সবুজ হয়ে গেছে, হ্যাঁ এটি সাইনাস সংক্রমণের কারণে হতে পারে কারণ সাইনাস চোখের বল থেকে হাড়ের একটি পাতলা স্তর দ্বারা পৃথক থাকে এবং কখনও কখনও অসম্পূর্ণ বাধার কারণে সাইনাস থেকে সংক্রমণ সহজেই চোখের মণিতে ছড়িয়ে পড়তে পারে। আমি আপনাকে ডিকনজেস্ট্যান্ট নোজ ব্যবহার করার পরামর্শ দেব। একজন ইএনটি (ENT) বিশেষজ্ঞের সাথে দেখা করুন এবং এটি পরীক্ষা করান। আপনার অনুনাসিক সাইনাসের এক্স-রেও করানো উচিত। হালকা গরম লবণ পানি দিয়ে কুলকুচি করুন এবং ভাপ নিন। আপনার লেভোফ্লক্সাসিন ট্যাবলেটও খাওয়া উচিত। আশা করি আপনার সমস্যার সমাধান হয়েছে। দ্রুত সুস্থ হয়ে উঠুন। শুভকামনা।"
90084,"আপনার ইতিহাস থেকে আমার মনে হচ্ছে তার পাকস্থলীতে গ্যাস্ট্রিক ইরোশন (আলসারেশন) থাকতে পারে কারণ খাওয়ার সময় ব্যথা হচ্ছে। ৫ বছর বয়সী শিশুর ক্ষেত্রে এটি একটি বিরল সম্ভাবনা। মেসেন্টেরিক লিম্ফ্যাডেনাইটিস একটি সম্ভাবনা। গ্যাস্ট্রিক মিউকোসাল প্রদাহের অন্তর্নিহিত কারণ শনাক্ত করে এবং/অথবা টিস্যু (গ্যাস্ট্রিক) বায়োপসির মাধ্যমে নিশ্চিত রোগ নির্ণয় করা হয়। উদাহরণস্বরূপ, গ্যাস্ট্রাইটিসের প্রধান সংক্রামক কারণ হলো হেলিকোব্যাক্টার পাইলোরি (এইচ. পাইলোরি)। এই ব্যাকটেরিয়া শ্বাস, রক্ত, মল, ইমিউনোলজিক্যাল এবং বায়োপসি পরীক্ষার মাধ্যমে শনাক্ত করা যায়। এন্ডোস্কোপি পরীক্ষার সময় পাকস্থলীর মিউকোসার বায়োপসি, যা প্রায়শই রোগীদের দীর্ঘস্থায়ী গ্যাস্ট্রাইটিসের কারণ শনাক্ত করতে ব্যবহৃত হয় এবং এটি মিউকোসাল ইরোশন ও পাকস্থলীর অন্যান্য মিউকোসাল পরিবর্তনগুলো দেখার সুযোগ করে দিতে পারে। পেটের এক্স-রে বা বেরিয়াম স্টাডিজ (উপরের বা নিচের) পুরু মিউকোসা এবং ভাঁজের উপস্থিতি দেখাতে পারে, যা পাকস্থলীতে প্রদাহের লক্ষণ। আপনার ডাক্তার নির্ধারণ করতে সাহায্য করতে পারেন যে কোন পরীক্ষাগুলো করা উচিত, যার মধ্যে আনুষঙ্গিক পরীক্ষা অন্তর্ভুক্ত থাকতে পারে যা গ্যাস্ট্রাইটিসের সাধারণ অন্যান্য উপসর্গের অন্যান্য কারণ শনাক্ত করতে সাহায্য করতে পারে। আমি র‍্যান্ট্যাক সিরাপ এবং পর্যবেক্ষণের পরামর্শ দেব। বমি বমি ভাব এবং বমির জন্য অনডানসেট্রনের মতো অন্য কোনো ওষুধ দেওয়া যেতে পারে। আপনার ক্ষেত্রে এন্ডোস্কোপি এবং আল্ট্রাসাউন্ড ও এক্স-রে রোগ নির্ণয়ে সাহায্য করবে। আপনি আপনার ডাক্তারের সাথে এ বিষয়ে আলোচনা করতে পারেন। শুভেচ্ছা।"
54359,"হেলো। আপনার স্বাস্থ্য সম্পর্কিত জিজ্ঞাসার জন্য নাসেনিয়া ডক চিকিৎসকদের ওপর আস্থা রাখার জন্য ধন্যবাদ। আমার মনে হয় আপনার উদ্বেগের বিষয়টি হলো ওজন বৃদ্ধি কি পেট ফাঁপার লক্ষণ, তাই না? আমার উত্তর হলো... না। ওজন বৃদ্ধি মোটেও পেট ফাঁপার লক্ষণ নয়। আসুন আপনার উপসর্গগুলো নিয়ে আলোচনা করি। আপনি যেমনটি বলেছেন যে আপনার ওজন বেড়েছে এবং ঘুমাতে অসুবিধা হচ্ছে, তাই আপনার পিসিওএস (পলিসিস্টিক ওভারিয়ান সিনড্রোম) থাকতে পারে। এই রোগীদের সাধারণত অনিয়মিত মাসিক, ওজন বৃদ্ধি এবং গর্ভধারণে অসুবিধা হয়। কিছু রোগীর ঘুমের সমস্যা, শরীরের অস্বাভাবিক স্থানে অতিরিক্ত লোম গজানো ইত্যাদি হতে পারে, কিন্তু তারা আপনার মাসিক নিয়মিত কি না সে সম্পর্কে কোনো তথ্য দেননি। তাই এ বিষয়ে মন্তব্য করা আমার জন্য কঠিন। পরিশেষে আমি বলতে চাই যে, ওজন বৃদ্ধি পেট ফাঁপার লক্ষণ নয়। উপরের আলোচনার ভিত্তিতে আপনি আমার পরামর্শগুলো অনুসরণ করতে পারেন- ১. প্রথমে আপনার ওজন কমানো উচিত কারণ এটি গর্ভধারণে অসুবিধা সৃষ্টি করতে পারে কারণ এটি হরমোনের ভারসাম্যহীনতা সৃষ্টি করে যা অনিয়মিত মাসিক ঘটায় এবং গর্ভধারণে সমস্যা হয়। তাই আপনার খাদ্যাভ্যাস এমনভাবে পরিবর্তন করার চেষ্টা করুন যাতে ওজন কমানো যায়। ২. আরও বিস্তারিত জানার জন্য আপনি আপনার নিকটস্থ স্ত্রীরোগ বিশেষজ্ঞের সাথে দেখা করতে পারেন এবং আপনার উদ্বেগের বিষয়ে নির্দ্বিধায় জিজ্ঞাসা করতে পারেন। তিনি আপনাকে সাহায্য করতে পারবেন। ৩. উর্বর সময়ে সহবাস করার চেষ্টা করুন (মাসিকের ১০ম থেকে ১৬তম দিন পর্যন্ত এই সময়ে গর্ভবতী হওয়ার সম্ভাবনা বেশি থাকে)। তাই এই সময়ে বেশি সহবাস করুন। আপনি ভালো ফলাফল পেতে পারেন। ৪. অতীতে আপনার যে গর্ভপাত হয়েছিল তা নিয়ে চিন্তা করবেন না। এটি ভবিষ্যতে গর্ভবতী হওয়ার সম্ভাবনাকে প্রভাবিত করে না। ৫. যদি আপনি এখনও তাড়াহুড়ো করেন তবে নিকটস্থ বন্ধ্যাত্ব"
60993,হেলো! নাসেনিয়া ডকে আপনাকে স্বাগতম এবং জিজ্ঞাসা করার জন্য ধন্যবাদ! আমি আপনার উদ্বেগ বুঝতে পারছি এবং আপনাকে জানাতে চাই যে আপনার সমস্যার অন্তর্নিহিত সম্ভাব্য কারণগুলো অনুসন্ধান করা প্রয়োজন। সেই কারণেই আমি আপনাকে একজন ডাক্তারের সাথে পরামর্শ করে শারীরিক পরীক্ষা এবং কিছু প্রয়োজনীয় পরীক্ষা-নিরীক্ষা করার পরামর্শ দিচ্ছি।
95350,"হেলো! নাসেনিয়া ডকে আপনাকে স্বাগতম এবং জিজ্ঞাসা করার জন্য ধন্যবাদ! আপনার উদ্বেগের বিষয়ে আমি বলতে চাই যে, তার লক্ষণগুলো কোনো হৃদরোগের সাধারণ লক্ষণ নয়। স্পর্শ করলে যে ব্যথা বাড়ে তা হৃদপিণ্ডের সাথে সম্পর্কিত নয়, কারণ আপনি আপনার হৃদপিণ্ড স্পর্শ করতে পারেন না। এটি কেবল পেশী বা হাড়ের ব্যথা বলে মনে হচ্ছে। উদ্বেগের বিষয়টিও উড়িয়ে দেওয়া যায় না। এই পর্যায়ে, আমি ব্যথার জন্য আইবুপ্রোফেন ব্যবহার করার পরামর্শ দেব। যদি ব্যথা অব্যাহত থাকে, তবে আমি শারীরিক পরীক্ষা এবং কিছু টেস্টের জন্য তার ডাক্তারের সাথে পরামর্শ করার পরামর্শ দেব।"
51983,"হেলো এবং স্বাগতম... আপনার পিঠে ব্যথা আছে এবং এপিগ্যাস্ট্রিক অঞ্চলেও ব্যথা আছে। এর কারণগুলোর একটি তালিকা রয়েছে যা লক্ষণীয়। প্যানক্রিয়াটাইটিস, পেপটিক আলসার রোগ। এনজাইনার মতো হৃদরোগজনিত সমস্যাও হতে পারে। পিত্তথলির রোগ... প্রথমে আপনাকে ইসিজি, পেটের আল্ট্রাসাউন্ড, এলএফটি (LFT) এবং সিরাম অ্যামাইলেজ ও লাইপেজের মতো রক্ত পরীক্ষাগুলো করতে হবে। এবং একজন চিকিৎসকের পরামর্শ নিন যিনি আপনার সম্পূর্ণ শারীরিক পরীক্ষা করে রোগ নির্ণয় করবেন। আশা করি আপনি বুঝতে পেরেছেন। ধন্যবাদ। বিদায়।"
3737,"নাসেনিয়া ডককে জিজ্ঞাসা করার জন্য আপনাকে ধন্যবাদ। আমার নাম নাসেনিয়া ডক। আপনি যদি ঘুমের ব্যাঘাত এবং খিটখিটে মেজাজের মতো এই ধরনের সমস্যার সম্মুখীন হন, তবে এটি একটি মানসিক অবস্থা হতে পারে। আপনার অভিজ্ঞতার মতো প্যানিক অ্যাটাক এবং এই ধরনের লক্ষণগুলো অনেক কিশোর ও মধ্যবয়সী মানুষকে ঘন ঘন জরুরি বিভাগে যেতে বাধ্য করে। এছাড়াও, আমি প্রকৃত অন্তর্নিহিত কারণ খুঁজে বের করার জন্য একজন স্নায়ুরোগ বিশেষজ্ঞের (নিউরোলজিস্ট) সাথে দেখা করার পরামর্শ দিচ্ছি। কিছু আরামদায়ক ওষুধ সেবনের জন্য আপনার নিকটস্থ মেডিকেল কনসালট্যান্টের সাথে পরামর্শ করুন, আশা করি এক থেকে দুই দিনের মধ্যে আপনি ভালো বোধ করবেন। আশা করি এটি আপনাকে সাহায্য করবে। কোনো কিছু অস্পষ্ট থাকলে আমাকে জানাবেন। ধন্যবাদ।"
92983,"হেলো, যদি আপনার আগের অপারেশন করা স্থানে ত্বকের পরিবর্তন বা ফোলাভাবের সাথে ব্যথা থাকে, তবে আপনার নিতম্বে সাইনাস পুনরায় দেখা দিতে পারে। আমি আপনাকে নিম্নলিখিত পরামর্শ দিচ্ছি"
41626,"হেলো, মনে হচ্ছে আপনার প্রেশার আর্টিকেরিয়া হয়েছে। যদি এটি চাপের ঠিক পরেই ঘটে, তবে এটিকে ডার্মাটোগ্রাফিজমের সাথে গুলিয়ে ফেলা উচিত নয়। এটিকে ভাস্কুলিটিক আর্টিকেরিয়াও বলা উচিত নয়, যেখানে ক্ষতটি ৪৮ ঘণ্টার বেশি সময় ধরে থাকে। প্রেশার আর্টিকেরিয়ায় তীব্র চুলকানি, ঝিঁঝিঁ ধরা, অসাড়তা এবং ব্যথা হতে পারে। যদি এটি ৪ থেকে ৬ ঘণ্টা পরে হয়, তবে এটিকে ডিলেড প্রেশার আর্টিকেরিয়া হিসেবে বিবেচনা করা হয়। আপনার চাপের উদ্দীপনা সীমিত করার চেষ্টা করা উচিত। ডিলেড প্রেশার আর্টিকেরিয়া (DPU)-এর ফার্মাকোলজিক চিকিৎসার ফলাফল কিছুটা হতাশাজনক। অ্যান্টিহিস্টামিনের পাশাপাশি, আপনি সিস্টেমিক কর্টিকোস্টেরয়েড এবং নন-স্টেরয়েডাল অ্যান্টি-ইনফ্ল্যামেটরি ব্যবহার করতে পারেন। আর্টিকেরিয়ার অন্যান্য কারণগুলো মূল্যায়নের জন্য একজন চর্মরোগ বিশেষজ্ঞ বা অ্যালার্জিস্টের পরামর্শ নিন। আশা করি আপনি আমার উত্তরে সন্তুষ্ট হবেন। শুভেচ্ছা।"
48897,"নাসেনিয়া ডকে আপনার উদ্বেগের কথা জানানোর জন্য ধন্যবাদ! উচ্চ রক্তচাপ এবং উচ্চ ফেরিটিনের মাত্রার বিষয়ে আপনার উদ্বেগের প্রশংসা করি। হেলো নাসেনিয়া ডক। ৫ মিগ্রা/দিন মৃদু উচ্চ রক্তচাপের চিকিৎসার জন্য ব্যবহৃত হয় এবং মনে হচ্ছে এই ডোজের মাধ্যমে আপনার রক্তচাপ ভালোভাবে নিয়ন্ত্রণে আছে। এইচসিটিজেড (HCTZ) লিভারের ক্ষতি করার সম্ভাবনা কম, তবে গুরুতর লিভারের রোগ বা সিরোসিসে আক্রান্ত রোগীরা থিয়াজাইড-জনিত ইলেক্ট্রোলাইট ভারসাম্যহীনতার (হাইপোক্যালেমিক হাইপোক্লোরেমিক অ্যালকালোসিস) প্রতি খুব সংবেদনশীল, যা হেপাটিক কোমা সৃষ্টি করতে পারে। হিমোক্রোমাটোসিস একটি বংশগত ব্যাধি যেখানে শরীরের প্রধান অঙ্গগুলোর টিস্যুতে, বিশেষ করে লিভার, অগ্ন্যাশয়, হৃদপিণ্ড এবং অণ্ডকোষে অতিরিক্ত আয়রন জমা হয়। সিরাম ফেরিটিন শরীরে জমা আয়রনের পরিমাণ পরিমাপ করে। প্রাপ্তবয়স্কদের জন্য আদর্শ সীমা হলো ৫০-১৫০ এনজি/এমএল। বছরের পর বছর ধরে, জমা হওয়া আয়রন অনেক অঙ্গকে মারাত্মকভাবে ক্ষতিগ্রস্ত করতে পারে, যার ফলে অঙ্গ বিকল হয়ে যেতে পারে এবং সিরোসিস, ডায়াবেটিস ও হার্ট ফেইলিউরের মতো দীর্ঘস্থায়ী রোগ হতে পারে। প্রতি ৮ সপ্তাহ অন্তর নিয়মিত রক্ত অপসারণ (ফ্লেবোটমি) করা যেতে পারে। সিরাম ফেরিটিন"
93826,হেলো... আপনি যা বর্ণনা করেছেন তা থেকে আমার মনে হচ্ছে আপনার সন্তানের সাধারণ ফেব্রাইল সিজার বা জ্বরের কারণে খিঁচুনি হচ্ছে। খুব উচ্চ তাপমাত্রার সময় কিছু শিশুর ক্ষেত্রে এটি হওয়া সাধারণ বিষয়। সাধারণ জনসংখ্যার ৪% শিশুর ৬ মাস থেকে ৬ বছর বয়স পর্যন্ত এই ধরনের খিঁচুনি হতে পারে। মাত্র একবার খিঁচুনি হলে ইইজি (EEG) বা মস্তিষ্কের অন্য কোনো স্ক্যান করার প্রয়োজন নেই। খিঁচুনির এক সপ্তাহের মধ্যে ইইজি করলে তা অবশ্যই অস্বাভাবিক আসবে। এর মানে এই নয় যে শিশুটির অ্যান্টি-এপিলেপটিক ওষুধের প্রয়োজন হবে। প্রয়োজনীয় সব চিকিৎসার মধ্যে রয়েছে জ্বরের প্রথম ২ দিন ক্লোবাজাম ব্যবহার করা। এটি একটি প্রেসক্রিপশন।
573,"হেলো, যেহেতু ল্যাপারোস্কোপির পর আপনি ইতিমধ্যে ৫ সাইকেল জিইউআই (GUI) চেষ্টা করেছেন, তাই এমন চিকিৎসার চেষ্টা করা ভালো যা গর্ভধারণের হার বাড়াতে সাহায্য করে, যা আইভিএফ (IVF)। যেহেতু আপনি ইতিমধ্যে ৩ মাসের জন্য লুপ্রন ডিপো (Lupron Depot) গ্রহণ করেছেন, তাই লুপ্রন-এর তৃতীয় ডোজের পরপরই আইভিএফ-এ যাওয়া ভালো হতো, কারণ এটি আইভিএফ-এ গর্ভধারণের সম্ভাবনা বাড়ায়। তবে এখনও খুব বেশি দেরি হয়নি। আপনি সরাসরি আইভিএফ-এ যেতে পারেন অথবা ১-২ মাস পুনরায় লুপ্রন ডিপোতে গিয়ে তারপর আইভিএফ-এ যেতে পারেন। আইভিএফ নিশ্চিতভাবেই আপনার জন্য সর্বোত্তম চিকিৎসা। আপনার সুস্বাস্থ্য কামনা করি।"
72900,"আপনার অনুসন্ধানের জন্য ধন্যবাদ, আমি আপনার অনুসন্ধানটি দেখেছি। কিছু মানুষ দাঁত ব্রাশ করার সময় বমি বা বমি বমি ভাব অনুভব করেন। এর কারণ হলো যে দাঁত ব্রাশটি মুখের গহ্বরের পেছনের অংশের সংস্পর্শে আসে। এটি একজন ব্যক্তির গ্যাগ রিফ্লেক্সকে সক্রিয় করে, যার ফলে ব্যক্তি ইচ্ছাকৃতভাবে বমি করে ফেলেন। ব্রিসল যখন নরম তালুর সংস্পর্শে আসে, তখন আপনি বমি বমি ভাব অনুভব করবেন। চিন্তার কিছু নেই, ব্রাশ করার সময় আপনাকে নিশ্চিত হতে হবে যে ব্রাশের সাথে তালুর মিউকোসার কোনো সংস্পর্শ বা উদ্দীপনা নেই। আশা করি আমার উত্তরটি আপনাকে সাহায্য করবে, ভালো থাকবেন।"
12915,"হেলো প্রিয়, নাসেনিয়া ডকের সাথে যোগাযোগ করার জন্য আপনাকে ধন্যবাদ। আমি আপনার উদ্বেগ পড়েছি এবং বুঝতে পেরেছি। আমি নাসেনিয়া ডক, আপনার উদ্বেগের উত্তর দিচ্ছি। শুধুমাত্র জ্বালাপোড়া ব্যথা শিংগলসের লক্ষণ নয়। শিংগলস আক্রান্ত স্থানে জ্বালাপোড়া ব্যথা এবং তরলপূর্ণ ফোস্কার সাথে সম্পর্কিত। যদি আপনার এমন কোনো লক্ষণ থাকে তবে আপনি ভাবতে পারেন যে এটি শিংগলস এবং এর চিকিৎসার প্রয়োজন। এমন ক্ষেত্রে আমি আপনাকে আপনার ডাক্তারের পরামর্শ অনুযায়ী অ্যাসাইক্লোভির গ্রহণ করার অনুরোধ করছি। গ্যাবাফেন্টিন এবং ভিটামিন বি ১২ গ্রহণ করা যেতে পারে কারণ এটিও শিংগলসের ব্যথা প্রতিরোধে সাহায্য করতে পারে। অনুগ্রহ করে ভালো স্বাস্থ্যবিধি মেনে চলুন কারণ এটি সংক্রমণ প্রতিরোধে সাহায্য করতে পারে। শিংগলসের সম্পূর্ণ চিকিৎসা ভবিষ্যতে পুনরায় সংক্রমণ রোধ করতে পারে। অনুগ্রহ করে সুতির পোশাক পরুন কারণ এটিও শিংগলসের ব্যথায় সাহায্য করতে পারে। আপনার পরবর্তী যেকোনো প্রশ্নের উত্তর দিতে আমি খুশি হব bit.ly/ নাসেনিয়া ডক-এ। ধন্যবাদ, নাসেনিয়া ডক, সংক্রামক রোগ বিশেষজ্ঞ, নাসেনিয়া ডক।"
69485,"হেলো, নাসেনিয়া ডকে আপনাকে স্বাগতম। আমরা আপনার উদ্বেগগুলো বুঝতে পেরেছি এবং আপনার বিস্তারিত তথ্যগুলো দেখেছি। আমি আপনাকে খুব বেশি চিন্তা না করার পরামর্শ দিচ্ছি। প্রতিটি থেরাপিস্ট জানেন কীভাবে আপনাকে নির্ণয় করতে হয়। আপনার সমস্যাটি মনোযোগ বা মনোযোগের ব্যাপ্তির সাথে সম্পর্কিত নয়। এটি আগ্রহের অভাব এবং গুরুত্বের অভাবের কারণে হয়ে থাকে। আপনি যদি একটি আকর্ষণীয় মুভিতে দেড় ঘণ্টা মনোযোগ দিতে পারেন, অথবা একটি গেম খেলতে পারেন, তবে আপনার মনোযোগের সমস্যা নেই। আপনি পড়াশোনায় মনোযোগ দিতে পারছেন না কারণ এটি আকর্ষণীয় নয়। পড়াশোনাকে আকর্ষণীয় করে তুলুন। ইন্টারনেটে অনেক কৌশল রয়েছে। সেগুলোকে কাজে লাগান। এই বিষয়ে যদি আপনি আমার আরও সাহায্য চান, তবে অনুগ্রহ করে যতটা সম্ভব বিস্তারিত তথ্যসহ আমাকে সরাসরি প্রশ্ন করুন। আপনার বর্তমান সমস্যা কাটিয়ে ওঠার জন্য আমি কিছু সাইকোথেরাপি টিপস দেব। আশা করি এটি আপনার প্রশ্নের উত্তর দিয়েছে। আরও স্পষ্টীকরণের জন্য আমি আছি। শুভকামনা।"
110496,সান ট্যান দূর করার একটি কার্যকর উপায় হলো বেঙ্গল বেসন বা এক চা চামচ হলুদ মিশিয়ে দুধ বা গোলাপ জল মিশিয়ে একটি ঘন পেস্ট তৈরি করা। গোসলের ঠিক আগে আপনার ট্যান পড়া ত্বকে এটি লাগান। একবার ডাক্তারের সাথে কথা বলুন। নিয়মিত এটি করলে ট্যান দূর হবে এবং আপনার ত্বককে নরম ও মসৃণ রাখতে সাহায্য করবে। গোলাপ জলের চেয়ে ফর্সা ত্বকের জন্য দুধ বেশি ভালো। যদি আপনার ত্বক
19301,"নাসেনিয়া ডকে আপনাকে স্বাগতম। যেহেতু আপনার হাঁপানির পারিবারিক ইতিহাস রয়েছে, তাই ব্রঙ্কোস্পাজম বা হুইজিং আছে কিনা তা নিশ্চিত করার জন্য আপনার একজন ডাক্তারের পরামর্শ নেওয়া প্রয়োজন, কারণ হাঁপানি বংশগত হতে পারে। হৃদরোগের কোনো গুরুতর কারণ আছে কিনা তা নিশ্চিত করার জন্য ইসিজি (ECG) করে ব্যথাটি পরীক্ষা করা প্রয়োজন। অন্যান্য কারণের মধ্যে রয়েছে জিইআরডি (GERD), মাস্কুলোস্কেলিটাল ব্যথা, অগ্ন্যাশয়/পিত্তথলি থেকে আসা রেফার্ড পেইন, পেপটিক আলসার/গ্যাস্ট্রাইটিস/প্লুরাল পেইন।"
25099,"নাসেনিয়া ডকে আপনার প্রশ্নের জন্য ধন্যবাদ। আমি আপনার সমস্যা এবং সমস্যাটি বুঝতে পারছি। আমার মতে, আপনার প্রথমে একজন হৃদরোগ বিশেষজ্ঞের পরামর্শ নেওয়া উচিত এবং ১. স্ট্রেস টেস্ট ২. হার্টের ইলেক্ট্রোফিজিওলজিক্যাল স্টাডি (উলফ-পারকিনসন-হোয়াইট) করানো উচিত। তাই আমাদের ব্লকের তীব্রতা দেখতে হবে এবং তিনি দেখবেন আপনার হার্ট চাপের মধ্যে কাজ করছে কিনা। উপরের পরীক্ষাগুলোর ভিত্তিতে, প্রয়োজনে পরবর্তী চিকিৎসা করা যেতে পারে। আপনার সিনড্রোমের চিকিৎসার বিকল্প।"
67427,"নাসেনিয়া ডকে আপনার প্রশ্নের জন্য ধন্যবাদ। আমার মতে, আপনার বুকের ব্যথার জন্য প্রথমে হৃদরোগের সম্ভাবনা বাতিল করা উচিত। তাই একটি ইসিজি (ECG) করিয়ে নিন। যদি এটি স্বাভাবিক থাকে, তবে হৃদরোগ নিয়ে খুব বেশি চিন্তার প্রয়োজন নেই। এটি মূলত পেশীর ব্যথা বলে মনে হচ্ছে। তাই ভালো উপশমের জন্য এই পদক্ষেপগুলো অনুসরণ করার চেষ্টা করুন। ১. ভারী ওজন তোলা এবং কঠোর ব্যায়াম এড়িয়ে চলুন। ২. ঘুমের সময় ভুল অঙ্গভঙ্গি এড়িয়ে চলুন। ৩. ভালো ব্যথানাশক এবং পেশী শিথিলকারী ওষুধ সেবন করুন। ৪. আক্রান্ত স্থানে গরম পানির সেঁক দিন। ৫. মানসিক চাপ এবং উদ্বেগ এড়িয়ে চলুন। শান্ত এবং নিশ্চিন্ত থাকুন।"
111178,"প্রিয় মহোদয়/মহোদয়া, আপনার প্রশ্নটি দেখেছি এবং আপনার উপসর্গগুলো পড়েছি। আমার মতে, উপসর্গগুলো এমএস (MS)-এর চেয়ে সার্ভিকাল অঞ্চলে ডিস্কের সমস্যার মতো বেশি মনে হচ্ছে, কারণ এমএস পুরো শরীরকে প্রভাবিত করে। সার্ভিকাল মেরুদণ্ডের একটি এমআরআই (MRI) করিয়ে সমস্যাটি দেখুন। ইতিমধ্যে, মাথার নিচে কোনো বালিশ ব্যবহার করবেন না, ঘাড়ের নিচে একটি তোয়ালে পেঁচিয়ে রাখুন অথবা কনট্যুরড সার্ভিকাল বালিশ ব্যবহার করতে পারেন। আশা করি এটি আপনার প্রশ্নের উত্তর দিয়েছে। আপনার যদি আরও কোনো স্পষ্টীকরণের প্রয়োজন হয়, তবে আমার সাথে পুনরায় যোগাযোগ করুন।"
47911,"হেলো, যেহেতু আপনার হৃদস্পন্দন বেড়ে যাওয়ার লক্ষণ রয়েছে, তাই আপনার জরুরি বিভাগে (ER) যাওয়া উচিত এবং একজন হৃদরোগ বিশেষজ্ঞের মাধ্যমে শারীরিক পরীক্ষা করানো উচিত। আপনাকে কিছু নিয়মিত পরীক্ষা, সিবিসি (CBC), ইউরিনালাইসিস, লিপিড প্রোফাইল, ইসিজি (ECG), ইলেক্ট্রোকার্ডিওগ্রাফি এবং স্ট্রেস টেস্ট করাতে হতে পারে। সাধারণত সুপ্রাভেন্ট্রিকুলার ট্যাকিকার্ডিয়া বা অ্যাট্রিয়াল ফিব্রিলেশনের মতো হৃদরোগের কারণে হৃদস্পন্দন বেড়ে যায়। কখনও কখনও এটি করোনারি আর্টারি ডিজিজের লক্ষণও হতে পারে। আপনার চিকিৎসা নির্ভর করবে কী রোগ ধরা পড়ছে তার ওপর। কোনো আসক্তি থাকলে তা এড়িয়ে চলুন, অ্যালকোহল, ধূমপান, ক্যাফেইন, নিকোটিন বা এনার্জি ড্রিংক থেকে দূরে থাকুন। ডাক্তারের সাথে কথা বলুন। উদ্বেগ ও মানসিক চাপ এড়িয়ে চলুন কারণ এগুলো হৃদস্পন্দন বাড়িয়ে দিতে পারে এবং আপনার লক্ষণগুলোকে আরও খারাপ করতে পারে। কখনও কখনও অস্বীকার করুন"
46419,"হেলো, হ্যাঁ, আমি জানি আপনার বন্ধু কী পরামর্শ দিচ্ছে। টেস্টোস্টেরন আপনার যৌন কর্মক্ষমতা বাড়াতে পারে তবে তা খুব সামান্য পরিমাণে। এটি অনেকটা গাছের গোড়ায় জল ঢালার মতো। আপনি যদি গাছটিতে বেশি জল ঢালেন তবে এটি দ্রুত বৃদ্ধি পাবে, অথবা আপনাকে শুধুমাত্র চিকিৎসা হিসেবে টেস্টোস্টেরনের কথা বিবেচনা করতে হবে, পেশী গঠন বা ফলাফলের জন্য নয়। আশা করি আমি আপনার প্রশ্নের উত্তর দিতে পেরেছি। আমি আপনাকে আরও কোনোভাবে সাহায্য করতে পারি কিনা তা জানাবেন। ভালো থাকবেন। নাসেনিয়া ডক। আর. রাভিন।"
83584,"ক্যান্সার রোগীদের ক্ষুধামন্দা ক্যান্সার রোগীদের কম খাওয়ার কারণে হয়, কারণ ক্ষুধামন্দার কারণে তারা পর্যাপ্ত পরিমাণে খাবার গ্রহণ করতে পারে না। এছাড়া, ক্যান্সার কোষের দ্রুত পরিবর্তনের কারণে পুষ্টির চাহিদাও বেশি থাকে। রক্তনালীতে চাপের কারণে ফোলাভাব হয়। প্রোটিন কম গ্রহণের ফলে শরীরে ফোলাভাব দেখা দেয়। তার অবস্থার উন্নতির জন্য ১) উচ্চ ক্যালোরি এবং উচ্চ প্রোটিনযুক্ত খাবারসহ ভালো পুষ্টি প্রয়োজন। কিছু ওষুধ ক্ষুধা বাড়াতে সাহায্য করতে পারে। ২) টিউমারের আকার কমে গেলে চাপের প্রভাব কমে যাবে এবং অঙ্গ-প্রত্যঙ্গের ফোলাভাবও কমে যাবে। এটি কেমোথেরাপির মাধ্যমে অর্জন করা সম্ভব।"
89291,"হেলো প্রিয়, নাসেনিয়া ডকে আপনাকে স্বাগতম। আপনার উদ্বেগটি বুঝতে পারছি। আপনার প্রশ্ন অনুযায়ী, আপনার পা ফুলে গেছে এবং ব্যথা করছে। আপনার উল্লিখিত লক্ষণগুলোর পেছনে ভেনাস ইনসাফিসিয়েন্সি ইনজুরি, হার্ট, লিভার বা কিডনির মতো অঙ্গের অকার্যকারিতা, গেঁটে বাত, ডায়াবেটিক ফুট বা লিম্ফেডিমা-এর মতো অনেক কারণ থাকতে পারে। আমি আপনাকে পরামর্শ দেব নিয়মিত প্রেসক্রিপশন অনুযায়ী অ্যান্টিবায়োটিক গ্রহণ করতে, দ্রুত সুস্থতার জন্য ভিটামিন সাপ্লিমেন্ট নিতে এবং পা পরিষ্কার রাখতে। বিটাডিন দিয়ে জায়গাটি পরিষ্কার করুন। যদি অবস্থার উন্নতি না হয়, তবে সঠিক পরীক্ষার জন্য আবার ডাক্তারের পরামর্শ নিন। ডাক্তার প্রদাহরোধী ওষুধের পাশাপাশি শক্তিশালী অ্যান্টিবায়োটিক লিখে দিতে পারেন। আশা করি আপনার সমস্যার সমাধান হয়েছে। দ্রুত সুস্থ হয়ে উঠুন। শুভকামনা।"
88378,"হেলো। আপনার অনুসন্ধানের জন্য এবং বিস্তারিত ইতিহাস জানানোর জন্য ধন্যবাদ। আপনি যে সমস্ত বিস্তারিত ইতিহাস প্রদান করেছেন তা থেকে বোঝা যায় যে আপনার মেরুদণ্ডে কোনো সমস্যা থাকতে পারে। যেহেতু আপনার পেটের প্রায় সব পরীক্ষা করা হয়ে গেছে, তাই আমি আপনাকে নিম্নলিখিত পরামর্শ দিচ্ছি। যদি এখনও না করা হয়ে থাকে"
17189,"হেলো, আমার মতামত হলো অনেক দেরি হয়ে গেছে। আসুন আলোচনা করি যেখানে আমরা রোগীর জন্য কিছু সম্ভাব্য সমাধান খুঁজে পেতে পারি। এটি সত্য যে যেকোনো কার্ডিয়াক সার্জারির পরে একজন বিশেষজ্ঞ ফিজিওথেরাপিস্টের অধীনে একটি সঠিক কার্ডিয়াক পুনর্বাসন প্রোগ্রামের মধ্য দিয়ে যেতে হয়। এখন, আপনি বলছেন যে রোগীর বাম হাতে সমস্যা আছে এবং তিনি হাত তুলতে পারছেন না। অনুগ্রহ করে নিশ্চিত করুন যে স্নায়বিক দৃষ্টিকোণ থেকে আসার আগেই কার্ডিয়াক রুটিন ডায়াগনস্টিক প্রক্রিয়াগুলো করা হয়। তিনি যে ব্যথা অনুভব করেছেন তা কি হৃদযন্ত্রের সমস্যার কারণে, নাকি এটিই প্রথম বিষয় যা আমাদের মাথায় রাখতে হবে। যদি হৃদযন্ত্রের কোনো সমস্যা না থাকে এবং তা নাকচ করা হয়, তবে চিন্তার কিছু নেই এবং আমরা সার্জারির দিকে এগিয়ে যেতে পারি। এখন, আসুন এটি পরিষ্কার করি যে বাইপাস সার্জারির কারণে পেক্টোরাল পেশী ছোট হয়ে যায় এবং এর জন্য ভালো স্ট্রেচিং প্রয়োজন, যাতে কাঁধ একটি স্বাভাবিক অবস্থানে থাকে যেখানে কাঁধের বায়োমেকানিক্স ব্যাহত না হয় এবং কাঁধের কার্যকারিতা ঠিক থাকে। স্নায়বিক দৃষ্টিকোণ থেকে, আমার মনে হয় না তার কোনো নার্ভ কমপ্রেশন থাকবে। কারণ যদি এটি নার্ভ কমপ্রেশন হয়, তবে লক্ষণগুলো হতো ঝিঁঝিঁ ধরা, জ্বালাপোড়া, অসাড়তা ইত্যাদি। এখন, ধরে নেওয়া যাক যে তার যদি কোনো হৃদযন্ত্র বা স্নায়বিক সমস্যা না থাকে, তবে তাকে সাহায্য করাই ফিজিওথেরাপিস্টের কাজ। একটি সঠিক পুনর্বাসন কর্মসূচি তাকে অবশ্যই তার হাত উপরে তুলতে সাহায্য করবে। এছাড়াও, সর্বোত্তম কার্যক্ষমতা অর্জনের জন্য হাতের পেশীগুলোর ভালো শক্তি প্রয়োজন। পাশাপাশি, শ্বাস-প্রশ্বাসের ব্যায়াম সামগ্রিক ব্যায়াম কর্মসূচির অংশ হওয়া উচিত কারণ রোগীর সামগ্রিক সুস্থতার জন্য এটি অনেক কাজ করে। অনুগ্রহ করে নির্দেশিকা অনুযায়ী সিদ্ধান্ত"
24104,"হেলো প্রিয়, এখানে আপনার প্রশ্নটি পোস্ট করার জন্য ধন্যবাদ। নন-অবস্ট্রাক্টিভ এইচওসি (HOC) সাধারণত শ্বাসরোধের অনুভূতি সৃষ্টি করে না। অধিকাংশ রোগীর ক্ষেত্রে এটি উপসর্গহীন থাকে। তবে এটি হঠাৎ হৃদযন্ত্রের ক্রিয়া বন্ধ হয়ে মৃত্যুর সবচেয়ে সাধারণ কারণ, যা এইডি (AID)-এর কারণ। এছাড়া, এটি শ্বাসকষ্ট, অজ্ঞান হয়ে যাওয়া, বুক ধড়ফড় করা এবং অন্যান্য পরিশ্রমের উপসর্গ সৃষ্টি করে। শ্বাসকষ্ট ছাড়া এই সমস্ত উপসর্গ অবস্ট্রাক্টিভ এইচওসি-তে বেশি দেখা যায়, যা উভয় ক্ষেত্রেই প্রায় সমানভাবে ঘটে এবং সেটিও শেষ পর্যায়ে হৃদপিণ্ডের সিস্টোলিক ডিসফাংশন শুরু হলে দেখা দেয়। আশা করি এই তথ্যটি আপনার উপকারে আসবে। ধন্যবাদ এবং শুভকামনা।"
44361,"হেলো, কলার বোনের এলাকায় ফোলাভাব থাইরয়েড সমস্যা বা বর্ধিত লিম্ফ নোডের কারণে হতে পারে। এর জন্য ক্লিনিকাল পরীক্ষা এবং তদন্ত প্রয়োজন। কলার বোনের চারপাশের এলাকা লিম্ফ নোড বৃদ্ধির একটি সাধারণ স্থান। যেহেতু আপনার টনসিল বড় হয়ে গেছে, তাই এটি একটি বর্ধিত লিম্ফ নোড হতে পারে। আপনার ঘাড়ের অঞ্চলের আল্ট্রাসাউন্ডের প্রয়োজন হতে পারে। আল্ট্রাসাউন্ড এর উৎস এবং ব্যবস্থাপনা মূল্যায়নে খুব সহায়ক। চিকিৎসা ফলাফলের উপর নির্ভর করে। দ্রুত সুস্থ হয়ে উঠুন। নিজের যত্ন নিন। নাসেনিয়া ডক।"
90616,"হেলো এবং নাসেনিয়া ডকে আপনাকে স্বাগতম। একজন ইউরোলজিস্ট হিসেবে, আমি আপনার উদ্বেগ বুঝতে পারছি। কিডনির প্রদাহ এবং সংক্রমণ উপশমের জন্য সাধারণত স্টেন্ট বসানো হয়। যে কিডনি ব্লক হয়ে আছে, তাতে প্রস্রাবে সংক্রমণ হয়েছে। সেই কারণেই স্টেন্ট বসানো হয়েছে। স্টেন্ট ভেতরে চলে যাওয়ার সাথে সাথে ব্যথার সাথে মানিয়ে নিতে কয়েক দিন সময় লাগে। আপনি একই প্রোভাইড ডিএস (Proved DS) নিতে পারেন, এটি ব্যথা অনেক কমিয়ে দিতে পারে। নাসেনিয়া ডকের সাথে যোগাযোগ বজায় রাখুন। আপনার যদি কোনো সন্দেহ থাকে, তবে সরাসরি প্রশ্ন হিসেবে আমাকে পাঠান।"
54360,"হেলো এবং নাসেনিয়া ডকে জিজ্ঞাসা করার জন্য আপনাকে ধন্যবাদ। আমি আপনার উদ্বেগ বুঝতে পারছি। আপনি বলেছেন যে তিনি এমন কোনো অঙ্গ পরীক্ষা করেছেন যা এই পরিস্থিতির কারণ হতে পারে, তবে আপনার জন্য আমার কিছু প্রশ্ন আছে।"
103693,"নাসেনিয়া ডকে আপনার প্রশ্নের জন্য ধন্যবাদ। আমি আপনার উদ্বেগ বুঝতে পারছি। আলবুটেরল হলো শর্ট-অ্যাক্টিং বিটা ২ অ্যাগোনিস্ট (SAGA)। এটি নিয়মিত রক্ষণাবেক্ষণ চিকিৎসার জন্য নয়। আর এই কারণেই আপনার ব্রঙ্কাইটিস নিয়ন্ত্রণে নেই। তাই একজন পালমোনোলজিস্টের (ফুসফুস বিশেষজ্ঞ) সাথে পরামর্শ করা এবং শ্বাসযন্ত্রের ক্লিনিকাল পরীক্ষা ও পিএফটি (পালমোনারি ফাংশন টেস্ট) করানো ভালো। পিএফটি শুধুমাত্র ব্রঙ্কাইটিস নির্ণয় করবে না, এটি আপনাকে রোগের তীব্রতা সম্পর্কেও জানাবে এবং সেই তীব্রতার ওপর ভিত্তি করেই চিকিৎসা করা হয়। দীর্ঘস্থায়ী ইনহেলড ব্রঙ্কোডাইলেটর (ফর্মোটেরল বা অ্যালবিউটেরল) এবং ইনহেলড কর্টিকোস্টেরয়েড (আইসিএস) (বুডেসোনাইড বা ফ্লুটিকাসোন) ব্যবহারে আপনি অবশ্যই সুস্থ হয়ে উঠবেন। বদহজমের চিকিৎসাও একই সাথে করা উচিত। তাই খালি পেটে প্যান্টোপ্রাজল এবং লেভোসালপিরাইড কম্বিনেশন গ্রহণ করুন। চিন্তা করবেন না, এসবের মাধ্যমে আপনি সুস্থ হয়ে উঠবেন। আশা করি আমি আপনার প্রশ্নের সমাধান করতে পেরেছি। আপনাকে আরও সাহায্য করতে পারলে আমি খুশি হব। আপনার সুস্বাস্থ্য কামনা করি। ধন্যবাদ।"
4425,"হেলো এবং নাসেনিয়া ডকে আপনাকে স্বাগতম। যেহেতু আপনার দাঁত ফিলিং করা আছে, তাই ব্যথা বা সংক্রমণের কোনো সম্ভাবনা নেই, কারণ ক্ষয়ের গভীর বিস্তার রোধ করার জন্য দাঁতটি সম্পূর্ণভাবে পরিষ্কার করার পরেই কেবল ফিলিং করা হয়। যেহেতু আপনার দাঁতটি ভেঙে গেছে, তাই আমি সন্দেহ করছি যে অন্তর্নিহিত টিস্যু বা সংক্রমণের কারণে পেরিওডন্টাল ক্ষতি হয়েছে, যা পার্শ্ববর্তী কান এবং চোয়ালের হাড় পর্যন্ত ব্যথা ছড়িয়ে দিচ্ছে। চোয়াল এবং কানে ব্যথা সংক্রমণের স্পষ্ট লক্ষণ। আমি পরামর্শ দিচ্ছি যে আপনি আপনার চোয়ালের একটি ওপিজি (OPG) এক্স-রে করান, যা সমস্ত দাঁত, হাড়ের সাপোর্ট, চোয়াল, পার্শ্ববর্তী গুরুত্বপূর্ণ কাঠামো এবং কোনো অন্তর্নিহিত ক্ষত থাকলে তার বড় চিত্র দেখাবে, সেই অনুযায়ী চিকিৎসা করা যেতে পারে। আশা করি এটি আপনাকে সাহায্য করবে, ভালো থাকবেন।"
50370,"হেলো। পেটের ডানদিকের উপরের অংশে ব্যথা অ্যাসিডিটি, পিত্তথলির পাথর, পেশীর খিঁচুনি ইত্যাদির মতো অনেক কারণে হতে পারে। আপনার দেওয়া তথ্য অনুযায়ী, ব্যথাটি সম্ভবত পেশীর খিঁচুনির কারণে হচ্ছে। তবে, আপনার যথাযথ ক্লিনিক্যাল পরীক্ষা এবং রুটিন ইনভেস্টিগেশন প্রয়োজন। ইনভেস্টিগেশনের মধ্যে রয়েছে রুটিন হিমোগ্রাম, র‍্যান্ডম ব্লাড সুগার, লিভার ফাংশন টেস্ট এবং পেটের আল্ট্রাসাউন্ড। পেটের আল্ট্রাসাউন্ড অনেক শারীরিক অবস্থা নির্ণয়ে সাহায্য করতে পারে। সঠিক চিকিৎসা পরীক্ষার ফলাফলের ওপর নির্ভর করে। আপনার ব্যথানাশক এবং পেশী শিথিলকারী ওষুধের প্রয়োজন হতে পারে। আপনি সঠিকভাবেই গরম সেঁক দিচ্ছেন। দ্রুত সুস্থ হয়ে উঠুন। নিজের যত্ন নিন। নাসেনিয়া ডক।"
110630,"হেলো, ইবেক্সিড এবং ফার্টিল উভয়ই মাল্টিভিটামিনের মতো যা গর্ভাবস্থার হার বাড়ায়, আপনি নিরাপদে এই ট্যাবলেটগুলো চালিয়ে যেতে পারেন। অনিয়মিত পিরিয়ডের বিষয়ে, পিওডি (POD) আছে কিনা তা নিশ্চিত করার জন্য আপনাকে ইস্ট্রোজেন, প্রজেস্টেরন, এফএসএইচ (FSH), এলএইচ (LH), প্রোল্যাকটিন, থাইরয়েড হরমোন এবং আল্ট্রাসাউন্ডের মতো হরমোনের ভারসাম্যহীনতার জন্য রক্ত পরীক্ষা করাতে হবে। আপনার পিরিয়ড নিয়মিত করার জন্য আপনাকে হরমোন সাপ্লিমেন্ট ব্যবহার করতে হবে, তারপর আপনি সঠিক বন্ধ্যাত্ব চিকিৎসার দিকে যেতে পারবেন। আশা করি এটি সহায়ক হবে। আমি আপনাকে আরও কোনোভাবে সাহায্য করতে পারি কিনা তা জানাবেন।"
9649,"হেলো... আপনার স্বাস্থ্য সম্পর্কিত জিজ্ঞাসার জন্য নাসেনিয়া ডক চিকিৎসকদের ওপর আস্থা রাখার জন্য ধন্যবাদ। আমার ধারণা আপনার উদ্বেগের বিষয়টি হলো... পলিসিস্টিক ওভারি কি গর্ভাবস্থায় প্রভাব ফেলতে পারে? হ্যাঁ, গর্ভাবস্থায় এর প্রভাব রয়েছে। আসুন পলিসিস্টিক ওভারিয়ান সিনড্রোম নিয়ে আলোচনা করি। এই ক্ষেত্রে আল্ট্রাসাউন্ডের সাহায্যে সাধারণত রোগীদের পলিসিস্টিক ওভারি নির্ণয় করা হয়। এর পাশাপাশি সাধারণত অনিয়মিত মাসিকের সমস্যা দেখা দেয়। কিছু রোগীর শরীরের অস্বাভাবিক স্থানে অতিরিক্ত লোম থাকে। তাদের কারো কারো ইনসুলিন রেজিস্ট্যান্স বা থাইরয়েডের সমস্যা ইত্যাদি থাকতে পারে। এই সবকিছুই হরমোনের ভারসাম্যহীনতার কারণে হয়, যা পলিসিস্টিক ওভারিয়ান সিনড্রোমের ক্ষেত্রে ঘটে।"
66885,"প্রিয় ব্যবহারকারী, নাসেনিয়া ডকে লেখার জন্য ধন্যবাদ। আমি আপনার উদ্বেগ বুঝতে পারছি। আপনাকে জানাতে চাই যে, মাঝে মাঝে ইরেক্টাইল ফেইলিওর বা লিঙ্গোত্থানজনিত ব্যর্থতা হওয়া খুবই সাধারণ একটি বিষয়। এটি কোনো রোগ নয়। জীবনের প্রায় প্রতিটি পুরুষের জীবনেই মাঝে মাঝে এমন ব্যর্থতা হতে পারে। যখন এটি ঘটে, তখন পরবর্তী যৌন মিলনের সময় পারফরম্যান্স নিয়ে মানুষ উদ্বিগ্ন হয়ে পড়ে। সে ভাবতে থাকে যে সে সঙ্গীকে সন্তুষ্ট করতে পারবে কি না। তাই, তার মন মূলত লিঙ্গোত্থানের গুণমান এবং পারফরম্যান্স নিয়ে চিন্তা করে। ক্রমাগত লিঙ্গোত্থানের জন্য মনে ক্রমাগত উত্তেজনাপূর্ণ/রোমান্টিক/আবেগীয় অনুভূতি থাকা প্রয়োজন। যদি মন লিঙ্গোত্থান নিয়ে উদ্বেগের দিকে (আপনার ক্ষেত্রে উত্তেজনা অনুভব করা) ধাবিত হয়, তবে আপনি লিঙ্গোত্থান হারাবেন। এটি আপনার আত্মবিশ্বাস কমিয়ে দেয় এবং এটি আবারও লিঙ্গোত্থানে প্রভাব ফেলে। হস্তমৈথুনের সময় লিঙ্গোত্থান নির্দেশ করে যে আপনার অঙ্গপ্রত্যঙ্গগুলো সম্পূর্ণ স্বাভাবিকভাবে কাজ করছে। সাইকোজেনিক ইরেক্টাইল ডিসফাংশনের জন্য জোরালো গবেষণা প্রমাণসহ কার্যকর আচরণগত থেরাপি রয়েছে। আপনি ইন্টারনেটে সেনেট ফোকাস সম্পর্কে পড়তে পারেন। আপনার সুস্বাস্থ্য কামনা করি।"
96805,"হেলো, নাসেনিয়া ডককে জিজ্ঞাসা করার জন্য ধন্যবাদ। আমি আপনার উদ্বেগটি বুঝতে পারছি। টিআইএ (TIA)-এর ক্ষেত্রে আমি আপনাকে রক্তচাপের দিকে নজর রাখার পরামর্শ দেব। যদি আপনার উচ্চ রক্তচাপ থাকে তবে নিয়মিত ওষুধ সেবন করুন, আর যদি তা না থাকে তবে নিয়মিত তা পরিমাপ করুন, রক্তে গ্লুকোজের মাত্রার দিকে নজর রাখুন। ডিস্কের সমস্যার জন্য এটি মোকাবিলার সর্বোত্তম উপায় হলো ফিজিওথেরাপি এবং কিছু এনএসএআইডি (NSAID) ওষুধ, যা আপনাকে ভালো আরাম দেবে। চিন্তার কিছু নেই, এটি শীঘ্রই ঠিক হয়ে যাবে। আপনার দিনটি ভালো কাটুক। (আপনি যদি আপনার বয়স এবং লিঙ্গ উল্লেখ করতেন তবে এটি অনেক ভালো হতো)"
5228,"হেলো, আপনি কেমন আছেন? আপনার বাবার সিরোসিস ধরা পড়ার কথা শুনে আমি দুঃখিত। এএফপি (আলফা ফিটো প্রোটিন) হলো এমন একটি পদার্থ যা সাধারণত জরায়ুতে থাকাকালীন ভ্রূণের লিভার দ্বারা উৎপাদিত হয়। শিশু জন্মের পর লিভার এই পদার্থ তৈরি করা বন্ধ করে দেয়, যার ফলে একজন প্রাপ্তবয়স্কের রক্তে এএফপি-এর মাত্রা খুব কম থাকে। দুর্ভাগ্যবশত, যদি লিভারের টিউমার বড় হতে থাকে, তবে এই টিউমারটি এএফপি তৈরি করতে শুরু করে এবং এর ফলে রক্তে এর মাত্রা বেড়ে যায়। তাই যদি রক্তে এএফপি-এর মাত্রা হঠাৎ বেড়ে যায়, বিশেষ করে একজন সিরোসিস রোগীর ক্ষেত্রে, তবে এটি লিভারে টিউমার তৈরির দিকে ইঙ্গিত করতে পারে। এটি ইমেজিং স্টাডিজ, শুরুতে আল্ট্রাসাউন্ড এবং পরবর্তীতে লিভারের ট্রাই-ফেজিক কন্ট্রাস্ট এনহ্যান্সড সিটি স্ক্যানের মাধ্যমে মূল্যায়ন করা প্রয়োজন। চিকিৎসার বিকল্পগুলো টিউমারের আকার, সংখ্যা এবং রোগীর শারীরিক অবস্থার ওপর নির্ভর করবে। সিরোসিস এবং লিভার টিউমারের রোগীদের জন্য সর্বোত্তম চিকিৎসা হলো লিভার ট্রান্সপ্ল্যান্ট, যদি তারা কিছু শর্ত পূরণ করেন। যদি টিউমারটি ছোট হয়, তবে পারকিউটেনিয়াস অ্যাবলেটিভ কৌশল বা লিভারের যে অংশে টিউমার রয়েছে সেখান থেকে ছোট অংশ অপসারণও করা যেতে পারে। আপনি কোথায় আছেন তা দয়া করে আমাকে জানান, যাতে আমি আপনাকে চিকিৎসার জন্য সেরা কেন্দ্রে যাওয়ার পরামর্শ দিতে পারি। আশা করি এটি সাহায্য করবে এবং আপনার বাবা দ্রুত সুস্থ হয়ে উঠবেন। আরও বিস্তারিত জানার জন্য আমার সাথে যোগাযোগ করতে দ্বিধা করবেন না - rxsuresh@gmail.com"
77925,"নাসেনিয়া ডকে আপনার প্রশ্নের জন্য ধন্যবাদ। আমি আপনার উদ্বেগ বুঝতে পারছি। আমার মতে আপনার অবিলম্বে একজন পালমোনোলজিস্টের (ফুসফুস বিশেষজ্ঞ) পরামর্শ নেওয়া উচিত এবং নিম্নলিখিত পরীক্ষাগুলো করানো উচিত: ১. শ্বাসতন্ত্রের ক্লিনিকাল পরীক্ষা। ২. পিএফটি (পালমোনারি ফাংশন টেস্ট)। ৩. বুকের এক্স-রে। আপনার সবুজ রঙের কাশি, হলুদ কফ, পিঠে ব্যথার মতো লক্ষণগুলো নিউমোনিয়ার সম্ভাবনাকে বেশি নির্দেশ করে। এই সমস্ত লক্ষণ ব্রঙ্কাইটিসেও দেখা যায়। তাই নিউমোনিয়া আছে কি না তা নিশ্চিত হতে বুকের এক্স-রে প্রয়োজন। যদি এক্স-রে স্বাভাবিক থাকে, তবে ব্রঙ্কাইটিস আছে কি না তা নিশ্চিত হতে পিএফটি প্রয়োজন। তাই একজন পালমোনোলজিস্টের সাথে পরামর্শ করুন এবং প্রথমে রোগ নির্ণয় করুন, তারপর যথাযথ চিকিৎসা শুরু করুন। আশা করি আমি আপনার প্রশ্নের সমাধান দিতে পেরেছি। আপনাকে আরও সাহায্য করতে পারলে আমি খুশি হব। আপনার সুস্বাস্থ্য কামনা করি। ধন্যবাদ।"
8630,"হেলো। আপনার অনুসন্ধানের জন্য এবং বিস্তারিত ইতিহাস জানানোর জন্য ধন্যবাদ। আপনি যে সময়ের কথা উল্লেখ করেছেন, সেই সময়ে তলপেটে ফোলাভাবের সাথে তীব্র ব্যথা গুরুতর পিআইডি (পেলভিক ইনফ্ল্যামেটরি ডিজিজ) বা এন্ডোমেট্রিওসিসের কারণে হতে পারে, কারণ এটি হরমোন চক্রের সাথে সম্পর্কিত। আমি আপনাকে নিম্নলিখিত পরামর্শ দিচ্ছি- ব্যথার আক্রমণের সময় একজন স্ত্রীরোগ বিশেষজ্ঞের মাধ্যমে পরীক্ষা করান। - ব্যথার সময় রক্ত, প্রস্রাব এবং মল পরীক্ষা করান। - পেট ও পেলভিসের আল্ট্রাসনোগ্রাফি এবং ট্রান্স-ভ্যাজাইনাল ইউএসজি (USG) করান। সঠিক রোগ নির্ণয় সঠিক চিকিৎসার দিকে নিয়ে যাবে। প্রয়োজনে, ডায়াগনস্টিক ল্যাপারোস্কোপি এবং এসওএস (SOS) পদ্ধতি আপনাকে সর্বোচ্চ সাহায্য করতে পারে।"
110656,"হেলো, আশা করি আপনি ভালো আছেন। আমি আপনার অভিযোগগুলো দেখেছি এবং আপনার উদ্বেগ বুঝতে পেরেছি। আপনার সম্ভবত লাম্বার ডিস্কের কোনো সমস্যা হয়েছে, যা স্নায়ুর ওপর চাপের কারণে পায়ে ব্যথার সৃষ্টি করছে। সমস্যাটি কী তা জানার জন্য আপনার একটি এমআরআই (MRI) করানো উচিত। এই ধরনের ব্যথার ফলে ক্লান্তি এবং অবসাদ দেখা দেয়। আশা করি আপনার প্রশ্নের উত্তর পেয়েছেন। আপনার যদি আরও কোনো প্রশ্ন থাকে, তবে যেকোনো সময় আমার সাথে পরামর্শ করতে পারেন। ধন্যবাদ, ভালো থাকবেন, ঈশ্বর আপনার মঙ্গল করুন।"
89096,"হেলো এবং নাসেনিয়া ডকে আপনাকে স্বাগতম। আপনার অনুসন্ধানের জন্য ধন্যবাদ। আমি নাসেনিয়া ডক, আমি আপনার উদ্বেগগুলো বুঝতে পারছি এবং আমি আপনাকে যথাসাধ্য সাহায্য করার চেষ্টা করব। প্লীহা বড় হয়ে যাওয়াকে স্প্লেনোমেগালি বলা হয় এবং এর পেছনে বিভিন্ন কারণ থাকতে পারে। প্রথমত, মনোনিউক্লিওসিস, টক্সোপ্লাজমোসিসের মতো পরজীবী সংক্রমণ বা ব্যাকটেরিয়াজনিত সংক্রমণের কারণে এটি হতে পারে। এর অর্থ হলো আপনার শরীরে যেকোনো সংক্রমণ প্লীহা বড় হওয়ার কারণ হতে পারে। দ্বিতীয় সাধারণ কারণগুলোর মধ্যে রয়েছে থ্রম্বোসাইটোপেনিয়ার মতো অটোইমিউন রোগ। যদি নির্দিষ্ট পরীক্ষার মাধ্যমে এগুলো বাতিল করা হয়, তবে অন্যান্য কারণ বিবেচনা করা যেতে পারে এবং কিছু কম-বেশি গুরুতর, যেমন লিউকেমিয়া, লিম্ফোমা বা অ্যাসিডোসিস, লুপাস এবং রিউমাটয়েড আর্থ্রাইটিসের মতো প্রদাহহীন রোগ। প্রতিটি ক্ষেত্রে, সংক্রামক কারণগুলোর চিকিৎসা অ্যান্টিবায়োটিক দিয়ে করা হয় এবং অন্যান্য কারণের ক্ষেত্রে অস্ত্রোপচারের মাধ্যমে প্লীহা অপসারণের প্রয়োজন হতে পারে। আমি আশা করি আমি আপনার প্রশ্নের উত্তর দিতে পেরেছি। আপনার যদি আরও কোনো প্রশ্ন থাকে, তবে আপনি যেকোনো সময় আমাদের সাথে যোগাযোগ করতে পারেন। আন্তরিক শুভেচ্ছা। আপনার সুস্বাস্থ্য কামনা করি।"
86063,"হেলো, আমি আপনার উদ্বেগ বুঝতে পারছি। আমি নাসেনিয়া ডক, সংক্রামক রোগ বিশেষজ্ঞ, আপনার প্রশ্নের উত্তর দিচ্ছি। এটি যৌনবাহিত সংক্রমণ বলে মনে হচ্ছে। আমি আপনাকে ক্ষত থেকে গ্রাম স্টেইনিং করার পরামর্শ দিচ্ছি, যাতে কোন জীবাণুর কারণে এই আলসার হয়েছে তা পরীক্ষা করা যায়। এরপর কোন ব্যাকটেরিয়ার কারণে আপনার এই সংক্রমণ হয়েছে, সেই অনুযায়ী আপনি চিকিৎসা নিতে পারেন। আপনার পরবর্তী প্রশ্নের উত্তর দিতে পারলে আমি খুশি হব। নাসেনিয়া ডকের সাথে যোগাযোগ করার জন্য আপনাকে ধন্যবাদ। আপনার সুস্বাস্থ্য কামনা করি। ধন্যবাদ, নাসেনিয়া ডক।"
72464,"হেলো, আপনার তথ্যের ভিত্তিতে এটি অ্যাকিলিস টেন্ডিনাইটিস বলে মনে হচ্ছে। তবে, ক্লিনিকাল পরীক্ষা এবং প্রাসঙ্গিক অনুসন্ধানের পরেই সঠিক রোগ নির্ণয় করা সম্ভব। যদি এটি অ্যাকিলিস টেন্ডিনাইটিস হয়, তবে ফিজিওথেরাপি এবং হিল রেইজ ও সফট পোস্টেরিয়র কাউন্টারসহ জুতো পরিবর্তন করা বেশ সহায়ক হবে। উপরের চিকিৎসার ৬ সপ্তাহ পরেও যদি কোনো উপশম না হয়, তবে স্থানীয় ইনজেকশন ব্যবহার করে দেখা যেতে পারে। আশা করি আমি আপনার প্রশ্নের উত্তর দিতে পেরেছি। আমি আপনাকে আরও কোনোভাবে সাহায্য করতে পারি কিনা তা জানাবেন। ভালো থাকবেন।"
108234,"হেলো। এটি আর্থ্রাইটিসের সাইনোভাইটিস পর্যায় হতে পারে। হ্যাঁ, আপনি লুব্রিকেন্ট ইনজেকশন নিতে পারেন। আর্থ্রোস্কোপিও আপনাকে সাহায্য করতে পারে। আর্থ্রোস্কোপিক শেভিংয়ের মাধ্যমে ক্ষতিগ্রস্ত কার্টিলেজ মসৃণ করা হয় এবং আলগা ও ভঙ্গুর কার্টিলেজ অপসারণ করা হয়। সিঁড়ি ব্যবহার এড়িয়ে চলা এবং ওয়েস্টার্ন স্টাইলের টয়লেট ব্যবহার করা ইত্যাদি সহায়ক হবে। আশা করি এটি আপনার প্রশ্নের উত্তর দিয়েছে। আপনার যদি আরও কোনো প্রশ্ন বা ফলো-আপ জিজ্ঞাসা থাকে, তবে আমাদের লিখতে দ্বিধা করবেন না। আমি আপনার প্রশ্নের উত্তর দিতে পেরে খুশি হব। আপনার সুস্বাস্থ্য কামনা করছি। ভালো থাকবেন।"
81294,"আপনার কি এমআরআই (MRI) করা হয়েছে? কোমরের ব্যথা যা কুঁচকির দিকে ছড়িয়ে পড়ে, তা সাধারণত হিপ জয়েন্টের সমস্যার ইঙ্গিত দেয়। আমার আপনার চিকিৎসার ইতিহাস সম্পর্কে আরও জানা প্রয়োজন। উদাহরণস্বরূপ, আপনি কি এমন কোনো ওষুধ খাচ্ছেন যা আপনাকে নির্দিষ্ট কিছু রোগের ঝুঁকিতে ফেলতে পারে? এবং এমন কোনো শারীরিক সমস্যা আছে কি যা এর কারণ হতে পারে? সাধারণত, আপনি যে ব্যথার কথা বলছেন তার জন্য হিপ জয়েন্ট দেখার জন্য এমআরআই একটি ভালো বিকল্প।"
3245,"হেলো, আপনার অনুসন্ধানের জন্য ধন্যবাদ। আপনি যে তথ্যগুলো দিয়েছেন তার ভিত্তিতে মনে হচ্ছে আপনি দ্রুত বীর্যপাতের সমস্যায় ভুগছেন। কোনো বড় ধরনের স্বাস্থ্য সমস্যা না থাকলে দ্রুত বীর্যপাতের কারণ সাধারণত মানসিক এবং পারফরম্যান্স এনজাইটি বা কর্মক্ষমতা নিয়ে দুশ্চিন্তা থেকে হয়ে থাকে। নিচের পদক্ষেপগুলো আপনার আত্মবিশ্বাস বাড়াতে, ভালো ইরেকশন পেতে এবং বীর্যপাত বিলম্বিত করতে সাহায্য করবে: ১) সকালে ৪৫ মিনিট নিয়মিত ব্যায়াম করুন এবং এরপর আধা ঘণ্টা মেডিটেশন বা ধ্যান করুন। ২) শাকসবজি, ফলমূল এবং ভিটামিন এ, সি, ডি, ই ও জিঙ্ক সমৃদ্ধ উচ্চ প্রোটিনযুক্ত খাবার গ্রহণ করুন। ৩) প্রতিদিন ৫-৬টি কাঠবাদামের মতো অ্যান্টি-অক্সিডেন্ট সমৃদ্ধ খাবার খান। ৪) অ্যালকোহল এবং ধূমপান পরিহার করুন। প্রয়োজনে সিলডেনাফিল (ভায়াগ্রা) সেবন করলে তা ভালো, শক্ত ও দীর্ঘস্থায়ী ইরেকশন পেতে এবং আনন্দদায়ক যৌন মিলনে সাহায্য করবে। ডাক্তারের সাথে চ্যাট করুন।"
45112,"নাসেনিয়া ডককে জিজ্ঞাসা করার জন্য আপনাকে ধন্যবাদ। আমার নাম নাসেনিয়া ডক। আপনার মেরুদণ্ডের বিন্যাস এবং হাড় দেখার জন্য সঠিক ডিজিটাল এক্স-রে সার্ভিকাল স্পাইন এপি এবং ল্যাটারাল ভিউ করা উচিত। এছাড়াও নরম টিস্যু এবং প্রোল্যাপসড ইন্টার-ভার্টিব্রাল ডিস্ক দেখার জন্য সার্ভিকাল স্পাইনের এমআরআই করান, যা আঙুল পর্যন্ত ব্যথা এবং অসাড়তার কারণ হতে পারে। এরপর পরবর্তী পদক্ষেপ এবং সম্পূর্ণ সমাধানের জন্য একজন নিউরোসার্জনের সাথে দেখা করুন। আশা করি এটি আপনাকে সাহায্য করবে। কোনো কিছু অস্পষ্ট থাকলে আমাকে জানাবেন। ধন্যবাদ।"
111509,"হেলো। আপনি একদম ঠিক বলেছেন, সবকিছু ঠিক নেই। মিলনের সময় রক্তপাত জরায়ু থেকে হতে পারে অথবা জরায়ুমুখে কোনো ক্ষত থাকতে পারে। ছত্রাকজনিত ফাইব্রয়েড যদি জরায়ুর অভ্যন্তরীণ দেয়ালকে ক্ষতিগ্রস্ত করে, রক্ত জমাট বাঁধে এবং খিঁচুনি সৃষ্টি করে, তবে তা ব্যথা ও রক্তপাতের কারণ হতে পারে। এই ছোট আকারের ওভারিয়ান সিস্টের কারণে সাধারণত কোনো সমস্যা হয় না। আমি আপনাকে অন্য একজন বিশেষজ্ঞের পরামর্শ নেওয়ার পরামর্শ দেব। আপনার কাছাকাছি কোনো সুবিধা থাকলে ল্যাপারোস্কোপিক রোগ নির্ণয় এবং ফাইব্রয়েড অপসারণের মাধ্যমে উন্নতির সম্ভাবনা রয়েছে।"
29633,"আপনার একাধিক শারীরিক সমস্যা রয়েছে, কিছু ওষুধ ঘুমের আরইএম (REM) প্যাটার্নকে ব্যাহত করে, যা দুঃস্বপ্নের কারণ হতে পারে। এমনকি অন্তর্নিহিত বিষণ্নতা বা উদ্বেগও দুঃস্বপ্নের কারণ হতে পারে। শয্যাশায়ী থাকার কারণে আপনার ঘুমের ও জেগে ওঠার ছন্দ সম্ভবত বিঘ্নিত হতে পারে। আমার পরামর্শ হলো, তিনি যেন ঘুমের ও জেগে ওঠার সময়সূচী ঠিক করেন এবং মেডিটেশনের মতো শিথিলকরণ ব্যায়াম করেন, যা শয্যাশায়ী থাকা সত্ত্বেও অনুশীলন করা যেতে পারে। তবে যদি দুঃস্বপ্ন আপনার জন্য কষ্টদায়ক হয়, তবে সঠিক মূল্যায়নের পর আপনার ঘুমের ও জেগে ওঠার ছন্দ নিয়মিত করার জন্য কিছু ওষুধ সেবন করা যেতে পারে। শুভেচ্ছা।"
72298,"হেলো, নাসেনিয়া ডকে আপনাকে স্বাগতম। আমি আপনার পরিস্থিতি বুঝতে পারছি। অনলাইন সহায়তা নেওয়ার জন্য আপনার প্রচেষ্টার প্রশংসা করি। ডার্মাটোগ্রাইক আর্টিকেরিয়া এমন একটি অবস্থা যা ত্বক চুলকালে বা ঘষা লাগলে প্রদাহ সৃষ্টি করে। এটি এক ধরণের অ্যালার্জিজনিত সমস্যা। এটি মূলত তরুণদের মধ্যে বেশি দেখা যায়। এর চিকিৎসায় অ্যান্টিহিস্টামিন ব্যবহার করা হয়। সোরিয়াসিস একটি দীর্ঘস্থায়ী অটোইমিউন রোগ এবং এর জন্য দীর্ঘমেয়াদী ও ধারাবাহিক চিকিৎসার প্রয়োজন। আমি আপনাকে সঠিক মূল্যায়ন এবং ব্যবস্থাপনার জন্য একজন যোগ্য চর্মরোগ বিশেষজ্ঞের সাথে পরামর্শ করার পরামর্শ দিচ্ছি। ইতিমধ্যে, মানসিক চাপ এবং উদ্বেগ কমাতে গভীর শ্বাস-প্রশ্বাস, যোগব্যায়াম বা ধ্যানের মতো শিথিলকরণ কৌশলগুলো অনুশীলন করার চেষ্টা করুন। আশা করি এটি সাহায্য করবে। শুভকামনা। শুভেচ্ছা।"
26730,"হেলো, আমি আপনার উদ্বেগ বুঝতে পারছি। গরম অনুভূতি এবং ঘাম অ্যামনিওটিক ফ্লুইড সংক্রমণের কারণ হতে পারে না। আসলে অ্যামনিওটিক ফ্লুইড সংক্রমণ (যা আপনার অ্যামনিওটিক মেমব্রেন ফেটে যাওয়ার সময় শুরু হতে পারে) জ্বর এবং ঘামের কারণ হতে পারে। তবে এর সাথে সংক্রমণের অন্যান্য লক্ষণও থাকে, যেমন জ্বর/ব্যথা/ দুর্গন্ধযুক্ত স্রাব। সংক্রমণের সম্ভাবনা খুঁজে বের করতে এবং সেই অনুযায়ী চিকিৎসার জন্য আপনার একজন স্ত্রীরোগ বিশেষজ্ঞের পরামর্শ নেওয়া উচিত। ধন্যবাদ।"
89112,"হেলো, আপনি যে লক্ষণগুলোর কথা বর্ণনা করেছেন তা উচ্চ রক্তচাপের কারণে হতে পারে, বিশেষ করে যদি রক্তচাপ হঠাৎ বেড়ে গিয়ে থাকে। কম লবণযুক্ত খাবার, জীবনধারা এবং প্রয়োজনে ওষুধ সেবনের মাধ্যমে এটি নিয়ন্ত্রণে রাখুন, যা হৃদরোগ বা স্ট্রোকের মতো জটিলতা প্রতিরোধে সাহায্য করবে। এছাড়া স্লিপ অ্যাপনিয়ার কারণেও রক্তচাপ বাড়তে পারে, তাই রাতে সিপ্যাপ (CPAP) সেবন করলে তা আপনার উপকারে আসবে। শুভেচ্ছা।"
31982,"হেলো, আশা করি আপনি ভালো আছেন। আমি আপনার অভিযোগগুলো দেখেছি এবং আপনার উদ্বেগ বুঝতে পেরেছি। মনে হচ্ছে আপনার পিঠের কোথাও কোনো স্নায়ু চাপে পড়েছে, যার ফলে ওই অঞ্চলগুলোতে ব্যথা ছড়িয়ে পড়ছে। লাম্বার ডিস্ক প্রোল্যাপসের সম্ভাবনাও মাথায় রাখা উচিত। সঠিক কারণ খুঁজে বের করার জন্য আমি আপনাকে এক্স-রে এবং এমআরআই করার পরামর্শ দিচ্ছি। ফিজিওথেরাপি, ব্যথানাশক এবং প্রদাহরোধী ওষুধ সেবন করুন। ডাক্তারের সাথে কথা বলুন। চিন্তার কিছু নেই। আশা করি আপনার প্রশ্নের উত্তর পেয়েছেন। আপনার যদি আরও কোনো প্রশ্ন থাকে, তবে যেকোনো সময় আমার সাথে পরামর্শ করতে পারেন। ধন্যবাদ, ভালো থাকবেন, ঈশ্বর আপনার মঙ্গল করুন।"
59231,"হেলো, নাসেনিয়া ডক ফোরামে আপনাকে স্বাগতম। নাসেনিয়া ডক ফোরামে লেখার জন্য ধন্যবাদ। আপনি সাধারণ সর্দি, নাক ডাকা এবং নাকের চারপাশে ব্যথায় ভুগছেন। এই সবগুলোকে সম্মিলিতভাবে সাইনোসাইটিস বলা হয়, এটি সাধারণ সর্দির কারণে হতে পারে, যা অ্যালার্জিজনিত, ভাইরাল বা ইওসিনোফিলিক সম্পর্কিত হতে পারে, অথবা নাকের হাড় বাঁকা থাকার কারণেও হতে পারে। সঠিক রোগ নির্ণয় ছাড়া সাধারণ ওষুধে আপনি সম্পূর্ণ আরাম পাবেন না। আমি আপনাকে রোগ নির্ণয় এবং চিকিৎসার জন্য একজন ই.এন.টি. সার্জনের সাথে পরামর্শ করার পরামর্শ দিচ্ছি। নিশ্চিত হওয়ার জন্য অন্যান্য রুটিন পরীক্ষার পাশাপাশি আপনার এম.আর.আই. (M.R.I.) করার প্রয়োজন হতে পারে। ডি.এন.এস (D.N.S) ছাড়া অন্যান্য সমস্যার চিকিৎসা ওষুধের মাধ্যমে করা সম্ভব এবং ডি.এন.এস-এর জন্য অস্ত্রোপচারের প্রয়োজন হতে পারে। আপনার দ্রুত এবং সম্পূর্ণ সুস্থতা কামনা করছি। শুভেচ্ছা।"
98674,"হেলো, নাসেনিয়া ডককে জিজ্ঞাসা করার জন্য আপনাকে ধন্যবাদ। আমি আপনার প্রশ্নটি দেখেছি। হেয়ার বেডে এটি ফলিকুলাইটিসের কারণে হতে পারে, যা হেয়ার বেডের একটি ব্যাকটেরিয়াজনিত সংক্রমণ। জেনিটাল হারপিস জ্বালাপোড়া, ব্যথা এবং চুলকানির সৃষ্টি করে। আপনি যদি এর একটি ছবি পাঠান তবে এটি শনাক্ত করতে আরও সহায়ক হবে। ফলিকুলাইটিসের ক্ষেত্রে অ্যান্টিবায়োটিক থেরাপির প্রয়োজন হবে। এমন ক্ষেত্রে আমি অ্যাজিথ্রোমাইসিনের মতো অ্যান্টিবায়োটিক এবং স্থানীয়ভাবে ব্যবহারের জন্য বেটাডিন মলমের পরামর্শ দেব। আশা করি এটি আপনাকে সাহায্য করবে। কোনো কিছু অস্পষ্ট থাকলে আমাকে জানাবেন। ধন্যবাদ।"
93487,"হেলো, মাইটেকা বেশ কয়েকটি পার্শ্বপ্রতিক্রিয়া সৃষ্টি করতে পারে এবং সবচেয়ে সম্ভাব্য পার্শ্বপ্রতিক্রিয়াগুলো হলো"
79574,"হেলো! নাসেনিয়া ডকে আপনাকে স্বাগতম! আপনার উপসর্গগুলো টেনশন টাইপ মাথাব্যথার সাথে সম্পর্কিত হতে পারে। যাই হোক, প্রদাহের মতো অন্যান্য সম্ভাব্য কারণগুলো বাদ দেওয়ার জন্য আমি কিছু পরীক্ষা করার পরামর্শ দেব। এই কারণে একটি কমপ্লিট ব্লাড কাউন্ট (CBC), পিসিআর (PCR) এবং সেডিমেন্টেশন রেট পরীক্ষা করা গুরুত্বপূর্ণ। সার্ভিকাল স্পাইনের এক্স-রে সার্ভিকাল স্পাইনের দীর্ঘস্থায়ী অবক্ষয় বাদ দিতে সাহায্য করবে। যদি এই সমস্ত পরীক্ষার ফলাফল স্বাভাবিক আসে, তবে আমি সারট্রালিন বা অ্যামিট্রিপটাইলিন দিয়ে চিকিৎসা শুরু করার পরামর্শ দেব। আশা করি এই উত্তরটি আপনার সহায়ক হবে! শুভেচ্ছা রইল।"
49072,"হেলো, নাসেনিয়া ডকের সাথে পরামর্শ করার জন্য আপনাকে ধন্যবাদ। আপনি যে ব্যথার কথা বলছেন তা আসলে দাঁতের ব্যথা নয়, এটি চোয়ালের জয়েন্টের (টেম্পোরোম্যান্ডিবুলার জয়েন্ট) ব্যথা যা কানের নিচে অবস্থিত। এই কারণেই আপনি চোয়াল খুলতে ব্যথা অনুভব করছেন। চিকিৎসার জন্য আপনাকে একজন ভালো ওরাল মেডিসিন বিশেষজ্ঞের সাথে দেখা করতে হবে, কারণ তিনি জয়েন্টগুলো সঠিকভাবে পরীক্ষা করে চিকিৎসা শুরু করবেন। আশা করি এটি আপনাকে সাহায্য করবে।"
69076,"হেলো, আমাদের সাথে যোগাযোগ করার জন্য ধন্যবাদ। একটি মৃদু এইচওয়াই নাসেনিয়া ডক। (i) আল্ট্রাসাউন্ড স্ক্যানের সময় আপনার মূত্রাশয় সম্পূর্ণ পূর্ণ ছিল বলে মনে হতে পারে। (ii) আপনার কিডনির পেলভিক্যালিসিয়াল সিস্টেম নিজেই (এক্সট্রারেনাল পেলভিস) পূর্ণ দেখাচ্ছে এবং এটি স্বাভাবিক অবস্থারই একটি অংশ। (iii) খুব বিরল ক্ষেত্রে মূত্রনালী এবং কিডনির সংক্রমণ (সম্প্রতি বা পুরনো) এমন ফলাফলের কারণ হতে পারে, তবে এটি কেবল তখনই সম্ভব যদি আপনার কিডনির অঞ্চলে ব্যথা, প্রস্রাবে জ্বালাপোড়া, প্রস্রাবের রঙ পরিবর্তন বা অতীতে কোনো কিডনি সংক্রমণ হয়ে থাকে। (iv) কিডনি বা ইউরেটারে পাথর থাকলেও পেলভিক্যালিসিয়াল সিস্টেম পূর্ণ দেখাতে পারে এবং যেহেতু আপনার কোনো পাথর নেই, তাই এটি আপনার ক্ষেত্রে প্রযোজ্য নয়। যদি আপনার ডাক্তার শুধুমাত্র পাথর দেখার জন্য সিটি স্ক্যান করতে চান, তবে কন্ট্রাস্ট দেওয়ার প্রয়োজন নেই। কন্ট্রাস্ট ছাড়া সিটি স্ক্যানে পাথর ভালোভাবে দেখা যায়। সিটি স্ক্যান করানোর আগে অনুগ্রহ করে আপনার ডাক্তার এবং রেডিওলজিস্টের সাথে এই বিষয়টি নিয়ে আলোচনা করুন। বেশিরভাগ পাথর ক্যালসিয়াম দিয়ে তৈরি হয় এবং কন্ট্রাস্ট ছাড়া সিটি স্ক্যানে উজ্জ্বল দেখায়। রোগ নির্ণয়ের জন্য এটিই যথেষ্ট। যদি সংক্রমণের সন্দেহ হয়, তবে ইউরিন কালচার এবং সেনসিটিভিটি টেস্টের প্রয়োজন হবে।"
69209,"হেলো, প্রশ্নটি করার জন্য ধন্যবাদ। এটি একটি নিরাময় হতে থাকা দাঁত তোলার জায়গা হতে পারে। আপনি যেহেতু উল্লেখ করেছেন যে ওই স্থানে রক্তপাত এবং ব্যথা হচ্ছে, তাই এটি সংক্রমণের উপস্থিতি হতে পারে। আমি আপনাকে সংশ্লিষ্ট ডেন্টিস্টের সাথে পরামর্শ করার এবং সাধারণ স্যালাইন ও বেটাডিন দিয়ে দাঁত তোলার জায়গাটি পরিষ্কার করিয়ে নেওয়ার পরামর্শ দেব। অ্যান্টিবায়োটিক এবং ব্যথানাশক ওষুধের একটি কোর্স সম্পন্ন করুন। বাড়িতে হালকা গরম লবণ পানি এবং অ্যান্টিসেপটিক মাউথওয়াশ দিয়ে কুলকুচি করুন। নিজের যত্ন নিন।"
21078,"প্রিয় রোগী, আপনার ব্যথা কি একটানা নাকি মাঝে মাঝে হয়? যদি ব্যথা মাঝে মাঝে হয় এবং পিঠ থেকে বাম পেটে ব্যথা ছড়িয়ে পড়ে, তবে এটি সাধারণত কিডনিতে পাথরের কারণে হয়ে থাকে। একে কলিকি পেইন বলা হয়। রোগ নির্ণয়ের জন্য আমি আপনাকে কিডনি, ইউরেটার এবং মূত্রাশয়ের আল্ট্রাসাউন্ড করার পরামর্শ দিচ্ছি। আপনার নিকটস্থ রেডিওলজি সেন্টারে গিয়ে এটি করিয়ে নিন। ইতিমধ্যে, ৫ দিনের জন্য দিনে দুবার প্যাস্টোরাল প্লাস ট্যাবলেট সেবন শুরু করুন। রিপোর্টসহ একজন বিশেষজ্ঞ ইউরোলজিস্টের সাথে পরামর্শ করা প্রয়োজন। আপনার সুস্থতা কামনা করি।"
3825,"হেলো, নাসেনিয়া ডকে আপনাকে স্বাগতম। তৈলাক্ত ত্বক, ব্রণ এবং ব্রণের পরবর্তী পিগমেন্টেশন একটি ভালো স্কিন কেয়ার রুটিন মেনে চলার মাধ্যমে উন্নত করা যেতে পারে। ১. স্যালিসিলিক অ্যাসিড ১-২% যুক্ত ফেসওয়াশ দিয়ে সকাল, বিকেল এবং রাতে মুখ ধুয়ে ফেলুন। এটি তৈলাক্ত ভাব কমাতে, ব্রণ প্রতিরোধ করতে, ব্রণ সারাতে এবং দাগ হালকা করতে সাহায্য করবে। ২. ধোয়ার পরপরই হালকা ভেজা ত্বকে ওয়াটার-বেসড ময়েশ্চারাইজার ব্যবহার করুন। এটি গুরুত্বপূর্ণ কারণ নাসেনিয়া ডকের অ্যান্টি-অ্যাকনে স্কিন রেজিমেন। ভালো ময়েশ্চারাইজড ত্বক সংবেদনশীলতা প্রতিরোধ করে এবং দ্রুত ত্বক সারাতে সাহায্য করে। ৩. সকালে এবং বিকেলে সানস্ক্রিন ব্যবহার করুন। জিঙ্ক অক্সাইড এবং টাইটানিয়াম ডাই অক্সাইডযুক্ত সানস্ক্রিন ব্যবহার করা ভালো যা আপনার লোমকূপ বন্ধ করবে না (নন-কমেডোজেনিক)। এই ধরনের সানস্ক্রিন তৈলাক্ত ত্বকের জন্য উপযুক্ত। সানস্ক্রিন গুরুত্বপূর্ণ কারণ ব্রণ বিরোধী ওষুধ আপনার ত্বককে সূর্যের আলোর প্রতি সংবেদনশীল করে তুলতে পারে, যা রোদে পোড়ার সম্ভাবনা বাড়িয়ে দেয়। ৪. ওয়াটার বেসড ময়েশ্চারাইজার ব্যবহারের পর প্রতিদিন রাতে ডার্লিন+বেনজয়েল পারক্সাইড জেল এবং মাইক্রোস্ফিয়ার বা সাসটেইনড রিলিজ ফর্মুলা ব্যবহার করুন। শুধুমাত্র ব্রণ আক্রান্ত স্থানে খুব পাতলা স্তর লাগান। মুখের আইলিয়া এবং কর্নার এড়িয়ে চলুন। এটি আপনার দৈনন্দিন রুটিনের সবচেয়ে গুরুত্বপূর্ণ অংশ। এক মাস এই নিয়ম মেনে চলুন। যদি উন্নতি হয়, তবে ত্বক পুরোপুরি সেরে না যাওয়া পর্যন্ত এটি ব্যবহার চালিয়ে যান। যদি এক মাস পরেও কোনো উন্নতি না"
74561,"হেলো, আপনার প্রশ্নটি করার জন্য ধন্যবাদ। ওজন বৃদ্ধি অতিরিক্ত খাওয়া বা কম ব্যায়াম করার সাথে সম্পর্কিত। মাল্টিপল স্ক্লেরোসিস (এমএস)-এর ক্ষেত্রে, এটি ওজন বৃদ্ধিতে ভূমিকা রাখতে পারে। প্রথমত, এমএস-এর তীব্র পর্বগুলোর চিকিৎসার জন্য ব্যবহৃত স্টেরয়েড ওজন বৃদ্ধির কারণ হতে পারে। দ্বিতীয়ত, এমএস পায়ের দুর্বলতা এবং ক্লান্তির কারণ হতে পারে, যা ব্যায়াম করার ক্ষমতাকে সীমিত করে দিতে পারে। সাধারণত, এমএস রোগীদের এবং যাদের এমএস নেই তাদের ক্ষেত্রে ওজন কমানোর পদক্ষেপ একই। আপনার যদি আরও কোনো তথ্যের প্রয়োজন হয়, তবে অনুগ্রহ করে জানাবেন। শুভকামনা, নাসেনিয়া ডক।"
28647,"হেলো, নাসেনিয়া ডকে আপনাকে স্বাগতম। গর্ভধারণের ক্ষেত্রে আপনার প্রধান বাধা হলো অ্যানোভুলেশন (প্রতি মাসে ডিম্বাণু তৈরি না হওয়া)। যদি ফেরি/মোল্ডোভা ট্যাবলেট (ট্যাবলেট সেবনের সময় ২৮-৩০ দিনের নিয়মিত সময়সূচী অনুযায়ী) ব্যবহারের ফলে অতীতে ৬ বারের বেশি ওভুলেশন হয়ে থাকে, তবে এর কারণ জানতে ও সংশোধন করতে ল্যাপারোস্কোপি করা ভালো। যদি এটি না হয়ে থাকে বা ৬ বারের কম হয়ে থাকে, তবে আপনি ট্যাবলেট চালিয়ে যেতে পারেন। যদি নির্দিষ্ট মাত্রায় ওভুলেশন না হয়, তবে ওভুলেশন ঘটানোর জন্য ট্যাবলেটের মাত্রা বাড়ানো যেতে পারে। আপনি যে ইতিহাস বর্ণনা করেছেন, তাতে শুধুমাত্র ওভুলেশন ইনডাকশন ট্যাবলেট (ফেরি/মোল্ডোভা) ব্যবহার করলে গর্ভধারণ সহজ হওয়া উচিত। আশা করি এটি আপনাকে সাহায্য করবে। শুভেচ্ছা।"
102625,"হেলো, আপনার স্বাস্থ্য সংক্রান্ত উদ্বেগ নিয়ে আমাদের কাছে লেখার জন্য ধন্যবাদ। আপনি যদি দুটি পিল খেতে ভুলে গিয়ে সেগুলো একসাথে খেয়ে থাকেন, তবে তা আপনাকে সুরক্ষিত রাখবে। যদি আপনি পিল ব্যবহারের নিয়ম মেনে চলেন, তবে চিন্তা করবেন না, আপনি এখনও সুরক্ষিত আছেন। আমি আপনাকে কেবল তখনই একটি ইসিপি (ECP) খাওয়ার পরামর্শ দিতাম, যদি আপনি সেই বিকল্পের জন্য নির্ধারিত সময়সীমার মধ্যে না থাকেন। এই মুহূর্তে, সিগ্যারেট (Cigarette) প্যাকের বাকি পিলগুলো স্বাভাবিক নিয়মে চালিয়ে যান। সিগ্যারেট গ্রহণকারী নারীদের প্রায়শই অল্প মাসিক রক্তপাত বা সঠিক মাসিক না হওয়ার সমস্যা হতে পারে। অনিরাপদ যৌন মিলনের ৩ সপ্তাহ পর প্রেগন্যান্সি টেস্ট করা বুদ্ধিমানের কাজ হবে। কোনো অবস্থাতেই পিল খাওয়া বন্ধ করবেন না এবং চিন্তা করবেন না। ভালো থাকবেন।"
35686,"হেলো, আপনার হাতের সমস্যাটি আপনার ঘাড়ের সমস্যার কারণে হতে পারে কারণ আপনার স্নায়ু শরীরের নিচের স্তরে রক্ত সরবরাহ করে। তবে, ঘাড়ের উপরের অংশগুলো ঘাড়ের এলাকার স্নায়ু দ্বারা নিয়ন্ত্রিত হয় না, কিন্তু যদি ঘাড়ের সমস্যাটি হৃদপিণ্ড থেকে মাথা পর্যন্ত রক্ত সরবরাহকারী বড় রক্তনালীগুলোকেও প্রভাবিত করে, তবে তা এই লক্ষণগুলোর কারণ হতে পারে। উভয় ক্যারোটিড ধমনীর একটি সিটি এনজিওগ্রাম করান, এটি রোগ নির্ণয়ে সাহায্য করতে পারে এবং শেষ পর্যন্ত এই সমস্যা সমাধানের প্রক্রিয়া শুরু করতে পারে। ফলাফলের বিষয়ে আমাদের মতামত জানাতে দ্বিধা করবেন না। ধন্যবাদ।"
5556,"হেলো, হেয়ারলাইন ফ্র্যাকচারের কারণে আপনাকে বিশ্রাম নেওয়ার পরামর্শ দেওয়া হয়েছে, তাই আমি বলব অনুগ্রহ করে উচ্চ গতিতে হাঁটা এড়িয়ে চলুন। আঘাতপ্রাপ্ত অঙ্গে কম ওজন নিয়ে ধীরে ধীরে হাঁটা সম্ভব। কারণ পূর্ণ ওজন বহন করে দ্রুত হাঁটা পেশিতে ব্যথা বাড়াবে এবং লিগামেন্ট ও হাড়ের ক্ষতি করবে। হাড় সেরে গেলে সামগ্রিক অবস্থার উন্নতির জন্য সঠিক নির্দেশনায় ব্যায়াম শুরু করা উচিত। আশা করি আমি আপনার প্রশ্নের উত্তর দিতে পেরেছি। আমি আপনাকে আরও কোনোভাবে সাহায্য করতে পারি কিনা তা জানাবেন। জে ইন নাসেনিয়া ডক।"
49380,"নাসেনিয়া ডকে আপনাকে স্বাগতম। আপনার অনুসন্ধানের জন্য ধন্যবাদ। যদি পিত্তথলির পাথর উপসর্গহীন থাকে, তবে অস্ত্রোপচারের প্রয়োজন নেই। তার দুর্বলতা ডায়াবেটিস বা ডায়াবেটিক নিউরোপ্যাথি বা নেফ্রোপ্যাথির মতো জটিলতার কারণে হতে পারে। রক্তচাপ হঠাৎ কমে যাওয়া অটোনমিক নিউরোপ্যাথির একটি বৈশিষ্ট্য, যা ডায়াবেটিসেরও একটি বৈশিষ্ট্য। একই সমস্যার কারণে মলত্যাগের অভ্যাসে পরিবর্তন হতে পারে। যদিও ইরিটেবল বাওয়েল সিনড্রোমের সম্ভাবনাও রয়েছে। তাই ডায়াবেটিসের সমস্ত জটিলতা বাদ দেওয়া উচিত। এগুলো বাদ দেওয়ার জন্য শারীরিক পরীক্ষা এবং কিছু উচ্চ রক্তচাপের পরীক্ষা করা প্রয়োজন। ভালো থাকবেন।"
46732,"হেলো! অনুসন্ধানের জন্য ধন্যবাদ। আপনি যেমনটি উল্লেখ করেছেন, পেটের ডান দিকে ব্যথা হলে সবসময় অ্যাপেন্ডিসাইটিসের জন্য পরীক্ষা করা উচিত। অ্যাপেন্ডিসাইটিস নির্ণয় করা অত্যন্ত কঠিন। আজকাল সিটি স্ক্যান এবং এমআরআই-এর যুগেও আমরা অস্ত্রোপচার ছাড়া অ্যাপেন্ডিসাইটিস নির্ণয়ের কোনো উপায় খুঁজে পাচ্ছি না। তাই যদি আপনার পেটের আল্ট্রাসাউন্ডে কোনো অ্যাপেন্ডিক্স পাওয়া না যায়, তার মানে এই নয় যে আপনি অ্যাপেন্ডিসাইটিসে ভুগছেন না। এর অর্থ হলো ডাক্তার এটি একেবারেই খুঁজে পাননি। যদি হাসপাতালে ভর্তির সময় আপনাকে অ্যান্টিবায়োটিক দিয়ে চিকিৎসা করা হয়ে থাকে, তবে এমন একটি সম্ভাবনা রয়েছে যে এই অ্যান্টিবায়োটিকটি কিছু সময়ের জন্য আপনার অ্যাপেন্ডিসাইটিসের চিকিৎসা করেছিল। ৫০% অ্যাপেন্ডিসাইটিসের ক্ষেত্রে অ্যান্টিবায়োটিক থেরাপি ইতিবাচক সাড়া দেয়। কিন্তু এটি অ্যাপেন্ডিসাইটিসের স্থায়ী চিকিৎসা করে না। সুতরাং উপসংহার হলো, যদি আপনার ব্যথার অন্যান্য সম্ভাব্য কারণগুলো বাদ দেওয়া হয় এবং ব্যথা না কমে বা ব্যথা বারবার ফিরে আসে, তবে আপনার অ্যাপেন্ডিক্স অপসারণের জন্য অস্ত্রোপচারের সময় আছে। এবং অন্যান্য সব রোগ থেকে আমি বুঝতে পারছি।"
91071,"হেলো, গর্ভধারণের জন্য ডমিন্যান্ট ফলিকলের আকার ১৮ থেকে ২০ মিমি হওয়া প্রয়োজন। আমাদের আল্ট্রাসাউন্ড রিপোর্টে আপনার ফলিকলের আকার মিমি নাকি সেমি তা সতর্কতার সাথে দেখুন। আপনার ইটি (ET) ৬ মিমি, যা স্বাভাবিক। যদি আপনার ফলিকলের পরিমাপ সেমিতে হয়, তবে এটি সঠিক ফলিকুলার আকার এবং গর্ভধারণের সম্ভাবনা খুবই বেশি। যদি এটি ১৮ থেকে ২০ মিমি হয়, তবে ফলিকল ফেটে যাওয়ার জন্য আপনি ৫০০০ ইউনিটের একটি নাসেনিয়া ডক ইনজেকশন নিতে পারেন এবং ৫ দিন প্রতিদিন মিলন করতে পারেন। আপনার জন্য শুভকামনা রইল এবং নিজের যত্ন নেবেন।"
82285,"হেলো, নাসেনিয়া ডককে জিজ্ঞাসা করার জন্য ধন্যবাদ। আমি আপনার সমস্যাটি বুঝতে পারছি, এটি এমন একটি পর্যায় যা প্রতিটি শরীরের জীবনেই আসার সম্ভাবনা থাকে, তবে আত্মবিশ্বাস এবং মনোবল না হারিয়ে শান্ত ও স্থির মনের সাথে এর মোকাবিলা করতে হবে। আপনার মানসিক চাপের মাত্রা কম রাখুন, নেতিবাচক চিন্তা বন্ধ করুন, আপনার আত্মবিশ্বাস ফিরিয়ে আনুন, পর্যাপ্ত ঘুমানোর চেষ্টা করুন, স্বাস্থ্যকর খাবার খান, স্বাস্থ্যকর চিন্তা করুন, আপনি এটি করতে পারবেন, এটি করা কঠিন নয়। আশা করি এই তথ্যটি আপনাকে সাহায্য করবে, আপনার দিনটি ভালো কাটুক।"
35842,"হেলো, কারো সাথে কথা বলার সময় আপনার উদ্বেগ এবং মানসিক চাপের সমস্যা হচ্ছে। আপনি সঠিকভাবে কথা বলতে এবং কথোপকথন করতে পারছেন না। এটি উল্লেখযোগ্য মানসিক কষ্টের কারণ হচ্ছে এবং আপনি মানুষকে এড়িয়ে চলতে শুরু করেছেন। এই সমস্যার কারণে আপনাকে বেশিরভাগ সময় বাড়িতে একা থাকতে হয়। প্রাপ্ত ইতিহাস থেকে আমি এই সিদ্ধান্তে আসতে পারি যে সম্ভবত আপনার সোশ্যাল ফোবিয়া ডিসঅর্ডার রয়েছে। এটি এক ধরণের উদ্বেগজনিত ব্যাধি এবং ব্যক্তিদের কথোপকথন করতে অসুবিধা হয়, এবং তারা জনসমক্ষে বা উপস্থাপনায় কথা বলতে পারে না। গুরুতর ক্ষেত্রে, বিব্রত হওয়ার ভয়ে তারা বাড়ির বাইরে বের হতেও পারে না। এই ব্যাধির ব্যবস্থাপনার জন্য একজন মনোরোগ বিশেষজ্ঞের পরামর্শ নিন। সারট্রালিন, এসসিটালোপ্রাম, ফ্লুওক্সেটিন ইত্যাদির মতো এসএসআরআই অ্যান্টি-ডিপ্রেসেন্ট ওষুধগুলো সাধারণত এই ব্যাধিতে ব্যবহৃত হয়। প্রোপানোললের মতো অন্যান্য ওষুধও কার্যকর। এটি নাসেনিয়া ডক। একজন মনোবিজ্ঞানীর মাধ্যমে আচরণগত থেরাপি এবং অ্যাসারটিভ ট্রেনিংও চিকিৎসার একটি মাধ্যম হিসেবে ব্যবহৃত হয়। ধন্যবাদ, আশা করি এটি আপনাকে সাহায্য করবে।"
42730,"নাসেনিয়া ডকে আপনার প্রশ্নের জন্য ধন্যবাদ। আমি আপনার উদ্বেগ বুঝতে পারছি। প্রথমত, ফুসফুসের ক্যান্সার এবং খাদ্যনালীর বিস্তার নিয়ে চিন্তা করবেন না, কারণ আপনার বয়সে ধূমপানের অভ্যাস না থাকলে ফুসফুসের ক্যান্সার হওয়ার সম্ভাবনা অত্যন্ত কম। তাই ফুসফুসের ক্যান্সার নিয়ে চিন্তা করবেন না। অল্প বয়সী ব্যক্তিদের শ্বাসকষ্ট এবং বুকে ব্যথা সাধারণত হাঁপানির কারণে হয়ে থাকে। তাই একজন পালমোনোলজিস্টের (ফুসফুস বিশেষজ্ঞ) সাথে পরামর্শ করা এবং শ্বাসযন্ত্রের ক্লিনিকাল পরীক্ষা, বুকের এক্স-রে এবং পিএফটি (পালমোনারি ফাংশন টেস্ট) করানো ভালো। যদি বুকের এক্স-রে স্বাভাবিক থাকে, তবে ফুসফুসের ক্যান্সার নিয়ে চিন্তার কিছু নেই। হাঁপানি নির্ণয়ের জন্য পিএফটি অপরিহার্য। চিন্তা করবেন না, ইনহেলড ব্রঙ্কোডাইলেটর এবং ইনহেলড কর্টিকোস্টেরয়েড নিলে আপনি সুস্থ হয়ে উঠবেন। আশা করি আমি আপনার প্রশ্নের সমাধান করতে পেরেছি। আপনাকে আরও সাহায্য করতে পারলে আমি খুশি হব। আপনার সুস্বাস্থ্য কামনা করি। ধন্যবাদ।"
43888,"হেলো, আপনার সংক্ষিপ্ত ইতিহাস প্রদানের জন্য ধন্যবাদ। একটি পুঙ্খানুপুঙ্খ ক্লিনিকাল মাস্কুলোস্কেলিটাল মূল্যায়ন করার পরামর্শ দেওয়া হচ্ছে। যেহেতু আপনি ৬ ফুট উচ্চতা থেকে পড়ে গিয়েছিলেন, তাই আপনার পেশীতে মারাত্মক আঘাত লেগে থাকতে পারে এবং এর জন্যও একটি পুঙ্খানুপুঙ্খ মূল্যায়ন প্রয়োজন। এছাড়া, বসে থাকা এবং ঝুঁকে কাজ করার সময় যদি আপনার ব্যথা হয়, তবে এটি পড়ে যাওয়ার পরবর্তী সমস্যা হতে পারে যা সেরে উঠতে নিজস্ব সময় নেবে এবং ওষুধ আপনাকে ব্যথা কমাতে সাহায্য করতে পারে। ক্লিনিকাল পরীক্ষার সময় যদি কোনো হাড়ের আঘাত পাওয়া যায়, তবে এক্স-রে করার পরামর্শ দেওয়া হতে পারে এবং সেই অনুযায়ী চিকিৎসার পরিকল্পনা করা হবে। শুভেচ্ছা, জে, ইন নাসেনিয়া ডক।"
27843,"হেলো, আপনার প্রশ্নটি পড়েছি এবং আপনার সমস্যাটি বুঝতে পারছি। টেম্পোরোম্যান্ডিবুলার জয়েন্ট ডিসঅর্ডার সাধারণত খাওয়ার অসুবিধা এবং চ্যাট ডাক্তারের সাথে সম্পর্কিত। আমি আপনাকে পরামর্শ দেব যত দ্রুত সম্ভব একজন ওরাল সার্জনের সাথে দেখা করুন এবং আরও জটিলতা এড়াতে দ্রুত চিকিৎসা নিন। ব্যথা কমানোর জন্য আমি কয়েকটি সম্ভাবনার পরামর্শ দিচ্ছি যেমন"
43600,"হেলো, নাসেনিয়া ডকে আপনার প্রশ্নের জন্য ধন্যবাদ। সার্ভিকাল মেরুদণ্ড সংক্রান্ত সমস্যাগুলো সাধারণত লাম্বার স্পাইনের সমস্যার চেয়ে বেশি নিয়ন্ত্রণযোগ্য। যদি আপনার ব্যথা নিয়ন্ত্রণযোগ্য হয় এবং আপনার দৈনন্দিন কাজে কোনো ব্যাঘাত না ঘটায়, তবে আমার মনে হয় আপনি অপেক্ষা করতে পারেন। আমি আপনাকে ধাপে ধাপে ফিজিওথেরাপি, আইসোমেট্রিক সার্ভিকাল ব্যায়াম এবং ব্যথানাশক ওষুধ ব্যবহার করার পরামর্শ দিচ্ছি। ইনজেকশনও যথেষ্ট আরাম দিতে পারে। মেরুদণ্ডের ব্যথার জায়গায় অস্ত্রোপচারের পর্যায়ে পৌঁছানোর আগে অনেক পদক্ষেপ নিতে হয়। অস্ত্রোপচার হওয়া উচিত শেষ অবলম্বন। আপনার এমআরআই রিপোর্টে এটি নিয়ন্ত্রণযোগ্য বলে মনে হচ্ছে। যদি কোনো দুর্বলতা, অসহ্য ব্যথা, ধাপে কোনো উন্নতি না হয় এবং ভারসাম্য সংক্রান্ত কোনো সমস্যা দেখা দেয়, তবেই জরুরি অস্ত্রোপচারের প্রয়োজন হতে পারে। আশা করি এটি আপনাকে সাহায্য করবে। আপনার জন্য শুভকামনা রইল। শুভেচ্ছা, নাসেনিয়া ডক।"
104256,"নাসেনিয়া ডকে আপনার প্রশ্নের জন্য ধন্যবাদ। আমি আপনার পরিস্থিতি এবং সমস্যাটি বুঝতে পারছি। হৃদরোগ ছাড়াও এই ধরনের হঠাৎ বুকে ব্যথা ১. পেশীর টান বা সংকোচন এবং ২. পাঁজরের সংকোচনের ক্ষেত্রে দেখা যায়। অস্বস্তিকর বসার অবস্থানে এই দুটিই হওয়া সম্ভব। তাই আপনার অস্বস্তিকর বসার ভঙ্গির কারণে ব্যথা হতে পারে। যেহেতু অ্যাসপিরিনেও ব্যথানাশক উপাদান রয়েছে, তাই এটি সেবনে আপনার ব্যথা কমে যায়, যা পেশী বা হাড়ের সমস্যার দিকেই বেশি ইঙ্গিত করে। তবে হৃদরোগের সম্ভাবনা নাকচ করার জন্য আমি আপনাকে একটি ইসিজি (ECG) করানোর পরামর্শ দিচ্ছি। যেহেতু আপনার বয়স ৫৫ বছরের বেশি, নারী লিঙ্গ ইত্যাদির মতো হৃদরোগের ঝুঁকির কারণ রয়েছে।"
68773,"নাসেনিয়া ডকে আপনাকে স্বাগতম। পিঠের ব্যথা মাস্কুলোস্কেলিটাল বা পেশী ও হাড়ের সমস্যার কারণে হতে পারে, যদিও মেরুদণ্ডের নার্ভ রুট সংকোচনের সম্ভাবনাও উড়িয়ে দেওয়া যায় না। ফ্যাটি লিভারের কারণে ডানদিকের সাবকোস্টাল এলাকায় মাঝারি ব্যথা হতে পারে এবং হাইপেরিয়ন নাসেনিয়া ডক। লিভারের সমস্যার ব্যবস্থাপনার মধ্যে জীবনযাত্রার পরিবর্তন অন্তর্ভুক্ত থাকবে, যেমন প্রচুর ফল ও শাকসবজিসহ কম চর্বিযুক্ত খাবার গ্রহণ করা। প্রতিদিন ৪৫ মিনিট দ্রুত হাঁটার মতো নিয়মিত ব্যায়াম সাহায্য করবে। পিঠের ব্যথার কারণ অনুসন্ধান করে চিকিৎসা করা প্রয়োজন, ডাক্তারের সাথে দেখা করার আগ পর্যন্ত আইবুপ্রোফেনের মতো এনএসএআইডি (NSAIDs) ব্যবহার করা সহায়ক হবে।"
3419,"হেলো, আপনার সমস্যা সমাধানে সাহায্য করতে পেরে আমি আনন্দিত। প্রথমে, প্রোটিন সমৃদ্ধ স্বাস্থ্যকর খাবার গ্রহণ করুন। আপনি ভিটামিন এবং অ্যান্টিঅক্সিডেন্ট সমৃদ্ধ সাপ্লিমেন্টও নিতে পারেন। সপ্তাহে অন্তত দুবার চুল ধুয়ে ফেলুন যাতে আপনার মাথার ত্বক পরিষ্কার থাকে। আপনি যদি কন্ডিশনার ব্যবহার করেন, তবে তা মাথার ত্বকে লাগাবেন না। আপনার মনকে শান্ত রাখতে কিছু যোগব্যায়াম করার চেষ্টা করুন, কারণ এটি আপনার শারীরিক স্বাস্থ্যের ওপর ইতিবাচক প্রভাব ফেলবে। আশা করি এটি সাহায্য করবে। নিজের যত্ন নেবেন।"
31978,"আপনার ছেলের খিঁচুনির সমস্যা হচ্ছে। এটি বিভিন্ন কারণে হতে পারে। সঠিক ওষুধের মাধ্যমে এটি নিয়ন্ত্রণ করা সম্ভব। আমি আপনাকে অবিলম্বে একজন স্নায়ুরোগ বিশেষজ্ঞের (নিউরোলজিস্ট) সাথে পরামর্শ করার পরামর্শ দেব, যিনি আপনার সন্তানকে পরীক্ষা করবেন এবং নির্দেশিত অ্যান্টি-কনভালসিভ ওষুধ দেবেন, যা এই কন্ডিশনার নিয়ন্ত্রণে আপনাকে সাহায্য করবে। আপনার সন্তানের নিরাপত্তা নিশ্চিত করার জন্য কিছু সতর্কতা অবলম্বন করা উচিত- ১. খিঁচুনির নির্দিষ্ট কারণগুলো খুঁজে বের করার চেষ্টা করুন। সম্ভব হলে সেগুলো এড়িয়ে চলুন। ২. পুল, সিঁড়ি, বিদ্যুৎ বা তাপের উৎস, ট্রাফিক ইত্যাদির মতো উচ্চ ঝুঁকিপূর্ণ জায়গাগুলো এড়িয়ে চলুন। যদি এড়িয়ে চলা সম্ভব না হয়, তবে এমন জায়গায় থাকার সময় আপনার সন্তানকে পর্যবেক্ষণে রাখুন। ৩. বাথরুম ব্যবহারের সময়ও আপনার ছেলেকে কখনোই নিজেকে লক করবেন না। তাকে দরজা খোলা রাখতে বলুন। ৪. একবার ডাক্তারের কাছে যাওয়ার পর এবং সমস্যার সমস্ত দিক বিশ্লেষণ করা হলে, আপনার ছেলের শিক্ষক, প্রশিক্ষক, কেয়ারটেকার ইত্যাদির সাথে এই সতর্কতা ও ব্যবস্থাপনা নিয়ে আলোচনা করুন।"
84226,"হেলো। নাসেনিয়া ডকে আপনাকে স্বাগতম। আমি আপনার প্রশ্নটি দেখেছি এবং আপনার উদ্বেগ বুঝতে পারছি। আপনার অভিযোগ অনুযায়ী, যেহেতু ব্রিজটি ভেঙে গেছে এবং যে দাঁতগুলোতে ব্রিজটি সিমেন্ট করা হয়েছিল, সেগুলোতে যদি কোনো ব্যথা না থাকে, তবে সব দাঁতে রুট ক্যানেল চিকিৎসা পুনরায় করা কিছুটা প্রশ্নবিদ্ধ। আপনাকে আরও ভালোভাবে পরামর্শ দেওয়ার জন্য আমি ওই অঞ্চলের এক্স-রে দেখতে চাই, কারণ শুধুমাত্র তখনই আমি নিশ্চিত হতে পারব যে রুট ক্যানেল চিকিৎসা পুনরায় করার প্রয়োজন আছে কি না। আপনি একজন এন্ডোডনটিস্টের পরামর্শও নিতে পারেন, যিনি এক্স-রে করে আপনাকে কী করতে হবে সে বিষয়ে পরামর্শ দিতে পারবেন। দাঁতগুলোতে পুনরায় রুট ক্যানেল চিকিৎসার প্রয়োজন আছে কি না, তা নিশ্চিত হওয়ার পরেই ব্রিজটি প্রতিস্থাপন করা সম্ভব। সামনের ৬টি দাঁত, যেগুলোতে রিমুভেবল ডেনচার রয়েছে, সেগুলোর ক্ষেত্রে স্থায়ী ব্রিজ তখনই বসানো যেতে পারে যদি যে দাঁতগুলোতে ব্রিজটি সিমেন্ট করা হবে সেগুলো ভালো অবস্থায় থাকে কি না, কারণ সেগুলোর হাড়ের সাপোর্ট আছে কি না, যাতে সেগুলো চাপ সহ্য করতে পারে। এটি ক্লিনিকাল মূল্যায়ন এবং ব্রিজটি সিমেন্ট করার জন্য প্রস্তুত করা দাঁতগুলোর এক্স-রে দ্বারা নিশ্চিত করা যেতে পারে। একটি সঠিকভাবে তৈরি ব্রিজ যা ভালো হাড়ের সাপোর্ট দিয়ে বসানো হয়, তা দীর্ঘায়ু লাভ করবে এবং এটি বসানোর পর কোনো সমস্যা সৃষ্টি করবে না। আপনি যদি চিকিৎসার আগে সঠিক পরামর্শ পেতে চান, তবে আমার প্রোফাইলে গিয়ে সংশ্লিষ্ট এক্স-রেসহ আপনার প্রশ্নটি লিখে সরাসরি আমাকে পাঠাতে পারেন, যাতে আমি আপনাকে সঠিকভাবে পরামর্শ দিতে পারি এবং সঠিকভাবে চিকিৎসা পেতে পারেন। আশা করি এই তথ্যটি আপনার উপকারে আসবে। যদি আপনি উত্তরটি সহায়ক মনে করেন, তবে অনুগ্রহ করে আমাকে ফাইভ-স্টার রিভিউ দিন এবং কৃতজ্ঞতাস্বরূপ 'ফাউন্ড দ্য"
13730,"হেলো প্রিয়, আমি আপনার প্রশ্নটি দেখেছি এবং আপনার উদ্বেগগুলো বুঝতে পেরেছি। গর্ভাবস্থার শুরুর দিকে পেটে আঘাত গর্ভপাতের কারণ হতে পারে। গর্ভপাত বা কোরিওনিক হেমোরেজের ক্ষেত্রে স্পটিং বা রক্তপাত হতে পারে। রোগ নির্ণয় নিশ্চিত করতে এবং যথাযথ চিকিৎসার জন্য তার একটি ট্রান্সভ্যাজাইনাল আল্ট্রাসাউন্ড করানো উচিত। গর্ভাবস্থার এই প্রাথমিক পর্যায়ে আঘাত ভ্রূণের কোনো মানসিক আঘাতের কারণ হয় না। আশা করি উত্তরটি আপনার কাজে আসবে। শুভেচ্ছা, নাসেনিয়া ডক।"
12549,"হেলো প্রিয়!! নাসেনিয়া ডকে আপনার অনুসন্ধানের জন্য ধন্যবাদ। আপনার অনুসন্ধান এবং স্বাস্থ্য সংক্রান্ত উদ্বেগগুলো পড়েছি এবং পর্যালোচনা করেছি। আপনার বর্তমান পরিস্থিতিতে, মনে হচ্ছে আপনি অ্যাডেনয়েড, সাইনোসাইটিস এবং পোস্ট-নাসাল ড্রিপের সমস্যায় ভুগছেন। তবে এটি হাঁপানি নয়। আপনার সমস্যা সমাধানের জন্য ইএনটি সার্জনের পরামর্শ এবং চিকিৎসকদের দলের মাধ্যমে জিইআরডি (GERD)/আইবিএস (IBS) সম্পর্কিত অন্যান্য কারণগুলো বাদ দেওয়া প্রয়োজন। আশা করি এটি আপনার এই জটিল অসুস্থতার পরবর্তী পরিকল্পনা করতে সাহায্য করবে। প্রয়োজনে, নিচের নাসেনিয়া ডক লিঙ্কে সরাসরি প্রশ্ন করে ২৪x৭ যেকোনো স্বাস্থ্য সমস্যা সম্পর্কে আপডেট জানান। প্রিয়, যদি সন্তুষ্ট হন, তবে এই উত্তর এবং পরিষেবাকে রেট দেওয়ার জন্য আপনার সুন্দর মতামত দিয়ে এই অনুসন্ধানটি বন্ধ করতে ভুলবেন না, যাতে আপনার মতো আগত জরুরি রোগীদের মনোবল বৃদ্ধি পায়। আপনি যদি আরও বিস্তারিত জানাতে চান এবং আরও প্রশ্ন করতে চান, তবে আপনাকে এখানে স্বাগত জানাই!! দিনটি ভালো কাটুক!! ভবিষ্যতে সুস্বাস্থ্য কামনা করছি!!"
31803,"হেলো, এই ধরনের ব্যথা নিম্নলিখিত কারণগুলোর জন্য হতে পারে"
73084,"হেলো, ইতিহাস থেকে আমি যা বুঝতে পেরেছি তা হলো, কনিষ্ঠ আঙুলে এই ঝিঁঝিঁ ধরা বা অসাড়তা সার্ভিকাল অঞ্চলে স্নায়ুর ওপর চাপের ইঙ্গিত দেয়। স্নায়ুর দুটি কাজ রয়েছে - মোটর এবং সেন্সরি। মোটর কাজ পেশির নড়াচড়ার সাথে সম্পর্কিত এবং সেন্সরি কাজ হলো - ব্যথা, স্পর্শ, ঝিঁঝিঁ ধরা, অসাড়তা এবং তাপমাত্রা নিয়ন্ত্রণ। আপনার ক্ষেত্রে, সেন্সরি এবং মোটর উভয়ই ক্ষতিগ্রস্ত হচ্ছে। একটি এমআরআই (MRI) করালে সার্ভিকাল মেরুদণ্ডে সফট টিস্যু ইনজুরির মাত্রা ও মাত্রা বোঝা সহজ হবে। এরপর একজন নির্দেশিত ফিজিওথেরাপিস্টের অধীনে ব্যায়াম করলে আপনি চমৎকার ফলাফল পাবেন। আমার ১২ বছরের অভিজ্ঞতায় দেখেছি, সঠিক রোগ নির্ণয় এবং চিকিৎসার পর মানুষ সুস্থ হয়ে ওঠে এবং চমৎকার ফলাফল পাওয়া যায়। আশা করি আমি আপনার প্রশ্নের উত্তর দিতে পেরেছি। আমি আপনাকে আরও কোনোভাবে সাহায্য করতে পারি কিনা জানাবেন। জে ইন নাসেনিয়া ডক।"
72254,"হেলো এবং নাসেনিয়া ডকে আপনাকে স্বাগতম। আপনার অনুসন্ধানের জন্য ধন্যবাদ। আমি নাসেনিয়া ডক এবং আমি আপনাকে যথাসাধ্য সাহায্য করার চেষ্টা করব। পিত্তথলির পাথর বেরিয়ে আসা সম্ভব, তবে এটি সাধারণ নয় এবং সাধারণত এগুলো পিত্তথলিতে থেকে যায়, বৃদ্ধি পায় এবং ভবিষ্যতে উপসর্গ সৃষ্টি করতে পারে। তাই আমরা পিত্তথলি অস্ত্রোপচারের মাধ্যমে অপসারণের পরামর্শ দিই, যা আজকাল বেশিরভাগ ক্ষেত্রে ল্যাপারোস্কোপিক পদ্ধতিতে করা যেতে পারে। আপনি অপেক্ষা করে দেখার সিদ্ধান্তও নিতে পারেন, তবে সেক্ষেত্রে আপনার পিত্তথলির প্রদাহের ঝুঁকি থাকে। আমি আশা করি আমি আপনার প্রশ্নের উত্তর দিতে পেরেছি। আপনার যদি আরও কোনো প্রশ্ন থাকে তবে আপনি আমাদের সাথে যোগাযোগ করতে পারেন। আন্তরিক শুভেচ্ছা। আপনার সুস্বাস্থ্য কামনা করি।"
98077,"হেলো, নাসেনিয়া ডকে লেখার জন্য ধন্যবাদ। আপনার সিটি স্ক্যানে মস্তিষ্কে একটি এয়ার পকেট দেখা গেছে - যা নিউমোসেফালাস নামেও পরিচিত। এর সবচেয়ে সাধারণ কারণগুলো হলো আঘাত - যেমনটি আপনার ক্ষেত্রে হয়েছে এবং নিউরোসার্জারি। এটি তখন ঘটে যখন মাথার খুলি বা প্যারা-নাসাল সাইনাসে ফ্র্যাকচার হয় এবং বাইরের বাতাস মস্তিষ্কের গহ্বরে প্রবেশ করে। এটি সাধারণত গুরুতর নয়, যদি না টেনশন নিউমোসেফালাস নামক কোনো সমস্যা তৈরি হয় (মস্তিষ্কে অতিরিক্ত চাপের লক্ষণ)। অন্যথায়, বেশিরভাগ রোগীর ক্ষেত্রে এটি উপসর্গহীন থাকে এবং বাতাস ধীরে ধীরে শোষিত হয়ে যায়। আশা করি আমি আপনার প্রশ্নের উত্তর দিতে পেরেছি। আপনার আরও কোনো প্রশ্ন থাকলে অবশ্যই লিখবেন। আপনার দ্রুত আরোগ্য কামনা করছি।"
96905,"প্রিয় মহোদয়/মহোদয়া, আপনার প্রশ্নটি দেখেছি এবং আপনার উপসর্গগুলো পড়েছি। আমার মতে, আপনার উপসর্গগুলোর দিকে নজর দেওয়া প্রয়োজন, কারণ এগুলো এক্সটেনসর টেন্ডন টেনোসিনোভাইটিস বা মেটাকার্পালের সংক্রমণের কারণে হতে পারে, যার জন্য আপনার একটি এক্স-রেও প্রয়োজন হবে। বেশিরভাগ ক্ষেত্রেই এটি নিরাময়যোগ্য এবং আপনাকে শুধু নিজের যত্ন নিতে হবে এবং একজন হ্যান্ড সার্জনের পরামর্শ নিতে হবে। আশা করি এটি আপনার প্রশ্নের উত্তর দিয়েছে। আপনার যদি আরও কোনো স্পষ্টীকরণের প্রয়োজন হয়, তবে আমার সাথে পুনরায় যোগাযোগ করুন। নাসেনিয়া ডক।"
107470,"হেলো, যদিও ক্লোনিডিন উচ্চ রক্তচাপের একটি ওষুধ, যা স্পাস্টিসিটি বা আড়ষ্টতা কমাতে সাহায্য করতে পারে, তবে এর বেশ কিছু পার্শ্বপ্রতিক্রিয়া রয়েছে যা উপরের উদ্দেশ্যে সেবনের সময় অনুভূত হতে পারে। উচ্চ রক্তচাপের জন্য প্রথম সারির ওষুধগুলো হলো ডার্বি এবং অ্যামলোডিপাইন, যা রক্তচাপ আরও ভালোভাবে নিয়ন্ত্রণে রাখার জন্য সমন্বয় করা যেতে পারে। উচ্চ মাত্রায় ক্লোনিডিন সেবন করলে হাইপোটেনশন হতে পারে, যা উপকারী নয় এবং আপনার আগে স্ট্রোক হওয়ার কারণে এটি ক্ষতিকর হতে পারে। আমি আপনাকে আপনার ডাক্তারের সাথে পরামর্শ করার পরামর্শ দিচ্ছি, কারণ ক্লোনিডিন ছাড়াও এমন অন্যান্য ওষুধ রয়েছে যা স্পাস্টিসিটি কমাতে সাহায্য করে, যেগুলোর পার্শ্বপ্রতিক্রিয়া কম। আশা করি আমি আপনার প্রশ্নের উত্তর দিতে পেরেছি। আমি আপনাকে আরও কোনোভাবে সাহায্য করতে পারি কিনা তা জানাবেন।"
82760,"হেলো প্রিয়, মনে হচ্ছে একটোপিক প্রেগন্যান্সির ল্যাপারোস্কোপিক ব্যবস্থাপনার সময় আপনার টিউবাল মেরামত বা অপসারণ করা হয়েছিল। যখন এটি ল্যাপারোস্কোপের মাধ্যমে করা হয়, তখন টিউব এবং এর আশেপাশের টিস্যুর ক্ষতি অনেক কমে যায় এবং গর্ভধারণের সম্ভাবনা ভালো থাকে। আপনার আগের গর্ভাবস্থাগুলো স্বাভাবিক ছিল। তাই আপনার ডিম্বাণু উৎপাদনে কোনো সমস্যা হওয়ার কথা নয়। আপনাকে প্রজেস্টেরন দেওয়া হয়েছে যা গর্ভাবস্থাকে স্থিতিশীল করতে সাহায্য করে। ভ্যালেট-এ মিথাইলেজ, মায়ো-ইনোসিটল এবং ভিটামিন ডি৩ থাকে। এই ট্যাবলেটগুলো ফলিক অ্যাসিড সাপ্লিমেন্টের জন্য দেওয়া হয়। এটি কোরিওনিক টিস্যুর ভালো বৃদ্ধিতেও সাহায্য করে যা শিশুকে মায়ের জরায়ুতে সংযুক্ত করে। আপনার প্রজনন নালী - বিশেষ করে টিউবগুলো খোলা আছে কিনা তা জানার চেষ্টা করুন। যেহেতু আপনার একটোপিক প্রেগন্যান্সি হয়েছে, সম্ভবত কেবল একটি টিউবই খোলা থাকার সম্ভাবনা রয়েছে। যদি সেটিও বন্ধ থাকে, তবে আপনাকে টিউবের পুনর্গঠনমূলক অস্ত্রোপচার করাতে হবে। হিস্টেরোসাল্পিংোগ্রাফি এবং/অথবা ল্যাপারোস্কোপির মাধ্যমে টিউব খোলা আছে কিনা তা মূল্যায়ন করা যেতে পারে। যদি অন্তত একটি টিউব খোলা থাকে, তবে অনুগ্রহ করে ওভুলেশন মনিটরিংয়ের জন্য আল্ট্রাসনোগ্রাফি করান। ওভুলেশনের দিন এবং তার আশেপাশে শারীরিক সম্পর্ক স্থাপনের পরিকল্পনা করুন। যদি ডিম্বাণু নির্গত না হয়, তবে আপনাকে ক্লোমিফেন সাইট্রেট বা এইচএমজি-এর মতো ওষুধ সেবন করতে হবে। যদি আপনাকে উল্লেখযোগ্য ওজন (মাসে ৩ কেজি) দেওয়া হয়, তবে অনুগ্রহ করে পলিসিস্টিক ওভারিয়ান সিনড্রোমের কোনো প্রমাণ আছে কিনা তা খুঁজে বের করুন। ওভ"
