id,output
34654,"হেলো, নাসেনিয়া ডকে আপনাকে স্বাগতম। আপনার অনুসন্ধানের জন্য ধন্যবাদ। আমি আপনার প্রশ্নটি দেখেছি এবং আপনার উদ্বেগ বুঝতে পেরেছি। আমি যথাসাধ্য আপনাকে সাহায্য করার চেষ্টা করব। আপনার বর্ণনা করা লক্ষণগুলো বিভিন্ন কারণে হতে পারে এবং এর সঠিক কারণ নির্ণয়ের জন্য একটি বিস্তারিত পরীক্ষা প্রয়োজন। তাই আমি আপনাকে একজন বিশেষজ্ঞ ডাক্তারের সাথে সরাসরি পরামর্শ করার পরামর্শ দিচ্ছি। প্রয়োজনীয় পরীক্ষা-নিরীক্ষা করানো উচিত এবং রিপোর্ট অনুযায়ী চিকিৎসা শুরু করা যেতে পারে। এই সময়ে পর্যাপ্ত বিশ্রাম নিন, প্রচুর পানি পান করুন এবং স্বাস্থ্যকর খাবার খান। ডাক্তারের পরামর্শ ছাড়া কোনো ওষুধ সেবন করবেন না। যদি সমস্যা বাড়তে থাকে বা তীব্র হয়, তাহলে দেরি না করে দ্রুত ডাক্তারের শরণাপন্ন হন। আশা করি এই উত্তরটি আপনাকে সাহায্য করবে। আরও কোনো প্রশ্ন থাকলে নির্দ্বিধায় জিজ্ঞাসা করতে পারেন। ধন্যবাদ।"
3116,"হেলো, নাসেনিয়া ডকে আপনাকে স্বাগতম। আপনার অনুসন্ধানের জন্য ধন্যবাদ। আমি আপনার প্রশ্নটি দেখেছি এবং আপনার উদ্বেগ বুঝতে পেরেছি। আমি যথাসাধ্য আপনাকে সাহায্য করার চেষ্টা করব। আপনার বর্ণনা করা লক্ষণগুলো বিভিন্ন কারণে হতে পারে এবং এর সঠিক কারণ নির্ণয়ের জন্য একটি বিস্তারিত পরীক্ষা প্রয়োজন। তাই আমি আপনাকে একজন বিশেষজ্ঞ ডাক্তারের সাথে সরাসরি পরামর্শ করার পরামর্শ দিচ্ছি। প্রয়োজনীয় পরীক্ষা-নিরীক্ষা করানো উচিত এবং রিপোর্ট অনুযায়ী চিকিৎসা শুরু করা যেতে পারে। এই সময়ে পর্যাপ্ত বিশ্রাম নিন, প্রচুর পানি পান করুন এবং স্বাস্থ্যকর খাবার খান। ডাক্তারের পরামর্শ ছাড়া কোনো ওষুধ সেবন করবেন না। যদি সমস্যা বাড়তে থাকে বা তীব্র হয়, তাহলে দেরি না করে দ্রুত ডাক্তারের শরণাপন্ন হন। আশা করি এই উত্তরটি আপনাকে সাহায্য করবে। আরও কোনো প্রশ্ন থাকলে নির্দ্বিধায় জিজ্ঞাসা করতে পারেন। ধন্যবাদ।"
59478,"হেলো, নাসেনিয়া ডকে আপনাকে স্বাগতম। আপনার অনুসন্ধানের জন্য ধন্যবাদ। আমি আপনার প্রশ্নটি দেখেছি এবং আপনার উদ্বেগ বুঝতে পেরেছি। আমি যথাসাধ্য আপনাকে সাহায্য করার চেষ্টা করব। আপনার বর্ণনা করা লক্ষণগুলো বিভিন্ন কারণে হতে পারে এবং এর সঠিক কারণ নির্ণয়ের জন্য একটি বিস্তারিত পরীক্ষা প্রয়োজন। তাই আমি আপনাকে একজন বিশেষজ্ঞ ডাক্তারের সাথে সরাসরি পরামর্শ করার পরামর্শ দিচ্ছি। প্রয়োজনীয় পরীক্ষা-নিরীক্ষা করানো উচিত এবং রিপোর্ট অনুযায়ী চিকিৎসা শুরু করা যেতে পারে। এই সময়ে পর্যাপ্ত বিশ্রাম নিন, প্রচুর পানি পান করুন এবং স্বাস্থ্যকর খাবার খান। ডাক্তারের পরামর্শ ছাড়া কোনো ওষুধ সেবন করবেন না। যদি সমস্যা বাড়তে থাকে বা তীব্র হয়, তাহলে দেরি না করে দ্রুত ডাক্তারের শরণাপন্ন হন। আশা করি এই উত্তরটি আপনাকে সাহায্য করবে। আরও কোনো প্রশ্ন থাকলে নির্দ্বিধায় জিজ্ঞাসা করতে পারেন। ধন্যবাদ।"
56450,"হেলো, নাসেনিয়া ডকে আপনাকে স্বাগতম। আপনার অনুসন্ধানের জন্য ধন্যবাদ। আমি আপনার প্রশ্নটি দেখেছি এবং আপনার উদ্বেগ বুঝতে পেরেছি। আমি যথাসাধ্য আপনাকে সাহায্য করার চেষ্টা করব। আপনার বর্ণনা করা লক্ষণগুলো বিভিন্ন কারণে হতে পারে এবং এর সঠিক কারণ নির্ণয়ের জন্য একটি বিস্তারিত পরীক্ষা প্রয়োজন। তাই আমি আপনাকে একজন বিশেষজ্ঞ ডাক্তারের সাথে সরাসরি পরামর্শ করার পরামর্শ দিচ্ছি। প্রয়োজনীয় পরীক্ষা-নিরীক্ষা করানো উচিত এবং রিপোর্ট অনুযায়ী চিকিৎসা শুরু করা যেতে পারে। এই সময়ে পর্যাপ্ত বিশ্রাম নিন, প্রচুর পানি পান করুন এবং স্বাস্থ্যকর খাবার খান। ডাক্তারের পরামর্শ ছাড়া কোনো ওষুধ সেবন করবেন না। যদি সমস্যা বাড়তে থাকে বা তীব্র হয়, তাহলে দেরি না করে দ্রুত ডাক্তারের শরণাপন্ন হন। আশা করি এই উত্তরটি আপনাকে সাহায্য করবে। আরও কোনো প্রশ্ন থাকলে নির্দ্বিধায় জিজ্ঞাসা করতে পারেন। ধন্যবাদ।"
86380,"হেলো, নাসেনিয়া ডকে আপনাকে স্বাগতম। আপনার অনুসন্ধানের জন্য ধন্যবাদ। আমি আপনার প্রশ্নটি দেখেছি এবং আপনার উদ্বেগ বুঝতে পেরেছি। আমি যথাসাধ্য আপনাকে সাহায্য করার চেষ্টা করব। আপনার বর্ণনা করা লক্ষণগুলো বিভিন্ন কারণে হতে পারে এবং এর সঠিক কারণ নির্ণয়ের জন্য একটি বিস্তারিত পরীক্ষা প্রয়োজন। তাই আমি আপনাকে একজন বিশেষজ্ঞ ডাক্তারের সাথে সরাসরি পরামর্শ করার পরামর্শ দিচ্ছি। প্রয়োজনীয় পরীক্ষা-নিরীক্ষা করানো উচিত এবং রিপোর্ট অনুযায়ী চিকিৎসা শুরু করা যেতে পারে। এই সময়ে পর্যাপ্ত বিশ্রাম নিন, প্রচুর পানি পান করুন এবং স্বাস্থ্যকর খাবার খান। ডাক্তারের পরামর্শ ছাড়া কোনো ওষুধ সেবন করবেন না। যদি সমস্যা বাড়তে থাকে বা তীব্র হয়, তাহলে দেরি না করে দ্রুত ডাক্তারের শরণাপন্ন হন। আশা করি এই উত্তরটি আপনাকে সাহায্য করবে। আরও কোনো প্রশ্ন থাকলে নির্দ্বিধায় জিজ্ঞাসা করতে পারেন। ধন্যবাদ।"
77109,"হেলো, নাসেনিয়া ডকে আপনাকে স্বাগতম। আপনার অনুসন্ধানের জন্য ধন্যবাদ। আমি আপনার প্রশ্নটি দেখেছি এবং আপনার উদ্বেগ বুঝতে পেরেছি। আমি যথাসাধ্য আপনাকে সাহায্য করার চেষ্টা করব। আপনার বর্ণনা করা লক্ষণগুলো বিভিন্ন কারণে হতে পারে এবং এর সঠিক কারণ নির্ণয়ের জন্য একটি বিস্তারিত পরীক্ষা প্রয়োজন। তাই আমি আপনাকে একজন বিশেষজ্ঞ ডাক্তারের সাথে সরাসরি পরামর্শ করার পরামর্শ দিচ্ছি। প্রয়োজনীয় পরীক্ষা-নিরীক্ষা করানো উচিত এবং রিপোর্ট অনুযায়ী চিকিৎসা শুরু করা যেতে পারে। এই সময়ে পর্যাপ্ত বিশ্রাম নিন, প্রচুর পানি পান করুন এবং স্বাস্থ্যকর খাবার খান। ডাক্তারের পরামর্শ ছাড়া কোনো ওষুধ সেবন করবেন না। যদি সমস্যা বাড়তে থাকে বা তীব্র হয়, তাহলে দেরি না করে দ্রুত ডাক্তারের শরণাপন্ন হন। আশা করি এই উত্তরটি আপনাকে সাহায্য করবে। আরও কোনো প্রশ্ন থাকলে নির্দ্বিধায় জিজ্ঞাসা করতে পারেন। ধন্যবাদ।"
102215,"হেলো, নাসেনিয়া ডকে আপনাকে স্বাগতম। আপনার অনুসন্ধানের জন্য ধন্যবাদ। আমি আপনার প্রশ্নটি দেখেছি এবং আপনার উদ্বেগ বুঝতে পেরেছি। আমি যথাসাধ্য আপনাকে সাহায্য করার চেষ্টা করব। আপনার বর্ণনা করা লক্ষণগুলো বিভিন্ন কারণে হতে পারে এবং এর সঠিক কারণ নির্ণয়ের জন্য একটি বিস্তারিত পরীক্ষা প্রয়োজন। তাই আমি আপনাকে একজন বিশেষজ্ঞ ডাক্তারের সাথে সরাসরি পরামর্শ করার পরামর্শ দিচ্ছি। প্রয়োজনীয় পরীক্ষা-নিরীক্ষা করানো উচিত এবং রিপোর্ট অনুযায়ী চিকিৎসা শুরু করা যেতে পারে। এই সময়ে পর্যাপ্ত বিশ্রাম নিন, প্রচুর পানি পান করুন এবং স্বাস্থ্যকর খাবার খান। ডাক্তারের পরামর্শ ছাড়া কোনো ওষুধ সেবন করবেন না। যদি সমস্যা বাড়তে থাকে বা তীব্র হয়, তাহলে দেরি না করে দ্রুত ডাক্তারের শরণাপন্ন হন। আশা করি এই উত্তরটি আপনাকে সাহায্য করবে। আরও কোনো প্রশ্ন থাকলে নির্দ্বিধায় জিজ্ঞাসা করতে পারেন। ধন্যবাদ।"
105223,"হেলো, নাসেনিয়া ডকে আপনাকে স্বাগতম। আপনার অনুসন্ধানের জন্য ধন্যবাদ। আমি আপনার প্রশ্নটি দেখেছি এবং আপনার উদ্বেগ বুঝতে পেরেছি। আমি যথাসাধ্য আপনাকে সাহায্য করার চেষ্টা করব। আপনার বর্ণনা করা লক্ষণগুলো বিভিন্ন কারণে হতে পারে এবং এর সঠিক কারণ নির্ণয়ের জন্য একটি বিস্তারিত পরীক্ষা প্রয়োজন। তাই আমি আপনাকে একজন বিশেষজ্ঞ ডাক্তারের সাথে সরাসরি পরামর্শ করার পরামর্শ দিচ্ছি। প্রয়োজনীয় পরীক্ষা-নিরীক্ষা করানো উচিত এবং রিপোর্ট অনুযায়ী চিকিৎসা শুরু করা যেতে পারে। এই সময়ে পর্যাপ্ত বিশ্রাম নিন, প্রচুর পানি পান করুন এবং স্বাস্থ্যকর খাবার খান। ডাক্তারের পরামর্শ ছাড়া কোনো ওষুধ সেবন করবেন না। যদি সমস্যা বাড়তে থাকে বা তীব্র হয়, তাহলে দেরি না করে দ্রুত ডাক্তারের শরণাপন্ন হন। আশা করি এই উত্তরটি আপনাকে সাহায্য করবে। আরও কোনো প্রশ্ন থাকলে নির্দ্বিধায় জিজ্ঞাসা করতে পারেন। ধন্যবাদ।"
75735,"হেলো, নাসেনিয়া ডকে আপনাকে স্বাগতম। আপনার অনুসন্ধানের জন্য ধন্যবাদ। আমি আপনার প্রশ্নটি দেখেছি এবং আপনার উদ্বেগ বুঝতে পেরেছি। আমি যথাসাধ্য আপনাকে সাহায্য করার চেষ্টা করব। আপনার বর্ণনা করা লক্ষণগুলো বিভিন্ন কারণে হতে পারে এবং এর সঠিক কারণ নির্ণয়ের জন্য একটি বিস্তারিত পরীক্ষা প্রয়োজন। তাই আমি আপনাকে একজন বিশেষজ্ঞ ডাক্তারের সাথে সরাসরি পরামর্শ করার পরামর্শ দিচ্ছি। প্রয়োজনীয় পরীক্ষা-নিরীক্ষা করানো উচিত এবং রিপোর্ট অনুযায়ী চিকিৎসা শুরু করা যেতে পারে। এই সময়ে পর্যাপ্ত বিশ্রাম নিন, প্রচুর পানি পান করুন এবং স্বাস্থ্যকর খাবার খান। ডাক্তারের পরামর্শ ছাড়া কোনো ওষুধ সেবন করবেন না। যদি সমস্যা বাড়তে থাকে বা তীব্র হয়, তাহলে দেরি না করে দ্রুত ডাক্তারের শরণাপন্ন হন। আশা করি এই উত্তরটি আপনাকে সাহায্য করবে। আরও কোনো প্রশ্ন থাকলে নির্দ্বিধায় জিজ্ঞাসা করতে পারেন। ধন্যবাদ।"
48142,"হেলো, নাসেনিয়া ডকে আপনাকে স্বাগতম। আপনার অনুসন্ধানের জন্য ধন্যবাদ। আমি আপনার প্রশ্নটি দেখেছি এবং আপনার উদ্বেগ বুঝতে পেরেছি। আমি যথাসাধ্য আপনাকে সাহায্য করার চেষ্টা করব। আপনার বর্ণনা করা লক্ষণগুলো বিভিন্ন কারণে হতে পারে এবং এর সঠিক কারণ নির্ণয়ের জন্য একটি বিস্তারিত পরীক্ষা প্রয়োজন। তাই আমি আপনাকে একজন বিশেষজ্ঞ ডাক্তারের সাথে সরাসরি পরামর্শ করার পরামর্শ দিচ্ছি। প্রয়োজনীয় পরীক্ষা-নিরীক্ষা করানো উচিত এবং রিপোর্ট অনুযায়ী চিকিৎসা শুরু করা যেতে পারে। এই সময়ে পর্যাপ্ত বিশ্রাম নিন, প্রচুর পানি পান করুন এবং স্বাস্থ্যকর খাবার খান। ডাক্তারের পরামর্শ ছাড়া কোনো ওষুধ সেবন করবেন না। যদি সমস্যা বাড়তে থাকে বা তীব্র হয়, তাহলে দেরি না করে দ্রুত ডাক্তারের শরণাপন্ন হন। আশা করি এই উত্তরটি আপনাকে সাহায্য করবে। আরও কোনো প্রশ্ন থাকলে নির্দ্বিধায় জিজ্ঞাসা করতে পারেন। ধন্যবাদ।"
108231,"হেলো, নাসেনিয়া ডকে আপনাকে স্বাগতম। আপনার অনুসন্ধানের জন্য ধন্যবাদ। আমি আপনার প্রশ্নটি দেখেছি এবং আপনার উদ্বেগ বুঝতে পেরেছি। আমি যথাসাধ্য আপনাকে সাহায্য করার চেষ্টা করব। আপনার বর্ণনা করা লক্ষণগুলো বিভিন্ন কারণে হতে পারে এবং এর সঠিক কারণ নির্ণয়ের জন্য একটি বিস্তারিত পরীক্ষা প্রয়োজন। তাই আমি আপনাকে একজন বিশেষজ্ঞ ডাক্তারের সাথে সরাসরি পরামর্শ করার পরামর্শ দিচ্ছি। প্রয়োজনীয় পরীক্ষা-নিরীক্ষা করানো উচিত এবং রিপোর্ট অনুযায়ী চিকিৎসা শুরু করা যেতে পারে। এই সময়ে পর্যাপ্ত বিশ্রাম নিন, প্রচুর পানি পান করুন এবং স্বাস্থ্যকর খাবার খান। ডাক্তারের পরামর্শ ছাড়া কোনো ওষুধ সেবন করবেন না। যদি সমস্যা বাড়তে থাকে বা তীব্র হয়, তাহলে দেরি না করে দ্রুত ডাক্তারের শরণাপন্ন হন। আশা করি এই উত্তরটি আপনাকে সাহায্য করবে। আরও কোনো প্রশ্ন থাকলে নির্দ্বিধায় জিজ্ঞাসা করতে পারেন। ধন্যবাদ।"
40105,"হেলো, নাসেনিয়া ডকে আপনাকে স্বাগতম। আপনার অনুসন্ধানের জন্য ধন্যবাদ। আমি আপনার প্রশ্নটি দেখেছি এবং আপনার উদ্বেগ বুঝতে পেরেছি। আমি যথাসাধ্য আপনাকে সাহায্য করার চেষ্টা করব। আপনার বর্ণনা করা লক্ষণগুলো বিভিন্ন কারণে হতে পারে এবং এর সঠিক কারণ নির্ণয়ের জন্য একটি বিস্তারিত পরীক্ষা প্রয়োজন। তাই আমি আপনাকে একজন বিশেষজ্ঞ ডাক্তারের সাথে সরাসরি পরামর্শ করার পরামর্শ দিচ্ছি। প্রয়োজনীয় পরীক্ষা-নিরীক্ষা করানো উচিত এবং রিপোর্ট অনুযায়ী চিকিৎসা শুরু করা যেতে পারে। এই সময়ে পর্যাপ্ত বিশ্রাম নিন, প্রচুর পানি পান করুন এবং স্বাস্থ্যকর খাবার খান। ডাক্তারের পরামর্শ ছাড়া কোনো ওষুধ সেবন করবেন না। যদি সমস্যা বাড়তে থাকে বা তীব্র হয়, তাহলে দেরি না করে দ্রুত ডাক্তারের শরণাপন্ন হন। আশা করি এই উত্তরটি আপনাকে সাহায্য করবে। আরও কোনো প্রশ্ন থাকলে নির্দ্বিধায় জিজ্ঞাসা করতে পারেন। ধন্যবাদ।"
6451,"হেলো, নাসেনিয়া ডকে আপনাকে স্বাগতম। আপনার অনুসন্ধানের জন্য ধন্যবাদ। আমি আপনার প্রশ্নটি দেখেছি এবং আপনার উদ্বেগ বুঝতে পেরেছি। আমি যথাসাধ্য আপনাকে সাহায্য করার চেষ্টা করব। আপনার বর্ণনা করা লক্ষণগুলো বিভিন্ন কারণে হতে পারে এবং এর সঠিক কারণ নির্ণয়ের জন্য একটি বিস্তারিত পরীক্ষা প্রয়োজন। তাই আমি আপনাকে একজন বিশেষজ্ঞ ডাক্তারের সাথে সরাসরি পরামর্শ করার পরামর্শ দিচ্ছি। প্রয়োজনীয় পরীক্ষা-নিরীক্ষা করানো উচিত এবং রিপোর্ট অনুযায়ী চিকিৎসা শুরু করা যেতে পারে। এই সময়ে পর্যাপ্ত বিশ্রাম নিন, প্রচুর পানি পান করুন এবং স্বাস্থ্যকর খাবার খান। ডাক্তারের পরামর্শ ছাড়া কোনো ওষুধ সেবন করবেন না। যদি সমস্যা বাড়তে থাকে বা তীব্র হয়, তাহলে দেরি না করে দ্রুত ডাক্তারের শরণাপন্ন হন। আশা করি এই উত্তরটি আপনাকে সাহায্য করবে। আরও কোনো প্রশ্ন থাকলে নির্দ্বিধায় জিজ্ঞাসা করতে পারেন। ধন্যবাদ।"
50817,"হেলো, নাসেনিয়া ডকে আপনাকে স্বাগতম। আপনার অনুসন্ধানের জন্য ধন্যবাদ। আমি আপনার প্রশ্নটি দেখেছি এবং আপনার উদ্বেগ বুঝতে পেরেছি। আমি যথাসাধ্য আপনাকে সাহায্য করার চেষ্টা করব। আপনার বর্ণনা করা লক্ষণগুলো বিভিন্ন কারণে হতে পারে এবং এর সঠিক কারণ নির্ণয়ের জন্য একটি বিস্তারিত পরীক্ষা প্রয়োজন। তাই আমি আপনাকে একজন বিশেষজ্ঞ ডাক্তারের সাথে সরাসরি পরামর্শ করার পরামর্শ দিচ্ছি। প্রয়োজনীয় পরীক্ষা-নিরীক্ষা করানো উচিত এবং রিপোর্ট অনুযায়ী চিকিৎসা শুরু করা যেতে পারে। এই সময়ে পর্যাপ্ত বিশ্রাম নিন, প্রচুর পানি পান করুন এবং স্বাস্থ্যকর খাবার খান। ডাক্তারের পরামর্শ ছাড়া কোনো ওষুধ সেবন করবেন না। যদি সমস্যা বাড়তে থাকে বা তীব্র হয়, তাহলে দেরি না করে দ্রুত ডাক্তারের শরণাপন্ন হন। আশা করি এই উত্তরটি আপনাকে সাহায্য করবে। আরও কোনো প্রশ্ন থাকলে নির্দ্বিধায় জিজ্ঞাসা করতে পারেন। ধন্যবাদ।"
104398,"হেলো, নাসেনিয়া ডকে আপনাকে স্বাগতম। আপনার অনুসন্ধানের জন্য ধন্যবাদ। আমি আপনার প্রশ্নটি দেখেছি এবং আপনার উদ্বেগ বুঝতে পেরেছি। আমি যথাসাধ্য আপনাকে সাহায্য করার চেষ্টা করব। আপনার বর্ণনা করা লক্ষণগুলো বিভিন্ন কারণে হতে পারে এবং এর সঠিক কারণ নির্ণয়ের জন্য একটি বিস্তারিত পরীক্ষা প্রয়োজন। তাই আমি আপনাকে একজন বিশেষজ্ঞ ডাক্তারের সাথে সরাসরি পরামর্শ করার পরামর্শ দিচ্ছি। প্রয়োজনীয় পরীক্ষা-নিরীক্ষা করানো উচিত এবং রিপোর্ট অনুযায়ী চিকিৎসা শুরু করা যেতে পারে। এই সময়ে পর্যাপ্ত বিশ্রাম নিন, প্রচুর পানি পান করুন এবং স্বাস্থ্যকর খাবার খান। ডাক্তারের পরামর্শ ছাড়া কোনো ওষুধ সেবন করবেন না। যদি সমস্যা বাড়তে থাকে বা তীব্র হয়, তাহলে দেরি না করে দ্রুত ডাক্তারের শরণাপন্ন হন। আশা করি এই উত্তরটি আপনাকে সাহায্য করবে। আরও কোনো প্রশ্ন থাকলে নির্দ্বিধায় জিজ্ঞাসা করতে পারেন। ধন্যবাদ।"
33531,"হেলো, নাসেনিয়া ডকে আপনাকে স্বাগতম। আপনার অনুসন্ধানের জন্য ধন্যবাদ। আমি আপনার প্রশ্নটি দেখেছি এবং আপনার উদ্বেগ বুঝতে পেরেছি। আমি যথাসাধ্য আপনাকে সাহায্য করার চেষ্টা করব। আপনার বর্ণনা করা লক্ষণগুলো বিভিন্ন কারণে হতে পারে এবং এর সঠিক কারণ নির্ণয়ের জন্য একটি বিস্তারিত পরীক্ষা প্রয়োজন। তাই আমি আপনাকে একজন বিশেষজ্ঞ ডাক্তারের সাথে সরাসরি পরামর্শ করার পরামর্শ দিচ্ছি। প্রয়োজনীয় পরীক্ষা-নিরীক্ষা করানো উচিত এবং রিপোর্ট অনুযায়ী চিকিৎসা শুরু করা যেতে পারে। এই সময়ে পর্যাপ্ত বিশ্রাম নিন, প্রচুর পানি পান করুন এবং স্বাস্থ্যকর খাবার খান। ডাক্তারের পরামর্শ ছাড়া কোনো ওষুধ সেবন করবেন না। যদি সমস্যা বাড়তে থাকে বা তীব্র হয়, তাহলে দেরি না করে দ্রুত ডাক্তারের শরণাপন্ন হন। আশা করি এই উত্তরটি আপনাকে সাহায্য করবে। আরও কোনো প্রশ্ন থাকলে নির্দ্বিধায় জিজ্ঞাসা করতে পারেন। ধন্যবাদ।"
83671,"হেলো, নাসেনিয়া ডকে আপনাকে স্বাগতম। আপনার অনুসন্ধানের জন্য ধন্যবাদ। আমি আপনার প্রশ্নটি দেখেছি এবং আপনার উদ্বেগ বুঝতে পেরেছি। আমি যথাসাধ্য আপনাকে সাহায্য করার চেষ্টা করব। আপনার বর্ণনা করা লক্ষণগুলো বিভিন্ন কারণে হতে পারে এবং এর সঠিক কারণ নির্ণয়ের জন্য একটি বিস্তারিত পরীক্ষা প্রয়োজন। তাই আমি আপনাকে একজন বিশেষজ্ঞ ডাক্তারের সাথে সরাসরি পরামর্শ করার পরামর্শ দিচ্ছি। প্রয়োজনীয় পরীক্ষা-নিরীক্ষা করানো উচিত এবং রিপোর্ট অনুযায়ী চিকিৎসা শুরু করা যেতে পারে। এই সময়ে পর্যাপ্ত বিশ্রাম নিন, প্রচুর পানি পান করুন এবং স্বাস্থ্যকর খাবার খান। ডাক্তারের পরামর্শ ছাড়া কোনো ওষুধ সেবন করবেন না। যদি সমস্যা বাড়তে থাকে বা তীব্র হয়, তাহলে দেরি না করে দ্রুত ডাক্তারের শরণাপন্ন হন। আশা করি এই উত্তরটি আপনাকে সাহায্য করবে। আরও কোনো প্রশ্ন থাকলে নির্দ্বিধায় জিজ্ঞাসা করতে পারেন। ধন্যবাদ।"
33103,"হেলো, নাসেনিয়া ডকে আপনাকে স্বাগতম। আপনার অনুসন্ধানের জন্য ধন্যবাদ। আমি আপনার প্রশ্নটি দেখেছি এবং আপনার উদ্বেগ বুঝতে পেরেছি। আমি যথাসাধ্য আপনাকে সাহায্য করার চেষ্টা করব। আপনার বর্ণনা করা লক্ষণগুলো বিভিন্ন কারণে হতে পারে এবং এর সঠিক কারণ নির্ণয়ের জন্য একটি বিস্তারিত পরীক্ষা প্রয়োজন। তাই আমি আপনাকে একজন বিশেষজ্ঞ ডাক্তারের সাথে সরাসরি পরামর্শ করার পরামর্শ দিচ্ছি। প্রয়োজনীয় পরীক্ষা-নিরীক্ষা করানো উচিত এবং রিপোর্ট অনুযায়ী চিকিৎসা শুরু করা যেতে পারে। এই সময়ে পর্যাপ্ত বিশ্রাম নিন, প্রচুর পানি পান করুন এবং স্বাস্থ্যকর খাবার খান। ডাক্তারের পরামর্শ ছাড়া কোনো ওষুধ সেবন করবেন না। যদি সমস্যা বাড়তে থাকে বা তীব্র হয়, তাহলে দেরি না করে দ্রুত ডাক্তারের শরণাপন্ন হন। আশা করি এই উত্তরটি আপনাকে সাহায্য করবে। আরও কোনো প্রশ্ন থাকলে নির্দ্বিধায় জিজ্ঞাসা করতে পারেন। ধন্যবাদ।"
105245,"হেলো, নাসেনিয়া ডকে আপনাকে স্বাগতম। আপনার অনুসন্ধানের জন্য ধন্যবাদ। আমি আপনার প্রশ্নটি দেখেছি এবং আপনার উদ্বেগ বুঝতে পেরেছি। আমি যথাসাধ্য আপনাকে সাহায্য করার চেষ্টা করব। আপনার বর্ণনা করা লক্ষণগুলো বিভিন্ন কারণে হতে পারে এবং এর সঠিক কারণ নির্ণয়ের জন্য একটি বিস্তারিত পরীক্ষা প্রয়োজন। তাই আমি আপনাকে একজন বিশেষজ্ঞ ডাক্তারের সাথে সরাসরি পরামর্শ করার পরামর্শ দিচ্ছি। প্রয়োজনীয় পরীক্ষা-নিরীক্ষা করানো উচিত এবং রিপোর্ট অনুযায়ী চিকিৎসা শুরু করা যেতে পারে। এই সময়ে পর্যাপ্ত বিশ্রাম নিন, প্রচুর পানি পান করুন এবং স্বাস্থ্যকর খাবার খান। ডাক্তারের পরামর্শ ছাড়া কোনো ওষুধ সেবন করবেন না। যদি সমস্যা বাড়তে থাকে বা তীব্র হয়, তাহলে দেরি না করে দ্রুত ডাক্তারের শরণাপন্ন হন। আশা করি এই উত্তরটি আপনাকে সাহায্য করবে। আরও কোনো প্রশ্ন থাকলে নির্দ্বিধায় জিজ্ঞাসা করতে পারেন। ধন্যবাদ।"
88621,"হেলো, নাসেনিয়া ডকে আপনাকে স্বাগতম। আপনার অনুসন্ধানের জন্য ধন্যবাদ। আমি আপনার প্রশ্নটি দেখেছি এবং আপনার উদ্বেগ বুঝতে পেরেছি। আমি যথাসাধ্য আপনাকে সাহায্য করার চেষ্টা করব। আপনার বর্ণনা করা লক্ষণগুলো বিভিন্ন কারণে হতে পারে এবং এর সঠিক কারণ নির্ণয়ের জন্য একটি বিস্তারিত পরীক্ষা প্রয়োজন। তাই আমি আপনাকে একজন বিশেষজ্ঞ ডাক্তারের সাথে সরাসরি পরামর্শ করার পরামর্শ দিচ্ছি। প্রয়োজনীয় পরীক্ষা-নিরীক্ষা করানো উচিত এবং রিপোর্ট অনুযায়ী চিকিৎসা শুরু করা যেতে পারে। এই সময়ে পর্যাপ্ত বিশ্রাম নিন, প্রচুর পানি পান করুন এবং স্বাস্থ্যকর খাবার খান। ডাক্তারের পরামর্শ ছাড়া কোনো ওষুধ সেবন করবেন না। যদি সমস্যা বাড়তে থাকে বা তীব্র হয়, তাহলে দেরি না করে দ্রুত ডাক্তারের শরণাপন্ন হন। আশা করি এই উত্তরটি আপনাকে সাহায্য করবে। আরও কোনো প্রশ্ন থাকলে নির্দ্বিধায় জিজ্ঞাসা করতে পারেন। ধন্যবাদ।"
89648,"হেলো, নাসেনিয়া ডকে আপনাকে স্বাগতম। আপনার অনুসন্ধানের জন্য ধন্যবাদ। আমি আপনার প্রশ্নটি দেখেছি এবং আপনার উদ্বেগ বুঝতে পেরেছি। আমি যথাসাধ্য আপনাকে সাহায্য করার চেষ্টা করব। আপনার বর্ণনা করা লক্ষণগুলো বিভিন্ন কারণে হতে পারে এবং এর সঠিক কারণ নির্ণয়ের জন্য একটি বিস্তারিত পরীক্ষা প্রয়োজন। তাই আমি আপনাকে একজন বিশেষজ্ঞ ডাক্তারের সাথে সরাসরি পরামর্শ করার পরামর্শ দিচ্ছি। প্রয়োজনীয় পরীক্ষা-নিরীক্ষা করানো উচিত এবং রিপোর্ট অনুযায়ী চিকিৎসা শুরু করা যেতে পারে। এই সময়ে পর্যাপ্ত বিশ্রাম নিন, প্রচুর পানি পান করুন এবং স্বাস্থ্যকর খাবার খান। ডাক্তারের পরামর্শ ছাড়া কোনো ওষুধ সেবন করবেন না। যদি সমস্যা বাড়তে থাকে বা তীব্র হয়, তাহলে দেরি না করে দ্রুত ডাক্তারের শরণাপন্ন হন। আশা করি এই উত্তরটি আপনাকে সাহায্য করবে। আরও কোনো প্রশ্ন থাকলে নির্দ্বিধায় জিজ্ঞাসা করতে পারেন। ধন্যবাদ।"
111188,"হেলো, নাসেনিয়া ডকে আপনাকে স্বাগতম। আপনার অনুসন্ধানের জন্য ধন্যবাদ। আমি আপনার প্রশ্নটি দেখেছি এবং আপনার উদ্বেগ বুঝতে পেরেছি। আমি যথাসাধ্য আপনাকে সাহায্য করার চেষ্টা করব। আপনার বর্ণনা করা লক্ষণগুলো বিভিন্ন কারণে হতে পারে এবং এর সঠিক কারণ নির্ণয়ের জন্য একটি বিস্তারিত পরীক্ষা প্রয়োজন। তাই আমি আপনাকে একজন বিশেষজ্ঞ ডাক্তারের সাথে সরাসরি পরামর্শ করার পরামর্শ দিচ্ছি। প্রয়োজনীয় পরীক্ষা-নিরীক্ষা করানো উচিত এবং রিপোর্ট অনুযায়ী চিকিৎসা শুরু করা যেতে পারে। এই সময়ে পর্যাপ্ত বিশ্রাম নিন, প্রচুর পানি পান করুন এবং স্বাস্থ্যকর খাবার খান। ডাক্তারের পরামর্শ ছাড়া কোনো ওষুধ সেবন করবেন না। যদি সমস্যা বাড়তে থাকে বা তীব্র হয়, তাহলে দেরি না করে দ্রুত ডাক্তারের শরণাপন্ন হন। আশা করি এই উত্তরটি আপনাকে সাহায্য করবে। আরও কোনো প্রশ্ন থাকলে নির্দ্বিধায় জিজ্ঞাসা করতে পারেন। ধন্যবাদ।"
22726,"হেলো, নাসেনিয়া ডকে আপনাকে স্বাগতম। আপনার অনুসন্ধানের জন্য ধন্যবাদ। আমি আপনার প্রশ্নটি দেখেছি এবং আপনার উদ্বেগ বুঝতে পেরেছি। আমি যথাসাধ্য আপনাকে সাহায্য করার চেষ্টা করব। আপনার বর্ণনা করা লক্ষণগুলো বিভিন্ন কারণে হতে পারে এবং এর সঠিক কারণ নির্ণয়ের জন্য একটি বিস্তারিত পরীক্ষা প্রয়োজন। তাই আমি আপনাকে একজন বিশেষজ্ঞ ডাক্তারের সাথে সরাসরি পরামর্শ করার পরামর্শ দিচ্ছি। প্রয়োজনীয় পরীক্ষা-নিরীক্ষা করানো উচিত এবং রিপোর্ট অনুযায়ী চিকিৎসা শুরু করা যেতে পারে। এই সময়ে পর্যাপ্ত বিশ্রাম নিন, প্রচুর পানি পান করুন এবং স্বাস্থ্যকর খাবার খান। ডাক্তারের পরামর্শ ছাড়া কোনো ওষুধ সেবন করবেন না। যদি সমস্যা বাড়তে থাকে বা তীব্র হয়, তাহলে দেরি না করে দ্রুত ডাক্তারের শরণাপন্ন হন। আশা করি এই উত্তরটি আপনাকে সাহায্য করবে। আরও কোনো প্রশ্ন থাকলে নির্দ্বিধায় জিজ্ঞাসা করতে পারেন। ধন্যবাদ।"
22686,"হেলো, নাসেনিয়া ডকে আপনাকে স্বাগতম। আপনার অনুসন্ধানের জন্য ধন্যবাদ। আমি আপনার প্রশ্নটি দেখেছি এবং আপনার উদ্বেগ বুঝতে পেরেছি। আমি যথাসাধ্য আপনাকে সাহায্য করার চেষ্টা করব। আপনার বর্ণনা করা লক্ষণগুলো বিভিন্ন কারণে হতে পারে এবং এর সঠিক কারণ নির্ণয়ের জন্য একটি বিস্তারিত পরীক্ষা প্রয়োজন। তাই আমি আপনাকে একজন বিশেষজ্ঞ ডাক্তারের সাথে সরাসরি পরামর্শ করার পরামর্শ দিচ্ছি। প্রয়োজনীয় পরীক্ষা-নিরীক্ষা করানো উচিত এবং রিপোর্ট অনুযায়ী চিকিৎসা শুরু করা যেতে পারে। এই সময়ে পর্যাপ্ত বিশ্রাম নিন, প্রচুর পানি পান করুন এবং স্বাস্থ্যকর খাবার খান। ডাক্তারের পরামর্শ ছাড়া কোনো ওষুধ সেবন করবেন না। যদি সমস্যা বাড়তে থাকে বা তীব্র হয়, তাহলে দেরি না করে দ্রুত ডাক্তারের শরণাপন্ন হন। আশা করি এই উত্তরটি আপনাকে সাহায্য করবে। আরও কোনো প্রশ্ন থাকলে নির্দ্বিধায় জিজ্ঞাসা করতে পারেন। ধন্যবাদ।"
81056,"হেলো, নাসেনিয়া ডকে আপনাকে স্বাগতম। আপনার অনুসন্ধানের জন্য ধন্যবাদ। আমি আপনার প্রশ্নটি দেখেছি এবং আপনার উদ্বেগ বুঝতে পেরেছি। আমি যথাসাধ্য আপনাকে সাহায্য করার চেষ্টা করব। আপনার বর্ণনা করা লক্ষণগুলো বিভিন্ন কারণে হতে পারে এবং এর সঠিক কারণ নির্ণয়ের জন্য একটি বিস্তারিত পরীক্ষা প্রয়োজন। তাই আমি আপনাকে একজন বিশেষজ্ঞ ডাক্তারের সাথে সরাসরি পরামর্শ করার পরামর্শ দিচ্ছি। প্রয়োজনীয় পরীক্ষা-নিরীক্ষা করানো উচিত এবং রিপোর্ট অনুযায়ী চিকিৎসা শুরু করা যেতে পারে। এই সময়ে পর্যাপ্ত বিশ্রাম নিন, প্রচুর পানি পান করুন এবং স্বাস্থ্যকর খাবার খান। ডাক্তারের পরামর্শ ছাড়া কোনো ওষুধ সেবন করবেন না। যদি সমস্যা বাড়তে থাকে বা তীব্র হয়, তাহলে দেরি না করে দ্রুত ডাক্তারের শরণাপন্ন হন। আশা করি এই উত্তরটি আপনাকে সাহায্য করবে। আরও কোনো প্রশ্ন থাকলে নির্দ্বিধায় জিজ্ঞাসা করতে পারেন। ধন্যবাদ।"
38070,"হেলো, নাসেনিয়া ডকে আপনাকে স্বাগতম। আপনার অনুসন্ধানের জন্য ধন্যবাদ। আমি আপনার প্রশ্নটি দেখেছি এবং আপনার উদ্বেগ বুঝতে পেরেছি। আমি যথাসাধ্য আপনাকে সাহায্য করার চেষ্টা করব। আপনার বর্ণনা করা লক্ষণগুলো বিভিন্ন কারণে হতে পারে এবং এর সঠিক কারণ নির্ণয়ের জন্য একটি বিস্তারিত পরীক্ষা প্রয়োজন। তাই আমি আপনাকে একজন বিশেষজ্ঞ ডাক্তারের সাথে সরাসরি পরামর্শ করার পরামর্শ দিচ্ছি। প্রয়োজনীয় পরীক্ষা-নিরীক্ষা করানো উচিত এবং রিপোর্ট অনুযায়ী চিকিৎসা শুরু করা যেতে পারে। এই সময়ে পর্যাপ্ত বিশ্রাম নিন, প্রচুর পানি পান করুন এবং স্বাস্থ্যকর খাবার খান। ডাক্তারের পরামর্শ ছাড়া কোনো ওষুধ সেবন করবেন না। যদি সমস্যা বাড়তে থাকে বা তীব্র হয়, তাহলে দেরি না করে দ্রুত ডাক্তারের শরণাপন্ন হন। আশা করি এই উত্তরটি আপনাকে সাহায্য করবে। আরও কোনো প্রশ্ন থাকলে নির্দ্বিধায় জিজ্ঞাসা করতে পারেন। ধন্যবাদ।"
33735,"হেলো, নাসেনিয়া ডকে আপনাকে স্বাগতম। আপনার অনুসন্ধানের জন্য ধন্যবাদ। আমি আপনার প্রশ্নটি দেখেছি এবং আপনার উদ্বেগ বুঝতে পেরেছি। আমি যথাসাধ্য আপনাকে সাহায্য করার চেষ্টা করব। আপনার বর্ণনা করা লক্ষণগুলো বিভিন্ন কারণে হতে পারে এবং এর সঠিক কারণ নির্ণয়ের জন্য একটি বিস্তারিত পরীক্ষা প্রয়োজন। তাই আমি আপনাকে একজন বিশেষজ্ঞ ডাক্তারের সাথে সরাসরি পরামর্শ করার পরামর্শ দিচ্ছি। প্রয়োজনীয় পরীক্ষা-নিরীক্ষা করানো উচিত এবং রিপোর্ট অনুযায়ী চিকিৎসা শুরু করা যেতে পারে। এই সময়ে পর্যাপ্ত বিশ্রাম নিন, প্রচুর পানি পান করুন এবং স্বাস্থ্যকর খাবার খান। ডাক্তারের পরামর্শ ছাড়া কোনো ওষুধ সেবন করবেন না। যদি সমস্যা বাড়তে থাকে বা তীব্র হয়, তাহলে দেরি না করে দ্রুত ডাক্তারের শরণাপন্ন হন। আশা করি এই উত্তরটি আপনাকে সাহায্য করবে। আরও কোনো প্রশ্ন থাকলে নির্দ্বিধায় জিজ্ঞাসা করতে পারেন। ধন্যবাদ।"
86166,"হেলো, নাসেনিয়া ডকে আপনাকে স্বাগতম। আপনার অনুসন্ধানের জন্য ধন্যবাদ। আমি আপনার প্রশ্নটি দেখেছি এবং আপনার উদ্বেগ বুঝতে পেরেছি। আমি যথাসাধ্য আপনাকে সাহায্য করার চেষ্টা করব। আপনার বর্ণনা করা লক্ষণগুলো বিভিন্ন কারণে হতে পারে এবং এর সঠিক কারণ নির্ণয়ের জন্য একটি বিস্তারিত পরীক্ষা প্রয়োজন। তাই আমি আপনাকে একজন বিশেষজ্ঞ ডাক্তারের সাথে সরাসরি পরামর্শ করার পরামর্শ দিচ্ছি। প্রয়োজনীয় পরীক্ষা-নিরীক্ষা করানো উচিত এবং রিপোর্ট অনুযায়ী চিকিৎসা শুরু করা যেতে পারে। এই সময়ে পর্যাপ্ত বিশ্রাম নিন, প্রচুর পানি পান করুন এবং স্বাস্থ্যকর খাবার খান। ডাক্তারের পরামর্শ ছাড়া কোনো ওষুধ সেবন করবেন না। যদি সমস্যা বাড়তে থাকে বা তীব্র হয়, তাহলে দেরি না করে দ্রুত ডাক্তারের শরণাপন্ন হন। আশা করি এই উত্তরটি আপনাকে সাহায্য করবে। আরও কোনো প্রশ্ন থাকলে নির্দ্বিধায় জিজ্ঞাসা করতে পারেন। ধন্যবাদ।"
66156,"হেলো, নাসেনিয়া ডকে আপনাকে স্বাগতম। আপনার অনুসন্ধানের জন্য ধন্যবাদ। আমি আপনার প্রশ্নটি দেখেছি এবং আপনার উদ্বেগ বুঝতে পেরেছি। আমি যথাসাধ্য আপনাকে সাহায্য করার চেষ্টা করব। আপনার বর্ণনা করা লক্ষণগুলো বিভিন্ন কারণে হতে পারে এবং এর সঠিক কারণ নির্ণয়ের জন্য একটি বিস্তারিত পরীক্ষা প্রয়োজন। তাই আমি আপনাকে একজন বিশেষজ্ঞ ডাক্তারের সাথে সরাসরি পরামর্শ করার পরামর্শ দিচ্ছি। প্রয়োজনীয় পরীক্ষা-নিরীক্ষা করানো উচিত এবং রিপোর্ট অনুযায়ী চিকিৎসা শুরু করা যেতে পারে। এই সময়ে পর্যাপ্ত বিশ্রাম নিন, প্রচুর পানি পান করুন এবং স্বাস্থ্যকর খাবার খান। ডাক্তারের পরামর্শ ছাড়া কোনো ওষুধ সেবন করবেন না। যদি সমস্যা বাড়তে থাকে বা তীব্র হয়, তাহলে দেরি না করে দ্রুত ডাক্তারের শরণাপন্ন হন। আশা করি এই উত্তরটি আপনাকে সাহায্য করবে। আরও কোনো প্রশ্ন থাকলে নির্দ্বিধায় জিজ্ঞাসা করতে পারেন। ধন্যবাদ।"
7557,"হেলো, নাসেনিয়া ডকে আপনাকে স্বাগতম। আপনার অনুসন্ধানের জন্য ধন্যবাদ। আমি আপনার প্রশ্নটি দেখেছি এবং আপনার উদ্বেগ বুঝতে পেরেছি। আমি যথাসাধ্য আপনাকে সাহায্য করার চেষ্টা করব। আপনার বর্ণনা করা লক্ষণগুলো বিভিন্ন কারণে হতে পারে এবং এর সঠিক কারণ নির্ণয়ের জন্য একটি বিস্তারিত পরীক্ষা প্রয়োজন। তাই আমি আপনাকে একজন বিশেষজ্ঞ ডাক্তারের সাথে সরাসরি পরামর্শ করার পরামর্শ দিচ্ছি। প্রয়োজনীয় পরীক্ষা-নিরীক্ষা করানো উচিত এবং রিপোর্ট অনুযায়ী চিকিৎসা শুরু করা যেতে পারে। এই সময়ে পর্যাপ্ত বিশ্রাম নিন, প্রচুর পানি পান করুন এবং স্বাস্থ্যকর খাবার খান। ডাক্তারের পরামর্শ ছাড়া কোনো ওষুধ সেবন করবেন না। যদি সমস্যা বাড়তে থাকে বা তীব্র হয়, তাহলে দেরি না করে দ্রুত ডাক্তারের শরণাপন্ন হন। আশা করি এই উত্তরটি আপনাকে সাহায্য করবে। আরও কোনো প্রশ্ন থাকলে নির্দ্বিধায় জিজ্ঞাসা করতে পারেন। ধন্যবাদ।"
27594,"হেলো, নাসেনিয়া ডকে আপনাকে স্বাগতম। আপনার অনুসন্ধানের জন্য ধন্যবাদ। আমি আপনার প্রশ্নটি দেখেছি এবং আপনার উদ্বেগ বুঝতে পেরেছি। আমি যথাসাধ্য আপনাকে সাহায্য করার চেষ্টা করব। আপনার বর্ণনা করা লক্ষণগুলো বিভিন্ন কারণে হতে পারে এবং এর সঠিক কারণ নির্ণয়ের জন্য একটি বিস্তারিত পরীক্ষা প্রয়োজন। তাই আমি আপনাকে একজন বিশেষজ্ঞ ডাক্তারের সাথে সরাসরি পরামর্শ করার পরামর্শ দিচ্ছি। প্রয়োজনীয় পরীক্ষা-নিরীক্ষা করানো উচিত এবং রিপোর্ট অনুযায়ী চিকিৎসা শুরু করা যেতে পারে। এই সময়ে পর্যাপ্ত বিশ্রাম নিন, প্রচুর পানি পান করুন এবং স্বাস্থ্যকর খাবার খান। ডাক্তারের পরামর্শ ছাড়া কোনো ওষুধ সেবন করবেন না। যদি সমস্যা বাড়তে থাকে বা তীব্র হয়, তাহলে দেরি না করে দ্রুত ডাক্তারের শরণাপন্ন হন। আশা করি এই উত্তরটি আপনাকে সাহায্য করবে। আরও কোনো প্রশ্ন থাকলে নির্দ্বিধায় জিজ্ঞাসা করতে পারেন। ধন্যবাদ।"
33295,"হেলো, নাসেনিয়া ডকে আপনাকে স্বাগতম। আপনার অনুসন্ধানের জন্য ধন্যবাদ। আমি আপনার প্রশ্নটি দেখেছি এবং আপনার উদ্বেগ বুঝতে পেরেছি। আমি যথাসাধ্য আপনাকে সাহায্য করার চেষ্টা করব। আপনার বর্ণনা করা লক্ষণগুলো বিভিন্ন কারণে হতে পারে এবং এর সঠিক কারণ নির্ণয়ের জন্য একটি বিস্তারিত পরীক্ষা প্রয়োজন। তাই আমি আপনাকে একজন বিশেষজ্ঞ ডাক্তারের সাথে সরাসরি পরামর্শ করার পরামর্শ দিচ্ছি। প্রয়োজনীয় পরীক্ষা-নিরীক্ষা করানো উচিত এবং রিপোর্ট অনুযায়ী চিকিৎসা শুরু করা যেতে পারে। এই সময়ে পর্যাপ্ত বিশ্রাম নিন, প্রচুর পানি পান করুন এবং স্বাস্থ্যকর খাবার খান। ডাক্তারের পরামর্শ ছাড়া কোনো ওষুধ সেবন করবেন না। যদি সমস্যা বাড়তে থাকে বা তীব্র হয়, তাহলে দেরি না করে দ্রুত ডাক্তারের শরণাপন্ন হন। আশা করি এই উত্তরটি আপনাকে সাহায্য করবে। আরও কোনো প্রশ্ন থাকলে নির্দ্বিধায় জিজ্ঞাসা করতে পারেন। ধন্যবাদ।"
61476,"হেলো, নাসেনিয়া ডকে আপনাকে স্বাগতম। আপনার অনুসন্ধানের জন্য ধন্যবাদ। আমি আপনার প্রশ্নটি দেখেছি এবং আপনার উদ্বেগ বুঝতে পেরেছি। আমি যথাসাধ্য আপনাকে সাহায্য করার চেষ্টা করব। আপনার বর্ণনা করা লক্ষণগুলো বিভিন্ন কারণে হতে পারে এবং এর সঠিক কারণ নির্ণয়ের জন্য একটি বিস্তারিত পরীক্ষা প্রয়োজন। তাই আমি আপনাকে একজন বিশেষজ্ঞ ডাক্তারের সাথে সরাসরি পরামর্শ করার পরামর্শ দিচ্ছি। প্রয়োজনীয় পরীক্ষা-নিরীক্ষা করানো উচিত এবং রিপোর্ট অনুযায়ী চিকিৎসা শুরু করা যেতে পারে। এই সময়ে পর্যাপ্ত বিশ্রাম নিন, প্রচুর পানি পান করুন এবং স্বাস্থ্যকর খাবার খান। ডাক্তারের পরামর্শ ছাড়া কোনো ওষুধ সেবন করবেন না। যদি সমস্যা বাড়তে থাকে বা তীব্র হয়, তাহলে দেরি না করে দ্রুত ডাক্তারের শরণাপন্ন হন। আশা করি এই উত্তরটি আপনাকে সাহায্য করবে। আরও কোনো প্রশ্ন থাকলে নির্দ্বিধায় জিজ্ঞাসা করতে পারেন। ধন্যবাদ।"
110947,"হেলো, নাসেনিয়া ডকে আপনাকে স্বাগতম। আপনার অনুসন্ধানের জন্য ধন্যবাদ। আমি আপনার প্রশ্নটি দেখেছি এবং আপনার উদ্বেগ বুঝতে পেরেছি। আমি যথাসাধ্য আপনাকে সাহায্য করার চেষ্টা করব। আপনার বর্ণনা করা লক্ষণগুলো বিভিন্ন কারণে হতে পারে এবং এর সঠিক কারণ নির্ণয়ের জন্য একটি বিস্তারিত পরীক্ষা প্রয়োজন। তাই আমি আপনাকে একজন বিশেষজ্ঞ ডাক্তারের সাথে সরাসরি পরামর্শ করার পরামর্শ দিচ্ছি। প্রয়োজনীয় পরীক্ষা-নিরীক্ষা করানো উচিত এবং রিপোর্ট অনুযায়ী চিকিৎসা শুরু করা যেতে পারে। এই সময়ে পর্যাপ্ত বিশ্রাম নিন, প্রচুর পানি পান করুন এবং স্বাস্থ্যকর খাবার খান। ডাক্তারের পরামর্শ ছাড়া কোনো ওষুধ সেবন করবেন না। যদি সমস্যা বাড়তে থাকে বা তীব্র হয়, তাহলে দেরি না করে দ্রুত ডাক্তারের শরণাপন্ন হন। আশা করি এই উত্তরটি আপনাকে সাহায্য করবে। আরও কোনো প্রশ্ন থাকলে নির্দ্বিধায় জিজ্ঞাসা করতে পারেন। ধন্যবাদ।"
79063,"হেলো, নাসেনিয়া ডকে আপনাকে স্বাগতম। আপনার অনুসন্ধানের জন্য ধন্যবাদ। আমি আপনার প্রশ্নটি দেখেছি এবং আপনার উদ্বেগ বুঝতে পেরেছি। আমি যথাসাধ্য আপনাকে সাহায্য করার চেষ্টা করব। আপনার বর্ণনা করা লক্ষণগুলো বিভিন্ন কারণে হতে পারে এবং এর সঠিক কারণ নির্ণয়ের জন্য একটি বিস্তারিত পরীক্ষা প্রয়োজন। তাই আমি আপনাকে একজন বিশেষজ্ঞ ডাক্তারের সাথে সরাসরি পরামর্শ করার পরামর্শ দিচ্ছি। প্রয়োজনীয় পরীক্ষা-নিরীক্ষা করানো উচিত এবং রিপোর্ট অনুযায়ী চিকিৎসা শুরু করা যেতে পারে। এই সময়ে পর্যাপ্ত বিশ্রাম নিন, প্রচুর পানি পান করুন এবং স্বাস্থ্যকর খাবার খান। ডাক্তারের পরামর্শ ছাড়া কোনো ওষুধ সেবন করবেন না। যদি সমস্যা বাড়তে থাকে বা তীব্র হয়, তাহলে দেরি না করে দ্রুত ডাক্তারের শরণাপন্ন হন। আশা করি এই উত্তরটি আপনাকে সাহায্য করবে। আরও কোনো প্রশ্ন থাকলে নির্দ্বিধায় জিজ্ঞাসা করতে পারেন। ধন্যবাদ।"
106062,"হেলো, নাসেনিয়া ডকে আপনাকে স্বাগতম। আপনার অনুসন্ধানের জন্য ধন্যবাদ। আমি আপনার প্রশ্নটি দেখেছি এবং আপনার উদ্বেগ বুঝতে পেরেছি। আমি যথাসাধ্য আপনাকে সাহায্য করার চেষ্টা করব। আপনার বর্ণনা করা লক্ষণগুলো বিভিন্ন কারণে হতে পারে এবং এর সঠিক কারণ নির্ণয়ের জন্য একটি বিস্তারিত পরীক্ষা প্রয়োজন। তাই আমি আপনাকে একজন বিশেষজ্ঞ ডাক্তারের সাথে সরাসরি পরামর্শ করার পরামর্শ দিচ্ছি। প্রয়োজনীয় পরীক্ষা-নিরীক্ষা করানো উচিত এবং রিপোর্ট অনুযায়ী চিকিৎসা শুরু করা যেতে পারে। এই সময়ে পর্যাপ্ত বিশ্রাম নিন, প্রচুর পানি পান করুন এবং স্বাস্থ্যকর খাবার খান। ডাক্তারের পরামর্শ ছাড়া কোনো ওষুধ সেবন করবেন না। যদি সমস্যা বাড়তে থাকে বা তীব্র হয়, তাহলে দেরি না করে দ্রুত ডাক্তারের শরণাপন্ন হন। আশা করি এই উত্তরটি আপনাকে সাহায্য করবে। আরও কোনো প্রশ্ন থাকলে নির্দ্বিধায় জিজ্ঞাসা করতে পারেন। ধন্যবাদ।"
81842,"হেলো, নাসেনিয়া ডকে আপনাকে স্বাগতম। আপনার অনুসন্ধানের জন্য ধন্যবাদ। আমি আপনার প্রশ্নটি দেখেছি এবং আপনার উদ্বেগ বুঝতে পেরেছি। আমি যথাসাধ্য আপনাকে সাহায্য করার চেষ্টা করব। আপনার বর্ণনা করা লক্ষণগুলো বিভিন্ন কারণে হতে পারে এবং এর সঠিক কারণ নির্ণয়ের জন্য একটি বিস্তারিত পরীক্ষা প্রয়োজন। তাই আমি আপনাকে একজন বিশেষজ্ঞ ডাক্তারের সাথে সরাসরি পরামর্শ করার পরামর্শ দিচ্ছি। প্রয়োজনীয় পরীক্ষা-নিরীক্ষা করানো উচিত এবং রিপোর্ট অনুযায়ী চিকিৎসা শুরু করা যেতে পারে। এই সময়ে পর্যাপ্ত বিশ্রাম নিন, প্রচুর পানি পান করুন এবং স্বাস্থ্যকর খাবার খান। ডাক্তারের পরামর্শ ছাড়া কোনো ওষুধ সেবন করবেন না। যদি সমস্যা বাড়তে থাকে বা তীব্র হয়, তাহলে দেরি না করে দ্রুত ডাক্তারের শরণাপন্ন হন। আশা করি এই উত্তরটি আপনাকে সাহায্য করবে। আরও কোনো প্রশ্ন থাকলে নির্দ্বিধায় জিজ্ঞাসা করতে পারেন। ধন্যবাদ।"
95895,"হেলো, নাসেনিয়া ডকে আপনাকে স্বাগতম। আপনার অনুসন্ধানের জন্য ধন্যবাদ। আমি আপনার প্রশ্নটি দেখেছি এবং আপনার উদ্বেগ বুঝতে পেরেছি। আমি যথাসাধ্য আপনাকে সাহায্য করার চেষ্টা করব। আপনার বর্ণনা করা লক্ষণগুলো বিভিন্ন কারণে হতে পারে এবং এর সঠিক কারণ নির্ণয়ের জন্য একটি বিস্তারিত পরীক্ষা প্রয়োজন। তাই আমি আপনাকে একজন বিশেষজ্ঞ ডাক্তারের সাথে সরাসরি পরামর্শ করার পরামর্শ দিচ্ছি। প্রয়োজনীয় পরীক্ষা-নিরীক্ষা করানো উচিত এবং রিপোর্ট অনুযায়ী চিকিৎসা শুরু করা যেতে পারে। এই সময়ে পর্যাপ্ত বিশ্রাম নিন, প্রচুর পানি পান করুন এবং স্বাস্থ্যকর খাবার খান। ডাক্তারের পরামর্শ ছাড়া কোনো ওষুধ সেবন করবেন না। যদি সমস্যা বাড়তে থাকে বা তীব্র হয়, তাহলে দেরি না করে দ্রুত ডাক্তারের শরণাপন্ন হন। আশা করি এই উত্তরটি আপনাকে সাহায্য করবে। আরও কোনো প্রশ্ন থাকলে নির্দ্বিধায় জিজ্ঞাসা করতে পারেন। ধন্যবাদ।"
102720,"হেলো, নাসেনিয়া ডকে আপনাকে স্বাগতম। আপনার অনুসন্ধানের জন্য ধন্যবাদ। আমি আপনার প্রশ্নটি দেখেছি এবং আপনার উদ্বেগ বুঝতে পেরেছি। আমি যথাসাধ্য আপনাকে সাহায্য করার চেষ্টা করব। আপনার বর্ণনা করা লক্ষণগুলো বিভিন্ন কারণে হতে পারে এবং এর সঠিক কারণ নির্ণয়ের জন্য একটি বিস্তারিত পরীক্ষা প্রয়োজন। তাই আমি আপনাকে একজন বিশেষজ্ঞ ডাক্তারের সাথে সরাসরি পরামর্শ করার পরামর্শ দিচ্ছি। প্রয়োজনীয় পরীক্ষা-নিরীক্ষা করানো উচিত এবং রিপোর্ট অনুযায়ী চিকিৎসা শুরু করা যেতে পারে। এই সময়ে পর্যাপ্ত বিশ্রাম নিন, প্রচুর পানি পান করুন এবং স্বাস্থ্যকর খাবার খান। ডাক্তারের পরামর্শ ছাড়া কোনো ওষুধ সেবন করবেন না। যদি সমস্যা বাড়তে থাকে বা তীব্র হয়, তাহলে দেরি না করে দ্রুত ডাক্তারের শরণাপন্ন হন। আশা করি এই উত্তরটি আপনাকে সাহায্য করবে। আরও কোনো প্রশ্ন থাকলে নির্দ্বিধায় জিজ্ঞাসা করতে পারেন। ধন্যবাদ।"
75144,"হেলো, নাসেনিয়া ডকে আপনাকে স্বাগতম। আপনার অনুসন্ধানের জন্য ধন্যবাদ। আমি আপনার প্রশ্নটি দেখেছি এবং আপনার উদ্বেগ বুঝতে পেরেছি। আমি যথাসাধ্য আপনাকে সাহায্য করার চেষ্টা করব। আপনার বর্ণনা করা লক্ষণগুলো বিভিন্ন কারণে হতে পারে এবং এর সঠিক কারণ নির্ণয়ের জন্য একটি বিস্তারিত পরীক্ষা প্রয়োজন। তাই আমি আপনাকে একজন বিশেষজ্ঞ ডাক্তারের সাথে সরাসরি পরামর্শ করার পরামর্শ দিচ্ছি। প্রয়োজনীয় পরীক্ষা-নিরীক্ষা করানো উচিত এবং রিপোর্ট অনুযায়ী চিকিৎসা শুরু করা যেতে পারে। এই সময়ে পর্যাপ্ত বিশ্রাম নিন, প্রচুর পানি পান করুন এবং স্বাস্থ্যকর খাবার খান। ডাক্তারের পরামর্শ ছাড়া কোনো ওষুধ সেবন করবেন না। যদি সমস্যা বাড়তে থাকে বা তীব্র হয়, তাহলে দেরি না করে দ্রুত ডাক্তারের শরণাপন্ন হন। আশা করি এই উত্তরটি আপনাকে সাহায্য করবে। আরও কোনো প্রশ্ন থাকলে নির্দ্বিধায় জিজ্ঞাসা করতে পারেন। ধন্যবাদ।"
400,"হেলো, নাসেনিয়া ডকে আপনাকে স্বাগতম। আপনার অনুসন্ধানের জন্য ধন্যবাদ। আমি আপনার প্রশ্নটি দেখেছি এবং আপনার উদ্বেগ বুঝতে পেরেছি। আমি যথাসাধ্য আপনাকে সাহায্য করার চেষ্টা করব। আপনার বর্ণনা করা লক্ষণগুলো বিভিন্ন কারণে হতে পারে এবং এর সঠিক কারণ নির্ণয়ের জন্য একটি বিস্তারিত পরীক্ষা প্রয়োজন। তাই আমি আপনাকে একজন বিশেষজ্ঞ ডাক্তারের সাথে সরাসরি পরামর্শ করার পরামর্শ দিচ্ছি। প্রয়োজনীয় পরীক্ষা-নিরীক্ষা করানো উচিত এবং রিপোর্ট অনুযায়ী চিকিৎসা শুরু করা যেতে পারে। এই সময়ে পর্যাপ্ত বিশ্রাম নিন, প্রচুর পানি পান করুন এবং স্বাস্থ্যকর খাবার খান। ডাক্তারের পরামর্শ ছাড়া কোনো ওষুধ সেবন করবেন না। যদি সমস্যা বাড়তে থাকে বা তীব্র হয়, তাহলে দেরি না করে দ্রুত ডাক্তারের শরণাপন্ন হন। আশা করি এই উত্তরটি আপনাকে সাহায্য করবে। আরও কোনো প্রশ্ন থাকলে নির্দ্বিধায় জিজ্ঞাসা করতে পারেন। ধন্যবাদ।"
15380,"হেলো, নাসেনিয়া ডকে আপনাকে স্বাগতম। আপনার অনুসন্ধানের জন্য ধন্যবাদ। আমি আপনার প্রশ্নটি দেখেছি এবং আপনার উদ্বেগ বুঝতে পেরেছি। আমি যথাসাধ্য আপনাকে সাহায্য করার চেষ্টা করব। আপনার বর্ণনা করা লক্ষণগুলো বিভিন্ন কারণে হতে পারে এবং এর সঠিক কারণ নির্ণয়ের জন্য একটি বিস্তারিত পরীক্ষা প্রয়োজন। তাই আমি আপনাকে একজন বিশেষজ্ঞ ডাক্তারের সাথে সরাসরি পরামর্শ করার পরামর্শ দিচ্ছি। প্রয়োজনীয় পরীক্ষা-নিরীক্ষা করানো উচিত এবং রিপোর্ট অনুযায়ী চিকিৎসা শুরু করা যেতে পারে। এই সময়ে পর্যাপ্ত বিশ্রাম নিন, প্রচুর পানি পান করুন এবং স্বাস্থ্যকর খাবার খান। ডাক্তারের পরামর্শ ছাড়া কোনো ওষুধ সেবন করবেন না। যদি সমস্যা বাড়তে থাকে বা তীব্র হয়, তাহলে দেরি না করে দ্রুত ডাক্তারের শরণাপন্ন হন। আশা করি এই উত্তরটি আপনাকে সাহায্য করবে। আরও কোনো প্রশ্ন থাকলে নির্দ্বিধায় জিজ্ঞাসা করতে পারেন। ধন্যবাদ।"
103380,"হেলো, নাসেনিয়া ডকে আপনাকে স্বাগতম। আপনার অনুসন্ধানের জন্য ধন্যবাদ। আমি আপনার প্রশ্নটি দেখেছি এবং আপনার উদ্বেগ বুঝতে পেরেছি। আমি যথাসাধ্য আপনাকে সাহায্য করার চেষ্টা করব। আপনার বর্ণনা করা লক্ষণগুলো বিভিন্ন কারণে হতে পারে এবং এর সঠিক কারণ নির্ণয়ের জন্য একটি বিস্তারিত পরীক্ষা প্রয়োজন। তাই আমি আপনাকে একজন বিশেষজ্ঞ ডাক্তারের সাথে সরাসরি পরামর্শ করার পরামর্শ দিচ্ছি। প্রয়োজনীয় পরীক্ষা-নিরীক্ষা করানো উচিত এবং রিপোর্ট অনুযায়ী চিকিৎসা শুরু করা যেতে পারে। এই সময়ে পর্যাপ্ত বিশ্রাম নিন, প্রচুর পানি পান করুন এবং স্বাস্থ্যকর খাবার খান। ডাক্তারের পরামর্শ ছাড়া কোনো ওষুধ সেবন করবেন না। যদি সমস্যা বাড়তে থাকে বা তীব্র হয়, তাহলে দেরি না করে দ্রুত ডাক্তারের শরণাপন্ন হন। আশা করি এই উত্তরটি আপনাকে সাহায্য করবে। আরও কোনো প্রশ্ন থাকলে নির্দ্বিধায় জিজ্ঞাসা করতে পারেন। ধন্যবাদ।"
66040,"হেলো, নাসেনিয়া ডকে আপনাকে স্বাগতম। আপনার অনুসন্ধানের জন্য ধন্যবাদ। আমি আপনার প্রশ্নটি দেখেছি এবং আপনার উদ্বেগ বুঝতে পেরেছি। আমি যথাসাধ্য আপনাকে সাহায্য করার চেষ্টা করব। আপনার বর্ণনা করা লক্ষণগুলো বিভিন্ন কারণে হতে পারে এবং এর সঠিক কারণ নির্ণয়ের জন্য একটি বিস্তারিত পরীক্ষা প্রয়োজন। তাই আমি আপনাকে একজন বিশেষজ্ঞ ডাক্তারের সাথে সরাসরি পরামর্শ করার পরামর্শ দিচ্ছি। প্রয়োজনীয় পরীক্ষা-নিরীক্ষা করানো উচিত এবং রিপোর্ট অনুযায়ী চিকিৎসা শুরু করা যেতে পারে। এই সময়ে পর্যাপ্ত বিশ্রাম নিন, প্রচুর পানি পান করুন এবং স্বাস্থ্যকর খাবার খান। ডাক্তারের পরামর্শ ছাড়া কোনো ওষুধ সেবন করবেন না। যদি সমস্যা বাড়তে থাকে বা তীব্র হয়, তাহলে দেরি না করে দ্রুত ডাক্তারের শরণাপন্ন হন। আশা করি এই উত্তরটি আপনাকে সাহায্য করবে। আরও কোনো প্রশ্ন থাকলে নির্দ্বিধায় জিজ্ঞাসা করতে পারেন। ধন্যবাদ।"
47299,"হেলো, নাসেনিয়া ডকে আপনাকে স্বাগতম। আপনার অনুসন্ধানের জন্য ধন্যবাদ। আমি আপনার প্রশ্নটি দেখেছি এবং আপনার উদ্বেগ বুঝতে পেরেছি। আমি যথাসাধ্য আপনাকে সাহায্য করার চেষ্টা করব। আপনার বর্ণনা করা লক্ষণগুলো বিভিন্ন কারণে হতে পারে এবং এর সঠিক কারণ নির্ণয়ের জন্য একটি বিস্তারিত পরীক্ষা প্রয়োজন। তাই আমি আপনাকে একজন বিশেষজ্ঞ ডাক্তারের সাথে সরাসরি পরামর্শ করার পরামর্শ দিচ্ছি। প্রয়োজনীয় পরীক্ষা-নিরীক্ষা করানো উচিত এবং রিপোর্ট অনুযায়ী চিকিৎসা শুরু করা যেতে পারে। এই সময়ে পর্যাপ্ত বিশ্রাম নিন, প্রচুর পানি পান করুন এবং স্বাস্থ্যকর খাবার খান। ডাক্তারের পরামর্শ ছাড়া কোনো ওষুধ সেবন করবেন না। যদি সমস্যা বাড়তে থাকে বা তীব্র হয়, তাহলে দেরি না করে দ্রুত ডাক্তারের শরণাপন্ন হন। আশা করি এই উত্তরটি আপনাকে সাহায্য করবে। আরও কোনো প্রশ্ন থাকলে নির্দ্বিধায় জিজ্ঞাসা করতে পারেন। ধন্যবাদ।"
96545,"হেলো, নাসেনিয়া ডকে আপনাকে স্বাগতম। আপনার অনুসন্ধানের জন্য ধন্যবাদ। আমি আপনার প্রশ্নটি দেখেছি এবং আপনার উদ্বেগ বুঝতে পেরেছি। আমি যথাসাধ্য আপনাকে সাহায্য করার চেষ্টা করব। আপনার বর্ণনা করা লক্ষণগুলো বিভিন্ন কারণে হতে পারে এবং এর সঠিক কারণ নির্ণয়ের জন্য একটি বিস্তারিত পরীক্ষা প্রয়োজন। তাই আমি আপনাকে একজন বিশেষজ্ঞ ডাক্তারের সাথে সরাসরি পরামর্শ করার পরামর্শ দিচ্ছি। প্রয়োজনীয় পরীক্ষা-নিরীক্ষা করানো উচিত এবং রিপোর্ট অনুযায়ী চিকিৎসা শুরু করা যেতে পারে। এই সময়ে পর্যাপ্ত বিশ্রাম নিন, প্রচুর পানি পান করুন এবং স্বাস্থ্যকর খাবার খান। ডাক্তারের পরামর্শ ছাড়া কোনো ওষুধ সেবন করবেন না। যদি সমস্যা বাড়তে থাকে বা তীব্র হয়, তাহলে দেরি না করে দ্রুত ডাক্তারের শরণাপন্ন হন। আশা করি এই উত্তরটি আপনাকে সাহায্য করবে। আরও কোনো প্রশ্ন থাকলে নির্দ্বিধায় জিজ্ঞাসা করতে পারেন। ধন্যবাদ।"
54738,"হেলো, নাসেনিয়া ডকে আপনাকে স্বাগতম। আপনার অনুসন্ধানের জন্য ধন্যবাদ। আমি আপনার প্রশ্নটি দেখেছি এবং আপনার উদ্বেগ বুঝতে পেরেছি। আমি যথাসাধ্য আপনাকে সাহায্য করার চেষ্টা করব। আপনার বর্ণনা করা লক্ষণগুলো বিভিন্ন কারণে হতে পারে এবং এর সঠিক কারণ নির্ণয়ের জন্য একটি বিস্তারিত পরীক্ষা প্রয়োজন। তাই আমি আপনাকে একজন বিশেষজ্ঞ ডাক্তারের সাথে সরাসরি পরামর্শ করার পরামর্শ দিচ্ছি। প্রয়োজনীয় পরীক্ষা-নিরীক্ষা করানো উচিত এবং রিপোর্ট অনুযায়ী চিকিৎসা শুরু করা যেতে পারে। এই সময়ে পর্যাপ্ত বিশ্রাম নিন, প্রচুর পানি পান করুন এবং স্বাস্থ্যকর খাবার খান। ডাক্তারের পরামর্শ ছাড়া কোনো ওষুধ সেবন করবেন না। যদি সমস্যা বাড়তে থাকে বা তীব্র হয়, তাহলে দেরি না করে দ্রুত ডাক্তারের শরণাপন্ন হন। আশা করি এই উত্তরটি আপনাকে সাহায্য করবে। আরও কোনো প্রশ্ন থাকলে নির্দ্বিধায় জিজ্ঞাসা করতে পারেন। ধন্যবাদ।"
103136,"হেলো, নাসেনিয়া ডকে আপনাকে স্বাগতম। আপনার অনুসন্ধানের জন্য ধন্যবাদ। আমি আপনার প্রশ্নটি দেখেছি এবং আপনার উদ্বেগ বুঝতে পেরেছি। আমি যথাসাধ্য আপনাকে সাহায্য করার চেষ্টা করব। আপনার বর্ণনা করা লক্ষণগুলো বিভিন্ন কারণে হতে পারে এবং এর সঠিক কারণ নির্ণয়ের জন্য একটি বিস্তারিত পরীক্ষা প্রয়োজন। তাই আমি আপনাকে একজন বিশেষজ্ঞ ডাক্তারের সাথে সরাসরি পরামর্শ করার পরামর্শ দিচ্ছি। প্রয়োজনীয় পরীক্ষা-নিরীক্ষা করানো উচিত এবং রিপোর্ট অনুযায়ী চিকিৎসা শুরু করা যেতে পারে। এই সময়ে পর্যাপ্ত বিশ্রাম নিন, প্রচুর পানি পান করুন এবং স্বাস্থ্যকর খাবার খান। ডাক্তারের পরামর্শ ছাড়া কোনো ওষুধ সেবন করবেন না। যদি সমস্যা বাড়তে থাকে বা তীব্র হয়, তাহলে দেরি না করে দ্রুত ডাক্তারের শরণাপন্ন হন। আশা করি এই উত্তরটি আপনাকে সাহায্য করবে। আরও কোনো প্রশ্ন থাকলে নির্দ্বিধায় জিজ্ঞাসা করতে পারেন। ধন্যবাদ।"
20362,"হেলো, নাসেনিয়া ডকে আপনাকে স্বাগতম। আপনার অনুসন্ধানের জন্য ধন্যবাদ। আমি আপনার প্রশ্নটি দেখেছি এবং আপনার উদ্বেগ বুঝতে পেরেছি। আমি যথাসাধ্য আপনাকে সাহায্য করার চেষ্টা করব। আপনার বর্ণনা করা লক্ষণগুলো বিভিন্ন কারণে হতে পারে এবং এর সঠিক কারণ নির্ণয়ের জন্য একটি বিস্তারিত পরীক্ষা প্রয়োজন। তাই আমি আপনাকে একজন বিশেষজ্ঞ ডাক্তারের সাথে সরাসরি পরামর্শ করার পরামর্শ দিচ্ছি। প্রয়োজনীয় পরীক্ষা-নিরীক্ষা করানো উচিত এবং রিপোর্ট অনুযায়ী চিকিৎসা শুরু করা যেতে পারে। এই সময়ে পর্যাপ্ত বিশ্রাম নিন, প্রচুর পানি পান করুন এবং স্বাস্থ্যকর খাবার খান। ডাক্তারের পরামর্শ ছাড়া কোনো ওষুধ সেবন করবেন না। যদি সমস্যা বাড়তে থাকে বা তীব্র হয়, তাহলে দেরি না করে দ্রুত ডাক্তারের শরণাপন্ন হন। আশা করি এই উত্তরটি আপনাকে সাহায্য করবে। আরও কোনো প্রশ্ন থাকলে নির্দ্বিধায় জিজ্ঞাসা করতে পারেন। ধন্যবাদ।"
25318,"হেলো, নাসেনিয়া ডকে আপনাকে স্বাগতম। আপনার অনুসন্ধানের জন্য ধন্যবাদ। আমি আপনার প্রশ্নটি দেখেছি এবং আপনার উদ্বেগ বুঝতে পেরেছি। আমি যথাসাধ্য আপনাকে সাহায্য করার চেষ্টা করব। আপনার বর্ণনা করা লক্ষণগুলো বিভিন্ন কারণে হতে পারে এবং এর সঠিক কারণ নির্ণয়ের জন্য একটি বিস্তারিত পরীক্ষা প্রয়োজন। তাই আমি আপনাকে একজন বিশেষজ্ঞ ডাক্তারের সাথে সরাসরি পরামর্শ করার পরামর্শ দিচ্ছি। প্রয়োজনীয় পরীক্ষা-নিরীক্ষা করানো উচিত এবং রিপোর্ট অনুযায়ী চিকিৎসা শুরু করা যেতে পারে। এই সময়ে পর্যাপ্ত বিশ্রাম নিন, প্রচুর পানি পান করুন এবং স্বাস্থ্যকর খাবার খান। ডাক্তারের পরামর্শ ছাড়া কোনো ওষুধ সেবন করবেন না। যদি সমস্যা বাড়তে থাকে বা তীব্র হয়, তাহলে দেরি না করে দ্রুত ডাক্তারের শরণাপন্ন হন। আশা করি এই উত্তরটি আপনাকে সাহায্য করবে। আরও কোনো প্রশ্ন থাকলে নির্দ্বিধায় জিজ্ঞাসা করতে পারেন। ধন্যবাদ।"
100278,"হেলো, নাসেনিয়া ডকে আপনাকে স্বাগতম। আপনার অনুসন্ধানের জন্য ধন্যবাদ। আমি আপনার প্রশ্নটি দেখেছি এবং আপনার উদ্বেগ বুঝতে পেরেছি। আমি যথাসাধ্য আপনাকে সাহায্য করার চেষ্টা করব। আপনার বর্ণনা করা লক্ষণগুলো বিভিন্ন কারণে হতে পারে এবং এর সঠিক কারণ নির্ণয়ের জন্য একটি বিস্তারিত পরীক্ষা প্রয়োজন। তাই আমি আপনাকে একজন বিশেষজ্ঞ ডাক্তারের সাথে সরাসরি পরামর্শ করার পরামর্শ দিচ্ছি। প্রয়োজনীয় পরীক্ষা-নিরীক্ষা করানো উচিত এবং রিপোর্ট অনুযায়ী চিকিৎসা শুরু করা যেতে পারে। এই সময়ে পর্যাপ্ত বিশ্রাম নিন, প্রচুর পানি পান করুন এবং স্বাস্থ্যকর খাবার খান। ডাক্তারের পরামর্শ ছাড়া কোনো ওষুধ সেবন করবেন না। যদি সমস্যা বাড়তে থাকে বা তীব্র হয়, তাহলে দেরি না করে দ্রুত ডাক্তারের শরণাপন্ন হন। আশা করি এই উত্তরটি আপনাকে সাহায্য করবে। আরও কোনো প্রশ্ন থাকলে নির্দ্বিধায় জিজ্ঞাসা করতে পারেন। ধন্যবাদ।"
23479,"হেলো, নাসেনিয়া ডকে আপনাকে স্বাগতম। আপনার অনুসন্ধানের জন্য ধন্যবাদ। আমি আপনার প্রশ্নটি দেখেছি এবং আপনার উদ্বেগ বুঝতে পেরেছি। আমি যথাসাধ্য আপনাকে সাহায্য করার চেষ্টা করব। আপনার বর্ণনা করা লক্ষণগুলো বিভিন্ন কারণে হতে পারে এবং এর সঠিক কারণ নির্ণয়ের জন্য একটি বিস্তারিত পরীক্ষা প্রয়োজন। তাই আমি আপনাকে একজন বিশেষজ্ঞ ডাক্তারের সাথে সরাসরি পরামর্শ করার পরামর্শ দিচ্ছি। প্রয়োজনীয় পরীক্ষা-নিরীক্ষা করানো উচিত এবং রিপোর্ট অনুযায়ী চিকিৎসা শুরু করা যেতে পারে। এই সময়ে পর্যাপ্ত বিশ্রাম নিন, প্রচুর পানি পান করুন এবং স্বাস্থ্যকর খাবার খান। ডাক্তারের পরামর্শ ছাড়া কোনো ওষুধ সেবন করবেন না। যদি সমস্যা বাড়তে থাকে বা তীব্র হয়, তাহলে দেরি না করে দ্রুত ডাক্তারের শরণাপন্ন হন। আশা করি এই উত্তরটি আপনাকে সাহায্য করবে। আরও কোনো প্রশ্ন থাকলে নির্দ্বিধায় জিজ্ঞাসা করতে পারেন। ধন্যবাদ।"
75132,"হেলো, নাসেনিয়া ডকে আপনাকে স্বাগতম। আপনার অনুসন্ধানের জন্য ধন্যবাদ। আমি আপনার প্রশ্নটি দেখেছি এবং আপনার উদ্বেগ বুঝতে পেরেছি। আমি যথাসাধ্য আপনাকে সাহায্য করার চেষ্টা করব। আপনার বর্ণনা করা লক্ষণগুলো বিভিন্ন কারণে হতে পারে এবং এর সঠিক কারণ নির্ণয়ের জন্য একটি বিস্তারিত পরীক্ষা প্রয়োজন। তাই আমি আপনাকে একজন বিশেষজ্ঞ ডাক্তারের সাথে সরাসরি পরামর্শ করার পরামর্শ দিচ্ছি। প্রয়োজনীয় পরীক্ষা-নিরীক্ষা করানো উচিত এবং রিপোর্ট অনুযায়ী চিকিৎসা শুরু করা যেতে পারে। এই সময়ে পর্যাপ্ত বিশ্রাম নিন, প্রচুর পানি পান করুন এবং স্বাস্থ্যকর খাবার খান। ডাক্তারের পরামর্শ ছাড়া কোনো ওষুধ সেবন করবেন না। যদি সমস্যা বাড়তে থাকে বা তীব্র হয়, তাহলে দেরি না করে দ্রুত ডাক্তারের শরণাপন্ন হন। আশা করি এই উত্তরটি আপনাকে সাহায্য করবে। আরও কোনো প্রশ্ন থাকলে নির্দ্বিধায় জিজ্ঞাসা করতে পারেন। ধন্যবাদ।"
88532,"হেলো, নাসেনিয়া ডকে আপনাকে স্বাগতম। আপনার অনুসন্ধানের জন্য ধন্যবাদ। আমি আপনার প্রশ্নটি দেখেছি এবং আপনার উদ্বেগ বুঝতে পেরেছি। আমি যথাসাধ্য আপনাকে সাহায্য করার চেষ্টা করব। আপনার বর্ণনা করা লক্ষণগুলো বিভিন্ন কারণে হতে পারে এবং এর সঠিক কারণ নির্ণয়ের জন্য একটি বিস্তারিত পরীক্ষা প্রয়োজন। তাই আমি আপনাকে একজন বিশেষজ্ঞ ডাক্তারের সাথে সরাসরি পরামর্শ করার পরামর্শ দিচ্ছি। প্রয়োজনীয় পরীক্ষা-নিরীক্ষা করানো উচিত এবং রিপোর্ট অনুযায়ী চিকিৎসা শুরু করা যেতে পারে। এই সময়ে পর্যাপ্ত বিশ্রাম নিন, প্রচুর পানি পান করুন এবং স্বাস্থ্যকর খাবার খান। ডাক্তারের পরামর্শ ছাড়া কোনো ওষুধ সেবন করবেন না। যদি সমস্যা বাড়তে থাকে বা তীব্র হয়, তাহলে দেরি না করে দ্রুত ডাক্তারের শরণাপন্ন হন। আশা করি এই উত্তরটি আপনাকে সাহায্য করবে। আরও কোনো প্রশ্ন থাকলে নির্দ্বিধায় জিজ্ঞাসা করতে পারেন। ধন্যবাদ।"
87184,"হেলো, নাসেনিয়া ডকে আপনাকে স্বাগতম। আপনার অনুসন্ধানের জন্য ধন্যবাদ। আমি আপনার প্রশ্নটি দেখেছি এবং আপনার উদ্বেগ বুঝতে পেরেছি। আমি যথাসাধ্য আপনাকে সাহায্য করার চেষ্টা করব। আপনার বর্ণনা করা লক্ষণগুলো বিভিন্ন কারণে হতে পারে এবং এর সঠিক কারণ নির্ণয়ের জন্য একটি বিস্তারিত পরীক্ষা প্রয়োজন। তাই আমি আপনাকে একজন বিশেষজ্ঞ ডাক্তারের সাথে সরাসরি পরামর্শ করার পরামর্শ দিচ্ছি। প্রয়োজনীয় পরীক্ষা-নিরীক্ষা করানো উচিত এবং রিপোর্ট অনুযায়ী চিকিৎসা শুরু করা যেতে পারে। এই সময়ে পর্যাপ্ত বিশ্রাম নিন, প্রচুর পানি পান করুন এবং স্বাস্থ্যকর খাবার খান। ডাক্তারের পরামর্শ ছাড়া কোনো ওষুধ সেবন করবেন না। যদি সমস্যা বাড়তে থাকে বা তীব্র হয়, তাহলে দেরি না করে দ্রুত ডাক্তারের শরণাপন্ন হন। আশা করি এই উত্তরটি আপনাকে সাহায্য করবে। আরও কোনো প্রশ্ন থাকলে নির্দ্বিধায় জিজ্ঞাসা করতে পারেন। ধন্যবাদ।"
78357,"হেলো, নাসেনিয়া ডকে আপনাকে স্বাগতম। আপনার অনুসন্ধানের জন্য ধন্যবাদ। আমি আপনার প্রশ্নটি দেখেছি এবং আপনার উদ্বেগ বুঝতে পেরেছি। আমি যথাসাধ্য আপনাকে সাহায্য করার চেষ্টা করব। আপনার বর্ণনা করা লক্ষণগুলো বিভিন্ন কারণে হতে পারে এবং এর সঠিক কারণ নির্ণয়ের জন্য একটি বিস্তারিত পরীক্ষা প্রয়োজন। তাই আমি আপনাকে একজন বিশেষজ্ঞ ডাক্তারের সাথে সরাসরি পরামর্শ করার পরামর্শ দিচ্ছি। প্রয়োজনীয় পরীক্ষা-নিরীক্ষা করানো উচিত এবং রিপোর্ট অনুযায়ী চিকিৎসা শুরু করা যেতে পারে। এই সময়ে পর্যাপ্ত বিশ্রাম নিন, প্রচুর পানি পান করুন এবং স্বাস্থ্যকর খাবার খান। ডাক্তারের পরামর্শ ছাড়া কোনো ওষুধ সেবন করবেন না। যদি সমস্যা বাড়তে থাকে বা তীব্র হয়, তাহলে দেরি না করে দ্রুত ডাক্তারের শরণাপন্ন হন। আশা করি এই উত্তরটি আপনাকে সাহায্য করবে। আরও কোনো প্রশ্ন থাকলে নির্দ্বিধায় জিজ্ঞাসা করতে পারেন। ধন্যবাদ।"
52213,"হেলো, নাসেনিয়া ডকে আপনাকে স্বাগতম। আপনার অনুসন্ধানের জন্য ধন্যবাদ। আমি আপনার প্রশ্নটি দেখেছি এবং আপনার উদ্বেগ বুঝতে পেরেছি। আমি যথাসাধ্য আপনাকে সাহায্য করার চেষ্টা করব। আপনার বর্ণনা করা লক্ষণগুলো বিভিন্ন কারণে হতে পারে এবং এর সঠিক কারণ নির্ণয়ের জন্য একটি বিস্তারিত পরীক্ষা প্রয়োজন। তাই আমি আপনাকে একজন বিশেষজ্ঞ ডাক্তারের সাথে সরাসরি পরামর্শ করার পরামর্শ দিচ্ছি। প্রয়োজনীয় পরীক্ষা-নিরীক্ষা করানো উচিত এবং রিপোর্ট অনুযায়ী চিকিৎসা শুরু করা যেতে পারে। এই সময়ে পর্যাপ্ত বিশ্রাম নিন, প্রচুর পানি পান করুন এবং স্বাস্থ্যকর খাবার খান। ডাক্তারের পরামর্শ ছাড়া কোনো ওষুধ সেবন করবেন না। যদি সমস্যা বাড়তে থাকে বা তীব্র হয়, তাহলে দেরি না করে দ্রুত ডাক্তারের শরণাপন্ন হন। আশা করি এই উত্তরটি আপনাকে সাহায্য করবে। আরও কোনো প্রশ্ন থাকলে নির্দ্বিধায় জিজ্ঞাসা করতে পারেন। ধন্যবাদ।"
96423,"হেলো, নাসেনিয়া ডকে আপনাকে স্বাগতম। আপনার অনুসন্ধানের জন্য ধন্যবাদ। আমি আপনার প্রশ্নটি দেখেছি এবং আপনার উদ্বেগ বুঝতে পেরেছি। আমি যথাসাধ্য আপনাকে সাহায্য করার চেষ্টা করব। আপনার বর্ণনা করা লক্ষণগুলো বিভিন্ন কারণে হতে পারে এবং এর সঠিক কারণ নির্ণয়ের জন্য একটি বিস্তারিত পরীক্ষা প্রয়োজন। তাই আমি আপনাকে একজন বিশেষজ্ঞ ডাক্তারের সাথে সরাসরি পরামর্শ করার পরামর্শ দিচ্ছি। প্রয়োজনীয় পরীক্ষা-নিরীক্ষা করানো উচিত এবং রিপোর্ট অনুযায়ী চিকিৎসা শুরু করা যেতে পারে। এই সময়ে পর্যাপ্ত বিশ্রাম নিন, প্রচুর পানি পান করুন এবং স্বাস্থ্যকর খাবার খান। ডাক্তারের পরামর্শ ছাড়া কোনো ওষুধ সেবন করবেন না। যদি সমস্যা বাড়তে থাকে বা তীব্র হয়, তাহলে দেরি না করে দ্রুত ডাক্তারের শরণাপন্ন হন। আশা করি এই উত্তরটি আপনাকে সাহায্য করবে। আরও কোনো প্রশ্ন থাকলে নির্দ্বিধায় জিজ্ঞাসা করতে পারেন। ধন্যবাদ।"
60994,"হেলো, নাসেনিয়া ডকে আপনাকে স্বাগতম। আপনার অনুসন্ধানের জন্য ধন্যবাদ। আমি আপনার প্রশ্নটি দেখেছি এবং আপনার উদ্বেগ বুঝতে পেরেছি। আমি যথাসাধ্য আপনাকে সাহায্য করার চেষ্টা করব। আপনার বর্ণনা করা লক্ষণগুলো বিভিন্ন কারণে হতে পারে এবং এর সঠিক কারণ নির্ণয়ের জন্য একটি বিস্তারিত পরীক্ষা প্রয়োজন। তাই আমি আপনাকে একজন বিশেষজ্ঞ ডাক্তারের সাথে সরাসরি পরামর্শ করার পরামর্শ দিচ্ছি। প্রয়োজনীয় পরীক্ষা-নিরীক্ষা করানো উচিত এবং রিপোর্ট অনুযায়ী চিকিৎসা শুরু করা যেতে পারে। এই সময়ে পর্যাপ্ত বিশ্রাম নিন, প্রচুর পানি পান করুন এবং স্বাস্থ্যকর খাবার খান। ডাক্তারের পরামর্শ ছাড়া কোনো ওষুধ সেবন করবেন না। যদি সমস্যা বাড়তে থাকে বা তীব্র হয়, তাহলে দেরি না করে দ্রুত ডাক্তারের শরণাপন্ন হন। আশা করি এই উত্তরটি আপনাকে সাহায্য করবে। আরও কোনো প্রশ্ন থাকলে নির্দ্বিধায় জিজ্ঞাসা করতে পারেন। ধন্যবাদ।"
58819,"হেলো, নাসেনিয়া ডকে আপনাকে স্বাগতম। আপনার অনুসন্ধানের জন্য ধন্যবাদ। আমি আপনার প্রশ্নটি দেখেছি এবং আপনার উদ্বেগ বুঝতে পেরেছি। আমি যথাসাধ্য আপনাকে সাহায্য করার চেষ্টা করব। আপনার বর্ণনা করা লক্ষণগুলো বিভিন্ন কারণে হতে পারে এবং এর সঠিক কারণ নির্ণয়ের জন্য একটি বিস্তারিত পরীক্ষা প্রয়োজন। তাই আমি আপনাকে একজন বিশেষজ্ঞ ডাক্তারের সাথে সরাসরি পরামর্শ করার পরামর্শ দিচ্ছি। প্রয়োজনীয় পরীক্ষা-নিরীক্ষা করানো উচিত এবং রিপোর্ট অনুযায়ী চিকিৎসা শুরু করা যেতে পারে। এই সময়ে পর্যাপ্ত বিশ্রাম নিন, প্রচুর পানি পান করুন এবং স্বাস্থ্যকর খাবার খান। ডাক্তারের পরামর্শ ছাড়া কোনো ওষুধ সেবন করবেন না। যদি সমস্যা বাড়তে থাকে বা তীব্র হয়, তাহলে দেরি না করে দ্রুত ডাক্তারের শরণাপন্ন হন। আশা করি এই উত্তরটি আপনাকে সাহায্য করবে। আরও কোনো প্রশ্ন থাকলে নির্দ্বিধায় জিজ্ঞাসা করতে পারেন। ধন্যবাদ।"
46377,"হেলো, নাসেনিয়া ডকে আপনাকে স্বাগতম। আপনার অনুসন্ধানের জন্য ধন্যবাদ। আমি আপনার প্রশ্নটি দেখেছি এবং আপনার উদ্বেগ বুঝতে পেরেছি। আমি যথাসাধ্য আপনাকে সাহায্য করার চেষ্টা করব। আপনার বর্ণনা করা লক্ষণগুলো বিভিন্ন কারণে হতে পারে এবং এর সঠিক কারণ নির্ণয়ের জন্য একটি বিস্তারিত পরীক্ষা প্রয়োজন। তাই আমি আপনাকে একজন বিশেষজ্ঞ ডাক্তারের সাথে সরাসরি পরামর্শ করার পরামর্শ দিচ্ছি। প্রয়োজনীয় পরীক্ষা-নিরীক্ষা করানো উচিত এবং রিপোর্ট অনুযায়ী চিকিৎসা শুরু করা যেতে পারে। এই সময়ে পর্যাপ্ত বিশ্রাম নিন, প্রচুর পানি পান করুন এবং স্বাস্থ্যকর খাবার খান। ডাক্তারের পরামর্শ ছাড়া কোনো ওষুধ সেবন করবেন না। যদি সমস্যা বাড়তে থাকে বা তীব্র হয়, তাহলে দেরি না করে দ্রুত ডাক্তারের শরণাপন্ন হন। আশা করি এই উত্তরটি আপনাকে সাহায্য করবে। আরও কোনো প্রশ্ন থাকলে নির্দ্বিধায় জিজ্ঞাসা করতে পারেন। ধন্যবাদ।"
93850,"হেলো, নাসেনিয়া ডকে আপনাকে স্বাগতম। আপনার অনুসন্ধানের জন্য ধন্যবাদ। আমি আপনার প্রশ্নটি দেখেছি এবং আপনার উদ্বেগ বুঝতে পেরেছি। আমি যথাসাধ্য আপনাকে সাহায্য করার চেষ্টা করব। আপনার বর্ণনা করা লক্ষণগুলো বিভিন্ন কারণে হতে পারে এবং এর সঠিক কারণ নির্ণয়ের জন্য একটি বিস্তারিত পরীক্ষা প্রয়োজন। তাই আমি আপনাকে একজন বিশেষজ্ঞ ডাক্তারের সাথে সরাসরি পরামর্শ করার পরামর্শ দিচ্ছি। প্রয়োজনীয় পরীক্ষা-নিরীক্ষা করানো উচিত এবং রিপোর্ট অনুযায়ী চিকিৎসা শুরু করা যেতে পারে। এই সময়ে পর্যাপ্ত বিশ্রাম নিন, প্রচুর পানি পান করুন এবং স্বাস্থ্যকর খাবার খান। ডাক্তারের পরামর্শ ছাড়া কোনো ওষুধ সেবন করবেন না। যদি সমস্যা বাড়তে থাকে বা তীব্র হয়, তাহলে দেরি না করে দ্রুত ডাক্তারের শরণাপন্ন হন। আশা করি এই উত্তরটি আপনাকে সাহায্য করবে। আরও কোনো প্রশ্ন থাকলে নির্দ্বিধায় জিজ্ঞাসা করতে পারেন। ধন্যবাদ।"
95147,"হেলো, নাসেনিয়া ডকে আপনাকে স্বাগতম। আপনার অনুসন্ধানের জন্য ধন্যবাদ। আমি আপনার প্রশ্নটি দেখেছি এবং আপনার উদ্বেগ বুঝতে পেরেছি। আমি যথাসাধ্য আপনাকে সাহায্য করার চেষ্টা করব। আপনার বর্ণনা করা লক্ষণগুলো বিভিন্ন কারণে হতে পারে এবং এর সঠিক কারণ নির্ণয়ের জন্য একটি বিস্তারিত পরীক্ষা প্রয়োজন। তাই আমি আপনাকে একজন বিশেষজ্ঞ ডাক্তারের সাথে সরাসরি পরামর্শ করার পরামর্শ দিচ্ছি। প্রয়োজনীয় পরীক্ষা-নিরীক্ষা করানো উচিত এবং রিপোর্ট অনুযায়ী চিকিৎসা শুরু করা যেতে পারে। এই সময়ে পর্যাপ্ত বিশ্রাম নিন, প্রচুর পানি পান করুন এবং স্বাস্থ্যকর খাবার খান। ডাক্তারের পরামর্শ ছাড়া কোনো ওষুধ সেবন করবেন না। যদি সমস্যা বাড়তে থাকে বা তীব্র হয়, তাহলে দেরি না করে দ্রুত ডাক্তারের শরণাপন্ন হন। আশা করি এই উত্তরটি আপনাকে সাহায্য করবে। আরও কোনো প্রশ্ন থাকলে নির্দ্বিধায় জিজ্ঞাসা করতে পারেন। ধন্যবাদ।"
80247,"হেলো, নাসেনিয়া ডকে আপনাকে স্বাগতম। আপনার অনুসন্ধানের জন্য ধন্যবাদ। আমি আপনার প্রশ্নটি দেখেছি এবং আপনার উদ্বেগ বুঝতে পেরেছি। আমি যথাসাধ্য আপনাকে সাহায্য করার চেষ্টা করব। আপনার বর্ণনা করা লক্ষণগুলো বিভিন্ন কারণে হতে পারে এবং এর সঠিক কারণ নির্ণয়ের জন্য একটি বিস্তারিত পরীক্ষা প্রয়োজন। তাই আমি আপনাকে একজন বিশেষজ্ঞ ডাক্তারের সাথে সরাসরি পরামর্শ করার পরামর্শ দিচ্ছি। প্রয়োজনীয় পরীক্ষা-নিরীক্ষা করানো উচিত এবং রিপোর্ট অনুযায়ী চিকিৎসা শুরু করা যেতে পারে। এই সময়ে পর্যাপ্ত বিশ্রাম নিন, প্রচুর পানি পান করুন এবং স্বাস্থ্যকর খাবার খান। ডাক্তারের পরামর্শ ছাড়া কোনো ওষুধ সেবন করবেন না। যদি সমস্যা বাড়তে থাকে বা তীব্র হয়, তাহলে দেরি না করে দ্রুত ডাক্তারের শরণাপন্ন হন। আশা করি এই উত্তরটি আপনাকে সাহায্য করবে। আরও কোনো প্রশ্ন থাকলে নির্দ্বিধায় জিজ্ঞাসা করতে পারেন। ধন্যবাদ।"
6253,"হেলো, নাসেনিয়া ডকে আপনাকে স্বাগতম। আপনার অনুসন্ধানের জন্য ধন্যবাদ। আমি আপনার প্রশ্নটি দেখেছি এবং আপনার উদ্বেগ বুঝতে পেরেছি। আমি যথাসাধ্য আপনাকে সাহায্য করার চেষ্টা করব। আপনার বর্ণনা করা লক্ষণগুলো বিভিন্ন কারণে হতে পারে এবং এর সঠিক কারণ নির্ণয়ের জন্য একটি বিস্তারিত পরীক্ষা প্রয়োজন। তাই আমি আপনাকে একজন বিশেষজ্ঞ ডাক্তারের সাথে সরাসরি পরামর্শ করার পরামর্শ দিচ্ছি। প্রয়োজনীয় পরীক্ষা-নিরীক্ষা করানো উচিত এবং রিপোর্ট অনুযায়ী চিকিৎসা শুরু করা যেতে পারে। এই সময়ে পর্যাপ্ত বিশ্রাম নিন, প্রচুর পানি পান করুন এবং স্বাস্থ্যকর খাবার খান। ডাক্তারের পরামর্শ ছাড়া কোনো ওষুধ সেবন করবেন না। যদি সমস্যা বাড়তে থাকে বা তীব্র হয়, তাহলে দেরি না করে দ্রুত ডাক্তারের শরণাপন্ন হন। আশা করি এই উত্তরটি আপনাকে সাহায্য করবে। আরও কোনো প্রশ্ন থাকলে নির্দ্বিধায় জিজ্ঞাসা করতে পারেন। ধন্যবাদ।"
61385,"হেলো, নাসেনিয়া ডকে আপনাকে স্বাগতম। আপনার অনুসন্ধানের জন্য ধন্যবাদ। আমি আপনার প্রশ্নটি দেখেছি এবং আপনার উদ্বেগ বুঝতে পেরেছি। আমি যথাসাধ্য আপনাকে সাহায্য করার চেষ্টা করব। আপনার বর্ণনা করা লক্ষণগুলো বিভিন্ন কারণে হতে পারে এবং এর সঠিক কারণ নির্ণয়ের জন্য একটি বিস্তারিত পরীক্ষা প্রয়োজন। তাই আমি আপনাকে একজন বিশেষজ্ঞ ডাক্তারের সাথে সরাসরি পরামর্শ করার পরামর্শ দিচ্ছি। প্রয়োজনীয় পরীক্ষা-নিরীক্ষা করানো উচিত এবং রিপোর্ট অনুযায়ী চিকিৎসা শুরু করা যেতে পারে। এই সময়ে পর্যাপ্ত বিশ্রাম নিন, প্রচুর পানি পান করুন এবং স্বাস্থ্যকর খাবার খান। ডাক্তারের পরামর্শ ছাড়া কোনো ওষুধ সেবন করবেন না। যদি সমস্যা বাড়তে থাকে বা তীব্র হয়, তাহলে দেরি না করে দ্রুত ডাক্তারের শরণাপন্ন হন। আশা করি এই উত্তরটি আপনাকে সাহায্য করবে। আরও কোনো প্রশ্ন থাকলে নির্দ্বিধায় জিজ্ঞাসা করতে পারেন। ধন্যবাদ।"
103918,"হেলো, নাসেনিয়া ডকে আপনাকে স্বাগতম। আপনার অনুসন্ধানের জন্য ধন্যবাদ। আমি আপনার প্রশ্নটি দেখেছি এবং আপনার উদ্বেগ বুঝতে পেরেছি। আমি যথাসাধ্য আপনাকে সাহায্য করার চেষ্টা করব। আপনার বর্ণনা করা লক্ষণগুলো বিভিন্ন কারণে হতে পারে এবং এর সঠিক কারণ নির্ণয়ের জন্য একটি বিস্তারিত পরীক্ষা প্রয়োজন। তাই আমি আপনাকে একজন বিশেষজ্ঞ ডাক্তারের সাথে সরাসরি পরামর্শ করার পরামর্শ দিচ্ছি। প্রয়োজনীয় পরীক্ষা-নিরীক্ষা করানো উচিত এবং রিপোর্ট অনুযায়ী চিকিৎসা শুরু করা যেতে পারে। এই সময়ে পর্যাপ্ত বিশ্রাম নিন, প্রচুর পানি পান করুন এবং স্বাস্থ্যকর খাবার খান। ডাক্তারের পরামর্শ ছাড়া কোনো ওষুধ সেবন করবেন না। যদি সমস্যা বাড়তে থাকে বা তীব্র হয়, তাহলে দেরি না করে দ্রুত ডাক্তারের শরণাপন্ন হন। আশা করি এই উত্তরটি আপনাকে সাহায্য করবে। আরও কোনো প্রশ্ন থাকলে নির্দ্বিধায় জিজ্ঞাসা করতে পারেন। ধন্যবাদ।"
26574,"হেলো, নাসেনিয়া ডকে আপনাকে স্বাগতম। আপনার অনুসন্ধানের জন্য ধন্যবাদ। আমি আপনার প্রশ্নটি দেখেছি এবং আপনার উদ্বেগ বুঝতে পেরেছি। আমি যথাসাধ্য আপনাকে সাহায্য করার চেষ্টা করব। আপনার বর্ণনা করা লক্ষণগুলো বিভিন্ন কারণে হতে পারে এবং এর সঠিক কারণ নির্ণয়ের জন্য একটি বিস্তারিত পরীক্ষা প্রয়োজন। তাই আমি আপনাকে একজন বিশেষজ্ঞ ডাক্তারের সাথে সরাসরি পরামর্শ করার পরামর্শ দিচ্ছি। প্রয়োজনীয় পরীক্ষা-নিরীক্ষা করানো উচিত এবং রিপোর্ট অনুযায়ী চিকিৎসা শুরু করা যেতে পারে। এই সময়ে পর্যাপ্ত বিশ্রাম নিন, প্রচুর পানি পান করুন এবং স্বাস্থ্যকর খাবার খান। ডাক্তারের পরামর্শ ছাড়া কোনো ওষুধ সেবন করবেন না। যদি সমস্যা বাড়তে থাকে বা তীব্র হয়, তাহলে দেরি না করে দ্রুত ডাক্তারের শরণাপন্ন হন। আশা করি এই উত্তরটি আপনাকে সাহায্য করবে। আরও কোনো প্রশ্ন থাকলে নির্দ্বিধায় জিজ্ঞাসা করতে পারেন। ধন্যবাদ।"
50265,"হেলো, নাসেনিয়া ডকে আপনাকে স্বাগতম। আপনার অনুসন্ধানের জন্য ধন্যবাদ। আমি আপনার প্রশ্নটি দেখেছি এবং আপনার উদ্বেগ বুঝতে পেরেছি। আমি যথাসাধ্য আপনাকে সাহায্য করার চেষ্টা করব। আপনার বর্ণনা করা লক্ষণগুলো বিভিন্ন কারণে হতে পারে এবং এর সঠিক কারণ নির্ণয়ের জন্য একটি বিস্তারিত পরীক্ষা প্রয়োজন। তাই আমি আপনাকে একজন বিশেষজ্ঞ ডাক্তারের সাথে সরাসরি পরামর্শ করার পরামর্শ দিচ্ছি। প্রয়োজনীয় পরীক্ষা-নিরীক্ষা করানো উচিত এবং রিপোর্ট অনুযায়ী চিকিৎসা শুরু করা যেতে পারে। এই সময়ে পর্যাপ্ত বিশ্রাম নিন, প্রচুর পানি পান করুন এবং স্বাস্থ্যকর খাবার খান। ডাক্তারের পরামর্শ ছাড়া কোনো ওষুধ সেবন করবেন না। যদি সমস্যা বাড়তে থাকে বা তীব্র হয়, তাহলে দেরি না করে দ্রুত ডাক্তারের শরণাপন্ন হন। আশা করি এই উত্তরটি আপনাকে সাহায্য করবে। আরও কোনো প্রশ্ন থাকলে নির্দ্বিধায় জিজ্ঞাসা করতে পারেন। ধন্যবাদ।"
96771,"হেলো, নাসেনিয়া ডকে আপনাকে স্বাগতম। আপনার অনুসন্ধানের জন্য ধন্যবাদ। আমি আপনার প্রশ্নটি দেখেছি এবং আপনার উদ্বেগ বুঝতে পেরেছি। আমি যথাসাধ্য আপনাকে সাহায্য করার চেষ্টা করব। আপনার বর্ণনা করা লক্ষণগুলো বিভিন্ন কারণে হতে পারে এবং এর সঠিক কারণ নির্ণয়ের জন্য একটি বিস্তারিত পরীক্ষা প্রয়োজন। তাই আমি আপনাকে একজন বিশেষজ্ঞ ডাক্তারের সাথে সরাসরি পরামর্শ করার পরামর্শ দিচ্ছি। প্রয়োজনীয় পরীক্ষা-নিরীক্ষা করানো উচিত এবং রিপোর্ট অনুযায়ী চিকিৎসা শুরু করা যেতে পারে। এই সময়ে পর্যাপ্ত বিশ্রাম নিন, প্রচুর পানি পান করুন এবং স্বাস্থ্যকর খাবার খান। ডাক্তারের পরামর্শ ছাড়া কোনো ওষুধ সেবন করবেন না। যদি সমস্যা বাড়তে থাকে বা তীব্র হয়, তাহলে দেরি না করে দ্রুত ডাক্তারের শরণাপন্ন হন। আশা করি এই উত্তরটি আপনাকে সাহায্য করবে। আরও কোনো প্রশ্ন থাকলে নির্দ্বিধায় জিজ্ঞাসা করতে পারেন। ধন্যবাদ।"
33653,"হেলো, নাসেনিয়া ডকে আপনাকে স্বাগতম। আপনার অনুসন্ধানের জন্য ধন্যবাদ। আমি আপনার প্রশ্নটি দেখেছি এবং আপনার উদ্বেগ বুঝতে পেরেছি। আমি যথাসাধ্য আপনাকে সাহায্য করার চেষ্টা করব। আপনার বর্ণনা করা লক্ষণগুলো বিভিন্ন কারণে হতে পারে এবং এর সঠিক কারণ নির্ণয়ের জন্য একটি বিস্তারিত পরীক্ষা প্রয়োজন। তাই আমি আপনাকে একজন বিশেষজ্ঞ ডাক্তারের সাথে সরাসরি পরামর্শ করার পরামর্শ দিচ্ছি। প্রয়োজনীয় পরীক্ষা-নিরীক্ষা করানো উচিত এবং রিপোর্ট অনুযায়ী চিকিৎসা শুরু করা যেতে পারে। এই সময়ে পর্যাপ্ত বিশ্রাম নিন, প্রচুর পানি পান করুন এবং স্বাস্থ্যকর খাবার খান। ডাক্তারের পরামর্শ ছাড়া কোনো ওষুধ সেবন করবেন না। যদি সমস্যা বাড়তে থাকে বা তীব্র হয়, তাহলে দেরি না করে দ্রুত ডাক্তারের শরণাপন্ন হন। আশা করি এই উত্তরটি আপনাকে সাহায্য করবে। আরও কোনো প্রশ্ন থাকলে নির্দ্বিধায় জিজ্ঞাসা করতে পারেন। ধন্যবাদ।"
112088,"হেলো, নাসেনিয়া ডকে আপনাকে স্বাগতম। আপনার অনুসন্ধানের জন্য ধন্যবাদ। আমি আপনার প্রশ্নটি দেখেছি এবং আপনার উদ্বেগ বুঝতে পেরেছি। আমি যথাসাধ্য আপনাকে সাহায্য করার চেষ্টা করব। আপনার বর্ণনা করা লক্ষণগুলো বিভিন্ন কারণে হতে পারে এবং এর সঠিক কারণ নির্ণয়ের জন্য একটি বিস্তারিত পরীক্ষা প্রয়োজন। তাই আমি আপনাকে একজন বিশেষজ্ঞ ডাক্তারের সাথে সরাসরি পরামর্শ করার পরামর্শ দিচ্ছি। প্রয়োজনীয় পরীক্ষা-নিরীক্ষা করানো উচিত এবং রিপোর্ট অনুযায়ী চিকিৎসা শুরু করা যেতে পারে। এই সময়ে পর্যাপ্ত বিশ্রাম নিন, প্রচুর পানি পান করুন এবং স্বাস্থ্যকর খাবার খান। ডাক্তারের পরামর্শ ছাড়া কোনো ওষুধ সেবন করবেন না। যদি সমস্যা বাড়তে থাকে বা তীব্র হয়, তাহলে দেরি না করে দ্রুত ডাক্তারের শরণাপন্ন হন। আশা করি এই উত্তরটি আপনাকে সাহায্য করবে। আরও কোনো প্রশ্ন থাকলে নির্দ্বিধায় জিজ্ঞাসা করতে পারেন। ধন্যবাদ।"
48931,"হেলো, নাসেনিয়া ডকে আপনাকে স্বাগতম। আপনার অনুসন্ধানের জন্য ধন্যবাদ। আমি আপনার প্রশ্নটি দেখেছি এবং আপনার উদ্বেগ বুঝতে পেরেছি। আমি যথাসাধ্য আপনাকে সাহায্য করার চেষ্টা করব। আপনার বর্ণনা করা লক্ষণগুলো বিভিন্ন কারণে হতে পারে এবং এর সঠিক কারণ নির্ণয়ের জন্য একটি বিস্তারিত পরীক্ষা প্রয়োজন। তাই আমি আপনাকে একজন বিশেষজ্ঞ ডাক্তারের সাথে সরাসরি পরামর্শ করার পরামর্শ দিচ্ছি। প্রয়োজনীয় পরীক্ষা-নিরীক্ষা করানো উচিত এবং রিপোর্ট অনুযায়ী চিকিৎসা শুরু করা যেতে পারে। এই সময়ে পর্যাপ্ত বিশ্রাম নিন, প্রচুর পানি পান করুন এবং স্বাস্থ্যকর খাবার খান। ডাক্তারের পরামর্শ ছাড়া কোনো ওষুধ সেবন করবেন না। যদি সমস্যা বাড়তে থাকে বা তীব্র হয়, তাহলে দেরি না করে দ্রুত ডাক্তারের শরণাপন্ন হন। আশা করি এই উত্তরটি আপনাকে সাহায্য করবে। আরও কোনো প্রশ্ন থাকলে নির্দ্বিধায় জিজ্ঞাসা করতে পারেন। ধন্যবাদ।"
24763,"হেলো, নাসেনিয়া ডকে আপনাকে স্বাগতম। আপনার অনুসন্ধানের জন্য ধন্যবাদ। আমি আপনার প্রশ্নটি দেখেছি এবং আপনার উদ্বেগ বুঝতে পেরেছি। আমি যথাসাধ্য আপনাকে সাহায্য করার চেষ্টা করব। আপনার বর্ণনা করা লক্ষণগুলো বিভিন্ন কারণে হতে পারে এবং এর সঠিক কারণ নির্ণয়ের জন্য একটি বিস্তারিত পরীক্ষা প্রয়োজন। তাই আমি আপনাকে একজন বিশেষজ্ঞ ডাক্তারের সাথে সরাসরি পরামর্শ করার পরামর্শ দিচ্ছি। প্রয়োজনীয় পরীক্ষা-নিরীক্ষা করানো উচিত এবং রিপোর্ট অনুযায়ী চিকিৎসা শুরু করা যেতে পারে। এই সময়ে পর্যাপ্ত বিশ্রাম নিন, প্রচুর পানি পান করুন এবং স্বাস্থ্যকর খাবার খান। ডাক্তারের পরামর্শ ছাড়া কোনো ওষুধ সেবন করবেন না। যদি সমস্যা বাড়তে থাকে বা তীব্র হয়, তাহলে দেরি না করে দ্রুত ডাক্তারের শরণাপন্ন হন। আশা করি এই উত্তরটি আপনাকে সাহায্য করবে। আরও কোনো প্রশ্ন থাকলে নির্দ্বিধায় জিজ্ঞাসা করতে পারেন। ধন্যবাদ।"
106947,"হেলো, নাসেনিয়া ডকে আপনাকে স্বাগতম। আপনার অনুসন্ধানের জন্য ধন্যবাদ। আমি আপনার প্রশ্নটি দেখেছি এবং আপনার উদ্বেগ বুঝতে পেরেছি। আমি যথাসাধ্য আপনাকে সাহায্য করার চেষ্টা করব। আপনার বর্ণনা করা লক্ষণগুলো বিভিন্ন কারণে হতে পারে এবং এর সঠিক কারণ নির্ণয়ের জন্য একটি বিস্তারিত পরীক্ষা প্রয়োজন। তাই আমি আপনাকে একজন বিশেষজ্ঞ ডাক্তারের সাথে সরাসরি পরামর্শ করার পরামর্শ দিচ্ছি। প্রয়োজনীয় পরীক্ষা-নিরীক্ষা করানো উচিত এবং রিপোর্ট অনুযায়ী চিকিৎসা শুরু করা যেতে পারে। এই সময়ে পর্যাপ্ত বিশ্রাম নিন, প্রচুর পানি পান করুন এবং স্বাস্থ্যকর খাবার খান। ডাক্তারের পরামর্শ ছাড়া কোনো ওষুধ সেবন করবেন না। যদি সমস্যা বাড়তে থাকে বা তীব্র হয়, তাহলে দেরি না করে দ্রুত ডাক্তারের শরণাপন্ন হন। আশা করি এই উত্তরটি আপনাকে সাহায্য করবে। আরও কোনো প্রশ্ন থাকলে নির্দ্বিধায় জিজ্ঞাসা করতে পারেন। ধন্যবাদ।"
74799,"হেলো, নাসেনিয়া ডকে আপনাকে স্বাগতম। আপনার অনুসন্ধানের জন্য ধন্যবাদ। আমি আপনার প্রশ্নটি দেখেছি এবং আপনার উদ্বেগ বুঝতে পেরেছি। আমি যথাসাধ্য আপনাকে সাহায্য করার চেষ্টা করব। আপনার বর্ণনা করা লক্ষণগুলো বিভিন্ন কারণে হতে পারে এবং এর সঠিক কারণ নির্ণয়ের জন্য একটি বিস্তারিত পরীক্ষা প্রয়োজন। তাই আমি আপনাকে একজন বিশেষজ্ঞ ডাক্তারের সাথে সরাসরি পরামর্শ করার পরামর্শ দিচ্ছি। প্রয়োজনীয় পরীক্ষা-নিরীক্ষা করানো উচিত এবং রিপোর্ট অনুযায়ী চিকিৎসা শুরু করা যেতে পারে। এই সময়ে পর্যাপ্ত বিশ্রাম নিন, প্রচুর পানি পান করুন এবং স্বাস্থ্যকর খাবার খান। ডাক্তারের পরামর্শ ছাড়া কোনো ওষুধ সেবন করবেন না। যদি সমস্যা বাড়তে থাকে বা তীব্র হয়, তাহলে দেরি না করে দ্রুত ডাক্তারের শরণাপন্ন হন। আশা করি এই উত্তরটি আপনাকে সাহায্য করবে। আরও কোনো প্রশ্ন থাকলে নির্দ্বিধায় জিজ্ঞাসা করতে পারেন। ধন্যবাদ।"
23896,"হেলো, নাসেনিয়া ডকে আপনাকে স্বাগতম। আপনার অনুসন্ধানের জন্য ধন্যবাদ। আমি আপনার প্রশ্নটি দেখেছি এবং আপনার উদ্বেগ বুঝতে পেরেছি। আমি যথাসাধ্য আপনাকে সাহায্য করার চেষ্টা করব। আপনার বর্ণনা করা লক্ষণগুলো বিভিন্ন কারণে হতে পারে এবং এর সঠিক কারণ নির্ণয়ের জন্য একটি বিস্তারিত পরীক্ষা প্রয়োজন। তাই আমি আপনাকে একজন বিশেষজ্ঞ ডাক্তারের সাথে সরাসরি পরামর্শ করার পরামর্শ দিচ্ছি। প্রয়োজনীয় পরীক্ষা-নিরীক্ষা করানো উচিত এবং রিপোর্ট অনুযায়ী চিকিৎসা শুরু করা যেতে পারে। এই সময়ে পর্যাপ্ত বিশ্রাম নিন, প্রচুর পানি পান করুন এবং স্বাস্থ্যকর খাবার খান। ডাক্তারের পরামর্শ ছাড়া কোনো ওষুধ সেবন করবেন না। যদি সমস্যা বাড়তে থাকে বা তীব্র হয়, তাহলে দেরি না করে দ্রুত ডাক্তারের শরণাপন্ন হন। আশা করি এই উত্তরটি আপনাকে সাহায্য করবে। আরও কোনো প্রশ্ন থাকলে নির্দ্বিধায় জিজ্ঞাসা করতে পারেন। ধন্যবাদ।"
3185,"হেলো, নাসেনিয়া ডকে আপনাকে স্বাগতম। আপনার অনুসন্ধানের জন্য ধন্যবাদ। আমি আপনার প্রশ্নটি দেখেছি এবং আপনার উদ্বেগ বুঝতে পেরেছি। আমি যথাসাধ্য আপনাকে সাহায্য করার চেষ্টা করব। আপনার বর্ণনা করা লক্ষণগুলো বিভিন্ন কারণে হতে পারে এবং এর সঠিক কারণ নির্ণয়ের জন্য একটি বিস্তারিত পরীক্ষা প্রয়োজন। তাই আমি আপনাকে একজন বিশেষজ্ঞ ডাক্তারের সাথে সরাসরি পরামর্শ করার পরামর্শ দিচ্ছি। প্রয়োজনীয় পরীক্ষা-নিরীক্ষা করানো উচিত এবং রিপোর্ট অনুযায়ী চিকিৎসা শুরু করা যেতে পারে। এই সময়ে পর্যাপ্ত বিশ্রাম নিন, প্রচুর পানি পান করুন এবং স্বাস্থ্যকর খাবার খান। ডাক্তারের পরামর্শ ছাড়া কোনো ওষুধ সেবন করবেন না। যদি সমস্যা বাড়তে থাকে বা তীব্র হয়, তাহলে দেরি না করে দ্রুত ডাক্তারের শরণাপন্ন হন। আশা করি এই উত্তরটি আপনাকে সাহায্য করবে। আরও কোনো প্রশ্ন থাকলে নির্দ্বিধায় জিজ্ঞাসা করতে পারেন। ধন্যবাদ।"
65749,"হেলো, নাসেনিয়া ডকে আপনাকে স্বাগতম। আপনার অনুসন্ধানের জন্য ধন্যবাদ। আমি আপনার প্রশ্নটি দেখেছি এবং আপনার উদ্বেগ বুঝতে পেরেছি। আমি যথাসাধ্য আপনাকে সাহায্য করার চেষ্টা করব। আপনার বর্ণনা করা লক্ষণগুলো বিভিন্ন কারণে হতে পারে এবং এর সঠিক কারণ নির্ণয়ের জন্য একটি বিস্তারিত পরীক্ষা প্রয়োজন। তাই আমি আপনাকে একজন বিশেষজ্ঞ ডাক্তারের সাথে সরাসরি পরামর্শ করার পরামর্শ দিচ্ছি। প্রয়োজনীয় পরীক্ষা-নিরীক্ষা করানো উচিত এবং রিপোর্ট অনুযায়ী চিকিৎসা শুরু করা যেতে পারে। এই সময়ে পর্যাপ্ত বিশ্রাম নিন, প্রচুর পানি পান করুন এবং স্বাস্থ্যকর খাবার খান। ডাক্তারের পরামর্শ ছাড়া কোনো ওষুধ সেবন করবেন না। যদি সমস্যা বাড়তে থাকে বা তীব্র হয়, তাহলে দেরি না করে দ্রুত ডাক্তারের শরণাপন্ন হন। আশা করি এই উত্তরটি আপনাকে সাহায্য করবে। আরও কোনো প্রশ্ন থাকলে নির্দ্বিধায় জিজ্ঞাসা করতে পারেন। ধন্যবাদ।"
7900,"হেলো, নাসেনিয়া ডকে আপনাকে স্বাগতম। আপনার অনুসন্ধানের জন্য ধন্যবাদ। আমি আপনার প্রশ্নটি দেখেছি এবং আপনার উদ্বেগ বুঝতে পেরেছি। আমি যথাসাধ্য আপনাকে সাহায্য করার চেষ্টা করব। আপনার বর্ণনা করা লক্ষণগুলো বিভিন্ন কারণে হতে পারে এবং এর সঠিক কারণ নির্ণয়ের জন্য একটি বিস্তারিত পরীক্ষা প্রয়োজন। তাই আমি আপনাকে একজন বিশেষজ্ঞ ডাক্তারের সাথে সরাসরি পরামর্শ করার পরামর্শ দিচ্ছি। প্রয়োজনীয় পরীক্ষা-নিরীক্ষা করানো উচিত এবং রিপোর্ট অনুযায়ী চিকিৎসা শুরু করা যেতে পারে। এই সময়ে পর্যাপ্ত বিশ্রাম নিন, প্রচুর পানি পান করুন এবং স্বাস্থ্যকর খাবার খান। ডাক্তারের পরামর্শ ছাড়া কোনো ওষুধ সেবন করবেন না। যদি সমস্যা বাড়তে থাকে বা তীব্র হয়, তাহলে দেরি না করে দ্রুত ডাক্তারের শরণাপন্ন হন। আশা করি এই উত্তরটি আপনাকে সাহায্য করবে। আরও কোনো প্রশ্ন থাকলে নির্দ্বিধায় জিজ্ঞাসা করতে পারেন। ধন্যবাদ।"
3513,"হেলো, নাসেনিয়া ডকে আপনাকে স্বাগতম। আপনার অনুসন্ধানের জন্য ধন্যবাদ। আমি আপনার প্রশ্নটি দেখেছি এবং আপনার উদ্বেগ বুঝতে পেরেছি। আমি যথাসাধ্য আপনাকে সাহায্য করার চেষ্টা করব। আপনার বর্ণনা করা লক্ষণগুলো বিভিন্ন কারণে হতে পারে এবং এর সঠিক কারণ নির্ণয়ের জন্য একটি বিস্তারিত পরীক্ষা প্রয়োজন। তাই আমি আপনাকে একজন বিশেষজ্ঞ ডাক্তারের সাথে সরাসরি পরামর্শ করার পরামর্শ দিচ্ছি। প্রয়োজনীয় পরীক্ষা-নিরীক্ষা করানো উচিত এবং রিপোর্ট অনুযায়ী চিকিৎসা শুরু করা যেতে পারে। এই সময়ে পর্যাপ্ত বিশ্রাম নিন, প্রচুর পানি পান করুন এবং স্বাস্থ্যকর খাবার খান। ডাক্তারের পরামর্শ ছাড়া কোনো ওষুধ সেবন করবেন না। যদি সমস্যা বাড়তে থাকে বা তীব্র হয়, তাহলে দেরি না করে দ্রুত ডাক্তারের শরণাপন্ন হন। আশা করি এই উত্তরটি আপনাকে সাহায্য করবে। আরও কোনো প্রশ্ন থাকলে নির্দ্বিধায় জিজ্ঞাসা করতে পারেন। ধন্যবাদ।"
27473,"হেলো, নাসেনিয়া ডকে আপনাকে স্বাগতম। আপনার অনুসন্ধানের জন্য ধন্যবাদ। আমি আপনার প্রশ্নটি দেখেছি এবং আপনার উদ্বেগ বুঝতে পেরেছি। আমি যথাসাধ্য আপনাকে সাহায্য করার চেষ্টা করব। আপনার বর্ণনা করা লক্ষণগুলো বিভিন্ন কারণে হতে পারে এবং এর সঠিক কারণ নির্ণয়ের জন্য একটি বিস্তারিত পরীক্ষা প্রয়োজন। তাই আমি আপনাকে একজন বিশেষজ্ঞ ডাক্তারের সাথে সরাসরি পরামর্শ করার পরামর্শ দিচ্ছি। প্রয়োজনীয় পরীক্ষা-নিরীক্ষা করানো উচিত এবং রিপোর্ট অনুযায়ী চিকিৎসা শুরু করা যেতে পারে। এই সময়ে পর্যাপ্ত বিশ্রাম নিন, প্রচুর পানি পান করুন এবং স্বাস্থ্যকর খাবার খান। ডাক্তারের পরামর্শ ছাড়া কোনো ওষুধ সেবন করবেন না। যদি সমস্যা বাড়তে থাকে বা তীব্র হয়, তাহলে দেরি না করে দ্রুত ডাক্তারের শরণাপন্ন হন। আশা করি এই উত্তরটি আপনাকে সাহায্য করবে। আরও কোনো প্রশ্ন থাকলে নির্দ্বিধায় জিজ্ঞাসা করতে পারেন। ধন্যবাদ।"
63448,"হেলো, নাসেনিয়া ডকে আপনাকে স্বাগতম। আপনার অনুসন্ধানের জন্য ধন্যবাদ। আমি আপনার প্রশ্নটি দেখেছি এবং আপনার উদ্বেগ বুঝতে পেরেছি। আমি যথাসাধ্য আপনাকে সাহায্য করার চেষ্টা করব। আপনার বর্ণনা করা লক্ষণগুলো বিভিন্ন কারণে হতে পারে এবং এর সঠিক কারণ নির্ণয়ের জন্য একটি বিস্তারিত পরীক্ষা প্রয়োজন। তাই আমি আপনাকে একজন বিশেষজ্ঞ ডাক্তারের সাথে সরাসরি পরামর্শ করার পরামর্শ দিচ্ছি। প্রয়োজনীয় পরীক্ষা-নিরীক্ষা করানো উচিত এবং রিপোর্ট অনুযায়ী চিকিৎসা শুরু করা যেতে পারে। এই সময়ে পর্যাপ্ত বিশ্রাম নিন, প্রচুর পানি পান করুন এবং স্বাস্থ্যকর খাবার খান। ডাক্তারের পরামর্শ ছাড়া কোনো ওষুধ সেবন করবেন না। যদি সমস্যা বাড়তে থাকে বা তীব্র হয়, তাহলে দেরি না করে দ্রুত ডাক্তারের শরণাপন্ন হন। আশা করি এই উত্তরটি আপনাকে সাহায্য করবে। আরও কোনো প্রশ্ন থাকলে নির্দ্বিধায় জিজ্ঞাসা করতে পারেন। ধন্যবাদ।"
10736,"হেলো, নাসেনিয়া ডকে আপনাকে স্বাগতম। আপনার অনুসন্ধানের জন্য ধন্যবাদ। আমি আপনার প্রশ্নটি দেখেছি এবং আপনার উদ্বেগ বুঝতে পেরেছি। আমি যথাসাধ্য আপনাকে সাহায্য করার চেষ্টা করব। আপনার বর্ণনা করা লক্ষণগুলো বিভিন্ন কারণে হতে পারে এবং এর সঠিক কারণ নির্ণয়ের জন্য একটি বিস্তারিত পরীক্ষা প্রয়োজন। তাই আমি আপনাকে একজন বিশেষজ্ঞ ডাক্তারের সাথে সরাসরি পরামর্শ করার পরামর্শ দিচ্ছি। প্রয়োজনীয় পরীক্ষা-নিরীক্ষা করানো উচিত এবং রিপোর্ট অনুযায়ী চিকিৎসা শুরু করা যেতে পারে। এই সময়ে পর্যাপ্ত বিশ্রাম নিন, প্রচুর পানি পান করুন এবং স্বাস্থ্যকর খাবার খান। ডাক্তারের পরামর্শ ছাড়া কোনো ওষুধ সেবন করবেন না। যদি সমস্যা বাড়তে থাকে বা তীব্র হয়, তাহলে দেরি না করে দ্রুত ডাক্তারের শরণাপন্ন হন। আশা করি এই উত্তরটি আপনাকে সাহায্য করবে। আরও কোনো প্রশ্ন থাকলে নির্দ্বিধায় জিজ্ঞাসা করতে পারেন। ধন্যবাদ।"
78850,"হেলো, নাসেনিয়া ডকে আপনাকে স্বাগতম। আপনার অনুসন্ধানের জন্য ধন্যবাদ। আমি আপনার প্রশ্নটি দেখেছি এবং আপনার উদ্বেগ বুঝতে পেরেছি। আমি যথাসাধ্য আপনাকে সাহায্য করার চেষ্টা করব। আপনার বর্ণনা করা লক্ষণগুলো বিভিন্ন কারণে হতে পারে এবং এর সঠিক কারণ নির্ণয়ের জন্য একটি বিস্তারিত পরীক্ষা প্রয়োজন। তাই আমি আপনাকে একজন বিশেষজ্ঞ ডাক্তারের সাথে সরাসরি পরামর্শ করার পরামর্শ দিচ্ছি। প্রয়োজনীয় পরীক্ষা-নিরীক্ষা করানো উচিত এবং রিপোর্ট অনুযায়ী চিকিৎসা শুরু করা যেতে পারে। এই সময়ে পর্যাপ্ত বিশ্রাম নিন, প্রচুর পানি পান করুন এবং স্বাস্থ্যকর খাবার খান। ডাক্তারের পরামর্শ ছাড়া কোনো ওষুধ সেবন করবেন না। যদি সমস্যা বাড়তে থাকে বা তীব্র হয়, তাহলে দেরি না করে দ্রুত ডাক্তারের শরণাপন্ন হন। আশা করি এই উত্তরটি আপনাকে সাহায্য করবে। আরও কোনো প্রশ্ন থাকলে নির্দ্বিধায় জিজ্ঞাসা করতে পারেন। ধন্যবাদ।"
90138,"হেলো, নাসেনিয়া ডকে আপনাকে স্বাগতম। আপনার অনুসন্ধানের জন্য ধন্যবাদ। আমি আপনার প্রশ্নটি দেখেছি এবং আপনার উদ্বেগ বুঝতে পেরেছি। আমি যথাসাধ্য আপনাকে সাহায্য করার চেষ্টা করব। আপনার বর্ণনা করা লক্ষণগুলো বিভিন্ন কারণে হতে পারে এবং এর সঠিক কারণ নির্ণয়ের জন্য একটি বিস্তারিত পরীক্ষা প্রয়োজন। তাই আমি আপনাকে একজন বিশেষজ্ঞ ডাক্তারের সাথে সরাসরি পরামর্শ করার পরামর্শ দিচ্ছি। প্রয়োজনীয় পরীক্ষা-নিরীক্ষা করানো উচিত এবং রিপোর্ট অনুযায়ী চিকিৎসা শুরু করা যেতে পারে। এই সময়ে পর্যাপ্ত বিশ্রাম নিন, প্রচুর পানি পান করুন এবং স্বাস্থ্যকর খাবার খান। ডাক্তারের পরামর্শ ছাড়া কোনো ওষুধ সেবন করবেন না। যদি সমস্যা বাড়তে থাকে বা তীব্র হয়, তাহলে দেরি না করে দ্রুত ডাক্তারের শরণাপন্ন হন। আশা করি এই উত্তরটি আপনাকে সাহায্য করবে। আরও কোনো প্রশ্ন থাকলে নির্দ্বিধায় জিজ্ঞাসা করতে পারেন। ধন্যবাদ।"
53185,"হেলো, নাসেনিয়া ডকে আপনাকে স্বাগতম। আপনার অনুসন্ধানের জন্য ধন্যবাদ। আমি আপনার প্রশ্নটি দেখেছি এবং আপনার উদ্বেগ বুঝতে পেরেছি। আমি যথাসাধ্য আপনাকে সাহায্য করার চেষ্টা করব। আপনার বর্ণনা করা লক্ষণগুলো বিভিন্ন কারণে হতে পারে এবং এর সঠিক কারণ নির্ণয়ের জন্য একটি বিস্তারিত পরীক্ষা প্রয়োজন। তাই আমি আপনাকে একজন বিশেষজ্ঞ ডাক্তারের সাথে সরাসরি পরামর্শ করার পরামর্শ দিচ্ছি। প্রয়োজনীয় পরীক্ষা-নিরীক্ষা করানো উচিত এবং রিপোর্ট অনুযায়ী চিকিৎসা শুরু করা যেতে পারে। এই সময়ে পর্যাপ্ত বিশ্রাম নিন, প্রচুর পানি পান করুন এবং স্বাস্থ্যকর খাবার খান। ডাক্তারের পরামর্শ ছাড়া কোনো ওষুধ সেবন করবেন না। যদি সমস্যা বাড়তে থাকে বা তীব্র হয়, তাহলে দেরি না করে দ্রুত ডাক্তারের শরণাপন্ন হন। আশা করি এই উত্তরটি আপনাকে সাহায্য করবে। আরও কোনো প্রশ্ন থাকলে নির্দ্বিধায় জিজ্ঞাসা করতে পারেন। ধন্যবাদ।"
98253,"হেলো, নাসেনিয়া ডকে আপনাকে স্বাগতম। আপনার অনুসন্ধানের জন্য ধন্যবাদ। আমি আপনার প্রশ্নটি দেখেছি এবং আপনার উদ্বেগ বুঝতে পেরেছি। আমি যথাসাধ্য আপনাকে সাহায্য করার চেষ্টা করব। আপনার বর্ণনা করা লক্ষণগুলো বিভিন্ন কারণে হতে পারে এবং এর সঠিক কারণ নির্ণয়ের জন্য একটি বিস্তারিত পরীক্ষা প্রয়োজন। তাই আমি আপনাকে একজন বিশেষজ্ঞ ডাক্তারের সাথে সরাসরি পরামর্শ করার পরামর্শ দিচ্ছি। প্রয়োজনীয় পরীক্ষা-নিরীক্ষা করানো উচিত এবং রিপোর্ট অনুযায়ী চিকিৎসা শুরু করা যেতে পারে। এই সময়ে পর্যাপ্ত বিশ্রাম নিন, প্রচুর পানি পান করুন এবং স্বাস্থ্যকর খাবার খান। ডাক্তারের পরামর্শ ছাড়া কোনো ওষুধ সেবন করবেন না। যদি সমস্যা বাড়তে থাকে বা তীব্র হয়, তাহলে দেরি না করে দ্রুত ডাক্তারের শরণাপন্ন হন। আশা করি এই উত্তরটি আপনাকে সাহায্য করবে। আরও কোনো প্রশ্ন থাকলে নির্দ্বিধায় জিজ্ঞাসা করতে পারেন। ধন্যবাদ।"
41018,"হেলো, নাসেনিয়া ডকে আপনাকে স্বাগতম। আপনার অনুসন্ধানের জন্য ধন্যবাদ। আমি আপনার প্রশ্নটি দেখেছি এবং আপনার উদ্বেগ বুঝতে পেরেছি। আমি যথাসাধ্য আপনাকে সাহায্য করার চেষ্টা করব। আপনার বর্ণনা করা লক্ষণগুলো বিভিন্ন কারণে হতে পারে এবং এর সঠিক কারণ নির্ণয়ের জন্য একটি বিস্তারিত পরীক্ষা প্রয়োজন। তাই আমি আপনাকে একজন বিশেষজ্ঞ ডাক্তারের সাথে সরাসরি পরামর্শ করার পরামর্শ দিচ্ছি। প্রয়োজনীয় পরীক্ষা-নিরীক্ষা করানো উচিত এবং রিপোর্ট অনুযায়ী চিকিৎসা শুরু করা যেতে পারে। এই সময়ে পর্যাপ্ত বিশ্রাম নিন, প্রচুর পানি পান করুন এবং স্বাস্থ্যকর খাবার খান। ডাক্তারের পরামর্শ ছাড়া কোনো ওষুধ সেবন করবেন না। যদি সমস্যা বাড়তে থাকে বা তীব্র হয়, তাহলে দেরি না করে দ্রুত ডাক্তারের শরণাপন্ন হন। আশা করি এই উত্তরটি আপনাকে সাহায্য করবে। আরও কোনো প্রশ্ন থাকলে নির্দ্বিধায় জিজ্ঞাসা করতে পারেন। ধন্যবাদ।"
23303,"হেলো, নাসেনিয়া ডকে আপনাকে স্বাগতম। আপনার অনুসন্ধানের জন্য ধন্যবাদ। আমি আপনার প্রশ্নটি দেখেছি এবং আপনার উদ্বেগ বুঝতে পেরেছি। আমি যথাসাধ্য আপনাকে সাহায্য করার চেষ্টা করব। আপনার বর্ণনা করা লক্ষণগুলো বিভিন্ন কারণে হতে পারে এবং এর সঠিক কারণ নির্ণয়ের জন্য একটি বিস্তারিত পরীক্ষা প্রয়োজন। তাই আমি আপনাকে একজন বিশেষজ্ঞ ডাক্তারের সাথে সরাসরি পরামর্শ করার পরামর্শ দিচ্ছি। প্রয়োজনীয় পরীক্ষা-নিরীক্ষা করানো উচিত এবং রিপোর্ট অনুযায়ী চিকিৎসা শুরু করা যেতে পারে। এই সময়ে পর্যাপ্ত বিশ্রাম নিন, প্রচুর পানি পান করুন এবং স্বাস্থ্যকর খাবার খান। ডাক্তারের পরামর্শ ছাড়া কোনো ওষুধ সেবন করবেন না। যদি সমস্যা বাড়তে থাকে বা তীব্র হয়, তাহলে দেরি না করে দ্রুত ডাক্তারের শরণাপন্ন হন। আশা করি এই উত্তরটি আপনাকে সাহায্য করবে। আরও কোনো প্রশ্ন থাকলে নির্দ্বিধায় জিজ্ঞাসা করতে পারেন। ধন্যবাদ।"
65363,"হেলো, নাসেনিয়া ডকে আপনাকে স্বাগতম। আপনার অনুসন্ধানের জন্য ধন্যবাদ। আমি আপনার প্রশ্নটি দেখেছি এবং আপনার উদ্বেগ বুঝতে পেরেছি। আমি যথাসাধ্য আপনাকে সাহায্য করার চেষ্টা করব। আপনার বর্ণনা করা লক্ষণগুলো বিভিন্ন কারণে হতে পারে এবং এর সঠিক কারণ নির্ণয়ের জন্য একটি বিস্তারিত পরীক্ষা প্রয়োজন। তাই আমি আপনাকে একজন বিশেষজ্ঞ ডাক্তারের সাথে সরাসরি পরামর্শ করার পরামর্শ দিচ্ছি। প্রয়োজনীয় পরীক্ষা-নিরীক্ষা করানো উচিত এবং রিপোর্ট অনুযায়ী চিকিৎসা শুরু করা যেতে পারে। এই সময়ে পর্যাপ্ত বিশ্রাম নিন, প্রচুর পানি পান করুন এবং স্বাস্থ্যকর খাবার খান। ডাক্তারের পরামর্শ ছাড়া কোনো ওষুধ সেবন করবেন না। যদি সমস্যা বাড়তে থাকে বা তীব্র হয়, তাহলে দেরি না করে দ্রুত ডাক্তারের শরণাপন্ন হন। আশা করি এই উত্তরটি আপনাকে সাহায্য করবে। আরও কোনো প্রশ্ন থাকলে নির্দ্বিধায় জিজ্ঞাসা করতে পারেন। ধন্যবাদ।"
109663,"হেলো, নাসেনিয়া ডকে আপনাকে স্বাগতম। আপনার অনুসন্ধানের জন্য ধন্যবাদ। আমি আপনার প্রশ্নটি দেখেছি এবং আপনার উদ্বেগ বুঝতে পেরেছি। আমি যথাসাধ্য আপনাকে সাহায্য করার চেষ্টা করব। আপনার বর্ণনা করা লক্ষণগুলো বিভিন্ন কারণে হতে পারে এবং এর সঠিক কারণ নির্ণয়ের জন্য একটি বিস্তারিত পরীক্ষা প্রয়োজন। তাই আমি আপনাকে একজন বিশেষজ্ঞ ডাক্তারের সাথে সরাসরি পরামর্শ করার পরামর্শ দিচ্ছি। প্রয়োজনীয় পরীক্ষা-নিরীক্ষা করানো উচিত এবং রিপোর্ট অনুযায়ী চিকিৎসা শুরু করা যেতে পারে। এই সময়ে পর্যাপ্ত বিশ্রাম নিন, প্রচুর পানি পান করুন এবং স্বাস্থ্যকর খাবার খান। ডাক্তারের পরামর্শ ছাড়া কোনো ওষুধ সেবন করবেন না। যদি সমস্যা বাড়তে থাকে বা তীব্র হয়, তাহলে দেরি না করে দ্রুত ডাক্তারের শরণাপন্ন হন। আশা করি এই উত্তরটি আপনাকে সাহায্য করবে। আরও কোনো প্রশ্ন থাকলে নির্দ্বিধায় জিজ্ঞাসা করতে পারেন। ধন্যবাদ।"
32945,"হেলো, নাসেনিয়া ডকে আপনাকে স্বাগতম। আপনার অনুসন্ধানের জন্য ধন্যবাদ। আমি আপনার প্রশ্নটি দেখেছি এবং আপনার উদ্বেগ বুঝতে পেরেছি। আমি যথাসাধ্য আপনাকে সাহায্য করার চেষ্টা করব। আপনার বর্ণনা করা লক্ষণগুলো বিভিন্ন কারণে হতে পারে এবং এর সঠিক কারণ নির্ণয়ের জন্য একটি বিস্তারিত পরীক্ষা প্রয়োজন। তাই আমি আপনাকে একজন বিশেষজ্ঞ ডাক্তারের সাথে সরাসরি পরামর্শ করার পরামর্শ দিচ্ছি। প্রয়োজনীয় পরীক্ষা-নিরীক্ষা করানো উচিত এবং রিপোর্ট অনুযায়ী চিকিৎসা শুরু করা যেতে পারে। এই সময়ে পর্যাপ্ত বিশ্রাম নিন, প্রচুর পানি পান করুন এবং স্বাস্থ্যকর খাবার খান। ডাক্তারের পরামর্শ ছাড়া কোনো ওষুধ সেবন করবেন না। যদি সমস্যা বাড়তে থাকে বা তীব্র হয়, তাহলে দেরি না করে দ্রুত ডাক্তারের শরণাপন্ন হন। আশা করি এই উত্তরটি আপনাকে সাহায্য করবে। আরও কোনো প্রশ্ন থাকলে নির্দ্বিধায় জিজ্ঞাসা করতে পারেন। ধন্যবাদ।"
70905,"হেলো, নাসেনিয়া ডকে আপনাকে স্বাগতম। আপনার অনুসন্ধানের জন্য ধন্যবাদ। আমি আপনার প্রশ্নটি দেখেছি এবং আপনার উদ্বেগ বুঝতে পেরেছি। আমি যথাসাধ্য আপনাকে সাহায্য করার চেষ্টা করব। আপনার বর্ণনা করা লক্ষণগুলো বিভিন্ন কারণে হতে পারে এবং এর সঠিক কারণ নির্ণয়ের জন্য একটি বিস্তারিত পরীক্ষা প্রয়োজন। তাই আমি আপনাকে একজন বিশেষজ্ঞ ডাক্তারের সাথে সরাসরি পরামর্শ করার পরামর্শ দিচ্ছি। প্রয়োজনীয় পরীক্ষা-নিরীক্ষা করানো উচিত এবং রিপোর্ট অনুযায়ী চিকিৎসা শুরু করা যেতে পারে। এই সময়ে পর্যাপ্ত বিশ্রাম নিন, প্রচুর পানি পান করুন এবং স্বাস্থ্যকর খাবার খান। ডাক্তারের পরামর্শ ছাড়া কোনো ওষুধ সেবন করবেন না। যদি সমস্যা বাড়তে থাকে বা তীব্র হয়, তাহলে দেরি না করে দ্রুত ডাক্তারের শরণাপন্ন হন। আশা করি এই উত্তরটি আপনাকে সাহায্য করবে। আরও কোনো প্রশ্ন থাকলে নির্দ্বিধায় জিজ্ঞাসা করতে পারেন। ধন্যবাদ।"
50472,"হেলো, নাসেনিয়া ডকে আপনাকে স্বাগতম। আপনার অনুসন্ধানের জন্য ধন্যবাদ। আমি আপনার প্রশ্নটি দেখেছি এবং আপনার উদ্বেগ বুঝতে পেরেছি। আমি যথাসাধ্য আপনাকে সাহায্য করার চেষ্টা করব। আপনার বর্ণনা করা লক্ষণগুলো বিভিন্ন কারণে হতে পারে এবং এর সঠিক কারণ নির্ণয়ের জন্য একটি বিস্তারিত পরীক্ষা প্রয়োজন। তাই আমি আপনাকে একজন বিশেষজ্ঞ ডাক্তারের সাথে সরাসরি পরামর্শ করার পরামর্শ দিচ্ছি। প্রয়োজনীয় পরীক্ষা-নিরীক্ষা করানো উচিত এবং রিপোর্ট অনুযায়ী চিকিৎসা শুরু করা যেতে পারে। এই সময়ে পর্যাপ্ত বিশ্রাম নিন, প্রচুর পানি পান করুন এবং স্বাস্থ্যকর খাবার খান। ডাক্তারের পরামর্শ ছাড়া কোনো ওষুধ সেবন করবেন না। যদি সমস্যা বাড়তে থাকে বা তীব্র হয়, তাহলে দেরি না করে দ্রুত ডাক্তারের শরণাপন্ন হন। আশা করি এই উত্তরটি আপনাকে সাহায্য করবে। আরও কোনো প্রশ্ন থাকলে নির্দ্বিধায় জিজ্ঞাসা করতে পারেন। ধন্যবাদ।"
52745,"হেলো, নাসেনিয়া ডকে আপনাকে স্বাগতম। আপনার অনুসন্ধানের জন্য ধন্যবাদ। আমি আপনার প্রশ্নটি দেখেছি এবং আপনার উদ্বেগ বুঝতে পেরেছি। আমি যথাসাধ্য আপনাকে সাহায্য করার চেষ্টা করব। আপনার বর্ণনা করা লক্ষণগুলো বিভিন্ন কারণে হতে পারে এবং এর সঠিক কারণ নির্ণয়ের জন্য একটি বিস্তারিত পরীক্ষা প্রয়োজন। তাই আমি আপনাকে একজন বিশেষজ্ঞ ডাক্তারের সাথে সরাসরি পরামর্শ করার পরামর্শ দিচ্ছি। প্রয়োজনীয় পরীক্ষা-নিরীক্ষা করানো উচিত এবং রিপোর্ট অনুযায়ী চিকিৎসা শুরু করা যেতে পারে। এই সময়ে পর্যাপ্ত বিশ্রাম নিন, প্রচুর পানি পান করুন এবং স্বাস্থ্যকর খাবার খান। ডাক্তারের পরামর্শ ছাড়া কোনো ওষুধ সেবন করবেন না। যদি সমস্যা বাড়তে থাকে বা তীব্র হয়, তাহলে দেরি না করে দ্রুত ডাক্তারের শরণাপন্ন হন। আশা করি এই উত্তরটি আপনাকে সাহায্য করবে। আরও কোনো প্রশ্ন থাকলে নির্দ্বিধায় জিজ্ঞাসা করতে পারেন। ধন্যবাদ।"
64254,"হেলো, নাসেনিয়া ডকে আপনাকে স্বাগতম। আপনার অনুসন্ধানের জন্য ধন্যবাদ। আমি আপনার প্রশ্নটি দেখেছি এবং আপনার উদ্বেগ বুঝতে পেরেছি। আমি যথাসাধ্য আপনাকে সাহায্য করার চেষ্টা করব। আপনার বর্ণনা করা লক্ষণগুলো বিভিন্ন কারণে হতে পারে এবং এর সঠিক কারণ নির্ণয়ের জন্য একটি বিস্তারিত পরীক্ষা প্রয়োজন। তাই আমি আপনাকে একজন বিশেষজ্ঞ ডাক্তারের সাথে সরাসরি পরামর্শ করার পরামর্শ দিচ্ছি। প্রয়োজনীয় পরীক্ষা-নিরীক্ষা করানো উচিত এবং রিপোর্ট অনুযায়ী চিকিৎসা শুরু করা যেতে পারে। এই সময়ে পর্যাপ্ত বিশ্রাম নিন, প্রচুর পানি পান করুন এবং স্বাস্থ্যকর খাবার খান। ডাক্তারের পরামর্শ ছাড়া কোনো ওষুধ সেবন করবেন না। যদি সমস্যা বাড়তে থাকে বা তীব্র হয়, তাহলে দেরি না করে দ্রুত ডাক্তারের শরণাপন্ন হন। আশা করি এই উত্তরটি আপনাকে সাহায্য করবে। আরও কোনো প্রশ্ন থাকলে নির্দ্বিধায় জিজ্ঞাসা করতে পারেন। ধন্যবাদ।"
107215,"হেলো, নাসেনিয়া ডকে আপনাকে স্বাগতম। আপনার অনুসন্ধানের জন্য ধন্যবাদ। আমি আপনার প্রশ্নটি দেখেছি এবং আপনার উদ্বেগ বুঝতে পেরেছি। আমি যথাসাধ্য আপনাকে সাহায্য করার চেষ্টা করব। আপনার বর্ণনা করা লক্ষণগুলো বিভিন্ন কারণে হতে পারে এবং এর সঠিক কারণ নির্ণয়ের জন্য একটি বিস্তারিত পরীক্ষা প্রয়োজন। তাই আমি আপনাকে একজন বিশেষজ্ঞ ডাক্তারের সাথে সরাসরি পরামর্শ করার পরামর্শ দিচ্ছি। প্রয়োজনীয় পরীক্ষা-নিরীক্ষা করানো উচিত এবং রিপোর্ট অনুযায়ী চিকিৎসা শুরু করা যেতে পারে। এই সময়ে পর্যাপ্ত বিশ্রাম নিন, প্রচুর পানি পান করুন এবং স্বাস্থ্যকর খাবার খান। ডাক্তারের পরামর্শ ছাড়া কোনো ওষুধ সেবন করবেন না। যদি সমস্যা বাড়তে থাকে বা তীব্র হয়, তাহলে দেরি না করে দ্রুত ডাক্তারের শরণাপন্ন হন। আশা করি এই উত্তরটি আপনাকে সাহায্য করবে। আরও কোনো প্রশ্ন থাকলে নির্দ্বিধায় জিজ্ঞাসা করতে পারেন। ধন্যবাদ।"
104965,"হেলো, নাসেনিয়া ডকে আপনাকে স্বাগতম। আপনার অনুসন্ধানের জন্য ধন্যবাদ। আমি আপনার প্রশ্নটি দেখেছি এবং আপনার উদ্বেগ বুঝতে পেরেছি। আমি যথাসাধ্য আপনাকে সাহায্য করার চেষ্টা করব। আপনার বর্ণনা করা লক্ষণগুলো বিভিন্ন কারণে হতে পারে এবং এর সঠিক কারণ নির্ণয়ের জন্য একটি বিস্তারিত পরীক্ষা প্রয়োজন। তাই আমি আপনাকে একজন বিশেষজ্ঞ ডাক্তারের সাথে সরাসরি পরামর্শ করার পরামর্শ দিচ্ছি। প্রয়োজনীয় পরীক্ষা-নিরীক্ষা করানো উচিত এবং রিপোর্ট অনুযায়ী চিকিৎসা শুরু করা যেতে পারে। এই সময়ে পর্যাপ্ত বিশ্রাম নিন, প্রচুর পানি পান করুন এবং স্বাস্থ্যকর খাবার খান। ডাক্তারের পরামর্শ ছাড়া কোনো ওষুধ সেবন করবেন না। যদি সমস্যা বাড়তে থাকে বা তীব্র হয়, তাহলে দেরি না করে দ্রুত ডাক্তারের শরণাপন্ন হন। আশা করি এই উত্তরটি আপনাকে সাহায্য করবে। আরও কোনো প্রশ্ন থাকলে নির্দ্বিধায় জিজ্ঞাসা করতে পারেন। ধন্যবাদ।"
55208,"হেলো, নাসেনিয়া ডকে আপনাকে স্বাগতম। আপনার অনুসন্ধানের জন্য ধন্যবাদ। আমি আপনার প্রশ্নটি দেখেছি এবং আপনার উদ্বেগ বুঝতে পেরেছি। আমি যথাসাধ্য আপনাকে সাহায্য করার চেষ্টা করব। আপনার বর্ণনা করা লক্ষণগুলো বিভিন্ন কারণে হতে পারে এবং এর সঠিক কারণ নির্ণয়ের জন্য একটি বিস্তারিত পরীক্ষা প্রয়োজন। তাই আমি আপনাকে একজন বিশেষজ্ঞ ডাক্তারের সাথে সরাসরি পরামর্শ করার পরামর্শ দিচ্ছি। প্রয়োজনীয় পরীক্ষা-নিরীক্ষা করানো উচিত এবং রিপোর্ট অনুযায়ী চিকিৎসা শুরু করা যেতে পারে। এই সময়ে পর্যাপ্ত বিশ্রাম নিন, প্রচুর পানি পান করুন এবং স্বাস্থ্যকর খাবার খান। ডাক্তারের পরামর্শ ছাড়া কোনো ওষুধ সেবন করবেন না। যদি সমস্যা বাড়তে থাকে বা তীব্র হয়, তাহলে দেরি না করে দ্রুত ডাক্তারের শরণাপন্ন হন। আশা করি এই উত্তরটি আপনাকে সাহায্য করবে। আরও কোনো প্রশ্ন থাকলে নির্দ্বিধায় জিজ্ঞাসা করতে পারেন। ধন্যবাদ।"
61318,"হেলো, নাসেনিয়া ডকে আপনাকে স্বাগতম। আপনার অনুসন্ধানের জন্য ধন্যবাদ। আমি আপনার প্রশ্নটি দেখেছি এবং আপনার উদ্বেগ বুঝতে পেরেছি। আমি যথাসাধ্য আপনাকে সাহায্য করার চেষ্টা করব। আপনার বর্ণনা করা লক্ষণগুলো বিভিন্ন কারণে হতে পারে এবং এর সঠিক কারণ নির্ণয়ের জন্য একটি বিস্তারিত পরীক্ষা প্রয়োজন। তাই আমি আপনাকে একজন বিশেষজ্ঞ ডাক্তারের সাথে সরাসরি পরামর্শ করার পরামর্শ দিচ্ছি। প্রয়োজনীয় পরীক্ষা-নিরীক্ষা করানো উচিত এবং রিপোর্ট অনুযায়ী চিকিৎসা শুরু করা যেতে পারে। এই সময়ে পর্যাপ্ত বিশ্রাম নিন, প্রচুর পানি পান করুন এবং স্বাস্থ্যকর খাবার খান। ডাক্তারের পরামর্শ ছাড়া কোনো ওষুধ সেবন করবেন না। যদি সমস্যা বাড়তে থাকে বা তীব্র হয়, তাহলে দেরি না করে দ্রুত ডাক্তারের শরণাপন্ন হন। আশা করি এই উত্তরটি আপনাকে সাহায্য করবে। আরও কোনো প্রশ্ন থাকলে নির্দ্বিধায় জিজ্ঞাসা করতে পারেন। ধন্যবাদ।"
105765,"হেলো, নাসেনিয়া ডকে আপনাকে স্বাগতম। আপনার অনুসন্ধানের জন্য ধন্যবাদ। আমি আপনার প্রশ্নটি দেখেছি এবং আপনার উদ্বেগ বুঝতে পেরেছি। আমি যথাসাধ্য আপনাকে সাহায্য করার চেষ্টা করব। আপনার বর্ণনা করা লক্ষণগুলো বিভিন্ন কারণে হতে পারে এবং এর সঠিক কারণ নির্ণয়ের জন্য একটি বিস্তারিত পরীক্ষা প্রয়োজন। তাই আমি আপনাকে একজন বিশেষজ্ঞ ডাক্তারের সাথে সরাসরি পরামর্শ করার পরামর্শ দিচ্ছি। প্রয়োজনীয় পরীক্ষা-নিরীক্ষা করানো উচিত এবং রিপোর্ট অনুযায়ী চিকিৎসা শুরু করা যেতে পারে। এই সময়ে পর্যাপ্ত বিশ্রাম নিন, প্রচুর পানি পান করুন এবং স্বাস্থ্যকর খাবার খান। ডাক্তারের পরামর্শ ছাড়া কোনো ওষুধ সেবন করবেন না। যদি সমস্যা বাড়তে থাকে বা তীব্র হয়, তাহলে দেরি না করে দ্রুত ডাক্তারের শরণাপন্ন হন। আশা করি এই উত্তরটি আপনাকে সাহায্য করবে। আরও কোনো প্রশ্ন থাকলে নির্দ্বিধায় জিজ্ঞাসা করতে পারেন। ধন্যবাদ।"
84862,"হেলো, নাসেনিয়া ডকে আপনাকে স্বাগতম। আপনার অনুসন্ধানের জন্য ধন্যবাদ। আমি আপনার প্রশ্নটি দেখেছি এবং আপনার উদ্বেগ বুঝতে পেরেছি। আমি যথাসাধ্য আপনাকে সাহায্য করার চেষ্টা করব। আপনার বর্ণনা করা লক্ষণগুলো বিভিন্ন কারণে হতে পারে এবং এর সঠিক কারণ নির্ণয়ের জন্য একটি বিস্তারিত পরীক্ষা প্রয়োজন। তাই আমি আপনাকে একজন বিশেষজ্ঞ ডাক্তারের সাথে সরাসরি পরামর্শ করার পরামর্শ দিচ্ছি। প্রয়োজনীয় পরীক্ষা-নিরীক্ষা করানো উচিত এবং রিপোর্ট অনুযায়ী চিকিৎসা শুরু করা যেতে পারে। এই সময়ে পর্যাপ্ত বিশ্রাম নিন, প্রচুর পানি পান করুন এবং স্বাস্থ্যকর খাবার খান। ডাক্তারের পরামর্শ ছাড়া কোনো ওষুধ সেবন করবেন না। যদি সমস্যা বাড়তে থাকে বা তীব্র হয়, তাহলে দেরি না করে দ্রুত ডাক্তারের শরণাপন্ন হন। আশা করি এই উত্তরটি আপনাকে সাহায্য করবে। আরও কোনো প্রশ্ন থাকলে নির্দ্বিধায় জিজ্ঞাসা করতে পারেন। ধন্যবাদ।"
15997,"হেলো, নাসেনিয়া ডকে আপনাকে স্বাগতম। আপনার অনুসন্ধানের জন্য ধন্যবাদ। আমি আপনার প্রশ্নটি দেখেছি এবং আপনার উদ্বেগ বুঝতে পেরেছি। আমি যথাসাধ্য আপনাকে সাহায্য করার চেষ্টা করব। আপনার বর্ণনা করা লক্ষণগুলো বিভিন্ন কারণে হতে পারে এবং এর সঠিক কারণ নির্ণয়ের জন্য একটি বিস্তারিত পরীক্ষা প্রয়োজন। তাই আমি আপনাকে একজন বিশেষজ্ঞ ডাক্তারের সাথে সরাসরি পরামর্শ করার পরামর্শ দিচ্ছি। প্রয়োজনীয় পরীক্ষা-নিরীক্ষা করানো উচিত এবং রিপোর্ট অনুযায়ী চিকিৎসা শুরু করা যেতে পারে। এই সময়ে পর্যাপ্ত বিশ্রাম নিন, প্রচুর পানি পান করুন এবং স্বাস্থ্যকর খাবার খান। ডাক্তারের পরামর্শ ছাড়া কোনো ওষুধ সেবন করবেন না। যদি সমস্যা বাড়তে থাকে বা তীব্র হয়, তাহলে দেরি না করে দ্রুত ডাক্তারের শরণাপন্ন হন। আশা করি এই উত্তরটি আপনাকে সাহায্য করবে। আরও কোনো প্রশ্ন থাকলে নির্দ্বিধায় জিজ্ঞাসা করতে পারেন। ধন্যবাদ।"
56849,"হেলো, নাসেনিয়া ডকে আপনাকে স্বাগতম। আপনার অনুসন্ধানের জন্য ধন্যবাদ। আমি আপনার প্রশ্নটি দেখেছি এবং আপনার উদ্বেগ বুঝতে পেরেছি। আমি যথাসাধ্য আপনাকে সাহায্য করার চেষ্টা করব। আপনার বর্ণনা করা লক্ষণগুলো বিভিন্ন কারণে হতে পারে এবং এর সঠিক কারণ নির্ণয়ের জন্য একটি বিস্তারিত পরীক্ষা প্রয়োজন। তাই আমি আপনাকে একজন বিশেষজ্ঞ ডাক্তারের সাথে সরাসরি পরামর্শ করার পরামর্শ দিচ্ছি। প্রয়োজনীয় পরীক্ষা-নিরীক্ষা করানো উচিত এবং রিপোর্ট অনুযায়ী চিকিৎসা শুরু করা যেতে পারে। এই সময়ে পর্যাপ্ত বিশ্রাম নিন, প্রচুর পানি পান করুন এবং স্বাস্থ্যকর খাবার খান। ডাক্তারের পরামর্শ ছাড়া কোনো ওষুধ সেবন করবেন না। যদি সমস্যা বাড়তে থাকে বা তীব্র হয়, তাহলে দেরি না করে দ্রুত ডাক্তারের শরণাপন্ন হন। আশা করি এই উত্তরটি আপনাকে সাহায্য করবে। আরও কোনো প্রশ্ন থাকলে নির্দ্বিধায় জিজ্ঞাসা করতে পারেন। ধন্যবাদ।"
73391,"হেলো, নাসেনিয়া ডকে আপনাকে স্বাগতম। আপনার অনুসন্ধানের জন্য ধন্যবাদ। আমি আপনার প্রশ্নটি দেখেছি এবং আপনার উদ্বেগ বুঝতে পেরেছি। আমি যথাসাধ্য আপনাকে সাহায্য করার চেষ্টা করব। আপনার বর্ণনা করা লক্ষণগুলো বিভিন্ন কারণে হতে পারে এবং এর সঠিক কারণ নির্ণয়ের জন্য একটি বিস্তারিত পরীক্ষা প্রয়োজন। তাই আমি আপনাকে একজন বিশেষজ্ঞ ডাক্তারের সাথে সরাসরি পরামর্শ করার পরামর্শ দিচ্ছি। প্রয়োজনীয় পরীক্ষা-নিরীক্ষা করানো উচিত এবং রিপোর্ট অনুযায়ী চিকিৎসা শুরু করা যেতে পারে। এই সময়ে পর্যাপ্ত বিশ্রাম নিন, প্রচুর পানি পান করুন এবং স্বাস্থ্যকর খাবার খান। ডাক্তারের পরামর্শ ছাড়া কোনো ওষুধ সেবন করবেন না। যদি সমস্যা বাড়তে থাকে বা তীব্র হয়, তাহলে দেরি না করে দ্রুত ডাক্তারের শরণাপন্ন হন। আশা করি এই উত্তরটি আপনাকে সাহায্য করবে। আরও কোনো প্রশ্ন থাকলে নির্দ্বিধায় জিজ্ঞাসা করতে পারেন। ধন্যবাদ।"
29188,"হেলো, নাসেনিয়া ডকে আপনাকে স্বাগতম। আপনার অনুসন্ধানের জন্য ধন্যবাদ। আমি আপনার প্রশ্নটি দেখেছি এবং আপনার উদ্বেগ বুঝতে পেরেছি। আমি যথাসাধ্য আপনাকে সাহায্য করার চেষ্টা করব। আপনার বর্ণনা করা লক্ষণগুলো বিভিন্ন কারণে হতে পারে এবং এর সঠিক কারণ নির্ণয়ের জন্য একটি বিস্তারিত পরীক্ষা প্রয়োজন। তাই আমি আপনাকে একজন বিশেষজ্ঞ ডাক্তারের সাথে সরাসরি পরামর্শ করার পরামর্শ দিচ্ছি। প্রয়োজনীয় পরীক্ষা-নিরীক্ষা করানো উচিত এবং রিপোর্ট অনুযায়ী চিকিৎসা শুরু করা যেতে পারে। এই সময়ে পর্যাপ্ত বিশ্রাম নিন, প্রচুর পানি পান করুন এবং স্বাস্থ্যকর খাবার খান। ডাক্তারের পরামর্শ ছাড়া কোনো ওষুধ সেবন করবেন না। যদি সমস্যা বাড়তে থাকে বা তীব্র হয়, তাহলে দেরি না করে দ্রুত ডাক্তারের শরণাপন্ন হন। আশা করি এই উত্তরটি আপনাকে সাহায্য করবে। আরও কোনো প্রশ্ন থাকলে নির্দ্বিধায় জিজ্ঞাসা করতে পারেন। ধন্যবাদ।"
71249,"হেলো, নাসেনিয়া ডকে আপনাকে স্বাগতম। আপনার অনুসন্ধানের জন্য ধন্যবাদ। আমি আপনার প্রশ্নটি দেখেছি এবং আপনার উদ্বেগ বুঝতে পেরেছি। আমি যথাসাধ্য আপনাকে সাহায্য করার চেষ্টা করব। আপনার বর্ণনা করা লক্ষণগুলো বিভিন্ন কারণে হতে পারে এবং এর সঠিক কারণ নির্ণয়ের জন্য একটি বিস্তারিত পরীক্ষা প্রয়োজন। তাই আমি আপনাকে একজন বিশেষজ্ঞ ডাক্তারের সাথে সরাসরি পরামর্শ করার পরামর্শ দিচ্ছি। প্রয়োজনীয় পরীক্ষা-নিরীক্ষা করানো উচিত এবং রিপোর্ট অনুযায়ী চিকিৎসা শুরু করা যেতে পারে। এই সময়ে পর্যাপ্ত বিশ্রাম নিন, প্রচুর পানি পান করুন এবং স্বাস্থ্যকর খাবার খান। ডাক্তারের পরামর্শ ছাড়া কোনো ওষুধ সেবন করবেন না। যদি সমস্যা বাড়তে থাকে বা তীব্র হয়, তাহলে দেরি না করে দ্রুত ডাক্তারের শরণাপন্ন হন। আশা করি এই উত্তরটি আপনাকে সাহায্য করবে। আরও কোনো প্রশ্ন থাকলে নির্দ্বিধায় জিজ্ঞাসা করতে পারেন। ধন্যবাদ।"
55072,"হেলো, নাসেনিয়া ডকে আপনাকে স্বাগতম। আপনার অনুসন্ধানের জন্য ধন্যবাদ। আমি আপনার প্রশ্নটি দেখেছি এবং আপনার উদ্বেগ বুঝতে পেরেছি। আমি যথাসাধ্য আপনাকে সাহায্য করার চেষ্টা করব। আপনার বর্ণনা করা লক্ষণগুলো বিভিন্ন কারণে হতে পারে এবং এর সঠিক কারণ নির্ণয়ের জন্য একটি বিস্তারিত পরীক্ষা প্রয়োজন। তাই আমি আপনাকে একজন বিশেষজ্ঞ ডাক্তারের সাথে সরাসরি পরামর্শ করার পরামর্শ দিচ্ছি। প্রয়োজনীয় পরীক্ষা-নিরীক্ষা করানো উচিত এবং রিপোর্ট অনুযায়ী চিকিৎসা শুরু করা যেতে পারে। এই সময়ে পর্যাপ্ত বিশ্রাম নিন, প্রচুর পানি পান করুন এবং স্বাস্থ্যকর খাবার খান। ডাক্তারের পরামর্শ ছাড়া কোনো ওষুধ সেবন করবেন না। যদি সমস্যা বাড়তে থাকে বা তীব্র হয়, তাহলে দেরি না করে দ্রুত ডাক্তারের শরণাপন্ন হন। আশা করি এই উত্তরটি আপনাকে সাহায্য করবে। আরও কোনো প্রশ্ন থাকলে নির্দ্বিধায় জিজ্ঞাসা করতে পারেন। ধন্যবাদ।"
26335,"হেলো, নাসেনিয়া ডকে আপনাকে স্বাগতম। আপনার অনুসন্ধানের জন্য ধন্যবাদ। আমি আপনার প্রশ্নটি দেখেছি এবং আপনার উদ্বেগ বুঝতে পেরেছি। আমি যথাসাধ্য আপনাকে সাহায্য করার চেষ্টা করব। আপনার বর্ণনা করা লক্ষণগুলো বিভিন্ন কারণে হতে পারে এবং এর সঠিক কারণ নির্ণয়ের জন্য একটি বিস্তারিত পরীক্ষা প্রয়োজন। তাই আমি আপনাকে একজন বিশেষজ্ঞ ডাক্তারের সাথে সরাসরি পরামর্শ করার পরামর্শ দিচ্ছি। প্রয়োজনীয় পরীক্ষা-নিরীক্ষা করানো উচিত এবং রিপোর্ট অনুযায়ী চিকিৎসা শুরু করা যেতে পারে। এই সময়ে পর্যাপ্ত বিশ্রাম নিন, প্রচুর পানি পান করুন এবং স্বাস্থ্যকর খাবার খান। ডাক্তারের পরামর্শ ছাড়া কোনো ওষুধ সেবন করবেন না। যদি সমস্যা বাড়তে থাকে বা তীব্র হয়, তাহলে দেরি না করে দ্রুত ডাক্তারের শরণাপন্ন হন। আশা করি এই উত্তরটি আপনাকে সাহায্য করবে। আরও কোনো প্রশ্ন থাকলে নির্দ্বিধায় জিজ্ঞাসা করতে পারেন। ধন্যবাদ।"
9972,"হেলো, নাসেনিয়া ডকে আপনাকে স্বাগতম। আপনার অনুসন্ধানের জন্য ধন্যবাদ। আমি আপনার প্রশ্নটি দেখেছি এবং আপনার উদ্বেগ বুঝতে পেরেছি। আমি যথাসাধ্য আপনাকে সাহায্য করার চেষ্টা করব। আপনার বর্ণনা করা লক্ষণগুলো বিভিন্ন কারণে হতে পারে এবং এর সঠিক কারণ নির্ণয়ের জন্য একটি বিস্তারিত পরীক্ষা প্রয়োজন। তাই আমি আপনাকে একজন বিশেষজ্ঞ ডাক্তারের সাথে সরাসরি পরামর্শ করার পরামর্শ দিচ্ছি। প্রয়োজনীয় পরীক্ষা-নিরীক্ষা করানো উচিত এবং রিপোর্ট অনুযায়ী চিকিৎসা শুরু করা যেতে পারে। এই সময়ে পর্যাপ্ত বিশ্রাম নিন, প্রচুর পানি পান করুন এবং স্বাস্থ্যকর খাবার খান। ডাক্তারের পরামর্শ ছাড়া কোনো ওষুধ সেবন করবেন না। যদি সমস্যা বাড়তে থাকে বা তীব্র হয়, তাহলে দেরি না করে দ্রুত ডাক্তারের শরণাপন্ন হন। আশা করি এই উত্তরটি আপনাকে সাহায্য করবে। আরও কোনো প্রশ্ন থাকলে নির্দ্বিধায় জিজ্ঞাসা করতে পারেন। ধন্যবাদ।"
102949,"হেলো, নাসেনিয়া ডকে আপনাকে স্বাগতম। আপনার অনুসন্ধানের জন্য ধন্যবাদ। আমি আপনার প্রশ্নটি দেখেছি এবং আপনার উদ্বেগ বুঝতে পেরেছি। আমি যথাসাধ্য আপনাকে সাহায্য করার চেষ্টা করব। আপনার বর্ণনা করা লক্ষণগুলো বিভিন্ন কারণে হতে পারে এবং এর সঠিক কারণ নির্ণয়ের জন্য একটি বিস্তারিত পরীক্ষা প্রয়োজন। তাই আমি আপনাকে একজন বিশেষজ্ঞ ডাক্তারের সাথে সরাসরি পরামর্শ করার পরামর্শ দিচ্ছি। প্রয়োজনীয় পরীক্ষা-নিরীক্ষা করানো উচিত এবং রিপোর্ট অনুযায়ী চিকিৎসা শুরু করা যেতে পারে। এই সময়ে পর্যাপ্ত বিশ্রাম নিন, প্রচুর পানি পান করুন এবং স্বাস্থ্যকর খাবার খান। ডাক্তারের পরামর্শ ছাড়া কোনো ওষুধ সেবন করবেন না। যদি সমস্যা বাড়তে থাকে বা তীব্র হয়, তাহলে দেরি না করে দ্রুত ডাক্তারের শরণাপন্ন হন। আশা করি এই উত্তরটি আপনাকে সাহায্য করবে। আরও কোনো প্রশ্ন থাকলে নির্দ্বিধায় জিজ্ঞাসা করতে পারেন। ধন্যবাদ।"
96201,"হেলো, নাসেনিয়া ডকে আপনাকে স্বাগতম। আপনার অনুসন্ধানের জন্য ধন্যবাদ। আমি আপনার প্রশ্নটি দেখেছি এবং আপনার উদ্বেগ বুঝতে পেরেছি। আমি যথাসাধ্য আপনাকে সাহায্য করার চেষ্টা করব। আপনার বর্ণনা করা লক্ষণগুলো বিভিন্ন কারণে হতে পারে এবং এর সঠিক কারণ নির্ণয়ের জন্য একটি বিস্তারিত পরীক্ষা প্রয়োজন। তাই আমি আপনাকে একজন বিশেষজ্ঞ ডাক্তারের সাথে সরাসরি পরামর্শ করার পরামর্শ দিচ্ছি। প্রয়োজনীয় পরীক্ষা-নিরীক্ষা করানো উচিত এবং রিপোর্ট অনুযায়ী চিকিৎসা শুরু করা যেতে পারে। এই সময়ে পর্যাপ্ত বিশ্রাম নিন, প্রচুর পানি পান করুন এবং স্বাস্থ্যকর খাবার খান। ডাক্তারের পরামর্শ ছাড়া কোনো ওষুধ সেবন করবেন না। যদি সমস্যা বাড়তে থাকে বা তীব্র হয়, তাহলে দেরি না করে দ্রুত ডাক্তারের শরণাপন্ন হন। আশা করি এই উত্তরটি আপনাকে সাহায্য করবে। আরও কোনো প্রশ্ন থাকলে নির্দ্বিধায় জিজ্ঞাসা করতে পারেন। ধন্যবাদ।"
80156,"হেলো, নাসেনিয়া ডকে আপনাকে স্বাগতম। আপনার অনুসন্ধানের জন্য ধন্যবাদ। আমি আপনার প্রশ্নটি দেখেছি এবং আপনার উদ্বেগ বুঝতে পেরেছি। আমি যথাসাধ্য আপনাকে সাহায্য করার চেষ্টা করব। আপনার বর্ণনা করা লক্ষণগুলো বিভিন্ন কারণে হতে পারে এবং এর সঠিক কারণ নির্ণয়ের জন্য একটি বিস্তারিত পরীক্ষা প্রয়োজন। তাই আমি আপনাকে একজন বিশেষজ্ঞ ডাক্তারের সাথে সরাসরি পরামর্শ করার পরামর্শ দিচ্ছি। প্রয়োজনীয় পরীক্ষা-নিরীক্ষা করানো উচিত এবং রিপোর্ট অনুযায়ী চিকিৎসা শুরু করা যেতে পারে। এই সময়ে পর্যাপ্ত বিশ্রাম নিন, প্রচুর পানি পান করুন এবং স্বাস্থ্যকর খাবার খান। ডাক্তারের পরামর্শ ছাড়া কোনো ওষুধ সেবন করবেন না। যদি সমস্যা বাড়তে থাকে বা তীব্র হয়, তাহলে দেরি না করে দ্রুত ডাক্তারের শরণাপন্ন হন। আশা করি এই উত্তরটি আপনাকে সাহায্য করবে। আরও কোনো প্রশ্ন থাকলে নির্দ্বিধায় জিজ্ঞাসা করতে পারেন। ধন্যবাদ।"
24745,"হেলো, নাসেনিয়া ডকে আপনাকে স্বাগতম। আপনার অনুসন্ধানের জন্য ধন্যবাদ। আমি আপনার প্রশ্নটি দেখেছি এবং আপনার উদ্বেগ বুঝতে পেরেছি। আমি যথাসাধ্য আপনাকে সাহায্য করার চেষ্টা করব। আপনার বর্ণনা করা লক্ষণগুলো বিভিন্ন কারণে হতে পারে এবং এর সঠিক কারণ নির্ণয়ের জন্য একটি বিস্তারিত পরীক্ষা প্রয়োজন। তাই আমি আপনাকে একজন বিশেষজ্ঞ ডাক্তারের সাথে সরাসরি পরামর্শ করার পরামর্শ দিচ্ছি। প্রয়োজনীয় পরীক্ষা-নিরীক্ষা করানো উচিত এবং রিপোর্ট অনুযায়ী চিকিৎসা শুরু করা যেতে পারে। এই সময়ে পর্যাপ্ত বিশ্রাম নিন, প্রচুর পানি পান করুন এবং স্বাস্থ্যকর খাবার খান। ডাক্তারের পরামর্শ ছাড়া কোনো ওষুধ সেবন করবেন না। যদি সমস্যা বাড়তে থাকে বা তীব্র হয়, তাহলে দেরি না করে দ্রুত ডাক্তারের শরণাপন্ন হন। আশা করি এই উত্তরটি আপনাকে সাহায্য করবে। আরও কোনো প্রশ্ন থাকলে নির্দ্বিধায় জিজ্ঞাসা করতে পারেন। ধন্যবাদ।"
100052,"হেলো, নাসেনিয়া ডকে আপনাকে স্বাগতম। আপনার অনুসন্ধানের জন্য ধন্যবাদ। আমি আপনার প্রশ্নটি দেখেছি এবং আপনার উদ্বেগ বুঝতে পেরেছি। আমি যথাসাধ্য আপনাকে সাহায্য করার চেষ্টা করব। আপনার বর্ণনা করা লক্ষণগুলো বিভিন্ন কারণে হতে পারে এবং এর সঠিক কারণ নির্ণয়ের জন্য একটি বিস্তারিত পরীক্ষা প্রয়োজন। তাই আমি আপনাকে একজন বিশেষজ্ঞ ডাক্তারের সাথে সরাসরি পরামর্শ করার পরামর্শ দিচ্ছি। প্রয়োজনীয় পরীক্ষা-নিরীক্ষা করানো উচিত এবং রিপোর্ট অনুযায়ী চিকিৎসা শুরু করা যেতে পারে। এই সময়ে পর্যাপ্ত বিশ্রাম নিন, প্রচুর পানি পান করুন এবং স্বাস্থ্যকর খাবার খান। ডাক্তারের পরামর্শ ছাড়া কোনো ওষুধ সেবন করবেন না। যদি সমস্যা বাড়তে থাকে বা তীব্র হয়, তাহলে দেরি না করে দ্রুত ডাক্তারের শরণাপন্ন হন। আশা করি এই উত্তরটি আপনাকে সাহায্য করবে। আরও কোনো প্রশ্ন থাকলে নির্দ্বিধায় জিজ্ঞাসা করতে পারেন। ধন্যবাদ।"
22884,"হেলো, নাসেনিয়া ডকে আপনাকে স্বাগতম। আপনার অনুসন্ধানের জন্য ধন্যবাদ। আমি আপনার প্রশ্নটি দেখেছি এবং আপনার উদ্বেগ বুঝতে পেরেছি। আমি যথাসাধ্য আপনাকে সাহায্য করার চেষ্টা করব। আপনার বর্ণনা করা লক্ষণগুলো বিভিন্ন কারণে হতে পারে এবং এর সঠিক কারণ নির্ণয়ের জন্য একটি বিস্তারিত পরীক্ষা প্রয়োজন। তাই আমি আপনাকে একজন বিশেষজ্ঞ ডাক্তারের সাথে সরাসরি পরামর্শ করার পরামর্শ দিচ্ছি। প্রয়োজনীয় পরীক্ষা-নিরীক্ষা করানো উচিত এবং রিপোর্ট অনুযায়ী চিকিৎসা শুরু করা যেতে পারে। এই সময়ে পর্যাপ্ত বিশ্রাম নিন, প্রচুর পানি পান করুন এবং স্বাস্থ্যকর খাবার খান। ডাক্তারের পরামর্শ ছাড়া কোনো ওষুধ সেবন করবেন না। যদি সমস্যা বাড়তে থাকে বা তীব্র হয়, তাহলে দেরি না করে দ্রুত ডাক্তারের শরণাপন্ন হন। আশা করি এই উত্তরটি আপনাকে সাহায্য করবে। আরও কোনো প্রশ্ন থাকলে নির্দ্বিধায় জিজ্ঞাসা করতে পারেন। ধন্যবাদ।"
51448,"হেলো, নাসেনিয়া ডকে আপনাকে স্বাগতম। আপনার অনুসন্ধানের জন্য ধন্যবাদ। আমি আপনার প্রশ্নটি দেখেছি এবং আপনার উদ্বেগ বুঝতে পেরেছি। আমি যথাসাধ্য আপনাকে সাহায্য করার চেষ্টা করব। আপনার বর্ণনা করা লক্ষণগুলো বিভিন্ন কারণে হতে পারে এবং এর সঠিক কারণ নির্ণয়ের জন্য একটি বিস্তারিত পরীক্ষা প্রয়োজন। তাই আমি আপনাকে একজন বিশেষজ্ঞ ডাক্তারের সাথে সরাসরি পরামর্শ করার পরামর্শ দিচ্ছি। প্রয়োজনীয় পরীক্ষা-নিরীক্ষা করানো উচিত এবং রিপোর্ট অনুযায়ী চিকিৎসা শুরু করা যেতে পারে। এই সময়ে পর্যাপ্ত বিশ্রাম নিন, প্রচুর পানি পান করুন এবং স্বাস্থ্যকর খাবার খান। ডাক্তারের পরামর্শ ছাড়া কোনো ওষুধ সেবন করবেন না। যদি সমস্যা বাড়তে থাকে বা তীব্র হয়, তাহলে দেরি না করে দ্রুত ডাক্তারের শরণাপন্ন হন। আশা করি এই উত্তরটি আপনাকে সাহায্য করবে। আরও কোনো প্রশ্ন থাকলে নির্দ্বিধায় জিজ্ঞাসা করতে পারেন। ধন্যবাদ।"
74554,"হেলো, নাসেনিয়া ডকে আপনাকে স্বাগতম। আপনার অনুসন্ধানের জন্য ধন্যবাদ। আমি আপনার প্রশ্নটি দেখেছি এবং আপনার উদ্বেগ বুঝতে পেরেছি। আমি যথাসাধ্য আপনাকে সাহায্য করার চেষ্টা করব। আপনার বর্ণনা করা লক্ষণগুলো বিভিন্ন কারণে হতে পারে এবং এর সঠিক কারণ নির্ণয়ের জন্য একটি বিস্তারিত পরীক্ষা প্রয়োজন। তাই আমি আপনাকে একজন বিশেষজ্ঞ ডাক্তারের সাথে সরাসরি পরামর্শ করার পরামর্শ দিচ্ছি। প্রয়োজনীয় পরীক্ষা-নিরীক্ষা করানো উচিত এবং রিপোর্ট অনুযায়ী চিকিৎসা শুরু করা যেতে পারে। এই সময়ে পর্যাপ্ত বিশ্রাম নিন, প্রচুর পানি পান করুন এবং স্বাস্থ্যকর খাবার খান। ডাক্তারের পরামর্শ ছাড়া কোনো ওষুধ সেবন করবেন না। যদি সমস্যা বাড়তে থাকে বা তীব্র হয়, তাহলে দেরি না করে দ্রুত ডাক্তারের শরণাপন্ন হন। আশা করি এই উত্তরটি আপনাকে সাহায্য করবে। আরও কোনো প্রশ্ন থাকলে নির্দ্বিধায় জিজ্ঞাসা করতে পারেন। ধন্যবাদ।"
86781,"হেলো, নাসেনিয়া ডকে আপনাকে স্বাগতম। আপনার অনুসন্ধানের জন্য ধন্যবাদ। আমি আপনার প্রশ্নটি দেখেছি এবং আপনার উদ্বেগ বুঝতে পেরেছি। আমি যথাসাধ্য আপনাকে সাহায্য করার চেষ্টা করব। আপনার বর্ণনা করা লক্ষণগুলো বিভিন্ন কারণে হতে পারে এবং এর সঠিক কারণ নির্ণয়ের জন্য একটি বিস্তারিত পরীক্ষা প্রয়োজন। তাই আমি আপনাকে একজন বিশেষজ্ঞ ডাক্তারের সাথে সরাসরি পরামর্শ করার পরামর্শ দিচ্ছি। প্রয়োজনীয় পরীক্ষা-নিরীক্ষা করানো উচিত এবং রিপোর্ট অনুযায়ী চিকিৎসা শুরু করা যেতে পারে। এই সময়ে পর্যাপ্ত বিশ্রাম নিন, প্রচুর পানি পান করুন এবং স্বাস্থ্যকর খাবার খান। ডাক্তারের পরামর্শ ছাড়া কোনো ওষুধ সেবন করবেন না। যদি সমস্যা বাড়তে থাকে বা তীব্র হয়, তাহলে দেরি না করে দ্রুত ডাক্তারের শরণাপন্ন হন। আশা করি এই উত্তরটি আপনাকে সাহায্য করবে। আরও কোনো প্রশ্ন থাকলে নির্দ্বিধায় জিজ্ঞাসা করতে পারেন। ধন্যবাদ।"
61934,"হেলো, নাসেনিয়া ডকে আপনাকে স্বাগতম। আপনার অনুসন্ধানের জন্য ধন্যবাদ। আমি আপনার প্রশ্নটি দেখেছি এবং আপনার উদ্বেগ বুঝতে পেরেছি। আমি যথাসাধ্য আপনাকে সাহায্য করার চেষ্টা করব। আপনার বর্ণনা করা লক্ষণগুলো বিভিন্ন কারণে হতে পারে এবং এর সঠিক কারণ নির্ণয়ের জন্য একটি বিস্তারিত পরীক্ষা প্রয়োজন। তাই আমি আপনাকে একজন বিশেষজ্ঞ ডাক্তারের সাথে সরাসরি পরামর্শ করার পরামর্শ দিচ্ছি। প্রয়োজনীয় পরীক্ষা-নিরীক্ষা করানো উচিত এবং রিপোর্ট অনুযায়ী চিকিৎসা শুরু করা যেতে পারে। এই সময়ে পর্যাপ্ত বিশ্রাম নিন, প্রচুর পানি পান করুন এবং স্বাস্থ্যকর খাবার খান। ডাক্তারের পরামর্শ ছাড়া কোনো ওষুধ সেবন করবেন না। যদি সমস্যা বাড়তে থাকে বা তীব্র হয়, তাহলে দেরি না করে দ্রুত ডাক্তারের শরণাপন্ন হন। আশা করি এই উত্তরটি আপনাকে সাহায্য করবে। আরও কোনো প্রশ্ন থাকলে নির্দ্বিধায় জিজ্ঞাসা করতে পারেন। ধন্যবাদ।"
57081,"হেলো, নাসেনিয়া ডকে আপনাকে স্বাগতম। আপনার অনুসন্ধানের জন্য ধন্যবাদ। আমি আপনার প্রশ্নটি দেখেছি এবং আপনার উদ্বেগ বুঝতে পেরেছি। আমি যথাসাধ্য আপনাকে সাহায্য করার চেষ্টা করব। আপনার বর্ণনা করা লক্ষণগুলো বিভিন্ন কারণে হতে পারে এবং এর সঠিক কারণ নির্ণয়ের জন্য একটি বিস্তারিত পরীক্ষা প্রয়োজন। তাই আমি আপনাকে একজন বিশেষজ্ঞ ডাক্তারের সাথে সরাসরি পরামর্শ করার পরামর্শ দিচ্ছি। প্রয়োজনীয় পরীক্ষা-নিরীক্ষা করানো উচিত এবং রিপোর্ট অনুযায়ী চিকিৎসা শুরু করা যেতে পারে। এই সময়ে পর্যাপ্ত বিশ্রাম নিন, প্রচুর পানি পান করুন এবং স্বাস্থ্যকর খাবার খান। ডাক্তারের পরামর্শ ছাড়া কোনো ওষুধ সেবন করবেন না। যদি সমস্যা বাড়তে থাকে বা তীব্র হয়, তাহলে দেরি না করে দ্রুত ডাক্তারের শরণাপন্ন হন। আশা করি এই উত্তরটি আপনাকে সাহায্য করবে। আরও কোনো প্রশ্ন থাকলে নির্দ্বিধায় জিজ্ঞাসা করতে পারেন। ধন্যবাদ।"
14618,"হেলো, নাসেনিয়া ডকে আপনাকে স্বাগতম। আপনার অনুসন্ধানের জন্য ধন্যবাদ। আমি আপনার প্রশ্নটি দেখেছি এবং আপনার উদ্বেগ বুঝতে পেরেছি। আমি যথাসাধ্য আপনাকে সাহায্য করার চেষ্টা করব। আপনার বর্ণনা করা লক্ষণগুলো বিভিন্ন কারণে হতে পারে এবং এর সঠিক কারণ নির্ণয়ের জন্য একটি বিস্তারিত পরীক্ষা প্রয়োজন। তাই আমি আপনাকে একজন বিশেষজ্ঞ ডাক্তারের সাথে সরাসরি পরামর্শ করার পরামর্শ দিচ্ছি। প্রয়োজনীয় পরীক্ষা-নিরীক্ষা করানো উচিত এবং রিপোর্ট অনুযায়ী চিকিৎসা শুরু করা যেতে পারে। এই সময়ে পর্যাপ্ত বিশ্রাম নিন, প্রচুর পানি পান করুন এবং স্বাস্থ্যকর খাবার খান। ডাক্তারের পরামর্শ ছাড়া কোনো ওষুধ সেবন করবেন না। যদি সমস্যা বাড়তে থাকে বা তীব্র হয়, তাহলে দেরি না করে দ্রুত ডাক্তারের শরণাপন্ন হন। আশা করি এই উত্তরটি আপনাকে সাহায্য করবে। আরও কোনো প্রশ্ন থাকলে নির্দ্বিধায় জিজ্ঞাসা করতে পারেন। ধন্যবাদ।"
37140,"হেলো, নাসেনিয়া ডকে আপনাকে স্বাগতম। আপনার অনুসন্ধানের জন্য ধন্যবাদ। আমি আপনার প্রশ্নটি দেখেছি এবং আপনার উদ্বেগ বুঝতে পেরেছি। আমি যথাসাধ্য আপনাকে সাহায্য করার চেষ্টা করব। আপনার বর্ণনা করা লক্ষণগুলো বিভিন্ন কারণে হতে পারে এবং এর সঠিক কারণ নির্ণয়ের জন্য একটি বিস্তারিত পরীক্ষা প্রয়োজন। তাই আমি আপনাকে একজন বিশেষজ্ঞ ডাক্তারের সাথে সরাসরি পরামর্শ করার পরামর্শ দিচ্ছি। প্রয়োজনীয় পরীক্ষা-নিরীক্ষা করানো উচিত এবং রিপোর্ট অনুযায়ী চিকিৎসা শুরু করা যেতে পারে। এই সময়ে পর্যাপ্ত বিশ্রাম নিন, প্রচুর পানি পান করুন এবং স্বাস্থ্যকর খাবার খান। ডাক্তারের পরামর্শ ছাড়া কোনো ওষুধ সেবন করবেন না। যদি সমস্যা বাড়তে থাকে বা তীব্র হয়, তাহলে দেরি না করে দ্রুত ডাক্তারের শরণাপন্ন হন। আশা করি এই উত্তরটি আপনাকে সাহায্য করবে। আরও কোনো প্রশ্ন থাকলে নির্দ্বিধায় জিজ্ঞাসা করতে পারেন। ধন্যবাদ।"
77025,"হেলো, নাসেনিয়া ডকে আপনাকে স্বাগতম। আপনার অনুসন্ধানের জন্য ধন্যবাদ। আমি আপনার প্রশ্নটি দেখেছি এবং আপনার উদ্বেগ বুঝতে পেরেছি। আমি যথাসাধ্য আপনাকে সাহায্য করার চেষ্টা করব। আপনার বর্ণনা করা লক্ষণগুলো বিভিন্ন কারণে হতে পারে এবং এর সঠিক কারণ নির্ণয়ের জন্য একটি বিস্তারিত পরীক্ষা প্রয়োজন। তাই আমি আপনাকে একজন বিশেষজ্ঞ ডাক্তারের সাথে সরাসরি পরামর্শ করার পরামর্শ দিচ্ছি। প্রয়োজনীয় পরীক্ষা-নিরীক্ষা করানো উচিত এবং রিপোর্ট অনুযায়ী চিকিৎসা শুরু করা যেতে পারে। এই সময়ে পর্যাপ্ত বিশ্রাম নিন, প্রচুর পানি পান করুন এবং স্বাস্থ্যকর খাবার খান। ডাক্তারের পরামর্শ ছাড়া কোনো ওষুধ সেবন করবেন না। যদি সমস্যা বাড়তে থাকে বা তীব্র হয়, তাহলে দেরি না করে দ্রুত ডাক্তারের শরণাপন্ন হন। আশা করি এই উত্তরটি আপনাকে সাহায্য করবে। আরও কোনো প্রশ্ন থাকলে নির্দ্বিধায় জিজ্ঞাসা করতে পারেন। ধন্যবাদ।"
103939,"হেলো, নাসেনিয়া ডকে আপনাকে স্বাগতম। আপনার অনুসন্ধানের জন্য ধন্যবাদ। আমি আপনার প্রশ্নটি দেখেছি এবং আপনার উদ্বেগ বুঝতে পেরেছি। আমি যথাসাধ্য আপনাকে সাহায্য করার চেষ্টা করব। আপনার বর্ণনা করা লক্ষণগুলো বিভিন্ন কারণে হতে পারে এবং এর সঠিক কারণ নির্ণয়ের জন্য একটি বিস্তারিত পরীক্ষা প্রয়োজন। তাই আমি আপনাকে একজন বিশেষজ্ঞ ডাক্তারের সাথে সরাসরি পরামর্শ করার পরামর্শ দিচ্ছি। প্রয়োজনীয় পরীক্ষা-নিরীক্ষা করানো উচিত এবং রিপোর্ট অনুযায়ী চিকিৎসা শুরু করা যেতে পারে। এই সময়ে পর্যাপ্ত বিশ্রাম নিন, প্রচুর পানি পান করুন এবং স্বাস্থ্যকর খাবার খান। ডাক্তারের পরামর্শ ছাড়া কোনো ওষুধ সেবন করবেন না। যদি সমস্যা বাড়তে থাকে বা তীব্র হয়, তাহলে দেরি না করে দ্রুত ডাক্তারের শরণাপন্ন হন। আশা করি এই উত্তরটি আপনাকে সাহায্য করবে। আরও কোনো প্রশ্ন থাকলে নির্দ্বিধায় জিজ্ঞাসা করতে পারেন। ধন্যবাদ।"
50645,"হেলো, নাসেনিয়া ডকে আপনাকে স্বাগতম। আপনার অনুসন্ধানের জন্য ধন্যবাদ। আমি আপনার প্রশ্নটি দেখেছি এবং আপনার উদ্বেগ বুঝতে পেরেছি। আমি যথাসাধ্য আপনাকে সাহায্য করার চেষ্টা করব। আপনার বর্ণনা করা লক্ষণগুলো বিভিন্ন কারণে হতে পারে এবং এর সঠিক কারণ নির্ণয়ের জন্য একটি বিস্তারিত পরীক্ষা প্রয়োজন। তাই আমি আপনাকে একজন বিশেষজ্ঞ ডাক্তারের সাথে সরাসরি পরামর্শ করার পরামর্শ দিচ্ছি। প্রয়োজনীয় পরীক্ষা-নিরীক্ষা করানো উচিত এবং রিপোর্ট অনুযায়ী চিকিৎসা শুরু করা যেতে পারে। এই সময়ে পর্যাপ্ত বিশ্রাম নিন, প্রচুর পানি পান করুন এবং স্বাস্থ্যকর খাবার খান। ডাক্তারের পরামর্শ ছাড়া কোনো ওষুধ সেবন করবেন না। যদি সমস্যা বাড়তে থাকে বা তীব্র হয়, তাহলে দেরি না করে দ্রুত ডাক্তারের শরণাপন্ন হন। আশা করি এই উত্তরটি আপনাকে সাহায্য করবে। আরও কোনো প্রশ্ন থাকলে নির্দ্বিধায় জিজ্ঞাসা করতে পারেন। ধন্যবাদ।"
111774,"হেলো, নাসেনিয়া ডকে আপনাকে স্বাগতম। আপনার অনুসন্ধানের জন্য ধন্যবাদ। আমি আপনার প্রশ্নটি দেখেছি এবং আপনার উদ্বেগ বুঝতে পেরেছি। আমি যথাসাধ্য আপনাকে সাহায্য করার চেষ্টা করব। আপনার বর্ণনা করা লক্ষণগুলো বিভিন্ন কারণে হতে পারে এবং এর সঠিক কারণ নির্ণয়ের জন্য একটি বিস্তারিত পরীক্ষা প্রয়োজন। তাই আমি আপনাকে একজন বিশেষজ্ঞ ডাক্তারের সাথে সরাসরি পরামর্শ করার পরামর্শ দিচ্ছি। প্রয়োজনীয় পরীক্ষা-নিরীক্ষা করানো উচিত এবং রিপোর্ট অনুযায়ী চিকিৎসা শুরু করা যেতে পারে। এই সময়ে পর্যাপ্ত বিশ্রাম নিন, প্রচুর পানি পান করুন এবং স্বাস্থ্যকর খাবার খান। ডাক্তারের পরামর্শ ছাড়া কোনো ওষুধ সেবন করবেন না। যদি সমস্যা বাড়তে থাকে বা তীব্র হয়, তাহলে দেরি না করে দ্রুত ডাক্তারের শরণাপন্ন হন। আশা করি এই উত্তরটি আপনাকে সাহায্য করবে। আরও কোনো প্রশ্ন থাকলে নির্দ্বিধায় জিজ্ঞাসা করতে পারেন। ধন্যবাদ।"
58574,"হেলো, নাসেনিয়া ডকে আপনাকে স্বাগতম। আপনার অনুসন্ধানের জন্য ধন্যবাদ। আমি আপনার প্রশ্নটি দেখেছি এবং আপনার উদ্বেগ বুঝতে পেরেছি। আমি যথাসাধ্য আপনাকে সাহায্য করার চেষ্টা করব। আপনার বর্ণনা করা লক্ষণগুলো বিভিন্ন কারণে হতে পারে এবং এর সঠিক কারণ নির্ণয়ের জন্য একটি বিস্তারিত পরীক্ষা প্রয়োজন। তাই আমি আপনাকে একজন বিশেষজ্ঞ ডাক্তারের সাথে সরাসরি পরামর্শ করার পরামর্শ দিচ্ছি। প্রয়োজনীয় পরীক্ষা-নিরীক্ষা করানো উচিত এবং রিপোর্ট অনুযায়ী চিকিৎসা শুরু করা যেতে পারে। এই সময়ে পর্যাপ্ত বিশ্রাম নিন, প্রচুর পানি পান করুন এবং স্বাস্থ্যকর খাবার খান। ডাক্তারের পরামর্শ ছাড়া কোনো ওষুধ সেবন করবেন না। যদি সমস্যা বাড়তে থাকে বা তীব্র হয়, তাহলে দেরি না করে দ্রুত ডাক্তারের শরণাপন্ন হন। আশা করি এই উত্তরটি আপনাকে সাহায্য করবে। আরও কোনো প্রশ্ন থাকলে নির্দ্বিধায় জিজ্ঞাসা করতে পারেন। ধন্যবাদ।"
2625,"হেলো, নাসেনিয়া ডকে আপনাকে স্বাগতম। আপনার অনুসন্ধানের জন্য ধন্যবাদ। আমি আপনার প্রশ্নটি দেখেছি এবং আপনার উদ্বেগ বুঝতে পেরেছি। আমি যথাসাধ্য আপনাকে সাহায্য করার চেষ্টা করব। আপনার বর্ণনা করা লক্ষণগুলো বিভিন্ন কারণে হতে পারে এবং এর সঠিক কারণ নির্ণয়ের জন্য একটি বিস্তারিত পরীক্ষা প্রয়োজন। তাই আমি আপনাকে একজন বিশেষজ্ঞ ডাক্তারের সাথে সরাসরি পরামর্শ করার পরামর্শ দিচ্ছি। প্রয়োজনীয় পরীক্ষা-নিরীক্ষা করানো উচিত এবং রিপোর্ট অনুযায়ী চিকিৎসা শুরু করা যেতে পারে। এই সময়ে পর্যাপ্ত বিশ্রাম নিন, প্রচুর পানি পান করুন এবং স্বাস্থ্যকর খাবার খান। ডাক্তারের পরামর্শ ছাড়া কোনো ওষুধ সেবন করবেন না। যদি সমস্যা বাড়তে থাকে বা তীব্র হয়, তাহলে দেরি না করে দ্রুত ডাক্তারের শরণাপন্ন হন। আশা করি এই উত্তরটি আপনাকে সাহায্য করবে। আরও কোনো প্রশ্ন থাকলে নির্দ্বিধায় জিজ্ঞাসা করতে পারেন। ধন্যবাদ।"
12900,"হেলো, নাসেনিয়া ডকে আপনাকে স্বাগতম। আপনার অনুসন্ধানের জন্য ধন্যবাদ। আমি আপনার প্রশ্নটি দেখেছি এবং আপনার উদ্বেগ বুঝতে পেরেছি। আমি যথাসাধ্য আপনাকে সাহায্য করার চেষ্টা করব। আপনার বর্ণনা করা লক্ষণগুলো বিভিন্ন কারণে হতে পারে এবং এর সঠিক কারণ নির্ণয়ের জন্য একটি বিস্তারিত পরীক্ষা প্রয়োজন। তাই আমি আপনাকে একজন বিশেষজ্ঞ ডাক্তারের সাথে সরাসরি পরামর্শ করার পরামর্শ দিচ্ছি। প্রয়োজনীয় পরীক্ষা-নিরীক্ষা করানো উচিত এবং রিপোর্ট অনুযায়ী চিকিৎসা শুরু করা যেতে পারে। এই সময়ে পর্যাপ্ত বিশ্রাম নিন, প্রচুর পানি পান করুন এবং স্বাস্থ্যকর খাবার খান। ডাক্তারের পরামর্শ ছাড়া কোনো ওষুধ সেবন করবেন না। যদি সমস্যা বাড়তে থাকে বা তীব্র হয়, তাহলে দেরি না করে দ্রুত ডাক্তারের শরণাপন্ন হন। আশা করি এই উত্তরটি আপনাকে সাহায্য করবে। আরও কোনো প্রশ্ন থাকলে নির্দ্বিধায় জিজ্ঞাসা করতে পারেন। ধন্যবাদ।"
17588,"হেলো, নাসেনিয়া ডকে আপনাকে স্বাগতম। আপনার অনুসন্ধানের জন্য ধন্যবাদ। আমি আপনার প্রশ্নটি দেখেছি এবং আপনার উদ্বেগ বুঝতে পেরেছি। আমি যথাসাধ্য আপনাকে সাহায্য করার চেষ্টা করব। আপনার বর্ণনা করা লক্ষণগুলো বিভিন্ন কারণে হতে পারে এবং এর সঠিক কারণ নির্ণয়ের জন্য একটি বিস্তারিত পরীক্ষা প্রয়োজন। তাই আমি আপনাকে একজন বিশেষজ্ঞ ডাক্তারের সাথে সরাসরি পরামর্শ করার পরামর্শ দিচ্ছি। প্রয়োজনীয় পরীক্ষা-নিরীক্ষা করানো উচিত এবং রিপোর্ট অনুযায়ী চিকিৎসা শুরু করা যেতে পারে। এই সময়ে পর্যাপ্ত বিশ্রাম নিন, প্রচুর পানি পান করুন এবং স্বাস্থ্যকর খাবার খান। ডাক্তারের পরামর্শ ছাড়া কোনো ওষুধ সেবন করবেন না। যদি সমস্যা বাড়তে থাকে বা তীব্র হয়, তাহলে দেরি না করে দ্রুত ডাক্তারের শরণাপন্ন হন। আশা করি এই উত্তরটি আপনাকে সাহায্য করবে। আরও কোনো প্রশ্ন থাকলে নির্দ্বিধায় জিজ্ঞাসা করতে পারেন। ধন্যবাদ।"
6404,"হেলো, নাসেনিয়া ডকে আপনাকে স্বাগতম। আপনার অনুসন্ধানের জন্য ধন্যবাদ। আমি আপনার প্রশ্নটি দেখেছি এবং আপনার উদ্বেগ বুঝতে পেরেছি। আমি যথাসাধ্য আপনাকে সাহায্য করার চেষ্টা করব। আপনার বর্ণনা করা লক্ষণগুলো বিভিন্ন কারণে হতে পারে এবং এর সঠিক কারণ নির্ণয়ের জন্য একটি বিস্তারিত পরীক্ষা প্রয়োজন। তাই আমি আপনাকে একজন বিশেষজ্ঞ ডাক্তারের সাথে সরাসরি পরামর্শ করার পরামর্শ দিচ্ছি। প্রয়োজনীয় পরীক্ষা-নিরীক্ষা করানো উচিত এবং রিপোর্ট অনুযায়ী চিকিৎসা শুরু করা যেতে পারে। এই সময়ে পর্যাপ্ত বিশ্রাম নিন, প্রচুর পানি পান করুন এবং স্বাস্থ্যকর খাবার খান। ডাক্তারের পরামর্শ ছাড়া কোনো ওষুধ সেবন করবেন না। যদি সমস্যা বাড়তে থাকে বা তীব্র হয়, তাহলে দেরি না করে দ্রুত ডাক্তারের শরণাপন্ন হন। আশা করি এই উত্তরটি আপনাকে সাহায্য করবে। আরও কোনো প্রশ্ন থাকলে নির্দ্বিধায় জিজ্ঞাসা করতে পারেন। ধন্যবাদ।"
2977,"হেলো, নাসেনিয়া ডকে আপনাকে স্বাগতম। আপনার অনুসন্ধানের জন্য ধন্যবাদ। আমি আপনার প্রশ্নটি দেখেছি এবং আপনার উদ্বেগ বুঝতে পেরেছি। আমি যথাসাধ্য আপনাকে সাহায্য করার চেষ্টা করব। আপনার বর্ণনা করা লক্ষণগুলো বিভিন্ন কারণে হতে পারে এবং এর সঠিক কারণ নির্ণয়ের জন্য একটি বিস্তারিত পরীক্ষা প্রয়োজন। তাই আমি আপনাকে একজন বিশেষজ্ঞ ডাক্তারের সাথে সরাসরি পরামর্শ করার পরামর্শ দিচ্ছি। প্রয়োজনীয় পরীক্ষা-নিরীক্ষা করানো উচিত এবং রিপোর্ট অনুযায়ী চিকিৎসা শুরু করা যেতে পারে। এই সময়ে পর্যাপ্ত বিশ্রাম নিন, প্রচুর পানি পান করুন এবং স্বাস্থ্যকর খাবার খান। ডাক্তারের পরামর্শ ছাড়া কোনো ওষুধ সেবন করবেন না। যদি সমস্যা বাড়তে থাকে বা তীব্র হয়, তাহলে দেরি না করে দ্রুত ডাক্তারের শরণাপন্ন হন। আশা করি এই উত্তরটি আপনাকে সাহায্য করবে। আরও কোনো প্রশ্ন থাকলে নির্দ্বিধায় জিজ্ঞাসা করতে পারেন। ধন্যবাদ।"
8980,"হেলো, নাসেনিয়া ডকে আপনাকে স্বাগতম। আপনার অনুসন্ধানের জন্য ধন্যবাদ। আমি আপনার প্রশ্নটি দেখেছি এবং আপনার উদ্বেগ বুঝতে পেরেছি। আমি যথাসাধ্য আপনাকে সাহায্য করার চেষ্টা করব। আপনার বর্ণনা করা লক্ষণগুলো বিভিন্ন কারণে হতে পারে এবং এর সঠিক কারণ নির্ণয়ের জন্য একটি বিস্তারিত পরীক্ষা প্রয়োজন। তাই আমি আপনাকে একজন বিশেষজ্ঞ ডাক্তারের সাথে সরাসরি পরামর্শ করার পরামর্শ দিচ্ছি। প্রয়োজনীয় পরীক্ষা-নিরীক্ষা করানো উচিত এবং রিপোর্ট অনুযায়ী চিকিৎসা শুরু করা যেতে পারে। এই সময়ে পর্যাপ্ত বিশ্রাম নিন, প্রচুর পানি পান করুন এবং স্বাস্থ্যকর খাবার খান। ডাক্তারের পরামর্শ ছাড়া কোনো ওষুধ সেবন করবেন না। যদি সমস্যা বাড়তে থাকে বা তীব্র হয়, তাহলে দেরি না করে দ্রুত ডাক্তারের শরণাপন্ন হন। আশা করি এই উত্তরটি আপনাকে সাহায্য করবে। আরও কোনো প্রশ্ন থাকলে নির্দ্বিধায় জিজ্ঞাসা করতে পারেন। ধন্যবাদ।"
44380,"হেলো, নাসেনিয়া ডকে আপনাকে স্বাগতম। আপনার অনুসন্ধানের জন্য ধন্যবাদ। আমি আপনার প্রশ্নটি দেখেছি এবং আপনার উদ্বেগ বুঝতে পেরেছি। আমি যথাসাধ্য আপনাকে সাহায্য করার চেষ্টা করব। আপনার বর্ণনা করা লক্ষণগুলো বিভিন্ন কারণে হতে পারে এবং এর সঠিক কারণ নির্ণয়ের জন্য একটি বিস্তারিত পরীক্ষা প্রয়োজন। তাই আমি আপনাকে একজন বিশেষজ্ঞ ডাক্তারের সাথে সরাসরি পরামর্শ করার পরামর্শ দিচ্ছি। প্রয়োজনীয় পরীক্ষা-নিরীক্ষা করানো উচিত এবং রিপোর্ট অনুযায়ী চিকিৎসা শুরু করা যেতে পারে। এই সময়ে পর্যাপ্ত বিশ্রাম নিন, প্রচুর পানি পান করুন এবং স্বাস্থ্যকর খাবার খান। ডাক্তারের পরামর্শ ছাড়া কোনো ওষুধ সেবন করবেন না। যদি সমস্যা বাড়তে থাকে বা তীব্র হয়, তাহলে দেরি না করে দ্রুত ডাক্তারের শরণাপন্ন হন। আশা করি এই উত্তরটি আপনাকে সাহায্য করবে। আরও কোনো প্রশ্ন থাকলে নির্দ্বিধায় জিজ্ঞাসা করতে পারেন। ধন্যবাদ।"
99593,"হেলো, নাসেনিয়া ডকে আপনাকে স্বাগতম। আপনার অনুসন্ধানের জন্য ধন্যবাদ। আমি আপনার প্রশ্নটি দেখেছি এবং আপনার উদ্বেগ বুঝতে পেরেছি। আমি যথাসাধ্য আপনাকে সাহায্য করার চেষ্টা করব। আপনার বর্ণনা করা লক্ষণগুলো বিভিন্ন কারণে হতে পারে এবং এর সঠিক কারণ নির্ণয়ের জন্য একটি বিস্তারিত পরীক্ষা প্রয়োজন। তাই আমি আপনাকে একজন বিশেষজ্ঞ ডাক্তারের সাথে সরাসরি পরামর্শ করার পরামর্শ দিচ্ছি। প্রয়োজনীয় পরীক্ষা-নিরীক্ষা করানো উচিত এবং রিপোর্ট অনুযায়ী চিকিৎসা শুরু করা যেতে পারে। এই সময়ে পর্যাপ্ত বিশ্রাম নিন, প্রচুর পানি পান করুন এবং স্বাস্থ্যকর খাবার খান। ডাক্তারের পরামর্শ ছাড়া কোনো ওষুধ সেবন করবেন না। যদি সমস্যা বাড়তে থাকে বা তীব্র হয়, তাহলে দেরি না করে দ্রুত ডাক্তারের শরণাপন্ন হন। আশা করি এই উত্তরটি আপনাকে সাহায্য করবে। আরও কোনো প্রশ্ন থাকলে নির্দ্বিধায় জিজ্ঞাসা করতে পারেন। ধন্যবাদ।"
89414,"হেলো, নাসেনিয়া ডকে আপনাকে স্বাগতম। আপনার অনুসন্ধানের জন্য ধন্যবাদ। আমি আপনার প্রশ্নটি দেখেছি এবং আপনার উদ্বেগ বুঝতে পেরেছি। আমি যথাসাধ্য আপনাকে সাহায্য করার চেষ্টা করব। আপনার বর্ণনা করা লক্ষণগুলো বিভিন্ন কারণে হতে পারে এবং এর সঠিক কারণ নির্ণয়ের জন্য একটি বিস্তারিত পরীক্ষা প্রয়োজন। তাই আমি আপনাকে একজন বিশেষজ্ঞ ডাক্তারের সাথে সরাসরি পরামর্শ করার পরামর্শ দিচ্ছি। প্রয়োজনীয় পরীক্ষা-নিরীক্ষা করানো উচিত এবং রিপোর্ট অনুযায়ী চিকিৎসা শুরু করা যেতে পারে। এই সময়ে পর্যাপ্ত বিশ্রাম নিন, প্রচুর পানি পান করুন এবং স্বাস্থ্যকর খাবার খান। ডাক্তারের পরামর্শ ছাড়া কোনো ওষুধ সেবন করবেন না। যদি সমস্যা বাড়তে থাকে বা তীব্র হয়, তাহলে দেরি না করে দ্রুত ডাক্তারের শরণাপন্ন হন। আশা করি এই উত্তরটি আপনাকে সাহায্য করবে। আরও কোনো প্রশ্ন থাকলে নির্দ্বিধায় জিজ্ঞাসা করতে পারেন। ধন্যবাদ।"
5993,"হেলো, নাসেনিয়া ডকে আপনাকে স্বাগতম। আপনার অনুসন্ধানের জন্য ধন্যবাদ। আমি আপনার প্রশ্নটি দেখেছি এবং আপনার উদ্বেগ বুঝতে পেরেছি। আমি যথাসাধ্য আপনাকে সাহায্য করার চেষ্টা করব। আপনার বর্ণনা করা লক্ষণগুলো বিভিন্ন কারণে হতে পারে এবং এর সঠিক কারণ নির্ণয়ের জন্য একটি বিস্তারিত পরীক্ষা প্রয়োজন। তাই আমি আপনাকে একজন বিশেষজ্ঞ ডাক্তারের সাথে সরাসরি পরামর্শ করার পরামর্শ দিচ্ছি। প্রয়োজনীয় পরীক্ষা-নিরীক্ষা করানো উচিত এবং রিপোর্ট অনুযায়ী চিকিৎসা শুরু করা যেতে পারে। এই সময়ে পর্যাপ্ত বিশ্রাম নিন, প্রচুর পানি পান করুন এবং স্বাস্থ্যকর খাবার খান। ডাক্তারের পরামর্শ ছাড়া কোনো ওষুধ সেবন করবেন না। যদি সমস্যা বাড়তে থাকে বা তীব্র হয়, তাহলে দেরি না করে দ্রুত ডাক্তারের শরণাপন্ন হন। আশা করি এই উত্তরটি আপনাকে সাহায্য করবে। আরও কোনো প্রশ্ন থাকলে নির্দ্বিধায় জিজ্ঞাসা করতে পারেন। ধন্যবাদ।"
71496,"হেলো, নাসেনিয়া ডকে আপনাকে স্বাগতম। আপনার অনুসন্ধানের জন্য ধন্যবাদ। আমি আপনার প্রশ্নটি দেখেছি এবং আপনার উদ্বেগ বুঝতে পেরেছি। আমি যথাসাধ্য আপনাকে সাহায্য করার চেষ্টা করব। আপনার বর্ণনা করা লক্ষণগুলো বিভিন্ন কারণে হতে পারে এবং এর সঠিক কারণ নির্ণয়ের জন্য একটি বিস্তারিত পরীক্ষা প্রয়োজন। তাই আমি আপনাকে একজন বিশেষজ্ঞ ডাক্তারের সাথে সরাসরি পরামর্শ করার পরামর্শ দিচ্ছি। প্রয়োজনীয় পরীক্ষা-নিরীক্ষা করানো উচিত এবং রিপোর্ট অনুযায়ী চিকিৎসা শুরু করা যেতে পারে। এই সময়ে পর্যাপ্ত বিশ্রাম নিন, প্রচুর পানি পান করুন এবং স্বাস্থ্যকর খাবার খান। ডাক্তারের পরামর্শ ছাড়া কোনো ওষুধ সেবন করবেন না। যদি সমস্যা বাড়তে থাকে বা তীব্র হয়, তাহলে দেরি না করে দ্রুত ডাক্তারের শরণাপন্ন হন। আশা করি এই উত্তরটি আপনাকে সাহায্য করবে। আরও কোনো প্রশ্ন থাকলে নির্দ্বিধায় জিজ্ঞাসা করতে পারেন। ধন্যবাদ।"
44533,"হেলো, নাসেনিয়া ডকে আপনাকে স্বাগতম। আপনার অনুসন্ধানের জন্য ধন্যবাদ। আমি আপনার প্রশ্নটি দেখেছি এবং আপনার উদ্বেগ বুঝতে পেরেছি। আমি যথাসাধ্য আপনাকে সাহায্য করার চেষ্টা করব। আপনার বর্ণনা করা লক্ষণগুলো বিভিন্ন কারণে হতে পারে এবং এর সঠিক কারণ নির্ণয়ের জন্য একটি বিস্তারিত পরীক্ষা প্রয়োজন। তাই আমি আপনাকে একজন বিশেষজ্ঞ ডাক্তারের সাথে সরাসরি পরামর্শ করার পরামর্শ দিচ্ছি। প্রয়োজনীয় পরীক্ষা-নিরীক্ষা করানো উচিত এবং রিপোর্ট অনুযায়ী চিকিৎসা শুরু করা যেতে পারে। এই সময়ে পর্যাপ্ত বিশ্রাম নিন, প্রচুর পানি পান করুন এবং স্বাস্থ্যকর খাবার খান। ডাক্তারের পরামর্শ ছাড়া কোনো ওষুধ সেবন করবেন না। যদি সমস্যা বাড়তে থাকে বা তীব্র হয়, তাহলে দেরি না করে দ্রুত ডাক্তারের শরণাপন্ন হন। আশা করি এই উত্তরটি আপনাকে সাহায্য করবে। আরও কোনো প্রশ্ন থাকলে নির্দ্বিধায় জিজ্ঞাসা করতে পারেন। ধন্যবাদ।"
37862,"হেলো, নাসেনিয়া ডকে আপনাকে স্বাগতম। আপনার অনুসন্ধানের জন্য ধন্যবাদ। আমি আপনার প্রশ্নটি দেখেছি এবং আপনার উদ্বেগ বুঝতে পেরেছি। আমি যথাসাধ্য আপনাকে সাহায্য করার চেষ্টা করব। আপনার বর্ণনা করা লক্ষণগুলো বিভিন্ন কারণে হতে পারে এবং এর সঠিক কারণ নির্ণয়ের জন্য একটি বিস্তারিত পরীক্ষা প্রয়োজন। তাই আমি আপনাকে একজন বিশেষজ্ঞ ডাক্তারের সাথে সরাসরি পরামর্শ করার পরামর্শ দিচ্ছি। প্রয়োজনীয় পরীক্ষা-নিরীক্ষা করানো উচিত এবং রিপোর্ট অনুযায়ী চিকিৎসা শুরু করা যেতে পারে। এই সময়ে পর্যাপ্ত বিশ্রাম নিন, প্রচুর পানি পান করুন এবং স্বাস্থ্যকর খাবার খান। ডাক্তারের পরামর্শ ছাড়া কোনো ওষুধ সেবন করবেন না। যদি সমস্যা বাড়তে থাকে বা তীব্র হয়, তাহলে দেরি না করে দ্রুত ডাক্তারের শরণাপন্ন হন। আশা করি এই উত্তরটি আপনাকে সাহায্য করবে। আরও কোনো প্রশ্ন থাকলে নির্দ্বিধায় জিজ্ঞাসা করতে পারেন। ধন্যবাদ।"
57131,"হেলো, নাসেনিয়া ডকে আপনাকে স্বাগতম। আপনার অনুসন্ধানের জন্য ধন্যবাদ। আমি আপনার প্রশ্নটি দেখেছি এবং আপনার উদ্বেগ বুঝতে পেরেছি। আমি যথাসাধ্য আপনাকে সাহায্য করার চেষ্টা করব। আপনার বর্ণনা করা লক্ষণগুলো বিভিন্ন কারণে হতে পারে এবং এর সঠিক কারণ নির্ণয়ের জন্য একটি বিস্তারিত পরীক্ষা প্রয়োজন। তাই আমি আপনাকে একজন বিশেষজ্ঞ ডাক্তারের সাথে সরাসরি পরামর্শ করার পরামর্শ দিচ্ছি। প্রয়োজনীয় পরীক্ষা-নিরীক্ষা করানো উচিত এবং রিপোর্ট অনুযায়ী চিকিৎসা শুরু করা যেতে পারে। এই সময়ে পর্যাপ্ত বিশ্রাম নিন, প্রচুর পানি পান করুন এবং স্বাস্থ্যকর খাবার খান। ডাক্তারের পরামর্শ ছাড়া কোনো ওষুধ সেবন করবেন না। যদি সমস্যা বাড়তে থাকে বা তীব্র হয়, তাহলে দেরি না করে দ্রুত ডাক্তারের শরণাপন্ন হন। আশা করি এই উত্তরটি আপনাকে সাহায্য করবে। আরও কোনো প্রশ্ন থাকলে নির্দ্বিধায় জিজ্ঞাসা করতে পারেন। ধন্যবাদ।"
6569,"হেলো, নাসেনিয়া ডকে আপনাকে স্বাগতম। আপনার অনুসন্ধানের জন্য ধন্যবাদ। আমি আপনার প্রশ্নটি দেখেছি এবং আপনার উদ্বেগ বুঝতে পেরেছি। আমি যথাসাধ্য আপনাকে সাহায্য করার চেষ্টা করব। আপনার বর্ণনা করা লক্ষণগুলো বিভিন্ন কারণে হতে পারে এবং এর সঠিক কারণ নির্ণয়ের জন্য একটি বিস্তারিত পরীক্ষা প্রয়োজন। তাই আমি আপনাকে একজন বিশেষজ্ঞ ডাক্তারের সাথে সরাসরি পরামর্শ করার পরামর্শ দিচ্ছি। প্রয়োজনীয় পরীক্ষা-নিরীক্ষা করানো উচিত এবং রিপোর্ট অনুযায়ী চিকিৎসা শুরু করা যেতে পারে। এই সময়ে পর্যাপ্ত বিশ্রাম নিন, প্রচুর পানি পান করুন এবং স্বাস্থ্যকর খাবার খান। ডাক্তারের পরামর্শ ছাড়া কোনো ওষুধ সেবন করবেন না। যদি সমস্যা বাড়তে থাকে বা তীব্র হয়, তাহলে দেরি না করে দ্রুত ডাক্তারের শরণাপন্ন হন। আশা করি এই উত্তরটি আপনাকে সাহায্য করবে। আরও কোনো প্রশ্ন থাকলে নির্দ্বিধায় জিজ্ঞাসা করতে পারেন। ধন্যবাদ।"
79899,"হেলো, নাসেনিয়া ডকে আপনাকে স্বাগতম। আপনার অনুসন্ধানের জন্য ধন্যবাদ। আমি আপনার প্রশ্নটি দেখেছি এবং আপনার উদ্বেগ বুঝতে পেরেছি। আমি যথাসাধ্য আপনাকে সাহায্য করার চেষ্টা করব। আপনার বর্ণনা করা লক্ষণগুলো বিভিন্ন কারণে হতে পারে এবং এর সঠিক কারণ নির্ণয়ের জন্য একটি বিস্তারিত পরীক্ষা প্রয়োজন। তাই আমি আপনাকে একজন বিশেষজ্ঞ ডাক্তারের সাথে সরাসরি পরামর্শ করার পরামর্শ দিচ্ছি। প্রয়োজনীয় পরীক্ষা-নিরীক্ষা করানো উচিত এবং রিপোর্ট অনুযায়ী চিকিৎসা শুরু করা যেতে পারে। এই সময়ে পর্যাপ্ত বিশ্রাম নিন, প্রচুর পানি পান করুন এবং স্বাস্থ্যকর খাবার খান। ডাক্তারের পরামর্শ ছাড়া কোনো ওষুধ সেবন করবেন না। যদি সমস্যা বাড়তে থাকে বা তীব্র হয়, তাহলে দেরি না করে দ্রুত ডাক্তারের শরণাপন্ন হন। আশা করি এই উত্তরটি আপনাকে সাহায্য করবে। আরও কোনো প্রশ্ন থাকলে নির্দ্বিধায় জিজ্ঞাসা করতে পারেন। ধন্যবাদ।"
44635,"হেলো, নাসেনিয়া ডকে আপনাকে স্বাগতম। আপনার অনুসন্ধানের জন্য ধন্যবাদ। আমি আপনার প্রশ্নটি দেখেছি এবং আপনার উদ্বেগ বুঝতে পেরেছি। আমি যথাসাধ্য আপনাকে সাহায্য করার চেষ্টা করব। আপনার বর্ণনা করা লক্ষণগুলো বিভিন্ন কারণে হতে পারে এবং এর সঠিক কারণ নির্ণয়ের জন্য একটি বিস্তারিত পরীক্ষা প্রয়োজন। তাই আমি আপনাকে একজন বিশেষজ্ঞ ডাক্তারের সাথে সরাসরি পরামর্শ করার পরামর্শ দিচ্ছি। প্রয়োজনীয় পরীক্ষা-নিরীক্ষা করানো উচিত এবং রিপোর্ট অনুযায়ী চিকিৎসা শুরু করা যেতে পারে। এই সময়ে পর্যাপ্ত বিশ্রাম নিন, প্রচুর পানি পান করুন এবং স্বাস্থ্যকর খাবার খান। ডাক্তারের পরামর্শ ছাড়া কোনো ওষুধ সেবন করবেন না। যদি সমস্যা বাড়তে থাকে বা তীব্র হয়, তাহলে দেরি না করে দ্রুত ডাক্তারের শরণাপন্ন হন। আশা করি এই উত্তরটি আপনাকে সাহায্য করবে। আরও কোনো প্রশ্ন থাকলে নির্দ্বিধায় জিজ্ঞাসা করতে পারেন। ধন্যবাদ।"
25365,"হেলো, নাসেনিয়া ডকে আপনাকে স্বাগতম। আপনার অনুসন্ধানের জন্য ধন্যবাদ। আমি আপনার প্রশ্নটি দেখেছি এবং আপনার উদ্বেগ বুঝতে পেরেছি। আমি যথাসাধ্য আপনাকে সাহায্য করার চেষ্টা করব। আপনার বর্ণনা করা লক্ষণগুলো বিভিন্ন কারণে হতে পারে এবং এর সঠিক কারণ নির্ণয়ের জন্য একটি বিস্তারিত পরীক্ষা প্রয়োজন। তাই আমি আপনাকে একজন বিশেষজ্ঞ ডাক্তারের সাথে সরাসরি পরামর্শ করার পরামর্শ দিচ্ছি। প্রয়োজনীয় পরীক্ষা-নিরীক্ষা করানো উচিত এবং রিপোর্ট অনুযায়ী চিকিৎসা শুরু করা যেতে পারে। এই সময়ে পর্যাপ্ত বিশ্রাম নিন, প্রচুর পানি পান করুন এবং স্বাস্থ্যকর খাবার খান। ডাক্তারের পরামর্শ ছাড়া কোনো ওষুধ সেবন করবেন না। যদি সমস্যা বাড়তে থাকে বা তীব্র হয়, তাহলে দেরি না করে দ্রুত ডাক্তারের শরণাপন্ন হন। আশা করি এই উত্তরটি আপনাকে সাহায্য করবে। আরও কোনো প্রশ্ন থাকলে নির্দ্বিধায় জিজ্ঞাসা করতে পারেন। ধন্যবাদ।"
36369,"হেলো, নাসেনিয়া ডকে আপনাকে স্বাগতম। আপনার অনুসন্ধানের জন্য ধন্যবাদ। আমি আপনার প্রশ্নটি দেখেছি এবং আপনার উদ্বেগ বুঝতে পেরেছি। আমি যথাসাধ্য আপনাকে সাহায্য করার চেষ্টা করব। আপনার বর্ণনা করা লক্ষণগুলো বিভিন্ন কারণে হতে পারে এবং এর সঠিক কারণ নির্ণয়ের জন্য একটি বিস্তারিত পরীক্ষা প্রয়োজন। তাই আমি আপনাকে একজন বিশেষজ্ঞ ডাক্তারের সাথে সরাসরি পরামর্শ করার পরামর্শ দিচ্ছি। প্রয়োজনীয় পরীক্ষা-নিরীক্ষা করানো উচিত এবং রিপোর্ট অনুযায়ী চিকিৎসা শুরু করা যেতে পারে। এই সময়ে পর্যাপ্ত বিশ্রাম নিন, প্রচুর পানি পান করুন এবং স্বাস্থ্যকর খাবার খান। ডাক্তারের পরামর্শ ছাড়া কোনো ওষুধ সেবন করবেন না। যদি সমস্যা বাড়তে থাকে বা তীব্র হয়, তাহলে দেরি না করে দ্রুত ডাক্তারের শরণাপন্ন হন। আশা করি এই উত্তরটি আপনাকে সাহায্য করবে। আরও কোনো প্রশ্ন থাকলে নির্দ্বিধায় জিজ্ঞাসা করতে পারেন। ধন্যবাদ।"
7309,"হেলো, নাসেনিয়া ডকে আপনাকে স্বাগতম। আপনার অনুসন্ধানের জন্য ধন্যবাদ। আমি আপনার প্রশ্নটি দেখেছি এবং আপনার উদ্বেগ বুঝতে পেরেছি। আমি যথাসাধ্য আপনাকে সাহায্য করার চেষ্টা করব। আপনার বর্ণনা করা লক্ষণগুলো বিভিন্ন কারণে হতে পারে এবং এর সঠিক কারণ নির্ণয়ের জন্য একটি বিস্তারিত পরীক্ষা প্রয়োজন। তাই আমি আপনাকে একজন বিশেষজ্ঞ ডাক্তারের সাথে সরাসরি পরামর্শ করার পরামর্শ দিচ্ছি। প্রয়োজনীয় পরীক্ষা-নিরীক্ষা করানো উচিত এবং রিপোর্ট অনুযায়ী চিকিৎসা শুরু করা যেতে পারে। এই সময়ে পর্যাপ্ত বিশ্রাম নিন, প্রচুর পানি পান করুন এবং স্বাস্থ্যকর খাবার খান। ডাক্তারের পরামর্শ ছাড়া কোনো ওষুধ সেবন করবেন না। যদি সমস্যা বাড়তে থাকে বা তীব্র হয়, তাহলে দেরি না করে দ্রুত ডাক্তারের শরণাপন্ন হন। আশা করি এই উত্তরটি আপনাকে সাহায্য করবে। আরও কোনো প্রশ্ন থাকলে নির্দ্বিধায় জিজ্ঞাসা করতে পারেন। ধন্যবাদ।"
59285,"হেলো, নাসেনিয়া ডকে আপনাকে স্বাগতম। আপনার অনুসন্ধানের জন্য ধন্যবাদ। আমি আপনার প্রশ্নটি দেখেছি এবং আপনার উদ্বেগ বুঝতে পেরেছি। আমি যথাসাধ্য আপনাকে সাহায্য করার চেষ্টা করব। আপনার বর্ণনা করা লক্ষণগুলো বিভিন্ন কারণে হতে পারে এবং এর সঠিক কারণ নির্ণয়ের জন্য একটি বিস্তারিত পরীক্ষা প্রয়োজন। তাই আমি আপনাকে একজন বিশেষজ্ঞ ডাক্তারের সাথে সরাসরি পরামর্শ করার পরামর্শ দিচ্ছি। প্রয়োজনীয় পরীক্ষা-নিরীক্ষা করানো উচিত এবং রিপোর্ট অনুযায়ী চিকিৎসা শুরু করা যেতে পারে। এই সময়ে পর্যাপ্ত বিশ্রাম নিন, প্রচুর পানি পান করুন এবং স্বাস্থ্যকর খাবার খান। ডাক্তারের পরামর্শ ছাড়া কোনো ওষুধ সেবন করবেন না। যদি সমস্যা বাড়তে থাকে বা তীব্র হয়, তাহলে দেরি না করে দ্রুত ডাক্তারের শরণাপন্ন হন। আশা করি এই উত্তরটি আপনাকে সাহায্য করবে। আরও কোনো প্রশ্ন থাকলে নির্দ্বিধায় জিজ্ঞাসা করতে পারেন। ধন্যবাদ।"
82716,"হেলো, নাসেনিয়া ডকে আপনাকে স্বাগতম। আপনার অনুসন্ধানের জন্য ধন্যবাদ। আমি আপনার প্রশ্নটি দেখেছি এবং আপনার উদ্বেগ বুঝতে পেরেছি। আমি যথাসাধ্য আপনাকে সাহায্য করার চেষ্টা করব। আপনার বর্ণনা করা লক্ষণগুলো বিভিন্ন কারণে হতে পারে এবং এর সঠিক কারণ নির্ণয়ের জন্য একটি বিস্তারিত পরীক্ষা প্রয়োজন। তাই আমি আপনাকে একজন বিশেষজ্ঞ ডাক্তারের সাথে সরাসরি পরামর্শ করার পরামর্শ দিচ্ছি। প্রয়োজনীয় পরীক্ষা-নিরীক্ষা করানো উচিত এবং রিপোর্ট অনুযায়ী চিকিৎসা শুরু করা যেতে পারে। এই সময়ে পর্যাপ্ত বিশ্রাম নিন, প্রচুর পানি পান করুন এবং স্বাস্থ্যকর খাবার খান। ডাক্তারের পরামর্শ ছাড়া কোনো ওষুধ সেবন করবেন না। যদি সমস্যা বাড়তে থাকে বা তীব্র হয়, তাহলে দেরি না করে দ্রুত ডাক্তারের শরণাপন্ন হন। আশা করি এই উত্তরটি আপনাকে সাহায্য করবে। আরও কোনো প্রশ্ন থাকলে নির্দ্বিধায় জিজ্ঞাসা করতে পারেন। ধন্যবাদ।"
47331,"হেলো, নাসেনিয়া ডকে আপনাকে স্বাগতম। আপনার অনুসন্ধানের জন্য ধন্যবাদ। আমি আপনার প্রশ্নটি দেখেছি এবং আপনার উদ্বেগ বুঝতে পেরেছি। আমি যথাসাধ্য আপনাকে সাহায্য করার চেষ্টা করব। আপনার বর্ণনা করা লক্ষণগুলো বিভিন্ন কারণে হতে পারে এবং এর সঠিক কারণ নির্ণয়ের জন্য একটি বিস্তারিত পরীক্ষা প্রয়োজন। তাই আমি আপনাকে একজন বিশেষজ্ঞ ডাক্তারের সাথে সরাসরি পরামর্শ করার পরামর্শ দিচ্ছি। প্রয়োজনীয় পরীক্ষা-নিরীক্ষা করানো উচিত এবং রিপোর্ট অনুযায়ী চিকিৎসা শুরু করা যেতে পারে। এই সময়ে পর্যাপ্ত বিশ্রাম নিন, প্রচুর পানি পান করুন এবং স্বাস্থ্যকর খাবার খান। ডাক্তারের পরামর্শ ছাড়া কোনো ওষুধ সেবন করবেন না। যদি সমস্যা বাড়তে থাকে বা তীব্র হয়, তাহলে দেরি না করে দ্রুত ডাক্তারের শরণাপন্ন হন। আশা করি এই উত্তরটি আপনাকে সাহায্য করবে। আরও কোনো প্রশ্ন থাকলে নির্দ্বিধায় জিজ্ঞাসা করতে পারেন। ধন্যবাদ।"
97995,"হেলো, নাসেনিয়া ডকে আপনাকে স্বাগতম। আপনার অনুসন্ধানের জন্য ধন্যবাদ। আমি আপনার প্রশ্নটি দেখেছি এবং আপনার উদ্বেগ বুঝতে পেরেছি। আমি যথাসাধ্য আপনাকে সাহায্য করার চেষ্টা করব। আপনার বর্ণনা করা লক্ষণগুলো বিভিন্ন কারণে হতে পারে এবং এর সঠিক কারণ নির্ণয়ের জন্য একটি বিস্তারিত পরীক্ষা প্রয়োজন। তাই আমি আপনাকে একজন বিশেষজ্ঞ ডাক্তারের সাথে সরাসরি পরামর্শ করার পরামর্শ দিচ্ছি। প্রয়োজনীয় পরীক্ষা-নিরীক্ষা করানো উচিত এবং রিপোর্ট অনুযায়ী চিকিৎসা শুরু করা যেতে পারে। এই সময়ে পর্যাপ্ত বিশ্রাম নিন, প্রচুর পানি পান করুন এবং স্বাস্থ্যকর খাবার খান। ডাক্তারের পরামর্শ ছাড়া কোনো ওষুধ সেবন করবেন না। যদি সমস্যা বাড়তে থাকে বা তীব্র হয়, তাহলে দেরি না করে দ্রুত ডাক্তারের শরণাপন্ন হন। আশা করি এই উত্তরটি আপনাকে সাহায্য করবে। আরও কোনো প্রশ্ন থাকলে নির্দ্বিধায় জিজ্ঞাসা করতে পারেন। ধন্যবাদ।"
8357,"হেলো, নাসেনিয়া ডকে আপনাকে স্বাগতম। আপনার অনুসন্ধানের জন্য ধন্যবাদ। আমি আপনার প্রশ্নটি দেখেছি এবং আপনার উদ্বেগ বুঝতে পেরেছি। আমি যথাসাধ্য আপনাকে সাহায্য করার চেষ্টা করব। আপনার বর্ণনা করা লক্ষণগুলো বিভিন্ন কারণে হতে পারে এবং এর সঠিক কারণ নির্ণয়ের জন্য একটি বিস্তারিত পরীক্ষা প্রয়োজন। তাই আমি আপনাকে একজন বিশেষজ্ঞ ডাক্তারের সাথে সরাসরি পরামর্শ করার পরামর্শ দিচ্ছি। প্রয়োজনীয় পরীক্ষা-নিরীক্ষা করানো উচিত এবং রিপোর্ট অনুযায়ী চিকিৎসা শুরু করা যেতে পারে। এই সময়ে পর্যাপ্ত বিশ্রাম নিন, প্রচুর পানি পান করুন এবং স্বাস্থ্যকর খাবার খান। ডাক্তারের পরামর্শ ছাড়া কোনো ওষুধ সেবন করবেন না। যদি সমস্যা বাড়তে থাকে বা তীব্র হয়, তাহলে দেরি না করে দ্রুত ডাক্তারের শরণাপন্ন হন। আশা করি এই উত্তরটি আপনাকে সাহায্য করবে। আরও কোনো প্রশ্ন থাকলে নির্দ্বিধায় জিজ্ঞাসা করতে পারেন। ধন্যবাদ।"
64283,"হেলো, নাসেনিয়া ডকে আপনাকে স্বাগতম। আপনার অনুসন্ধানের জন্য ধন্যবাদ। আমি আপনার প্রশ্নটি দেখেছি এবং আপনার উদ্বেগ বুঝতে পেরেছি। আমি যথাসাধ্য আপনাকে সাহায্য করার চেষ্টা করব। আপনার বর্ণনা করা লক্ষণগুলো বিভিন্ন কারণে হতে পারে এবং এর সঠিক কারণ নির্ণয়ের জন্য একটি বিস্তারিত পরীক্ষা প্রয়োজন। তাই আমি আপনাকে একজন বিশেষজ্ঞ ডাক্তারের সাথে সরাসরি পরামর্শ করার পরামর্শ দিচ্ছি। প্রয়োজনীয় পরীক্ষা-নিরীক্ষা করানো উচিত এবং রিপোর্ট অনুযায়ী চিকিৎসা শুরু করা যেতে পারে। এই সময়ে পর্যাপ্ত বিশ্রাম নিন, প্রচুর পানি পান করুন এবং স্বাস্থ্যকর খাবার খান। ডাক্তারের পরামর্শ ছাড়া কোনো ওষুধ সেবন করবেন না। যদি সমস্যা বাড়তে থাকে বা তীব্র হয়, তাহলে দেরি না করে দ্রুত ডাক্তারের শরণাপন্ন হন। আশা করি এই উত্তরটি আপনাকে সাহায্য করবে। আরও কোনো প্রশ্ন থাকলে নির্দ্বিধায় জিজ্ঞাসা করতে পারেন। ধন্যবাদ।"
62517,"হেলো, নাসেনিয়া ডকে আপনাকে স্বাগতম। আপনার অনুসন্ধানের জন্য ধন্যবাদ। আমি আপনার প্রশ্নটি দেখেছি এবং আপনার উদ্বেগ বুঝতে পেরেছি। আমি যথাসাধ্য আপনাকে সাহায্য করার চেষ্টা করব। আপনার বর্ণনা করা লক্ষণগুলো বিভিন্ন কারণে হতে পারে এবং এর সঠিক কারণ নির্ণয়ের জন্য একটি বিস্তারিত পরীক্ষা প্রয়োজন। তাই আমি আপনাকে একজন বিশেষজ্ঞ ডাক্তারের সাথে সরাসরি পরামর্শ করার পরামর্শ দিচ্ছি। প্রয়োজনীয় পরীক্ষা-নিরীক্ষা করানো উচিত এবং রিপোর্ট অনুযায়ী চিকিৎসা শুরু করা যেতে পারে। এই সময়ে পর্যাপ্ত বিশ্রাম নিন, প্রচুর পানি পান করুন এবং স্বাস্থ্যকর খাবার খান। ডাক্তারের পরামর্শ ছাড়া কোনো ওষুধ সেবন করবেন না। যদি সমস্যা বাড়তে থাকে বা তীব্র হয়, তাহলে দেরি না করে দ্রুত ডাক্তারের শরণাপন্ন হন। আশা করি এই উত্তরটি আপনাকে সাহায্য করবে। আরও কোনো প্রশ্ন থাকলে নির্দ্বিধায় জিজ্ঞাসা করতে পারেন। ধন্যবাদ।"
70920,"হেলো, নাসেনিয়া ডকে আপনাকে স্বাগতম। আপনার অনুসন্ধানের জন্য ধন্যবাদ। আমি আপনার প্রশ্নটি দেখেছি এবং আপনার উদ্বেগ বুঝতে পেরেছি। আমি যথাসাধ্য আপনাকে সাহায্য করার চেষ্টা করব। আপনার বর্ণনা করা লক্ষণগুলো বিভিন্ন কারণে হতে পারে এবং এর সঠিক কারণ নির্ণয়ের জন্য একটি বিস্তারিত পরীক্ষা প্রয়োজন। তাই আমি আপনাকে একজন বিশেষজ্ঞ ডাক্তারের সাথে সরাসরি পরামর্শ করার পরামর্শ দিচ্ছি। প্রয়োজনীয় পরীক্ষা-নিরীক্ষা করানো উচিত এবং রিপোর্ট অনুযায়ী চিকিৎসা শুরু করা যেতে পারে। এই সময়ে পর্যাপ্ত বিশ্রাম নিন, প্রচুর পানি পান করুন এবং স্বাস্থ্যকর খাবার খান। ডাক্তারের পরামর্শ ছাড়া কোনো ওষুধ সেবন করবেন না। যদি সমস্যা বাড়তে থাকে বা তীব্র হয়, তাহলে দেরি না করে দ্রুত ডাক্তারের শরণাপন্ন হন। আশা করি এই উত্তরটি আপনাকে সাহায্য করবে। আরও কোনো প্রশ্ন থাকলে নির্দ্বিধায় জিজ্ঞাসা করতে পারেন। ধন্যবাদ।"
51375,"হেলো, নাসেনিয়া ডকে আপনাকে স্বাগতম। আপনার অনুসন্ধানের জন্য ধন্যবাদ। আমি আপনার প্রশ্নটি দেখেছি এবং আপনার উদ্বেগ বুঝতে পেরেছি। আমি যথাসাধ্য আপনাকে সাহায্য করার চেষ্টা করব। আপনার বর্ণনা করা লক্ষণগুলো বিভিন্ন কারণে হতে পারে এবং এর সঠিক কারণ নির্ণয়ের জন্য একটি বিস্তারিত পরীক্ষা প্রয়োজন। তাই আমি আপনাকে একজন বিশেষজ্ঞ ডাক্তারের সাথে সরাসরি পরামর্শ করার পরামর্শ দিচ্ছি। প্রয়োজনীয় পরীক্ষা-নিরীক্ষা করানো উচিত এবং রিপোর্ট অনুযায়ী চিকিৎসা শুরু করা যেতে পারে। এই সময়ে পর্যাপ্ত বিশ্রাম নিন, প্রচুর পানি পান করুন এবং স্বাস্থ্যকর খাবার খান। ডাক্তারের পরামর্শ ছাড়া কোনো ওষুধ সেবন করবেন না। যদি সমস্যা বাড়তে থাকে বা তীব্র হয়, তাহলে দেরি না করে দ্রুত ডাক্তারের শরণাপন্ন হন। আশা করি এই উত্তরটি আপনাকে সাহায্য করবে। আরও কোনো প্রশ্ন থাকলে নির্দ্বিধায় জিজ্ঞাসা করতে পারেন। ধন্যবাদ।"
65358,"হেলো, নাসেনিয়া ডকে আপনাকে স্বাগতম। আপনার অনুসন্ধানের জন্য ধন্যবাদ। আমি আপনার প্রশ্নটি দেখেছি এবং আপনার উদ্বেগ বুঝতে পেরেছি। আমি যথাসাধ্য আপনাকে সাহায্য করার চেষ্টা করব। আপনার বর্ণনা করা লক্ষণগুলো বিভিন্ন কারণে হতে পারে এবং এর সঠিক কারণ নির্ণয়ের জন্য একটি বিস্তারিত পরীক্ষা প্রয়োজন। তাই আমি আপনাকে একজন বিশেষজ্ঞ ডাক্তারের সাথে সরাসরি পরামর্শ করার পরামর্শ দিচ্ছি। প্রয়োজনীয় পরীক্ষা-নিরীক্ষা করানো উচিত এবং রিপোর্ট অনুযায়ী চিকিৎসা শুরু করা যেতে পারে। এই সময়ে পর্যাপ্ত বিশ্রাম নিন, প্রচুর পানি পান করুন এবং স্বাস্থ্যকর খাবার খান। ডাক্তারের পরামর্শ ছাড়া কোনো ওষুধ সেবন করবেন না। যদি সমস্যা বাড়তে থাকে বা তীব্র হয়, তাহলে দেরি না করে দ্রুত ডাক্তারের শরণাপন্ন হন। আশা করি এই উত্তরটি আপনাকে সাহায্য করবে। আরও কোনো প্রশ্ন থাকলে নির্দ্বিধায় জিজ্ঞাসা করতে পারেন। ধন্যবাদ।"
25896,"হেলো, নাসেনিয়া ডকে আপনাকে স্বাগতম। আপনার অনুসন্ধানের জন্য ধন্যবাদ। আমি আপনার প্রশ্নটি দেখেছি এবং আপনার উদ্বেগ বুঝতে পেরেছি। আমি যথাসাধ্য আপনাকে সাহায্য করার চেষ্টা করব। আপনার বর্ণনা করা লক্ষণগুলো বিভিন্ন কারণে হতে পারে এবং এর সঠিক কারণ নির্ণয়ের জন্য একটি বিস্তারিত পরীক্ষা প্রয়োজন। তাই আমি আপনাকে একজন বিশেষজ্ঞ ডাক্তারের সাথে সরাসরি পরামর্শ করার পরামর্শ দিচ্ছি। প্রয়োজনীয় পরীক্ষা-নিরীক্ষা করানো উচিত এবং রিপোর্ট অনুযায়ী চিকিৎসা শুরু করা যেতে পারে। এই সময়ে পর্যাপ্ত বিশ্রাম নিন, প্রচুর পানি পান করুন এবং স্বাস্থ্যকর খাবার খান। ডাক্তারের পরামর্শ ছাড়া কোনো ওষুধ সেবন করবেন না। যদি সমস্যা বাড়তে থাকে বা তীব্র হয়, তাহলে দেরি না করে দ্রুত ডাক্তারের শরণাপন্ন হন। আশা করি এই উত্তরটি আপনাকে সাহায্য করবে। আরও কোনো প্রশ্ন থাকলে নির্দ্বিধায় জিজ্ঞাসা করতে পারেন। ধন্যবাদ।"
65966,"হেলো, নাসেনিয়া ডকে আপনাকে স্বাগতম। আপনার অনুসন্ধানের জন্য ধন্যবাদ। আমি আপনার প্রশ্নটি দেখেছি এবং আপনার উদ্বেগ বুঝতে পেরেছি। আমি যথাসাধ্য আপনাকে সাহায্য করার চেষ্টা করব। আপনার বর্ণনা করা লক্ষণগুলো বিভিন্ন কারণে হতে পারে এবং এর সঠিক কারণ নির্ণয়ের জন্য একটি বিস্তারিত পরীক্ষা প্রয়োজন। তাই আমি আপনাকে একজন বিশেষজ্ঞ ডাক্তারের সাথে সরাসরি পরামর্শ করার পরামর্শ দিচ্ছি। প্রয়োজনীয় পরীক্ষা-নিরীক্ষা করানো উচিত এবং রিপোর্ট অনুযায়ী চিকিৎসা শুরু করা যেতে পারে। এই সময়ে পর্যাপ্ত বিশ্রাম নিন, প্রচুর পানি পান করুন এবং স্বাস্থ্যকর খাবার খান। ডাক্তারের পরামর্শ ছাড়া কোনো ওষুধ সেবন করবেন না। যদি সমস্যা বাড়তে থাকে বা তীব্র হয়, তাহলে দেরি না করে দ্রুত ডাক্তারের শরণাপন্ন হন। আশা করি এই উত্তরটি আপনাকে সাহায্য করবে। আরও কোনো প্রশ্ন থাকলে নির্দ্বিধায় জিজ্ঞাসা করতে পারেন। ধন্যবাদ।"
107938,"হেলো, নাসেনিয়া ডকে আপনাকে স্বাগতম। আপনার অনুসন্ধানের জন্য ধন্যবাদ। আমি আপনার প্রশ্নটি দেখেছি এবং আপনার উদ্বেগ বুঝতে পেরেছি। আমি যথাসাধ্য আপনাকে সাহায্য করার চেষ্টা করব। আপনার বর্ণনা করা লক্ষণগুলো বিভিন্ন কারণে হতে পারে এবং এর সঠিক কারণ নির্ণয়ের জন্য একটি বিস্তারিত পরীক্ষা প্রয়োজন। তাই আমি আপনাকে একজন বিশেষজ্ঞ ডাক্তারের সাথে সরাসরি পরামর্শ করার পরামর্শ দিচ্ছি। প্রয়োজনীয় পরীক্ষা-নিরীক্ষা করানো উচিত এবং রিপোর্ট অনুযায়ী চিকিৎসা শুরু করা যেতে পারে। এই সময়ে পর্যাপ্ত বিশ্রাম নিন, প্রচুর পানি পান করুন এবং স্বাস্থ্যকর খাবার খান। ডাক্তারের পরামর্শ ছাড়া কোনো ওষুধ সেবন করবেন না। যদি সমস্যা বাড়তে থাকে বা তীব্র হয়, তাহলে দেরি না করে দ্রুত ডাক্তারের শরণাপন্ন হন। আশা করি এই উত্তরটি আপনাকে সাহায্য করবে। আরও কোনো প্রশ্ন থাকলে নির্দ্বিধায় জিজ্ঞাসা করতে পারেন। ধন্যবাদ।"
42716,"হেলো, নাসেনিয়া ডকে আপনাকে স্বাগতম। আপনার অনুসন্ধানের জন্য ধন্যবাদ। আমি আপনার প্রশ্নটি দেখেছি এবং আপনার উদ্বেগ বুঝতে পেরেছি। আমি যথাসাধ্য আপনাকে সাহায্য করার চেষ্টা করব। আপনার বর্ণনা করা লক্ষণগুলো বিভিন্ন কারণে হতে পারে এবং এর সঠিক কারণ নির্ণয়ের জন্য একটি বিস্তারিত পরীক্ষা প্রয়োজন। তাই আমি আপনাকে একজন বিশেষজ্ঞ ডাক্তারের সাথে সরাসরি পরামর্শ করার পরামর্শ দিচ্ছি। প্রয়োজনীয় পরীক্ষা-নিরীক্ষা করানো উচিত এবং রিপোর্ট অনুযায়ী চিকিৎসা শুরু করা যেতে পারে। এই সময়ে পর্যাপ্ত বিশ্রাম নিন, প্রচুর পানি পান করুন এবং স্বাস্থ্যকর খাবার খান। ডাক্তারের পরামর্শ ছাড়া কোনো ওষুধ সেবন করবেন না। যদি সমস্যা বাড়তে থাকে বা তীব্র হয়, তাহলে দেরি না করে দ্রুত ডাক্তারের শরণাপন্ন হন। আশা করি এই উত্তরটি আপনাকে সাহায্য করবে। আরও কোনো প্রশ্ন থাকলে নির্দ্বিধায় জিজ্ঞাসা করতে পারেন। ধন্যবাদ।"
68293,"হেলো, নাসেনিয়া ডকে আপনাকে স্বাগতম। আপনার অনুসন্ধানের জন্য ধন্যবাদ। আমি আপনার প্রশ্নটি দেখেছি এবং আপনার উদ্বেগ বুঝতে পেরেছি। আমি যথাসাধ্য আপনাকে সাহায্য করার চেষ্টা করব। আপনার বর্ণনা করা লক্ষণগুলো বিভিন্ন কারণে হতে পারে এবং এর সঠিক কারণ নির্ণয়ের জন্য একটি বিস্তারিত পরীক্ষা প্রয়োজন। তাই আমি আপনাকে একজন বিশেষজ্ঞ ডাক্তারের সাথে সরাসরি পরামর্শ করার পরামর্শ দিচ্ছি। প্রয়োজনীয় পরীক্ষা-নিরীক্ষা করানো উচিত এবং রিপোর্ট অনুযায়ী চিকিৎসা শুরু করা যেতে পারে। এই সময়ে পর্যাপ্ত বিশ্রাম নিন, প্রচুর পানি পান করুন এবং স্বাস্থ্যকর খাবার খান। ডাক্তারের পরামর্শ ছাড়া কোনো ওষুধ সেবন করবেন না। যদি সমস্যা বাড়তে থাকে বা তীব্র হয়, তাহলে দেরি না করে দ্রুত ডাক্তারের শরণাপন্ন হন। আশা করি এই উত্তরটি আপনাকে সাহায্য করবে। আরও কোনো প্রশ্ন থাকলে নির্দ্বিধায় জিজ্ঞাসা করতে পারেন। ধন্যবাদ।"
106189,"হেলো, নাসেনিয়া ডকে আপনাকে স্বাগতম। আপনার অনুসন্ধানের জন্য ধন্যবাদ। আমি আপনার প্রশ্নটি দেখেছি এবং আপনার উদ্বেগ বুঝতে পেরেছি। আমি যথাসাধ্য আপনাকে সাহায্য করার চেষ্টা করব। আপনার বর্ণনা করা লক্ষণগুলো বিভিন্ন কারণে হতে পারে এবং এর সঠিক কারণ নির্ণয়ের জন্য একটি বিস্তারিত পরীক্ষা প্রয়োজন। তাই আমি আপনাকে একজন বিশেষজ্ঞ ডাক্তারের সাথে সরাসরি পরামর্শ করার পরামর্শ দিচ্ছি। প্রয়োজনীয় পরীক্ষা-নিরীক্ষা করানো উচিত এবং রিপোর্ট অনুযায়ী চিকিৎসা শুরু করা যেতে পারে। এই সময়ে পর্যাপ্ত বিশ্রাম নিন, প্রচুর পানি পান করুন এবং স্বাস্থ্যকর খাবার খান। ডাক্তারের পরামর্শ ছাড়া কোনো ওষুধ সেবন করবেন না। যদি সমস্যা বাড়তে থাকে বা তীব্র হয়, তাহলে দেরি না করে দ্রুত ডাক্তারের শরণাপন্ন হন। আশা করি এই উত্তরটি আপনাকে সাহায্য করবে। আরও কোনো প্রশ্ন থাকলে নির্দ্বিধায় জিজ্ঞাসা করতে পারেন। ধন্যবাদ।"
27690,"হেলো, নাসেনিয়া ডকে আপনাকে স্বাগতম। আপনার অনুসন্ধানের জন্য ধন্যবাদ। আমি আপনার প্রশ্নটি দেখেছি এবং আপনার উদ্বেগ বুঝতে পেরেছি। আমি যথাসাধ্য আপনাকে সাহায্য করার চেষ্টা করব। আপনার বর্ণনা করা লক্ষণগুলো বিভিন্ন কারণে হতে পারে এবং এর সঠিক কারণ নির্ণয়ের জন্য একটি বিস্তারিত পরীক্ষা প্রয়োজন। তাই আমি আপনাকে একজন বিশেষজ্ঞ ডাক্তারের সাথে সরাসরি পরামর্শ করার পরামর্শ দিচ্ছি। প্রয়োজনীয় পরীক্ষা-নিরীক্ষা করানো উচিত এবং রিপোর্ট অনুযায়ী চিকিৎসা শুরু করা যেতে পারে। এই সময়ে পর্যাপ্ত বিশ্রাম নিন, প্রচুর পানি পান করুন এবং স্বাস্থ্যকর খাবার খান। ডাক্তারের পরামর্শ ছাড়া কোনো ওষুধ সেবন করবেন না। যদি সমস্যা বাড়তে থাকে বা তীব্র হয়, তাহলে দেরি না করে দ্রুত ডাক্তারের শরণাপন্ন হন। আশা করি এই উত্তরটি আপনাকে সাহায্য করবে। আরও কোনো প্রশ্ন থাকলে নির্দ্বিধায় জিজ্ঞাসা করতে পারেন। ধন্যবাদ।"
85846,"হেলো, নাসেনিয়া ডকে আপনাকে স্বাগতম। আপনার অনুসন্ধানের জন্য ধন্যবাদ। আমি আপনার প্রশ্নটি দেখেছি এবং আপনার উদ্বেগ বুঝতে পেরেছি। আমি যথাসাধ্য আপনাকে সাহায্য করার চেষ্টা করব। আপনার বর্ণনা করা লক্ষণগুলো বিভিন্ন কারণে হতে পারে এবং এর সঠিক কারণ নির্ণয়ের জন্য একটি বিস্তারিত পরীক্ষা প্রয়োজন। তাই আমি আপনাকে একজন বিশেষজ্ঞ ডাক্তারের সাথে সরাসরি পরামর্শ করার পরামর্শ দিচ্ছি। প্রয়োজনীয় পরীক্ষা-নিরীক্ষা করানো উচিত এবং রিপোর্ট অনুযায়ী চিকিৎসা শুরু করা যেতে পারে। এই সময়ে পর্যাপ্ত বিশ্রাম নিন, প্রচুর পানি পান করুন এবং স্বাস্থ্যকর খাবার খান। ডাক্তারের পরামর্শ ছাড়া কোনো ওষুধ সেবন করবেন না। যদি সমস্যা বাড়তে থাকে বা তীব্র হয়, তাহলে দেরি না করে দ্রুত ডাক্তারের শরণাপন্ন হন। আশা করি এই উত্তরটি আপনাকে সাহায্য করবে। আরও কোনো প্রশ্ন থাকলে নির্দ্বিধায় জিজ্ঞাসা করতে পারেন। ধন্যবাদ।"
85062,"হেলো, নাসেনিয়া ডকে আপনাকে স্বাগতম। আপনার অনুসন্ধানের জন্য ধন্যবাদ। আমি আপনার প্রশ্নটি দেখেছি এবং আপনার উদ্বেগ বুঝতে পেরেছি। আমি যথাসাধ্য আপনাকে সাহায্য করার চেষ্টা করব। আপনার বর্ণনা করা লক্ষণগুলো বিভিন্ন কারণে হতে পারে এবং এর সঠিক কারণ নির্ণয়ের জন্য একটি বিস্তারিত পরীক্ষা প্রয়োজন। তাই আমি আপনাকে একজন বিশেষজ্ঞ ডাক্তারের সাথে সরাসরি পরামর্শ করার পরামর্শ দিচ্ছি। প্রয়োজনীয় পরীক্ষা-নিরীক্ষা করানো উচিত এবং রিপোর্ট অনুযায়ী চিকিৎসা শুরু করা যেতে পারে। এই সময়ে পর্যাপ্ত বিশ্রাম নিন, প্রচুর পানি পান করুন এবং স্বাস্থ্যকর খাবার খান। ডাক্তারের পরামর্শ ছাড়া কোনো ওষুধ সেবন করবেন না। যদি সমস্যা বাড়তে থাকে বা তীব্র হয়, তাহলে দেরি না করে দ্রুত ডাক্তারের শরণাপন্ন হন। আশা করি এই উত্তরটি আপনাকে সাহায্য করবে। আরও কোনো প্রশ্ন থাকলে নির্দ্বিধায় জিজ্ঞাসা করতে পারেন। ধন্যবাদ।"
42982,"হেলো, নাসেনিয়া ডকে আপনাকে স্বাগতম। আপনার অনুসন্ধানের জন্য ধন্যবাদ। আমি আপনার প্রশ্নটি দেখেছি এবং আপনার উদ্বেগ বুঝতে পেরেছি। আমি যথাসাধ্য আপনাকে সাহায্য করার চেষ্টা করব। আপনার বর্ণনা করা লক্ষণগুলো বিভিন্ন কারণে হতে পারে এবং এর সঠিক কারণ নির্ণয়ের জন্য একটি বিস্তারিত পরীক্ষা প্রয়োজন। তাই আমি আপনাকে একজন বিশেষজ্ঞ ডাক্তারের সাথে সরাসরি পরামর্শ করার পরামর্শ দিচ্ছি। প্রয়োজনীয় পরীক্ষা-নিরীক্ষা করানো উচিত এবং রিপোর্ট অনুযায়ী চিকিৎসা শুরু করা যেতে পারে। এই সময়ে পর্যাপ্ত বিশ্রাম নিন, প্রচুর পানি পান করুন এবং স্বাস্থ্যকর খাবার খান। ডাক্তারের পরামর্শ ছাড়া কোনো ওষুধ সেবন করবেন না। যদি সমস্যা বাড়তে থাকে বা তীব্র হয়, তাহলে দেরি না করে দ্রুত ডাক্তারের শরণাপন্ন হন। আশা করি এই উত্তরটি আপনাকে সাহায্য করবে। আরও কোনো প্রশ্ন থাকলে নির্দ্বিধায় জিজ্ঞাসা করতে পারেন। ধন্যবাদ।"
105479,"হেলো, নাসেনিয়া ডকে আপনাকে স্বাগতম। আপনার অনুসন্ধানের জন্য ধন্যবাদ। আমি আপনার প্রশ্নটি দেখেছি এবং আপনার উদ্বেগ বুঝতে পেরেছি। আমি যথাসাধ্য আপনাকে সাহায্য করার চেষ্টা করব। আপনার বর্ণনা করা লক্ষণগুলো বিভিন্ন কারণে হতে পারে এবং এর সঠিক কারণ নির্ণয়ের জন্য একটি বিস্তারিত পরীক্ষা প্রয়োজন। তাই আমি আপনাকে একজন বিশেষজ্ঞ ডাক্তারের সাথে সরাসরি পরামর্শ করার পরামর্শ দিচ্ছি। প্রয়োজনীয় পরীক্ষা-নিরীক্ষা করানো উচিত এবং রিপোর্ট অনুযায়ী চিকিৎসা শুরু করা যেতে পারে। এই সময়ে পর্যাপ্ত বিশ্রাম নিন, প্রচুর পানি পান করুন এবং স্বাস্থ্যকর খাবার খান। ডাক্তারের পরামর্শ ছাড়া কোনো ওষুধ সেবন করবেন না। যদি সমস্যা বাড়তে থাকে বা তীব্র হয়, তাহলে দেরি না করে দ্রুত ডাক্তারের শরণাপন্ন হন। আশা করি এই উত্তরটি আপনাকে সাহায্য করবে। আরও কোনো প্রশ্ন থাকলে নির্দ্বিধায় জিজ্ঞাসা করতে পারেন। ধন্যবাদ।"
68273,"হেলো, নাসেনিয়া ডকে আপনাকে স্বাগতম। আপনার অনুসন্ধানের জন্য ধন্যবাদ। আমি আপনার প্রশ্নটি দেখেছি এবং আপনার উদ্বেগ বুঝতে পেরেছি। আমি যথাসাধ্য আপনাকে সাহায্য করার চেষ্টা করব। আপনার বর্ণনা করা লক্ষণগুলো বিভিন্ন কারণে হতে পারে এবং এর সঠিক কারণ নির্ণয়ের জন্য একটি বিস্তারিত পরীক্ষা প্রয়োজন। তাই আমি আপনাকে একজন বিশেষজ্ঞ ডাক্তারের সাথে সরাসরি পরামর্শ করার পরামর্শ দিচ্ছি। প্রয়োজনীয় পরীক্ষা-নিরীক্ষা করানো উচিত এবং রিপোর্ট অনুযায়ী চিকিৎসা শুরু করা যেতে পারে। এই সময়ে পর্যাপ্ত বিশ্রাম নিন, প্রচুর পানি পান করুন এবং স্বাস্থ্যকর খাবার খান। ডাক্তারের পরামর্শ ছাড়া কোনো ওষুধ সেবন করবেন না। যদি সমস্যা বাড়তে থাকে বা তীব্র হয়, তাহলে দেরি না করে দ্রুত ডাক্তারের শরণাপন্ন হন। আশা করি এই উত্তরটি আপনাকে সাহায্য করবে। আরও কোনো প্রশ্ন থাকলে নির্দ্বিধায় জিজ্ঞাসা করতে পারেন। ধন্যবাদ।"
4916,"হেলো, নাসেনিয়া ডকে আপনাকে স্বাগতম। আপনার অনুসন্ধানের জন্য ধন্যবাদ। আমি আপনার প্রশ্নটি দেখেছি এবং আপনার উদ্বেগ বুঝতে পেরেছি। আমি যথাসাধ্য আপনাকে সাহায্য করার চেষ্টা করব। আপনার বর্ণনা করা লক্ষণগুলো বিভিন্ন কারণে হতে পারে এবং এর সঠিক কারণ নির্ণয়ের জন্য একটি বিস্তারিত পরীক্ষা প্রয়োজন। তাই আমি আপনাকে একজন বিশেষজ্ঞ ডাক্তারের সাথে সরাসরি পরামর্শ করার পরামর্শ দিচ্ছি। প্রয়োজনীয় পরীক্ষা-নিরীক্ষা করানো উচিত এবং রিপোর্ট অনুযায়ী চিকিৎসা শুরু করা যেতে পারে। এই সময়ে পর্যাপ্ত বিশ্রাম নিন, প্রচুর পানি পান করুন এবং স্বাস্থ্যকর খাবার খান। ডাক্তারের পরামর্শ ছাড়া কোনো ওষুধ সেবন করবেন না। যদি সমস্যা বাড়তে থাকে বা তীব্র হয়, তাহলে দেরি না করে দ্রুত ডাক্তারের শরণাপন্ন হন। আশা করি এই উত্তরটি আপনাকে সাহায্য করবে। আরও কোনো প্রশ্ন থাকলে নির্দ্বিধায় জিজ্ঞাসা করতে পারেন। ধন্যবাদ।"
53117,"হেলো, নাসেনিয়া ডকে আপনাকে স্বাগতম। আপনার অনুসন্ধানের জন্য ধন্যবাদ। আমি আপনার প্রশ্নটি দেখেছি এবং আপনার উদ্বেগ বুঝতে পেরেছি। আমি যথাসাধ্য আপনাকে সাহায্য করার চেষ্টা করব। আপনার বর্ণনা করা লক্ষণগুলো বিভিন্ন কারণে হতে পারে এবং এর সঠিক কারণ নির্ণয়ের জন্য একটি বিস্তারিত পরীক্ষা প্রয়োজন। তাই আমি আপনাকে একজন বিশেষজ্ঞ ডাক্তারের সাথে সরাসরি পরামর্শ করার পরামর্শ দিচ্ছি। প্রয়োজনীয় পরীক্ষা-নিরীক্ষা করানো উচিত এবং রিপোর্ট অনুযায়ী চিকিৎসা শুরু করা যেতে পারে। এই সময়ে পর্যাপ্ত বিশ্রাম নিন, প্রচুর পানি পান করুন এবং স্বাস্থ্যকর খাবার খান। ডাক্তারের পরামর্শ ছাড়া কোনো ওষুধ সেবন করবেন না। যদি সমস্যা বাড়তে থাকে বা তীব্র হয়, তাহলে দেরি না করে দ্রুত ডাক্তারের শরণাপন্ন হন। আশা করি এই উত্তরটি আপনাকে সাহায্য করবে। আরও কোনো প্রশ্ন থাকলে নির্দ্বিধায় জিজ্ঞাসা করতে পারেন। ধন্যবাদ।"
100443,"হেলো, নাসেনিয়া ডকে আপনাকে স্বাগতম। আপনার অনুসন্ধানের জন্য ধন্যবাদ। আমি আপনার প্রশ্নটি দেখেছি এবং আপনার উদ্বেগ বুঝতে পেরেছি। আমি যথাসাধ্য আপনাকে সাহায্য করার চেষ্টা করব। আপনার বর্ণনা করা লক্ষণগুলো বিভিন্ন কারণে হতে পারে এবং এর সঠিক কারণ নির্ণয়ের জন্য একটি বিস্তারিত পরীক্ষা প্রয়োজন। তাই আমি আপনাকে একজন বিশেষজ্ঞ ডাক্তারের সাথে সরাসরি পরামর্শ করার পরামর্শ দিচ্ছি। প্রয়োজনীয় পরীক্ষা-নিরীক্ষা করানো উচিত এবং রিপোর্ট অনুযায়ী চিকিৎসা শুরু করা যেতে পারে। এই সময়ে পর্যাপ্ত বিশ্রাম নিন, প্রচুর পানি পান করুন এবং স্বাস্থ্যকর খাবার খান। ডাক্তারের পরামর্শ ছাড়া কোনো ওষুধ সেবন করবেন না। যদি সমস্যা বাড়তে থাকে বা তীব্র হয়, তাহলে দেরি না করে দ্রুত ডাক্তারের শরণাপন্ন হন। আশা করি এই উত্তরটি আপনাকে সাহায্য করবে। আরও কোনো প্রশ্ন থাকলে নির্দ্বিধায় জিজ্ঞাসা করতে পারেন। ধন্যবাদ।"
40312,"হেলো, নাসেনিয়া ডকে আপনাকে স্বাগতম। আপনার অনুসন্ধানের জন্য ধন্যবাদ। আমি আপনার প্রশ্নটি দেখেছি এবং আপনার উদ্বেগ বুঝতে পেরেছি। আমি যথাসাধ্য আপনাকে সাহায্য করার চেষ্টা করব। আপনার বর্ণনা করা লক্ষণগুলো বিভিন্ন কারণে হতে পারে এবং এর সঠিক কারণ নির্ণয়ের জন্য একটি বিস্তারিত পরীক্ষা প্রয়োজন। তাই আমি আপনাকে একজন বিশেষজ্ঞ ডাক্তারের সাথে সরাসরি পরামর্শ করার পরামর্শ দিচ্ছি। প্রয়োজনীয় পরীক্ষা-নিরীক্ষা করানো উচিত এবং রিপোর্ট অনুযায়ী চিকিৎসা শুরু করা যেতে পারে। এই সময়ে পর্যাপ্ত বিশ্রাম নিন, প্রচুর পানি পান করুন এবং স্বাস্থ্যকর খাবার খান। ডাক্তারের পরামর্শ ছাড়া কোনো ওষুধ সেবন করবেন না। যদি সমস্যা বাড়তে থাকে বা তীব্র হয়, তাহলে দেরি না করে দ্রুত ডাক্তারের শরণাপন্ন হন। আশা করি এই উত্তরটি আপনাকে সাহায্য করবে। আরও কোনো প্রশ্ন থাকলে নির্দ্বিধায় জিজ্ঞাসা করতে পারেন। ধন্যবাদ।"
100189,"হেলো, নাসেনিয়া ডকে আপনাকে স্বাগতম। আপনার অনুসন্ধানের জন্য ধন্যবাদ। আমি আপনার প্রশ্নটি দেখেছি এবং আপনার উদ্বেগ বুঝতে পেরেছি। আমি যথাসাধ্য আপনাকে সাহায্য করার চেষ্টা করব। আপনার বর্ণনা করা লক্ষণগুলো বিভিন্ন কারণে হতে পারে এবং এর সঠিক কারণ নির্ণয়ের জন্য একটি বিস্তারিত পরীক্ষা প্রয়োজন। তাই আমি আপনাকে একজন বিশেষজ্ঞ ডাক্তারের সাথে সরাসরি পরামর্শ করার পরামর্শ দিচ্ছি। প্রয়োজনীয় পরীক্ষা-নিরীক্ষা করানো উচিত এবং রিপোর্ট অনুযায়ী চিকিৎসা শুরু করা যেতে পারে। এই সময়ে পর্যাপ্ত বিশ্রাম নিন, প্রচুর পানি পান করুন এবং স্বাস্থ্যকর খাবার খান। ডাক্তারের পরামর্শ ছাড়া কোনো ওষুধ সেবন করবেন না। যদি সমস্যা বাড়তে থাকে বা তীব্র হয়, তাহলে দেরি না করে দ্রুত ডাক্তারের শরণাপন্ন হন। আশা করি এই উত্তরটি আপনাকে সাহায্য করবে। আরও কোনো প্রশ্ন থাকলে নির্দ্বিধায় জিজ্ঞাসা করতে পারেন। ধন্যবাদ।"
54761,"হেলো, নাসেনিয়া ডকে আপনাকে স্বাগতম। আপনার অনুসন্ধানের জন্য ধন্যবাদ। আমি আপনার প্রশ্নটি দেখেছি এবং আপনার উদ্বেগ বুঝতে পেরেছি। আমি যথাসাধ্য আপনাকে সাহায্য করার চেষ্টা করব। আপনার বর্ণনা করা লক্ষণগুলো বিভিন্ন কারণে হতে পারে এবং এর সঠিক কারণ নির্ণয়ের জন্য একটি বিস্তারিত পরীক্ষা প্রয়োজন। তাই আমি আপনাকে একজন বিশেষজ্ঞ ডাক্তারের সাথে সরাসরি পরামর্শ করার পরামর্শ দিচ্ছি। প্রয়োজনীয় পরীক্ষা-নিরীক্ষা করানো উচিত এবং রিপোর্ট অনুযায়ী চিকিৎসা শুরু করা যেতে পারে। এই সময়ে পর্যাপ্ত বিশ্রাম নিন, প্রচুর পানি পান করুন এবং স্বাস্থ্যকর খাবার খান। ডাক্তারের পরামর্শ ছাড়া কোনো ওষুধ সেবন করবেন না। যদি সমস্যা বাড়তে থাকে বা তীব্র হয়, তাহলে দেরি না করে দ্রুত ডাক্তারের শরণাপন্ন হন। আশা করি এই উত্তরটি আপনাকে সাহায্য করবে। আরও কোনো প্রশ্ন থাকলে নির্দ্বিধায় জিজ্ঞাসা করতে পারেন। ধন্যবাদ।"
99592,"হেলো, নাসেনিয়া ডকে আপনাকে স্বাগতম। আপনার অনুসন্ধানের জন্য ধন্যবাদ। আমি আপনার প্রশ্নটি দেখেছি এবং আপনার উদ্বেগ বুঝতে পেরেছি। আমি যথাসাধ্য আপনাকে সাহায্য করার চেষ্টা করব। আপনার বর্ণনা করা লক্ষণগুলো বিভিন্ন কারণে হতে পারে এবং এর সঠিক কারণ নির্ণয়ের জন্য একটি বিস্তারিত পরীক্ষা প্রয়োজন। তাই আমি আপনাকে একজন বিশেষজ্ঞ ডাক্তারের সাথে সরাসরি পরামর্শ করার পরামর্শ দিচ্ছি। প্রয়োজনীয় পরীক্ষা-নিরীক্ষা করানো উচিত এবং রিপোর্ট অনুযায়ী চিকিৎসা শুরু করা যেতে পারে। এই সময়ে পর্যাপ্ত বিশ্রাম নিন, প্রচুর পানি পান করুন এবং স্বাস্থ্যকর খাবার খান। ডাক্তারের পরামর্শ ছাড়া কোনো ওষুধ সেবন করবেন না। যদি সমস্যা বাড়তে থাকে বা তীব্র হয়, তাহলে দেরি না করে দ্রুত ডাক্তারের শরণাপন্ন হন। আশা করি এই উত্তরটি আপনাকে সাহায্য করবে। আরও কোনো প্রশ্ন থাকলে নির্দ্বিধায় জিজ্ঞাসা করতে পারেন। ধন্যবাদ।"
1385,"হেলো, নাসেনিয়া ডকে আপনাকে স্বাগতম। আপনার অনুসন্ধানের জন্য ধন্যবাদ। আমি আপনার প্রশ্নটি দেখেছি এবং আপনার উদ্বেগ বুঝতে পেরেছি। আমি যথাসাধ্য আপনাকে সাহায্য করার চেষ্টা করব। আপনার বর্ণনা করা লক্ষণগুলো বিভিন্ন কারণে হতে পারে এবং এর সঠিক কারণ নির্ণয়ের জন্য একটি বিস্তারিত পরীক্ষা প্রয়োজন। তাই আমি আপনাকে একজন বিশেষজ্ঞ ডাক্তারের সাথে সরাসরি পরামর্শ করার পরামর্শ দিচ্ছি। প্রয়োজনীয় পরীক্ষা-নিরীক্ষা করানো উচিত এবং রিপোর্ট অনুযায়ী চিকিৎসা শুরু করা যেতে পারে। এই সময়ে পর্যাপ্ত বিশ্রাম নিন, প্রচুর পানি পান করুন এবং স্বাস্থ্যকর খাবার খান। ডাক্তারের পরামর্শ ছাড়া কোনো ওষুধ সেবন করবেন না। যদি সমস্যা বাড়তে থাকে বা তীব্র হয়, তাহলে দেরি না করে দ্রুত ডাক্তারের শরণাপন্ন হন। আশা করি এই উত্তরটি আপনাকে সাহায্য করবে। আরও কোনো প্রশ্ন থাকলে নির্দ্বিধায় জিজ্ঞাসা করতে পারেন। ধন্যবাদ।"
1257,"হেলো, নাসেনিয়া ডকে আপনাকে স্বাগতম। আপনার অনুসন্ধানের জন্য ধন্যবাদ। আমি আপনার প্রশ্নটি দেখেছি এবং আপনার উদ্বেগ বুঝতে পেরেছি। আমি যথাসাধ্য আপনাকে সাহায্য করার চেষ্টা করব। আপনার বর্ণনা করা লক্ষণগুলো বিভিন্ন কারণে হতে পারে এবং এর সঠিক কারণ নির্ণয়ের জন্য একটি বিস্তারিত পরীক্ষা প্রয়োজন। তাই আমি আপনাকে একজন বিশেষজ্ঞ ডাক্তারের সাথে সরাসরি পরামর্শ করার পরামর্শ দিচ্ছি। প্রয়োজনীয় পরীক্ষা-নিরীক্ষা করানো উচিত এবং রিপোর্ট অনুযায়ী চিকিৎসা শুরু করা যেতে পারে। এই সময়ে পর্যাপ্ত বিশ্রাম নিন, প্রচুর পানি পান করুন এবং স্বাস্থ্যকর খাবার খান। ডাক্তারের পরামর্শ ছাড়া কোনো ওষুধ সেবন করবেন না। যদি সমস্যা বাড়তে থাকে বা তীব্র হয়, তাহলে দেরি না করে দ্রুত ডাক্তারের শরণাপন্ন হন। আশা করি এই উত্তরটি আপনাকে সাহায্য করবে। আরও কোনো প্রশ্ন থাকলে নির্দ্বিধায় জিজ্ঞাসা করতে পারেন। ধন্যবাদ।"
85460,"হেলো, নাসেনিয়া ডকে আপনাকে স্বাগতম। আপনার অনুসন্ধানের জন্য ধন্যবাদ। আমি আপনার প্রশ্নটি দেখেছি এবং আপনার উদ্বেগ বুঝতে পেরেছি। আমি যথাসাধ্য আপনাকে সাহায্য করার চেষ্টা করব। আপনার বর্ণনা করা লক্ষণগুলো বিভিন্ন কারণে হতে পারে এবং এর সঠিক কারণ নির্ণয়ের জন্য একটি বিস্তারিত পরীক্ষা প্রয়োজন। তাই আমি আপনাকে একজন বিশেষজ্ঞ ডাক্তারের সাথে সরাসরি পরামর্শ করার পরামর্শ দিচ্ছি। প্রয়োজনীয় পরীক্ষা-নিরীক্ষা করানো উচিত এবং রিপোর্ট অনুযায়ী চিকিৎসা শুরু করা যেতে পারে। এই সময়ে পর্যাপ্ত বিশ্রাম নিন, প্রচুর পানি পান করুন এবং স্বাস্থ্যকর খাবার খান। ডাক্তারের পরামর্শ ছাড়া কোনো ওষুধ সেবন করবেন না। যদি সমস্যা বাড়তে থাকে বা তীব্র হয়, তাহলে দেরি না করে দ্রুত ডাক্তারের শরণাপন্ন হন। আশা করি এই উত্তরটি আপনাকে সাহায্য করবে। আরও কোনো প্রশ্ন থাকলে নির্দ্বিধায় জিজ্ঞাসা করতে পারেন। ধন্যবাদ।"
25499,"হেলো, নাসেনিয়া ডকে আপনাকে স্বাগতম। আপনার অনুসন্ধানের জন্য ধন্যবাদ। আমি আপনার প্রশ্নটি দেখেছি এবং আপনার উদ্বেগ বুঝতে পেরেছি। আমি যথাসাধ্য আপনাকে সাহায্য করার চেষ্টা করব। আপনার বর্ণনা করা লক্ষণগুলো বিভিন্ন কারণে হতে পারে এবং এর সঠিক কারণ নির্ণয়ের জন্য একটি বিস্তারিত পরীক্ষা প্রয়োজন। তাই আমি আপনাকে একজন বিশেষজ্ঞ ডাক্তারের সাথে সরাসরি পরামর্শ করার পরামর্শ দিচ্ছি। প্রয়োজনীয় পরীক্ষা-নিরীক্ষা করানো উচিত এবং রিপোর্ট অনুযায়ী চিকিৎসা শুরু করা যেতে পারে। এই সময়ে পর্যাপ্ত বিশ্রাম নিন, প্রচুর পানি পান করুন এবং স্বাস্থ্যকর খাবার খান। ডাক্তারের পরামর্শ ছাড়া কোনো ওষুধ সেবন করবেন না। যদি সমস্যা বাড়তে থাকে বা তীব্র হয়, তাহলে দেরি না করে দ্রুত ডাক্তারের শরণাপন্ন হন। আশা করি এই উত্তরটি আপনাকে সাহায্য করবে। আরও কোনো প্রশ্ন থাকলে নির্দ্বিধায় জিজ্ঞাসা করতে পারেন। ধন্যবাদ।"
75316,"হেলো, নাসেনিয়া ডকে আপনাকে স্বাগতম। আপনার অনুসন্ধানের জন্য ধন্যবাদ। আমি আপনার প্রশ্নটি দেখেছি এবং আপনার উদ্বেগ বুঝতে পেরেছি। আমি যথাসাধ্য আপনাকে সাহায্য করার চেষ্টা করব। আপনার বর্ণনা করা লক্ষণগুলো বিভিন্ন কারণে হতে পারে এবং এর সঠিক কারণ নির্ণয়ের জন্য একটি বিস্তারিত পরীক্ষা প্রয়োজন। তাই আমি আপনাকে একজন বিশেষজ্ঞ ডাক্তারের সাথে সরাসরি পরামর্শ করার পরামর্শ দিচ্ছি। প্রয়োজনীয় পরীক্ষা-নিরীক্ষা করানো উচিত এবং রিপোর্ট অনুযায়ী চিকিৎসা শুরু করা যেতে পারে। এই সময়ে পর্যাপ্ত বিশ্রাম নিন, প্রচুর পানি পান করুন এবং স্বাস্থ্যকর খাবার খান। ডাক্তারের পরামর্শ ছাড়া কোনো ওষুধ সেবন করবেন না। যদি সমস্যা বাড়তে থাকে বা তীব্র হয়, তাহলে দেরি না করে দ্রুত ডাক্তারের শরণাপন্ন হন। আশা করি এই উত্তরটি আপনাকে সাহায্য করবে। আরও কোনো প্রশ্ন থাকলে নির্দ্বিধায় জিজ্ঞাসা করতে পারেন। ধন্যবাদ।"
27519,"হেলো, নাসেনিয়া ডকে আপনাকে স্বাগতম। আপনার অনুসন্ধানের জন্য ধন্যবাদ। আমি আপনার প্রশ্নটি দেখেছি এবং আপনার উদ্বেগ বুঝতে পেরেছি। আমি যথাসাধ্য আপনাকে সাহায্য করার চেষ্টা করব। আপনার বর্ণনা করা লক্ষণগুলো বিভিন্ন কারণে হতে পারে এবং এর সঠিক কারণ নির্ণয়ের জন্য একটি বিস্তারিত পরীক্ষা প্রয়োজন। তাই আমি আপনাকে একজন বিশেষজ্ঞ ডাক্তারের সাথে সরাসরি পরামর্শ করার পরামর্শ দিচ্ছি। প্রয়োজনীয় পরীক্ষা-নিরীক্ষা করানো উচিত এবং রিপোর্ট অনুযায়ী চিকিৎসা শুরু করা যেতে পারে। এই সময়ে পর্যাপ্ত বিশ্রাম নিন, প্রচুর পানি পান করুন এবং স্বাস্থ্যকর খাবার খান। ডাক্তারের পরামর্শ ছাড়া কোনো ওষুধ সেবন করবেন না। যদি সমস্যা বাড়তে থাকে বা তীব্র হয়, তাহলে দেরি না করে দ্রুত ডাক্তারের শরণাপন্ন হন। আশা করি এই উত্তরটি আপনাকে সাহায্য করবে। আরও কোনো প্রশ্ন থাকলে নির্দ্বিধায় জিজ্ঞাসা করতে পারেন। ধন্যবাদ।"
50936,"হেলো, নাসেনিয়া ডকে আপনাকে স্বাগতম। আপনার অনুসন্ধানের জন্য ধন্যবাদ। আমি আপনার প্রশ্নটি দেখেছি এবং আপনার উদ্বেগ বুঝতে পেরেছি। আমি যথাসাধ্য আপনাকে সাহায্য করার চেষ্টা করব। আপনার বর্ণনা করা লক্ষণগুলো বিভিন্ন কারণে হতে পারে এবং এর সঠিক কারণ নির্ণয়ের জন্য একটি বিস্তারিত পরীক্ষা প্রয়োজন। তাই আমি আপনাকে একজন বিশেষজ্ঞ ডাক্তারের সাথে সরাসরি পরামর্শ করার পরামর্শ দিচ্ছি। প্রয়োজনীয় পরীক্ষা-নিরীক্ষা করানো উচিত এবং রিপোর্ট অনুযায়ী চিকিৎসা শুরু করা যেতে পারে। এই সময়ে পর্যাপ্ত বিশ্রাম নিন, প্রচুর পানি পান করুন এবং স্বাস্থ্যকর খাবার খান। ডাক্তারের পরামর্শ ছাড়া কোনো ওষুধ সেবন করবেন না। যদি সমস্যা বাড়তে থাকে বা তীব্র হয়, তাহলে দেরি না করে দ্রুত ডাক্তারের শরণাপন্ন হন। আশা করি এই উত্তরটি আপনাকে সাহায্য করবে। আরও কোনো প্রশ্ন থাকলে নির্দ্বিধায় জিজ্ঞাসা করতে পারেন। ধন্যবাদ।"
52787,"হেলো, নাসেনিয়া ডকে আপনাকে স্বাগতম। আপনার অনুসন্ধানের জন্য ধন্যবাদ। আমি আপনার প্রশ্নটি দেখেছি এবং আপনার উদ্বেগ বুঝতে পেরেছি। আমি যথাসাধ্য আপনাকে সাহায্য করার চেষ্টা করব। আপনার বর্ণনা করা লক্ষণগুলো বিভিন্ন কারণে হতে পারে এবং এর সঠিক কারণ নির্ণয়ের জন্য একটি বিস্তারিত পরীক্ষা প্রয়োজন। তাই আমি আপনাকে একজন বিশেষজ্ঞ ডাক্তারের সাথে সরাসরি পরামর্শ করার পরামর্শ দিচ্ছি। প্রয়োজনীয় পরীক্ষা-নিরীক্ষা করানো উচিত এবং রিপোর্ট অনুযায়ী চিকিৎসা শুরু করা যেতে পারে। এই সময়ে পর্যাপ্ত বিশ্রাম নিন, প্রচুর পানি পান করুন এবং স্বাস্থ্যকর খাবার খান। ডাক্তারের পরামর্শ ছাড়া কোনো ওষুধ সেবন করবেন না। যদি সমস্যা বাড়তে থাকে বা তীব্র হয়, তাহলে দেরি না করে দ্রুত ডাক্তারের শরণাপন্ন হন। আশা করি এই উত্তরটি আপনাকে সাহায্য করবে। আরও কোনো প্রশ্ন থাকলে নির্দ্বিধায় জিজ্ঞাসা করতে পারেন। ধন্যবাদ।"
86529,"হেলো, নাসেনিয়া ডকে আপনাকে স্বাগতম। আপনার অনুসন্ধানের জন্য ধন্যবাদ। আমি আপনার প্রশ্নটি দেখেছি এবং আপনার উদ্বেগ বুঝতে পেরেছি। আমি যথাসাধ্য আপনাকে সাহায্য করার চেষ্টা করব। আপনার বর্ণনা করা লক্ষণগুলো বিভিন্ন কারণে হতে পারে এবং এর সঠিক কারণ নির্ণয়ের জন্য একটি বিস্তারিত পরীক্ষা প্রয়োজন। তাই আমি আপনাকে একজন বিশেষজ্ঞ ডাক্তারের সাথে সরাসরি পরামর্শ করার পরামর্শ দিচ্ছি। প্রয়োজনীয় পরীক্ষা-নিরীক্ষা করানো উচিত এবং রিপোর্ট অনুযায়ী চিকিৎসা শুরু করা যেতে পারে। এই সময়ে পর্যাপ্ত বিশ্রাম নিন, প্রচুর পানি পান করুন এবং স্বাস্থ্যকর খাবার খান। ডাক্তারের পরামর্শ ছাড়া কোনো ওষুধ সেবন করবেন না। যদি সমস্যা বাড়তে থাকে বা তীব্র হয়, তাহলে দেরি না করে দ্রুত ডাক্তারের শরণাপন্ন হন। আশা করি এই উত্তরটি আপনাকে সাহায্য করবে। আরও কোনো প্রশ্ন থাকলে নির্দ্বিধায় জিজ্ঞাসা করতে পারেন। ধন্যবাদ।"
24883,"হেলো, নাসেনিয়া ডকে আপনাকে স্বাগতম। আপনার অনুসন্ধানের জন্য ধন্যবাদ। আমি আপনার প্রশ্নটি দেখেছি এবং আপনার উদ্বেগ বুঝতে পেরেছি। আমি যথাসাধ্য আপনাকে সাহায্য করার চেষ্টা করব। আপনার বর্ণনা করা লক্ষণগুলো বিভিন্ন কারণে হতে পারে এবং এর সঠিক কারণ নির্ণয়ের জন্য একটি বিস্তারিত পরীক্ষা প্রয়োজন। তাই আমি আপনাকে একজন বিশেষজ্ঞ ডাক্তারের সাথে সরাসরি পরামর্শ করার পরামর্শ দিচ্ছি। প্রয়োজনীয় পরীক্ষা-নিরীক্ষা করানো উচিত এবং রিপোর্ট অনুযায়ী চিকিৎসা শুরু করা যেতে পারে। এই সময়ে পর্যাপ্ত বিশ্রাম নিন, প্রচুর পানি পান করুন এবং স্বাস্থ্যকর খাবার খান। ডাক্তারের পরামর্শ ছাড়া কোনো ওষুধ সেবন করবেন না। যদি সমস্যা বাড়তে থাকে বা তীব্র হয়, তাহলে দেরি না করে দ্রুত ডাক্তারের শরণাপন্ন হন। আশা করি এই উত্তরটি আপনাকে সাহায্য করবে। আরও কোনো প্রশ্ন থাকলে নির্দ্বিধায় জিজ্ঞাসা করতে পারেন। ধন্যবাদ।"
73206,"হেলো, নাসেনিয়া ডকে আপনাকে স্বাগতম। আপনার অনুসন্ধানের জন্য ধন্যবাদ। আমি আপনার প্রশ্নটি দেখেছি এবং আপনার উদ্বেগ বুঝতে পেরেছি। আমি যথাসাধ্য আপনাকে সাহায্য করার চেষ্টা করব। আপনার বর্ণনা করা লক্ষণগুলো বিভিন্ন কারণে হতে পারে এবং এর সঠিক কারণ নির্ণয়ের জন্য একটি বিস্তারিত পরীক্ষা প্রয়োজন। তাই আমি আপনাকে একজন বিশেষজ্ঞ ডাক্তারের সাথে সরাসরি পরামর্শ করার পরামর্শ দিচ্ছি। প্রয়োজনীয় পরীক্ষা-নিরীক্ষা করানো উচিত এবং রিপোর্ট অনুযায়ী চিকিৎসা শুরু করা যেতে পারে। এই সময়ে পর্যাপ্ত বিশ্রাম নিন, প্রচুর পানি পান করুন এবং স্বাস্থ্যকর খাবার খান। ডাক্তারের পরামর্শ ছাড়া কোনো ওষুধ সেবন করবেন না। যদি সমস্যা বাড়তে থাকে বা তীব্র হয়, তাহলে দেরি না করে দ্রুত ডাক্তারের শরণাপন্ন হন। আশা করি এই উত্তরটি আপনাকে সাহায্য করবে। আরও কোনো প্রশ্ন থাকলে নির্দ্বিধায় জিজ্ঞাসা করতে পারেন। ধন্যবাদ।"
25625,"হেলো, নাসেনিয়া ডকে আপনাকে স্বাগতম। আপনার অনুসন্ধানের জন্য ধন্যবাদ। আমি আপনার প্রশ্নটি দেখেছি এবং আপনার উদ্বেগ বুঝতে পেরেছি। আমি যথাসাধ্য আপনাকে সাহায্য করার চেষ্টা করব। আপনার বর্ণনা করা লক্ষণগুলো বিভিন্ন কারণে হতে পারে এবং এর সঠিক কারণ নির্ণয়ের জন্য একটি বিস্তারিত পরীক্ষা প্রয়োজন। তাই আমি আপনাকে একজন বিশেষজ্ঞ ডাক্তারের সাথে সরাসরি পরামর্শ করার পরামর্শ দিচ্ছি। প্রয়োজনীয় পরীক্ষা-নিরীক্ষা করানো উচিত এবং রিপোর্ট অনুযায়ী চিকিৎসা শুরু করা যেতে পারে। এই সময়ে পর্যাপ্ত বিশ্রাম নিন, প্রচুর পানি পান করুন এবং স্বাস্থ্যকর খাবার খান। ডাক্তারের পরামর্শ ছাড়া কোনো ওষুধ সেবন করবেন না। যদি সমস্যা বাড়তে থাকে বা তীব্র হয়, তাহলে দেরি না করে দ্রুত ডাক্তারের শরণাপন্ন হন। আশা করি এই উত্তরটি আপনাকে সাহায্য করবে। আরও কোনো প্রশ্ন থাকলে নির্দ্বিধায় জিজ্ঞাসা করতে পারেন। ধন্যবাদ।"
15719,"হেলো, নাসেনিয়া ডকে আপনাকে স্বাগতম। আপনার অনুসন্ধানের জন্য ধন্যবাদ। আমি আপনার প্রশ্নটি দেখেছি এবং আপনার উদ্বেগ বুঝতে পেরেছি। আমি যথাসাধ্য আপনাকে সাহায্য করার চেষ্টা করব। আপনার বর্ণনা করা লক্ষণগুলো বিভিন্ন কারণে হতে পারে এবং এর সঠিক কারণ নির্ণয়ের জন্য একটি বিস্তারিত পরীক্ষা প্রয়োজন। তাই আমি আপনাকে একজন বিশেষজ্ঞ ডাক্তারের সাথে সরাসরি পরামর্শ করার পরামর্শ দিচ্ছি। প্রয়োজনীয় পরীক্ষা-নিরীক্ষা করানো উচিত এবং রিপোর্ট অনুযায়ী চিকিৎসা শুরু করা যেতে পারে। এই সময়ে পর্যাপ্ত বিশ্রাম নিন, প্রচুর পানি পান করুন এবং স্বাস্থ্যকর খাবার খান। ডাক্তারের পরামর্শ ছাড়া কোনো ওষুধ সেবন করবেন না। যদি সমস্যা বাড়তে থাকে বা তীব্র হয়, তাহলে দেরি না করে দ্রুত ডাক্তারের শরণাপন্ন হন। আশা করি এই উত্তরটি আপনাকে সাহায্য করবে। আরও কোনো প্রশ্ন থাকলে নির্দ্বিধায় জিজ্ঞাসা করতে পারেন। ধন্যবাদ।"
67399,"হেলো, নাসেনিয়া ডকে আপনাকে স্বাগতম। আপনার অনুসন্ধানের জন্য ধন্যবাদ। আমি আপনার প্রশ্নটি দেখেছি এবং আপনার উদ্বেগ বুঝতে পেরেছি। আমি যথাসাধ্য আপনাকে সাহায্য করার চেষ্টা করব। আপনার বর্ণনা করা লক্ষণগুলো বিভিন্ন কারণে হতে পারে এবং এর সঠিক কারণ নির্ণয়ের জন্য একটি বিস্তারিত পরীক্ষা প্রয়োজন। তাই আমি আপনাকে একজন বিশেষজ্ঞ ডাক্তারের সাথে সরাসরি পরামর্শ করার পরামর্শ দিচ্ছি। প্রয়োজনীয় পরীক্ষা-নিরীক্ষা করানো উচিত এবং রিপোর্ট অনুযায়ী চিকিৎসা শুরু করা যেতে পারে। এই সময়ে পর্যাপ্ত বিশ্রাম নিন, প্রচুর পানি পান করুন এবং স্বাস্থ্যকর খাবার খান। ডাক্তারের পরামর্শ ছাড়া কোনো ওষুধ সেবন করবেন না। যদি সমস্যা বাড়তে থাকে বা তীব্র হয়, তাহলে দেরি না করে দ্রুত ডাক্তারের শরণাপন্ন হন। আশা করি এই উত্তরটি আপনাকে সাহায্য করবে। আরও কোনো প্রশ্ন থাকলে নির্দ্বিধায় জিজ্ঞাসা করতে পারেন। ধন্যবাদ।"
51651,"হেলো, নাসেনিয়া ডকে আপনাকে স্বাগতম। আপনার অনুসন্ধানের জন্য ধন্যবাদ। আমি আপনার প্রশ্নটি দেখেছি এবং আপনার উদ্বেগ বুঝতে পেরেছি। আমি যথাসাধ্য আপনাকে সাহায্য করার চেষ্টা করব। আপনার বর্ণনা করা লক্ষণগুলো বিভিন্ন কারণে হতে পারে এবং এর সঠিক কারণ নির্ণয়ের জন্য একটি বিস্তারিত পরীক্ষা প্রয়োজন। তাই আমি আপনাকে একজন বিশেষজ্ঞ ডাক্তারের সাথে সরাসরি পরামর্শ করার পরামর্শ দিচ্ছি। প্রয়োজনীয় পরীক্ষা-নিরীক্ষা করানো উচিত এবং রিপোর্ট অনুযায়ী চিকিৎসা শুরু করা যেতে পারে। এই সময়ে পর্যাপ্ত বিশ্রাম নিন, প্রচুর পানি পান করুন এবং স্বাস্থ্যকর খাবার খান। ডাক্তারের পরামর্শ ছাড়া কোনো ওষুধ সেবন করবেন না। যদি সমস্যা বাড়তে থাকে বা তীব্র হয়, তাহলে দেরি না করে দ্রুত ডাক্তারের শরণাপন্ন হন। আশা করি এই উত্তরটি আপনাকে সাহায্য করবে। আরও কোনো প্রশ্ন থাকলে নির্দ্বিধায় জিজ্ঞাসা করতে পারেন। ধন্যবাদ।"
3950,"হেলো, নাসেনিয়া ডকে আপনাকে স্বাগতম। আপনার অনুসন্ধানের জন্য ধন্যবাদ। আমি আপনার প্রশ্নটি দেখেছি এবং আপনার উদ্বেগ বুঝতে পেরেছি। আমি যথাসাধ্য আপনাকে সাহায্য করার চেষ্টা করব। আপনার বর্ণনা করা লক্ষণগুলো বিভিন্ন কারণে হতে পারে এবং এর সঠিক কারণ নির্ণয়ের জন্য একটি বিস্তারিত পরীক্ষা প্রয়োজন। তাই আমি আপনাকে একজন বিশেষজ্ঞ ডাক্তারের সাথে সরাসরি পরামর্শ করার পরামর্শ দিচ্ছি। প্রয়োজনীয় পরীক্ষা-নিরীক্ষা করানো উচিত এবং রিপোর্ট অনুযায়ী চিকিৎসা শুরু করা যেতে পারে। এই সময়ে পর্যাপ্ত বিশ্রাম নিন, প্রচুর পানি পান করুন এবং স্বাস্থ্যকর খাবার খান। ডাক্তারের পরামর্শ ছাড়া কোনো ওষুধ সেবন করবেন না। যদি সমস্যা বাড়তে থাকে বা তীব্র হয়, তাহলে দেরি না করে দ্রুত ডাক্তারের শরণাপন্ন হন। আশা করি এই উত্তরটি আপনাকে সাহায্য করবে। আরও কোনো প্রশ্ন থাকলে নির্দ্বিধায় জিজ্ঞাসা করতে পারেন। ধন্যবাদ।"
22482,"হেলো, নাসেনিয়া ডকে আপনাকে স্বাগতম। আপনার অনুসন্ধানের জন্য ধন্যবাদ। আমি আপনার প্রশ্নটি দেখেছি এবং আপনার উদ্বেগ বুঝতে পেরেছি। আমি যথাসাধ্য আপনাকে সাহায্য করার চেষ্টা করব। আপনার বর্ণনা করা লক্ষণগুলো বিভিন্ন কারণে হতে পারে এবং এর সঠিক কারণ নির্ণয়ের জন্য একটি বিস্তারিত পরীক্ষা প্রয়োজন। তাই আমি আপনাকে একজন বিশেষজ্ঞ ডাক্তারের সাথে সরাসরি পরামর্শ করার পরামর্শ দিচ্ছি। প্রয়োজনীয় পরীক্ষা-নিরীক্ষা করানো উচিত এবং রিপোর্ট অনুযায়ী চিকিৎসা শুরু করা যেতে পারে। এই সময়ে পর্যাপ্ত বিশ্রাম নিন, প্রচুর পানি পান করুন এবং স্বাস্থ্যকর খাবার খান। ডাক্তারের পরামর্শ ছাড়া কোনো ওষুধ সেবন করবেন না। যদি সমস্যা বাড়তে থাকে বা তীব্র হয়, তাহলে দেরি না করে দ্রুত ডাক্তারের শরণাপন্ন হন। আশা করি এই উত্তরটি আপনাকে সাহায্য করবে। আরও কোনো প্রশ্ন থাকলে নির্দ্বিধায় জিজ্ঞাসা করতে পারেন। ধন্যবাদ।"
98528,"হেলো, নাসেনিয়া ডকে আপনাকে স্বাগতম। আপনার অনুসন্ধানের জন্য ধন্যবাদ। আমি আপনার প্রশ্নটি দেখেছি এবং আপনার উদ্বেগ বুঝতে পেরেছি। আমি যথাসাধ্য আপনাকে সাহায্য করার চেষ্টা করব। আপনার বর্ণনা করা লক্ষণগুলো বিভিন্ন কারণে হতে পারে এবং এর সঠিক কারণ নির্ণয়ের জন্য একটি বিস্তারিত পরীক্ষা প্রয়োজন। তাই আমি আপনাকে একজন বিশেষজ্ঞ ডাক্তারের সাথে সরাসরি পরামর্শ করার পরামর্শ দিচ্ছি। প্রয়োজনীয় পরীক্ষা-নিরীক্ষা করানো উচিত এবং রিপোর্ট অনুযায়ী চিকিৎসা শুরু করা যেতে পারে। এই সময়ে পর্যাপ্ত বিশ্রাম নিন, প্রচুর পানি পান করুন এবং স্বাস্থ্যকর খাবার খান। ডাক্তারের পরামর্শ ছাড়া কোনো ওষুধ সেবন করবেন না। যদি সমস্যা বাড়তে থাকে বা তীব্র হয়, তাহলে দেরি না করে দ্রুত ডাক্তারের শরণাপন্ন হন। আশা করি এই উত্তরটি আপনাকে সাহায্য করবে। আরও কোনো প্রশ্ন থাকলে নির্দ্বিধায় জিজ্ঞাসা করতে পারেন। ধন্যবাদ।"
80822,"হেলো, নাসেনিয়া ডকে আপনাকে স্বাগতম। আপনার অনুসন্ধানের জন্য ধন্যবাদ। আমি আপনার প্রশ্নটি দেখেছি এবং আপনার উদ্বেগ বুঝতে পেরেছি। আমি যথাসাধ্য আপনাকে সাহায্য করার চেষ্টা করব। আপনার বর্ণনা করা লক্ষণগুলো বিভিন্ন কারণে হতে পারে এবং এর সঠিক কারণ নির্ণয়ের জন্য একটি বিস্তারিত পরীক্ষা প্রয়োজন। তাই আমি আপনাকে একজন বিশেষজ্ঞ ডাক্তারের সাথে সরাসরি পরামর্শ করার পরামর্শ দিচ্ছি। প্রয়োজনীয় পরীক্ষা-নিরীক্ষা করানো উচিত এবং রিপোর্ট অনুযায়ী চিকিৎসা শুরু করা যেতে পারে। এই সময়ে পর্যাপ্ত বিশ্রাম নিন, প্রচুর পানি পান করুন এবং স্বাস্থ্যকর খাবার খান। ডাক্তারের পরামর্শ ছাড়া কোনো ওষুধ সেবন করবেন না। যদি সমস্যা বাড়তে থাকে বা তীব্র হয়, তাহলে দেরি না করে দ্রুত ডাক্তারের শরণাপন্ন হন। আশা করি এই উত্তরটি আপনাকে সাহায্য করবে। আরও কোনো প্রশ্ন থাকলে নির্দ্বিধায় জিজ্ঞাসা করতে পারেন। ধন্যবাদ।"
70192,"হেলো, নাসেনিয়া ডকে আপনাকে স্বাগতম। আপনার অনুসন্ধানের জন্য ধন্যবাদ। আমি আপনার প্রশ্নটি দেখেছি এবং আপনার উদ্বেগ বুঝতে পেরেছি। আমি যথাসাধ্য আপনাকে সাহায্য করার চেষ্টা করব। আপনার বর্ণনা করা লক্ষণগুলো বিভিন্ন কারণে হতে পারে এবং এর সঠিক কারণ নির্ণয়ের জন্য একটি বিস্তারিত পরীক্ষা প্রয়োজন। তাই আমি আপনাকে একজন বিশেষজ্ঞ ডাক্তারের সাথে সরাসরি পরামর্শ করার পরামর্শ দিচ্ছি। প্রয়োজনীয় পরীক্ষা-নিরীক্ষা করানো উচিত এবং রিপোর্ট অনুযায়ী চিকিৎসা শুরু করা যেতে পারে। এই সময়ে পর্যাপ্ত বিশ্রাম নিন, প্রচুর পানি পান করুন এবং স্বাস্থ্যকর খাবার খান। ডাক্তারের পরামর্শ ছাড়া কোনো ওষুধ সেবন করবেন না। যদি সমস্যা বাড়তে থাকে বা তীব্র হয়, তাহলে দেরি না করে দ্রুত ডাক্তারের শরণাপন্ন হন। আশা করি এই উত্তরটি আপনাকে সাহায্য করবে। আরও কোনো প্রশ্ন থাকলে নির্দ্বিধায় জিজ্ঞাসা করতে পারেন। ধন্যবাদ।"
73877,"হেলো, নাসেনিয়া ডকে আপনাকে স্বাগতম। আপনার অনুসন্ধানের জন্য ধন্যবাদ। আমি আপনার প্রশ্নটি দেখেছি এবং আপনার উদ্বেগ বুঝতে পেরেছি। আমি যথাসাধ্য আপনাকে সাহায্য করার চেষ্টা করব। আপনার বর্ণনা করা লক্ষণগুলো বিভিন্ন কারণে হতে পারে এবং এর সঠিক কারণ নির্ণয়ের জন্য একটি বিস্তারিত পরীক্ষা প্রয়োজন। তাই আমি আপনাকে একজন বিশেষজ্ঞ ডাক্তারের সাথে সরাসরি পরামর্শ করার পরামর্শ দিচ্ছি। প্রয়োজনীয় পরীক্ষা-নিরীক্ষা করানো উচিত এবং রিপোর্ট অনুযায়ী চিকিৎসা শুরু করা যেতে পারে। এই সময়ে পর্যাপ্ত বিশ্রাম নিন, প্রচুর পানি পান করুন এবং স্বাস্থ্যকর খাবার খান। ডাক্তারের পরামর্শ ছাড়া কোনো ওষুধ সেবন করবেন না। যদি সমস্যা বাড়তে থাকে বা তীব্র হয়, তাহলে দেরি না করে দ্রুত ডাক্তারের শরণাপন্ন হন। আশা করি এই উত্তরটি আপনাকে সাহায্য করবে। আরও কোনো প্রশ্ন থাকলে নির্দ্বিধায় জিজ্ঞাসা করতে পারেন। ধন্যবাদ।"
32333,"হেলো, নাসেনিয়া ডকে আপনাকে স্বাগতম। আপনার অনুসন্ধানের জন্য ধন্যবাদ। আমি আপনার প্রশ্নটি দেখেছি এবং আপনার উদ্বেগ বুঝতে পেরেছি। আমি যথাসাধ্য আপনাকে সাহায্য করার চেষ্টা করব। আপনার বর্ণনা করা লক্ষণগুলো বিভিন্ন কারণে হতে পারে এবং এর সঠিক কারণ নির্ণয়ের জন্য একটি বিস্তারিত পরীক্ষা প্রয়োজন। তাই আমি আপনাকে একজন বিশেষজ্ঞ ডাক্তারের সাথে সরাসরি পরামর্শ করার পরামর্শ দিচ্ছি। প্রয়োজনীয় পরীক্ষা-নিরীক্ষা করানো উচিত এবং রিপোর্ট অনুযায়ী চিকিৎসা শুরু করা যেতে পারে। এই সময়ে পর্যাপ্ত বিশ্রাম নিন, প্রচুর পানি পান করুন এবং স্বাস্থ্যকর খাবার খান। ডাক্তারের পরামর্শ ছাড়া কোনো ওষুধ সেবন করবেন না। যদি সমস্যা বাড়তে থাকে বা তীব্র হয়, তাহলে দেরি না করে দ্রুত ডাক্তারের শরণাপন্ন হন। আশা করি এই উত্তরটি আপনাকে সাহায্য করবে। আরও কোনো প্রশ্ন থাকলে নির্দ্বিধায় জিজ্ঞাসা করতে পারেন। ধন্যবাদ।"
98269,"হেলো, নাসেনিয়া ডকে আপনাকে স্বাগতম। আপনার অনুসন্ধানের জন্য ধন্যবাদ। আমি আপনার প্রশ্নটি দেখেছি এবং আপনার উদ্বেগ বুঝতে পেরেছি। আমি যথাসাধ্য আপনাকে সাহায্য করার চেষ্টা করব। আপনার বর্ণনা করা লক্ষণগুলো বিভিন্ন কারণে হতে পারে এবং এর সঠিক কারণ নির্ণয়ের জন্য একটি বিস্তারিত পরীক্ষা প্রয়োজন। তাই আমি আপনাকে একজন বিশেষজ্ঞ ডাক্তারের সাথে সরাসরি পরামর্শ করার পরামর্শ দিচ্ছি। প্রয়োজনীয় পরীক্ষা-নিরীক্ষা করানো উচিত এবং রিপোর্ট অনুযায়ী চিকিৎসা শুরু করা যেতে পারে। এই সময়ে পর্যাপ্ত বিশ্রাম নিন, প্রচুর পানি পান করুন এবং স্বাস্থ্যকর খাবার খান। ডাক্তারের পরামর্শ ছাড়া কোনো ওষুধ সেবন করবেন না। যদি সমস্যা বাড়তে থাকে বা তীব্র হয়, তাহলে দেরি না করে দ্রুত ডাক্তারের শরণাপন্ন হন। আশা করি এই উত্তরটি আপনাকে সাহায্য করবে। আরও কোনো প্রশ্ন থাকলে নির্দ্বিধায় জিজ্ঞাসা করতে পারেন। ধন্যবাদ।"
89182,"হেলো, নাসেনিয়া ডকে আপনাকে স্বাগতম। আপনার অনুসন্ধানের জন্য ধন্যবাদ। আমি আপনার প্রশ্নটি দেখেছি এবং আপনার উদ্বেগ বুঝতে পেরেছি। আমি যথাসাধ্য আপনাকে সাহায্য করার চেষ্টা করব। আপনার বর্ণনা করা লক্ষণগুলো বিভিন্ন কারণে হতে পারে এবং এর সঠিক কারণ নির্ণয়ের জন্য একটি বিস্তারিত পরীক্ষা প্রয়োজন। তাই আমি আপনাকে একজন বিশেষজ্ঞ ডাক্তারের সাথে সরাসরি পরামর্শ করার পরামর্শ দিচ্ছি। প্রয়োজনীয় পরীক্ষা-নিরীক্ষা করানো উচিত এবং রিপোর্ট অনুযায়ী চিকিৎসা শুরু করা যেতে পারে। এই সময়ে পর্যাপ্ত বিশ্রাম নিন, প্রচুর পানি পান করুন এবং স্বাস্থ্যকর খাবার খান। ডাক্তারের পরামর্শ ছাড়া কোনো ওষুধ সেবন করবেন না। যদি সমস্যা বাড়তে থাকে বা তীব্র হয়, তাহলে দেরি না করে দ্রুত ডাক্তারের শরণাপন্ন হন। আশা করি এই উত্তরটি আপনাকে সাহায্য করবে। আরও কোনো প্রশ্ন থাকলে নির্দ্বিধায় জিজ্ঞাসা করতে পারেন। ধন্যবাদ।"
34968,"হেলো, নাসেনিয়া ডকে আপনাকে স্বাগতম। আপনার অনুসন্ধানের জন্য ধন্যবাদ। আমি আপনার প্রশ্নটি দেখেছি এবং আপনার উদ্বেগ বুঝতে পেরেছি। আমি যথাসাধ্য আপনাকে সাহায্য করার চেষ্টা করব। আপনার বর্ণনা করা লক্ষণগুলো বিভিন্ন কারণে হতে পারে এবং এর সঠিক কারণ নির্ণয়ের জন্য একটি বিস্তারিত পরীক্ষা প্রয়োজন। তাই আমি আপনাকে একজন বিশেষজ্ঞ ডাক্তারের সাথে সরাসরি পরামর্শ করার পরামর্শ দিচ্ছি। প্রয়োজনীয় পরীক্ষা-নিরীক্ষা করানো উচিত এবং রিপোর্ট অনুযায়ী চিকিৎসা শুরু করা যেতে পারে। এই সময়ে পর্যাপ্ত বিশ্রাম নিন, প্রচুর পানি পান করুন এবং স্বাস্থ্যকর খাবার খান। ডাক্তারের পরামর্শ ছাড়া কোনো ওষুধ সেবন করবেন না। যদি সমস্যা বাড়তে থাকে বা তীব্র হয়, তাহলে দেরি না করে দ্রুত ডাক্তারের শরণাপন্ন হন। আশা করি এই উত্তরটি আপনাকে সাহায্য করবে। আরও কোনো প্রশ্ন থাকলে নির্দ্বিধায় জিজ্ঞাসা করতে পারেন। ধন্যবাদ।"
75315,"হেলো, নাসেনিয়া ডকে আপনাকে স্বাগতম। আপনার অনুসন্ধানের জন্য ধন্যবাদ। আমি আপনার প্রশ্নটি দেখেছি এবং আপনার উদ্বেগ বুঝতে পেরেছি। আমি যথাসাধ্য আপনাকে সাহায্য করার চেষ্টা করব। আপনার বর্ণনা করা লক্ষণগুলো বিভিন্ন কারণে হতে পারে এবং এর সঠিক কারণ নির্ণয়ের জন্য একটি বিস্তারিত পরীক্ষা প্রয়োজন। তাই আমি আপনাকে একজন বিশেষজ্ঞ ডাক্তারের সাথে সরাসরি পরামর্শ করার পরামর্শ দিচ্ছি। প্রয়োজনীয় পরীক্ষা-নিরীক্ষা করানো উচিত এবং রিপোর্ট অনুযায়ী চিকিৎসা শুরু করা যেতে পারে। এই সময়ে পর্যাপ্ত বিশ্রাম নিন, প্রচুর পানি পান করুন এবং স্বাস্থ্যকর খাবার খান। ডাক্তারের পরামর্শ ছাড়া কোনো ওষুধ সেবন করবেন না। যদি সমস্যা বাড়তে থাকে বা তীব্র হয়, তাহলে দেরি না করে দ্রুত ডাক্তারের শরণাপন্ন হন। আশা করি এই উত্তরটি আপনাকে সাহায্য করবে। আরও কোনো প্রশ্ন থাকলে নির্দ্বিধায় জিজ্ঞাসা করতে পারেন। ধন্যবাদ।"
16392,"হেলো, নাসেনিয়া ডকে আপনাকে স্বাগতম। আপনার অনুসন্ধানের জন্য ধন্যবাদ। আমি আপনার প্রশ্নটি দেখেছি এবং আপনার উদ্বেগ বুঝতে পেরেছি। আমি যথাসাধ্য আপনাকে সাহায্য করার চেষ্টা করব। আপনার বর্ণনা করা লক্ষণগুলো বিভিন্ন কারণে হতে পারে এবং এর সঠিক কারণ নির্ণয়ের জন্য একটি বিস্তারিত পরীক্ষা প্রয়োজন। তাই আমি আপনাকে একজন বিশেষজ্ঞ ডাক্তারের সাথে সরাসরি পরামর্শ করার পরামর্শ দিচ্ছি। প্রয়োজনীয় পরীক্ষা-নিরীক্ষা করানো উচিত এবং রিপোর্ট অনুযায়ী চিকিৎসা শুরু করা যেতে পারে। এই সময়ে পর্যাপ্ত বিশ্রাম নিন, প্রচুর পানি পান করুন এবং স্বাস্থ্যকর খাবার খান। ডাক্তারের পরামর্শ ছাড়া কোনো ওষুধ সেবন করবেন না। যদি সমস্যা বাড়তে থাকে বা তীব্র হয়, তাহলে দেরি না করে দ্রুত ডাক্তারের শরণাপন্ন হন। আশা করি এই উত্তরটি আপনাকে সাহায্য করবে। আরও কোনো প্রশ্ন থাকলে নির্দ্বিধায় জিজ্ঞাসা করতে পারেন। ধন্যবাদ।"
74374,"হেলো, নাসেনিয়া ডকে আপনাকে স্বাগতম। আপনার অনুসন্ধানের জন্য ধন্যবাদ। আমি আপনার প্রশ্নটি দেখেছি এবং আপনার উদ্বেগ বুঝতে পেরেছি। আমি যথাসাধ্য আপনাকে সাহায্য করার চেষ্টা করব। আপনার বর্ণনা করা লক্ষণগুলো বিভিন্ন কারণে হতে পারে এবং এর সঠিক কারণ নির্ণয়ের জন্য একটি বিস্তারিত পরীক্ষা প্রয়োজন। তাই আমি আপনাকে একজন বিশেষজ্ঞ ডাক্তারের সাথে সরাসরি পরামর্শ করার পরামর্শ দিচ্ছি। প্রয়োজনীয় পরীক্ষা-নিরীক্ষা করানো উচিত এবং রিপোর্ট অনুযায়ী চিকিৎসা শুরু করা যেতে পারে। এই সময়ে পর্যাপ্ত বিশ্রাম নিন, প্রচুর পানি পান করুন এবং স্বাস্থ্যকর খাবার খান। ডাক্তারের পরামর্শ ছাড়া কোনো ওষুধ সেবন করবেন না। যদি সমস্যা বাড়তে থাকে বা তীব্র হয়, তাহলে দেরি না করে দ্রুত ডাক্তারের শরণাপন্ন হন। আশা করি এই উত্তরটি আপনাকে সাহায্য করবে। আরও কোনো প্রশ্ন থাকলে নির্দ্বিধায় জিজ্ঞাসা করতে পারেন। ধন্যবাদ।"
15820,"হেলো, নাসেনিয়া ডকে আপনাকে স্বাগতম। আপনার অনুসন্ধানের জন্য ধন্যবাদ। আমি আপনার প্রশ্নটি দেখেছি এবং আপনার উদ্বেগ বুঝতে পেরেছি। আমি যথাসাধ্য আপনাকে সাহায্য করার চেষ্টা করব। আপনার বর্ণনা করা লক্ষণগুলো বিভিন্ন কারণে হতে পারে এবং এর সঠিক কারণ নির্ণয়ের জন্য একটি বিস্তারিত পরীক্ষা প্রয়োজন। তাই আমি আপনাকে একজন বিশেষজ্ঞ ডাক্তারের সাথে সরাসরি পরামর্শ করার পরামর্শ দিচ্ছি। প্রয়োজনীয় পরীক্ষা-নিরীক্ষা করানো উচিত এবং রিপোর্ট অনুযায়ী চিকিৎসা শুরু করা যেতে পারে। এই সময়ে পর্যাপ্ত বিশ্রাম নিন, প্রচুর পানি পান করুন এবং স্বাস্থ্যকর খাবার খান। ডাক্তারের পরামর্শ ছাড়া কোনো ওষুধ সেবন করবেন না। যদি সমস্যা বাড়তে থাকে বা তীব্র হয়, তাহলে দেরি না করে দ্রুত ডাক্তারের শরণাপন্ন হন। আশা করি এই উত্তরটি আপনাকে সাহায্য করবে। আরও কোনো প্রশ্ন থাকলে নির্দ্বিধায় জিজ্ঞাসা করতে পারেন। ধন্যবাদ।"
7225,"হেলো, নাসেনিয়া ডকে আপনাকে স্বাগতম। আপনার অনুসন্ধানের জন্য ধন্যবাদ। আমি আপনার প্রশ্নটি দেখেছি এবং আপনার উদ্বেগ বুঝতে পেরেছি। আমি যথাসাধ্য আপনাকে সাহায্য করার চেষ্টা করব। আপনার বর্ণনা করা লক্ষণগুলো বিভিন্ন কারণে হতে পারে এবং এর সঠিক কারণ নির্ণয়ের জন্য একটি বিস্তারিত পরীক্ষা প্রয়োজন। তাই আমি আপনাকে একজন বিশেষজ্ঞ ডাক্তারের সাথে সরাসরি পরামর্শ করার পরামর্শ দিচ্ছি। প্রয়োজনীয় পরীক্ষা-নিরীক্ষা করানো উচিত এবং রিপোর্ট অনুযায়ী চিকিৎসা শুরু করা যেতে পারে। এই সময়ে পর্যাপ্ত বিশ্রাম নিন, প্রচুর পানি পান করুন এবং স্বাস্থ্যকর খাবার খান। ডাক্তারের পরামর্শ ছাড়া কোনো ওষুধ সেবন করবেন না। যদি সমস্যা বাড়তে থাকে বা তীব্র হয়, তাহলে দেরি না করে দ্রুত ডাক্তারের শরণাপন্ন হন। আশা করি এই উত্তরটি আপনাকে সাহায্য করবে। আরও কোনো প্রশ্ন থাকলে নির্দ্বিধায় জিজ্ঞাসা করতে পারেন। ধন্যবাদ।"
56078,"হেলো, নাসেনিয়া ডকে আপনাকে স্বাগতম। আপনার অনুসন্ধানের জন্য ধন্যবাদ। আমি আপনার প্রশ্নটি দেখেছি এবং আপনার উদ্বেগ বুঝতে পেরেছি। আমি যথাসাধ্য আপনাকে সাহায্য করার চেষ্টা করব। আপনার বর্ণনা করা লক্ষণগুলো বিভিন্ন কারণে হতে পারে এবং এর সঠিক কারণ নির্ণয়ের জন্য একটি বিস্তারিত পরীক্ষা প্রয়োজন। তাই আমি আপনাকে একজন বিশেষজ্ঞ ডাক্তারের সাথে সরাসরি পরামর্শ করার পরামর্শ দিচ্ছি। প্রয়োজনীয় পরীক্ষা-নিরীক্ষা করানো উচিত এবং রিপোর্ট অনুযায়ী চিকিৎসা শুরু করা যেতে পারে। এই সময়ে পর্যাপ্ত বিশ্রাম নিন, প্রচুর পানি পান করুন এবং স্বাস্থ্যকর খাবার খান। ডাক্তারের পরামর্শ ছাড়া কোনো ওষুধ সেবন করবেন না। যদি সমস্যা বাড়তে থাকে বা তীব্র হয়, তাহলে দেরি না করে দ্রুত ডাক্তারের শরণাপন্ন হন। আশা করি এই উত্তরটি আপনাকে সাহায্য করবে। আরও কোনো প্রশ্ন থাকলে নির্দ্বিধায় জিজ্ঞাসা করতে পারেন। ধন্যবাদ।"
86807,"হেলো, নাসেনিয়া ডকে আপনাকে স্বাগতম। আপনার অনুসন্ধানের জন্য ধন্যবাদ। আমি আপনার প্রশ্নটি দেখেছি এবং আপনার উদ্বেগ বুঝতে পেরেছি। আমি যথাসাধ্য আপনাকে সাহায্য করার চেষ্টা করব। আপনার বর্ণনা করা লক্ষণগুলো বিভিন্ন কারণে হতে পারে এবং এর সঠিক কারণ নির্ণয়ের জন্য একটি বিস্তারিত পরীক্ষা প্রয়োজন। তাই আমি আপনাকে একজন বিশেষজ্ঞ ডাক্তারের সাথে সরাসরি পরামর্শ করার পরামর্শ দিচ্ছি। প্রয়োজনীয় পরীক্ষা-নিরীক্ষা করানো উচিত এবং রিপোর্ট অনুযায়ী চিকিৎসা শুরু করা যেতে পারে। এই সময়ে পর্যাপ্ত বিশ্রাম নিন, প্রচুর পানি পান করুন এবং স্বাস্থ্যকর খাবার খান। ডাক্তারের পরামর্শ ছাড়া কোনো ওষুধ সেবন করবেন না। যদি সমস্যা বাড়তে থাকে বা তীব্র হয়, তাহলে দেরি না করে দ্রুত ডাক্তারের শরণাপন্ন হন। আশা করি এই উত্তরটি আপনাকে সাহায্য করবে। আরও কোনো প্রশ্ন থাকলে নির্দ্বিধায় জিজ্ঞাসা করতে পারেন। ধন্যবাদ।"
12530,"হেলো, নাসেনিয়া ডকে আপনাকে স্বাগতম। আপনার অনুসন্ধানের জন্য ধন্যবাদ। আমি আপনার প্রশ্নটি দেখেছি এবং আপনার উদ্বেগ বুঝতে পেরেছি। আমি যথাসাধ্য আপনাকে সাহায্য করার চেষ্টা করব। আপনার বর্ণনা করা লক্ষণগুলো বিভিন্ন কারণে হতে পারে এবং এর সঠিক কারণ নির্ণয়ের জন্য একটি বিস্তারিত পরীক্ষা প্রয়োজন। তাই আমি আপনাকে একজন বিশেষজ্ঞ ডাক্তারের সাথে সরাসরি পরামর্শ করার পরামর্শ দিচ্ছি। প্রয়োজনীয় পরীক্ষা-নিরীক্ষা করানো উচিত এবং রিপোর্ট অনুযায়ী চিকিৎসা শুরু করা যেতে পারে। এই সময়ে পর্যাপ্ত বিশ্রাম নিন, প্রচুর পানি পান করুন এবং স্বাস্থ্যকর খাবার খান। ডাক্তারের পরামর্শ ছাড়া কোনো ওষুধ সেবন করবেন না। যদি সমস্যা বাড়তে থাকে বা তীব্র হয়, তাহলে দেরি না করে দ্রুত ডাক্তারের শরণাপন্ন হন। আশা করি এই উত্তরটি আপনাকে সাহায্য করবে। আরও কোনো প্রশ্ন থাকলে নির্দ্বিধায় জিজ্ঞাসা করতে পারেন। ধন্যবাদ।"
36983,"হেলো, নাসেনিয়া ডকে আপনাকে স্বাগতম। আপনার অনুসন্ধানের জন্য ধন্যবাদ। আমি আপনার প্রশ্নটি দেখেছি এবং আপনার উদ্বেগ বুঝতে পেরেছি। আমি যথাসাধ্য আপনাকে সাহায্য করার চেষ্টা করব। আপনার বর্ণনা করা লক্ষণগুলো বিভিন্ন কারণে হতে পারে এবং এর সঠিক কারণ নির্ণয়ের জন্য একটি বিস্তারিত পরীক্ষা প্রয়োজন। তাই আমি আপনাকে একজন বিশেষজ্ঞ ডাক্তারের সাথে সরাসরি পরামর্শ করার পরামর্শ দিচ্ছি। প্রয়োজনীয় পরীক্ষা-নিরীক্ষা করানো উচিত এবং রিপোর্ট অনুযায়ী চিকিৎসা শুরু করা যেতে পারে। এই সময়ে পর্যাপ্ত বিশ্রাম নিন, প্রচুর পানি পান করুন এবং স্বাস্থ্যকর খাবার খান। ডাক্তারের পরামর্শ ছাড়া কোনো ওষুধ সেবন করবেন না। যদি সমস্যা বাড়তে থাকে বা তীব্র হয়, তাহলে দেরি না করে দ্রুত ডাক্তারের শরণাপন্ন হন। আশা করি এই উত্তরটি আপনাকে সাহায্য করবে। আরও কোনো প্রশ্ন থাকলে নির্দ্বিধায় জিজ্ঞাসা করতে পারেন। ধন্যবাদ।"
93550,"হেলো, নাসেনিয়া ডকে আপনাকে স্বাগতম। আপনার অনুসন্ধানের জন্য ধন্যবাদ। আমি আপনার প্রশ্নটি দেখেছি এবং আপনার উদ্বেগ বুঝতে পেরেছি। আমি যথাসাধ্য আপনাকে সাহায্য করার চেষ্টা করব। আপনার বর্ণনা করা লক্ষণগুলো বিভিন্ন কারণে হতে পারে এবং এর সঠিক কারণ নির্ণয়ের জন্য একটি বিস্তারিত পরীক্ষা প্রয়োজন। তাই আমি আপনাকে একজন বিশেষজ্ঞ ডাক্তারের সাথে সরাসরি পরামর্শ করার পরামর্শ দিচ্ছি। প্রয়োজনীয় পরীক্ষা-নিরীক্ষা করানো উচিত এবং রিপোর্ট অনুযায়ী চিকিৎসা শুরু করা যেতে পারে। এই সময়ে পর্যাপ্ত বিশ্রাম নিন, প্রচুর পানি পান করুন এবং স্বাস্থ্যকর খাবার খান। ডাক্তারের পরামর্শ ছাড়া কোনো ওষুধ সেবন করবেন না। যদি সমস্যা বাড়তে থাকে বা তীব্র হয়, তাহলে দেরি না করে দ্রুত ডাক্তারের শরণাপন্ন হন। আশা করি এই উত্তরটি আপনাকে সাহায্য করবে। আরও কোনো প্রশ্ন থাকলে নির্দ্বিধায় জিজ্ঞাসা করতে পারেন। ধন্যবাদ।"
94101,"হেলো, নাসেনিয়া ডকে আপনাকে স্বাগতম। আপনার অনুসন্ধানের জন্য ধন্যবাদ। আমি আপনার প্রশ্নটি দেখেছি এবং আপনার উদ্বেগ বুঝতে পেরেছি। আমি যথাসাধ্য আপনাকে সাহায্য করার চেষ্টা করব। আপনার বর্ণনা করা লক্ষণগুলো বিভিন্ন কারণে হতে পারে এবং এর সঠিক কারণ নির্ণয়ের জন্য একটি বিস্তারিত পরীক্ষা প্রয়োজন। তাই আমি আপনাকে একজন বিশেষজ্ঞ ডাক্তারের সাথে সরাসরি পরামর্শ করার পরামর্শ দিচ্ছি। প্রয়োজনীয় পরীক্ষা-নিরীক্ষা করানো উচিত এবং রিপোর্ট অনুযায়ী চিকিৎসা শুরু করা যেতে পারে। এই সময়ে পর্যাপ্ত বিশ্রাম নিন, প্রচুর পানি পান করুন এবং স্বাস্থ্যকর খাবার খান। ডাক্তারের পরামর্শ ছাড়া কোনো ওষুধ সেবন করবেন না। যদি সমস্যা বাড়তে থাকে বা তীব্র হয়, তাহলে দেরি না করে দ্রুত ডাক্তারের শরণাপন্ন হন। আশা করি এই উত্তরটি আপনাকে সাহায্য করবে। আরও কোনো প্রশ্ন থাকলে নির্দ্বিধায় জিজ্ঞাসা করতে পারেন। ধন্যবাদ।"
80024,"হেলো, নাসেনিয়া ডকে আপনাকে স্বাগতম। আপনার অনুসন্ধানের জন্য ধন্যবাদ। আমি আপনার প্রশ্নটি দেখেছি এবং আপনার উদ্বেগ বুঝতে পেরেছি। আমি যথাসাধ্য আপনাকে সাহায্য করার চেষ্টা করব। আপনার বর্ণনা করা লক্ষণগুলো বিভিন্ন কারণে হতে পারে এবং এর সঠিক কারণ নির্ণয়ের জন্য একটি বিস্তারিত পরীক্ষা প্রয়োজন। তাই আমি আপনাকে একজন বিশেষজ্ঞ ডাক্তারের সাথে সরাসরি পরামর্শ করার পরামর্শ দিচ্ছি। প্রয়োজনীয় পরীক্ষা-নিরীক্ষা করানো উচিত এবং রিপোর্ট অনুযায়ী চিকিৎসা শুরু করা যেতে পারে। এই সময়ে পর্যাপ্ত বিশ্রাম নিন, প্রচুর পানি পান করুন এবং স্বাস্থ্যকর খাবার খান। ডাক্তারের পরামর্শ ছাড়া কোনো ওষুধ সেবন করবেন না। যদি সমস্যা বাড়তে থাকে বা তীব্র হয়, তাহলে দেরি না করে দ্রুত ডাক্তারের শরণাপন্ন হন। আশা করি এই উত্তরটি আপনাকে সাহায্য করবে। আরও কোনো প্রশ্ন থাকলে নির্দ্বিধায় জিজ্ঞাসা করতে পারেন। ধন্যবাদ।"
43000,"হেলো, নাসেনিয়া ডকে আপনাকে স্বাগতম। আপনার অনুসন্ধানের জন্য ধন্যবাদ। আমি আপনার প্রশ্নটি দেখেছি এবং আপনার উদ্বেগ বুঝতে পেরেছি। আমি যথাসাধ্য আপনাকে সাহায্য করার চেষ্টা করব। আপনার বর্ণনা করা লক্ষণগুলো বিভিন্ন কারণে হতে পারে এবং এর সঠিক কারণ নির্ণয়ের জন্য একটি বিস্তারিত পরীক্ষা প্রয়োজন। তাই আমি আপনাকে একজন বিশেষজ্ঞ ডাক্তারের সাথে সরাসরি পরামর্শ করার পরামর্শ দিচ্ছি। প্রয়োজনীয় পরীক্ষা-নিরীক্ষা করানো উচিত এবং রিপোর্ট অনুযায়ী চিকিৎসা শুরু করা যেতে পারে। এই সময়ে পর্যাপ্ত বিশ্রাম নিন, প্রচুর পানি পান করুন এবং স্বাস্থ্যকর খাবার খান। ডাক্তারের পরামর্শ ছাড়া কোনো ওষুধ সেবন করবেন না। যদি সমস্যা বাড়তে থাকে বা তীব্র হয়, তাহলে দেরি না করে দ্রুত ডাক্তারের শরণাপন্ন হন। আশা করি এই উত্তরটি আপনাকে সাহায্য করবে। আরও কোনো প্রশ্ন থাকলে নির্দ্বিধায় জিজ্ঞাসা করতে পারেন। ধন্যবাদ।"
10836,"হেলো, নাসেনিয়া ডকে আপনাকে স্বাগতম। আপনার অনুসন্ধানের জন্য ধন্যবাদ। আমি আপনার প্রশ্নটি দেখেছি এবং আপনার উদ্বেগ বুঝতে পেরেছি। আমি যথাসাধ্য আপনাকে সাহায্য করার চেষ্টা করব। আপনার বর্ণনা করা লক্ষণগুলো বিভিন্ন কারণে হতে পারে এবং এর সঠিক কারণ নির্ণয়ের জন্য একটি বিস্তারিত পরীক্ষা প্রয়োজন। তাই আমি আপনাকে একজন বিশেষজ্ঞ ডাক্তারের সাথে সরাসরি পরামর্শ করার পরামর্শ দিচ্ছি। প্রয়োজনীয় পরীক্ষা-নিরীক্ষা করানো উচিত এবং রিপোর্ট অনুযায়ী চিকিৎসা শুরু করা যেতে পারে। এই সময়ে পর্যাপ্ত বিশ্রাম নিন, প্রচুর পানি পান করুন এবং স্বাস্থ্যকর খাবার খান। ডাক্তারের পরামর্শ ছাড়া কোনো ওষুধ সেবন করবেন না। যদি সমস্যা বাড়তে থাকে বা তীব্র হয়, তাহলে দেরি না করে দ্রুত ডাক্তারের শরণাপন্ন হন। আশা করি এই উত্তরটি আপনাকে সাহায্য করবে। আরও কোনো প্রশ্ন থাকলে নির্দ্বিধায় জিজ্ঞাসা করতে পারেন। ধন্যবাদ।"
62068,"হেলো, নাসেনিয়া ডকে আপনাকে স্বাগতম। আপনার অনুসন্ধানের জন্য ধন্যবাদ। আমি আপনার প্রশ্নটি দেখেছি এবং আপনার উদ্বেগ বুঝতে পেরেছি। আমি যথাসাধ্য আপনাকে সাহায্য করার চেষ্টা করব। আপনার বর্ণনা করা লক্ষণগুলো বিভিন্ন কারণে হতে পারে এবং এর সঠিক কারণ নির্ণয়ের জন্য একটি বিস্তারিত পরীক্ষা প্রয়োজন। তাই আমি আপনাকে একজন বিশেষজ্ঞ ডাক্তারের সাথে সরাসরি পরামর্শ করার পরামর্শ দিচ্ছি। প্রয়োজনীয় পরীক্ষা-নিরীক্ষা করানো উচিত এবং রিপোর্ট অনুযায়ী চিকিৎসা শুরু করা যেতে পারে। এই সময়ে পর্যাপ্ত বিশ্রাম নিন, প্রচুর পানি পান করুন এবং স্বাস্থ্যকর খাবার খান। ডাক্তারের পরামর্শ ছাড়া কোনো ওষুধ সেবন করবেন না। যদি সমস্যা বাড়তে থাকে বা তীব্র হয়, তাহলে দেরি না করে দ্রুত ডাক্তারের শরণাপন্ন হন। আশা করি এই উত্তরটি আপনাকে সাহায্য করবে। আরও কোনো প্রশ্ন থাকলে নির্দ্বিধায় জিজ্ঞাসা করতে পারেন। ধন্যবাদ।"
97122,"হেলো, নাসেনিয়া ডকে আপনাকে স্বাগতম। আপনার অনুসন্ধানের জন্য ধন্যবাদ। আমি আপনার প্রশ্নটি দেখেছি এবং আপনার উদ্বেগ বুঝতে পেরেছি। আমি যথাসাধ্য আপনাকে সাহায্য করার চেষ্টা করব। আপনার বর্ণনা করা লক্ষণগুলো বিভিন্ন কারণে হতে পারে এবং এর সঠিক কারণ নির্ণয়ের জন্য একটি বিস্তারিত পরীক্ষা প্রয়োজন। তাই আমি আপনাকে একজন বিশেষজ্ঞ ডাক্তারের সাথে সরাসরি পরামর্শ করার পরামর্শ দিচ্ছি। প্রয়োজনীয় পরীক্ষা-নিরীক্ষা করানো উচিত এবং রিপোর্ট অনুযায়ী চিকিৎসা শুরু করা যেতে পারে। এই সময়ে পর্যাপ্ত বিশ্রাম নিন, প্রচুর পানি পান করুন এবং স্বাস্থ্যকর খাবার খান। ডাক্তারের পরামর্শ ছাড়া কোনো ওষুধ সেবন করবেন না। যদি সমস্যা বাড়তে থাকে বা তীব্র হয়, তাহলে দেরি না করে দ্রুত ডাক্তারের শরণাপন্ন হন। আশা করি এই উত্তরটি আপনাকে সাহায্য করবে। আরও কোনো প্রশ্ন থাকলে নির্দ্বিধায় জিজ্ঞাসা করতে পারেন। ধন্যবাদ।"
46348,"হেলো, নাসেনিয়া ডকে আপনাকে স্বাগতম। আপনার অনুসন্ধানের জন্য ধন্যবাদ। আমি আপনার প্রশ্নটি দেখেছি এবং আপনার উদ্বেগ বুঝতে পেরেছি। আমি যথাসাধ্য আপনাকে সাহায্য করার চেষ্টা করব। আপনার বর্ণনা করা লক্ষণগুলো বিভিন্ন কারণে হতে পারে এবং এর সঠিক কারণ নির্ণয়ের জন্য একটি বিস্তারিত পরীক্ষা প্রয়োজন। তাই আমি আপনাকে একজন বিশেষজ্ঞ ডাক্তারের সাথে সরাসরি পরামর্শ করার পরামর্শ দিচ্ছি। প্রয়োজনীয় পরীক্ষা-নিরীক্ষা করানো উচিত এবং রিপোর্ট অনুযায়ী চিকিৎসা শুরু করা যেতে পারে। এই সময়ে পর্যাপ্ত বিশ্রাম নিন, প্রচুর পানি পান করুন এবং স্বাস্থ্যকর খাবার খান। ডাক্তারের পরামর্শ ছাড়া কোনো ওষুধ সেবন করবেন না। যদি সমস্যা বাড়তে থাকে বা তীব্র হয়, তাহলে দেরি না করে দ্রুত ডাক্তারের শরণাপন্ন হন। আশা করি এই উত্তরটি আপনাকে সাহায্য করবে। আরও কোনো প্রশ্ন থাকলে নির্দ্বিধায় জিজ্ঞাসা করতে পারেন। ধন্যবাদ।"
15775,"হেলো, নাসেনিয়া ডকে আপনাকে স্বাগতম। আপনার অনুসন্ধানের জন্য ধন্যবাদ। আমি আপনার প্রশ্নটি দেখেছি এবং আপনার উদ্বেগ বুঝতে পেরেছি। আমি যথাসাধ্য আপনাকে সাহায্য করার চেষ্টা করব। আপনার বর্ণনা করা লক্ষণগুলো বিভিন্ন কারণে হতে পারে এবং এর সঠিক কারণ নির্ণয়ের জন্য একটি বিস্তারিত পরীক্ষা প্রয়োজন। তাই আমি আপনাকে একজন বিশেষজ্ঞ ডাক্তারের সাথে সরাসরি পরামর্শ করার পরামর্শ দিচ্ছি। প্রয়োজনীয় পরীক্ষা-নিরীক্ষা করানো উচিত এবং রিপোর্ট অনুযায়ী চিকিৎসা শুরু করা যেতে পারে। এই সময়ে পর্যাপ্ত বিশ্রাম নিন, প্রচুর পানি পান করুন এবং স্বাস্থ্যকর খাবার খান। ডাক্তারের পরামর্শ ছাড়া কোনো ওষুধ সেবন করবেন না। যদি সমস্যা বাড়তে থাকে বা তীব্র হয়, তাহলে দেরি না করে দ্রুত ডাক্তারের শরণাপন্ন হন। আশা করি এই উত্তরটি আপনাকে সাহায্য করবে। আরও কোনো প্রশ্ন থাকলে নির্দ্বিধায় জিজ্ঞাসা করতে পারেন। ধন্যবাদ।"
98054,"হেলো, নাসেনিয়া ডকে আপনাকে স্বাগতম। আপনার অনুসন্ধানের জন্য ধন্যবাদ। আমি আপনার প্রশ্নটি দেখেছি এবং আপনার উদ্বেগ বুঝতে পেরেছি। আমি যথাসাধ্য আপনাকে সাহায্য করার চেষ্টা করব। আপনার বর্ণনা করা লক্ষণগুলো বিভিন্ন কারণে হতে পারে এবং এর সঠিক কারণ নির্ণয়ের জন্য একটি বিস্তারিত পরীক্ষা প্রয়োজন। তাই আমি আপনাকে একজন বিশেষজ্ঞ ডাক্তারের সাথে সরাসরি পরামর্শ করার পরামর্শ দিচ্ছি। প্রয়োজনীয় পরীক্ষা-নিরীক্ষা করানো উচিত এবং রিপোর্ট অনুযায়ী চিকিৎসা শুরু করা যেতে পারে। এই সময়ে পর্যাপ্ত বিশ্রাম নিন, প্রচুর পানি পান করুন এবং স্বাস্থ্যকর খাবার খান। ডাক্তারের পরামর্শ ছাড়া কোনো ওষুধ সেবন করবেন না। যদি সমস্যা বাড়তে থাকে বা তীব্র হয়, তাহলে দেরি না করে দ্রুত ডাক্তারের শরণাপন্ন হন। আশা করি এই উত্তরটি আপনাকে সাহায্য করবে। আরও কোনো প্রশ্ন থাকলে নির্দ্বিধায় জিজ্ঞাসা করতে পারেন। ধন্যবাদ।"
55537,"হেলো, নাসেনিয়া ডকে আপনাকে স্বাগতম। আপনার অনুসন্ধানের জন্য ধন্যবাদ। আমি আপনার প্রশ্নটি দেখেছি এবং আপনার উদ্বেগ বুঝতে পেরেছি। আমি যথাসাধ্য আপনাকে সাহায্য করার চেষ্টা করব। আপনার বর্ণনা করা লক্ষণগুলো বিভিন্ন কারণে হতে পারে এবং এর সঠিক কারণ নির্ণয়ের জন্য একটি বিস্তারিত পরীক্ষা প্রয়োজন। তাই আমি আপনাকে একজন বিশেষজ্ঞ ডাক্তারের সাথে সরাসরি পরামর্শ করার পরামর্শ দিচ্ছি। প্রয়োজনীয় পরীক্ষা-নিরীক্ষা করানো উচিত এবং রিপোর্ট অনুযায়ী চিকিৎসা শুরু করা যেতে পারে। এই সময়ে পর্যাপ্ত বিশ্রাম নিন, প্রচুর পানি পান করুন এবং স্বাস্থ্যকর খাবার খান। ডাক্তারের পরামর্শ ছাড়া কোনো ওষুধ সেবন করবেন না। যদি সমস্যা বাড়তে থাকে বা তীব্র হয়, তাহলে দেরি না করে দ্রুত ডাক্তারের শরণাপন্ন হন। আশা করি এই উত্তরটি আপনাকে সাহায্য করবে। আরও কোনো প্রশ্ন থাকলে নির্দ্বিধায় জিজ্ঞাসা করতে পারেন। ধন্যবাদ।"
68490,"হেলো, নাসেনিয়া ডকে আপনাকে স্বাগতম। আপনার অনুসন্ধানের জন্য ধন্যবাদ। আমি আপনার প্রশ্নটি দেখেছি এবং আপনার উদ্বেগ বুঝতে পেরেছি। আমি যথাসাধ্য আপনাকে সাহায্য করার চেষ্টা করব। আপনার বর্ণনা করা লক্ষণগুলো বিভিন্ন কারণে হতে পারে এবং এর সঠিক কারণ নির্ণয়ের জন্য একটি বিস্তারিত পরীক্ষা প্রয়োজন। তাই আমি আপনাকে একজন বিশেষজ্ঞ ডাক্তারের সাথে সরাসরি পরামর্শ করার পরামর্শ দিচ্ছি। প্রয়োজনীয় পরীক্ষা-নিরীক্ষা করানো উচিত এবং রিপোর্ট অনুযায়ী চিকিৎসা শুরু করা যেতে পারে। এই সময়ে পর্যাপ্ত বিশ্রাম নিন, প্রচুর পানি পান করুন এবং স্বাস্থ্যকর খাবার খান। ডাক্তারের পরামর্শ ছাড়া কোনো ওষুধ সেবন করবেন না। যদি সমস্যা বাড়তে থাকে বা তীব্র হয়, তাহলে দেরি না করে দ্রুত ডাক্তারের শরণাপন্ন হন। আশা করি এই উত্তরটি আপনাকে সাহায্য করবে। আরও কোনো প্রশ্ন থাকলে নির্দ্বিধায় জিজ্ঞাসা করতে পারেন। ধন্যবাদ।"
42976,"হেলো, নাসেনিয়া ডকে আপনাকে স্বাগতম। আপনার অনুসন্ধানের জন্য ধন্যবাদ। আমি আপনার প্রশ্নটি দেখেছি এবং আপনার উদ্বেগ বুঝতে পেরেছি। আমি যথাসাধ্য আপনাকে সাহায্য করার চেষ্টা করব। আপনার বর্ণনা করা লক্ষণগুলো বিভিন্ন কারণে হতে পারে এবং এর সঠিক কারণ নির্ণয়ের জন্য একটি বিস্তারিত পরীক্ষা প্রয়োজন। তাই আমি আপনাকে একজন বিশেষজ্ঞ ডাক্তারের সাথে সরাসরি পরামর্শ করার পরামর্শ দিচ্ছি। প্রয়োজনীয় পরীক্ষা-নিরীক্ষা করানো উচিত এবং রিপোর্ট অনুযায়ী চিকিৎসা শুরু করা যেতে পারে। এই সময়ে পর্যাপ্ত বিশ্রাম নিন, প্রচুর পানি পান করুন এবং স্বাস্থ্যকর খাবার খান। ডাক্তারের পরামর্শ ছাড়া কোনো ওষুধ সেবন করবেন না। যদি সমস্যা বাড়তে থাকে বা তীব্র হয়, তাহলে দেরি না করে দ্রুত ডাক্তারের শরণাপন্ন হন। আশা করি এই উত্তরটি আপনাকে সাহায্য করবে। আরও কোনো প্রশ্ন থাকলে নির্দ্বিধায় জিজ্ঞাসা করতে পারেন। ধন্যবাদ।"
23997,"হেলো, নাসেনিয়া ডকে আপনাকে স্বাগতম। আপনার অনুসন্ধানের জন্য ধন্যবাদ। আমি আপনার প্রশ্নটি দেখেছি এবং আপনার উদ্বেগ বুঝতে পেরেছি। আমি যথাসাধ্য আপনাকে সাহায্য করার চেষ্টা করব। আপনার বর্ণনা করা লক্ষণগুলো বিভিন্ন কারণে হতে পারে এবং এর সঠিক কারণ নির্ণয়ের জন্য একটি বিস্তারিত পরীক্ষা প্রয়োজন। তাই আমি আপনাকে একজন বিশেষজ্ঞ ডাক্তারের সাথে সরাসরি পরামর্শ করার পরামর্শ দিচ্ছি। প্রয়োজনীয় পরীক্ষা-নিরীক্ষা করানো উচিত এবং রিপোর্ট অনুযায়ী চিকিৎসা শুরু করা যেতে পারে। এই সময়ে পর্যাপ্ত বিশ্রাম নিন, প্রচুর পানি পান করুন এবং স্বাস্থ্যকর খাবার খান। ডাক্তারের পরামর্শ ছাড়া কোনো ওষুধ সেবন করবেন না। যদি সমস্যা বাড়তে থাকে বা তীব্র হয়, তাহলে দেরি না করে দ্রুত ডাক্তারের শরণাপন্ন হন। আশা করি এই উত্তরটি আপনাকে সাহায্য করবে। আরও কোনো প্রশ্ন থাকলে নির্দ্বিধায় জিজ্ঞাসা করতে পারেন। ধন্যবাদ।"
14552,"হেলো, নাসেনিয়া ডকে আপনাকে স্বাগতম। আপনার অনুসন্ধানের জন্য ধন্যবাদ। আমি আপনার প্রশ্নটি দেখেছি এবং আপনার উদ্বেগ বুঝতে পেরেছি। আমি যথাসাধ্য আপনাকে সাহায্য করার চেষ্টা করব। আপনার বর্ণনা করা লক্ষণগুলো বিভিন্ন কারণে হতে পারে এবং এর সঠিক কারণ নির্ণয়ের জন্য একটি বিস্তারিত পরীক্ষা প্রয়োজন। তাই আমি আপনাকে একজন বিশেষজ্ঞ ডাক্তারের সাথে সরাসরি পরামর্শ করার পরামর্শ দিচ্ছি। প্রয়োজনীয় পরীক্ষা-নিরীক্ষা করানো উচিত এবং রিপোর্ট অনুযায়ী চিকিৎসা শুরু করা যেতে পারে। এই সময়ে পর্যাপ্ত বিশ্রাম নিন, প্রচুর পানি পান করুন এবং স্বাস্থ্যকর খাবার খান। ডাক্তারের পরামর্শ ছাড়া কোনো ওষুধ সেবন করবেন না। যদি সমস্যা বাড়তে থাকে বা তীব্র হয়, তাহলে দেরি না করে দ্রুত ডাক্তারের শরণাপন্ন হন। আশা করি এই উত্তরটি আপনাকে সাহায্য করবে। আরও কোনো প্রশ্ন থাকলে নির্দ্বিধায় জিজ্ঞাসা করতে পারেন। ধন্যবাদ।"
40271,"হেলো, নাসেনিয়া ডকে আপনাকে স্বাগতম। আপনার অনুসন্ধানের জন্য ধন্যবাদ। আমি আপনার প্রশ্নটি দেখেছি এবং আপনার উদ্বেগ বুঝতে পেরেছি। আমি যথাসাধ্য আপনাকে সাহায্য করার চেষ্টা করব। আপনার বর্ণনা করা লক্ষণগুলো বিভিন্ন কারণে হতে পারে এবং এর সঠিক কারণ নির্ণয়ের জন্য একটি বিস্তারিত পরীক্ষা প্রয়োজন। তাই আমি আপনাকে একজন বিশেষজ্ঞ ডাক্তারের সাথে সরাসরি পরামর্শ করার পরামর্শ দিচ্ছি। প্রয়োজনীয় পরীক্ষা-নিরীক্ষা করানো উচিত এবং রিপোর্ট অনুযায়ী চিকিৎসা শুরু করা যেতে পারে। এই সময়ে পর্যাপ্ত বিশ্রাম নিন, প্রচুর পানি পান করুন এবং স্বাস্থ্যকর খাবার খান। ডাক্তারের পরামর্শ ছাড়া কোনো ওষুধ সেবন করবেন না। যদি সমস্যা বাড়তে থাকে বা তীব্র হয়, তাহলে দেরি না করে দ্রুত ডাক্তারের শরণাপন্ন হন। আশা করি এই উত্তরটি আপনাকে সাহায্য করবে। আরও কোনো প্রশ্ন থাকলে নির্দ্বিধায় জিজ্ঞাসা করতে পারেন। ধন্যবাদ।"
981,"হেলো, নাসেনিয়া ডকে আপনাকে স্বাগতম। আপনার অনুসন্ধানের জন্য ধন্যবাদ। আমি আপনার প্রশ্নটি দেখেছি এবং আপনার উদ্বেগ বুঝতে পেরেছি। আমি যথাসাধ্য আপনাকে সাহায্য করার চেষ্টা করব। আপনার বর্ণনা করা লক্ষণগুলো বিভিন্ন কারণে হতে পারে এবং এর সঠিক কারণ নির্ণয়ের জন্য একটি বিস্তারিত পরীক্ষা প্রয়োজন। তাই আমি আপনাকে একজন বিশেষজ্ঞ ডাক্তারের সাথে সরাসরি পরামর্শ করার পরামর্শ দিচ্ছি। প্রয়োজনীয় পরীক্ষা-নিরীক্ষা করানো উচিত এবং রিপোর্ট অনুযায়ী চিকিৎসা শুরু করা যেতে পারে। এই সময়ে পর্যাপ্ত বিশ্রাম নিন, প্রচুর পানি পান করুন এবং স্বাস্থ্যকর খাবার খান। ডাক্তারের পরামর্শ ছাড়া কোনো ওষুধ সেবন করবেন না। যদি সমস্যা বাড়তে থাকে বা তীব্র হয়, তাহলে দেরি না করে দ্রুত ডাক্তারের শরণাপন্ন হন। আশা করি এই উত্তরটি আপনাকে সাহায্য করবে। আরও কোনো প্রশ্ন থাকলে নির্দ্বিধায় জিজ্ঞাসা করতে পারেন। ধন্যবাদ।"
101238,"হেলো, নাসেনিয়া ডকে আপনাকে স্বাগতম। আপনার অনুসন্ধানের জন্য ধন্যবাদ। আমি আপনার প্রশ্নটি দেখেছি এবং আপনার উদ্বেগ বুঝতে পেরেছি। আমি যথাসাধ্য আপনাকে সাহায্য করার চেষ্টা করব। আপনার বর্ণনা করা লক্ষণগুলো বিভিন্ন কারণে হতে পারে এবং এর সঠিক কারণ নির্ণয়ের জন্য একটি বিস্তারিত পরীক্ষা প্রয়োজন। তাই আমি আপনাকে একজন বিশেষজ্ঞ ডাক্তারের সাথে সরাসরি পরামর্শ করার পরামর্শ দিচ্ছি। প্রয়োজনীয় পরীক্ষা-নিরীক্ষা করানো উচিত এবং রিপোর্ট অনুযায়ী চিকিৎসা শুরু করা যেতে পারে। এই সময়ে পর্যাপ্ত বিশ্রাম নিন, প্রচুর পানি পান করুন এবং স্বাস্থ্যকর খাবার খান। ডাক্তারের পরামর্শ ছাড়া কোনো ওষুধ সেবন করবেন না। যদি সমস্যা বাড়তে থাকে বা তীব্র হয়, তাহলে দেরি না করে দ্রুত ডাক্তারের শরণাপন্ন হন। আশা করি এই উত্তরটি আপনাকে সাহায্য করবে। আরও কোনো প্রশ্ন থাকলে নির্দ্বিধায় জিজ্ঞাসা করতে পারেন। ধন্যবাদ।"
105077,"হেলো, নাসেনিয়া ডকে আপনাকে স্বাগতম। আপনার অনুসন্ধানের জন্য ধন্যবাদ। আমি আপনার প্রশ্নটি দেখেছি এবং আপনার উদ্বেগ বুঝতে পেরেছি। আমি যথাসাধ্য আপনাকে সাহায্য করার চেষ্টা করব। আপনার বর্ণনা করা লক্ষণগুলো বিভিন্ন কারণে হতে পারে এবং এর সঠিক কারণ নির্ণয়ের জন্য একটি বিস্তারিত পরীক্ষা প্রয়োজন। তাই আমি আপনাকে একজন বিশেষজ্ঞ ডাক্তারের সাথে সরাসরি পরামর্শ করার পরামর্শ দিচ্ছি। প্রয়োজনীয় পরীক্ষা-নিরীক্ষা করানো উচিত এবং রিপোর্ট অনুযায়ী চিকিৎসা শুরু করা যেতে পারে। এই সময়ে পর্যাপ্ত বিশ্রাম নিন, প্রচুর পানি পান করুন এবং স্বাস্থ্যকর খাবার খান। ডাক্তারের পরামর্শ ছাড়া কোনো ওষুধ সেবন করবেন না। যদি সমস্যা বাড়তে থাকে বা তীব্র হয়, তাহলে দেরি না করে দ্রুত ডাক্তারের শরণাপন্ন হন। আশা করি এই উত্তরটি আপনাকে সাহায্য করবে। আরও কোনো প্রশ্ন থাকলে নির্দ্বিধায় জিজ্ঞাসা করতে পারেন। ধন্যবাদ।"
84121,"হেলো, নাসেনিয়া ডকে আপনাকে স্বাগতম। আপনার অনুসন্ধানের জন্য ধন্যবাদ। আমি আপনার প্রশ্নটি দেখেছি এবং আপনার উদ্বেগ বুঝতে পেরেছি। আমি যথাসাধ্য আপনাকে সাহায্য করার চেষ্টা করব। আপনার বর্ণনা করা লক্ষণগুলো বিভিন্ন কারণে হতে পারে এবং এর সঠিক কারণ নির্ণয়ের জন্য একটি বিস্তারিত পরীক্ষা প্রয়োজন। তাই আমি আপনাকে একজন বিশেষজ্ঞ ডাক্তারের সাথে সরাসরি পরামর্শ করার পরামর্শ দিচ্ছি। প্রয়োজনীয় পরীক্ষা-নিরীক্ষা করানো উচিত এবং রিপোর্ট অনুযায়ী চিকিৎসা শুরু করা যেতে পারে। এই সময়ে পর্যাপ্ত বিশ্রাম নিন, প্রচুর পানি পান করুন এবং স্বাস্থ্যকর খাবার খান। ডাক্তারের পরামর্শ ছাড়া কোনো ওষুধ সেবন করবেন না। যদি সমস্যা বাড়তে থাকে বা তীব্র হয়, তাহলে দেরি না করে দ্রুত ডাক্তারের শরণাপন্ন হন। আশা করি এই উত্তরটি আপনাকে সাহায্য করবে। আরও কোনো প্রশ্ন থাকলে নির্দ্বিধায় জিজ্ঞাসা করতে পারেন। ধন্যবাদ।"
44433,"হেলো, নাসেনিয়া ডকে আপনাকে স্বাগতম। আপনার অনুসন্ধানের জন্য ধন্যবাদ। আমি আপনার প্রশ্নটি দেখেছি এবং আপনার উদ্বেগ বুঝতে পেরেছি। আমি যথাসাধ্য আপনাকে সাহায্য করার চেষ্টা করব। আপনার বর্ণনা করা লক্ষণগুলো বিভিন্ন কারণে হতে পারে এবং এর সঠিক কারণ নির্ণয়ের জন্য একটি বিস্তারিত পরীক্ষা প্রয়োজন। তাই আমি আপনাকে একজন বিশেষজ্ঞ ডাক্তারের সাথে সরাসরি পরামর্শ করার পরামর্শ দিচ্ছি। প্রয়োজনীয় পরীক্ষা-নিরীক্ষা করানো উচিত এবং রিপোর্ট অনুযায়ী চিকিৎসা শুরু করা যেতে পারে। এই সময়ে পর্যাপ্ত বিশ্রাম নিন, প্রচুর পানি পান করুন এবং স্বাস্থ্যকর খাবার খান। ডাক্তারের পরামর্শ ছাড়া কোনো ওষুধ সেবন করবেন না। যদি সমস্যা বাড়তে থাকে বা তীব্র হয়, তাহলে দেরি না করে দ্রুত ডাক্তারের শরণাপন্ন হন। আশা করি এই উত্তরটি আপনাকে সাহায্য করবে। আরও কোনো প্রশ্ন থাকলে নির্দ্বিধায় জিজ্ঞাসা করতে পারেন। ধন্যবাদ।"
37726,"হেলো, নাসেনিয়া ডকে আপনাকে স্বাগতম। আপনার অনুসন্ধানের জন্য ধন্যবাদ। আমি আপনার প্রশ্নটি দেখেছি এবং আপনার উদ্বেগ বুঝতে পেরেছি। আমি যথাসাধ্য আপনাকে সাহায্য করার চেষ্টা করব। আপনার বর্ণনা করা লক্ষণগুলো বিভিন্ন কারণে হতে পারে এবং এর সঠিক কারণ নির্ণয়ের জন্য একটি বিস্তারিত পরীক্ষা প্রয়োজন। তাই আমি আপনাকে একজন বিশেষজ্ঞ ডাক্তারের সাথে সরাসরি পরামর্শ করার পরামর্শ দিচ্ছি। প্রয়োজনীয় পরীক্ষা-নিরীক্ষা করানো উচিত এবং রিপোর্ট অনুযায়ী চিকিৎসা শুরু করা যেতে পারে। এই সময়ে পর্যাপ্ত বিশ্রাম নিন, প্রচুর পানি পান করুন এবং স্বাস্থ্যকর খাবার খান। ডাক্তারের পরামর্শ ছাড়া কোনো ওষুধ সেবন করবেন না। যদি সমস্যা বাড়তে থাকে বা তীব্র হয়, তাহলে দেরি না করে দ্রুত ডাক্তারের শরণাপন্ন হন। আশা করি এই উত্তরটি আপনাকে সাহায্য করবে। আরও কোনো প্রশ্ন থাকলে নির্দ্বিধায় জিজ্ঞাসা করতে পারেন। ধন্যবাদ।"
40921,"হেলো, নাসেনিয়া ডকে আপনাকে স্বাগতম। আপনার অনুসন্ধানের জন্য ধন্যবাদ। আমি আপনার প্রশ্নটি দেখেছি এবং আপনার উদ্বেগ বুঝতে পেরেছি। আমি যথাসাধ্য আপনাকে সাহায্য করার চেষ্টা করব। আপনার বর্ণনা করা লক্ষণগুলো বিভিন্ন কারণে হতে পারে এবং এর সঠিক কারণ নির্ণয়ের জন্য একটি বিস্তারিত পরীক্ষা প্রয়োজন। তাই আমি আপনাকে একজন বিশেষজ্ঞ ডাক্তারের সাথে সরাসরি পরামর্শ করার পরামর্শ দিচ্ছি। প্রয়োজনীয় পরীক্ষা-নিরীক্ষা করানো উচিত এবং রিপোর্ট অনুযায়ী চিকিৎসা শুরু করা যেতে পারে। এই সময়ে পর্যাপ্ত বিশ্রাম নিন, প্রচুর পানি পান করুন এবং স্বাস্থ্যকর খাবার খান। ডাক্তারের পরামর্শ ছাড়া কোনো ওষুধ সেবন করবেন না। যদি সমস্যা বাড়তে থাকে বা তীব্র হয়, তাহলে দেরি না করে দ্রুত ডাক্তারের শরণাপন্ন হন। আশা করি এই উত্তরটি আপনাকে সাহায্য করবে। আরও কোনো প্রশ্ন থাকলে নির্দ্বিধায় জিজ্ঞাসা করতে পারেন। ধন্যবাদ।"
50357,"হেলো, নাসেনিয়া ডকে আপনাকে স্বাগতম। আপনার অনুসন্ধানের জন্য ধন্যবাদ। আমি আপনার প্রশ্নটি দেখেছি এবং আপনার উদ্বেগ বুঝতে পেরেছি। আমি যথাসাধ্য আপনাকে সাহায্য করার চেষ্টা করব। আপনার বর্ণনা করা লক্ষণগুলো বিভিন্ন কারণে হতে পারে এবং এর সঠিক কারণ নির্ণয়ের জন্য একটি বিস্তারিত পরীক্ষা প্রয়োজন। তাই আমি আপনাকে একজন বিশেষজ্ঞ ডাক্তারের সাথে সরাসরি পরামর্শ করার পরামর্শ দিচ্ছি। প্রয়োজনীয় পরীক্ষা-নিরীক্ষা করানো উচিত এবং রিপোর্ট অনুযায়ী চিকিৎসা শুরু করা যেতে পারে। এই সময়ে পর্যাপ্ত বিশ্রাম নিন, প্রচুর পানি পান করুন এবং স্বাস্থ্যকর খাবার খান। ডাক্তারের পরামর্শ ছাড়া কোনো ওষুধ সেবন করবেন না। যদি সমস্যা বাড়তে থাকে বা তীব্র হয়, তাহলে দেরি না করে দ্রুত ডাক্তারের শরণাপন্ন হন। আশা করি এই উত্তরটি আপনাকে সাহায্য করবে। আরও কোনো প্রশ্ন থাকলে নির্দ্বিধায় জিজ্ঞাসা করতে পারেন। ধন্যবাদ।"
86628,"হেলো, নাসেনিয়া ডকে আপনাকে স্বাগতম। আপনার অনুসন্ধানের জন্য ধন্যবাদ। আমি আপনার প্রশ্নটি দেখেছি এবং আপনার উদ্বেগ বুঝতে পেরেছি। আমি যথাসাধ্য আপনাকে সাহায্য করার চেষ্টা করব। আপনার বর্ণনা করা লক্ষণগুলো বিভিন্ন কারণে হতে পারে এবং এর সঠিক কারণ নির্ণয়ের জন্য একটি বিস্তারিত পরীক্ষা প্রয়োজন। তাই আমি আপনাকে একজন বিশেষজ্ঞ ডাক্তারের সাথে সরাসরি পরামর্শ করার পরামর্শ দিচ্ছি। প্রয়োজনীয় পরীক্ষা-নিরীক্ষা করানো উচিত এবং রিপোর্ট অনুযায়ী চিকিৎসা শুরু করা যেতে পারে। এই সময়ে পর্যাপ্ত বিশ্রাম নিন, প্রচুর পানি পান করুন এবং স্বাস্থ্যকর খাবার খান। ডাক্তারের পরামর্শ ছাড়া কোনো ওষুধ সেবন করবেন না। যদি সমস্যা বাড়তে থাকে বা তীব্র হয়, তাহলে দেরি না করে দ্রুত ডাক্তারের শরণাপন্ন হন। আশা করি এই উত্তরটি আপনাকে সাহায্য করবে। আরও কোনো প্রশ্ন থাকলে নির্দ্বিধায় জিজ্ঞাসা করতে পারেন। ধন্যবাদ।"
101637,"হেলো, নাসেনিয়া ডকে আপনাকে স্বাগতম। আপনার অনুসন্ধানের জন্য ধন্যবাদ। আমি আপনার প্রশ্নটি দেখেছি এবং আপনার উদ্বেগ বুঝতে পেরেছি। আমি যথাসাধ্য আপনাকে সাহায্য করার চেষ্টা করব। আপনার বর্ণনা করা লক্ষণগুলো বিভিন্ন কারণে হতে পারে এবং এর সঠিক কারণ নির্ণয়ের জন্য একটি বিস্তারিত পরীক্ষা প্রয়োজন। তাই আমি আপনাকে একজন বিশেষজ্ঞ ডাক্তারের সাথে সরাসরি পরামর্শ করার পরামর্শ দিচ্ছি। প্রয়োজনীয় পরীক্ষা-নিরীক্ষা করানো উচিত এবং রিপোর্ট অনুযায়ী চিকিৎসা শুরু করা যেতে পারে। এই সময়ে পর্যাপ্ত বিশ্রাম নিন, প্রচুর পানি পান করুন এবং স্বাস্থ্যকর খাবার খান। ডাক্তারের পরামর্শ ছাড়া কোনো ওষুধ সেবন করবেন না। যদি সমস্যা বাড়তে থাকে বা তীব্র হয়, তাহলে দেরি না করে দ্রুত ডাক্তারের শরণাপন্ন হন। আশা করি এই উত্তরটি আপনাকে সাহায্য করবে। আরও কোনো প্রশ্ন থাকলে নির্দ্বিধায় জিজ্ঞাসা করতে পারেন। ধন্যবাদ।"
32693,"হেলো, নাসেনিয়া ডকে আপনাকে স্বাগতম। আপনার অনুসন্ধানের জন্য ধন্যবাদ। আমি আপনার প্রশ্নটি দেখেছি এবং আপনার উদ্বেগ বুঝতে পেরেছি। আমি যথাসাধ্য আপনাকে সাহায্য করার চেষ্টা করব। আপনার বর্ণনা করা লক্ষণগুলো বিভিন্ন কারণে হতে পারে এবং এর সঠিক কারণ নির্ণয়ের জন্য একটি বিস্তারিত পরীক্ষা প্রয়োজন। তাই আমি আপনাকে একজন বিশেষজ্ঞ ডাক্তারের সাথে সরাসরি পরামর্শ করার পরামর্শ দিচ্ছি। প্রয়োজনীয় পরীক্ষা-নিরীক্ষা করানো উচিত এবং রিপোর্ট অনুযায়ী চিকিৎসা শুরু করা যেতে পারে। এই সময়ে পর্যাপ্ত বিশ্রাম নিন, প্রচুর পানি পান করুন এবং স্বাস্থ্যকর খাবার খান। ডাক্তারের পরামর্শ ছাড়া কোনো ওষুধ সেবন করবেন না। যদি সমস্যা বাড়তে থাকে বা তীব্র হয়, তাহলে দেরি না করে দ্রুত ডাক্তারের শরণাপন্ন হন। আশা করি এই উত্তরটি আপনাকে সাহায্য করবে। আরও কোনো প্রশ্ন থাকলে নির্দ্বিধায় জিজ্ঞাসা করতে পারেন। ধন্যবাদ।"
44939,"হেলো, নাসেনিয়া ডকে আপনাকে স্বাগতম। আপনার অনুসন্ধানের জন্য ধন্যবাদ। আমি আপনার প্রশ্নটি দেখেছি এবং আপনার উদ্বেগ বুঝতে পেরেছি। আমি যথাসাধ্য আপনাকে সাহায্য করার চেষ্টা করব। আপনার বর্ণনা করা লক্ষণগুলো বিভিন্ন কারণে হতে পারে এবং এর সঠিক কারণ নির্ণয়ের জন্য একটি বিস্তারিত পরীক্ষা প্রয়োজন। তাই আমি আপনাকে একজন বিশেষজ্ঞ ডাক্তারের সাথে সরাসরি পরামর্শ করার পরামর্শ দিচ্ছি। প্রয়োজনীয় পরীক্ষা-নিরীক্ষা করানো উচিত এবং রিপোর্ট অনুযায়ী চিকিৎসা শুরু করা যেতে পারে। এই সময়ে পর্যাপ্ত বিশ্রাম নিন, প্রচুর পানি পান করুন এবং স্বাস্থ্যকর খাবার খান। ডাক্তারের পরামর্শ ছাড়া কোনো ওষুধ সেবন করবেন না। যদি সমস্যা বাড়তে থাকে বা তীব্র হয়, তাহলে দেরি না করে দ্রুত ডাক্তারের শরণাপন্ন হন। আশা করি এই উত্তরটি আপনাকে সাহায্য করবে। আরও কোনো প্রশ্ন থাকলে নির্দ্বিধায় জিজ্ঞাসা করতে পারেন। ধন্যবাদ।"
3285,"হেলো, নাসেনিয়া ডকে আপনাকে স্বাগতম। আপনার অনুসন্ধানের জন্য ধন্যবাদ। আমি আপনার প্রশ্নটি দেখেছি এবং আপনার উদ্বেগ বুঝতে পেরেছি। আমি যথাসাধ্য আপনাকে সাহায্য করার চেষ্টা করব। আপনার বর্ণনা করা লক্ষণগুলো বিভিন্ন কারণে হতে পারে এবং এর সঠিক কারণ নির্ণয়ের জন্য একটি বিস্তারিত পরীক্ষা প্রয়োজন। তাই আমি আপনাকে একজন বিশেষজ্ঞ ডাক্তারের সাথে সরাসরি পরামর্শ করার পরামর্শ দিচ্ছি। প্রয়োজনীয় পরীক্ষা-নিরীক্ষা করানো উচিত এবং রিপোর্ট অনুযায়ী চিকিৎসা শুরু করা যেতে পারে। এই সময়ে পর্যাপ্ত বিশ্রাম নিন, প্রচুর পানি পান করুন এবং স্বাস্থ্যকর খাবার খান। ডাক্তারের পরামর্শ ছাড়া কোনো ওষুধ সেবন করবেন না। যদি সমস্যা বাড়তে থাকে বা তীব্র হয়, তাহলে দেরি না করে দ্রুত ডাক্তারের শরণাপন্ন হন। আশা করি এই উত্তরটি আপনাকে সাহায্য করবে। আরও কোনো প্রশ্ন থাকলে নির্দ্বিধায় জিজ্ঞাসা করতে পারেন। ধন্যবাদ।"
63425,"হেলো, নাসেনিয়া ডকে আপনাকে স্বাগতম। আপনার অনুসন্ধানের জন্য ধন্যবাদ। আমি আপনার প্রশ্নটি দেখেছি এবং আপনার উদ্বেগ বুঝতে পেরেছি। আমি যথাসাধ্য আপনাকে সাহায্য করার চেষ্টা করব। আপনার বর্ণনা করা লক্ষণগুলো বিভিন্ন কারণে হতে পারে এবং এর সঠিক কারণ নির্ণয়ের জন্য একটি বিস্তারিত পরীক্ষা প্রয়োজন। তাই আমি আপনাকে একজন বিশেষজ্ঞ ডাক্তারের সাথে সরাসরি পরামর্শ করার পরামর্শ দিচ্ছি। প্রয়োজনীয় পরীক্ষা-নিরীক্ষা করানো উচিত এবং রিপোর্ট অনুযায়ী চিকিৎসা শুরু করা যেতে পারে। এই সময়ে পর্যাপ্ত বিশ্রাম নিন, প্রচুর পানি পান করুন এবং স্বাস্থ্যকর খাবার খান। ডাক্তারের পরামর্শ ছাড়া কোনো ওষুধ সেবন করবেন না। যদি সমস্যা বাড়তে থাকে বা তীব্র হয়, তাহলে দেরি না করে দ্রুত ডাক্তারের শরণাপন্ন হন। আশা করি এই উত্তরটি আপনাকে সাহায্য করবে। আরও কোনো প্রশ্ন থাকলে নির্দ্বিধায় জিজ্ঞাসা করতে পারেন। ধন্যবাদ।"
23145,"হেলো, নাসেনিয়া ডকে আপনাকে স্বাগতম। আপনার অনুসন্ধানের জন্য ধন্যবাদ। আমি আপনার প্রশ্নটি দেখেছি এবং আপনার উদ্বেগ বুঝতে পেরেছি। আমি যথাসাধ্য আপনাকে সাহায্য করার চেষ্টা করব। আপনার বর্ণনা করা লক্ষণগুলো বিভিন্ন কারণে হতে পারে এবং এর সঠিক কারণ নির্ণয়ের জন্য একটি বিস্তারিত পরীক্ষা প্রয়োজন। তাই আমি আপনাকে একজন বিশেষজ্ঞ ডাক্তারের সাথে সরাসরি পরামর্শ করার পরামর্শ দিচ্ছি। প্রয়োজনীয় পরীক্ষা-নিরীক্ষা করানো উচিত এবং রিপোর্ট অনুযায়ী চিকিৎসা শুরু করা যেতে পারে। এই সময়ে পর্যাপ্ত বিশ্রাম নিন, প্রচুর পানি পান করুন এবং স্বাস্থ্যকর খাবার খান। ডাক্তারের পরামর্শ ছাড়া কোনো ওষুধ সেবন করবেন না। যদি সমস্যা বাড়তে থাকে বা তীব্র হয়, তাহলে দেরি না করে দ্রুত ডাক্তারের শরণাপন্ন হন। আশা করি এই উত্তরটি আপনাকে সাহায্য করবে। আরও কোনো প্রশ্ন থাকলে নির্দ্বিধায় জিজ্ঞাসা করতে পারেন। ধন্যবাদ।"
109517,"হেলো, নাসেনিয়া ডকে আপনাকে স্বাগতম। আপনার অনুসন্ধানের জন্য ধন্যবাদ। আমি আপনার প্রশ্নটি দেখেছি এবং আপনার উদ্বেগ বুঝতে পেরেছি। আমি যথাসাধ্য আপনাকে সাহায্য করার চেষ্টা করব। আপনার বর্ণনা করা লক্ষণগুলো বিভিন্ন কারণে হতে পারে এবং এর সঠিক কারণ নির্ণয়ের জন্য একটি বিস্তারিত পরীক্ষা প্রয়োজন। তাই আমি আপনাকে একজন বিশেষজ্ঞ ডাক্তারের সাথে সরাসরি পরামর্শ করার পরামর্শ দিচ্ছি। প্রয়োজনীয় পরীক্ষা-নিরীক্ষা করানো উচিত এবং রিপোর্ট অনুযায়ী চিকিৎসা শুরু করা যেতে পারে। এই সময়ে পর্যাপ্ত বিশ্রাম নিন, প্রচুর পানি পান করুন এবং স্বাস্থ্যকর খাবার খান। ডাক্তারের পরামর্শ ছাড়া কোনো ওষুধ সেবন করবেন না। যদি সমস্যা বাড়তে থাকে বা তীব্র হয়, তাহলে দেরি না করে দ্রুত ডাক্তারের শরণাপন্ন হন। আশা করি এই উত্তরটি আপনাকে সাহায্য করবে। আরও কোনো প্রশ্ন থাকলে নির্দ্বিধায় জিজ্ঞাসা করতে পারেন। ধন্যবাদ।"
93307,"হেলো, নাসেনিয়া ডকে আপনাকে স্বাগতম। আপনার অনুসন্ধানের জন্য ধন্যবাদ। আমি আপনার প্রশ্নটি দেখেছি এবং আপনার উদ্বেগ বুঝতে পেরেছি। আমি যথাসাধ্য আপনাকে সাহায্য করার চেষ্টা করব। আপনার বর্ণনা করা লক্ষণগুলো বিভিন্ন কারণে হতে পারে এবং এর সঠিক কারণ নির্ণয়ের জন্য একটি বিস্তারিত পরীক্ষা প্রয়োজন। তাই আমি আপনাকে একজন বিশেষজ্ঞ ডাক্তারের সাথে সরাসরি পরামর্শ করার পরামর্শ দিচ্ছি। প্রয়োজনীয় পরীক্ষা-নিরীক্ষা করানো উচিত এবং রিপোর্ট অনুযায়ী চিকিৎসা শুরু করা যেতে পারে। এই সময়ে পর্যাপ্ত বিশ্রাম নিন, প্রচুর পানি পান করুন এবং স্বাস্থ্যকর খাবার খান। ডাক্তারের পরামর্শ ছাড়া কোনো ওষুধ সেবন করবেন না। যদি সমস্যা বাড়তে থাকে বা তীব্র হয়, তাহলে দেরি না করে দ্রুত ডাক্তারের শরণাপন্ন হন। আশা করি এই উত্তরটি আপনাকে সাহায্য করবে। আরও কোনো প্রশ্ন থাকলে নির্দ্বিধায় জিজ্ঞাসা করতে পারেন। ধন্যবাদ।"
62680,"হেলো, নাসেনিয়া ডকে আপনাকে স্বাগতম। আপনার অনুসন্ধানের জন্য ধন্যবাদ। আমি আপনার প্রশ্নটি দেখেছি এবং আপনার উদ্বেগ বুঝতে পেরেছি। আমি যথাসাধ্য আপনাকে সাহায্য করার চেষ্টা করব। আপনার বর্ণনা করা লক্ষণগুলো বিভিন্ন কারণে হতে পারে এবং এর সঠিক কারণ নির্ণয়ের জন্য একটি বিস্তারিত পরীক্ষা প্রয়োজন। তাই আমি আপনাকে একজন বিশেষজ্ঞ ডাক্তারের সাথে সরাসরি পরামর্শ করার পরামর্শ দিচ্ছি। প্রয়োজনীয় পরীক্ষা-নিরীক্ষা করানো উচিত এবং রিপোর্ট অনুযায়ী চিকিৎসা শুরু করা যেতে পারে। এই সময়ে পর্যাপ্ত বিশ্রাম নিন, প্রচুর পানি পান করুন এবং স্বাস্থ্যকর খাবার খান। ডাক্তারের পরামর্শ ছাড়া কোনো ওষুধ সেবন করবেন না। যদি সমস্যা বাড়তে থাকে বা তীব্র হয়, তাহলে দেরি না করে দ্রুত ডাক্তারের শরণাপন্ন হন। আশা করি এই উত্তরটি আপনাকে সাহায্য করবে। আরও কোনো প্রশ্ন থাকলে নির্দ্বিধায় জিজ্ঞাসা করতে পারেন। ধন্যবাদ।"
83602,"হেলো, নাসেনিয়া ডকে আপনাকে স্বাগতম। আপনার অনুসন্ধানের জন্য ধন্যবাদ। আমি আপনার প্রশ্নটি দেখেছি এবং আপনার উদ্বেগ বুঝতে পেরেছি। আমি যথাসাধ্য আপনাকে সাহায্য করার চেষ্টা করব। আপনার বর্ণনা করা লক্ষণগুলো বিভিন্ন কারণে হতে পারে এবং এর সঠিক কারণ নির্ণয়ের জন্য একটি বিস্তারিত পরীক্ষা প্রয়োজন। তাই আমি আপনাকে একজন বিশেষজ্ঞ ডাক্তারের সাথে সরাসরি পরামর্শ করার পরামর্শ দিচ্ছি। প্রয়োজনীয় পরীক্ষা-নিরীক্ষা করানো উচিত এবং রিপোর্ট অনুযায়ী চিকিৎসা শুরু করা যেতে পারে। এই সময়ে পর্যাপ্ত বিশ্রাম নিন, প্রচুর পানি পান করুন এবং স্বাস্থ্যকর খাবার খান। ডাক্তারের পরামর্শ ছাড়া কোনো ওষুধ সেবন করবেন না। যদি সমস্যা বাড়তে থাকে বা তীব্র হয়, তাহলে দেরি না করে দ্রুত ডাক্তারের শরণাপন্ন হন। আশা করি এই উত্তরটি আপনাকে সাহায্য করবে। আরও কোনো প্রশ্ন থাকলে নির্দ্বিধায় জিজ্ঞাসা করতে পারেন। ধন্যবাদ।"
60260,"হেলো, নাসেনিয়া ডকে আপনাকে স্বাগতম। আপনার অনুসন্ধানের জন্য ধন্যবাদ। আমি আপনার প্রশ্নটি দেখেছি এবং আপনার উদ্বেগ বুঝতে পেরেছি। আমি যথাসাধ্য আপনাকে সাহায্য করার চেষ্টা করব। আপনার বর্ণনা করা লক্ষণগুলো বিভিন্ন কারণে হতে পারে এবং এর সঠিক কারণ নির্ণয়ের জন্য একটি বিস্তারিত পরীক্ষা প্রয়োজন। তাই আমি আপনাকে একজন বিশেষজ্ঞ ডাক্তারের সাথে সরাসরি পরামর্শ করার পরামর্শ দিচ্ছি। প্রয়োজনীয় পরীক্ষা-নিরীক্ষা করানো উচিত এবং রিপোর্ট অনুযায়ী চিকিৎসা শুরু করা যেতে পারে। এই সময়ে পর্যাপ্ত বিশ্রাম নিন, প্রচুর পানি পান করুন এবং স্বাস্থ্যকর খাবার খান। ডাক্তারের পরামর্শ ছাড়া কোনো ওষুধ সেবন করবেন না। যদি সমস্যা বাড়তে থাকে বা তীব্র হয়, তাহলে দেরি না করে দ্রুত ডাক্তারের শরণাপন্ন হন। আশা করি এই উত্তরটি আপনাকে সাহায্য করবে। আরও কোনো প্রশ্ন থাকলে নির্দ্বিধায় জিজ্ঞাসা করতে পারেন। ধন্যবাদ।"
108357,"হেলো, নাসেনিয়া ডকে আপনাকে স্বাগতম। আপনার অনুসন্ধানের জন্য ধন্যবাদ। আমি আপনার প্রশ্নটি দেখেছি এবং আপনার উদ্বেগ বুঝতে পেরেছি। আমি যথাসাধ্য আপনাকে সাহায্য করার চেষ্টা করব। আপনার বর্ণনা করা লক্ষণগুলো বিভিন্ন কারণে হতে পারে এবং এর সঠিক কারণ নির্ণয়ের জন্য একটি বিস্তারিত পরীক্ষা প্রয়োজন। তাই আমি আপনাকে একজন বিশেষজ্ঞ ডাক্তারের সাথে সরাসরি পরামর্শ করার পরামর্শ দিচ্ছি। প্রয়োজনীয় পরীক্ষা-নিরীক্ষা করানো উচিত এবং রিপোর্ট অনুযায়ী চিকিৎসা শুরু করা যেতে পারে। এই সময়ে পর্যাপ্ত বিশ্রাম নিন, প্রচুর পানি পান করুন এবং স্বাস্থ্যকর খাবার খান। ডাক্তারের পরামর্শ ছাড়া কোনো ওষুধ সেবন করবেন না। যদি সমস্যা বাড়তে থাকে বা তীব্র হয়, তাহলে দেরি না করে দ্রুত ডাক্তারের শরণাপন্ন হন। আশা করি এই উত্তরটি আপনাকে সাহায্য করবে। আরও কোনো প্রশ্ন থাকলে নির্দ্বিধায় জিজ্ঞাসা করতে পারেন। ধন্যবাদ।"
32329,"হেলো, নাসেনিয়া ডকে আপনাকে স্বাগতম। আপনার অনুসন্ধানের জন্য ধন্যবাদ। আমি আপনার প্রশ্নটি দেখেছি এবং আপনার উদ্বেগ বুঝতে পেরেছি। আমি যথাসাধ্য আপনাকে সাহায্য করার চেষ্টা করব। আপনার বর্ণনা করা লক্ষণগুলো বিভিন্ন কারণে হতে পারে এবং এর সঠিক কারণ নির্ণয়ের জন্য একটি বিস্তারিত পরীক্ষা প্রয়োজন। তাই আমি আপনাকে একজন বিশেষজ্ঞ ডাক্তারের সাথে সরাসরি পরামর্শ করার পরামর্শ দিচ্ছি। প্রয়োজনীয় পরীক্ষা-নিরীক্ষা করানো উচিত এবং রিপোর্ট অনুযায়ী চিকিৎসা শুরু করা যেতে পারে। এই সময়ে পর্যাপ্ত বিশ্রাম নিন, প্রচুর পানি পান করুন এবং স্বাস্থ্যকর খাবার খান। ডাক্তারের পরামর্শ ছাড়া কোনো ওষুধ সেবন করবেন না। যদি সমস্যা বাড়তে থাকে বা তীব্র হয়, তাহলে দেরি না করে দ্রুত ডাক্তারের শরণাপন্ন হন। আশা করি এই উত্তরটি আপনাকে সাহায্য করবে। আরও কোনো প্রশ্ন থাকলে নির্দ্বিধায় জিজ্ঞাসা করতে পারেন। ধন্যবাদ।"
27759,"হেলো, নাসেনিয়া ডকে আপনাকে স্বাগতম। আপনার অনুসন্ধানের জন্য ধন্যবাদ। আমি আপনার প্রশ্নটি দেখেছি এবং আপনার উদ্বেগ বুঝতে পেরেছি। আমি যথাসাধ্য আপনাকে সাহায্য করার চেষ্টা করব। আপনার বর্ণনা করা লক্ষণগুলো বিভিন্ন কারণে হতে পারে এবং এর সঠিক কারণ নির্ণয়ের জন্য একটি বিস্তারিত পরীক্ষা প্রয়োজন। তাই আমি আপনাকে একজন বিশেষজ্ঞ ডাক্তারের সাথে সরাসরি পরামর্শ করার পরামর্শ দিচ্ছি। প্রয়োজনীয় পরীক্ষা-নিরীক্ষা করানো উচিত এবং রিপোর্ট অনুযায়ী চিকিৎসা শুরু করা যেতে পারে। এই সময়ে পর্যাপ্ত বিশ্রাম নিন, প্রচুর পানি পান করুন এবং স্বাস্থ্যকর খাবার খান। ডাক্তারের পরামর্শ ছাড়া কোনো ওষুধ সেবন করবেন না। যদি সমস্যা বাড়তে থাকে বা তীব্র হয়, তাহলে দেরি না করে দ্রুত ডাক্তারের শরণাপন্ন হন। আশা করি এই উত্তরটি আপনাকে সাহায্য করবে। আরও কোনো প্রশ্ন থাকলে নির্দ্বিধায় জিজ্ঞাসা করতে পারেন। ধন্যবাদ।"
32680,"হেলো, নাসেনিয়া ডকে আপনাকে স্বাগতম। আপনার অনুসন্ধানের জন্য ধন্যবাদ। আমি আপনার প্রশ্নটি দেখেছি এবং আপনার উদ্বেগ বুঝতে পেরেছি। আমি যথাসাধ্য আপনাকে সাহায্য করার চেষ্টা করব। আপনার বর্ণনা করা লক্ষণগুলো বিভিন্ন কারণে হতে পারে এবং এর সঠিক কারণ নির্ণয়ের জন্য একটি বিস্তারিত পরীক্ষা প্রয়োজন। তাই আমি আপনাকে একজন বিশেষজ্ঞ ডাক্তারের সাথে সরাসরি পরামর্শ করার পরামর্শ দিচ্ছি। প্রয়োজনীয় পরীক্ষা-নিরীক্ষা করানো উচিত এবং রিপোর্ট অনুযায়ী চিকিৎসা শুরু করা যেতে পারে। এই সময়ে পর্যাপ্ত বিশ্রাম নিন, প্রচুর পানি পান করুন এবং স্বাস্থ্যকর খাবার খান। ডাক্তারের পরামর্শ ছাড়া কোনো ওষুধ সেবন করবেন না। যদি সমস্যা বাড়তে থাকে বা তীব্র হয়, তাহলে দেরি না করে দ্রুত ডাক্তারের শরণাপন্ন হন। আশা করি এই উত্তরটি আপনাকে সাহায্য করবে। আরও কোনো প্রশ্ন থাকলে নির্দ্বিধায় জিজ্ঞাসা করতে পারেন। ধন্যবাদ।"
22287,"হেলো, নাসেনিয়া ডকে আপনাকে স্বাগতম। আপনার অনুসন্ধানের জন্য ধন্যবাদ। আমি আপনার প্রশ্নটি দেখেছি এবং আপনার উদ্বেগ বুঝতে পেরেছি। আমি যথাসাধ্য আপনাকে সাহায্য করার চেষ্টা করব। আপনার বর্ণনা করা লক্ষণগুলো বিভিন্ন কারণে হতে পারে এবং এর সঠিক কারণ নির্ণয়ের জন্য একটি বিস্তারিত পরীক্ষা প্রয়োজন। তাই আমি আপনাকে একজন বিশেষজ্ঞ ডাক্তারের সাথে সরাসরি পরামর্শ করার পরামর্শ দিচ্ছি। প্রয়োজনীয় পরীক্ষা-নিরীক্ষা করানো উচিত এবং রিপোর্ট অনুযায়ী চিকিৎসা শুরু করা যেতে পারে। এই সময়ে পর্যাপ্ত বিশ্রাম নিন, প্রচুর পানি পান করুন এবং স্বাস্থ্যকর খাবার খান। ডাক্তারের পরামর্শ ছাড়া কোনো ওষুধ সেবন করবেন না। যদি সমস্যা বাড়তে থাকে বা তীব্র হয়, তাহলে দেরি না করে দ্রুত ডাক্তারের শরণাপন্ন হন। আশা করি এই উত্তরটি আপনাকে সাহায্য করবে। আরও কোনো প্রশ্ন থাকলে নির্দ্বিধায় জিজ্ঞাসা করতে পারেন। ধন্যবাদ।"
44136,"হেলো, নাসেনিয়া ডকে আপনাকে স্বাগতম। আপনার অনুসন্ধানের জন্য ধন্যবাদ। আমি আপনার প্রশ্নটি দেখেছি এবং আপনার উদ্বেগ বুঝতে পেরেছি। আমি যথাসাধ্য আপনাকে সাহায্য করার চেষ্টা করব। আপনার বর্ণনা করা লক্ষণগুলো বিভিন্ন কারণে হতে পারে এবং এর সঠিক কারণ নির্ণয়ের জন্য একটি বিস্তারিত পরীক্ষা প্রয়োজন। তাই আমি আপনাকে একজন বিশেষজ্ঞ ডাক্তারের সাথে সরাসরি পরামর্শ করার পরামর্শ দিচ্ছি। প্রয়োজনীয় পরীক্ষা-নিরীক্ষা করানো উচিত এবং রিপোর্ট অনুযায়ী চিকিৎসা শুরু করা যেতে পারে। এই সময়ে পর্যাপ্ত বিশ্রাম নিন, প্রচুর পানি পান করুন এবং স্বাস্থ্যকর খাবার খান। ডাক্তারের পরামর্শ ছাড়া কোনো ওষুধ সেবন করবেন না। যদি সমস্যা বাড়তে থাকে বা তীব্র হয়, তাহলে দেরি না করে দ্রুত ডাক্তারের শরণাপন্ন হন। আশা করি এই উত্তরটি আপনাকে সাহায্য করবে। আরও কোনো প্রশ্ন থাকলে নির্দ্বিধায় জিজ্ঞাসা করতে পারেন। ধন্যবাদ।"
29580,"হেলো, নাসেনিয়া ডকে আপনাকে স্বাগতম। আপনার অনুসন্ধানের জন্য ধন্যবাদ। আমি আপনার প্রশ্নটি দেখেছি এবং আপনার উদ্বেগ বুঝতে পেরেছি। আমি যথাসাধ্য আপনাকে সাহায্য করার চেষ্টা করব। আপনার বর্ণনা করা লক্ষণগুলো বিভিন্ন কারণে হতে পারে এবং এর সঠিক কারণ নির্ণয়ের জন্য একটি বিস্তারিত পরীক্ষা প্রয়োজন। তাই আমি আপনাকে একজন বিশেষজ্ঞ ডাক্তারের সাথে সরাসরি পরামর্শ করার পরামর্শ দিচ্ছি। প্রয়োজনীয় পরীক্ষা-নিরীক্ষা করানো উচিত এবং রিপোর্ট অনুযায়ী চিকিৎসা শুরু করা যেতে পারে। এই সময়ে পর্যাপ্ত বিশ্রাম নিন, প্রচুর পানি পান করুন এবং স্বাস্থ্যকর খাবার খান। ডাক্তারের পরামর্শ ছাড়া কোনো ওষুধ সেবন করবেন না। যদি সমস্যা বাড়তে থাকে বা তীব্র হয়, তাহলে দেরি না করে দ্রুত ডাক্তারের শরণাপন্ন হন। আশা করি এই উত্তরটি আপনাকে সাহায্য করবে। আরও কোনো প্রশ্ন থাকলে নির্দ্বিধায় জিজ্ঞাসা করতে পারেন। ধন্যবাদ।"
51518,"হেলো, নাসেনিয়া ডকে আপনাকে স্বাগতম। আপনার অনুসন্ধানের জন্য ধন্যবাদ। আমি আপনার প্রশ্নটি দেখেছি এবং আপনার উদ্বেগ বুঝতে পেরেছি। আমি যথাসাধ্য আপনাকে সাহায্য করার চেষ্টা করব। আপনার বর্ণনা করা লক্ষণগুলো বিভিন্ন কারণে হতে পারে এবং এর সঠিক কারণ নির্ণয়ের জন্য একটি বিস্তারিত পরীক্ষা প্রয়োজন। তাই আমি আপনাকে একজন বিশেষজ্ঞ ডাক্তারের সাথে সরাসরি পরামর্শ করার পরামর্শ দিচ্ছি। প্রয়োজনীয় পরীক্ষা-নিরীক্ষা করানো উচিত এবং রিপোর্ট অনুযায়ী চিকিৎসা শুরু করা যেতে পারে। এই সময়ে পর্যাপ্ত বিশ্রাম নিন, প্রচুর পানি পান করুন এবং স্বাস্থ্যকর খাবার খান। ডাক্তারের পরামর্শ ছাড়া কোনো ওষুধ সেবন করবেন না। যদি সমস্যা বাড়তে থাকে বা তীব্র হয়, তাহলে দেরি না করে দ্রুত ডাক্তারের শরণাপন্ন হন। আশা করি এই উত্তরটি আপনাকে সাহায্য করবে। আরও কোনো প্রশ্ন থাকলে নির্দ্বিধায় জিজ্ঞাসা করতে পারেন। ধন্যবাদ।"
52774,"হেলো, নাসেনিয়া ডকে আপনাকে স্বাগতম। আপনার অনুসন্ধানের জন্য ধন্যবাদ। আমি আপনার প্রশ্নটি দেখেছি এবং আপনার উদ্বেগ বুঝতে পেরেছি। আমি যথাসাধ্য আপনাকে সাহায্য করার চেষ্টা করব। আপনার বর্ণনা করা লক্ষণগুলো বিভিন্ন কারণে হতে পারে এবং এর সঠিক কারণ নির্ণয়ের জন্য একটি বিস্তারিত পরীক্ষা প্রয়োজন। তাই আমি আপনাকে একজন বিশেষজ্ঞ ডাক্তারের সাথে সরাসরি পরামর্শ করার পরামর্শ দিচ্ছি। প্রয়োজনীয় পরীক্ষা-নিরীক্ষা করানো উচিত এবং রিপোর্ট অনুযায়ী চিকিৎসা শুরু করা যেতে পারে। এই সময়ে পর্যাপ্ত বিশ্রাম নিন, প্রচুর পানি পান করুন এবং স্বাস্থ্যকর খাবার খান। ডাক্তারের পরামর্শ ছাড়া কোনো ওষুধ সেবন করবেন না। যদি সমস্যা বাড়তে থাকে বা তীব্র হয়, তাহলে দেরি না করে দ্রুত ডাক্তারের শরণাপন্ন হন। আশা করি এই উত্তরটি আপনাকে সাহায্য করবে। আরও কোনো প্রশ্ন থাকলে নির্দ্বিধায় জিজ্ঞাসা করতে পারেন। ধন্যবাদ।"
5216,"হেলো, নাসেনিয়া ডকে আপনাকে স্বাগতম। আপনার অনুসন্ধানের জন্য ধন্যবাদ। আমি আপনার প্রশ্নটি দেখেছি এবং আপনার উদ্বেগ বুঝতে পেরেছি। আমি যথাসাধ্য আপনাকে সাহায্য করার চেষ্টা করব। আপনার বর্ণনা করা লক্ষণগুলো বিভিন্ন কারণে হতে পারে এবং এর সঠিক কারণ নির্ণয়ের জন্য একটি বিস্তারিত পরীক্ষা প্রয়োজন। তাই আমি আপনাকে একজন বিশেষজ্ঞ ডাক্তারের সাথে সরাসরি পরামর্শ করার পরামর্শ দিচ্ছি। প্রয়োজনীয় পরীক্ষা-নিরীক্ষা করানো উচিত এবং রিপোর্ট অনুযায়ী চিকিৎসা শুরু করা যেতে পারে। এই সময়ে পর্যাপ্ত বিশ্রাম নিন, প্রচুর পানি পান করুন এবং স্বাস্থ্যকর খাবার খান। ডাক্তারের পরামর্শ ছাড়া কোনো ওষুধ সেবন করবেন না। যদি সমস্যা বাড়তে থাকে বা তীব্র হয়, তাহলে দেরি না করে দ্রুত ডাক্তারের শরণাপন্ন হন। আশা করি এই উত্তরটি আপনাকে সাহায্য করবে। আরও কোনো প্রশ্ন থাকলে নির্দ্বিধায় জিজ্ঞাসা করতে পারেন। ধন্যবাদ।"
877,"হেলো, নাসেনিয়া ডকে আপনাকে স্বাগতম। আপনার অনুসন্ধানের জন্য ধন্যবাদ। আমি আপনার প্রশ্নটি দেখেছি এবং আপনার উদ্বেগ বুঝতে পেরেছি। আমি যথাসাধ্য আপনাকে সাহায্য করার চেষ্টা করব। আপনার বর্ণনা করা লক্ষণগুলো বিভিন্ন কারণে হতে পারে এবং এর সঠিক কারণ নির্ণয়ের জন্য একটি বিস্তারিত পরীক্ষা প্রয়োজন। তাই আমি আপনাকে একজন বিশেষজ্ঞ ডাক্তারের সাথে সরাসরি পরামর্শ করার পরামর্শ দিচ্ছি। প্রয়োজনীয় পরীক্ষা-নিরীক্ষা করানো উচিত এবং রিপোর্ট অনুযায়ী চিকিৎসা শুরু করা যেতে পারে। এই সময়ে পর্যাপ্ত বিশ্রাম নিন, প্রচুর পানি পান করুন এবং স্বাস্থ্যকর খাবার খান। ডাক্তারের পরামর্শ ছাড়া কোনো ওষুধ সেবন করবেন না। যদি সমস্যা বাড়তে থাকে বা তীব্র হয়, তাহলে দেরি না করে দ্রুত ডাক্তারের শরণাপন্ন হন। আশা করি এই উত্তরটি আপনাকে সাহায্য করবে। আরও কোনো প্রশ্ন থাকলে নির্দ্বিধায় জিজ্ঞাসা করতে পারেন। ধন্যবাদ।"
99051,"হেলো, নাসেনিয়া ডকে আপনাকে স্বাগতম। আপনার অনুসন্ধানের জন্য ধন্যবাদ। আমি আপনার প্রশ্নটি দেখেছি এবং আপনার উদ্বেগ বুঝতে পেরেছি। আমি যথাসাধ্য আপনাকে সাহায্য করার চেষ্টা করব। আপনার বর্ণনা করা লক্ষণগুলো বিভিন্ন কারণে হতে পারে এবং এর সঠিক কারণ নির্ণয়ের জন্য একটি বিস্তারিত পরীক্ষা প্রয়োজন। তাই আমি আপনাকে একজন বিশেষজ্ঞ ডাক্তারের সাথে সরাসরি পরামর্শ করার পরামর্শ দিচ্ছি। প্রয়োজনীয় পরীক্ষা-নিরীক্ষা করানো উচিত এবং রিপোর্ট অনুযায়ী চিকিৎসা শুরু করা যেতে পারে। এই সময়ে পর্যাপ্ত বিশ্রাম নিন, প্রচুর পানি পান করুন এবং স্বাস্থ্যকর খাবার খান। ডাক্তারের পরামর্শ ছাড়া কোনো ওষুধ সেবন করবেন না। যদি সমস্যা বাড়তে থাকে বা তীব্র হয়, তাহলে দেরি না করে দ্রুত ডাক্তারের শরণাপন্ন হন। আশা করি এই উত্তরটি আপনাকে সাহায্য করবে। আরও কোনো প্রশ্ন থাকলে নির্দ্বিধায় জিজ্ঞাসা করতে পারেন। ধন্যবাদ।"
75550,"হেলো, নাসেনিয়া ডকে আপনাকে স্বাগতম। আপনার অনুসন্ধানের জন্য ধন্যবাদ। আমি আপনার প্রশ্নটি দেখেছি এবং আপনার উদ্বেগ বুঝতে পেরেছি। আমি যথাসাধ্য আপনাকে সাহায্য করার চেষ্টা করব। আপনার বর্ণনা করা লক্ষণগুলো বিভিন্ন কারণে হতে পারে এবং এর সঠিক কারণ নির্ণয়ের জন্য একটি বিস্তারিত পরীক্ষা প্রয়োজন। তাই আমি আপনাকে একজন বিশেষজ্ঞ ডাক্তারের সাথে সরাসরি পরামর্শ করার পরামর্শ দিচ্ছি। প্রয়োজনীয় পরীক্ষা-নিরীক্ষা করানো উচিত এবং রিপোর্ট অনুযায়ী চিকিৎসা শুরু করা যেতে পারে। এই সময়ে পর্যাপ্ত বিশ্রাম নিন, প্রচুর পানি পান করুন এবং স্বাস্থ্যকর খাবার খান। ডাক্তারের পরামর্শ ছাড়া কোনো ওষুধ সেবন করবেন না। যদি সমস্যা বাড়তে থাকে বা তীব্র হয়, তাহলে দেরি না করে দ্রুত ডাক্তারের শরণাপন্ন হন। আশা করি এই উত্তরটি আপনাকে সাহায্য করবে। আরও কোনো প্রশ্ন থাকলে নির্দ্বিধায় জিজ্ঞাসা করতে পারেন। ধন্যবাদ।"
72124,"হেলো, নাসেনিয়া ডকে আপনাকে স্বাগতম। আপনার অনুসন্ধানের জন্য ধন্যবাদ। আমি আপনার প্রশ্নটি দেখেছি এবং আপনার উদ্বেগ বুঝতে পেরেছি। আমি যথাসাধ্য আপনাকে সাহায্য করার চেষ্টা করব। আপনার বর্ণনা করা লক্ষণগুলো বিভিন্ন কারণে হতে পারে এবং এর সঠিক কারণ নির্ণয়ের জন্য একটি বিস্তারিত পরীক্ষা প্রয়োজন। তাই আমি আপনাকে একজন বিশেষজ্ঞ ডাক্তারের সাথে সরাসরি পরামর্শ করার পরামর্শ দিচ্ছি। প্রয়োজনীয় পরীক্ষা-নিরীক্ষা করানো উচিত এবং রিপোর্ট অনুযায়ী চিকিৎসা শুরু করা যেতে পারে। এই সময়ে পর্যাপ্ত বিশ্রাম নিন, প্রচুর পানি পান করুন এবং স্বাস্থ্যকর খাবার খান। ডাক্তারের পরামর্শ ছাড়া কোনো ওষুধ সেবন করবেন না। যদি সমস্যা বাড়তে থাকে বা তীব্র হয়, তাহলে দেরি না করে দ্রুত ডাক্তারের শরণাপন্ন হন। আশা করি এই উত্তরটি আপনাকে সাহায্য করবে। আরও কোনো প্রশ্ন থাকলে নির্দ্বিধায় জিজ্ঞাসা করতে পারেন। ধন্যবাদ।"
80510,"হেলো, নাসেনিয়া ডকে আপনাকে স্বাগতম। আপনার অনুসন্ধানের জন্য ধন্যবাদ। আমি আপনার প্রশ্নটি দেখেছি এবং আপনার উদ্বেগ বুঝতে পেরেছি। আমি যথাসাধ্য আপনাকে সাহায্য করার চেষ্টা করব। আপনার বর্ণনা করা লক্ষণগুলো বিভিন্ন কারণে হতে পারে এবং এর সঠিক কারণ নির্ণয়ের জন্য একটি বিস্তারিত পরীক্ষা প্রয়োজন। তাই আমি আপনাকে একজন বিশেষজ্ঞ ডাক্তারের সাথে সরাসরি পরামর্শ করার পরামর্শ দিচ্ছি। প্রয়োজনীয় পরীক্ষা-নিরীক্ষা করানো উচিত এবং রিপোর্ট অনুযায়ী চিকিৎসা শুরু করা যেতে পারে। এই সময়ে পর্যাপ্ত বিশ্রাম নিন, প্রচুর পানি পান করুন এবং স্বাস্থ্যকর খাবার খান। ডাক্তারের পরামর্শ ছাড়া কোনো ওষুধ সেবন করবেন না। যদি সমস্যা বাড়তে থাকে বা তীব্র হয়, তাহলে দেরি না করে দ্রুত ডাক্তারের শরণাপন্ন হন। আশা করি এই উত্তরটি আপনাকে সাহায্য করবে। আরও কোনো প্রশ্ন থাকলে নির্দ্বিধায় জিজ্ঞাসা করতে পারেন। ধন্যবাদ।"
47374,"হেলো, নাসেনিয়া ডকে আপনাকে স্বাগতম। আপনার অনুসন্ধানের জন্য ধন্যবাদ। আমি আপনার প্রশ্নটি দেখেছি এবং আপনার উদ্বেগ বুঝতে পেরেছি। আমি যথাসাধ্য আপনাকে সাহায্য করার চেষ্টা করব। আপনার বর্ণনা করা লক্ষণগুলো বিভিন্ন কারণে হতে পারে এবং এর সঠিক কারণ নির্ণয়ের জন্য একটি বিস্তারিত পরীক্ষা প্রয়োজন। তাই আমি আপনাকে একজন বিশেষজ্ঞ ডাক্তারের সাথে সরাসরি পরামর্শ করার পরামর্শ দিচ্ছি। প্রয়োজনীয় পরীক্ষা-নিরীক্ষা করানো উচিত এবং রিপোর্ট অনুযায়ী চিকিৎসা শুরু করা যেতে পারে। এই সময়ে পর্যাপ্ত বিশ্রাম নিন, প্রচুর পানি পান করুন এবং স্বাস্থ্যকর খাবার খান। ডাক্তারের পরামর্শ ছাড়া কোনো ওষুধ সেবন করবেন না। যদি সমস্যা বাড়তে থাকে বা তীব্র হয়, তাহলে দেরি না করে দ্রুত ডাক্তারের শরণাপন্ন হন। আশা করি এই উত্তরটি আপনাকে সাহায্য করবে। আরও কোনো প্রশ্ন থাকলে নির্দ্বিধায় জিজ্ঞাসা করতে পারেন। ধন্যবাদ।"
26276,"হেলো, নাসেনিয়া ডকে আপনাকে স্বাগতম। আপনার অনুসন্ধানের জন্য ধন্যবাদ। আমি আপনার প্রশ্নটি দেখেছি এবং আপনার উদ্বেগ বুঝতে পেরেছি। আমি যথাসাধ্য আপনাকে সাহায্য করার চেষ্টা করব। আপনার বর্ণনা করা লক্ষণগুলো বিভিন্ন কারণে হতে পারে এবং এর সঠিক কারণ নির্ণয়ের জন্য একটি বিস্তারিত পরীক্ষা প্রয়োজন। তাই আমি আপনাকে একজন বিশেষজ্ঞ ডাক্তারের সাথে সরাসরি পরামর্শ করার পরামর্শ দিচ্ছি। প্রয়োজনীয় পরীক্ষা-নিরীক্ষা করানো উচিত এবং রিপোর্ট অনুযায়ী চিকিৎসা শুরু করা যেতে পারে। এই সময়ে পর্যাপ্ত বিশ্রাম নিন, প্রচুর পানি পান করুন এবং স্বাস্থ্যকর খাবার খান। ডাক্তারের পরামর্শ ছাড়া কোনো ওষুধ সেবন করবেন না। যদি সমস্যা বাড়তে থাকে বা তীব্র হয়, তাহলে দেরি না করে দ্রুত ডাক্তারের শরণাপন্ন হন। আশা করি এই উত্তরটি আপনাকে সাহায্য করবে। আরও কোনো প্রশ্ন থাকলে নির্দ্বিধায় জিজ্ঞাসা করতে পারেন। ধন্যবাদ।"
43925,"হেলো, নাসেনিয়া ডকে আপনাকে স্বাগতম। আপনার অনুসন্ধানের জন্য ধন্যবাদ। আমি আপনার প্রশ্নটি দেখেছি এবং আপনার উদ্বেগ বুঝতে পেরেছি। আমি যথাসাধ্য আপনাকে সাহায্য করার চেষ্টা করব। আপনার বর্ণনা করা লক্ষণগুলো বিভিন্ন কারণে হতে পারে এবং এর সঠিক কারণ নির্ণয়ের জন্য একটি বিস্তারিত পরীক্ষা প্রয়োজন। তাই আমি আপনাকে একজন বিশেষজ্ঞ ডাক্তারের সাথে সরাসরি পরামর্শ করার পরামর্শ দিচ্ছি। প্রয়োজনীয় পরীক্ষা-নিরীক্ষা করানো উচিত এবং রিপোর্ট অনুযায়ী চিকিৎসা শুরু করা যেতে পারে। এই সময়ে পর্যাপ্ত বিশ্রাম নিন, প্রচুর পানি পান করুন এবং স্বাস্থ্যকর খাবার খান। ডাক্তারের পরামর্শ ছাড়া কোনো ওষুধ সেবন করবেন না। যদি সমস্যা বাড়তে থাকে বা তীব্র হয়, তাহলে দেরি না করে দ্রুত ডাক্তারের শরণাপন্ন হন। আশা করি এই উত্তরটি আপনাকে সাহায্য করবে। আরও কোনো প্রশ্ন থাকলে নির্দ্বিধায় জিজ্ঞাসা করতে পারেন। ধন্যবাদ।"
90634,"হেলো, নাসেনিয়া ডকে আপনাকে স্বাগতম। আপনার অনুসন্ধানের জন্য ধন্যবাদ। আমি আপনার প্রশ্নটি দেখেছি এবং আপনার উদ্বেগ বুঝতে পেরেছি। আমি যথাসাধ্য আপনাকে সাহায্য করার চেষ্টা করব। আপনার বর্ণনা করা লক্ষণগুলো বিভিন্ন কারণে হতে পারে এবং এর সঠিক কারণ নির্ণয়ের জন্য একটি বিস্তারিত পরীক্ষা প্রয়োজন। তাই আমি আপনাকে একজন বিশেষজ্ঞ ডাক্তারের সাথে সরাসরি পরামর্শ করার পরামর্শ দিচ্ছি। প্রয়োজনীয় পরীক্ষা-নিরীক্ষা করানো উচিত এবং রিপোর্ট অনুযায়ী চিকিৎসা শুরু করা যেতে পারে। এই সময়ে পর্যাপ্ত বিশ্রাম নিন, প্রচুর পানি পান করুন এবং স্বাস্থ্যকর খাবার খান। ডাক্তারের পরামর্শ ছাড়া কোনো ওষুধ সেবন করবেন না। যদি সমস্যা বাড়তে থাকে বা তীব্র হয়, তাহলে দেরি না করে দ্রুত ডাক্তারের শরণাপন্ন হন। আশা করি এই উত্তরটি আপনাকে সাহায্য করবে। আরও কোনো প্রশ্ন থাকলে নির্দ্বিধায় জিজ্ঞাসা করতে পারেন। ধন্যবাদ।"
103466,"হেলো, নাসেনিয়া ডকে আপনাকে স্বাগতম। আপনার অনুসন্ধানের জন্য ধন্যবাদ। আমি আপনার প্রশ্নটি দেখেছি এবং আপনার উদ্বেগ বুঝতে পেরেছি। আমি যথাসাধ্য আপনাকে সাহায্য করার চেষ্টা করব। আপনার বর্ণনা করা লক্ষণগুলো বিভিন্ন কারণে হতে পারে এবং এর সঠিক কারণ নির্ণয়ের জন্য একটি বিস্তারিত পরীক্ষা প্রয়োজন। তাই আমি আপনাকে একজন বিশেষজ্ঞ ডাক্তারের সাথে সরাসরি পরামর্শ করার পরামর্শ দিচ্ছি। প্রয়োজনীয় পরীক্ষা-নিরীক্ষা করানো উচিত এবং রিপোর্ট অনুযায়ী চিকিৎসা শুরু করা যেতে পারে। এই সময়ে পর্যাপ্ত বিশ্রাম নিন, প্রচুর পানি পান করুন এবং স্বাস্থ্যকর খাবার খান। ডাক্তারের পরামর্শ ছাড়া কোনো ওষুধ সেবন করবেন না। যদি সমস্যা বাড়তে থাকে বা তীব্র হয়, তাহলে দেরি না করে দ্রুত ডাক্তারের শরণাপন্ন হন। আশা করি এই উত্তরটি আপনাকে সাহায্য করবে। আরও কোনো প্রশ্ন থাকলে নির্দ্বিধায় জিজ্ঞাসা করতে পারেন। ধন্যবাদ।"
3919,"হেলো, নাসেনিয়া ডকে আপনাকে স্বাগতম। আপনার অনুসন্ধানের জন্য ধন্যবাদ। আমি আপনার প্রশ্নটি দেখেছি এবং আপনার উদ্বেগ বুঝতে পেরেছি। আমি যথাসাধ্য আপনাকে সাহায্য করার চেষ্টা করব। আপনার বর্ণনা করা লক্ষণগুলো বিভিন্ন কারণে হতে পারে এবং এর সঠিক কারণ নির্ণয়ের জন্য একটি বিস্তারিত পরীক্ষা প্রয়োজন। তাই আমি আপনাকে একজন বিশেষজ্ঞ ডাক্তারের সাথে সরাসরি পরামর্শ করার পরামর্শ দিচ্ছি। প্রয়োজনীয় পরীক্ষা-নিরীক্ষা করানো উচিত এবং রিপোর্ট অনুযায়ী চিকিৎসা শুরু করা যেতে পারে। এই সময়ে পর্যাপ্ত বিশ্রাম নিন, প্রচুর পানি পান করুন এবং স্বাস্থ্যকর খাবার খান। ডাক্তারের পরামর্শ ছাড়া কোনো ওষুধ সেবন করবেন না। যদি সমস্যা বাড়তে থাকে বা তীব্র হয়, তাহলে দেরি না করে দ্রুত ডাক্তারের শরণাপন্ন হন। আশা করি এই উত্তরটি আপনাকে সাহায্য করবে। আরও কোনো প্রশ্ন থাকলে নির্দ্বিধায় জিজ্ঞাসা করতে পারেন। ধন্যবাদ।"
87856,"হেলো, নাসেনিয়া ডকে আপনাকে স্বাগতম। আপনার অনুসন্ধানের জন্য ধন্যবাদ। আমি আপনার প্রশ্নটি দেখেছি এবং আপনার উদ্বেগ বুঝতে পেরেছি। আমি যথাসাধ্য আপনাকে সাহায্য করার চেষ্টা করব। আপনার বর্ণনা করা লক্ষণগুলো বিভিন্ন কারণে হতে পারে এবং এর সঠিক কারণ নির্ণয়ের জন্য একটি বিস্তারিত পরীক্ষা প্রয়োজন। তাই আমি আপনাকে একজন বিশেষজ্ঞ ডাক্তারের সাথে সরাসরি পরামর্শ করার পরামর্শ দিচ্ছি। প্রয়োজনীয় পরীক্ষা-নিরীক্ষা করানো উচিত এবং রিপোর্ট অনুযায়ী চিকিৎসা শুরু করা যেতে পারে। এই সময়ে পর্যাপ্ত বিশ্রাম নিন, প্রচুর পানি পান করুন এবং স্বাস্থ্যকর খাবার খান। ডাক্তারের পরামর্শ ছাড়া কোনো ওষুধ সেবন করবেন না। যদি সমস্যা বাড়তে থাকে বা তীব্র হয়, তাহলে দেরি না করে দ্রুত ডাক্তারের শরণাপন্ন হন। আশা করি এই উত্তরটি আপনাকে সাহায্য করবে। আরও কোনো প্রশ্ন থাকলে নির্দ্বিধায় জিজ্ঞাসা করতে পারেন। ধন্যবাদ।"
25224,"হেলো, নাসেনিয়া ডকে আপনাকে স্বাগতম। আপনার অনুসন্ধানের জন্য ধন্যবাদ। আমি আপনার প্রশ্নটি দেখেছি এবং আপনার উদ্বেগ বুঝতে পেরেছি। আমি যথাসাধ্য আপনাকে সাহায্য করার চেষ্টা করব। আপনার বর্ণনা করা লক্ষণগুলো বিভিন্ন কারণে হতে পারে এবং এর সঠিক কারণ নির্ণয়ের জন্য একটি বিস্তারিত পরীক্ষা প্রয়োজন। তাই আমি আপনাকে একজন বিশেষজ্ঞ ডাক্তারের সাথে সরাসরি পরামর্শ করার পরামর্শ দিচ্ছি। প্রয়োজনীয় পরীক্ষা-নিরীক্ষা করানো উচিত এবং রিপোর্ট অনুযায়ী চিকিৎসা শুরু করা যেতে পারে। এই সময়ে পর্যাপ্ত বিশ্রাম নিন, প্রচুর পানি পান করুন এবং স্বাস্থ্যকর খাবার খান। ডাক্তারের পরামর্শ ছাড়া কোনো ওষুধ সেবন করবেন না। যদি সমস্যা বাড়তে থাকে বা তীব্র হয়, তাহলে দেরি না করে দ্রুত ডাক্তারের শরণাপন্ন হন। আশা করি এই উত্তরটি আপনাকে সাহায্য করবে। আরও কোনো প্রশ্ন থাকলে নির্দ্বিধায় জিজ্ঞাসা করতে পারেন। ধন্যবাদ।"
92736,"হেলো, নাসেনিয়া ডকে আপনাকে স্বাগতম। আপনার অনুসন্ধানের জন্য ধন্যবাদ। আমি আপনার প্রশ্নটি দেখেছি এবং আপনার উদ্বেগ বুঝতে পেরেছি। আমি যথাসাধ্য আপনাকে সাহায্য করার চেষ্টা করব। আপনার বর্ণনা করা লক্ষণগুলো বিভিন্ন কারণে হতে পারে এবং এর সঠিক কারণ নির্ণয়ের জন্য একটি বিস্তারিত পরীক্ষা প্রয়োজন। তাই আমি আপনাকে একজন বিশেষজ্ঞ ডাক্তারের সাথে সরাসরি পরামর্শ করার পরামর্শ দিচ্ছি। প্রয়োজনীয় পরীক্ষা-নিরীক্ষা করানো উচিত এবং রিপোর্ট অনুযায়ী চিকিৎসা শুরু করা যেতে পারে। এই সময়ে পর্যাপ্ত বিশ্রাম নিন, প্রচুর পানি পান করুন এবং স্বাস্থ্যকর খাবার খান। ডাক্তারের পরামর্শ ছাড়া কোনো ওষুধ সেবন করবেন না। যদি সমস্যা বাড়তে থাকে বা তীব্র হয়, তাহলে দেরি না করে দ্রুত ডাক্তারের শরণাপন্ন হন। আশা করি এই উত্তরটি আপনাকে সাহায্য করবে। আরও কোনো প্রশ্ন থাকলে নির্দ্বিধায় জিজ্ঞাসা করতে পারেন। ধন্যবাদ।"
42433,"হেলো, নাসেনিয়া ডকে আপনাকে স্বাগতম। আপনার অনুসন্ধানের জন্য ধন্যবাদ। আমি আপনার প্রশ্নটি দেখেছি এবং আপনার উদ্বেগ বুঝতে পেরেছি। আমি যথাসাধ্য আপনাকে সাহায্য করার চেষ্টা করব। আপনার বর্ণনা করা লক্ষণগুলো বিভিন্ন কারণে হতে পারে এবং এর সঠিক কারণ নির্ণয়ের জন্য একটি বিস্তারিত পরীক্ষা প্রয়োজন। তাই আমি আপনাকে একজন বিশেষজ্ঞ ডাক্তারের সাথে সরাসরি পরামর্শ করার পরামর্শ দিচ্ছি। প্রয়োজনীয় পরীক্ষা-নিরীক্ষা করানো উচিত এবং রিপোর্ট অনুযায়ী চিকিৎসা শুরু করা যেতে পারে। এই সময়ে পর্যাপ্ত বিশ্রাম নিন, প্রচুর পানি পান করুন এবং স্বাস্থ্যকর খাবার খান। ডাক্তারের পরামর্শ ছাড়া কোনো ওষুধ সেবন করবেন না। যদি সমস্যা বাড়তে থাকে বা তীব্র হয়, তাহলে দেরি না করে দ্রুত ডাক্তারের শরণাপন্ন হন। আশা করি এই উত্তরটি আপনাকে সাহায্য করবে। আরও কোনো প্রশ্ন থাকলে নির্দ্বিধায় জিজ্ঞাসা করতে পারেন। ধন্যবাদ।"
63434,"হেলো, নাসেনিয়া ডকে আপনাকে স্বাগতম। আপনার অনুসন্ধানের জন্য ধন্যবাদ। আমি আপনার প্রশ্নটি দেখেছি এবং আপনার উদ্বেগ বুঝতে পেরেছি। আমি যথাসাধ্য আপনাকে সাহায্য করার চেষ্টা করব। আপনার বর্ণনা করা লক্ষণগুলো বিভিন্ন কারণে হতে পারে এবং এর সঠিক কারণ নির্ণয়ের জন্য একটি বিস্তারিত পরীক্ষা প্রয়োজন। তাই আমি আপনাকে একজন বিশেষজ্ঞ ডাক্তারের সাথে সরাসরি পরামর্শ করার পরামর্শ দিচ্ছি। প্রয়োজনীয় পরীক্ষা-নিরীক্ষা করানো উচিত এবং রিপোর্ট অনুযায়ী চিকিৎসা শুরু করা যেতে পারে। এই সময়ে পর্যাপ্ত বিশ্রাম নিন, প্রচুর পানি পান করুন এবং স্বাস্থ্যকর খাবার খান। ডাক্তারের পরামর্শ ছাড়া কোনো ওষুধ সেবন করবেন না। যদি সমস্যা বাড়তে থাকে বা তীব্র হয়, তাহলে দেরি না করে দ্রুত ডাক্তারের শরণাপন্ন হন। আশা করি এই উত্তরটি আপনাকে সাহায্য করবে। আরও কোনো প্রশ্ন থাকলে নির্দ্বিধায় জিজ্ঞাসা করতে পারেন। ধন্যবাদ।"
19890,"হেলো, নাসেনিয়া ডকে আপনাকে স্বাগতম। আপনার অনুসন্ধানের জন্য ধন্যবাদ। আমি আপনার প্রশ্নটি দেখেছি এবং আপনার উদ্বেগ বুঝতে পেরেছি। আমি যথাসাধ্য আপনাকে সাহায্য করার চেষ্টা করব। আপনার বর্ণনা করা লক্ষণগুলো বিভিন্ন কারণে হতে পারে এবং এর সঠিক কারণ নির্ণয়ের জন্য একটি বিস্তারিত পরীক্ষা প্রয়োজন। তাই আমি আপনাকে একজন বিশেষজ্ঞ ডাক্তারের সাথে সরাসরি পরামর্শ করার পরামর্শ দিচ্ছি। প্রয়োজনীয় পরীক্ষা-নিরীক্ষা করানো উচিত এবং রিপোর্ট অনুযায়ী চিকিৎসা শুরু করা যেতে পারে। এই সময়ে পর্যাপ্ত বিশ্রাম নিন, প্রচুর পানি পান করুন এবং স্বাস্থ্যকর খাবার খান। ডাক্তারের পরামর্শ ছাড়া কোনো ওষুধ সেবন করবেন না। যদি সমস্যা বাড়তে থাকে বা তীব্র হয়, তাহলে দেরি না করে দ্রুত ডাক্তারের শরণাপন্ন হন। আশা করি এই উত্তরটি আপনাকে সাহায্য করবে। আরও কোনো প্রশ্ন থাকলে নির্দ্বিধায় জিজ্ঞাসা করতে পারেন। ধন্যবাদ।"
37996,"হেলো, নাসেনিয়া ডকে আপনাকে স্বাগতম। আপনার অনুসন্ধানের জন্য ধন্যবাদ। আমি আপনার প্রশ্নটি দেখেছি এবং আপনার উদ্বেগ বুঝতে পেরেছি। আমি যথাসাধ্য আপনাকে সাহায্য করার চেষ্টা করব। আপনার বর্ণনা করা লক্ষণগুলো বিভিন্ন কারণে হতে পারে এবং এর সঠিক কারণ নির্ণয়ের জন্য একটি বিস্তারিত পরীক্ষা প্রয়োজন। তাই আমি আপনাকে একজন বিশেষজ্ঞ ডাক্তারের সাথে সরাসরি পরামর্শ করার পরামর্শ দিচ্ছি। প্রয়োজনীয় পরীক্ষা-নিরীক্ষা করানো উচিত এবং রিপোর্ট অনুযায়ী চিকিৎসা শুরু করা যেতে পারে। এই সময়ে পর্যাপ্ত বিশ্রাম নিন, প্রচুর পানি পান করুন এবং স্বাস্থ্যকর খাবার খান। ডাক্তারের পরামর্শ ছাড়া কোনো ওষুধ সেবন করবেন না। যদি সমস্যা বাড়তে থাকে বা তীব্র হয়, তাহলে দেরি না করে দ্রুত ডাক্তারের শরণাপন্ন হন। আশা করি এই উত্তরটি আপনাকে সাহায্য করবে। আরও কোনো প্রশ্ন থাকলে নির্দ্বিধায় জিজ্ঞাসা করতে পারেন। ধন্যবাদ।"
6812,"হেলো, নাসেনিয়া ডকে আপনাকে স্বাগতম। আপনার অনুসন্ধানের জন্য ধন্যবাদ। আমি আপনার প্রশ্নটি দেখেছি এবং আপনার উদ্বেগ বুঝতে পেরেছি। আমি যথাসাধ্য আপনাকে সাহায্য করার চেষ্টা করব। আপনার বর্ণনা করা লক্ষণগুলো বিভিন্ন কারণে হতে পারে এবং এর সঠিক কারণ নির্ণয়ের জন্য একটি বিস্তারিত পরীক্ষা প্রয়োজন। তাই আমি আপনাকে একজন বিশেষজ্ঞ ডাক্তারের সাথে সরাসরি পরামর্শ করার পরামর্শ দিচ্ছি। প্রয়োজনীয় পরীক্ষা-নিরীক্ষা করানো উচিত এবং রিপোর্ট অনুযায়ী চিকিৎসা শুরু করা যেতে পারে। এই সময়ে পর্যাপ্ত বিশ্রাম নিন, প্রচুর পানি পান করুন এবং স্বাস্থ্যকর খাবার খান। ডাক্তারের পরামর্শ ছাড়া কোনো ওষুধ সেবন করবেন না। যদি সমস্যা বাড়তে থাকে বা তীব্র হয়, তাহলে দেরি না করে দ্রুত ডাক্তারের শরণাপন্ন হন। আশা করি এই উত্তরটি আপনাকে সাহায্য করবে। আরও কোনো প্রশ্ন থাকলে নির্দ্বিধায় জিজ্ঞাসা করতে পারেন। ধন্যবাদ।"
36888,"হেলো, নাসেনিয়া ডকে আপনাকে স্বাগতম। আপনার অনুসন্ধানের জন্য ধন্যবাদ। আমি আপনার প্রশ্নটি দেখেছি এবং আপনার উদ্বেগ বুঝতে পেরেছি। আমি যথাসাধ্য আপনাকে সাহায্য করার চেষ্টা করব। আপনার বর্ণনা করা লক্ষণগুলো বিভিন্ন কারণে হতে পারে এবং এর সঠিক কারণ নির্ণয়ের জন্য একটি বিস্তারিত পরীক্ষা প্রয়োজন। তাই আমি আপনাকে একজন বিশেষজ্ঞ ডাক্তারের সাথে সরাসরি পরামর্শ করার পরামর্শ দিচ্ছি। প্রয়োজনীয় পরীক্ষা-নিরীক্ষা করানো উচিত এবং রিপোর্ট অনুযায়ী চিকিৎসা শুরু করা যেতে পারে। এই সময়ে পর্যাপ্ত বিশ্রাম নিন, প্রচুর পানি পান করুন এবং স্বাস্থ্যকর খাবার খান। ডাক্তারের পরামর্শ ছাড়া কোনো ওষুধ সেবন করবেন না। যদি সমস্যা বাড়তে থাকে বা তীব্র হয়, তাহলে দেরি না করে দ্রুত ডাক্তারের শরণাপন্ন হন। আশা করি এই উত্তরটি আপনাকে সাহায্য করবে। আরও কোনো প্রশ্ন থাকলে নির্দ্বিধায় জিজ্ঞাসা করতে পারেন। ধন্যবাদ।"
81720,"হেলো, নাসেনিয়া ডকে আপনাকে স্বাগতম। আপনার অনুসন্ধানের জন্য ধন্যবাদ। আমি আপনার প্রশ্নটি দেখেছি এবং আপনার উদ্বেগ বুঝতে পেরেছি। আমি যথাসাধ্য আপনাকে সাহায্য করার চেষ্টা করব। আপনার বর্ণনা করা লক্ষণগুলো বিভিন্ন কারণে হতে পারে এবং এর সঠিক কারণ নির্ণয়ের জন্য একটি বিস্তারিত পরীক্ষা প্রয়োজন। তাই আমি আপনাকে একজন বিশেষজ্ঞ ডাক্তারের সাথে সরাসরি পরামর্শ করার পরামর্শ দিচ্ছি। প্রয়োজনীয় পরীক্ষা-নিরীক্ষা করানো উচিত এবং রিপোর্ট অনুযায়ী চিকিৎসা শুরু করা যেতে পারে। এই সময়ে পর্যাপ্ত বিশ্রাম নিন, প্রচুর পানি পান করুন এবং স্বাস্থ্যকর খাবার খান। ডাক্তারের পরামর্শ ছাড়া কোনো ওষুধ সেবন করবেন না। যদি সমস্যা বাড়তে থাকে বা তীব্র হয়, তাহলে দেরি না করে দ্রুত ডাক্তারের শরণাপন্ন হন। আশা করি এই উত্তরটি আপনাকে সাহায্য করবে। আরও কোনো প্রশ্ন থাকলে নির্দ্বিধায় জিজ্ঞাসা করতে পারেন। ধন্যবাদ।"
9673,"হেলো, নাসেনিয়া ডকে আপনাকে স্বাগতম। আপনার অনুসন্ধানের জন্য ধন্যবাদ। আমি আপনার প্রশ্নটি দেখেছি এবং আপনার উদ্বেগ বুঝতে পেরেছি। আমি যথাসাধ্য আপনাকে সাহায্য করার চেষ্টা করব। আপনার বর্ণনা করা লক্ষণগুলো বিভিন্ন কারণে হতে পারে এবং এর সঠিক কারণ নির্ণয়ের জন্য একটি বিস্তারিত পরীক্ষা প্রয়োজন। তাই আমি আপনাকে একজন বিশেষজ্ঞ ডাক্তারের সাথে সরাসরি পরামর্শ করার পরামর্শ দিচ্ছি। প্রয়োজনীয় পরীক্ষা-নিরীক্ষা করানো উচিত এবং রিপোর্ট অনুযায়ী চিকিৎসা শুরু করা যেতে পারে। এই সময়ে পর্যাপ্ত বিশ্রাম নিন, প্রচুর পানি পান করুন এবং স্বাস্থ্যকর খাবার খান। ডাক্তারের পরামর্শ ছাড়া কোনো ওষুধ সেবন করবেন না। যদি সমস্যা বাড়তে থাকে বা তীব্র হয়, তাহলে দেরি না করে দ্রুত ডাক্তারের শরণাপন্ন হন। আশা করি এই উত্তরটি আপনাকে সাহায্য করবে। আরও কোনো প্রশ্ন থাকলে নির্দ্বিধায় জিজ্ঞাসা করতে পারেন। ধন্যবাদ।"
69939,"হেলো, নাসেনিয়া ডকে আপনাকে স্বাগতম। আপনার অনুসন্ধানের জন্য ধন্যবাদ। আমি আপনার প্রশ্নটি দেখেছি এবং আপনার উদ্বেগ বুঝতে পেরেছি। আমি যথাসাধ্য আপনাকে সাহায্য করার চেষ্টা করব। আপনার বর্ণনা করা লক্ষণগুলো বিভিন্ন কারণে হতে পারে এবং এর সঠিক কারণ নির্ণয়ের জন্য একটি বিস্তারিত পরীক্ষা প্রয়োজন। তাই আমি আপনাকে একজন বিশেষজ্ঞ ডাক্তারের সাথে সরাসরি পরামর্শ করার পরামর্শ দিচ্ছি। প্রয়োজনীয় পরীক্ষা-নিরীক্ষা করানো উচিত এবং রিপোর্ট অনুযায়ী চিকিৎসা শুরু করা যেতে পারে। এই সময়ে পর্যাপ্ত বিশ্রাম নিন, প্রচুর পানি পান করুন এবং স্বাস্থ্যকর খাবার খান। ডাক্তারের পরামর্শ ছাড়া কোনো ওষুধ সেবন করবেন না। যদি সমস্যা বাড়তে থাকে বা তীব্র হয়, তাহলে দেরি না করে দ্রুত ডাক্তারের শরণাপন্ন হন। আশা করি এই উত্তরটি আপনাকে সাহায্য করবে। আরও কোনো প্রশ্ন থাকলে নির্দ্বিধায় জিজ্ঞাসা করতে পারেন। ধন্যবাদ।"
24471,"হেলো, নাসেনিয়া ডকে আপনাকে স্বাগতম। আপনার অনুসন্ধানের জন্য ধন্যবাদ। আমি আপনার প্রশ্নটি দেখেছি এবং আপনার উদ্বেগ বুঝতে পেরেছি। আমি যথাসাধ্য আপনাকে সাহায্য করার চেষ্টা করব। আপনার বর্ণনা করা লক্ষণগুলো বিভিন্ন কারণে হতে পারে এবং এর সঠিক কারণ নির্ণয়ের জন্য একটি বিস্তারিত পরীক্ষা প্রয়োজন। তাই আমি আপনাকে একজন বিশেষজ্ঞ ডাক্তারের সাথে সরাসরি পরামর্শ করার পরামর্শ দিচ্ছি। প্রয়োজনীয় পরীক্ষা-নিরীক্ষা করানো উচিত এবং রিপোর্ট অনুযায়ী চিকিৎসা শুরু করা যেতে পারে। এই সময়ে পর্যাপ্ত বিশ্রাম নিন, প্রচুর পানি পান করুন এবং স্বাস্থ্যকর খাবার খান। ডাক্তারের পরামর্শ ছাড়া কোনো ওষুধ সেবন করবেন না। যদি সমস্যা বাড়তে থাকে বা তীব্র হয়, তাহলে দেরি না করে দ্রুত ডাক্তারের শরণাপন্ন হন। আশা করি এই উত্তরটি আপনাকে সাহায্য করবে। আরও কোনো প্রশ্ন থাকলে নির্দ্বিধায় জিজ্ঞাসা করতে পারেন। ধন্যবাদ।"
78640,"হেলো, নাসেনিয়া ডকে আপনাকে স্বাগতম। আপনার অনুসন্ধানের জন্য ধন্যবাদ। আমি আপনার প্রশ্নটি দেখেছি এবং আপনার উদ্বেগ বুঝতে পেরেছি। আমি যথাসাধ্য আপনাকে সাহায্য করার চেষ্টা করব। আপনার বর্ণনা করা লক্ষণগুলো বিভিন্ন কারণে হতে পারে এবং এর সঠিক কারণ নির্ণয়ের জন্য একটি বিস্তারিত পরীক্ষা প্রয়োজন। তাই আমি আপনাকে একজন বিশেষজ্ঞ ডাক্তারের সাথে সরাসরি পরামর্শ করার পরামর্শ দিচ্ছি। প্রয়োজনীয় পরীক্ষা-নিরীক্ষা করানো উচিত এবং রিপোর্ট অনুযায়ী চিকিৎসা শুরু করা যেতে পারে। এই সময়ে পর্যাপ্ত বিশ্রাম নিন, প্রচুর পানি পান করুন এবং স্বাস্থ্যকর খাবার খান। ডাক্তারের পরামর্শ ছাড়া কোনো ওষুধ সেবন করবেন না। যদি সমস্যা বাড়তে থাকে বা তীব্র হয়, তাহলে দেরি না করে দ্রুত ডাক্তারের শরণাপন্ন হন। আশা করি এই উত্তরটি আপনাকে সাহায্য করবে। আরও কোনো প্রশ্ন থাকলে নির্দ্বিধায় জিজ্ঞাসা করতে পারেন। ধন্যবাদ।"
25259,"হেলো, নাসেনিয়া ডকে আপনাকে স্বাগতম। আপনার অনুসন্ধানের জন্য ধন্যবাদ। আমি আপনার প্রশ্নটি দেখেছি এবং আপনার উদ্বেগ বুঝতে পেরেছি। আমি যথাসাধ্য আপনাকে সাহায্য করার চেষ্টা করব। আপনার বর্ণনা করা লক্ষণগুলো বিভিন্ন কারণে হতে পারে এবং এর সঠিক কারণ নির্ণয়ের জন্য একটি বিস্তারিত পরীক্ষা প্রয়োজন। তাই আমি আপনাকে একজন বিশেষজ্ঞ ডাক্তারের সাথে সরাসরি পরামর্শ করার পরামর্শ দিচ্ছি। প্রয়োজনীয় পরীক্ষা-নিরীক্ষা করানো উচিত এবং রিপোর্ট অনুযায়ী চিকিৎসা শুরু করা যেতে পারে। এই সময়ে পর্যাপ্ত বিশ্রাম নিন, প্রচুর পানি পান করুন এবং স্বাস্থ্যকর খাবার খান। ডাক্তারের পরামর্শ ছাড়া কোনো ওষুধ সেবন করবেন না। যদি সমস্যা বাড়তে থাকে বা তীব্র হয়, তাহলে দেরি না করে দ্রুত ডাক্তারের শরণাপন্ন হন। আশা করি এই উত্তরটি আপনাকে সাহায্য করবে। আরও কোনো প্রশ্ন থাকলে নির্দ্বিধায় জিজ্ঞাসা করতে পারেন। ধন্যবাদ।"
78723,"হেলো, নাসেনিয়া ডকে আপনাকে স্বাগতম। আপনার অনুসন্ধানের জন্য ধন্যবাদ। আমি আপনার প্রশ্নটি দেখেছি এবং আপনার উদ্বেগ বুঝতে পেরেছি। আমি যথাসাধ্য আপনাকে সাহায্য করার চেষ্টা করব। আপনার বর্ণনা করা লক্ষণগুলো বিভিন্ন কারণে হতে পারে এবং এর সঠিক কারণ নির্ণয়ের জন্য একটি বিস্তারিত পরীক্ষা প্রয়োজন। তাই আমি আপনাকে একজন বিশেষজ্ঞ ডাক্তারের সাথে সরাসরি পরামর্শ করার পরামর্শ দিচ্ছি। প্রয়োজনীয় পরীক্ষা-নিরীক্ষা করানো উচিত এবং রিপোর্ট অনুযায়ী চিকিৎসা শুরু করা যেতে পারে। এই সময়ে পর্যাপ্ত বিশ্রাম নিন, প্রচুর পানি পান করুন এবং স্বাস্থ্যকর খাবার খান। ডাক্তারের পরামর্শ ছাড়া কোনো ওষুধ সেবন করবেন না। যদি সমস্যা বাড়তে থাকে বা তীব্র হয়, তাহলে দেরি না করে দ্রুত ডাক্তারের শরণাপন্ন হন। আশা করি এই উত্তরটি আপনাকে সাহায্য করবে। আরও কোনো প্রশ্ন থাকলে নির্দ্বিধায় জিজ্ঞাসা করতে পারেন। ধন্যবাদ।"
85295,"হেলো, নাসেনিয়া ডকে আপনাকে স্বাগতম। আপনার অনুসন্ধানের জন্য ধন্যবাদ। আমি আপনার প্রশ্নটি দেখেছি এবং আপনার উদ্বেগ বুঝতে পেরেছি। আমি যথাসাধ্য আপনাকে সাহায্য করার চেষ্টা করব। আপনার বর্ণনা করা লক্ষণগুলো বিভিন্ন কারণে হতে পারে এবং এর সঠিক কারণ নির্ণয়ের জন্য একটি বিস্তারিত পরীক্ষা প্রয়োজন। তাই আমি আপনাকে একজন বিশেষজ্ঞ ডাক্তারের সাথে সরাসরি পরামর্শ করার পরামর্শ দিচ্ছি। প্রয়োজনীয় পরীক্ষা-নিরীক্ষা করানো উচিত এবং রিপোর্ট অনুযায়ী চিকিৎসা শুরু করা যেতে পারে। এই সময়ে পর্যাপ্ত বিশ্রাম নিন, প্রচুর পানি পান করুন এবং স্বাস্থ্যকর খাবার খান। ডাক্তারের পরামর্শ ছাড়া কোনো ওষুধ সেবন করবেন না। যদি সমস্যা বাড়তে থাকে বা তীব্র হয়, তাহলে দেরি না করে দ্রুত ডাক্তারের শরণাপন্ন হন। আশা করি এই উত্তরটি আপনাকে সাহায্য করবে। আরও কোনো প্রশ্ন থাকলে নির্দ্বিধায় জিজ্ঞাসা করতে পারেন। ধন্যবাদ।"
36035,"হেলো, নাসেনিয়া ডকে আপনাকে স্বাগতম। আপনার অনুসন্ধানের জন্য ধন্যবাদ। আমি আপনার প্রশ্নটি দেখেছি এবং আপনার উদ্বেগ বুঝতে পেরেছি। আমি যথাসাধ্য আপনাকে সাহায্য করার চেষ্টা করব। আপনার বর্ণনা করা লক্ষণগুলো বিভিন্ন কারণে হতে পারে এবং এর সঠিক কারণ নির্ণয়ের জন্য একটি বিস্তারিত পরীক্ষা প্রয়োজন। তাই আমি আপনাকে একজন বিশেষজ্ঞ ডাক্তারের সাথে সরাসরি পরামর্শ করার পরামর্শ দিচ্ছি। প্রয়োজনীয় পরীক্ষা-নিরীক্ষা করানো উচিত এবং রিপোর্ট অনুযায়ী চিকিৎসা শুরু করা যেতে পারে। এই সময়ে পর্যাপ্ত বিশ্রাম নিন, প্রচুর পানি পান করুন এবং স্বাস্থ্যকর খাবার খান। ডাক্তারের পরামর্শ ছাড়া কোনো ওষুধ সেবন করবেন না। যদি সমস্যা বাড়তে থাকে বা তীব্র হয়, তাহলে দেরি না করে দ্রুত ডাক্তারের শরণাপন্ন হন। আশা করি এই উত্তরটি আপনাকে সাহায্য করবে। আরও কোনো প্রশ্ন থাকলে নির্দ্বিধায় জিজ্ঞাসা করতে পারেন। ধন্যবাদ।"
66729,"হেলো, নাসেনিয়া ডকে আপনাকে স্বাগতম। আপনার অনুসন্ধানের জন্য ধন্যবাদ। আমি আপনার প্রশ্নটি দেখেছি এবং আপনার উদ্বেগ বুঝতে পেরেছি। আমি যথাসাধ্য আপনাকে সাহায্য করার চেষ্টা করব। আপনার বর্ণনা করা লক্ষণগুলো বিভিন্ন কারণে হতে পারে এবং এর সঠিক কারণ নির্ণয়ের জন্য একটি বিস্তারিত পরীক্ষা প্রয়োজন। তাই আমি আপনাকে একজন বিশেষজ্ঞ ডাক্তারের সাথে সরাসরি পরামর্শ করার পরামর্শ দিচ্ছি। প্রয়োজনীয় পরীক্ষা-নিরীক্ষা করানো উচিত এবং রিপোর্ট অনুযায়ী চিকিৎসা শুরু করা যেতে পারে। এই সময়ে পর্যাপ্ত বিশ্রাম নিন, প্রচুর পানি পান করুন এবং স্বাস্থ্যকর খাবার খান। ডাক্তারের পরামর্শ ছাড়া কোনো ওষুধ সেবন করবেন না। যদি সমস্যা বাড়তে থাকে বা তীব্র হয়, তাহলে দেরি না করে দ্রুত ডাক্তারের শরণাপন্ন হন। আশা করি এই উত্তরটি আপনাকে সাহায্য করবে। আরও কোনো প্রশ্ন থাকলে নির্দ্বিধায় জিজ্ঞাসা করতে পারেন। ধন্যবাদ।"
73725,"হেলো, নাসেনিয়া ডকে আপনাকে স্বাগতম। আপনার অনুসন্ধানের জন্য ধন্যবাদ। আমি আপনার প্রশ্নটি দেখেছি এবং আপনার উদ্বেগ বুঝতে পেরেছি। আমি যথাসাধ্য আপনাকে সাহায্য করার চেষ্টা করব। আপনার বর্ণনা করা লক্ষণগুলো বিভিন্ন কারণে হতে পারে এবং এর সঠিক কারণ নির্ণয়ের জন্য একটি বিস্তারিত পরীক্ষা প্রয়োজন। তাই আমি আপনাকে একজন বিশেষজ্ঞ ডাক্তারের সাথে সরাসরি পরামর্শ করার পরামর্শ দিচ্ছি। প্রয়োজনীয় পরীক্ষা-নিরীক্ষা করানো উচিত এবং রিপোর্ট অনুযায়ী চিকিৎসা শুরু করা যেতে পারে। এই সময়ে পর্যাপ্ত বিশ্রাম নিন, প্রচুর পানি পান করুন এবং স্বাস্থ্যকর খাবার খান। ডাক্তারের পরামর্শ ছাড়া কোনো ওষুধ সেবন করবেন না। যদি সমস্যা বাড়তে থাকে বা তীব্র হয়, তাহলে দেরি না করে দ্রুত ডাক্তারের শরণাপন্ন হন। আশা করি এই উত্তরটি আপনাকে সাহায্য করবে। আরও কোনো প্রশ্ন থাকলে নির্দ্বিধায় জিজ্ঞাসা করতে পারেন। ধন্যবাদ।"
1117,"হেলো, নাসেনিয়া ডকে আপনাকে স্বাগতম। আপনার অনুসন্ধানের জন্য ধন্যবাদ। আমি আপনার প্রশ্নটি দেখেছি এবং আপনার উদ্বেগ বুঝতে পেরেছি। আমি যথাসাধ্য আপনাকে সাহায্য করার চেষ্টা করব। আপনার বর্ণনা করা লক্ষণগুলো বিভিন্ন কারণে হতে পারে এবং এর সঠিক কারণ নির্ণয়ের জন্য একটি বিস্তারিত পরীক্ষা প্রয়োজন। তাই আমি আপনাকে একজন বিশেষজ্ঞ ডাক্তারের সাথে সরাসরি পরামর্শ করার পরামর্শ দিচ্ছি। প্রয়োজনীয় পরীক্ষা-নিরীক্ষা করানো উচিত এবং রিপোর্ট অনুযায়ী চিকিৎসা শুরু করা যেতে পারে। এই সময়ে পর্যাপ্ত বিশ্রাম নিন, প্রচুর পানি পান করুন এবং স্বাস্থ্যকর খাবার খান। ডাক্তারের পরামর্শ ছাড়া কোনো ওষুধ সেবন করবেন না। যদি সমস্যা বাড়তে থাকে বা তীব্র হয়, তাহলে দেরি না করে দ্রুত ডাক্তারের শরণাপন্ন হন। আশা করি এই উত্তরটি আপনাকে সাহায্য করবে। আরও কোনো প্রশ্ন থাকলে নির্দ্বিধায় জিজ্ঞাসা করতে পারেন। ধন্যবাদ।"
105809,"হেলো, নাসেনিয়া ডকে আপনাকে স্বাগতম। আপনার অনুসন্ধানের জন্য ধন্যবাদ। আমি আপনার প্রশ্নটি দেখেছি এবং আপনার উদ্বেগ বুঝতে পেরেছি। আমি যথাসাধ্য আপনাকে সাহায্য করার চেষ্টা করব। আপনার বর্ণনা করা লক্ষণগুলো বিভিন্ন কারণে হতে পারে এবং এর সঠিক কারণ নির্ণয়ের জন্য একটি বিস্তারিত পরীক্ষা প্রয়োজন। তাই আমি আপনাকে একজন বিশেষজ্ঞ ডাক্তারের সাথে সরাসরি পরামর্শ করার পরামর্শ দিচ্ছি। প্রয়োজনীয় পরীক্ষা-নিরীক্ষা করানো উচিত এবং রিপোর্ট অনুযায়ী চিকিৎসা শুরু করা যেতে পারে। এই সময়ে পর্যাপ্ত বিশ্রাম নিন, প্রচুর পানি পান করুন এবং স্বাস্থ্যকর খাবার খান। ডাক্তারের পরামর্শ ছাড়া কোনো ওষুধ সেবন করবেন না। যদি সমস্যা বাড়তে থাকে বা তীব্র হয়, তাহলে দেরি না করে দ্রুত ডাক্তারের শরণাপন্ন হন। আশা করি এই উত্তরটি আপনাকে সাহায্য করবে। আরও কোনো প্রশ্ন থাকলে নির্দ্বিধায় জিজ্ঞাসা করতে পারেন। ধন্যবাদ।"
54478,"হেলো, নাসেনিয়া ডকে আপনাকে স্বাগতম। আপনার অনুসন্ধানের জন্য ধন্যবাদ। আমি আপনার প্রশ্নটি দেখেছি এবং আপনার উদ্বেগ বুঝতে পেরেছি। আমি যথাসাধ্য আপনাকে সাহায্য করার চেষ্টা করব। আপনার বর্ণনা করা লক্ষণগুলো বিভিন্ন কারণে হতে পারে এবং এর সঠিক কারণ নির্ণয়ের জন্য একটি বিস্তারিত পরীক্ষা প্রয়োজন। তাই আমি আপনাকে একজন বিশেষজ্ঞ ডাক্তারের সাথে সরাসরি পরামর্শ করার পরামর্শ দিচ্ছি। প্রয়োজনীয় পরীক্ষা-নিরীক্ষা করানো উচিত এবং রিপোর্ট অনুযায়ী চিকিৎসা শুরু করা যেতে পারে। এই সময়ে পর্যাপ্ত বিশ্রাম নিন, প্রচুর পানি পান করুন এবং স্বাস্থ্যকর খাবার খান। ডাক্তারের পরামর্শ ছাড়া কোনো ওষুধ সেবন করবেন না। যদি সমস্যা বাড়তে থাকে বা তীব্র হয়, তাহলে দেরি না করে দ্রুত ডাক্তারের শরণাপন্ন হন। আশা করি এই উত্তরটি আপনাকে সাহায্য করবে। আরও কোনো প্রশ্ন থাকলে নির্দ্বিধায় জিজ্ঞাসা করতে পারেন। ধন্যবাদ।"
50524,"হেলো, নাসেনিয়া ডকে আপনাকে স্বাগতম। আপনার অনুসন্ধানের জন্য ধন্যবাদ। আমি আপনার প্রশ্নটি দেখেছি এবং আপনার উদ্বেগ বুঝতে পেরেছি। আমি যথাসাধ্য আপনাকে সাহায্য করার চেষ্টা করব। আপনার বর্ণনা করা লক্ষণগুলো বিভিন্ন কারণে হতে পারে এবং এর সঠিক কারণ নির্ণয়ের জন্য একটি বিস্তারিত পরীক্ষা প্রয়োজন। তাই আমি আপনাকে একজন বিশেষজ্ঞ ডাক্তারের সাথে সরাসরি পরামর্শ করার পরামর্শ দিচ্ছি। প্রয়োজনীয় পরীক্ষা-নিরীক্ষা করানো উচিত এবং রিপোর্ট অনুযায়ী চিকিৎসা শুরু করা যেতে পারে। এই সময়ে পর্যাপ্ত বিশ্রাম নিন, প্রচুর পানি পান করুন এবং স্বাস্থ্যকর খাবার খান। ডাক্তারের পরামর্শ ছাড়া কোনো ওষুধ সেবন করবেন না। যদি সমস্যা বাড়তে থাকে বা তীব্র হয়, তাহলে দেরি না করে দ্রুত ডাক্তারের শরণাপন্ন হন। আশা করি এই উত্তরটি আপনাকে সাহায্য করবে। আরও কোনো প্রশ্ন থাকলে নির্দ্বিধায় জিজ্ঞাসা করতে পারেন। ধন্যবাদ।"
104414,"হেলো, নাসেনিয়া ডকে আপনাকে স্বাগতম। আপনার অনুসন্ধানের জন্য ধন্যবাদ। আমি আপনার প্রশ্নটি দেখেছি এবং আপনার উদ্বেগ বুঝতে পেরেছি। আমি যথাসাধ্য আপনাকে সাহায্য করার চেষ্টা করব। আপনার বর্ণনা করা লক্ষণগুলো বিভিন্ন কারণে হতে পারে এবং এর সঠিক কারণ নির্ণয়ের জন্য একটি বিস্তারিত পরীক্ষা প্রয়োজন। তাই আমি আপনাকে একজন বিশেষজ্ঞ ডাক্তারের সাথে সরাসরি পরামর্শ করার পরামর্শ দিচ্ছি। প্রয়োজনীয় পরীক্ষা-নিরীক্ষা করানো উচিত এবং রিপোর্ট অনুযায়ী চিকিৎসা শুরু করা যেতে পারে। এই সময়ে পর্যাপ্ত বিশ্রাম নিন, প্রচুর পানি পান করুন এবং স্বাস্থ্যকর খাবার খান। ডাক্তারের পরামর্শ ছাড়া কোনো ওষুধ সেবন করবেন না। যদি সমস্যা বাড়তে থাকে বা তীব্র হয়, তাহলে দেরি না করে দ্রুত ডাক্তারের শরণাপন্ন হন। আশা করি এই উত্তরটি আপনাকে সাহায্য করবে। আরও কোনো প্রশ্ন থাকলে নির্দ্বিধায় জিজ্ঞাসা করতে পারেন। ধন্যবাদ।"
8511,"হেলো, নাসেনিয়া ডকে আপনাকে স্বাগতম। আপনার অনুসন্ধানের জন্য ধন্যবাদ। আমি আপনার প্রশ্নটি দেখেছি এবং আপনার উদ্বেগ বুঝতে পেরেছি। আমি যথাসাধ্য আপনাকে সাহায্য করার চেষ্টা করব। আপনার বর্ণনা করা লক্ষণগুলো বিভিন্ন কারণে হতে পারে এবং এর সঠিক কারণ নির্ণয়ের জন্য একটি বিস্তারিত পরীক্ষা প্রয়োজন। তাই আমি আপনাকে একজন বিশেষজ্ঞ ডাক্তারের সাথে সরাসরি পরামর্শ করার পরামর্শ দিচ্ছি। প্রয়োজনীয় পরীক্ষা-নিরীক্ষা করানো উচিত এবং রিপোর্ট অনুযায়ী চিকিৎসা শুরু করা যেতে পারে। এই সময়ে পর্যাপ্ত বিশ্রাম নিন, প্রচুর পানি পান করুন এবং স্বাস্থ্যকর খাবার খান। ডাক্তারের পরামর্শ ছাড়া কোনো ওষুধ সেবন করবেন না। যদি সমস্যা বাড়তে থাকে বা তীব্র হয়, তাহলে দেরি না করে দ্রুত ডাক্তারের শরণাপন্ন হন। আশা করি এই উত্তরটি আপনাকে সাহায্য করবে। আরও কোনো প্রশ্ন থাকলে নির্দ্বিধায় জিজ্ঞাসা করতে পারেন। ধন্যবাদ।"
80769,"হেলো, নাসেনিয়া ডকে আপনাকে স্বাগতম। আপনার অনুসন্ধানের জন্য ধন্যবাদ। আমি আপনার প্রশ্নটি দেখেছি এবং আপনার উদ্বেগ বুঝতে পেরেছি। আমি যথাসাধ্য আপনাকে সাহায্য করার চেষ্টা করব। আপনার বর্ণনা করা লক্ষণগুলো বিভিন্ন কারণে হতে পারে এবং এর সঠিক কারণ নির্ণয়ের জন্য একটি বিস্তারিত পরীক্ষা প্রয়োজন। তাই আমি আপনাকে একজন বিশেষজ্ঞ ডাক্তারের সাথে সরাসরি পরামর্শ করার পরামর্শ দিচ্ছি। প্রয়োজনীয় পরীক্ষা-নিরীক্ষা করানো উচিত এবং রিপোর্ট অনুযায়ী চিকিৎসা শুরু করা যেতে পারে। এই সময়ে পর্যাপ্ত বিশ্রাম নিন, প্রচুর পানি পান করুন এবং স্বাস্থ্যকর খাবার খান। ডাক্তারের পরামর্শ ছাড়া কোনো ওষুধ সেবন করবেন না। যদি সমস্যা বাড়তে থাকে বা তীব্র হয়, তাহলে দেরি না করে দ্রুত ডাক্তারের শরণাপন্ন হন। আশা করি এই উত্তরটি আপনাকে সাহায্য করবে। আরও কোনো প্রশ্ন থাকলে নির্দ্বিধায় জিজ্ঞাসা করতে পারেন। ধন্যবাদ।"
81368,"হেলো, নাসেনিয়া ডকে আপনাকে স্বাগতম। আপনার অনুসন্ধানের জন্য ধন্যবাদ। আমি আপনার প্রশ্নটি দেখেছি এবং আপনার উদ্বেগ বুঝতে পেরেছি। আমি যথাসাধ্য আপনাকে সাহায্য করার চেষ্টা করব। আপনার বর্ণনা করা লক্ষণগুলো বিভিন্ন কারণে হতে পারে এবং এর সঠিক কারণ নির্ণয়ের জন্য একটি বিস্তারিত পরীক্ষা প্রয়োজন। তাই আমি আপনাকে একজন বিশেষজ্ঞ ডাক্তারের সাথে সরাসরি পরামর্শ করার পরামর্শ দিচ্ছি। প্রয়োজনীয় পরীক্ষা-নিরীক্ষা করানো উচিত এবং রিপোর্ট অনুযায়ী চিকিৎসা শুরু করা যেতে পারে। এই সময়ে পর্যাপ্ত বিশ্রাম নিন, প্রচুর পানি পান করুন এবং স্বাস্থ্যকর খাবার খান। ডাক্তারের পরামর্শ ছাড়া কোনো ওষুধ সেবন করবেন না। যদি সমস্যা বাড়তে থাকে বা তীব্র হয়, তাহলে দেরি না করে দ্রুত ডাক্তারের শরণাপন্ন হন। আশা করি এই উত্তরটি আপনাকে সাহায্য করবে। আরও কোনো প্রশ্ন থাকলে নির্দ্বিধায় জিজ্ঞাসা করতে পারেন। ধন্যবাদ।"
100429,"হেলো, নাসেনিয়া ডকে আপনাকে স্বাগতম। আপনার অনুসন্ধানের জন্য ধন্যবাদ। আমি আপনার প্রশ্নটি দেখেছি এবং আপনার উদ্বেগ বুঝতে পেরেছি। আমি যথাসাধ্য আপনাকে সাহায্য করার চেষ্টা করব। আপনার বর্ণনা করা লক্ষণগুলো বিভিন্ন কারণে হতে পারে এবং এর সঠিক কারণ নির্ণয়ের জন্য একটি বিস্তারিত পরীক্ষা প্রয়োজন। তাই আমি আপনাকে একজন বিশেষজ্ঞ ডাক্তারের সাথে সরাসরি পরামর্শ করার পরামর্শ দিচ্ছি। প্রয়োজনীয় পরীক্ষা-নিরীক্ষা করানো উচিত এবং রিপোর্ট অনুযায়ী চিকিৎসা শুরু করা যেতে পারে। এই সময়ে পর্যাপ্ত বিশ্রাম নিন, প্রচুর পানি পান করুন এবং স্বাস্থ্যকর খাবার খান। ডাক্তারের পরামর্শ ছাড়া কোনো ওষুধ সেবন করবেন না। যদি সমস্যা বাড়তে থাকে বা তীব্র হয়, তাহলে দেরি না করে দ্রুত ডাক্তারের শরণাপন্ন হন। আশা করি এই উত্তরটি আপনাকে সাহায্য করবে। আরও কোনো প্রশ্ন থাকলে নির্দ্বিধায় জিজ্ঞাসা করতে পারেন। ধন্যবাদ।"
187,"হেলো, নাসেনিয়া ডকে আপনাকে স্বাগতম। আপনার অনুসন্ধানের জন্য ধন্যবাদ। আমি আপনার প্রশ্নটি দেখেছি এবং আপনার উদ্বেগ বুঝতে পেরেছি। আমি যথাসাধ্য আপনাকে সাহায্য করার চেষ্টা করব। আপনার বর্ণনা করা লক্ষণগুলো বিভিন্ন কারণে হতে পারে এবং এর সঠিক কারণ নির্ণয়ের জন্য একটি বিস্তারিত পরীক্ষা প্রয়োজন। তাই আমি আপনাকে একজন বিশেষজ্ঞ ডাক্তারের সাথে সরাসরি পরামর্শ করার পরামর্শ দিচ্ছি। প্রয়োজনীয় পরীক্ষা-নিরীক্ষা করানো উচিত এবং রিপোর্ট অনুযায়ী চিকিৎসা শুরু করা যেতে পারে। এই সময়ে পর্যাপ্ত বিশ্রাম নিন, প্রচুর পানি পান করুন এবং স্বাস্থ্যকর খাবার খান। ডাক্তারের পরামর্শ ছাড়া কোনো ওষুধ সেবন করবেন না। যদি সমস্যা বাড়তে থাকে বা তীব্র হয়, তাহলে দেরি না করে দ্রুত ডাক্তারের শরণাপন্ন হন। আশা করি এই উত্তরটি আপনাকে সাহায্য করবে। আরও কোনো প্রশ্ন থাকলে নির্দ্বিধায় জিজ্ঞাসা করতে পারেন। ধন্যবাদ।"
79916,"হেলো, নাসেনিয়া ডকে আপনাকে স্বাগতম। আপনার অনুসন্ধানের জন্য ধন্যবাদ। আমি আপনার প্রশ্নটি দেখেছি এবং আপনার উদ্বেগ বুঝতে পেরেছি। আমি যথাসাধ্য আপনাকে সাহায্য করার চেষ্টা করব। আপনার বর্ণনা করা লক্ষণগুলো বিভিন্ন কারণে হতে পারে এবং এর সঠিক কারণ নির্ণয়ের জন্য একটি বিস্তারিত পরীক্ষা প্রয়োজন। তাই আমি আপনাকে একজন বিশেষজ্ঞ ডাক্তারের সাথে সরাসরি পরামর্শ করার পরামর্শ দিচ্ছি। প্রয়োজনীয় পরীক্ষা-নিরীক্ষা করানো উচিত এবং রিপোর্ট অনুযায়ী চিকিৎসা শুরু করা যেতে পারে। এই সময়ে পর্যাপ্ত বিশ্রাম নিন, প্রচুর পানি পান করুন এবং স্বাস্থ্যকর খাবার খান। ডাক্তারের পরামর্শ ছাড়া কোনো ওষুধ সেবন করবেন না। যদি সমস্যা বাড়তে থাকে বা তীব্র হয়, তাহলে দেরি না করে দ্রুত ডাক্তারের শরণাপন্ন হন। আশা করি এই উত্তরটি আপনাকে সাহায্য করবে। আরও কোনো প্রশ্ন থাকলে নির্দ্বিধায় জিজ্ঞাসা করতে পারেন। ধন্যবাদ।"
95084,"হেলো, নাসেনিয়া ডকে আপনাকে স্বাগতম। আপনার অনুসন্ধানের জন্য ধন্যবাদ। আমি আপনার প্রশ্নটি দেখেছি এবং আপনার উদ্বেগ বুঝতে পেরেছি। আমি যথাসাধ্য আপনাকে সাহায্য করার চেষ্টা করব। আপনার বর্ণনা করা লক্ষণগুলো বিভিন্ন কারণে হতে পারে এবং এর সঠিক কারণ নির্ণয়ের জন্য একটি বিস্তারিত পরীক্ষা প্রয়োজন। তাই আমি আপনাকে একজন বিশেষজ্ঞ ডাক্তারের সাথে সরাসরি পরামর্শ করার পরামর্শ দিচ্ছি। প্রয়োজনীয় পরীক্ষা-নিরীক্ষা করানো উচিত এবং রিপোর্ট অনুযায়ী চিকিৎসা শুরু করা যেতে পারে। এই সময়ে পর্যাপ্ত বিশ্রাম নিন, প্রচুর পানি পান করুন এবং স্বাস্থ্যকর খাবার খান। ডাক্তারের পরামর্শ ছাড়া কোনো ওষুধ সেবন করবেন না। যদি সমস্যা বাড়তে থাকে বা তীব্র হয়, তাহলে দেরি না করে দ্রুত ডাক্তারের শরণাপন্ন হন। আশা করি এই উত্তরটি আপনাকে সাহায্য করবে। আরও কোনো প্রশ্ন থাকলে নির্দ্বিধায় জিজ্ঞাসা করতে পারেন। ধন্যবাদ।"
45131,"হেলো, নাসেনিয়া ডকে আপনাকে স্বাগতম। আপনার অনুসন্ধানের জন্য ধন্যবাদ। আমি আপনার প্রশ্নটি দেখেছি এবং আপনার উদ্বেগ বুঝতে পেরেছি। আমি যথাসাধ্য আপনাকে সাহায্য করার চেষ্টা করব। আপনার বর্ণনা করা লক্ষণগুলো বিভিন্ন কারণে হতে পারে এবং এর সঠিক কারণ নির্ণয়ের জন্য একটি বিস্তারিত পরীক্ষা প্রয়োজন। তাই আমি আপনাকে একজন বিশেষজ্ঞ ডাক্তারের সাথে সরাসরি পরামর্শ করার পরামর্শ দিচ্ছি। প্রয়োজনীয় পরীক্ষা-নিরীক্ষা করানো উচিত এবং রিপোর্ট অনুযায়ী চিকিৎসা শুরু করা যেতে পারে। এই সময়ে পর্যাপ্ত বিশ্রাম নিন, প্রচুর পানি পান করুন এবং স্বাস্থ্যকর খাবার খান। ডাক্তারের পরামর্শ ছাড়া কোনো ওষুধ সেবন করবেন না। যদি সমস্যা বাড়তে থাকে বা তীব্র হয়, তাহলে দেরি না করে দ্রুত ডাক্তারের শরণাপন্ন হন। আশা করি এই উত্তরটি আপনাকে সাহায্য করবে। আরও কোনো প্রশ্ন থাকলে নির্দ্বিধায় জিজ্ঞাসা করতে পারেন। ধন্যবাদ।"
106263,"হেলো, নাসেনিয়া ডকে আপনাকে স্বাগতম। আপনার অনুসন্ধানের জন্য ধন্যবাদ। আমি আপনার প্রশ্নটি দেখেছি এবং আপনার উদ্বেগ বুঝতে পেরেছি। আমি যথাসাধ্য আপনাকে সাহায্য করার চেষ্টা করব। আপনার বর্ণনা করা লক্ষণগুলো বিভিন্ন কারণে হতে পারে এবং এর সঠিক কারণ নির্ণয়ের জন্য একটি বিস্তারিত পরীক্ষা প্রয়োজন। তাই আমি আপনাকে একজন বিশেষজ্ঞ ডাক্তারের সাথে সরাসরি পরামর্শ করার পরামর্শ দিচ্ছি। প্রয়োজনীয় পরীক্ষা-নিরীক্ষা করানো উচিত এবং রিপোর্ট অনুযায়ী চিকিৎসা শুরু করা যেতে পারে। এই সময়ে পর্যাপ্ত বিশ্রাম নিন, প্রচুর পানি পান করুন এবং স্বাস্থ্যকর খাবার খান। ডাক্তারের পরামর্শ ছাড়া কোনো ওষুধ সেবন করবেন না। যদি সমস্যা বাড়তে থাকে বা তীব্র হয়, তাহলে দেরি না করে দ্রুত ডাক্তারের শরণাপন্ন হন। আশা করি এই উত্তরটি আপনাকে সাহায্য করবে। আরও কোনো প্রশ্ন থাকলে নির্দ্বিধায় জিজ্ঞাসা করতে পারেন। ধন্যবাদ।"
69532,"হেলো, নাসেনিয়া ডকে আপনাকে স্বাগতম। আপনার অনুসন্ধানের জন্য ধন্যবাদ। আমি আপনার প্রশ্নটি দেখেছি এবং আপনার উদ্বেগ বুঝতে পেরেছি। আমি যথাসাধ্য আপনাকে সাহায্য করার চেষ্টা করব। আপনার বর্ণনা করা লক্ষণগুলো বিভিন্ন কারণে হতে পারে এবং এর সঠিক কারণ নির্ণয়ের জন্য একটি বিস্তারিত পরীক্ষা প্রয়োজন। তাই আমি আপনাকে একজন বিশেষজ্ঞ ডাক্তারের সাথে সরাসরি পরামর্শ করার পরামর্শ দিচ্ছি। প্রয়োজনীয় পরীক্ষা-নিরীক্ষা করানো উচিত এবং রিপোর্ট অনুযায়ী চিকিৎসা শুরু করা যেতে পারে। এই সময়ে পর্যাপ্ত বিশ্রাম নিন, প্রচুর পানি পান করুন এবং স্বাস্থ্যকর খাবার খান। ডাক্তারের পরামর্শ ছাড়া কোনো ওষুধ সেবন করবেন না। যদি সমস্যা বাড়তে থাকে বা তীব্র হয়, তাহলে দেরি না করে দ্রুত ডাক্তারের শরণাপন্ন হন। আশা করি এই উত্তরটি আপনাকে সাহায্য করবে। আরও কোনো প্রশ্ন থাকলে নির্দ্বিধায় জিজ্ঞাসা করতে পারেন। ধন্যবাদ।"
40338,"হেলো, নাসেনিয়া ডকে আপনাকে স্বাগতম। আপনার অনুসন্ধানের জন্য ধন্যবাদ। আমি আপনার প্রশ্নটি দেখেছি এবং আপনার উদ্বেগ বুঝতে পেরেছি। আমি যথাসাধ্য আপনাকে সাহায্য করার চেষ্টা করব। আপনার বর্ণনা করা লক্ষণগুলো বিভিন্ন কারণে হতে পারে এবং এর সঠিক কারণ নির্ণয়ের জন্য একটি বিস্তারিত পরীক্ষা প্রয়োজন। তাই আমি আপনাকে একজন বিশেষজ্ঞ ডাক্তারের সাথে সরাসরি পরামর্শ করার পরামর্শ দিচ্ছি। প্রয়োজনীয় পরীক্ষা-নিরীক্ষা করানো উচিত এবং রিপোর্ট অনুযায়ী চিকিৎসা শুরু করা যেতে পারে। এই সময়ে পর্যাপ্ত বিশ্রাম নিন, প্রচুর পানি পান করুন এবং স্বাস্থ্যকর খাবার খান। ডাক্তারের পরামর্শ ছাড়া কোনো ওষুধ সেবন করবেন না। যদি সমস্যা বাড়তে থাকে বা তীব্র হয়, তাহলে দেরি না করে দ্রুত ডাক্তারের শরণাপন্ন হন। আশা করি এই উত্তরটি আপনাকে সাহায্য করবে। আরও কোনো প্রশ্ন থাকলে নির্দ্বিধায় জিজ্ঞাসা করতে পারেন। ধন্যবাদ।"
44799,"হেলো, নাসেনিয়া ডকে আপনাকে স্বাগতম। আপনার অনুসন্ধানের জন্য ধন্যবাদ। আমি আপনার প্রশ্নটি দেখেছি এবং আপনার উদ্বেগ বুঝতে পেরেছি। আমি যথাসাধ্য আপনাকে সাহায্য করার চেষ্টা করব। আপনার বর্ণনা করা লক্ষণগুলো বিভিন্ন কারণে হতে পারে এবং এর সঠিক কারণ নির্ণয়ের জন্য একটি বিস্তারিত পরীক্ষা প্রয়োজন। তাই আমি আপনাকে একজন বিশেষজ্ঞ ডাক্তারের সাথে সরাসরি পরামর্শ করার পরামর্শ দিচ্ছি। প্রয়োজনীয় পরীক্ষা-নিরীক্ষা করানো উচিত এবং রিপোর্ট অনুযায়ী চিকিৎসা শুরু করা যেতে পারে। এই সময়ে পর্যাপ্ত বিশ্রাম নিন, প্রচুর পানি পান করুন এবং স্বাস্থ্যকর খাবার খান। ডাক্তারের পরামর্শ ছাড়া কোনো ওষুধ সেবন করবেন না। যদি সমস্যা বাড়তে থাকে বা তীব্র হয়, তাহলে দেরি না করে দ্রুত ডাক্তারের শরণাপন্ন হন। আশা করি এই উত্তরটি আপনাকে সাহায্য করবে। আরও কোনো প্রশ্ন থাকলে নির্দ্বিধায় জিজ্ঞাসা করতে পারেন। ধন্যবাদ।"
98165,"হেলো, নাসেনিয়া ডকে আপনাকে স্বাগতম। আপনার অনুসন্ধানের জন্য ধন্যবাদ। আমি আপনার প্রশ্নটি দেখেছি এবং আপনার উদ্বেগ বুঝতে পেরেছি। আমি যথাসাধ্য আপনাকে সাহায্য করার চেষ্টা করব। আপনার বর্ণনা করা লক্ষণগুলো বিভিন্ন কারণে হতে পারে এবং এর সঠিক কারণ নির্ণয়ের জন্য একটি বিস্তারিত পরীক্ষা প্রয়োজন। তাই আমি আপনাকে একজন বিশেষজ্ঞ ডাক্তারের সাথে সরাসরি পরামর্শ করার পরামর্শ দিচ্ছি। প্রয়োজনীয় পরীক্ষা-নিরীক্ষা করানো উচিত এবং রিপোর্ট অনুযায়ী চিকিৎসা শুরু করা যেতে পারে। এই সময়ে পর্যাপ্ত বিশ্রাম নিন, প্রচুর পানি পান করুন এবং স্বাস্থ্যকর খাবার খান। ডাক্তারের পরামর্শ ছাড়া কোনো ওষুধ সেবন করবেন না। যদি সমস্যা বাড়তে থাকে বা তীব্র হয়, তাহলে দেরি না করে দ্রুত ডাক্তারের শরণাপন্ন হন। আশা করি এই উত্তরটি আপনাকে সাহায্য করবে। আরও কোনো প্রশ্ন থাকলে নির্দ্বিধায় জিজ্ঞাসা করতে পারেন। ধন্যবাদ।"
92523,"হেলো, নাসেনিয়া ডকে আপনাকে স্বাগতম। আপনার অনুসন্ধানের জন্য ধন্যবাদ। আমি আপনার প্রশ্নটি দেখেছি এবং আপনার উদ্বেগ বুঝতে পেরেছি। আমি যথাসাধ্য আপনাকে সাহায্য করার চেষ্টা করব। আপনার বর্ণনা করা লক্ষণগুলো বিভিন্ন কারণে হতে পারে এবং এর সঠিক কারণ নির্ণয়ের জন্য একটি বিস্তারিত পরীক্ষা প্রয়োজন। তাই আমি আপনাকে একজন বিশেষজ্ঞ ডাক্তারের সাথে সরাসরি পরামর্শ করার পরামর্শ দিচ্ছি। প্রয়োজনীয় পরীক্ষা-নিরীক্ষা করানো উচিত এবং রিপোর্ট অনুযায়ী চিকিৎসা শুরু করা যেতে পারে। এই সময়ে পর্যাপ্ত বিশ্রাম নিন, প্রচুর পানি পান করুন এবং স্বাস্থ্যকর খাবার খান। ডাক্তারের পরামর্শ ছাড়া কোনো ওষুধ সেবন করবেন না। যদি সমস্যা বাড়তে থাকে বা তীব্র হয়, তাহলে দেরি না করে দ্রুত ডাক্তারের শরণাপন্ন হন। আশা করি এই উত্তরটি আপনাকে সাহায্য করবে। আরও কোনো প্রশ্ন থাকলে নির্দ্বিধায় জিজ্ঞাসা করতে পারেন। ধন্যবাদ।"
8063,"হেলো, নাসেনিয়া ডকে আপনাকে স্বাগতম। আপনার অনুসন্ধানের জন্য ধন্যবাদ। আমি আপনার প্রশ্নটি দেখেছি এবং আপনার উদ্বেগ বুঝতে পেরেছি। আমি যথাসাধ্য আপনাকে সাহায্য করার চেষ্টা করব। আপনার বর্ণনা করা লক্ষণগুলো বিভিন্ন কারণে হতে পারে এবং এর সঠিক কারণ নির্ণয়ের জন্য একটি বিস্তারিত পরীক্ষা প্রয়োজন। তাই আমি আপনাকে একজন বিশেষজ্ঞ ডাক্তারের সাথে সরাসরি পরামর্শ করার পরামর্শ দিচ্ছি। প্রয়োজনীয় পরীক্ষা-নিরীক্ষা করানো উচিত এবং রিপোর্ট অনুযায়ী চিকিৎসা শুরু করা যেতে পারে। এই সময়ে পর্যাপ্ত বিশ্রাম নিন, প্রচুর পানি পান করুন এবং স্বাস্থ্যকর খাবার খান। ডাক্তারের পরামর্শ ছাড়া কোনো ওষুধ সেবন করবেন না। যদি সমস্যা বাড়তে থাকে বা তীব্র হয়, তাহলে দেরি না করে দ্রুত ডাক্তারের শরণাপন্ন হন। আশা করি এই উত্তরটি আপনাকে সাহায্য করবে। আরও কোনো প্রশ্ন থাকলে নির্দ্বিধায় জিজ্ঞাসা করতে পারেন। ধন্যবাদ।"
82796,"হেলো, নাসেনিয়া ডকে আপনাকে স্বাগতম। আপনার অনুসন্ধানের জন্য ধন্যবাদ। আমি আপনার প্রশ্নটি দেখেছি এবং আপনার উদ্বেগ বুঝতে পেরেছি। আমি যথাসাধ্য আপনাকে সাহায্য করার চেষ্টা করব। আপনার বর্ণনা করা লক্ষণগুলো বিভিন্ন কারণে হতে পারে এবং এর সঠিক কারণ নির্ণয়ের জন্য একটি বিস্তারিত পরীক্ষা প্রয়োজন। তাই আমি আপনাকে একজন বিশেষজ্ঞ ডাক্তারের সাথে সরাসরি পরামর্শ করার পরামর্শ দিচ্ছি। প্রয়োজনীয় পরীক্ষা-নিরীক্ষা করানো উচিত এবং রিপোর্ট অনুযায়ী চিকিৎসা শুরু করা যেতে পারে। এই সময়ে পর্যাপ্ত বিশ্রাম নিন, প্রচুর পানি পান করুন এবং স্বাস্থ্যকর খাবার খান। ডাক্তারের পরামর্শ ছাড়া কোনো ওষুধ সেবন করবেন না। যদি সমস্যা বাড়তে থাকে বা তীব্র হয়, তাহলে দেরি না করে দ্রুত ডাক্তারের শরণাপন্ন হন। আশা করি এই উত্তরটি আপনাকে সাহায্য করবে। আরও কোনো প্রশ্ন থাকলে নির্দ্বিধায় জিজ্ঞাসা করতে পারেন। ধন্যবাদ।"
86468,"হেলো, নাসেনিয়া ডকে আপনাকে স্বাগতম। আপনার অনুসন্ধানের জন্য ধন্যবাদ। আমি আপনার প্রশ্নটি দেখেছি এবং আপনার উদ্বেগ বুঝতে পেরেছি। আমি যথাসাধ্য আপনাকে সাহায্য করার চেষ্টা করব। আপনার বর্ণনা করা লক্ষণগুলো বিভিন্ন কারণে হতে পারে এবং এর সঠিক কারণ নির্ণয়ের জন্য একটি বিস্তারিত পরীক্ষা প্রয়োজন। তাই আমি আপনাকে একজন বিশেষজ্ঞ ডাক্তারের সাথে সরাসরি পরামর্শ করার পরামর্শ দিচ্ছি। প্রয়োজনীয় পরীক্ষা-নিরীক্ষা করানো উচিত এবং রিপোর্ট অনুযায়ী চিকিৎসা শুরু করা যেতে পারে। এই সময়ে পর্যাপ্ত বিশ্রাম নিন, প্রচুর পানি পান করুন এবং স্বাস্থ্যকর খাবার খান। ডাক্তারের পরামর্শ ছাড়া কোনো ওষুধ সেবন করবেন না। যদি সমস্যা বাড়তে থাকে বা তীব্র হয়, তাহলে দেরি না করে দ্রুত ডাক্তারের শরণাপন্ন হন। আশা করি এই উত্তরটি আপনাকে সাহায্য করবে। আরও কোনো প্রশ্ন থাকলে নির্দ্বিধায় জিজ্ঞাসা করতে পারেন। ধন্যবাদ।"
60608,"হেলো, নাসেনিয়া ডকে আপনাকে স্বাগতম। আপনার অনুসন্ধানের জন্য ধন্যবাদ। আমি আপনার প্রশ্নটি দেখেছি এবং আপনার উদ্বেগ বুঝতে পেরেছি। আমি যথাসাধ্য আপনাকে সাহায্য করার চেষ্টা করব। আপনার বর্ণনা করা লক্ষণগুলো বিভিন্ন কারণে হতে পারে এবং এর সঠিক কারণ নির্ণয়ের জন্য একটি বিস্তারিত পরীক্ষা প্রয়োজন। তাই আমি আপনাকে একজন বিশেষজ্ঞ ডাক্তারের সাথে সরাসরি পরামর্শ করার পরামর্শ দিচ্ছি। প্রয়োজনীয় পরীক্ষা-নিরীক্ষা করানো উচিত এবং রিপোর্ট অনুযায়ী চিকিৎসা শুরু করা যেতে পারে। এই সময়ে পর্যাপ্ত বিশ্রাম নিন, প্রচুর পানি পান করুন এবং স্বাস্থ্যকর খাবার খান। ডাক্তারের পরামর্শ ছাড়া কোনো ওষুধ সেবন করবেন না। যদি সমস্যা বাড়তে থাকে বা তীব্র হয়, তাহলে দেরি না করে দ্রুত ডাক্তারের শরণাপন্ন হন। আশা করি এই উত্তরটি আপনাকে সাহায্য করবে। আরও কোনো প্রশ্ন থাকলে নির্দ্বিধায় জিজ্ঞাসা করতে পারেন। ধন্যবাদ।"
77907,"হেলো, নাসেনিয়া ডকে আপনাকে স্বাগতম। আপনার অনুসন্ধানের জন্য ধন্যবাদ। আমি আপনার প্রশ্নটি দেখেছি এবং আপনার উদ্বেগ বুঝতে পেরেছি। আমি যথাসাধ্য আপনাকে সাহায্য করার চেষ্টা করব। আপনার বর্ণনা করা লক্ষণগুলো বিভিন্ন কারণে হতে পারে এবং এর সঠিক কারণ নির্ণয়ের জন্য একটি বিস্তারিত পরীক্ষা প্রয়োজন। তাই আমি আপনাকে একজন বিশেষজ্ঞ ডাক্তারের সাথে সরাসরি পরামর্শ করার পরামর্শ দিচ্ছি। প্রয়োজনীয় পরীক্ষা-নিরীক্ষা করানো উচিত এবং রিপোর্ট অনুযায়ী চিকিৎসা শুরু করা যেতে পারে। এই সময়ে পর্যাপ্ত বিশ্রাম নিন, প্রচুর পানি পান করুন এবং স্বাস্থ্যকর খাবার খান। ডাক্তারের পরামর্শ ছাড়া কোনো ওষুধ সেবন করবেন না। যদি সমস্যা বাড়তে থাকে বা তীব্র হয়, তাহলে দেরি না করে দ্রুত ডাক্তারের শরণাপন্ন হন। আশা করি এই উত্তরটি আপনাকে সাহায্য করবে। আরও কোনো প্রশ্ন থাকলে নির্দ্বিধায় জিজ্ঞাসা করতে পারেন। ধন্যবাদ।"
2106,"হেলো, নাসেনিয়া ডকে আপনাকে স্বাগতম। আপনার অনুসন্ধানের জন্য ধন্যবাদ। আমি আপনার প্রশ্নটি দেখেছি এবং আপনার উদ্বেগ বুঝতে পেরেছি। আমি যথাসাধ্য আপনাকে সাহায্য করার চেষ্টা করব। আপনার বর্ণনা করা লক্ষণগুলো বিভিন্ন কারণে হতে পারে এবং এর সঠিক কারণ নির্ণয়ের জন্য একটি বিস্তারিত পরীক্ষা প্রয়োজন। তাই আমি আপনাকে একজন বিশেষজ্ঞ ডাক্তারের সাথে সরাসরি পরামর্শ করার পরামর্শ দিচ্ছি। প্রয়োজনীয় পরীক্ষা-নিরীক্ষা করানো উচিত এবং রিপোর্ট অনুযায়ী চিকিৎসা শুরু করা যেতে পারে। এই সময়ে পর্যাপ্ত বিশ্রাম নিন, প্রচুর পানি পান করুন এবং স্বাস্থ্যকর খাবার খান। ডাক্তারের পরামর্শ ছাড়া কোনো ওষুধ সেবন করবেন না। যদি সমস্যা বাড়তে থাকে বা তীব্র হয়, তাহলে দেরি না করে দ্রুত ডাক্তারের শরণাপন্ন হন। আশা করি এই উত্তরটি আপনাকে সাহায্য করবে। আরও কোনো প্রশ্ন থাকলে নির্দ্বিধায় জিজ্ঞাসা করতে পারেন। ধন্যবাদ।"
5399,"হেলো, নাসেনিয়া ডকে আপনাকে স্বাগতম। আপনার অনুসন্ধানের জন্য ধন্যবাদ। আমি আপনার প্রশ্নটি দেখেছি এবং আপনার উদ্বেগ বুঝতে পেরেছি। আমি যথাসাধ্য আপনাকে সাহায্য করার চেষ্টা করব। আপনার বর্ণনা করা লক্ষণগুলো বিভিন্ন কারণে হতে পারে এবং এর সঠিক কারণ নির্ণয়ের জন্য একটি বিস্তারিত পরীক্ষা প্রয়োজন। তাই আমি আপনাকে একজন বিশেষজ্ঞ ডাক্তারের সাথে সরাসরি পরামর্শ করার পরামর্শ দিচ্ছি। প্রয়োজনীয় পরীক্ষা-নিরীক্ষা করানো উচিত এবং রিপোর্ট অনুযায়ী চিকিৎসা শুরু করা যেতে পারে। এই সময়ে পর্যাপ্ত বিশ্রাম নিন, প্রচুর পানি পান করুন এবং স্বাস্থ্যকর খাবার খান। ডাক্তারের পরামর্শ ছাড়া কোনো ওষুধ সেবন করবেন না। যদি সমস্যা বাড়তে থাকে বা তীব্র হয়, তাহলে দেরি না করে দ্রুত ডাক্তারের শরণাপন্ন হন। আশা করি এই উত্তরটি আপনাকে সাহায্য করবে। আরও কোনো প্রশ্ন থাকলে নির্দ্বিধায় জিজ্ঞাসা করতে পারেন। ধন্যবাদ।"
87026,"হেলো, নাসেনিয়া ডকে আপনাকে স্বাগতম। আপনার অনুসন্ধানের জন্য ধন্যবাদ। আমি আপনার প্রশ্নটি দেখেছি এবং আপনার উদ্বেগ বুঝতে পেরেছি। আমি যথাসাধ্য আপনাকে সাহায্য করার চেষ্টা করব। আপনার বর্ণনা করা লক্ষণগুলো বিভিন্ন কারণে হতে পারে এবং এর সঠিক কারণ নির্ণয়ের জন্য একটি বিস্তারিত পরীক্ষা প্রয়োজন। তাই আমি আপনাকে একজন বিশেষজ্ঞ ডাক্তারের সাথে সরাসরি পরামর্শ করার পরামর্শ দিচ্ছি। প্রয়োজনীয় পরীক্ষা-নিরীক্ষা করানো উচিত এবং রিপোর্ট অনুযায়ী চিকিৎসা শুরু করা যেতে পারে। এই সময়ে পর্যাপ্ত বিশ্রাম নিন, প্রচুর পানি পান করুন এবং স্বাস্থ্যকর খাবার খান। ডাক্তারের পরামর্শ ছাড়া কোনো ওষুধ সেবন করবেন না। যদি সমস্যা বাড়তে থাকে বা তীব্র হয়, তাহলে দেরি না করে দ্রুত ডাক্তারের শরণাপন্ন হন। আশা করি এই উত্তরটি আপনাকে সাহায্য করবে। আরও কোনো প্রশ্ন থাকলে নির্দ্বিধায় জিজ্ঞাসা করতে পারেন। ধন্যবাদ।"
7034,"হেলো, নাসেনিয়া ডকে আপনাকে স্বাগতম। আপনার অনুসন্ধানের জন্য ধন্যবাদ। আমি আপনার প্রশ্নটি দেখেছি এবং আপনার উদ্বেগ বুঝতে পেরেছি। আমি যথাসাধ্য আপনাকে সাহায্য করার চেষ্টা করব। আপনার বর্ণনা করা লক্ষণগুলো বিভিন্ন কারণে হতে পারে এবং এর সঠিক কারণ নির্ণয়ের জন্য একটি বিস্তারিত পরীক্ষা প্রয়োজন। তাই আমি আপনাকে একজন বিশেষজ্ঞ ডাক্তারের সাথে সরাসরি পরামর্শ করার পরামর্শ দিচ্ছি। প্রয়োজনীয় পরীক্ষা-নিরীক্ষা করানো উচিত এবং রিপোর্ট অনুযায়ী চিকিৎসা শুরু করা যেতে পারে। এই সময়ে পর্যাপ্ত বিশ্রাম নিন, প্রচুর পানি পান করুন এবং স্বাস্থ্যকর খাবার খান। ডাক্তারের পরামর্শ ছাড়া কোনো ওষুধ সেবন করবেন না। যদি সমস্যা বাড়তে থাকে বা তীব্র হয়, তাহলে দেরি না করে দ্রুত ডাক্তারের শরণাপন্ন হন। আশা করি এই উত্তরটি আপনাকে সাহায্য করবে। আরও কোনো প্রশ্ন থাকলে নির্দ্বিধায় জিজ্ঞাসা করতে পারেন। ধন্যবাদ।"
30140,"হেলো, নাসেনিয়া ডকে আপনাকে স্বাগতম। আপনার অনুসন্ধানের জন্য ধন্যবাদ। আমি আপনার প্রশ্নটি দেখেছি এবং আপনার উদ্বেগ বুঝতে পেরেছি। আমি যথাসাধ্য আপনাকে সাহায্য করার চেষ্টা করব। আপনার বর্ণনা করা লক্ষণগুলো বিভিন্ন কারণে হতে পারে এবং এর সঠিক কারণ নির্ণয়ের জন্য একটি বিস্তারিত পরীক্ষা প্রয়োজন। তাই আমি আপনাকে একজন বিশেষজ্ঞ ডাক্তারের সাথে সরাসরি পরামর্শ করার পরামর্শ দিচ্ছি। প্রয়োজনীয় পরীক্ষা-নিরীক্ষা করানো উচিত এবং রিপোর্ট অনুযায়ী চিকিৎসা শুরু করা যেতে পারে। এই সময়ে পর্যাপ্ত বিশ্রাম নিন, প্রচুর পানি পান করুন এবং স্বাস্থ্যকর খাবার খান। ডাক্তারের পরামর্শ ছাড়া কোনো ওষুধ সেবন করবেন না। যদি সমস্যা বাড়তে থাকে বা তীব্র হয়, তাহলে দেরি না করে দ্রুত ডাক্তারের শরণাপন্ন হন। আশা করি এই উত্তরটি আপনাকে সাহায্য করবে। আরও কোনো প্রশ্ন থাকলে নির্দ্বিধায় জিজ্ঞাসা করতে পারেন। ধন্যবাদ।"
76387,"হেলো, নাসেনিয়া ডকে আপনাকে স্বাগতম। আপনার অনুসন্ধানের জন্য ধন্যবাদ। আমি আপনার প্রশ্নটি দেখেছি এবং আপনার উদ্বেগ বুঝতে পেরেছি। আমি যথাসাধ্য আপনাকে সাহায্য করার চেষ্টা করব। আপনার বর্ণনা করা লক্ষণগুলো বিভিন্ন কারণে হতে পারে এবং এর সঠিক কারণ নির্ণয়ের জন্য একটি বিস্তারিত পরীক্ষা প্রয়োজন। তাই আমি আপনাকে একজন বিশেষজ্ঞ ডাক্তারের সাথে সরাসরি পরামর্শ করার পরামর্শ দিচ্ছি। প্রয়োজনীয় পরীক্ষা-নিরীক্ষা করানো উচিত এবং রিপোর্ট অনুযায়ী চিকিৎসা শুরু করা যেতে পারে। এই সময়ে পর্যাপ্ত বিশ্রাম নিন, প্রচুর পানি পান করুন এবং স্বাস্থ্যকর খাবার খান। ডাক্তারের পরামর্শ ছাড়া কোনো ওষুধ সেবন করবেন না। যদি সমস্যা বাড়তে থাকে বা তীব্র হয়, তাহলে দেরি না করে দ্রুত ডাক্তারের শরণাপন্ন হন। আশা করি এই উত্তরটি আপনাকে সাহায্য করবে। আরও কোনো প্রশ্ন থাকলে নির্দ্বিধায় জিজ্ঞাসা করতে পারেন। ধন্যবাদ।"
110911,"হেলো, নাসেনিয়া ডকে আপনাকে স্বাগতম। আপনার অনুসন্ধানের জন্য ধন্যবাদ। আমি আপনার প্রশ্নটি দেখেছি এবং আপনার উদ্বেগ বুঝতে পেরেছি। আমি যথাসাধ্য আপনাকে সাহায্য করার চেষ্টা করব। আপনার বর্ণনা করা লক্ষণগুলো বিভিন্ন কারণে হতে পারে এবং এর সঠিক কারণ নির্ণয়ের জন্য একটি বিস্তারিত পরীক্ষা প্রয়োজন। তাই আমি আপনাকে একজন বিশেষজ্ঞ ডাক্তারের সাথে সরাসরি পরামর্শ করার পরামর্শ দিচ্ছি। প্রয়োজনীয় পরীক্ষা-নিরীক্ষা করানো উচিত এবং রিপোর্ট অনুযায়ী চিকিৎসা শুরু করা যেতে পারে। এই সময়ে পর্যাপ্ত বিশ্রাম নিন, প্রচুর পানি পান করুন এবং স্বাস্থ্যকর খাবার খান। ডাক্তারের পরামর্শ ছাড়া কোনো ওষুধ সেবন করবেন না। যদি সমস্যা বাড়তে থাকে বা তীব্র হয়, তাহলে দেরি না করে দ্রুত ডাক্তারের শরণাপন্ন হন। আশা করি এই উত্তরটি আপনাকে সাহায্য করবে। আরও কোনো প্রশ্ন থাকলে নির্দ্বিধায় জিজ্ঞাসা করতে পারেন। ধন্যবাদ।"
102472,"হেলো, নাসেনিয়া ডকে আপনাকে স্বাগতম। আপনার অনুসন্ধানের জন্য ধন্যবাদ। আমি আপনার প্রশ্নটি দেখেছি এবং আপনার উদ্বেগ বুঝতে পেরেছি। আমি যথাসাধ্য আপনাকে সাহায্য করার চেষ্টা করব। আপনার বর্ণনা করা লক্ষণগুলো বিভিন্ন কারণে হতে পারে এবং এর সঠিক কারণ নির্ণয়ের জন্য একটি বিস্তারিত পরীক্ষা প্রয়োজন। তাই আমি আপনাকে একজন বিশেষজ্ঞ ডাক্তারের সাথে সরাসরি পরামর্শ করার পরামর্শ দিচ্ছি। প্রয়োজনীয় পরীক্ষা-নিরীক্ষা করানো উচিত এবং রিপোর্ট অনুযায়ী চিকিৎসা শুরু করা যেতে পারে। এই সময়ে পর্যাপ্ত বিশ্রাম নিন, প্রচুর পানি পান করুন এবং স্বাস্থ্যকর খাবার খান। ডাক্তারের পরামর্শ ছাড়া কোনো ওষুধ সেবন করবেন না। যদি সমস্যা বাড়তে থাকে বা তীব্র হয়, তাহলে দেরি না করে দ্রুত ডাক্তারের শরণাপন্ন হন। আশা করি এই উত্তরটি আপনাকে সাহায্য করবে। আরও কোনো প্রশ্ন থাকলে নির্দ্বিধায় জিজ্ঞাসা করতে পারেন। ধন্যবাদ।"
28014,"হেলো, নাসেনিয়া ডকে আপনাকে স্বাগতম। আপনার অনুসন্ধানের জন্য ধন্যবাদ। আমি আপনার প্রশ্নটি দেখেছি এবং আপনার উদ্বেগ বুঝতে পেরেছি। আমি যথাসাধ্য আপনাকে সাহায্য করার চেষ্টা করব। আপনার বর্ণনা করা লক্ষণগুলো বিভিন্ন কারণে হতে পারে এবং এর সঠিক কারণ নির্ণয়ের জন্য একটি বিস্তারিত পরীক্ষা প্রয়োজন। তাই আমি আপনাকে একজন বিশেষজ্ঞ ডাক্তারের সাথে সরাসরি পরামর্শ করার পরামর্শ দিচ্ছি। প্রয়োজনীয় পরীক্ষা-নিরীক্ষা করানো উচিত এবং রিপোর্ট অনুযায়ী চিকিৎসা শুরু করা যেতে পারে। এই সময়ে পর্যাপ্ত বিশ্রাম নিন, প্রচুর পানি পান করুন এবং স্বাস্থ্যকর খাবার খান। ডাক্তারের পরামর্শ ছাড়া কোনো ওষুধ সেবন করবেন না। যদি সমস্যা বাড়তে থাকে বা তীব্র হয়, তাহলে দেরি না করে দ্রুত ডাক্তারের শরণাপন্ন হন। আশা করি এই উত্তরটি আপনাকে সাহায্য করবে। আরও কোনো প্রশ্ন থাকলে নির্দ্বিধায় জিজ্ঞাসা করতে পারেন। ধন্যবাদ।"
28080,"হেলো, নাসেনিয়া ডকে আপনাকে স্বাগতম। আপনার অনুসন্ধানের জন্য ধন্যবাদ। আমি আপনার প্রশ্নটি দেখেছি এবং আপনার উদ্বেগ বুঝতে পেরেছি। আমি যথাসাধ্য আপনাকে সাহায্য করার চেষ্টা করব। আপনার বর্ণনা করা লক্ষণগুলো বিভিন্ন কারণে হতে পারে এবং এর সঠিক কারণ নির্ণয়ের জন্য একটি বিস্তারিত পরীক্ষা প্রয়োজন। তাই আমি আপনাকে একজন বিশেষজ্ঞ ডাক্তারের সাথে সরাসরি পরামর্শ করার পরামর্শ দিচ্ছি। প্রয়োজনীয় পরীক্ষা-নিরীক্ষা করানো উচিত এবং রিপোর্ট অনুযায়ী চিকিৎসা শুরু করা যেতে পারে। এই সময়ে পর্যাপ্ত বিশ্রাম নিন, প্রচুর পানি পান করুন এবং স্বাস্থ্যকর খাবার খান। ডাক্তারের পরামর্শ ছাড়া কোনো ওষুধ সেবন করবেন না। যদি সমস্যা বাড়তে থাকে বা তীব্র হয়, তাহলে দেরি না করে দ্রুত ডাক্তারের শরণাপন্ন হন। আশা করি এই উত্তরটি আপনাকে সাহায্য করবে। আরও কোনো প্রশ্ন থাকলে নির্দ্বিধায় জিজ্ঞাসা করতে পারেন। ধন্যবাদ।"
70496,"হেলো, নাসেনিয়া ডকে আপনাকে স্বাগতম। আপনার অনুসন্ধানের জন্য ধন্যবাদ। আমি আপনার প্রশ্নটি দেখেছি এবং আপনার উদ্বেগ বুঝতে পেরেছি। আমি যথাসাধ্য আপনাকে সাহায্য করার চেষ্টা করব। আপনার বর্ণনা করা লক্ষণগুলো বিভিন্ন কারণে হতে পারে এবং এর সঠিক কারণ নির্ণয়ের জন্য একটি বিস্তারিত পরীক্ষা প্রয়োজন। তাই আমি আপনাকে একজন বিশেষজ্ঞ ডাক্তারের সাথে সরাসরি পরামর্শ করার পরামর্শ দিচ্ছি। প্রয়োজনীয় পরীক্ষা-নিরীক্ষা করানো উচিত এবং রিপোর্ট অনুযায়ী চিকিৎসা শুরু করা যেতে পারে। এই সময়ে পর্যাপ্ত বিশ্রাম নিন, প্রচুর পানি পান করুন এবং স্বাস্থ্যকর খাবার খান। ডাক্তারের পরামর্শ ছাড়া কোনো ওষুধ সেবন করবেন না। যদি সমস্যা বাড়তে থাকে বা তীব্র হয়, তাহলে দেরি না করে দ্রুত ডাক্তারের শরণাপন্ন হন। আশা করি এই উত্তরটি আপনাকে সাহায্য করবে। আরও কোনো প্রশ্ন থাকলে নির্দ্বিধায় জিজ্ঞাসা করতে পারেন। ধন্যবাদ।"
19245,"হেলো, নাসেনিয়া ডকে আপনাকে স্বাগতম। আপনার অনুসন্ধানের জন্য ধন্যবাদ। আমি আপনার প্রশ্নটি দেখেছি এবং আপনার উদ্বেগ বুঝতে পেরেছি। আমি যথাসাধ্য আপনাকে সাহায্য করার চেষ্টা করব। আপনার বর্ণনা করা লক্ষণগুলো বিভিন্ন কারণে হতে পারে এবং এর সঠিক কারণ নির্ণয়ের জন্য একটি বিস্তারিত পরীক্ষা প্রয়োজন। তাই আমি আপনাকে একজন বিশেষজ্ঞ ডাক্তারের সাথে সরাসরি পরামর্শ করার পরামর্শ দিচ্ছি। প্রয়োজনীয় পরীক্ষা-নিরীক্ষা করানো উচিত এবং রিপোর্ট অনুযায়ী চিকিৎসা শুরু করা যেতে পারে। এই সময়ে পর্যাপ্ত বিশ্রাম নিন, প্রচুর পানি পান করুন এবং স্বাস্থ্যকর খাবার খান। ডাক্তারের পরামর্শ ছাড়া কোনো ওষুধ সেবন করবেন না। যদি সমস্যা বাড়তে থাকে বা তীব্র হয়, তাহলে দেরি না করে দ্রুত ডাক্তারের শরণাপন্ন হন। আশা করি এই উত্তরটি আপনাকে সাহায্য করবে। আরও কোনো প্রশ্ন থাকলে নির্দ্বিধায় জিজ্ঞাসা করতে পারেন। ধন্যবাদ।"
21450,"হেলো, নাসেনিয়া ডকে আপনাকে স্বাগতম। আপনার অনুসন্ধানের জন্য ধন্যবাদ। আমি আপনার প্রশ্নটি দেখেছি এবং আপনার উদ্বেগ বুঝতে পেরেছি। আমি যথাসাধ্য আপনাকে সাহায্য করার চেষ্টা করব। আপনার বর্ণনা করা লক্ষণগুলো বিভিন্ন কারণে হতে পারে এবং এর সঠিক কারণ নির্ণয়ের জন্য একটি বিস্তারিত পরীক্ষা প্রয়োজন। তাই আমি আপনাকে একজন বিশেষজ্ঞ ডাক্তারের সাথে সরাসরি পরামর্শ করার পরামর্শ দিচ্ছি। প্রয়োজনীয় পরীক্ষা-নিরীক্ষা করানো উচিত এবং রিপোর্ট অনুযায়ী চিকিৎসা শুরু করা যেতে পারে। এই সময়ে পর্যাপ্ত বিশ্রাম নিন, প্রচুর পানি পান করুন এবং স্বাস্থ্যকর খাবার খান। ডাক্তারের পরামর্শ ছাড়া কোনো ওষুধ সেবন করবেন না। যদি সমস্যা বাড়তে থাকে বা তীব্র হয়, তাহলে দেরি না করে দ্রুত ডাক্তারের শরণাপন্ন হন। আশা করি এই উত্তরটি আপনাকে সাহায্য করবে। আরও কোনো প্রশ্ন থাকলে নির্দ্বিধায় জিজ্ঞাসা করতে পারেন। ধন্যবাদ।"
56338,"হেলো, নাসেনিয়া ডকে আপনাকে স্বাগতম। আপনার অনুসন্ধানের জন্য ধন্যবাদ। আমি আপনার প্রশ্নটি দেখেছি এবং আপনার উদ্বেগ বুঝতে পেরেছি। আমি যথাসাধ্য আপনাকে সাহায্য করার চেষ্টা করব। আপনার বর্ণনা করা লক্ষণগুলো বিভিন্ন কারণে হতে পারে এবং এর সঠিক কারণ নির্ণয়ের জন্য একটি বিস্তারিত পরীক্ষা প্রয়োজন। তাই আমি আপনাকে একজন বিশেষজ্ঞ ডাক্তারের সাথে সরাসরি পরামর্শ করার পরামর্শ দিচ্ছি। প্রয়োজনীয় পরীক্ষা-নিরীক্ষা করানো উচিত এবং রিপোর্ট অনুযায়ী চিকিৎসা শুরু করা যেতে পারে। এই সময়ে পর্যাপ্ত বিশ্রাম নিন, প্রচুর পানি পান করুন এবং স্বাস্থ্যকর খাবার খান। ডাক্তারের পরামর্শ ছাড়া কোনো ওষুধ সেবন করবেন না। যদি সমস্যা বাড়তে থাকে বা তীব্র হয়, তাহলে দেরি না করে দ্রুত ডাক্তারের শরণাপন্ন হন। আশা করি এই উত্তরটি আপনাকে সাহায্য করবে। আরও কোনো প্রশ্ন থাকলে নির্দ্বিধায় জিজ্ঞাসা করতে পারেন। ধন্যবাদ।"
64683,"হেলো, নাসেনিয়া ডকে আপনাকে স্বাগতম। আপনার অনুসন্ধানের জন্য ধন্যবাদ। আমি আপনার প্রশ্নটি দেখেছি এবং আপনার উদ্বেগ বুঝতে পেরেছি। আমি যথাসাধ্য আপনাকে সাহায্য করার চেষ্টা করব। আপনার বর্ণনা করা লক্ষণগুলো বিভিন্ন কারণে হতে পারে এবং এর সঠিক কারণ নির্ণয়ের জন্য একটি বিস্তারিত পরীক্ষা প্রয়োজন। তাই আমি আপনাকে একজন বিশেষজ্ঞ ডাক্তারের সাথে সরাসরি পরামর্শ করার পরামর্শ দিচ্ছি। প্রয়োজনীয় পরীক্ষা-নিরীক্ষা করানো উচিত এবং রিপোর্ট অনুযায়ী চিকিৎসা শুরু করা যেতে পারে। এই সময়ে পর্যাপ্ত বিশ্রাম নিন, প্রচুর পানি পান করুন এবং স্বাস্থ্যকর খাবার খান। ডাক্তারের পরামর্শ ছাড়া কোনো ওষুধ সেবন করবেন না। যদি সমস্যা বাড়তে থাকে বা তীব্র হয়, তাহলে দেরি না করে দ্রুত ডাক্তারের শরণাপন্ন হন। আশা করি এই উত্তরটি আপনাকে সাহায্য করবে। আরও কোনো প্রশ্ন থাকলে নির্দ্বিধায় জিজ্ঞাসা করতে পারেন। ধন্যবাদ।"
3584,"হেলো, নাসেনিয়া ডকে আপনাকে স্বাগতম। আপনার অনুসন্ধানের জন্য ধন্যবাদ। আমি আপনার প্রশ্নটি দেখেছি এবং আপনার উদ্বেগ বুঝতে পেরেছি। আমি যথাসাধ্য আপনাকে সাহায্য করার চেষ্টা করব। আপনার বর্ণনা করা লক্ষণগুলো বিভিন্ন কারণে হতে পারে এবং এর সঠিক কারণ নির্ণয়ের জন্য একটি বিস্তারিত পরীক্ষা প্রয়োজন। তাই আমি আপনাকে একজন বিশেষজ্ঞ ডাক্তারের সাথে সরাসরি পরামর্শ করার পরামর্শ দিচ্ছি। প্রয়োজনীয় পরীক্ষা-নিরীক্ষা করানো উচিত এবং রিপোর্ট অনুযায়ী চিকিৎসা শুরু করা যেতে পারে। এই সময়ে পর্যাপ্ত বিশ্রাম নিন, প্রচুর পানি পান করুন এবং স্বাস্থ্যকর খাবার খান। ডাক্তারের পরামর্শ ছাড়া কোনো ওষুধ সেবন করবেন না। যদি সমস্যা বাড়তে থাকে বা তীব্র হয়, তাহলে দেরি না করে দ্রুত ডাক্তারের শরণাপন্ন হন। আশা করি এই উত্তরটি আপনাকে সাহায্য করবে। আরও কোনো প্রশ্ন থাকলে নির্দ্বিধায় জিজ্ঞাসা করতে পারেন। ধন্যবাদ।"
103506,"হেলো, নাসেনিয়া ডকে আপনাকে স্বাগতম। আপনার অনুসন্ধানের জন্য ধন্যবাদ। আমি আপনার প্রশ্নটি দেখেছি এবং আপনার উদ্বেগ বুঝতে পেরেছি। আমি যথাসাধ্য আপনাকে সাহায্য করার চেষ্টা করব। আপনার বর্ণনা করা লক্ষণগুলো বিভিন্ন কারণে হতে পারে এবং এর সঠিক কারণ নির্ণয়ের জন্য একটি বিস্তারিত পরীক্ষা প্রয়োজন। তাই আমি আপনাকে একজন বিশেষজ্ঞ ডাক্তারের সাথে সরাসরি পরামর্শ করার পরামর্শ দিচ্ছি। প্রয়োজনীয় পরীক্ষা-নিরীক্ষা করানো উচিত এবং রিপোর্ট অনুযায়ী চিকিৎসা শুরু করা যেতে পারে। এই সময়ে পর্যাপ্ত বিশ্রাম নিন, প্রচুর পানি পান করুন এবং স্বাস্থ্যকর খাবার খান। ডাক্তারের পরামর্শ ছাড়া কোনো ওষুধ সেবন করবেন না। যদি সমস্যা বাড়তে থাকে বা তীব্র হয়, তাহলে দেরি না করে দ্রুত ডাক্তারের শরণাপন্ন হন। আশা করি এই উত্তরটি আপনাকে সাহায্য করবে। আরও কোনো প্রশ্ন থাকলে নির্দ্বিধায় জিজ্ঞাসা করতে পারেন। ধন্যবাদ।"
65626,"হেলো, নাসেনিয়া ডকে আপনাকে স্বাগতম। আপনার অনুসন্ধানের জন্য ধন্যবাদ। আমি আপনার প্রশ্নটি দেখেছি এবং আপনার উদ্বেগ বুঝতে পেরেছি। আমি যথাসাধ্য আপনাকে সাহায্য করার চেষ্টা করব। আপনার বর্ণনা করা লক্ষণগুলো বিভিন্ন কারণে হতে পারে এবং এর সঠিক কারণ নির্ণয়ের জন্য একটি বিস্তারিত পরীক্ষা প্রয়োজন। তাই আমি আপনাকে একজন বিশেষজ্ঞ ডাক্তারের সাথে সরাসরি পরামর্শ করার পরামর্শ দিচ্ছি। প্রয়োজনীয় পরীক্ষা-নিরীক্ষা করানো উচিত এবং রিপোর্ট অনুযায়ী চিকিৎসা শুরু করা যেতে পারে। এই সময়ে পর্যাপ্ত বিশ্রাম নিন, প্রচুর পানি পান করুন এবং স্বাস্থ্যকর খাবার খান। ডাক্তারের পরামর্শ ছাড়া কোনো ওষুধ সেবন করবেন না। যদি সমস্যা বাড়তে থাকে বা তীব্র হয়, তাহলে দেরি না করে দ্রুত ডাক্তারের শরণাপন্ন হন। আশা করি এই উত্তরটি আপনাকে সাহায্য করবে। আরও কোনো প্রশ্ন থাকলে নির্দ্বিধায় জিজ্ঞাসা করতে পারেন। ধন্যবাদ।"
60757,"হেলো, নাসেনিয়া ডকে আপনাকে স্বাগতম। আপনার অনুসন্ধানের জন্য ধন্যবাদ। আমি আপনার প্রশ্নটি দেখেছি এবং আপনার উদ্বেগ বুঝতে পেরেছি। আমি যথাসাধ্য আপনাকে সাহায্য করার চেষ্টা করব। আপনার বর্ণনা করা লক্ষণগুলো বিভিন্ন কারণে হতে পারে এবং এর সঠিক কারণ নির্ণয়ের জন্য একটি বিস্তারিত পরীক্ষা প্রয়োজন। তাই আমি আপনাকে একজন বিশেষজ্ঞ ডাক্তারের সাথে সরাসরি পরামর্শ করার পরামর্শ দিচ্ছি। প্রয়োজনীয় পরীক্ষা-নিরীক্ষা করানো উচিত এবং রিপোর্ট অনুযায়ী চিকিৎসা শুরু করা যেতে পারে। এই সময়ে পর্যাপ্ত বিশ্রাম নিন, প্রচুর পানি পান করুন এবং স্বাস্থ্যকর খাবার খান। ডাক্তারের পরামর্শ ছাড়া কোনো ওষুধ সেবন করবেন না। যদি সমস্যা বাড়তে থাকে বা তীব্র হয়, তাহলে দেরি না করে দ্রুত ডাক্তারের শরণাপন্ন হন। আশা করি এই উত্তরটি আপনাকে সাহায্য করবে। আরও কোনো প্রশ্ন থাকলে নির্দ্বিধায় জিজ্ঞাসা করতে পারেন। ধন্যবাদ।"
23110,"হেলো, নাসেনিয়া ডকে আপনাকে স্বাগতম। আপনার অনুসন্ধানের জন্য ধন্যবাদ। আমি আপনার প্রশ্নটি দেখেছি এবং আপনার উদ্বেগ বুঝতে পেরেছি। আমি যথাসাধ্য আপনাকে সাহায্য করার চেষ্টা করব। আপনার বর্ণনা করা লক্ষণগুলো বিভিন্ন কারণে হতে পারে এবং এর সঠিক কারণ নির্ণয়ের জন্য একটি বিস্তারিত পরীক্ষা প্রয়োজন। তাই আমি আপনাকে একজন বিশেষজ্ঞ ডাক্তারের সাথে সরাসরি পরামর্শ করার পরামর্শ দিচ্ছি। প্রয়োজনীয় পরীক্ষা-নিরীক্ষা করানো উচিত এবং রিপোর্ট অনুযায়ী চিকিৎসা শুরু করা যেতে পারে। এই সময়ে পর্যাপ্ত বিশ্রাম নিন, প্রচুর পানি পান করুন এবং স্বাস্থ্যকর খাবার খান। ডাক্তারের পরামর্শ ছাড়া কোনো ওষুধ সেবন করবেন না। যদি সমস্যা বাড়তে থাকে বা তীব্র হয়, তাহলে দেরি না করে দ্রুত ডাক্তারের শরণাপন্ন হন। আশা করি এই উত্তরটি আপনাকে সাহায্য করবে। আরও কোনো প্রশ্ন থাকলে নির্দ্বিধায় জিজ্ঞাসা করতে পারেন। ধন্যবাদ।"
67409,"হেলো, নাসেনিয়া ডকে আপনাকে স্বাগতম। আপনার অনুসন্ধানের জন্য ধন্যবাদ। আমি আপনার প্রশ্নটি দেখেছি এবং আপনার উদ্বেগ বুঝতে পেরেছি। আমি যথাসাধ্য আপনাকে সাহায্য করার চেষ্টা করব। আপনার বর্ণনা করা লক্ষণগুলো বিভিন্ন কারণে হতে পারে এবং এর সঠিক কারণ নির্ণয়ের জন্য একটি বিস্তারিত পরীক্ষা প্রয়োজন। তাই আমি আপনাকে একজন বিশেষজ্ঞ ডাক্তারের সাথে সরাসরি পরামর্শ করার পরামর্শ দিচ্ছি। প্রয়োজনীয় পরীক্ষা-নিরীক্ষা করানো উচিত এবং রিপোর্ট অনুযায়ী চিকিৎসা শুরু করা যেতে পারে। এই সময়ে পর্যাপ্ত বিশ্রাম নিন, প্রচুর পানি পান করুন এবং স্বাস্থ্যকর খাবার খান। ডাক্তারের পরামর্শ ছাড়া কোনো ওষুধ সেবন করবেন না। যদি সমস্যা বাড়তে থাকে বা তীব্র হয়, তাহলে দেরি না করে দ্রুত ডাক্তারের শরণাপন্ন হন। আশা করি এই উত্তরটি আপনাকে সাহায্য করবে। আরও কোনো প্রশ্ন থাকলে নির্দ্বিধায় জিজ্ঞাসা করতে পারেন। ধন্যবাদ।"
70167,"হেলো, নাসেনিয়া ডকে আপনাকে স্বাগতম। আপনার অনুসন্ধানের জন্য ধন্যবাদ। আমি আপনার প্রশ্নটি দেখেছি এবং আপনার উদ্বেগ বুঝতে পেরেছি। আমি যথাসাধ্য আপনাকে সাহায্য করার চেষ্টা করব। আপনার বর্ণনা করা লক্ষণগুলো বিভিন্ন কারণে হতে পারে এবং এর সঠিক কারণ নির্ণয়ের জন্য একটি বিস্তারিত পরীক্ষা প্রয়োজন। তাই আমি আপনাকে একজন বিশেষজ্ঞ ডাক্তারের সাথে সরাসরি পরামর্শ করার পরামর্শ দিচ্ছি। প্রয়োজনীয় পরীক্ষা-নিরীক্ষা করানো উচিত এবং রিপোর্ট অনুযায়ী চিকিৎসা শুরু করা যেতে পারে। এই সময়ে পর্যাপ্ত বিশ্রাম নিন, প্রচুর পানি পান করুন এবং স্বাস্থ্যকর খাবার খান। ডাক্তারের পরামর্শ ছাড়া কোনো ওষুধ সেবন করবেন না। যদি সমস্যা বাড়তে থাকে বা তীব্র হয়, তাহলে দেরি না করে দ্রুত ডাক্তারের শরণাপন্ন হন। আশা করি এই উত্তরটি আপনাকে সাহায্য করবে। আরও কোনো প্রশ্ন থাকলে নির্দ্বিধায় জিজ্ঞাসা করতে পারেন। ধন্যবাদ।"
16378,"হেলো, নাসেনিয়া ডকে আপনাকে স্বাগতম। আপনার অনুসন্ধানের জন্য ধন্যবাদ। আমি আপনার প্রশ্নটি দেখেছি এবং আপনার উদ্বেগ বুঝতে পেরেছি। আমি যথাসাধ্য আপনাকে সাহায্য করার চেষ্টা করব। আপনার বর্ণনা করা লক্ষণগুলো বিভিন্ন কারণে হতে পারে এবং এর সঠিক কারণ নির্ণয়ের জন্য একটি বিস্তারিত পরীক্ষা প্রয়োজন। তাই আমি আপনাকে একজন বিশেষজ্ঞ ডাক্তারের সাথে সরাসরি পরামর্শ করার পরামর্শ দিচ্ছি। প্রয়োজনীয় পরীক্ষা-নিরীক্ষা করানো উচিত এবং রিপোর্ট অনুযায়ী চিকিৎসা শুরু করা যেতে পারে। এই সময়ে পর্যাপ্ত বিশ্রাম নিন, প্রচুর পানি পান করুন এবং স্বাস্থ্যকর খাবার খান। ডাক্তারের পরামর্শ ছাড়া কোনো ওষুধ সেবন করবেন না। যদি সমস্যা বাড়তে থাকে বা তীব্র হয়, তাহলে দেরি না করে দ্রুত ডাক্তারের শরণাপন্ন হন। আশা করি এই উত্তরটি আপনাকে সাহায্য করবে। আরও কোনো প্রশ্ন থাকলে নির্দ্বিধায় জিজ্ঞাসা করতে পারেন। ধন্যবাদ।"
39390,"হেলো, নাসেনিয়া ডকে আপনাকে স্বাগতম। আপনার অনুসন্ধানের জন্য ধন্যবাদ। আমি আপনার প্রশ্নটি দেখেছি এবং আপনার উদ্বেগ বুঝতে পেরেছি। আমি যথাসাধ্য আপনাকে সাহায্য করার চেষ্টা করব। আপনার বর্ণনা করা লক্ষণগুলো বিভিন্ন কারণে হতে পারে এবং এর সঠিক কারণ নির্ণয়ের জন্য একটি বিস্তারিত পরীক্ষা প্রয়োজন। তাই আমি আপনাকে একজন বিশেষজ্ঞ ডাক্তারের সাথে সরাসরি পরামর্শ করার পরামর্শ দিচ্ছি। প্রয়োজনীয় পরীক্ষা-নিরীক্ষা করানো উচিত এবং রিপোর্ট অনুযায়ী চিকিৎসা শুরু করা যেতে পারে। এই সময়ে পর্যাপ্ত বিশ্রাম নিন, প্রচুর পানি পান করুন এবং স্বাস্থ্যকর খাবার খান। ডাক্তারের পরামর্শ ছাড়া কোনো ওষুধ সেবন করবেন না। যদি সমস্যা বাড়তে থাকে বা তীব্র হয়, তাহলে দেরি না করে দ্রুত ডাক্তারের শরণাপন্ন হন। আশা করি এই উত্তরটি আপনাকে সাহায্য করবে। আরও কোনো প্রশ্ন থাকলে নির্দ্বিধায় জিজ্ঞাসা করতে পারেন। ধন্যবাদ।"
82051,"হেলো, নাসেনিয়া ডকে আপনাকে স্বাগতম। আপনার অনুসন্ধানের জন্য ধন্যবাদ। আমি আপনার প্রশ্নটি দেখেছি এবং আপনার উদ্বেগ বুঝতে পেরেছি। আমি যথাসাধ্য আপনাকে সাহায্য করার চেষ্টা করব। আপনার বর্ণনা করা লক্ষণগুলো বিভিন্ন কারণে হতে পারে এবং এর সঠিক কারণ নির্ণয়ের জন্য একটি বিস্তারিত পরীক্ষা প্রয়োজন। তাই আমি আপনাকে একজন বিশেষজ্ঞ ডাক্তারের সাথে সরাসরি পরামর্শ করার পরামর্শ দিচ্ছি। প্রয়োজনীয় পরীক্ষা-নিরীক্ষা করানো উচিত এবং রিপোর্ট অনুযায়ী চিকিৎসা শুরু করা যেতে পারে। এই সময়ে পর্যাপ্ত বিশ্রাম নিন, প্রচুর পানি পান করুন এবং স্বাস্থ্যকর খাবার খান। ডাক্তারের পরামর্শ ছাড়া কোনো ওষুধ সেবন করবেন না। যদি সমস্যা বাড়তে থাকে বা তীব্র হয়, তাহলে দেরি না করে দ্রুত ডাক্তারের শরণাপন্ন হন। আশা করি এই উত্তরটি আপনাকে সাহায্য করবে। আরও কোনো প্রশ্ন থাকলে নির্দ্বিধায় জিজ্ঞাসা করতে পারেন। ধন্যবাদ।"
40003,"হেলো, নাসেনিয়া ডকে আপনাকে স্বাগতম। আপনার অনুসন্ধানের জন্য ধন্যবাদ। আমি আপনার প্রশ্নটি দেখেছি এবং আপনার উদ্বেগ বুঝতে পেরেছি। আমি যথাসাধ্য আপনাকে সাহায্য করার চেষ্টা করব। আপনার বর্ণনা করা লক্ষণগুলো বিভিন্ন কারণে হতে পারে এবং এর সঠিক কারণ নির্ণয়ের জন্য একটি বিস্তারিত পরীক্ষা প্রয়োজন। তাই আমি আপনাকে একজন বিশেষজ্ঞ ডাক্তারের সাথে সরাসরি পরামর্শ করার পরামর্শ দিচ্ছি। প্রয়োজনীয় পরীক্ষা-নিরীক্ষা করানো উচিত এবং রিপোর্ট অনুযায়ী চিকিৎসা শুরু করা যেতে পারে। এই সময়ে পর্যাপ্ত বিশ্রাম নিন, প্রচুর পানি পান করুন এবং স্বাস্থ্যকর খাবার খান। ডাক্তারের পরামর্শ ছাড়া কোনো ওষুধ সেবন করবেন না। যদি সমস্যা বাড়তে থাকে বা তীব্র হয়, তাহলে দেরি না করে দ্রুত ডাক্তারের শরণাপন্ন হন। আশা করি এই উত্তরটি আপনাকে সাহায্য করবে। আরও কোনো প্রশ্ন থাকলে নির্দ্বিধায় জিজ্ঞাসা করতে পারেন। ধন্যবাদ।"
23378,"হেলো, নাসেনিয়া ডকে আপনাকে স্বাগতম। আপনার অনুসন্ধানের জন্য ধন্যবাদ। আমি আপনার প্রশ্নটি দেখেছি এবং আপনার উদ্বেগ বুঝতে পেরেছি। আমি যথাসাধ্য আপনাকে সাহায্য করার চেষ্টা করব। আপনার বর্ণনা করা লক্ষণগুলো বিভিন্ন কারণে হতে পারে এবং এর সঠিক কারণ নির্ণয়ের জন্য একটি বিস্তারিত পরীক্ষা প্রয়োজন। তাই আমি আপনাকে একজন বিশেষজ্ঞ ডাক্তারের সাথে সরাসরি পরামর্শ করার পরামর্শ দিচ্ছি। প্রয়োজনীয় পরীক্ষা-নিরীক্ষা করানো উচিত এবং রিপোর্ট অনুযায়ী চিকিৎসা শুরু করা যেতে পারে। এই সময়ে পর্যাপ্ত বিশ্রাম নিন, প্রচুর পানি পান করুন এবং স্বাস্থ্যকর খাবার খান। ডাক্তারের পরামর্শ ছাড়া কোনো ওষুধ সেবন করবেন না। যদি সমস্যা বাড়তে থাকে বা তীব্র হয়, তাহলে দেরি না করে দ্রুত ডাক্তারের শরণাপন্ন হন। আশা করি এই উত্তরটি আপনাকে সাহায্য করবে। আরও কোনো প্রশ্ন থাকলে নির্দ্বিধায় জিজ্ঞাসা করতে পারেন। ধন্যবাদ।"
67924,"হেলো, নাসেনিয়া ডকে আপনাকে স্বাগতম। আপনার অনুসন্ধানের জন্য ধন্যবাদ। আমি আপনার প্রশ্নটি দেখেছি এবং আপনার উদ্বেগ বুঝতে পেরেছি। আমি যথাসাধ্য আপনাকে সাহায্য করার চেষ্টা করব। আপনার বর্ণনা করা লক্ষণগুলো বিভিন্ন কারণে হতে পারে এবং এর সঠিক কারণ নির্ণয়ের জন্য একটি বিস্তারিত পরীক্ষা প্রয়োজন। তাই আমি আপনাকে একজন বিশেষজ্ঞ ডাক্তারের সাথে সরাসরি পরামর্শ করার পরামর্শ দিচ্ছি। প্রয়োজনীয় পরীক্ষা-নিরীক্ষা করানো উচিত এবং রিপোর্ট অনুযায়ী চিকিৎসা শুরু করা যেতে পারে। এই সময়ে পর্যাপ্ত বিশ্রাম নিন, প্রচুর পানি পান করুন এবং স্বাস্থ্যকর খাবার খান। ডাক্তারের পরামর্শ ছাড়া কোনো ওষুধ সেবন করবেন না। যদি সমস্যা বাড়তে থাকে বা তীব্র হয়, তাহলে দেরি না করে দ্রুত ডাক্তারের শরণাপন্ন হন। আশা করি এই উত্তরটি আপনাকে সাহায্য করবে। আরও কোনো প্রশ্ন থাকলে নির্দ্বিধায় জিজ্ঞাসা করতে পারেন। ধন্যবাদ।"
8084,"হেলো, নাসেনিয়া ডকে আপনাকে স্বাগতম। আপনার অনুসন্ধানের জন্য ধন্যবাদ। আমি আপনার প্রশ্নটি দেখেছি এবং আপনার উদ্বেগ বুঝতে পেরেছি। আমি যথাসাধ্য আপনাকে সাহায্য করার চেষ্টা করব। আপনার বর্ণনা করা লক্ষণগুলো বিভিন্ন কারণে হতে পারে এবং এর সঠিক কারণ নির্ণয়ের জন্য একটি বিস্তারিত পরীক্ষা প্রয়োজন। তাই আমি আপনাকে একজন বিশেষজ্ঞ ডাক্তারের সাথে সরাসরি পরামর্শ করার পরামর্শ দিচ্ছি। প্রয়োজনীয় পরীক্ষা-নিরীক্ষা করানো উচিত এবং রিপোর্ট অনুযায়ী চিকিৎসা শুরু করা যেতে পারে। এই সময়ে পর্যাপ্ত বিশ্রাম নিন, প্রচুর পানি পান করুন এবং স্বাস্থ্যকর খাবার খান। ডাক্তারের পরামর্শ ছাড়া কোনো ওষুধ সেবন করবেন না। যদি সমস্যা বাড়তে থাকে বা তীব্র হয়, তাহলে দেরি না করে দ্রুত ডাক্তারের শরণাপন্ন হন। আশা করি এই উত্তরটি আপনাকে সাহায্য করবে। আরও কোনো প্রশ্ন থাকলে নির্দ্বিধায় জিজ্ঞাসা করতে পারেন। ধন্যবাদ।"
18840,"হেলো, নাসেনিয়া ডকে আপনাকে স্বাগতম। আপনার অনুসন্ধানের জন্য ধন্যবাদ। আমি আপনার প্রশ্নটি দেখেছি এবং আপনার উদ্বেগ বুঝতে পেরেছি। আমি যথাসাধ্য আপনাকে সাহায্য করার চেষ্টা করব। আপনার বর্ণনা করা লক্ষণগুলো বিভিন্ন কারণে হতে পারে এবং এর সঠিক কারণ নির্ণয়ের জন্য একটি বিস্তারিত পরীক্ষা প্রয়োজন। তাই আমি আপনাকে একজন বিশেষজ্ঞ ডাক্তারের সাথে সরাসরি পরামর্শ করার পরামর্শ দিচ্ছি। প্রয়োজনীয় পরীক্ষা-নিরীক্ষা করানো উচিত এবং রিপোর্ট অনুযায়ী চিকিৎসা শুরু করা যেতে পারে। এই সময়ে পর্যাপ্ত বিশ্রাম নিন, প্রচুর পানি পান করুন এবং স্বাস্থ্যকর খাবার খান। ডাক্তারের পরামর্শ ছাড়া কোনো ওষুধ সেবন করবেন না। যদি সমস্যা বাড়তে থাকে বা তীব্র হয়, তাহলে দেরি না করে দ্রুত ডাক্তারের শরণাপন্ন হন। আশা করি এই উত্তরটি আপনাকে সাহায্য করবে। আরও কোনো প্রশ্ন থাকলে নির্দ্বিধায় জিজ্ঞাসা করতে পারেন। ধন্যবাদ।"
17140,"হেলো, নাসেনিয়া ডকে আপনাকে স্বাগতম। আপনার অনুসন্ধানের জন্য ধন্যবাদ। আমি আপনার প্রশ্নটি দেখেছি এবং আপনার উদ্বেগ বুঝতে পেরেছি। আমি যথাসাধ্য আপনাকে সাহায্য করার চেষ্টা করব। আপনার বর্ণনা করা লক্ষণগুলো বিভিন্ন কারণে হতে পারে এবং এর সঠিক কারণ নির্ণয়ের জন্য একটি বিস্তারিত পরীক্ষা প্রয়োজন। তাই আমি আপনাকে একজন বিশেষজ্ঞ ডাক্তারের সাথে সরাসরি পরামর্শ করার পরামর্শ দিচ্ছি। প্রয়োজনীয় পরীক্ষা-নিরীক্ষা করানো উচিত এবং রিপোর্ট অনুযায়ী চিকিৎসা শুরু করা যেতে পারে। এই সময়ে পর্যাপ্ত বিশ্রাম নিন, প্রচুর পানি পান করুন এবং স্বাস্থ্যকর খাবার খান। ডাক্তারের পরামর্শ ছাড়া কোনো ওষুধ সেবন করবেন না। যদি সমস্যা বাড়তে থাকে বা তীব্র হয়, তাহলে দেরি না করে দ্রুত ডাক্তারের শরণাপন্ন হন। আশা করি এই উত্তরটি আপনাকে সাহায্য করবে। আরও কোনো প্রশ্ন থাকলে নির্দ্বিধায় জিজ্ঞাসা করতে পারেন। ধন্যবাদ।"
74647,"হেলো, নাসেনিয়া ডকে আপনাকে স্বাগতম। আপনার অনুসন্ধানের জন্য ধন্যবাদ। আমি আপনার প্রশ্নটি দেখেছি এবং আপনার উদ্বেগ বুঝতে পেরেছি। আমি যথাসাধ্য আপনাকে সাহায্য করার চেষ্টা করব। আপনার বর্ণনা করা লক্ষণগুলো বিভিন্ন কারণে হতে পারে এবং এর সঠিক কারণ নির্ণয়ের জন্য একটি বিস্তারিত পরীক্ষা প্রয়োজন। তাই আমি আপনাকে একজন বিশেষজ্ঞ ডাক্তারের সাথে সরাসরি পরামর্শ করার পরামর্শ দিচ্ছি। প্রয়োজনীয় পরীক্ষা-নিরীক্ষা করানো উচিত এবং রিপোর্ট অনুযায়ী চিকিৎসা শুরু করা যেতে পারে। এই সময়ে পর্যাপ্ত বিশ্রাম নিন, প্রচুর পানি পান করুন এবং স্বাস্থ্যকর খাবার খান। ডাক্তারের পরামর্শ ছাড়া কোনো ওষুধ সেবন করবেন না। যদি সমস্যা বাড়তে থাকে বা তীব্র হয়, তাহলে দেরি না করে দ্রুত ডাক্তারের শরণাপন্ন হন। আশা করি এই উত্তরটি আপনাকে সাহায্য করবে। আরও কোনো প্রশ্ন থাকলে নির্দ্বিধায় জিজ্ঞাসা করতে পারেন। ধন্যবাদ।"
1825,"হেলো, নাসেনিয়া ডকে আপনাকে স্বাগতম। আপনার অনুসন্ধানের জন্য ধন্যবাদ। আমি আপনার প্রশ্নটি দেখেছি এবং আপনার উদ্বেগ বুঝতে পেরেছি। আমি যথাসাধ্য আপনাকে সাহায্য করার চেষ্টা করব। আপনার বর্ণনা করা লক্ষণগুলো বিভিন্ন কারণে হতে পারে এবং এর সঠিক কারণ নির্ণয়ের জন্য একটি বিস্তারিত পরীক্ষা প্রয়োজন। তাই আমি আপনাকে একজন বিশেষজ্ঞ ডাক্তারের সাথে সরাসরি পরামর্শ করার পরামর্শ দিচ্ছি। প্রয়োজনীয় পরীক্ষা-নিরীক্ষা করানো উচিত এবং রিপোর্ট অনুযায়ী চিকিৎসা শুরু করা যেতে পারে। এই সময়ে পর্যাপ্ত বিশ্রাম নিন, প্রচুর পানি পান করুন এবং স্বাস্থ্যকর খাবার খান। ডাক্তারের পরামর্শ ছাড়া কোনো ওষুধ সেবন করবেন না। যদি সমস্যা বাড়তে থাকে বা তীব্র হয়, তাহলে দেরি না করে দ্রুত ডাক্তারের শরণাপন্ন হন। আশা করি এই উত্তরটি আপনাকে সাহায্য করবে। আরও কোনো প্রশ্ন থাকলে নির্দ্বিধায় জিজ্ঞাসা করতে পারেন। ধন্যবাদ।"
88506,"হেলো, নাসেনিয়া ডকে আপনাকে স্বাগতম। আপনার অনুসন্ধানের জন্য ধন্যবাদ। আমি আপনার প্রশ্নটি দেখেছি এবং আপনার উদ্বেগ বুঝতে পেরেছি। আমি যথাসাধ্য আপনাকে সাহায্য করার চেষ্টা করব। আপনার বর্ণনা করা লক্ষণগুলো বিভিন্ন কারণে হতে পারে এবং এর সঠিক কারণ নির্ণয়ের জন্য একটি বিস্তারিত পরীক্ষা প্রয়োজন। তাই আমি আপনাকে একজন বিশেষজ্ঞ ডাক্তারের সাথে সরাসরি পরামর্শ করার পরামর্শ দিচ্ছি। প্রয়োজনীয় পরীক্ষা-নিরীক্ষা করানো উচিত এবং রিপোর্ট অনুযায়ী চিকিৎসা শুরু করা যেতে পারে। এই সময়ে পর্যাপ্ত বিশ্রাম নিন, প্রচুর পানি পান করুন এবং স্বাস্থ্যকর খাবার খান। ডাক্তারের পরামর্শ ছাড়া কোনো ওষুধ সেবন করবেন না। যদি সমস্যা বাড়তে থাকে বা তীব্র হয়, তাহলে দেরি না করে দ্রুত ডাক্তারের শরণাপন্ন হন। আশা করি এই উত্তরটি আপনাকে সাহায্য করবে। আরও কোনো প্রশ্ন থাকলে নির্দ্বিধায় জিজ্ঞাসা করতে পারেন। ধন্যবাদ।"
6243,"হেলো, নাসেনিয়া ডকে আপনাকে স্বাগতম। আপনার অনুসন্ধানের জন্য ধন্যবাদ। আমি আপনার প্রশ্নটি দেখেছি এবং আপনার উদ্বেগ বুঝতে পেরেছি। আমি যথাসাধ্য আপনাকে সাহায্য করার চেষ্টা করব। আপনার বর্ণনা করা লক্ষণগুলো বিভিন্ন কারণে হতে পারে এবং এর সঠিক কারণ নির্ণয়ের জন্য একটি বিস্তারিত পরীক্ষা প্রয়োজন। তাই আমি আপনাকে একজন বিশেষজ্ঞ ডাক্তারের সাথে সরাসরি পরামর্শ করার পরামর্শ দিচ্ছি। প্রয়োজনীয় পরীক্ষা-নিরীক্ষা করানো উচিত এবং রিপোর্ট অনুযায়ী চিকিৎসা শুরু করা যেতে পারে। এই সময়ে পর্যাপ্ত বিশ্রাম নিন, প্রচুর পানি পান করুন এবং স্বাস্থ্যকর খাবার খান। ডাক্তারের পরামর্শ ছাড়া কোনো ওষুধ সেবন করবেন না। যদি সমস্যা বাড়তে থাকে বা তীব্র হয়, তাহলে দেরি না করে দ্রুত ডাক্তারের শরণাপন্ন হন। আশা করি এই উত্তরটি আপনাকে সাহায্য করবে। আরও কোনো প্রশ্ন থাকলে নির্দ্বিধায় জিজ্ঞাসা করতে পারেন। ধন্যবাদ।"
60359,"হেলো, নাসেনিয়া ডকে আপনাকে স্বাগতম। আপনার অনুসন্ধানের জন্য ধন্যবাদ। আমি আপনার প্রশ্নটি দেখেছি এবং আপনার উদ্বেগ বুঝতে পেরেছি। আমি যথাসাধ্য আপনাকে সাহায্য করার চেষ্টা করব। আপনার বর্ণনা করা লক্ষণগুলো বিভিন্ন কারণে হতে পারে এবং এর সঠিক কারণ নির্ণয়ের জন্য একটি বিস্তারিত পরীক্ষা প্রয়োজন। তাই আমি আপনাকে একজন বিশেষজ্ঞ ডাক্তারের সাথে সরাসরি পরামর্শ করার পরামর্শ দিচ্ছি। প্রয়োজনীয় পরীক্ষা-নিরীক্ষা করানো উচিত এবং রিপোর্ট অনুযায়ী চিকিৎসা শুরু করা যেতে পারে। এই সময়ে পর্যাপ্ত বিশ্রাম নিন, প্রচুর পানি পান করুন এবং স্বাস্থ্যকর খাবার খান। ডাক্তারের পরামর্শ ছাড়া কোনো ওষুধ সেবন করবেন না। যদি সমস্যা বাড়তে থাকে বা তীব্র হয়, তাহলে দেরি না করে দ্রুত ডাক্তারের শরণাপন্ন হন। আশা করি এই উত্তরটি আপনাকে সাহায্য করবে। আরও কোনো প্রশ্ন থাকলে নির্দ্বিধায় জিজ্ঞাসা করতে পারেন। ধন্যবাদ।"
72471,"হেলো, নাসেনিয়া ডকে আপনাকে স্বাগতম। আপনার অনুসন্ধানের জন্য ধন্যবাদ। আমি আপনার প্রশ্নটি দেখেছি এবং আপনার উদ্বেগ বুঝতে পেরেছি। আমি যথাসাধ্য আপনাকে সাহায্য করার চেষ্টা করব। আপনার বর্ণনা করা লক্ষণগুলো বিভিন্ন কারণে হতে পারে এবং এর সঠিক কারণ নির্ণয়ের জন্য একটি বিস্তারিত পরীক্ষা প্রয়োজন। তাই আমি আপনাকে একজন বিশেষজ্ঞ ডাক্তারের সাথে সরাসরি পরামর্শ করার পরামর্শ দিচ্ছি। প্রয়োজনীয় পরীক্ষা-নিরীক্ষা করানো উচিত এবং রিপোর্ট অনুযায়ী চিকিৎসা শুরু করা যেতে পারে। এই সময়ে পর্যাপ্ত বিশ্রাম নিন, প্রচুর পানি পান করুন এবং স্বাস্থ্যকর খাবার খান। ডাক্তারের পরামর্শ ছাড়া কোনো ওষুধ সেবন করবেন না। যদি সমস্যা বাড়তে থাকে বা তীব্র হয়, তাহলে দেরি না করে দ্রুত ডাক্তারের শরণাপন্ন হন। আশা করি এই উত্তরটি আপনাকে সাহায্য করবে। আরও কোনো প্রশ্ন থাকলে নির্দ্বিধায় জিজ্ঞাসা করতে পারেন। ধন্যবাদ।"
69853,"হেলো, নাসেনিয়া ডকে আপনাকে স্বাগতম। আপনার অনুসন্ধানের জন্য ধন্যবাদ। আমি আপনার প্রশ্নটি দেখেছি এবং আপনার উদ্বেগ বুঝতে পেরেছি। আমি যথাসাধ্য আপনাকে সাহায্য করার চেষ্টা করব। আপনার বর্ণনা করা লক্ষণগুলো বিভিন্ন কারণে হতে পারে এবং এর সঠিক কারণ নির্ণয়ের জন্য একটি বিস্তারিত পরীক্ষা প্রয়োজন। তাই আমি আপনাকে একজন বিশেষজ্ঞ ডাক্তারের সাথে সরাসরি পরামর্শ করার পরামর্শ দিচ্ছি। প্রয়োজনীয় পরীক্ষা-নিরীক্ষা করানো উচিত এবং রিপোর্ট অনুযায়ী চিকিৎসা শুরু করা যেতে পারে। এই সময়ে পর্যাপ্ত বিশ্রাম নিন, প্রচুর পানি পান করুন এবং স্বাস্থ্যকর খাবার খান। ডাক্তারের পরামর্শ ছাড়া কোনো ওষুধ সেবন করবেন না। যদি সমস্যা বাড়তে থাকে বা তীব্র হয়, তাহলে দেরি না করে দ্রুত ডাক্তারের শরণাপন্ন হন। আশা করি এই উত্তরটি আপনাকে সাহায্য করবে। আরও কোনো প্রশ্ন থাকলে নির্দ্বিধায় জিজ্ঞাসা করতে পারেন। ধন্যবাদ।"
1842,"হেলো, নাসেনিয়া ডকে আপনাকে স্বাগতম। আপনার অনুসন্ধানের জন্য ধন্যবাদ। আমি আপনার প্রশ্নটি দেখেছি এবং আপনার উদ্বেগ বুঝতে পেরেছি। আমি যথাসাধ্য আপনাকে সাহায্য করার চেষ্টা করব। আপনার বর্ণনা করা লক্ষণগুলো বিভিন্ন কারণে হতে পারে এবং এর সঠিক কারণ নির্ণয়ের জন্য একটি বিস্তারিত পরীক্ষা প্রয়োজন। তাই আমি আপনাকে একজন বিশেষজ্ঞ ডাক্তারের সাথে সরাসরি পরামর্শ করার পরামর্শ দিচ্ছি। প্রয়োজনীয় পরীক্ষা-নিরীক্ষা করানো উচিত এবং রিপোর্ট অনুযায়ী চিকিৎসা শুরু করা যেতে পারে। এই সময়ে পর্যাপ্ত বিশ্রাম নিন, প্রচুর পানি পান করুন এবং স্বাস্থ্যকর খাবার খান। ডাক্তারের পরামর্শ ছাড়া কোনো ওষুধ সেবন করবেন না। যদি সমস্যা বাড়তে থাকে বা তীব্র হয়, তাহলে দেরি না করে দ্রুত ডাক্তারের শরণাপন্ন হন। আশা করি এই উত্তরটি আপনাকে সাহায্য করবে। আরও কোনো প্রশ্ন থাকলে নির্দ্বিধায় জিজ্ঞাসা করতে পারেন। ধন্যবাদ।"
25496,"হেলো, নাসেনিয়া ডকে আপনাকে স্বাগতম। আপনার অনুসন্ধানের জন্য ধন্যবাদ। আমি আপনার প্রশ্নটি দেখেছি এবং আপনার উদ্বেগ বুঝতে পেরেছি। আমি যথাসাধ্য আপনাকে সাহায্য করার চেষ্টা করব। আপনার বর্ণনা করা লক্ষণগুলো বিভিন্ন কারণে হতে পারে এবং এর সঠিক কারণ নির্ণয়ের জন্য একটি বিস্তারিত পরীক্ষা প্রয়োজন। তাই আমি আপনাকে একজন বিশেষজ্ঞ ডাক্তারের সাথে সরাসরি পরামর্শ করার পরামর্শ দিচ্ছি। প্রয়োজনীয় পরীক্ষা-নিরীক্ষা করানো উচিত এবং রিপোর্ট অনুযায়ী চিকিৎসা শুরু করা যেতে পারে। এই সময়ে পর্যাপ্ত বিশ্রাম নিন, প্রচুর পানি পান করুন এবং স্বাস্থ্যকর খাবার খান। ডাক্তারের পরামর্শ ছাড়া কোনো ওষুধ সেবন করবেন না। যদি সমস্যা বাড়তে থাকে বা তীব্র হয়, তাহলে দেরি না করে দ্রুত ডাক্তারের শরণাপন্ন হন। আশা করি এই উত্তরটি আপনাকে সাহায্য করবে। আরও কোনো প্রশ্ন থাকলে নির্দ্বিধায় জিজ্ঞাসা করতে পারেন। ধন্যবাদ।"
56449,"হেলো, নাসেনিয়া ডকে আপনাকে স্বাগতম। আপনার অনুসন্ধানের জন্য ধন্যবাদ। আমি আপনার প্রশ্নটি দেখেছি এবং আপনার উদ্বেগ বুঝতে পেরেছি। আমি যথাসাধ্য আপনাকে সাহায্য করার চেষ্টা করব। আপনার বর্ণনা করা লক্ষণগুলো বিভিন্ন কারণে হতে পারে এবং এর সঠিক কারণ নির্ণয়ের জন্য একটি বিস্তারিত পরীক্ষা প্রয়োজন। তাই আমি আপনাকে একজন বিশেষজ্ঞ ডাক্তারের সাথে সরাসরি পরামর্শ করার পরামর্শ দিচ্ছি। প্রয়োজনীয় পরীক্ষা-নিরীক্ষা করানো উচিত এবং রিপোর্ট অনুযায়ী চিকিৎসা শুরু করা যেতে পারে। এই সময়ে পর্যাপ্ত বিশ্রাম নিন, প্রচুর পানি পান করুন এবং স্বাস্থ্যকর খাবার খান। ডাক্তারের পরামর্শ ছাড়া কোনো ওষুধ সেবন করবেন না। যদি সমস্যা বাড়তে থাকে বা তীব্র হয়, তাহলে দেরি না করে দ্রুত ডাক্তারের শরণাপন্ন হন। আশা করি এই উত্তরটি আপনাকে সাহায্য করবে। আরও কোনো প্রশ্ন থাকলে নির্দ্বিধায় জিজ্ঞাসা করতে পারেন। ধন্যবাদ।"
89436,"হেলো, নাসেনিয়া ডকে আপনাকে স্বাগতম। আপনার অনুসন্ধানের জন্য ধন্যবাদ। আমি আপনার প্রশ্নটি দেখেছি এবং আপনার উদ্বেগ বুঝতে পেরেছি। আমি যথাসাধ্য আপনাকে সাহায্য করার চেষ্টা করব। আপনার বর্ণনা করা লক্ষণগুলো বিভিন্ন কারণে হতে পারে এবং এর সঠিক কারণ নির্ণয়ের জন্য একটি বিস্তারিত পরীক্ষা প্রয়োজন। তাই আমি আপনাকে একজন বিশেষজ্ঞ ডাক্তারের সাথে সরাসরি পরামর্শ করার পরামর্শ দিচ্ছি। প্রয়োজনীয় পরীক্ষা-নিরীক্ষা করানো উচিত এবং রিপোর্ট অনুযায়ী চিকিৎসা শুরু করা যেতে পারে। এই সময়ে পর্যাপ্ত বিশ্রাম নিন, প্রচুর পানি পান করুন এবং স্বাস্থ্যকর খাবার খান। ডাক্তারের পরামর্শ ছাড়া কোনো ওষুধ সেবন করবেন না। যদি সমস্যা বাড়তে থাকে বা তীব্র হয়, তাহলে দেরি না করে দ্রুত ডাক্তারের শরণাপন্ন হন। আশা করি এই উত্তরটি আপনাকে সাহায্য করবে। আরও কোনো প্রশ্ন থাকলে নির্দ্বিধায় জিজ্ঞাসা করতে পারেন। ধন্যবাদ।"
14129,"হেলো, নাসেনিয়া ডকে আপনাকে স্বাগতম। আপনার অনুসন্ধানের জন্য ধন্যবাদ। আমি আপনার প্রশ্নটি দেখেছি এবং আপনার উদ্বেগ বুঝতে পেরেছি। আমি যথাসাধ্য আপনাকে সাহায্য করার চেষ্টা করব। আপনার বর্ণনা করা লক্ষণগুলো বিভিন্ন কারণে হতে পারে এবং এর সঠিক কারণ নির্ণয়ের জন্য একটি বিস্তারিত পরীক্ষা প্রয়োজন। তাই আমি আপনাকে একজন বিশেষজ্ঞ ডাক্তারের সাথে সরাসরি পরামর্শ করার পরামর্শ দিচ্ছি। প্রয়োজনীয় পরীক্ষা-নিরীক্ষা করানো উচিত এবং রিপোর্ট অনুযায়ী চিকিৎসা শুরু করা যেতে পারে। এই সময়ে পর্যাপ্ত বিশ্রাম নিন, প্রচুর পানি পান করুন এবং স্বাস্থ্যকর খাবার খান। ডাক্তারের পরামর্শ ছাড়া কোনো ওষুধ সেবন করবেন না। যদি সমস্যা বাড়তে থাকে বা তীব্র হয়, তাহলে দেরি না করে দ্রুত ডাক্তারের শরণাপন্ন হন। আশা করি এই উত্তরটি আপনাকে সাহায্য করবে। আরও কোনো প্রশ্ন থাকলে নির্দ্বিধায় জিজ্ঞাসা করতে পারেন। ধন্যবাদ।"
72013,"হেলো, নাসেনিয়া ডকে আপনাকে স্বাগতম। আপনার অনুসন্ধানের জন্য ধন্যবাদ। আমি আপনার প্রশ্নটি দেখেছি এবং আপনার উদ্বেগ বুঝতে পেরেছি। আমি যথাসাধ্য আপনাকে সাহায্য করার চেষ্টা করব। আপনার বর্ণনা করা লক্ষণগুলো বিভিন্ন কারণে হতে পারে এবং এর সঠিক কারণ নির্ণয়ের জন্য একটি বিস্তারিত পরীক্ষা প্রয়োজন। তাই আমি আপনাকে একজন বিশেষজ্ঞ ডাক্তারের সাথে সরাসরি পরামর্শ করার পরামর্শ দিচ্ছি। প্রয়োজনীয় পরীক্ষা-নিরীক্ষা করানো উচিত এবং রিপোর্ট অনুযায়ী চিকিৎসা শুরু করা যেতে পারে। এই সময়ে পর্যাপ্ত বিশ্রাম নিন, প্রচুর পানি পান করুন এবং স্বাস্থ্যকর খাবার খান। ডাক্তারের পরামর্শ ছাড়া কোনো ওষুধ সেবন করবেন না। যদি সমস্যা বাড়তে থাকে বা তীব্র হয়, তাহলে দেরি না করে দ্রুত ডাক্তারের শরণাপন্ন হন। আশা করি এই উত্তরটি আপনাকে সাহায্য করবে। আরও কোনো প্রশ্ন থাকলে নির্দ্বিধায় জিজ্ঞাসা করতে পারেন। ধন্যবাদ।"
11132,"হেলো, নাসেনিয়া ডকে আপনাকে স্বাগতম। আপনার অনুসন্ধানের জন্য ধন্যবাদ। আমি আপনার প্রশ্নটি দেখেছি এবং আপনার উদ্বেগ বুঝতে পেরেছি। আমি যথাসাধ্য আপনাকে সাহায্য করার চেষ্টা করব। আপনার বর্ণনা করা লক্ষণগুলো বিভিন্ন কারণে হতে পারে এবং এর সঠিক কারণ নির্ণয়ের জন্য একটি বিস্তারিত পরীক্ষা প্রয়োজন। তাই আমি আপনাকে একজন বিশেষজ্ঞ ডাক্তারের সাথে সরাসরি পরামর্শ করার পরামর্শ দিচ্ছি। প্রয়োজনীয় পরীক্ষা-নিরীক্ষা করানো উচিত এবং রিপোর্ট অনুযায়ী চিকিৎসা শুরু করা যেতে পারে। এই সময়ে পর্যাপ্ত বিশ্রাম নিন, প্রচুর পানি পান করুন এবং স্বাস্থ্যকর খাবার খান। ডাক্তারের পরামর্শ ছাড়া কোনো ওষুধ সেবন করবেন না। যদি সমস্যা বাড়তে থাকে বা তীব্র হয়, তাহলে দেরি না করে দ্রুত ডাক্তারের শরণাপন্ন হন। আশা করি এই উত্তরটি আপনাকে সাহায্য করবে। আরও কোনো প্রশ্ন থাকলে নির্দ্বিধায় জিজ্ঞাসা করতে পারেন। ধন্যবাদ।"
48202,"হেলো, নাসেনিয়া ডকে আপনাকে স্বাগতম। আপনার অনুসন্ধানের জন্য ধন্যবাদ। আমি আপনার প্রশ্নটি দেখেছি এবং আপনার উদ্বেগ বুঝতে পেরেছি। আমি যথাসাধ্য আপনাকে সাহায্য করার চেষ্টা করব। আপনার বর্ণনা করা লক্ষণগুলো বিভিন্ন কারণে হতে পারে এবং এর সঠিক কারণ নির্ণয়ের জন্য একটি বিস্তারিত পরীক্ষা প্রয়োজন। তাই আমি আপনাকে একজন বিশেষজ্ঞ ডাক্তারের সাথে সরাসরি পরামর্শ করার পরামর্শ দিচ্ছি। প্রয়োজনীয় পরীক্ষা-নিরীক্ষা করানো উচিত এবং রিপোর্ট অনুযায়ী চিকিৎসা শুরু করা যেতে পারে। এই সময়ে পর্যাপ্ত বিশ্রাম নিন, প্রচুর পানি পান করুন এবং স্বাস্থ্যকর খাবার খান। ডাক্তারের পরামর্শ ছাড়া কোনো ওষুধ সেবন করবেন না। যদি সমস্যা বাড়তে থাকে বা তীব্র হয়, তাহলে দেরি না করে দ্রুত ডাক্তারের শরণাপন্ন হন। আশা করি এই উত্তরটি আপনাকে সাহায্য করবে। আরও কোনো প্রশ্ন থাকলে নির্দ্বিধায় জিজ্ঞাসা করতে পারেন। ধন্যবাদ।"
30335,"হেলো, নাসেনিয়া ডকে আপনাকে স্বাগতম। আপনার অনুসন্ধানের জন্য ধন্যবাদ। আমি আপনার প্রশ্নটি দেখেছি এবং আপনার উদ্বেগ বুঝতে পেরেছি। আমি যথাসাধ্য আপনাকে সাহায্য করার চেষ্টা করব। আপনার বর্ণনা করা লক্ষণগুলো বিভিন্ন কারণে হতে পারে এবং এর সঠিক কারণ নির্ণয়ের জন্য একটি বিস্তারিত পরীক্ষা প্রয়োজন। তাই আমি আপনাকে একজন বিশেষজ্ঞ ডাক্তারের সাথে সরাসরি পরামর্শ করার পরামর্শ দিচ্ছি। প্রয়োজনীয় পরীক্ষা-নিরীক্ষা করানো উচিত এবং রিপোর্ট অনুযায়ী চিকিৎসা শুরু করা যেতে পারে। এই সময়ে পর্যাপ্ত বিশ্রাম নিন, প্রচুর পানি পান করুন এবং স্বাস্থ্যকর খাবার খান। ডাক্তারের পরামর্শ ছাড়া কোনো ওষুধ সেবন করবেন না। যদি সমস্যা বাড়তে থাকে বা তীব্র হয়, তাহলে দেরি না করে দ্রুত ডাক্তারের শরণাপন্ন হন। আশা করি এই উত্তরটি আপনাকে সাহায্য করবে। আরও কোনো প্রশ্ন থাকলে নির্দ্বিধায় জিজ্ঞাসা করতে পারেন। ধন্যবাদ।"
22543,"হেলো, নাসেনিয়া ডকে আপনাকে স্বাগতম। আপনার অনুসন্ধানের জন্য ধন্যবাদ। আমি আপনার প্রশ্নটি দেখেছি এবং আপনার উদ্বেগ বুঝতে পেরেছি। আমি যথাসাধ্য আপনাকে সাহায্য করার চেষ্টা করব। আপনার বর্ণনা করা লক্ষণগুলো বিভিন্ন কারণে হতে পারে এবং এর সঠিক কারণ নির্ণয়ের জন্য একটি বিস্তারিত পরীক্ষা প্রয়োজন। তাই আমি আপনাকে একজন বিশেষজ্ঞ ডাক্তারের সাথে সরাসরি পরামর্শ করার পরামর্শ দিচ্ছি। প্রয়োজনীয় পরীক্ষা-নিরীক্ষা করানো উচিত এবং রিপোর্ট অনুযায়ী চিকিৎসা শুরু করা যেতে পারে। এই সময়ে পর্যাপ্ত বিশ্রাম নিন, প্রচুর পানি পান করুন এবং স্বাস্থ্যকর খাবার খান। ডাক্তারের পরামর্শ ছাড়া কোনো ওষুধ সেবন করবেন না। যদি সমস্যা বাড়তে থাকে বা তীব্র হয়, তাহলে দেরি না করে দ্রুত ডাক্তারের শরণাপন্ন হন। আশা করি এই উত্তরটি আপনাকে সাহায্য করবে। আরও কোনো প্রশ্ন থাকলে নির্দ্বিধায় জিজ্ঞাসা করতে পারেন। ধন্যবাদ।"
56345,"হেলো, নাসেনিয়া ডকে আপনাকে স্বাগতম। আপনার অনুসন্ধানের জন্য ধন্যবাদ। আমি আপনার প্রশ্নটি দেখেছি এবং আপনার উদ্বেগ বুঝতে পেরেছি। আমি যথাসাধ্য আপনাকে সাহায্য করার চেষ্টা করব। আপনার বর্ণনা করা লক্ষণগুলো বিভিন্ন কারণে হতে পারে এবং এর সঠিক কারণ নির্ণয়ের জন্য একটি বিস্তারিত পরীক্ষা প্রয়োজন। তাই আমি আপনাকে একজন বিশেষজ্ঞ ডাক্তারের সাথে সরাসরি পরামর্শ করার পরামর্শ দিচ্ছি। প্রয়োজনীয় পরীক্ষা-নিরীক্ষা করানো উচিত এবং রিপোর্ট অনুযায়ী চিকিৎসা শুরু করা যেতে পারে। এই সময়ে পর্যাপ্ত বিশ্রাম নিন, প্রচুর পানি পান করুন এবং স্বাস্থ্যকর খাবার খান। ডাক্তারের পরামর্শ ছাড়া কোনো ওষুধ সেবন করবেন না। যদি সমস্যা বাড়তে থাকে বা তীব্র হয়, তাহলে দেরি না করে দ্রুত ডাক্তারের শরণাপন্ন হন। আশা করি এই উত্তরটি আপনাকে সাহায্য করবে। আরও কোনো প্রশ্ন থাকলে নির্দ্বিধায় জিজ্ঞাসা করতে পারেন। ধন্যবাদ।"
52557,"হেলো, নাসেনিয়া ডকে আপনাকে স্বাগতম। আপনার অনুসন্ধানের জন্য ধন্যবাদ। আমি আপনার প্রশ্নটি দেখেছি এবং আপনার উদ্বেগ বুঝতে পেরেছি। আমি যথাসাধ্য আপনাকে সাহায্য করার চেষ্টা করব। আপনার বর্ণনা করা লক্ষণগুলো বিভিন্ন কারণে হতে পারে এবং এর সঠিক কারণ নির্ণয়ের জন্য একটি বিস্তারিত পরীক্ষা প্রয়োজন। তাই আমি আপনাকে একজন বিশেষজ্ঞ ডাক্তারের সাথে সরাসরি পরামর্শ করার পরামর্শ দিচ্ছি। প্রয়োজনীয় পরীক্ষা-নিরীক্ষা করানো উচিত এবং রিপোর্ট অনুযায়ী চিকিৎসা শুরু করা যেতে পারে। এই সময়ে পর্যাপ্ত বিশ্রাম নিন, প্রচুর পানি পান করুন এবং স্বাস্থ্যকর খাবার খান। ডাক্তারের পরামর্শ ছাড়া কোনো ওষুধ সেবন করবেন না। যদি সমস্যা বাড়তে থাকে বা তীব্র হয়, তাহলে দেরি না করে দ্রুত ডাক্তারের শরণাপন্ন হন। আশা করি এই উত্তরটি আপনাকে সাহায্য করবে। আরও কোনো প্রশ্ন থাকলে নির্দ্বিধায় জিজ্ঞাসা করতে পারেন। ধন্যবাদ।"
27008,"হেলো, নাসেনিয়া ডকে আপনাকে স্বাগতম। আপনার অনুসন্ধানের জন্য ধন্যবাদ। আমি আপনার প্রশ্নটি দেখেছি এবং আপনার উদ্বেগ বুঝতে পেরেছি। আমি যথাসাধ্য আপনাকে সাহায্য করার চেষ্টা করব। আপনার বর্ণনা করা লক্ষণগুলো বিভিন্ন কারণে হতে পারে এবং এর সঠিক কারণ নির্ণয়ের জন্য একটি বিস্তারিত পরীক্ষা প্রয়োজন। তাই আমি আপনাকে একজন বিশেষজ্ঞ ডাক্তারের সাথে সরাসরি পরামর্শ করার পরামর্শ দিচ্ছি। প্রয়োজনীয় পরীক্ষা-নিরীক্ষা করানো উচিত এবং রিপোর্ট অনুযায়ী চিকিৎসা শুরু করা যেতে পারে। এই সময়ে পর্যাপ্ত বিশ্রাম নিন, প্রচুর পানি পান করুন এবং স্বাস্থ্যকর খাবার খান। ডাক্তারের পরামর্শ ছাড়া কোনো ওষুধ সেবন করবেন না। যদি সমস্যা বাড়তে থাকে বা তীব্র হয়, তাহলে দেরি না করে দ্রুত ডাক্তারের শরণাপন্ন হন। আশা করি এই উত্তরটি আপনাকে সাহায্য করবে। আরও কোনো প্রশ্ন থাকলে নির্দ্বিধায় জিজ্ঞাসা করতে পারেন। ধন্যবাদ।"
106342,"হেলো, নাসেনিয়া ডকে আপনাকে স্বাগতম। আপনার অনুসন্ধানের জন্য ধন্যবাদ। আমি আপনার প্রশ্নটি দেখেছি এবং আপনার উদ্বেগ বুঝতে পেরেছি। আমি যথাসাধ্য আপনাকে সাহায্য করার চেষ্টা করব। আপনার বর্ণনা করা লক্ষণগুলো বিভিন্ন কারণে হতে পারে এবং এর সঠিক কারণ নির্ণয়ের জন্য একটি বিস্তারিত পরীক্ষা প্রয়োজন। তাই আমি আপনাকে একজন বিশেষজ্ঞ ডাক্তারের সাথে সরাসরি পরামর্শ করার পরামর্শ দিচ্ছি। প্রয়োজনীয় পরীক্ষা-নিরীক্ষা করানো উচিত এবং রিপোর্ট অনুযায়ী চিকিৎসা শুরু করা যেতে পারে। এই সময়ে পর্যাপ্ত বিশ্রাম নিন, প্রচুর পানি পান করুন এবং স্বাস্থ্যকর খাবার খান। ডাক্তারের পরামর্শ ছাড়া কোনো ওষুধ সেবন করবেন না। যদি সমস্যা বাড়তে থাকে বা তীব্র হয়, তাহলে দেরি না করে দ্রুত ডাক্তারের শরণাপন্ন হন। আশা করি এই উত্তরটি আপনাকে সাহায্য করবে। আরও কোনো প্রশ্ন থাকলে নির্দ্বিধায় জিজ্ঞাসা করতে পারেন। ধন্যবাদ।"
55809,"হেলো, নাসেনিয়া ডকে আপনাকে স্বাগতম। আপনার অনুসন্ধানের জন্য ধন্যবাদ। আমি আপনার প্রশ্নটি দেখেছি এবং আপনার উদ্বেগ বুঝতে পেরেছি। আমি যথাসাধ্য আপনাকে সাহায্য করার চেষ্টা করব। আপনার বর্ণনা করা লক্ষণগুলো বিভিন্ন কারণে হতে পারে এবং এর সঠিক কারণ নির্ণয়ের জন্য একটি বিস্তারিত পরীক্ষা প্রয়োজন। তাই আমি আপনাকে একজন বিশেষজ্ঞ ডাক্তারের সাথে সরাসরি পরামর্শ করার পরামর্শ দিচ্ছি। প্রয়োজনীয় পরীক্ষা-নিরীক্ষা করানো উচিত এবং রিপোর্ট অনুযায়ী চিকিৎসা শুরু করা যেতে পারে। এই সময়ে পর্যাপ্ত বিশ্রাম নিন, প্রচুর পানি পান করুন এবং স্বাস্থ্যকর খাবার খান। ডাক্তারের পরামর্শ ছাড়া কোনো ওষুধ সেবন করবেন না। যদি সমস্যা বাড়তে থাকে বা তীব্র হয়, তাহলে দেরি না করে দ্রুত ডাক্তারের শরণাপন্ন হন। আশা করি এই উত্তরটি আপনাকে সাহায্য করবে। আরও কোনো প্রশ্ন থাকলে নির্দ্বিধায় জিজ্ঞাসা করতে পারেন। ধন্যবাদ।"
89380,"হেলো, নাসেনিয়া ডকে আপনাকে স্বাগতম। আপনার অনুসন্ধানের জন্য ধন্যবাদ। আমি আপনার প্রশ্নটি দেখেছি এবং আপনার উদ্বেগ বুঝতে পেরেছি। আমি যথাসাধ্য আপনাকে সাহায্য করার চেষ্টা করব। আপনার বর্ণনা করা লক্ষণগুলো বিভিন্ন কারণে হতে পারে এবং এর সঠিক কারণ নির্ণয়ের জন্য একটি বিস্তারিত পরীক্ষা প্রয়োজন। তাই আমি আপনাকে একজন বিশেষজ্ঞ ডাক্তারের সাথে সরাসরি পরামর্শ করার পরামর্শ দিচ্ছি। প্রয়োজনীয় পরীক্ষা-নিরীক্ষা করানো উচিত এবং রিপোর্ট অনুযায়ী চিকিৎসা শুরু করা যেতে পারে। এই সময়ে পর্যাপ্ত বিশ্রাম নিন, প্রচুর পানি পান করুন এবং স্বাস্থ্যকর খাবার খান। ডাক্তারের পরামর্শ ছাড়া কোনো ওষুধ সেবন করবেন না। যদি সমস্যা বাড়তে থাকে বা তীব্র হয়, তাহলে দেরি না করে দ্রুত ডাক্তারের শরণাপন্ন হন। আশা করি এই উত্তরটি আপনাকে সাহায্য করবে। আরও কোনো প্রশ্ন থাকলে নির্দ্বিধায় জিজ্ঞাসা করতে পারেন। ধন্যবাদ।"
107801,"হেলো, নাসেনিয়া ডকে আপনাকে স্বাগতম। আপনার অনুসন্ধানের জন্য ধন্যবাদ। আমি আপনার প্রশ্নটি দেখেছি এবং আপনার উদ্বেগ বুঝতে পেরেছি। আমি যথাসাধ্য আপনাকে সাহায্য করার চেষ্টা করব। আপনার বর্ণনা করা লক্ষণগুলো বিভিন্ন কারণে হতে পারে এবং এর সঠিক কারণ নির্ণয়ের জন্য একটি বিস্তারিত পরীক্ষা প্রয়োজন। তাই আমি আপনাকে একজন বিশেষজ্ঞ ডাক্তারের সাথে সরাসরি পরামর্শ করার পরামর্শ দিচ্ছি। প্রয়োজনীয় পরীক্ষা-নিরীক্ষা করানো উচিত এবং রিপোর্ট অনুযায়ী চিকিৎসা শুরু করা যেতে পারে। এই সময়ে পর্যাপ্ত বিশ্রাম নিন, প্রচুর পানি পান করুন এবং স্বাস্থ্যকর খাবার খান। ডাক্তারের পরামর্শ ছাড়া কোনো ওষুধ সেবন করবেন না। যদি সমস্যা বাড়তে থাকে বা তীব্র হয়, তাহলে দেরি না করে দ্রুত ডাক্তারের শরণাপন্ন হন। আশা করি এই উত্তরটি আপনাকে সাহায্য করবে। আরও কোনো প্রশ্ন থাকলে নির্দ্বিধায় জিজ্ঞাসা করতে পারেন। ধন্যবাদ।"
37539,"হেলো, নাসেনিয়া ডকে আপনাকে স্বাগতম। আপনার অনুসন্ধানের জন্য ধন্যবাদ। আমি আপনার প্রশ্নটি দেখেছি এবং আপনার উদ্বেগ বুঝতে পেরেছি। আমি যথাসাধ্য আপনাকে সাহায্য করার চেষ্টা করব। আপনার বর্ণনা করা লক্ষণগুলো বিভিন্ন কারণে হতে পারে এবং এর সঠিক কারণ নির্ণয়ের জন্য একটি বিস্তারিত পরীক্ষা প্রয়োজন। তাই আমি আপনাকে একজন বিশেষজ্ঞ ডাক্তারের সাথে সরাসরি পরামর্শ করার পরামর্শ দিচ্ছি। প্রয়োজনীয় পরীক্ষা-নিরীক্ষা করানো উচিত এবং রিপোর্ট অনুযায়ী চিকিৎসা শুরু করা যেতে পারে। এই সময়ে পর্যাপ্ত বিশ্রাম নিন, প্রচুর পানি পান করুন এবং স্বাস্থ্যকর খাবার খান। ডাক্তারের পরামর্শ ছাড়া কোনো ওষুধ সেবন করবেন না। যদি সমস্যা বাড়তে থাকে বা তীব্র হয়, তাহলে দেরি না করে দ্রুত ডাক্তারের শরণাপন্ন হন। আশা করি এই উত্তরটি আপনাকে সাহায্য করবে। আরও কোনো প্রশ্ন থাকলে নির্দ্বিধায় জিজ্ঞাসা করতে পারেন। ধন্যবাদ।"
10011,"হেলো, নাসেনিয়া ডকে আপনাকে স্বাগতম। আপনার অনুসন্ধানের জন্য ধন্যবাদ। আমি আপনার প্রশ্নটি দেখেছি এবং আপনার উদ্বেগ বুঝতে পেরেছি। আমি যথাসাধ্য আপনাকে সাহায্য করার চেষ্টা করব। আপনার বর্ণনা করা লক্ষণগুলো বিভিন্ন কারণে হতে পারে এবং এর সঠিক কারণ নির্ণয়ের জন্য একটি বিস্তারিত পরীক্ষা প্রয়োজন। তাই আমি আপনাকে একজন বিশেষজ্ঞ ডাক্তারের সাথে সরাসরি পরামর্শ করার পরামর্শ দিচ্ছি। প্রয়োজনীয় পরীক্ষা-নিরীক্ষা করানো উচিত এবং রিপোর্ট অনুযায়ী চিকিৎসা শুরু করা যেতে পারে। এই সময়ে পর্যাপ্ত বিশ্রাম নিন, প্রচুর পানি পান করুন এবং স্বাস্থ্যকর খাবার খান। ডাক্তারের পরামর্শ ছাড়া কোনো ওষুধ সেবন করবেন না। যদি সমস্যা বাড়তে থাকে বা তীব্র হয়, তাহলে দেরি না করে দ্রুত ডাক্তারের শরণাপন্ন হন। আশা করি এই উত্তরটি আপনাকে সাহায্য করবে। আরও কোনো প্রশ্ন থাকলে নির্দ্বিধায় জিজ্ঞাসা করতে পারেন। ধন্যবাদ।"
30207,"হেলো, নাসেনিয়া ডকে আপনাকে স্বাগতম। আপনার অনুসন্ধানের জন্য ধন্যবাদ। আমি আপনার প্রশ্নটি দেখেছি এবং আপনার উদ্বেগ বুঝতে পেরেছি। আমি যথাসাধ্য আপনাকে সাহায্য করার চেষ্টা করব। আপনার বর্ণনা করা লক্ষণগুলো বিভিন্ন কারণে হতে পারে এবং এর সঠিক কারণ নির্ণয়ের জন্য একটি বিস্তারিত পরীক্ষা প্রয়োজন। তাই আমি আপনাকে একজন বিশেষজ্ঞ ডাক্তারের সাথে সরাসরি পরামর্শ করার পরামর্শ দিচ্ছি। প্রয়োজনীয় পরীক্ষা-নিরীক্ষা করানো উচিত এবং রিপোর্ট অনুযায়ী চিকিৎসা শুরু করা যেতে পারে। এই সময়ে পর্যাপ্ত বিশ্রাম নিন, প্রচুর পানি পান করুন এবং স্বাস্থ্যকর খাবার খান। ডাক্তারের পরামর্শ ছাড়া কোনো ওষুধ সেবন করবেন না। যদি সমস্যা বাড়তে থাকে বা তীব্র হয়, তাহলে দেরি না করে দ্রুত ডাক্তারের শরণাপন্ন হন। আশা করি এই উত্তরটি আপনাকে সাহায্য করবে। আরও কোনো প্রশ্ন থাকলে নির্দ্বিধায় জিজ্ঞাসা করতে পারেন। ধন্যবাদ।"
36049,"হেলো, নাসেনিয়া ডকে আপনাকে স্বাগতম। আপনার অনুসন্ধানের জন্য ধন্যবাদ। আমি আপনার প্রশ্নটি দেখেছি এবং আপনার উদ্বেগ বুঝতে পেরেছি। আমি যথাসাধ্য আপনাকে সাহায্য করার চেষ্টা করব। আপনার বর্ণনা করা লক্ষণগুলো বিভিন্ন কারণে হতে পারে এবং এর সঠিক কারণ নির্ণয়ের জন্য একটি বিস্তারিত পরীক্ষা প্রয়োজন। তাই আমি আপনাকে একজন বিশেষজ্ঞ ডাক্তারের সাথে সরাসরি পরামর্শ করার পরামর্শ দিচ্ছি। প্রয়োজনীয় পরীক্ষা-নিরীক্ষা করানো উচিত এবং রিপোর্ট অনুযায়ী চিকিৎসা শুরু করা যেতে পারে। এই সময়ে পর্যাপ্ত বিশ্রাম নিন, প্রচুর পানি পান করুন এবং স্বাস্থ্যকর খাবার খান। ডাক্তারের পরামর্শ ছাড়া কোনো ওষুধ সেবন করবেন না। যদি সমস্যা বাড়তে থাকে বা তীব্র হয়, তাহলে দেরি না করে দ্রুত ডাক্তারের শরণাপন্ন হন। আশা করি এই উত্তরটি আপনাকে সাহায্য করবে। আরও কোনো প্রশ্ন থাকলে নির্দ্বিধায় জিজ্ঞাসা করতে পারেন। ধন্যবাদ।"
109335,"হেলো, নাসেনিয়া ডকে আপনাকে স্বাগতম। আপনার অনুসন্ধানের জন্য ধন্যবাদ। আমি আপনার প্রশ্নটি দেখেছি এবং আপনার উদ্বেগ বুঝতে পেরেছি। আমি যথাসাধ্য আপনাকে সাহায্য করার চেষ্টা করব। আপনার বর্ণনা করা লক্ষণগুলো বিভিন্ন কারণে হতে পারে এবং এর সঠিক কারণ নির্ণয়ের জন্য একটি বিস্তারিত পরীক্ষা প্রয়োজন। তাই আমি আপনাকে একজন বিশেষজ্ঞ ডাক্তারের সাথে সরাসরি পরামর্শ করার পরামর্শ দিচ্ছি। প্রয়োজনীয় পরীক্ষা-নিরীক্ষা করানো উচিত এবং রিপোর্ট অনুযায়ী চিকিৎসা শুরু করা যেতে পারে। এই সময়ে পর্যাপ্ত বিশ্রাম নিন, প্রচুর পানি পান করুন এবং স্বাস্থ্যকর খাবার খান। ডাক্তারের পরামর্শ ছাড়া কোনো ওষুধ সেবন করবেন না। যদি সমস্যা বাড়তে থাকে বা তীব্র হয়, তাহলে দেরি না করে দ্রুত ডাক্তারের শরণাপন্ন হন। আশা করি এই উত্তরটি আপনাকে সাহায্য করবে। আরও কোনো প্রশ্ন থাকলে নির্দ্বিধায় জিজ্ঞাসা করতে পারেন। ধন্যবাদ।"
41232,"হেলো, নাসেনিয়া ডকে আপনাকে স্বাগতম। আপনার অনুসন্ধানের জন্য ধন্যবাদ। আমি আপনার প্রশ্নটি দেখেছি এবং আপনার উদ্বেগ বুঝতে পেরেছি। আমি যথাসাধ্য আপনাকে সাহায্য করার চেষ্টা করব। আপনার বর্ণনা করা লক্ষণগুলো বিভিন্ন কারণে হতে পারে এবং এর সঠিক কারণ নির্ণয়ের জন্য একটি বিস্তারিত পরীক্ষা প্রয়োজন। তাই আমি আপনাকে একজন বিশেষজ্ঞ ডাক্তারের সাথে সরাসরি পরামর্শ করার পরামর্শ দিচ্ছি। প্রয়োজনীয় পরীক্ষা-নিরীক্ষা করানো উচিত এবং রিপোর্ট অনুযায়ী চিকিৎসা শুরু করা যেতে পারে। এই সময়ে পর্যাপ্ত বিশ্রাম নিন, প্রচুর পানি পান করুন এবং স্বাস্থ্যকর খাবার খান। ডাক্তারের পরামর্শ ছাড়া কোনো ওষুধ সেবন করবেন না। যদি সমস্যা বাড়তে থাকে বা তীব্র হয়, তাহলে দেরি না করে দ্রুত ডাক্তারের শরণাপন্ন হন। আশা করি এই উত্তরটি আপনাকে সাহায্য করবে। আরও কোনো প্রশ্ন থাকলে নির্দ্বিধায় জিজ্ঞাসা করতে পারেন। ধন্যবাদ।"
106935,"হেলো, নাসেনিয়া ডকে আপনাকে স্বাগতম। আপনার অনুসন্ধানের জন্য ধন্যবাদ। আমি আপনার প্রশ্নটি দেখেছি এবং আপনার উদ্বেগ বুঝতে পেরেছি। আমি যথাসাধ্য আপনাকে সাহায্য করার চেষ্টা করব। আপনার বর্ণনা করা লক্ষণগুলো বিভিন্ন কারণে হতে পারে এবং এর সঠিক কারণ নির্ণয়ের জন্য একটি বিস্তারিত পরীক্ষা প্রয়োজন। তাই আমি আপনাকে একজন বিশেষজ্ঞ ডাক্তারের সাথে সরাসরি পরামর্শ করার পরামর্শ দিচ্ছি। প্রয়োজনীয় পরীক্ষা-নিরীক্ষা করানো উচিত এবং রিপোর্ট অনুযায়ী চিকিৎসা শুরু করা যেতে পারে। এই সময়ে পর্যাপ্ত বিশ্রাম নিন, প্রচুর পানি পান করুন এবং স্বাস্থ্যকর খাবার খান। ডাক্তারের পরামর্শ ছাড়া কোনো ওষুধ সেবন করবেন না। যদি সমস্যা বাড়তে থাকে বা তীব্র হয়, তাহলে দেরি না করে দ্রুত ডাক্তারের শরণাপন্ন হন। আশা করি এই উত্তরটি আপনাকে সাহায্য করবে। আরও কোনো প্রশ্ন থাকলে নির্দ্বিধায় জিজ্ঞাসা করতে পারেন। ধন্যবাদ।"
35723,"হেলো, নাসেনিয়া ডকে আপনাকে স্বাগতম। আপনার অনুসন্ধানের জন্য ধন্যবাদ। আমি আপনার প্রশ্নটি দেখেছি এবং আপনার উদ্বেগ বুঝতে পেরেছি। আমি যথাসাধ্য আপনাকে সাহায্য করার চেষ্টা করব। আপনার বর্ণনা করা লক্ষণগুলো বিভিন্ন কারণে হতে পারে এবং এর সঠিক কারণ নির্ণয়ের জন্য একটি বিস্তারিত পরীক্ষা প্রয়োজন। তাই আমি আপনাকে একজন বিশেষজ্ঞ ডাক্তারের সাথে সরাসরি পরামর্শ করার পরামর্শ দিচ্ছি। প্রয়োজনীয় পরীক্ষা-নিরীক্ষা করানো উচিত এবং রিপোর্ট অনুযায়ী চিকিৎসা শুরু করা যেতে পারে। এই সময়ে পর্যাপ্ত বিশ্রাম নিন, প্রচুর পানি পান করুন এবং স্বাস্থ্যকর খাবার খান। ডাক্তারের পরামর্শ ছাড়া কোনো ওষুধ সেবন করবেন না। যদি সমস্যা বাড়তে থাকে বা তীব্র হয়, তাহলে দেরি না করে দ্রুত ডাক্তারের শরণাপন্ন হন। আশা করি এই উত্তরটি আপনাকে সাহায্য করবে। আরও কোনো প্রশ্ন থাকলে নির্দ্বিধায় জিজ্ঞাসা করতে পারেন। ধন্যবাদ।"
1984,"হেলো, নাসেনিয়া ডকে আপনাকে স্বাগতম। আপনার অনুসন্ধানের জন্য ধন্যবাদ। আমি আপনার প্রশ্নটি দেখেছি এবং আপনার উদ্বেগ বুঝতে পেরেছি। আমি যথাসাধ্য আপনাকে সাহায্য করার চেষ্টা করব। আপনার বর্ণনা করা লক্ষণগুলো বিভিন্ন কারণে হতে পারে এবং এর সঠিক কারণ নির্ণয়ের জন্য একটি বিস্তারিত পরীক্ষা প্রয়োজন। তাই আমি আপনাকে একজন বিশেষজ্ঞ ডাক্তারের সাথে সরাসরি পরামর্শ করার পরামর্শ দিচ্ছি। প্রয়োজনীয় পরীক্ষা-নিরীক্ষা করানো উচিত এবং রিপোর্ট অনুযায়ী চিকিৎসা শুরু করা যেতে পারে। এই সময়ে পর্যাপ্ত বিশ্রাম নিন, প্রচুর পানি পান করুন এবং স্বাস্থ্যকর খাবার খান। ডাক্তারের পরামর্শ ছাড়া কোনো ওষুধ সেবন করবেন না। যদি সমস্যা বাড়তে থাকে বা তীব্র হয়, তাহলে দেরি না করে দ্রুত ডাক্তারের শরণাপন্ন হন। আশা করি এই উত্তরটি আপনাকে সাহায্য করবে। আরও কোনো প্রশ্ন থাকলে নির্দ্বিধায় জিজ্ঞাসা করতে পারেন। ধন্যবাদ।"
72849,"হেলো, নাসেনিয়া ডকে আপনাকে স্বাগতম। আপনার অনুসন্ধানের জন্য ধন্যবাদ। আমি আপনার প্রশ্নটি দেখেছি এবং আপনার উদ্বেগ বুঝতে পেরেছি। আমি যথাসাধ্য আপনাকে সাহায্য করার চেষ্টা করব। আপনার বর্ণনা করা লক্ষণগুলো বিভিন্ন কারণে হতে পারে এবং এর সঠিক কারণ নির্ণয়ের জন্য একটি বিস্তারিত পরীক্ষা প্রয়োজন। তাই আমি আপনাকে একজন বিশেষজ্ঞ ডাক্তারের সাথে সরাসরি পরামর্শ করার পরামর্শ দিচ্ছি। প্রয়োজনীয় পরীক্ষা-নিরীক্ষা করানো উচিত এবং রিপোর্ট অনুযায়ী চিকিৎসা শুরু করা যেতে পারে। এই সময়ে পর্যাপ্ত বিশ্রাম নিন, প্রচুর পানি পান করুন এবং স্বাস্থ্যকর খাবার খান। ডাক্তারের পরামর্শ ছাড়া কোনো ওষুধ সেবন করবেন না। যদি সমস্যা বাড়তে থাকে বা তীব্র হয়, তাহলে দেরি না করে দ্রুত ডাক্তারের শরণাপন্ন হন। আশা করি এই উত্তরটি আপনাকে সাহায্য করবে। আরও কোনো প্রশ্ন থাকলে নির্দ্বিধায় জিজ্ঞাসা করতে পারেন। ধন্যবাদ।"
9676,"হেলো, নাসেনিয়া ডকে আপনাকে স্বাগতম। আপনার অনুসন্ধানের জন্য ধন্যবাদ। আমি আপনার প্রশ্নটি দেখেছি এবং আপনার উদ্বেগ বুঝতে পেরেছি। আমি যথাসাধ্য আপনাকে সাহায্য করার চেষ্টা করব। আপনার বর্ণনা করা লক্ষণগুলো বিভিন্ন কারণে হতে পারে এবং এর সঠিক কারণ নির্ণয়ের জন্য একটি বিস্তারিত পরীক্ষা প্রয়োজন। তাই আমি আপনাকে একজন বিশেষজ্ঞ ডাক্তারের সাথে সরাসরি পরামর্শ করার পরামর্শ দিচ্ছি। প্রয়োজনীয় পরীক্ষা-নিরীক্ষা করানো উচিত এবং রিপোর্ট অনুযায়ী চিকিৎসা শুরু করা যেতে পারে। এই সময়ে পর্যাপ্ত বিশ্রাম নিন, প্রচুর পানি পান করুন এবং স্বাস্থ্যকর খাবার খান। ডাক্তারের পরামর্শ ছাড়া কোনো ওষুধ সেবন করবেন না। যদি সমস্যা বাড়তে থাকে বা তীব্র হয়, তাহলে দেরি না করে দ্রুত ডাক্তারের শরণাপন্ন হন। আশা করি এই উত্তরটি আপনাকে সাহায্য করবে। আরও কোনো প্রশ্ন থাকলে নির্দ্বিধায় জিজ্ঞাসা করতে পারেন। ধন্যবাদ।"
49456,"হেলো, নাসেনিয়া ডকে আপনাকে স্বাগতম। আপনার অনুসন্ধানের জন্য ধন্যবাদ। আমি আপনার প্রশ্নটি দেখেছি এবং আপনার উদ্বেগ বুঝতে পেরেছি। আমি যথাসাধ্য আপনাকে সাহায্য করার চেষ্টা করব। আপনার বর্ণনা করা লক্ষণগুলো বিভিন্ন কারণে হতে পারে এবং এর সঠিক কারণ নির্ণয়ের জন্য একটি বিস্তারিত পরীক্ষা প্রয়োজন। তাই আমি আপনাকে একজন বিশেষজ্ঞ ডাক্তারের সাথে সরাসরি পরামর্শ করার পরামর্শ দিচ্ছি। প্রয়োজনীয় পরীক্ষা-নিরীক্ষা করানো উচিত এবং রিপোর্ট অনুযায়ী চিকিৎসা শুরু করা যেতে পারে। এই সময়ে পর্যাপ্ত বিশ্রাম নিন, প্রচুর পানি পান করুন এবং স্বাস্থ্যকর খাবার খান। ডাক্তারের পরামর্শ ছাড়া কোনো ওষুধ সেবন করবেন না। যদি সমস্যা বাড়তে থাকে বা তীব্র হয়, তাহলে দেরি না করে দ্রুত ডাক্তারের শরণাপন্ন হন। আশা করি এই উত্তরটি আপনাকে সাহায্য করবে। আরও কোনো প্রশ্ন থাকলে নির্দ্বিধায় জিজ্ঞাসা করতে পারেন। ধন্যবাদ।"
1541,"হেলো, নাসেনিয়া ডকে আপনাকে স্বাগতম। আপনার অনুসন্ধানের জন্য ধন্যবাদ। আমি আপনার প্রশ্নটি দেখেছি এবং আপনার উদ্বেগ বুঝতে পেরেছি। আমি যথাসাধ্য আপনাকে সাহায্য করার চেষ্টা করব। আপনার বর্ণনা করা লক্ষণগুলো বিভিন্ন কারণে হতে পারে এবং এর সঠিক কারণ নির্ণয়ের জন্য একটি বিস্তারিত পরীক্ষা প্রয়োজন। তাই আমি আপনাকে একজন বিশেষজ্ঞ ডাক্তারের সাথে সরাসরি পরামর্শ করার পরামর্শ দিচ্ছি। প্রয়োজনীয় পরীক্ষা-নিরীক্ষা করানো উচিত এবং রিপোর্ট অনুযায়ী চিকিৎসা শুরু করা যেতে পারে। এই সময়ে পর্যাপ্ত বিশ্রাম নিন, প্রচুর পানি পান করুন এবং স্বাস্থ্যকর খাবার খান। ডাক্তারের পরামর্শ ছাড়া কোনো ওষুধ সেবন করবেন না। যদি সমস্যা বাড়তে থাকে বা তীব্র হয়, তাহলে দেরি না করে দ্রুত ডাক্তারের শরণাপন্ন হন। আশা করি এই উত্তরটি আপনাকে সাহায্য করবে। আরও কোনো প্রশ্ন থাকলে নির্দ্বিধায় জিজ্ঞাসা করতে পারেন। ধন্যবাদ।"
57779,"হেলো, নাসেনিয়া ডকে আপনাকে স্বাগতম। আপনার অনুসন্ধানের জন্য ধন্যবাদ। আমি আপনার প্রশ্নটি দেখেছি এবং আপনার উদ্বেগ বুঝতে পেরেছি। আমি যথাসাধ্য আপনাকে সাহায্য করার চেষ্টা করব। আপনার বর্ণনা করা লক্ষণগুলো বিভিন্ন কারণে হতে পারে এবং এর সঠিক কারণ নির্ণয়ের জন্য একটি বিস্তারিত পরীক্ষা প্রয়োজন। তাই আমি আপনাকে একজন বিশেষজ্ঞ ডাক্তারের সাথে সরাসরি পরামর্শ করার পরামর্শ দিচ্ছি। প্রয়োজনীয় পরীক্ষা-নিরীক্ষা করানো উচিত এবং রিপোর্ট অনুযায়ী চিকিৎসা শুরু করা যেতে পারে। এই সময়ে পর্যাপ্ত বিশ্রাম নিন, প্রচুর পানি পান করুন এবং স্বাস্থ্যকর খাবার খান। ডাক্তারের পরামর্শ ছাড়া কোনো ওষুধ সেবন করবেন না। যদি সমস্যা বাড়তে থাকে বা তীব্র হয়, তাহলে দেরি না করে দ্রুত ডাক্তারের শরণাপন্ন হন। আশা করি এই উত্তরটি আপনাকে সাহায্য করবে। আরও কোনো প্রশ্ন থাকলে নির্দ্বিধায় জিজ্ঞাসা করতে পারেন। ধন্যবাদ।"
10066,"হেলো, নাসেনিয়া ডকে আপনাকে স্বাগতম। আপনার অনুসন্ধানের জন্য ধন্যবাদ। আমি আপনার প্রশ্নটি দেখেছি এবং আপনার উদ্বেগ বুঝতে পেরেছি। আমি যথাসাধ্য আপনাকে সাহায্য করার চেষ্টা করব। আপনার বর্ণনা করা লক্ষণগুলো বিভিন্ন কারণে হতে পারে এবং এর সঠিক কারণ নির্ণয়ের জন্য একটি বিস্তারিত পরীক্ষা প্রয়োজন। তাই আমি আপনাকে একজন বিশেষজ্ঞ ডাক্তারের সাথে সরাসরি পরামর্শ করার পরামর্শ দিচ্ছি। প্রয়োজনীয় পরীক্ষা-নিরীক্ষা করানো উচিত এবং রিপোর্ট অনুযায়ী চিকিৎসা শুরু করা যেতে পারে। এই সময়ে পর্যাপ্ত বিশ্রাম নিন, প্রচুর পানি পান করুন এবং স্বাস্থ্যকর খাবার খান। ডাক্তারের পরামর্শ ছাড়া কোনো ওষুধ সেবন করবেন না। যদি সমস্যা বাড়তে থাকে বা তীব্র হয়, তাহলে দেরি না করে দ্রুত ডাক্তারের শরণাপন্ন হন। আশা করি এই উত্তরটি আপনাকে সাহায্য করবে। আরও কোনো প্রশ্ন থাকলে নির্দ্বিধায় জিজ্ঞাসা করতে পারেন। ধন্যবাদ।"
94547,"হেলো, নাসেনিয়া ডকে আপনাকে স্বাগতম। আপনার অনুসন্ধানের জন্য ধন্যবাদ। আমি আপনার প্রশ্নটি দেখেছি এবং আপনার উদ্বেগ বুঝতে পেরেছি। আমি যথাসাধ্য আপনাকে সাহায্য করার চেষ্টা করব। আপনার বর্ণনা করা লক্ষণগুলো বিভিন্ন কারণে হতে পারে এবং এর সঠিক কারণ নির্ণয়ের জন্য একটি বিস্তারিত পরীক্ষা প্রয়োজন। তাই আমি আপনাকে একজন বিশেষজ্ঞ ডাক্তারের সাথে সরাসরি পরামর্শ করার পরামর্শ দিচ্ছি। প্রয়োজনীয় পরীক্ষা-নিরীক্ষা করানো উচিত এবং রিপোর্ট অনুযায়ী চিকিৎসা শুরু করা যেতে পারে। এই সময়ে পর্যাপ্ত বিশ্রাম নিন, প্রচুর পানি পান করুন এবং স্বাস্থ্যকর খাবার খান। ডাক্তারের পরামর্শ ছাড়া কোনো ওষুধ সেবন করবেন না। যদি সমস্যা বাড়তে থাকে বা তীব্র হয়, তাহলে দেরি না করে দ্রুত ডাক্তারের শরণাপন্ন হন। আশা করি এই উত্তরটি আপনাকে সাহায্য করবে। আরও কোনো প্রশ্ন থাকলে নির্দ্বিধায় জিজ্ঞাসা করতে পারেন। ধন্যবাদ।"
69762,"হেলো, নাসেনিয়া ডকে আপনাকে স্বাগতম। আপনার অনুসন্ধানের জন্য ধন্যবাদ। আমি আপনার প্রশ্নটি দেখেছি এবং আপনার উদ্বেগ বুঝতে পেরেছি। আমি যথাসাধ্য আপনাকে সাহায্য করার চেষ্টা করব। আপনার বর্ণনা করা লক্ষণগুলো বিভিন্ন কারণে হতে পারে এবং এর সঠিক কারণ নির্ণয়ের জন্য একটি বিস্তারিত পরীক্ষা প্রয়োজন। তাই আমি আপনাকে একজন বিশেষজ্ঞ ডাক্তারের সাথে সরাসরি পরামর্শ করার পরামর্শ দিচ্ছি। প্রয়োজনীয় পরীক্ষা-নিরীক্ষা করানো উচিত এবং রিপোর্ট অনুযায়ী চিকিৎসা শুরু করা যেতে পারে। এই সময়ে পর্যাপ্ত বিশ্রাম নিন, প্রচুর পানি পান করুন এবং স্বাস্থ্যকর খাবার খান। ডাক্তারের পরামর্শ ছাড়া কোনো ওষুধ সেবন করবেন না। যদি সমস্যা বাড়তে থাকে বা তীব্র হয়, তাহলে দেরি না করে দ্রুত ডাক্তারের শরণাপন্ন হন। আশা করি এই উত্তরটি আপনাকে সাহায্য করবে। আরও কোনো প্রশ্ন থাকলে নির্দ্বিধায় জিজ্ঞাসা করতে পারেন। ধন্যবাদ।"
81436,"হেলো, নাসেনিয়া ডকে আপনাকে স্বাগতম। আপনার অনুসন্ধানের জন্য ধন্যবাদ। আমি আপনার প্রশ্নটি দেখেছি এবং আপনার উদ্বেগ বুঝতে পেরেছি। আমি যথাসাধ্য আপনাকে সাহায্য করার চেষ্টা করব। আপনার বর্ণনা করা লক্ষণগুলো বিভিন্ন কারণে হতে পারে এবং এর সঠিক কারণ নির্ণয়ের জন্য একটি বিস্তারিত পরীক্ষা প্রয়োজন। তাই আমি আপনাকে একজন বিশেষজ্ঞ ডাক্তারের সাথে সরাসরি পরামর্শ করার পরামর্শ দিচ্ছি। প্রয়োজনীয় পরীক্ষা-নিরীক্ষা করানো উচিত এবং রিপোর্ট অনুযায়ী চিকিৎসা শুরু করা যেতে পারে। এই সময়ে পর্যাপ্ত বিশ্রাম নিন, প্রচুর পানি পান করুন এবং স্বাস্থ্যকর খাবার খান। ডাক্তারের পরামর্শ ছাড়া কোনো ওষুধ সেবন করবেন না। যদি সমস্যা বাড়তে থাকে বা তীব্র হয়, তাহলে দেরি না করে দ্রুত ডাক্তারের শরণাপন্ন হন। আশা করি এই উত্তরটি আপনাকে সাহায্য করবে। আরও কোনো প্রশ্ন থাকলে নির্দ্বিধায় জিজ্ঞাসা করতে পারেন। ধন্যবাদ।"
38748,"হেলো, নাসেনিয়া ডকে আপনাকে স্বাগতম। আপনার অনুসন্ধানের জন্য ধন্যবাদ। আমি আপনার প্রশ্নটি দেখেছি এবং আপনার উদ্বেগ বুঝতে পেরেছি। আমি যথাসাধ্য আপনাকে সাহায্য করার চেষ্টা করব। আপনার বর্ণনা করা লক্ষণগুলো বিভিন্ন কারণে হতে পারে এবং এর সঠিক কারণ নির্ণয়ের জন্য একটি বিস্তারিত পরীক্ষা প্রয়োজন। তাই আমি আপনাকে একজন বিশেষজ্ঞ ডাক্তারের সাথে সরাসরি পরামর্শ করার পরামর্শ দিচ্ছি। প্রয়োজনীয় পরীক্ষা-নিরীক্ষা করানো উচিত এবং রিপোর্ট অনুযায়ী চিকিৎসা শুরু করা যেতে পারে। এই সময়ে পর্যাপ্ত বিশ্রাম নিন, প্রচুর পানি পান করুন এবং স্বাস্থ্যকর খাবার খান। ডাক্তারের পরামর্শ ছাড়া কোনো ওষুধ সেবন করবেন না। যদি সমস্যা বাড়তে থাকে বা তীব্র হয়, তাহলে দেরি না করে দ্রুত ডাক্তারের শরণাপন্ন হন। আশা করি এই উত্তরটি আপনাকে সাহায্য করবে। আরও কোনো প্রশ্ন থাকলে নির্দ্বিধায় জিজ্ঞাসা করতে পারেন। ধন্যবাদ।"
38414,"হেলো, নাসেনিয়া ডকে আপনাকে স্বাগতম। আপনার অনুসন্ধানের জন্য ধন্যবাদ। আমি আপনার প্রশ্নটি দেখেছি এবং আপনার উদ্বেগ বুঝতে পেরেছি। আমি যথাসাধ্য আপনাকে সাহায্য করার চেষ্টা করব। আপনার বর্ণনা করা লক্ষণগুলো বিভিন্ন কারণে হতে পারে এবং এর সঠিক কারণ নির্ণয়ের জন্য একটি বিস্তারিত পরীক্ষা প্রয়োজন। তাই আমি আপনাকে একজন বিশেষজ্ঞ ডাক্তারের সাথে সরাসরি পরামর্শ করার পরামর্শ দিচ্ছি। প্রয়োজনীয় পরীক্ষা-নিরীক্ষা করানো উচিত এবং রিপোর্ট অনুযায়ী চিকিৎসা শুরু করা যেতে পারে। এই সময়ে পর্যাপ্ত বিশ্রাম নিন, প্রচুর পানি পান করুন এবং স্বাস্থ্যকর খাবার খান। ডাক্তারের পরামর্শ ছাড়া কোনো ওষুধ সেবন করবেন না। যদি সমস্যা বাড়তে থাকে বা তীব্র হয়, তাহলে দেরি না করে দ্রুত ডাক্তারের শরণাপন্ন হন। আশা করি এই উত্তরটি আপনাকে সাহায্য করবে। আরও কোনো প্রশ্ন থাকলে নির্দ্বিধায় জিজ্ঞাসা করতে পারেন। ধন্যবাদ।"
48911,"হেলো, নাসেনিয়া ডকে আপনাকে স্বাগতম। আপনার অনুসন্ধানের জন্য ধন্যবাদ। আমি আপনার প্রশ্নটি দেখেছি এবং আপনার উদ্বেগ বুঝতে পেরেছি। আমি যথাসাধ্য আপনাকে সাহায্য করার চেষ্টা করব। আপনার বর্ণনা করা লক্ষণগুলো বিভিন্ন কারণে হতে পারে এবং এর সঠিক কারণ নির্ণয়ের জন্য একটি বিস্তারিত পরীক্ষা প্রয়োজন। তাই আমি আপনাকে একজন বিশেষজ্ঞ ডাক্তারের সাথে সরাসরি পরামর্শ করার পরামর্শ দিচ্ছি। প্রয়োজনীয় পরীক্ষা-নিরীক্ষা করানো উচিত এবং রিপোর্ট অনুযায়ী চিকিৎসা শুরু করা যেতে পারে। এই সময়ে পর্যাপ্ত বিশ্রাম নিন, প্রচুর পানি পান করুন এবং স্বাস্থ্যকর খাবার খান। ডাক্তারের পরামর্শ ছাড়া কোনো ওষুধ সেবন করবেন না। যদি সমস্যা বাড়তে থাকে বা তীব্র হয়, তাহলে দেরি না করে দ্রুত ডাক্তারের শরণাপন্ন হন। আশা করি এই উত্তরটি আপনাকে সাহায্য করবে। আরও কোনো প্রশ্ন থাকলে নির্দ্বিধায় জিজ্ঞাসা করতে পারেন। ধন্যবাদ।"
49527,"হেলো, নাসেনিয়া ডকে আপনাকে স্বাগতম। আপনার অনুসন্ধানের জন্য ধন্যবাদ। আমি আপনার প্রশ্নটি দেখেছি এবং আপনার উদ্বেগ বুঝতে পেরেছি। আমি যথাসাধ্য আপনাকে সাহায্য করার চেষ্টা করব। আপনার বর্ণনা করা লক্ষণগুলো বিভিন্ন কারণে হতে পারে এবং এর সঠিক কারণ নির্ণয়ের জন্য একটি বিস্তারিত পরীক্ষা প্রয়োজন। তাই আমি আপনাকে একজন বিশেষজ্ঞ ডাক্তারের সাথে সরাসরি পরামর্শ করার পরামর্শ দিচ্ছি। প্রয়োজনীয় পরীক্ষা-নিরীক্ষা করানো উচিত এবং রিপোর্ট অনুযায়ী চিকিৎসা শুরু করা যেতে পারে। এই সময়ে পর্যাপ্ত বিশ্রাম নিন, প্রচুর পানি পান করুন এবং স্বাস্থ্যকর খাবার খান। ডাক্তারের পরামর্শ ছাড়া কোনো ওষুধ সেবন করবেন না। যদি সমস্যা বাড়তে থাকে বা তীব্র হয়, তাহলে দেরি না করে দ্রুত ডাক্তারের শরণাপন্ন হন। আশা করি এই উত্তরটি আপনাকে সাহায্য করবে। আরও কোনো প্রশ্ন থাকলে নির্দ্বিধায় জিজ্ঞাসা করতে পারেন। ধন্যবাদ।"
96881,"হেলো, নাসেনিয়া ডকে আপনাকে স্বাগতম। আপনার অনুসন্ধানের জন্য ধন্যবাদ। আমি আপনার প্রশ্নটি দেখেছি এবং আপনার উদ্বেগ বুঝতে পেরেছি। আমি যথাসাধ্য আপনাকে সাহায্য করার চেষ্টা করব। আপনার বর্ণনা করা লক্ষণগুলো বিভিন্ন কারণে হতে পারে এবং এর সঠিক কারণ নির্ণয়ের জন্য একটি বিস্তারিত পরীক্ষা প্রয়োজন। তাই আমি আপনাকে একজন বিশেষজ্ঞ ডাক্তারের সাথে সরাসরি পরামর্শ করার পরামর্শ দিচ্ছি। প্রয়োজনীয় পরীক্ষা-নিরীক্ষা করানো উচিত এবং রিপোর্ট অনুযায়ী চিকিৎসা শুরু করা যেতে পারে। এই সময়ে পর্যাপ্ত বিশ্রাম নিন, প্রচুর পানি পান করুন এবং স্বাস্থ্যকর খাবার খান। ডাক্তারের পরামর্শ ছাড়া কোনো ওষুধ সেবন করবেন না। যদি সমস্যা বাড়তে থাকে বা তীব্র হয়, তাহলে দেরি না করে দ্রুত ডাক্তারের শরণাপন্ন হন। আশা করি এই উত্তরটি আপনাকে সাহায্য করবে। আরও কোনো প্রশ্ন থাকলে নির্দ্বিধায় জিজ্ঞাসা করতে পারেন। ধন্যবাদ।"
84239,"হেলো, নাসেনিয়া ডকে আপনাকে স্বাগতম। আপনার অনুসন্ধানের জন্য ধন্যবাদ। আমি আপনার প্রশ্নটি দেখেছি এবং আপনার উদ্বেগ বুঝতে পেরেছি। আমি যথাসাধ্য আপনাকে সাহায্য করার চেষ্টা করব। আপনার বর্ণনা করা লক্ষণগুলো বিভিন্ন কারণে হতে পারে এবং এর সঠিক কারণ নির্ণয়ের জন্য একটি বিস্তারিত পরীক্ষা প্রয়োজন। তাই আমি আপনাকে একজন বিশেষজ্ঞ ডাক্তারের সাথে সরাসরি পরামর্শ করার পরামর্শ দিচ্ছি। প্রয়োজনীয় পরীক্ষা-নিরীক্ষা করানো উচিত এবং রিপোর্ট অনুযায়ী চিকিৎসা শুরু করা যেতে পারে। এই সময়ে পর্যাপ্ত বিশ্রাম নিন, প্রচুর পানি পান করুন এবং স্বাস্থ্যকর খাবার খান। ডাক্তারের পরামর্শ ছাড়া কোনো ওষুধ সেবন করবেন না। যদি সমস্যা বাড়তে থাকে বা তীব্র হয়, তাহলে দেরি না করে দ্রুত ডাক্তারের শরণাপন্ন হন। আশা করি এই উত্তরটি আপনাকে সাহায্য করবে। আরও কোনো প্রশ্ন থাকলে নির্দ্বিধায় জিজ্ঞাসা করতে পারেন। ধন্যবাদ।"
11583,"হেলো, নাসেনিয়া ডকে আপনাকে স্বাগতম। আপনার অনুসন্ধানের জন্য ধন্যবাদ। আমি আপনার প্রশ্নটি দেখেছি এবং আপনার উদ্বেগ বুঝতে পেরেছি। আমি যথাসাধ্য আপনাকে সাহায্য করার চেষ্টা করব। আপনার বর্ণনা করা লক্ষণগুলো বিভিন্ন কারণে হতে পারে এবং এর সঠিক কারণ নির্ণয়ের জন্য একটি বিস্তারিত পরীক্ষা প্রয়োজন। তাই আমি আপনাকে একজন বিশেষজ্ঞ ডাক্তারের সাথে সরাসরি পরামর্শ করার পরামর্শ দিচ্ছি। প্রয়োজনীয় পরীক্ষা-নিরীক্ষা করানো উচিত এবং রিপোর্ট অনুযায়ী চিকিৎসা শুরু করা যেতে পারে। এই সময়ে পর্যাপ্ত বিশ্রাম নিন, প্রচুর পানি পান করুন এবং স্বাস্থ্যকর খাবার খান। ডাক্তারের পরামর্শ ছাড়া কোনো ওষুধ সেবন করবেন না। যদি সমস্যা বাড়তে থাকে বা তীব্র হয়, তাহলে দেরি না করে দ্রুত ডাক্তারের শরণাপন্ন হন। আশা করি এই উত্তরটি আপনাকে সাহায্য করবে। আরও কোনো প্রশ্ন থাকলে নির্দ্বিধায় জিজ্ঞাসা করতে পারেন। ধন্যবাদ।"
97786,"হেলো, নাসেনিয়া ডকে আপনাকে স্বাগতম। আপনার অনুসন্ধানের জন্য ধন্যবাদ। আমি আপনার প্রশ্নটি দেখেছি এবং আপনার উদ্বেগ বুঝতে পেরেছি। আমি যথাসাধ্য আপনাকে সাহায্য করার চেষ্টা করব। আপনার বর্ণনা করা লক্ষণগুলো বিভিন্ন কারণে হতে পারে এবং এর সঠিক কারণ নির্ণয়ের জন্য একটি বিস্তারিত পরীক্ষা প্রয়োজন। তাই আমি আপনাকে একজন বিশেষজ্ঞ ডাক্তারের সাথে সরাসরি পরামর্শ করার পরামর্শ দিচ্ছি। প্রয়োজনীয় পরীক্ষা-নিরীক্ষা করানো উচিত এবং রিপোর্ট অনুযায়ী চিকিৎসা শুরু করা যেতে পারে। এই সময়ে পর্যাপ্ত বিশ্রাম নিন, প্রচুর পানি পান করুন এবং স্বাস্থ্যকর খাবার খান। ডাক্তারের পরামর্শ ছাড়া কোনো ওষুধ সেবন করবেন না। যদি সমস্যা বাড়তে থাকে বা তীব্র হয়, তাহলে দেরি না করে দ্রুত ডাক্তারের শরণাপন্ন হন। আশা করি এই উত্তরটি আপনাকে সাহায্য করবে। আরও কোনো প্রশ্ন থাকলে নির্দ্বিধায় জিজ্ঞাসা করতে পারেন। ধন্যবাদ।"
57510,"হেলো, নাসেনিয়া ডকে আপনাকে স্বাগতম। আপনার অনুসন্ধানের জন্য ধন্যবাদ। আমি আপনার প্রশ্নটি দেখেছি এবং আপনার উদ্বেগ বুঝতে পেরেছি। আমি যথাসাধ্য আপনাকে সাহায্য করার চেষ্টা করব। আপনার বর্ণনা করা লক্ষণগুলো বিভিন্ন কারণে হতে পারে এবং এর সঠিক কারণ নির্ণয়ের জন্য একটি বিস্তারিত পরীক্ষা প্রয়োজন। তাই আমি আপনাকে একজন বিশেষজ্ঞ ডাক্তারের সাথে সরাসরি পরামর্শ করার পরামর্শ দিচ্ছি। প্রয়োজনীয় পরীক্ষা-নিরীক্ষা করানো উচিত এবং রিপোর্ট অনুযায়ী চিকিৎসা শুরু করা যেতে পারে। এই সময়ে পর্যাপ্ত বিশ্রাম নিন, প্রচুর পানি পান করুন এবং স্বাস্থ্যকর খাবার খান। ডাক্তারের পরামর্শ ছাড়া কোনো ওষুধ সেবন করবেন না। যদি সমস্যা বাড়তে থাকে বা তীব্র হয়, তাহলে দেরি না করে দ্রুত ডাক্তারের শরণাপন্ন হন। আশা করি এই উত্তরটি আপনাকে সাহায্য করবে। আরও কোনো প্রশ্ন থাকলে নির্দ্বিধায় জিজ্ঞাসা করতে পারেন। ধন্যবাদ।"
56517,"হেলো, নাসেনিয়া ডকে আপনাকে স্বাগতম। আপনার অনুসন্ধানের জন্য ধন্যবাদ। আমি আপনার প্রশ্নটি দেখেছি এবং আপনার উদ্বেগ বুঝতে পেরেছি। আমি যথাসাধ্য আপনাকে সাহায্য করার চেষ্টা করব। আপনার বর্ণনা করা লক্ষণগুলো বিভিন্ন কারণে হতে পারে এবং এর সঠিক কারণ নির্ণয়ের জন্য একটি বিস্তারিত পরীক্ষা প্রয়োজন। তাই আমি আপনাকে একজন বিশেষজ্ঞ ডাক্তারের সাথে সরাসরি পরামর্শ করার পরামর্শ দিচ্ছি। প্রয়োজনীয় পরীক্ষা-নিরীক্ষা করানো উচিত এবং রিপোর্ট অনুযায়ী চিকিৎসা শুরু করা যেতে পারে। এই সময়ে পর্যাপ্ত বিশ্রাম নিন, প্রচুর পানি পান করুন এবং স্বাস্থ্যকর খাবার খান। ডাক্তারের পরামর্শ ছাড়া কোনো ওষুধ সেবন করবেন না। যদি সমস্যা বাড়তে থাকে বা তীব্র হয়, তাহলে দেরি না করে দ্রুত ডাক্তারের শরণাপন্ন হন। আশা করি এই উত্তরটি আপনাকে সাহায্য করবে। আরও কোনো প্রশ্ন থাকলে নির্দ্বিধায় জিজ্ঞাসা করতে পারেন। ধন্যবাদ।"
104622,"হেলো, নাসেনিয়া ডকে আপনাকে স্বাগতম। আপনার অনুসন্ধানের জন্য ধন্যবাদ। আমি আপনার প্রশ্নটি দেখেছি এবং আপনার উদ্বেগ বুঝতে পেরেছি। আমি যথাসাধ্য আপনাকে সাহায্য করার চেষ্টা করব। আপনার বর্ণনা করা লক্ষণগুলো বিভিন্ন কারণে হতে পারে এবং এর সঠিক কারণ নির্ণয়ের জন্য একটি বিস্তারিত পরীক্ষা প্রয়োজন। তাই আমি আপনাকে একজন বিশেষজ্ঞ ডাক্তারের সাথে সরাসরি পরামর্শ করার পরামর্শ দিচ্ছি। প্রয়োজনীয় পরীক্ষা-নিরীক্ষা করানো উচিত এবং রিপোর্ট অনুযায়ী চিকিৎসা শুরু করা যেতে পারে। এই সময়ে পর্যাপ্ত বিশ্রাম নিন, প্রচুর পানি পান করুন এবং স্বাস্থ্যকর খাবার খান। ডাক্তারের পরামর্শ ছাড়া কোনো ওষুধ সেবন করবেন না। যদি সমস্যা বাড়তে থাকে বা তীব্র হয়, তাহলে দেরি না করে দ্রুত ডাক্তারের শরণাপন্ন হন। আশা করি এই উত্তরটি আপনাকে সাহায্য করবে। আরও কোনো প্রশ্ন থাকলে নির্দ্বিধায় জিজ্ঞাসা করতে পারেন। ধন্যবাদ।"
46792,"হেলো, নাসেনিয়া ডকে আপনাকে স্বাগতম। আপনার অনুসন্ধানের জন্য ধন্যবাদ। আমি আপনার প্রশ্নটি দেখেছি এবং আপনার উদ্বেগ বুঝতে পেরেছি। আমি যথাসাধ্য আপনাকে সাহায্য করার চেষ্টা করব। আপনার বর্ণনা করা লক্ষণগুলো বিভিন্ন কারণে হতে পারে এবং এর সঠিক কারণ নির্ণয়ের জন্য একটি বিস্তারিত পরীক্ষা প্রয়োজন। তাই আমি আপনাকে একজন বিশেষজ্ঞ ডাক্তারের সাথে সরাসরি পরামর্শ করার পরামর্শ দিচ্ছি। প্রয়োজনীয় পরীক্ষা-নিরীক্ষা করানো উচিত এবং রিপোর্ট অনুযায়ী চিকিৎসা শুরু করা যেতে পারে। এই সময়ে পর্যাপ্ত বিশ্রাম নিন, প্রচুর পানি পান করুন এবং স্বাস্থ্যকর খাবার খান। ডাক্তারের পরামর্শ ছাড়া কোনো ওষুধ সেবন করবেন না। যদি সমস্যা বাড়তে থাকে বা তীব্র হয়, তাহলে দেরি না করে দ্রুত ডাক্তারের শরণাপন্ন হন। আশা করি এই উত্তরটি আপনাকে সাহায্য করবে। আরও কোনো প্রশ্ন থাকলে নির্দ্বিধায় জিজ্ঞাসা করতে পারেন। ধন্যবাদ।"
34403,"হেলো, নাসেনিয়া ডকে আপনাকে স্বাগতম। আপনার অনুসন্ধানের জন্য ধন্যবাদ। আমি আপনার প্রশ্নটি দেখেছি এবং আপনার উদ্বেগ বুঝতে পেরেছি। আমি যথাসাধ্য আপনাকে সাহায্য করার চেষ্টা করব। আপনার বর্ণনা করা লক্ষণগুলো বিভিন্ন কারণে হতে পারে এবং এর সঠিক কারণ নির্ণয়ের জন্য একটি বিস্তারিত পরীক্ষা প্রয়োজন। তাই আমি আপনাকে একজন বিশেষজ্ঞ ডাক্তারের সাথে সরাসরি পরামর্শ করার পরামর্শ দিচ্ছি। প্রয়োজনীয় পরীক্ষা-নিরীক্ষা করানো উচিত এবং রিপোর্ট অনুযায়ী চিকিৎসা শুরু করা যেতে পারে। এই সময়ে পর্যাপ্ত বিশ্রাম নিন, প্রচুর পানি পান করুন এবং স্বাস্থ্যকর খাবার খান। ডাক্তারের পরামর্শ ছাড়া কোনো ওষুধ সেবন করবেন না। যদি সমস্যা বাড়তে থাকে বা তীব্র হয়, তাহলে দেরি না করে দ্রুত ডাক্তারের শরণাপন্ন হন। আশা করি এই উত্তরটি আপনাকে সাহায্য করবে। আরও কোনো প্রশ্ন থাকলে নির্দ্বিধায় জিজ্ঞাসা করতে পারেন। ধন্যবাদ।"
106076,"হেলো, নাসেনিয়া ডকে আপনাকে স্বাগতম। আপনার অনুসন্ধানের জন্য ধন্যবাদ। আমি আপনার প্রশ্নটি দেখেছি এবং আপনার উদ্বেগ বুঝতে পেরেছি। আমি যথাসাধ্য আপনাকে সাহায্য করার চেষ্টা করব। আপনার বর্ণনা করা লক্ষণগুলো বিভিন্ন কারণে হতে পারে এবং এর সঠিক কারণ নির্ণয়ের জন্য একটি বিস্তারিত পরীক্ষা প্রয়োজন। তাই আমি আপনাকে একজন বিশেষজ্ঞ ডাক্তারের সাথে সরাসরি পরামর্শ করার পরামর্শ দিচ্ছি। প্রয়োজনীয় পরীক্ষা-নিরীক্ষা করানো উচিত এবং রিপোর্ট অনুযায়ী চিকিৎসা শুরু করা যেতে পারে। এই সময়ে পর্যাপ্ত বিশ্রাম নিন, প্রচুর পানি পান করুন এবং স্বাস্থ্যকর খাবার খান। ডাক্তারের পরামর্শ ছাড়া কোনো ওষুধ সেবন করবেন না। যদি সমস্যা বাড়তে থাকে বা তীব্র হয়, তাহলে দেরি না করে দ্রুত ডাক্তারের শরণাপন্ন হন। আশা করি এই উত্তরটি আপনাকে সাহায্য করবে। আরও কোনো প্রশ্ন থাকলে নির্দ্বিধায় জিজ্ঞাসা করতে পারেন। ধন্যবাদ।"
43351,"হেলো, নাসেনিয়া ডকে আপনাকে স্বাগতম। আপনার অনুসন্ধানের জন্য ধন্যবাদ। আমি আপনার প্রশ্নটি দেখেছি এবং আপনার উদ্বেগ বুঝতে পেরেছি। আমি যথাসাধ্য আপনাকে সাহায্য করার চেষ্টা করব। আপনার বর্ণনা করা লক্ষণগুলো বিভিন্ন কারণে হতে পারে এবং এর সঠিক কারণ নির্ণয়ের জন্য একটি বিস্তারিত পরীক্ষা প্রয়োজন। তাই আমি আপনাকে একজন বিশেষজ্ঞ ডাক্তারের সাথে সরাসরি পরামর্শ করার পরামর্শ দিচ্ছি। প্রয়োজনীয় পরীক্ষা-নিরীক্ষা করানো উচিত এবং রিপোর্ট অনুযায়ী চিকিৎসা শুরু করা যেতে পারে। এই সময়ে পর্যাপ্ত বিশ্রাম নিন, প্রচুর পানি পান করুন এবং স্বাস্থ্যকর খাবার খান। ডাক্তারের পরামর্শ ছাড়া কোনো ওষুধ সেবন করবেন না। যদি সমস্যা বাড়তে থাকে বা তীব্র হয়, তাহলে দেরি না করে দ্রুত ডাক্তারের শরণাপন্ন হন। আশা করি এই উত্তরটি আপনাকে সাহায্য করবে। আরও কোনো প্রশ্ন থাকলে নির্দ্বিধায় জিজ্ঞাসা করতে পারেন। ধন্যবাদ।"
20483,"হেলো, নাসেনিয়া ডকে আপনাকে স্বাগতম। আপনার অনুসন্ধানের জন্য ধন্যবাদ। আমি আপনার প্রশ্নটি দেখেছি এবং আপনার উদ্বেগ বুঝতে পেরেছি। আমি যথাসাধ্য আপনাকে সাহায্য করার চেষ্টা করব। আপনার বর্ণনা করা লক্ষণগুলো বিভিন্ন কারণে হতে পারে এবং এর সঠিক কারণ নির্ণয়ের জন্য একটি বিস্তারিত পরীক্ষা প্রয়োজন। তাই আমি আপনাকে একজন বিশেষজ্ঞ ডাক্তারের সাথে সরাসরি পরামর্শ করার পরামর্শ দিচ্ছি। প্রয়োজনীয় পরীক্ষা-নিরীক্ষা করানো উচিত এবং রিপোর্ট অনুযায়ী চিকিৎসা শুরু করা যেতে পারে। এই সময়ে পর্যাপ্ত বিশ্রাম নিন, প্রচুর পানি পান করুন এবং স্বাস্থ্যকর খাবার খান। ডাক্তারের পরামর্শ ছাড়া কোনো ওষুধ সেবন করবেন না। যদি সমস্যা বাড়তে থাকে বা তীব্র হয়, তাহলে দেরি না করে দ্রুত ডাক্তারের শরণাপন্ন হন। আশা করি এই উত্তরটি আপনাকে সাহায্য করবে। আরও কোনো প্রশ্ন থাকলে নির্দ্বিধায় জিজ্ঞাসা করতে পারেন। ধন্যবাদ।"
10023,"হেলো, নাসেনিয়া ডকে আপনাকে স্বাগতম। আপনার অনুসন্ধানের জন্য ধন্যবাদ। আমি আপনার প্রশ্নটি দেখেছি এবং আপনার উদ্বেগ বুঝতে পেরেছি। আমি যথাসাধ্য আপনাকে সাহায্য করার চেষ্টা করব। আপনার বর্ণনা করা লক্ষণগুলো বিভিন্ন কারণে হতে পারে এবং এর সঠিক কারণ নির্ণয়ের জন্য একটি বিস্তারিত পরীক্ষা প্রয়োজন। তাই আমি আপনাকে একজন বিশেষজ্ঞ ডাক্তারের সাথে সরাসরি পরামর্শ করার পরামর্শ দিচ্ছি। প্রয়োজনীয় পরীক্ষা-নিরীক্ষা করানো উচিত এবং রিপোর্ট অনুযায়ী চিকিৎসা শুরু করা যেতে পারে। এই সময়ে পর্যাপ্ত বিশ্রাম নিন, প্রচুর পানি পান করুন এবং স্বাস্থ্যকর খাবার খান। ডাক্তারের পরামর্শ ছাড়া কোনো ওষুধ সেবন করবেন না। যদি সমস্যা বাড়তে থাকে বা তীব্র হয়, তাহলে দেরি না করে দ্রুত ডাক্তারের শরণাপন্ন হন। আশা করি এই উত্তরটি আপনাকে সাহায্য করবে। আরও কোনো প্রশ্ন থাকলে নির্দ্বিধায় জিজ্ঞাসা করতে পারেন। ধন্যবাদ।"
26034,"হেলো, নাসেনিয়া ডকে আপনাকে স্বাগতম। আপনার অনুসন্ধানের জন্য ধন্যবাদ। আমি আপনার প্রশ্নটি দেখেছি এবং আপনার উদ্বেগ বুঝতে পেরেছি। আমি যথাসাধ্য আপনাকে সাহায্য করার চেষ্টা করব। আপনার বর্ণনা করা লক্ষণগুলো বিভিন্ন কারণে হতে পারে এবং এর সঠিক কারণ নির্ণয়ের জন্য একটি বিস্তারিত পরীক্ষা প্রয়োজন। তাই আমি আপনাকে একজন বিশেষজ্ঞ ডাক্তারের সাথে সরাসরি পরামর্শ করার পরামর্শ দিচ্ছি। প্রয়োজনীয় পরীক্ষা-নিরীক্ষা করানো উচিত এবং রিপোর্ট অনুযায়ী চিকিৎসা শুরু করা যেতে পারে। এই সময়ে পর্যাপ্ত বিশ্রাম নিন, প্রচুর পানি পান করুন এবং স্বাস্থ্যকর খাবার খান। ডাক্তারের পরামর্শ ছাড়া কোনো ওষুধ সেবন করবেন না। যদি সমস্যা বাড়তে থাকে বা তীব্র হয়, তাহলে দেরি না করে দ্রুত ডাক্তারের শরণাপন্ন হন। আশা করি এই উত্তরটি আপনাকে সাহায্য করবে। আরও কোনো প্রশ্ন থাকলে নির্দ্বিধায় জিজ্ঞাসা করতে পারেন। ধন্যবাদ।"
4542,"হেলো, নাসেনিয়া ডকে আপনাকে স্বাগতম। আপনার অনুসন্ধানের জন্য ধন্যবাদ। আমি আপনার প্রশ্নটি দেখেছি এবং আপনার উদ্বেগ বুঝতে পেরেছি। আমি যথাসাধ্য আপনাকে সাহায্য করার চেষ্টা করব। আপনার বর্ণনা করা লক্ষণগুলো বিভিন্ন কারণে হতে পারে এবং এর সঠিক কারণ নির্ণয়ের জন্য একটি বিস্তারিত পরীক্ষা প্রয়োজন। তাই আমি আপনাকে একজন বিশেষজ্ঞ ডাক্তারের সাথে সরাসরি পরামর্শ করার পরামর্শ দিচ্ছি। প্রয়োজনীয় পরীক্ষা-নিরীক্ষা করানো উচিত এবং রিপোর্ট অনুযায়ী চিকিৎসা শুরু করা যেতে পারে। এই সময়ে পর্যাপ্ত বিশ্রাম নিন, প্রচুর পানি পান করুন এবং স্বাস্থ্যকর খাবার খান। ডাক্তারের পরামর্শ ছাড়া কোনো ওষুধ সেবন করবেন না। যদি সমস্যা বাড়তে থাকে বা তীব্র হয়, তাহলে দেরি না করে দ্রুত ডাক্তারের শরণাপন্ন হন। আশা করি এই উত্তরটি আপনাকে সাহায্য করবে। আরও কোনো প্রশ্ন থাকলে নির্দ্বিধায় জিজ্ঞাসা করতে পারেন। ধন্যবাদ।"
38900,"হেলো, নাসেনিয়া ডকে আপনাকে স্বাগতম। আপনার অনুসন্ধানের জন্য ধন্যবাদ। আমি আপনার প্রশ্নটি দেখেছি এবং আপনার উদ্বেগ বুঝতে পেরেছি। আমি যথাসাধ্য আপনাকে সাহায্য করার চেষ্টা করব। আপনার বর্ণনা করা লক্ষণগুলো বিভিন্ন কারণে হতে পারে এবং এর সঠিক কারণ নির্ণয়ের জন্য একটি বিস্তারিত পরীক্ষা প্রয়োজন। তাই আমি আপনাকে একজন বিশেষজ্ঞ ডাক্তারের সাথে সরাসরি পরামর্শ করার পরামর্শ দিচ্ছি। প্রয়োজনীয় পরীক্ষা-নিরীক্ষা করানো উচিত এবং রিপোর্ট অনুযায়ী চিকিৎসা শুরু করা যেতে পারে। এই সময়ে পর্যাপ্ত বিশ্রাম নিন, প্রচুর পানি পান করুন এবং স্বাস্থ্যকর খাবার খান। ডাক্তারের পরামর্শ ছাড়া কোনো ওষুধ সেবন করবেন না। যদি সমস্যা বাড়তে থাকে বা তীব্র হয়, তাহলে দেরি না করে দ্রুত ডাক্তারের শরণাপন্ন হন। আশা করি এই উত্তরটি আপনাকে সাহায্য করবে। আরও কোনো প্রশ্ন থাকলে নির্দ্বিধায় জিজ্ঞাসা করতে পারেন। ধন্যবাদ।"
52119,"হেলো, নাসেনিয়া ডকে আপনাকে স্বাগতম। আপনার অনুসন্ধানের জন্য ধন্যবাদ। আমি আপনার প্রশ্নটি দেখেছি এবং আপনার উদ্বেগ বুঝতে পেরেছি। আমি যথাসাধ্য আপনাকে সাহায্য করার চেষ্টা করব। আপনার বর্ণনা করা লক্ষণগুলো বিভিন্ন কারণে হতে পারে এবং এর সঠিক কারণ নির্ণয়ের জন্য একটি বিস্তারিত পরীক্ষা প্রয়োজন। তাই আমি আপনাকে একজন বিশেষজ্ঞ ডাক্তারের সাথে সরাসরি পরামর্শ করার পরামর্শ দিচ্ছি। প্রয়োজনীয় পরীক্ষা-নিরীক্ষা করানো উচিত এবং রিপোর্ট অনুযায়ী চিকিৎসা শুরু করা যেতে পারে। এই সময়ে পর্যাপ্ত বিশ্রাম নিন, প্রচুর পানি পান করুন এবং স্বাস্থ্যকর খাবার খান। ডাক্তারের পরামর্শ ছাড়া কোনো ওষুধ সেবন করবেন না। যদি সমস্যা বাড়তে থাকে বা তীব্র হয়, তাহলে দেরি না করে দ্রুত ডাক্তারের শরণাপন্ন হন। আশা করি এই উত্তরটি আপনাকে সাহায্য করবে। আরও কোনো প্রশ্ন থাকলে নির্দ্বিধায় জিজ্ঞাসা করতে পারেন। ধন্যবাদ।"
101758,"হেলো, নাসেনিয়া ডকে আপনাকে স্বাগতম। আপনার অনুসন্ধানের জন্য ধন্যবাদ। আমি আপনার প্রশ্নটি দেখেছি এবং আপনার উদ্বেগ বুঝতে পেরেছি। আমি যথাসাধ্য আপনাকে সাহায্য করার চেষ্টা করব। আপনার বর্ণনা করা লক্ষণগুলো বিভিন্ন কারণে হতে পারে এবং এর সঠিক কারণ নির্ণয়ের জন্য একটি বিস্তারিত পরীক্ষা প্রয়োজন। তাই আমি আপনাকে একজন বিশেষজ্ঞ ডাক্তারের সাথে সরাসরি পরামর্শ করার পরামর্শ দিচ্ছি। প্রয়োজনীয় পরীক্ষা-নিরীক্ষা করানো উচিত এবং রিপোর্ট অনুযায়ী চিকিৎসা শুরু করা যেতে পারে। এই সময়ে পর্যাপ্ত বিশ্রাম নিন, প্রচুর পানি পান করুন এবং স্বাস্থ্যকর খাবার খান। ডাক্তারের পরামর্শ ছাড়া কোনো ওষুধ সেবন করবেন না। যদি সমস্যা বাড়তে থাকে বা তীব্র হয়, তাহলে দেরি না করে দ্রুত ডাক্তারের শরণাপন্ন হন। আশা করি এই উত্তরটি আপনাকে সাহায্য করবে। আরও কোনো প্রশ্ন থাকলে নির্দ্বিধায় জিজ্ঞাসা করতে পারেন। ধন্যবাদ।"
41119,"হেলো, নাসেনিয়া ডকে আপনাকে স্বাগতম। আপনার অনুসন্ধানের জন্য ধন্যবাদ। আমি আপনার প্রশ্নটি দেখেছি এবং আপনার উদ্বেগ বুঝতে পেরেছি। আমি যথাসাধ্য আপনাকে সাহায্য করার চেষ্টা করব। আপনার বর্ণনা করা লক্ষণগুলো বিভিন্ন কারণে হতে পারে এবং এর সঠিক কারণ নির্ণয়ের জন্য একটি বিস্তারিত পরীক্ষা প্রয়োজন। তাই আমি আপনাকে একজন বিশেষজ্ঞ ডাক্তারের সাথে সরাসরি পরামর্শ করার পরামর্শ দিচ্ছি। প্রয়োজনীয় পরীক্ষা-নিরীক্ষা করানো উচিত এবং রিপোর্ট অনুযায়ী চিকিৎসা শুরু করা যেতে পারে। এই সময়ে পর্যাপ্ত বিশ্রাম নিন, প্রচুর পানি পান করুন এবং স্বাস্থ্যকর খাবার খান। ডাক্তারের পরামর্শ ছাড়া কোনো ওষুধ সেবন করবেন না। যদি সমস্যা বাড়তে থাকে বা তীব্র হয়, তাহলে দেরি না করে দ্রুত ডাক্তারের শরণাপন্ন হন। আশা করি এই উত্তরটি আপনাকে সাহায্য করবে। আরও কোনো প্রশ্ন থাকলে নির্দ্বিধায় জিজ্ঞাসা করতে পারেন। ধন্যবাদ।"
37265,"হেলো, নাসেনিয়া ডকে আপনাকে স্বাগতম। আপনার অনুসন্ধানের জন্য ধন্যবাদ। আমি আপনার প্রশ্নটি দেখেছি এবং আপনার উদ্বেগ বুঝতে পেরেছি। আমি যথাসাধ্য আপনাকে সাহায্য করার চেষ্টা করব। আপনার বর্ণনা করা লক্ষণগুলো বিভিন্ন কারণে হতে পারে এবং এর সঠিক কারণ নির্ণয়ের জন্য একটি বিস্তারিত পরীক্ষা প্রয়োজন। তাই আমি আপনাকে একজন বিশেষজ্ঞ ডাক্তারের সাথে সরাসরি পরামর্শ করার পরামর্শ দিচ্ছি। প্রয়োজনীয় পরীক্ষা-নিরীক্ষা করানো উচিত এবং রিপোর্ট অনুযায়ী চিকিৎসা শুরু করা যেতে পারে। এই সময়ে পর্যাপ্ত বিশ্রাম নিন, প্রচুর পানি পান করুন এবং স্বাস্থ্যকর খাবার খান। ডাক্তারের পরামর্শ ছাড়া কোনো ওষুধ সেবন করবেন না। যদি সমস্যা বাড়তে থাকে বা তীব্র হয়, তাহলে দেরি না করে দ্রুত ডাক্তারের শরণাপন্ন হন। আশা করি এই উত্তরটি আপনাকে সাহায্য করবে। আরও কোনো প্রশ্ন থাকলে নির্দ্বিধায় জিজ্ঞাসা করতে পারেন। ধন্যবাদ।"
7886,"হেলো, নাসেনিয়া ডকে আপনাকে স্বাগতম। আপনার অনুসন্ধানের জন্য ধন্যবাদ। আমি আপনার প্রশ্নটি দেখেছি এবং আপনার উদ্বেগ বুঝতে পেরেছি। আমি যথাসাধ্য আপনাকে সাহায্য করার চেষ্টা করব। আপনার বর্ণনা করা লক্ষণগুলো বিভিন্ন কারণে হতে পারে এবং এর সঠিক কারণ নির্ণয়ের জন্য একটি বিস্তারিত পরীক্ষা প্রয়োজন। তাই আমি আপনাকে একজন বিশেষজ্ঞ ডাক্তারের সাথে সরাসরি পরামর্শ করার পরামর্শ দিচ্ছি। প্রয়োজনীয় পরীক্ষা-নিরীক্ষা করানো উচিত এবং রিপোর্ট অনুযায়ী চিকিৎসা শুরু করা যেতে পারে। এই সময়ে পর্যাপ্ত বিশ্রাম নিন, প্রচুর পানি পান করুন এবং স্বাস্থ্যকর খাবার খান। ডাক্তারের পরামর্শ ছাড়া কোনো ওষুধ সেবন করবেন না। যদি সমস্যা বাড়তে থাকে বা তীব্র হয়, তাহলে দেরি না করে দ্রুত ডাক্তারের শরণাপন্ন হন। আশা করি এই উত্তরটি আপনাকে সাহায্য করবে। আরও কোনো প্রশ্ন থাকলে নির্দ্বিধায় জিজ্ঞাসা করতে পারেন। ধন্যবাদ।"
95286,"হেলো, নাসেনিয়া ডকে আপনাকে স্বাগতম। আপনার অনুসন্ধানের জন্য ধন্যবাদ। আমি আপনার প্রশ্নটি দেখেছি এবং আপনার উদ্বেগ বুঝতে পেরেছি। আমি যথাসাধ্য আপনাকে সাহায্য করার চেষ্টা করব। আপনার বর্ণনা করা লক্ষণগুলো বিভিন্ন কারণে হতে পারে এবং এর সঠিক কারণ নির্ণয়ের জন্য একটি বিস্তারিত পরীক্ষা প্রয়োজন। তাই আমি আপনাকে একজন বিশেষজ্ঞ ডাক্তারের সাথে সরাসরি পরামর্শ করার পরামর্শ দিচ্ছি। প্রয়োজনীয় পরীক্ষা-নিরীক্ষা করানো উচিত এবং রিপোর্ট অনুযায়ী চিকিৎসা শুরু করা যেতে পারে। এই সময়ে পর্যাপ্ত বিশ্রাম নিন, প্রচুর পানি পান করুন এবং স্বাস্থ্যকর খাবার খান। ডাক্তারের পরামর্শ ছাড়া কোনো ওষুধ সেবন করবেন না। যদি সমস্যা বাড়তে থাকে বা তীব্র হয়, তাহলে দেরি না করে দ্রুত ডাক্তারের শরণাপন্ন হন। আশা করি এই উত্তরটি আপনাকে সাহায্য করবে। আরও কোনো প্রশ্ন থাকলে নির্দ্বিধায় জিজ্ঞাসা করতে পারেন। ধন্যবাদ।"
83023,"হেলো, নাসেনিয়া ডকে আপনাকে স্বাগতম। আপনার অনুসন্ধানের জন্য ধন্যবাদ। আমি আপনার প্রশ্নটি দেখেছি এবং আপনার উদ্বেগ বুঝতে পেরেছি। আমি যথাসাধ্য আপনাকে সাহায্য করার চেষ্টা করব। আপনার বর্ণনা করা লক্ষণগুলো বিভিন্ন কারণে হতে পারে এবং এর সঠিক কারণ নির্ণয়ের জন্য একটি বিস্তারিত পরীক্ষা প্রয়োজন। তাই আমি আপনাকে একজন বিশেষজ্ঞ ডাক্তারের সাথে সরাসরি পরামর্শ করার পরামর্শ দিচ্ছি। প্রয়োজনীয় পরীক্ষা-নিরীক্ষা করানো উচিত এবং রিপোর্ট অনুযায়ী চিকিৎসা শুরু করা যেতে পারে। এই সময়ে পর্যাপ্ত বিশ্রাম নিন, প্রচুর পানি পান করুন এবং স্বাস্থ্যকর খাবার খান। ডাক্তারের পরামর্শ ছাড়া কোনো ওষুধ সেবন করবেন না। যদি সমস্যা বাড়তে থাকে বা তীব্র হয়, তাহলে দেরি না করে দ্রুত ডাক্তারের শরণাপন্ন হন। আশা করি এই উত্তরটি আপনাকে সাহায্য করবে। আরও কোনো প্রশ্ন থাকলে নির্দ্বিধায় জিজ্ঞাসা করতে পারেন। ধন্যবাদ।"
84702,"হেলো, নাসেনিয়া ডকে আপনাকে স্বাগতম। আপনার অনুসন্ধানের জন্য ধন্যবাদ। আমি আপনার প্রশ্নটি দেখেছি এবং আপনার উদ্বেগ বুঝতে পেরেছি। আমি যথাসাধ্য আপনাকে সাহায্য করার চেষ্টা করব। আপনার বর্ণনা করা লক্ষণগুলো বিভিন্ন কারণে হতে পারে এবং এর সঠিক কারণ নির্ণয়ের জন্য একটি বিস্তারিত পরীক্ষা প্রয়োজন। তাই আমি আপনাকে একজন বিশেষজ্ঞ ডাক্তারের সাথে সরাসরি পরামর্শ করার পরামর্শ দিচ্ছি। প্রয়োজনীয় পরীক্ষা-নিরীক্ষা করানো উচিত এবং রিপোর্ট অনুযায়ী চিকিৎসা শুরু করা যেতে পারে। এই সময়ে পর্যাপ্ত বিশ্রাম নিন, প্রচুর পানি পান করুন এবং স্বাস্থ্যকর খাবার খান। ডাক্তারের পরামর্শ ছাড়া কোনো ওষুধ সেবন করবেন না। যদি সমস্যা বাড়তে থাকে বা তীব্র হয়, তাহলে দেরি না করে দ্রুত ডাক্তারের শরণাপন্ন হন। আশা করি এই উত্তরটি আপনাকে সাহায্য করবে। আরও কোনো প্রশ্ন থাকলে নির্দ্বিধায় জিজ্ঞাসা করতে পারেন। ধন্যবাদ।"
1026,"হেলো, নাসেনিয়া ডকে আপনাকে স্বাগতম। আপনার অনুসন্ধানের জন্য ধন্যবাদ। আমি আপনার প্রশ্নটি দেখেছি এবং আপনার উদ্বেগ বুঝতে পেরেছি। আমি যথাসাধ্য আপনাকে সাহায্য করার চেষ্টা করব। আপনার বর্ণনা করা লক্ষণগুলো বিভিন্ন কারণে হতে পারে এবং এর সঠিক কারণ নির্ণয়ের জন্য একটি বিস্তারিত পরীক্ষা প্রয়োজন। তাই আমি আপনাকে একজন বিশেষজ্ঞ ডাক্তারের সাথে সরাসরি পরামর্শ করার পরামর্শ দিচ্ছি। প্রয়োজনীয় পরীক্ষা-নিরীক্ষা করানো উচিত এবং রিপোর্ট অনুযায়ী চিকিৎসা শুরু করা যেতে পারে। এই সময়ে পর্যাপ্ত বিশ্রাম নিন, প্রচুর পানি পান করুন এবং স্বাস্থ্যকর খাবার খান। ডাক্তারের পরামর্শ ছাড়া কোনো ওষুধ সেবন করবেন না। যদি সমস্যা বাড়তে থাকে বা তীব্র হয়, তাহলে দেরি না করে দ্রুত ডাক্তারের শরণাপন্ন হন। আশা করি এই উত্তরটি আপনাকে সাহায্য করবে। আরও কোনো প্রশ্ন থাকলে নির্দ্বিধায় জিজ্ঞাসা করতে পারেন। ধন্যবাদ।"
48905,"হেলো, নাসেনিয়া ডকে আপনাকে স্বাগতম। আপনার অনুসন্ধানের জন্য ধন্যবাদ। আমি আপনার প্রশ্নটি দেখেছি এবং আপনার উদ্বেগ বুঝতে পেরেছি। আমি যথাসাধ্য আপনাকে সাহায্য করার চেষ্টা করব। আপনার বর্ণনা করা লক্ষণগুলো বিভিন্ন কারণে হতে পারে এবং এর সঠিক কারণ নির্ণয়ের জন্য একটি বিস্তারিত পরীক্ষা প্রয়োজন। তাই আমি আপনাকে একজন বিশেষজ্ঞ ডাক্তারের সাথে সরাসরি পরামর্শ করার পরামর্শ দিচ্ছি। প্রয়োজনীয় পরীক্ষা-নিরীক্ষা করানো উচিত এবং রিপোর্ট অনুযায়ী চিকিৎসা শুরু করা যেতে পারে। এই সময়ে পর্যাপ্ত বিশ্রাম নিন, প্রচুর পানি পান করুন এবং স্বাস্থ্যকর খাবার খান। ডাক্তারের পরামর্শ ছাড়া কোনো ওষুধ সেবন করবেন না। যদি সমস্যা বাড়তে থাকে বা তীব্র হয়, তাহলে দেরি না করে দ্রুত ডাক্তারের শরণাপন্ন হন। আশা করি এই উত্তরটি আপনাকে সাহায্য করবে। আরও কোনো প্রশ্ন থাকলে নির্দ্বিধায় জিজ্ঞাসা করতে পারেন। ধন্যবাদ।"
34120,"হেলো, নাসেনিয়া ডকে আপনাকে স্বাগতম। আপনার অনুসন্ধানের জন্য ধন্যবাদ। আমি আপনার প্রশ্নটি দেখেছি এবং আপনার উদ্বেগ বুঝতে পেরেছি। আমি যথাসাধ্য আপনাকে সাহায্য করার চেষ্টা করব। আপনার বর্ণনা করা লক্ষণগুলো বিভিন্ন কারণে হতে পারে এবং এর সঠিক কারণ নির্ণয়ের জন্য একটি বিস্তারিত পরীক্ষা প্রয়োজন। তাই আমি আপনাকে একজন বিশেষজ্ঞ ডাক্তারের সাথে সরাসরি পরামর্শ করার পরামর্শ দিচ্ছি। প্রয়োজনীয় পরীক্ষা-নিরীক্ষা করানো উচিত এবং রিপোর্ট অনুযায়ী চিকিৎসা শুরু করা যেতে পারে। এই সময়ে পর্যাপ্ত বিশ্রাম নিন, প্রচুর পানি পান করুন এবং স্বাস্থ্যকর খাবার খান। ডাক্তারের পরামর্শ ছাড়া কোনো ওষুধ সেবন করবেন না। যদি সমস্যা বাড়তে থাকে বা তীব্র হয়, তাহলে দেরি না করে দ্রুত ডাক্তারের শরণাপন্ন হন। আশা করি এই উত্তরটি আপনাকে সাহায্য করবে। আরও কোনো প্রশ্ন থাকলে নির্দ্বিধায় জিজ্ঞাসা করতে পারেন। ধন্যবাদ।"
8545,"হেলো, নাসেনিয়া ডকে আপনাকে স্বাগতম। আপনার অনুসন্ধানের জন্য ধন্যবাদ। আমি আপনার প্রশ্নটি দেখেছি এবং আপনার উদ্বেগ বুঝতে পেরেছি। আমি যথাসাধ্য আপনাকে সাহায্য করার চেষ্টা করব। আপনার বর্ণনা করা লক্ষণগুলো বিভিন্ন কারণে হতে পারে এবং এর সঠিক কারণ নির্ণয়ের জন্য একটি বিস্তারিত পরীক্ষা প্রয়োজন। তাই আমি আপনাকে একজন বিশেষজ্ঞ ডাক্তারের সাথে সরাসরি পরামর্শ করার পরামর্শ দিচ্ছি। প্রয়োজনীয় পরীক্ষা-নিরীক্ষা করানো উচিত এবং রিপোর্ট অনুযায়ী চিকিৎসা শুরু করা যেতে পারে। এই সময়ে পর্যাপ্ত বিশ্রাম নিন, প্রচুর পানি পান করুন এবং স্বাস্থ্যকর খাবার খান। ডাক্তারের পরামর্শ ছাড়া কোনো ওষুধ সেবন করবেন না। যদি সমস্যা বাড়তে থাকে বা তীব্র হয়, তাহলে দেরি না করে দ্রুত ডাক্তারের শরণাপন্ন হন। আশা করি এই উত্তরটি আপনাকে সাহায্য করবে। আরও কোনো প্রশ্ন থাকলে নির্দ্বিধায় জিজ্ঞাসা করতে পারেন। ধন্যবাদ।"
81437,"হেলো, নাসেনিয়া ডকে আপনাকে স্বাগতম। আপনার অনুসন্ধানের জন্য ধন্যবাদ। আমি আপনার প্রশ্নটি দেখেছি এবং আপনার উদ্বেগ বুঝতে পেরেছি। আমি যথাসাধ্য আপনাকে সাহায্য করার চেষ্টা করব। আপনার বর্ণনা করা লক্ষণগুলো বিভিন্ন কারণে হতে পারে এবং এর সঠিক কারণ নির্ণয়ের জন্য একটি বিস্তারিত পরীক্ষা প্রয়োজন। তাই আমি আপনাকে একজন বিশেষজ্ঞ ডাক্তারের সাথে সরাসরি পরামর্শ করার পরামর্শ দিচ্ছি। প্রয়োজনীয় পরীক্ষা-নিরীক্ষা করানো উচিত এবং রিপোর্ট অনুযায়ী চিকিৎসা শুরু করা যেতে পারে। এই সময়ে পর্যাপ্ত বিশ্রাম নিন, প্রচুর পানি পান করুন এবং স্বাস্থ্যকর খাবার খান। ডাক্তারের পরামর্শ ছাড়া কোনো ওষুধ সেবন করবেন না। যদি সমস্যা বাড়তে থাকে বা তীব্র হয়, তাহলে দেরি না করে দ্রুত ডাক্তারের শরণাপন্ন হন। আশা করি এই উত্তরটি আপনাকে সাহায্য করবে। আরও কোনো প্রশ্ন থাকলে নির্দ্বিধায় জিজ্ঞাসা করতে পারেন। ধন্যবাদ।"
96701,"হেলো, নাসেনিয়া ডকে আপনাকে স্বাগতম। আপনার অনুসন্ধানের জন্য ধন্যবাদ। আমি আপনার প্রশ্নটি দেখেছি এবং আপনার উদ্বেগ বুঝতে পেরেছি। আমি যথাসাধ্য আপনাকে সাহায্য করার চেষ্টা করব। আপনার বর্ণনা করা লক্ষণগুলো বিভিন্ন কারণে হতে পারে এবং এর সঠিক কারণ নির্ণয়ের জন্য একটি বিস্তারিত পরীক্ষা প্রয়োজন। তাই আমি আপনাকে একজন বিশেষজ্ঞ ডাক্তারের সাথে সরাসরি পরামর্শ করার পরামর্শ দিচ্ছি। প্রয়োজনীয় পরীক্ষা-নিরীক্ষা করানো উচিত এবং রিপোর্ট অনুযায়ী চিকিৎসা শুরু করা যেতে পারে। এই সময়ে পর্যাপ্ত বিশ্রাম নিন, প্রচুর পানি পান করুন এবং স্বাস্থ্যকর খাবার খান। ডাক্তারের পরামর্শ ছাড়া কোনো ওষুধ সেবন করবেন না। যদি সমস্যা বাড়তে থাকে বা তীব্র হয়, তাহলে দেরি না করে দ্রুত ডাক্তারের শরণাপন্ন হন। আশা করি এই উত্তরটি আপনাকে সাহায্য করবে। আরও কোনো প্রশ্ন থাকলে নির্দ্বিধায় জিজ্ঞাসা করতে পারেন। ধন্যবাদ।"
6239,"হেলো, নাসেনিয়া ডকে আপনাকে স্বাগতম। আপনার অনুসন্ধানের জন্য ধন্যবাদ। আমি আপনার প্রশ্নটি দেখেছি এবং আপনার উদ্বেগ বুঝতে পেরেছি। আমি যথাসাধ্য আপনাকে সাহায্য করার চেষ্টা করব। আপনার বর্ণনা করা লক্ষণগুলো বিভিন্ন কারণে হতে পারে এবং এর সঠিক কারণ নির্ণয়ের জন্য একটি বিস্তারিত পরীক্ষা প্রয়োজন। তাই আমি আপনাকে একজন বিশেষজ্ঞ ডাক্তারের সাথে সরাসরি পরামর্শ করার পরামর্শ দিচ্ছি। প্রয়োজনীয় পরীক্ষা-নিরীক্ষা করানো উচিত এবং রিপোর্ট অনুযায়ী চিকিৎসা শুরু করা যেতে পারে। এই সময়ে পর্যাপ্ত বিশ্রাম নিন, প্রচুর পানি পান করুন এবং স্বাস্থ্যকর খাবার খান। ডাক্তারের পরামর্শ ছাড়া কোনো ওষুধ সেবন করবেন না। যদি সমস্যা বাড়তে থাকে বা তীব্র হয়, তাহলে দেরি না করে দ্রুত ডাক্তারের শরণাপন্ন হন। আশা করি এই উত্তরটি আপনাকে সাহায্য করবে। আরও কোনো প্রশ্ন থাকলে নির্দ্বিধায় জিজ্ঞাসা করতে পারেন। ধন্যবাদ।"
55269,"হেলো, নাসেনিয়া ডকে আপনাকে স্বাগতম। আপনার অনুসন্ধানের জন্য ধন্যবাদ। আমি আপনার প্রশ্নটি দেখেছি এবং আপনার উদ্বেগ বুঝতে পেরেছি। আমি যথাসাধ্য আপনাকে সাহায্য করার চেষ্টা করব। আপনার বর্ণনা করা লক্ষণগুলো বিভিন্ন কারণে হতে পারে এবং এর সঠিক কারণ নির্ণয়ের জন্য একটি বিস্তারিত পরীক্ষা প্রয়োজন। তাই আমি আপনাকে একজন বিশেষজ্ঞ ডাক্তারের সাথে সরাসরি পরামর্শ করার পরামর্শ দিচ্ছি। প্রয়োজনীয় পরীক্ষা-নিরীক্ষা করানো উচিত এবং রিপোর্ট অনুযায়ী চিকিৎসা শুরু করা যেতে পারে। এই সময়ে পর্যাপ্ত বিশ্রাম নিন, প্রচুর পানি পান করুন এবং স্বাস্থ্যকর খাবার খান। ডাক্তারের পরামর্শ ছাড়া কোনো ওষুধ সেবন করবেন না। যদি সমস্যা বাড়তে থাকে বা তীব্র হয়, তাহলে দেরি না করে দ্রুত ডাক্তারের শরণাপন্ন হন। আশা করি এই উত্তরটি আপনাকে সাহায্য করবে। আরও কোনো প্রশ্ন থাকলে নির্দ্বিধায় জিজ্ঞাসা করতে পারেন। ধন্যবাদ।"
17635,"হেলো, নাসেনিয়া ডকে আপনাকে স্বাগতম। আপনার অনুসন্ধানের জন্য ধন্যবাদ। আমি আপনার প্রশ্নটি দেখেছি এবং আপনার উদ্বেগ বুঝতে পেরেছি। আমি যথাসাধ্য আপনাকে সাহায্য করার চেষ্টা করব। আপনার বর্ণনা করা লক্ষণগুলো বিভিন্ন কারণে হতে পারে এবং এর সঠিক কারণ নির্ণয়ের জন্য একটি বিস্তারিত পরীক্ষা প্রয়োজন। তাই আমি আপনাকে একজন বিশেষজ্ঞ ডাক্তারের সাথে সরাসরি পরামর্শ করার পরামর্শ দিচ্ছি। প্রয়োজনীয় পরীক্ষা-নিরীক্ষা করানো উচিত এবং রিপোর্ট অনুযায়ী চিকিৎসা শুরু করা যেতে পারে। এই সময়ে পর্যাপ্ত বিশ্রাম নিন, প্রচুর পানি পান করুন এবং স্বাস্থ্যকর খাবার খান। ডাক্তারের পরামর্শ ছাড়া কোনো ওষুধ সেবন করবেন না। যদি সমস্যা বাড়তে থাকে বা তীব্র হয়, তাহলে দেরি না করে দ্রুত ডাক্তারের শরণাপন্ন হন। আশা করি এই উত্তরটি আপনাকে সাহায্য করবে। আরও কোনো প্রশ্ন থাকলে নির্দ্বিধায় জিজ্ঞাসা করতে পারেন। ধন্যবাদ।"
78442,"হেলো, নাসেনিয়া ডকে আপনাকে স্বাগতম। আপনার অনুসন্ধানের জন্য ধন্যবাদ। আমি আপনার প্রশ্নটি দেখেছি এবং আপনার উদ্বেগ বুঝতে পেরেছি। আমি যথাসাধ্য আপনাকে সাহায্য করার চেষ্টা করব। আপনার বর্ণনা করা লক্ষণগুলো বিভিন্ন কারণে হতে পারে এবং এর সঠিক কারণ নির্ণয়ের জন্য একটি বিস্তারিত পরীক্ষা প্রয়োজন। তাই আমি আপনাকে একজন বিশেষজ্ঞ ডাক্তারের সাথে সরাসরি পরামর্শ করার পরামর্শ দিচ্ছি। প্রয়োজনীয় পরীক্ষা-নিরীক্ষা করানো উচিত এবং রিপোর্ট অনুযায়ী চিকিৎসা শুরু করা যেতে পারে। এই সময়ে পর্যাপ্ত বিশ্রাম নিন, প্রচুর পানি পান করুন এবং স্বাস্থ্যকর খাবার খান। ডাক্তারের পরামর্শ ছাড়া কোনো ওষুধ সেবন করবেন না। যদি সমস্যা বাড়তে থাকে বা তীব্র হয়, তাহলে দেরি না করে দ্রুত ডাক্তারের শরণাপন্ন হন। আশা করি এই উত্তরটি আপনাকে সাহায্য করবে। আরও কোনো প্রশ্ন থাকলে নির্দ্বিধায় জিজ্ঞাসা করতে পারেন। ধন্যবাদ।"
34980,"হেলো, নাসেনিয়া ডকে আপনাকে স্বাগতম। আপনার অনুসন্ধানের জন্য ধন্যবাদ। আমি আপনার প্রশ্নটি দেখেছি এবং আপনার উদ্বেগ বুঝতে পেরেছি। আমি যথাসাধ্য আপনাকে সাহায্য করার চেষ্টা করব। আপনার বর্ণনা করা লক্ষণগুলো বিভিন্ন কারণে হতে পারে এবং এর সঠিক কারণ নির্ণয়ের জন্য একটি বিস্তারিত পরীক্ষা প্রয়োজন। তাই আমি আপনাকে একজন বিশেষজ্ঞ ডাক্তারের সাথে সরাসরি পরামর্শ করার পরামর্শ দিচ্ছি। প্রয়োজনীয় পরীক্ষা-নিরীক্ষা করানো উচিত এবং রিপোর্ট অনুযায়ী চিকিৎসা শুরু করা যেতে পারে। এই সময়ে পর্যাপ্ত বিশ্রাম নিন, প্রচুর পানি পান করুন এবং স্বাস্থ্যকর খাবার খান। ডাক্তারের পরামর্শ ছাড়া কোনো ওষুধ সেবন করবেন না। যদি সমস্যা বাড়তে থাকে বা তীব্র হয়, তাহলে দেরি না করে দ্রুত ডাক্তারের শরণাপন্ন হন। আশা করি এই উত্তরটি আপনাকে সাহায্য করবে। আরও কোনো প্রশ্ন থাকলে নির্দ্বিধায় জিজ্ঞাসা করতে পারেন। ধন্যবাদ।"
19267,"হেলো, নাসেনিয়া ডকে আপনাকে স্বাগতম। আপনার অনুসন্ধানের জন্য ধন্যবাদ। আমি আপনার প্রশ্নটি দেখেছি এবং আপনার উদ্বেগ বুঝতে পেরেছি। আমি যথাসাধ্য আপনাকে সাহায্য করার চেষ্টা করব। আপনার বর্ণনা করা লক্ষণগুলো বিভিন্ন কারণে হতে পারে এবং এর সঠিক কারণ নির্ণয়ের জন্য একটি বিস্তারিত পরীক্ষা প্রয়োজন। তাই আমি আপনাকে একজন বিশেষজ্ঞ ডাক্তারের সাথে সরাসরি পরামর্শ করার পরামর্শ দিচ্ছি। প্রয়োজনীয় পরীক্ষা-নিরীক্ষা করানো উচিত এবং রিপোর্ট অনুযায়ী চিকিৎসা শুরু করা যেতে পারে। এই সময়ে পর্যাপ্ত বিশ্রাম নিন, প্রচুর পানি পান করুন এবং স্বাস্থ্যকর খাবার খান। ডাক্তারের পরামর্শ ছাড়া কোনো ওষুধ সেবন করবেন না। যদি সমস্যা বাড়তে থাকে বা তীব্র হয়, তাহলে দেরি না করে দ্রুত ডাক্তারের শরণাপন্ন হন। আশা করি এই উত্তরটি আপনাকে সাহায্য করবে। আরও কোনো প্রশ্ন থাকলে নির্দ্বিধায় জিজ্ঞাসা করতে পারেন। ধন্যবাদ।"
7978,"হেলো, নাসেনিয়া ডকে আপনাকে স্বাগতম। আপনার অনুসন্ধানের জন্য ধন্যবাদ। আমি আপনার প্রশ্নটি দেখেছি এবং আপনার উদ্বেগ বুঝতে পেরেছি। আমি যথাসাধ্য আপনাকে সাহায্য করার চেষ্টা করব। আপনার বর্ণনা করা লক্ষণগুলো বিভিন্ন কারণে হতে পারে এবং এর সঠিক কারণ নির্ণয়ের জন্য একটি বিস্তারিত পরীক্ষা প্রয়োজন। তাই আমি আপনাকে একজন বিশেষজ্ঞ ডাক্তারের সাথে সরাসরি পরামর্শ করার পরামর্শ দিচ্ছি। প্রয়োজনীয় পরীক্ষা-নিরীক্ষা করানো উচিত এবং রিপোর্ট অনুযায়ী চিকিৎসা শুরু করা যেতে পারে। এই সময়ে পর্যাপ্ত বিশ্রাম নিন, প্রচুর পানি পান করুন এবং স্বাস্থ্যকর খাবার খান। ডাক্তারের পরামর্শ ছাড়া কোনো ওষুধ সেবন করবেন না। যদি সমস্যা বাড়তে থাকে বা তীব্র হয়, তাহলে দেরি না করে দ্রুত ডাক্তারের শরণাপন্ন হন। আশা করি এই উত্তরটি আপনাকে সাহায্য করবে। আরও কোনো প্রশ্ন থাকলে নির্দ্বিধায় জিজ্ঞাসা করতে পারেন। ধন্যবাদ।"
77383,"হেলো, নাসেনিয়া ডকে আপনাকে স্বাগতম। আপনার অনুসন্ধানের জন্য ধন্যবাদ। আমি আপনার প্রশ্নটি দেখেছি এবং আপনার উদ্বেগ বুঝতে পেরেছি। আমি যথাসাধ্য আপনাকে সাহায্য করার চেষ্টা করব। আপনার বর্ণনা করা লক্ষণগুলো বিভিন্ন কারণে হতে পারে এবং এর সঠিক কারণ নির্ণয়ের জন্য একটি বিস্তারিত পরীক্ষা প্রয়োজন। তাই আমি আপনাকে একজন বিশেষজ্ঞ ডাক্তারের সাথে সরাসরি পরামর্শ করার পরামর্শ দিচ্ছি। প্রয়োজনীয় পরীক্ষা-নিরীক্ষা করানো উচিত এবং রিপোর্ট অনুযায়ী চিকিৎসা শুরু করা যেতে পারে। এই সময়ে পর্যাপ্ত বিশ্রাম নিন, প্রচুর পানি পান করুন এবং স্বাস্থ্যকর খাবার খান। ডাক্তারের পরামর্শ ছাড়া কোনো ওষুধ সেবন করবেন না। যদি সমস্যা বাড়তে থাকে বা তীব্র হয়, তাহলে দেরি না করে দ্রুত ডাক্তারের শরণাপন্ন হন। আশা করি এই উত্তরটি আপনাকে সাহায্য করবে। আরও কোনো প্রশ্ন থাকলে নির্দ্বিধায় জিজ্ঞাসা করতে পারেন। ধন্যবাদ।"
265,"হেলো, নাসেনিয়া ডকে আপনাকে স্বাগতম। আপনার অনুসন্ধানের জন্য ধন্যবাদ। আমি আপনার প্রশ্নটি দেখেছি এবং আপনার উদ্বেগ বুঝতে পেরেছি। আমি যথাসাধ্য আপনাকে সাহায্য করার চেষ্টা করব। আপনার বর্ণনা করা লক্ষণগুলো বিভিন্ন কারণে হতে পারে এবং এর সঠিক কারণ নির্ণয়ের জন্য একটি বিস্তারিত পরীক্ষা প্রয়োজন। তাই আমি আপনাকে একজন বিশেষজ্ঞ ডাক্তারের সাথে সরাসরি পরামর্শ করার পরামর্শ দিচ্ছি। প্রয়োজনীয় পরীক্ষা-নিরীক্ষা করানো উচিত এবং রিপোর্ট অনুযায়ী চিকিৎসা শুরু করা যেতে পারে। এই সময়ে পর্যাপ্ত বিশ্রাম নিন, প্রচুর পানি পান করুন এবং স্বাস্থ্যকর খাবার খান। ডাক্তারের পরামর্শ ছাড়া কোনো ওষুধ সেবন করবেন না। যদি সমস্যা বাড়তে থাকে বা তীব্র হয়, তাহলে দেরি না করে দ্রুত ডাক্তারের শরণাপন্ন হন। আশা করি এই উত্তরটি আপনাকে সাহায্য করবে। আরও কোনো প্রশ্ন থাকলে নির্দ্বিধায় জিজ্ঞাসা করতে পারেন। ধন্যবাদ।"
108214,"হেলো, নাসেনিয়া ডকে আপনাকে স্বাগতম। আপনার অনুসন্ধানের জন্য ধন্যবাদ। আমি আপনার প্রশ্নটি দেখেছি এবং আপনার উদ্বেগ বুঝতে পেরেছি। আমি যথাসাধ্য আপনাকে সাহায্য করার চেষ্টা করব। আপনার বর্ণনা করা লক্ষণগুলো বিভিন্ন কারণে হতে পারে এবং এর সঠিক কারণ নির্ণয়ের জন্য একটি বিস্তারিত পরীক্ষা প্রয়োজন। তাই আমি আপনাকে একজন বিশেষজ্ঞ ডাক্তারের সাথে সরাসরি পরামর্শ করার পরামর্শ দিচ্ছি। প্রয়োজনীয় পরীক্ষা-নিরীক্ষা করানো উচিত এবং রিপোর্ট অনুযায়ী চিকিৎসা শুরু করা যেতে পারে। এই সময়ে পর্যাপ্ত বিশ্রাম নিন, প্রচুর পানি পান করুন এবং স্বাস্থ্যকর খাবার খান। ডাক্তারের পরামর্শ ছাড়া কোনো ওষুধ সেবন করবেন না। যদি সমস্যা বাড়তে থাকে বা তীব্র হয়, তাহলে দেরি না করে দ্রুত ডাক্তারের শরণাপন্ন হন। আশা করি এই উত্তরটি আপনাকে সাহায্য করবে। আরও কোনো প্রশ্ন থাকলে নির্দ্বিধায় জিজ্ঞাসা করতে পারেন। ধন্যবাদ।"
17841,"হেলো, নাসেনিয়া ডকে আপনাকে স্বাগতম। আপনার অনুসন্ধানের জন্য ধন্যবাদ। আমি আপনার প্রশ্নটি দেখেছি এবং আপনার উদ্বেগ বুঝতে পেরেছি। আমি যথাসাধ্য আপনাকে সাহায্য করার চেষ্টা করব। আপনার বর্ণনা করা লক্ষণগুলো বিভিন্ন কারণে হতে পারে এবং এর সঠিক কারণ নির্ণয়ের জন্য একটি বিস্তারিত পরীক্ষা প্রয়োজন। তাই আমি আপনাকে একজন বিশেষজ্ঞ ডাক্তারের সাথে সরাসরি পরামর্শ করার পরামর্শ দিচ্ছি। প্রয়োজনীয় পরীক্ষা-নিরীক্ষা করানো উচিত এবং রিপোর্ট অনুযায়ী চিকিৎসা শুরু করা যেতে পারে। এই সময়ে পর্যাপ্ত বিশ্রাম নিন, প্রচুর পানি পান করুন এবং স্বাস্থ্যকর খাবার খান। ডাক্তারের পরামর্শ ছাড়া কোনো ওষুধ সেবন করবেন না। যদি সমস্যা বাড়তে থাকে বা তীব্র হয়, তাহলে দেরি না করে দ্রুত ডাক্তারের শরণাপন্ন হন। আশা করি এই উত্তরটি আপনাকে সাহায্য করবে। আরও কোনো প্রশ্ন থাকলে নির্দ্বিধায় জিজ্ঞাসা করতে পারেন। ধন্যবাদ।"
96524,"হেলো, নাসেনিয়া ডকে আপনাকে স্বাগতম। আপনার অনুসন্ধানের জন্য ধন্যবাদ। আমি আপনার প্রশ্নটি দেখেছি এবং আপনার উদ্বেগ বুঝতে পেরেছি। আমি যথাসাধ্য আপনাকে সাহায্য করার চেষ্টা করব। আপনার বর্ণনা করা লক্ষণগুলো বিভিন্ন কারণে হতে পারে এবং এর সঠিক কারণ নির্ণয়ের জন্য একটি বিস্তারিত পরীক্ষা প্রয়োজন। তাই আমি আপনাকে একজন বিশেষজ্ঞ ডাক্তারের সাথে সরাসরি পরামর্শ করার পরামর্শ দিচ্ছি। প্রয়োজনীয় পরীক্ষা-নিরীক্ষা করানো উচিত এবং রিপোর্ট অনুযায়ী চিকিৎসা শুরু করা যেতে পারে। এই সময়ে পর্যাপ্ত বিশ্রাম নিন, প্রচুর পানি পান করুন এবং স্বাস্থ্যকর খাবার খান। ডাক্তারের পরামর্শ ছাড়া কোনো ওষুধ সেবন করবেন না। যদি সমস্যা বাড়তে থাকে বা তীব্র হয়, তাহলে দেরি না করে দ্রুত ডাক্তারের শরণাপন্ন হন। আশা করি এই উত্তরটি আপনাকে সাহায্য করবে। আরও কোনো প্রশ্ন থাকলে নির্দ্বিধায় জিজ্ঞাসা করতে পারেন। ধন্যবাদ।"
105125,"হেলো, নাসেনিয়া ডকে আপনাকে স্বাগতম। আপনার অনুসন্ধানের জন্য ধন্যবাদ। আমি আপনার প্রশ্নটি দেখেছি এবং আপনার উদ্বেগ বুঝতে পেরেছি। আমি যথাসাধ্য আপনাকে সাহায্য করার চেষ্টা করব। আপনার বর্ণনা করা লক্ষণগুলো বিভিন্ন কারণে হতে পারে এবং এর সঠিক কারণ নির্ণয়ের জন্য একটি বিস্তারিত পরীক্ষা প্রয়োজন। তাই আমি আপনাকে একজন বিশেষজ্ঞ ডাক্তারের সাথে সরাসরি পরামর্শ করার পরামর্শ দিচ্ছি। প্রয়োজনীয় পরীক্ষা-নিরীক্ষা করানো উচিত এবং রিপোর্ট অনুযায়ী চিকিৎসা শুরু করা যেতে পারে। এই সময়ে পর্যাপ্ত বিশ্রাম নিন, প্রচুর পানি পান করুন এবং স্বাস্থ্যকর খাবার খান। ডাক্তারের পরামর্শ ছাড়া কোনো ওষুধ সেবন করবেন না। যদি সমস্যা বাড়তে থাকে বা তীব্র হয়, তাহলে দেরি না করে দ্রুত ডাক্তারের শরণাপন্ন হন। আশা করি এই উত্তরটি আপনাকে সাহায্য করবে। আরও কোনো প্রশ্ন থাকলে নির্দ্বিধায় জিজ্ঞাসা করতে পারেন। ধন্যবাদ।"
18953,"হেলো, নাসেনিয়া ডকে আপনাকে স্বাগতম। আপনার অনুসন্ধানের জন্য ধন্যবাদ। আমি আপনার প্রশ্নটি দেখেছি এবং আপনার উদ্বেগ বুঝতে পেরেছি। আমি যথাসাধ্য আপনাকে সাহায্য করার চেষ্টা করব। আপনার বর্ণনা করা লক্ষণগুলো বিভিন্ন কারণে হতে পারে এবং এর সঠিক কারণ নির্ণয়ের জন্য একটি বিস্তারিত পরীক্ষা প্রয়োজন। তাই আমি আপনাকে একজন বিশেষজ্ঞ ডাক্তারের সাথে সরাসরি পরামর্শ করার পরামর্শ দিচ্ছি। প্রয়োজনীয় পরীক্ষা-নিরীক্ষা করানো উচিত এবং রিপোর্ট অনুযায়ী চিকিৎসা শুরু করা যেতে পারে। এই সময়ে পর্যাপ্ত বিশ্রাম নিন, প্রচুর পানি পান করুন এবং স্বাস্থ্যকর খাবার খান। ডাক্তারের পরামর্শ ছাড়া কোনো ওষুধ সেবন করবেন না। যদি সমস্যা বাড়তে থাকে বা তীব্র হয়, তাহলে দেরি না করে দ্রুত ডাক্তারের শরণাপন্ন হন। আশা করি এই উত্তরটি আপনাকে সাহায্য করবে। আরও কোনো প্রশ্ন থাকলে নির্দ্বিধায় জিজ্ঞাসা করতে পারেন। ধন্যবাদ।"
92693,"হেলো, নাসেনিয়া ডকে আপনাকে স্বাগতম। আপনার অনুসন্ধানের জন্য ধন্যবাদ। আমি আপনার প্রশ্নটি দেখেছি এবং আপনার উদ্বেগ বুঝতে পেরেছি। আমি যথাসাধ্য আপনাকে সাহায্য করার চেষ্টা করব। আপনার বর্ণনা করা লক্ষণগুলো বিভিন্ন কারণে হতে পারে এবং এর সঠিক কারণ নির্ণয়ের জন্য একটি বিস্তারিত পরীক্ষা প্রয়োজন। তাই আমি আপনাকে একজন বিশেষজ্ঞ ডাক্তারের সাথে সরাসরি পরামর্শ করার পরামর্শ দিচ্ছি। প্রয়োজনীয় পরীক্ষা-নিরীক্ষা করানো উচিত এবং রিপোর্ট অনুযায়ী চিকিৎসা শুরু করা যেতে পারে। এই সময়ে পর্যাপ্ত বিশ্রাম নিন, প্রচুর পানি পান করুন এবং স্বাস্থ্যকর খাবার খান। ডাক্তারের পরামর্শ ছাড়া কোনো ওষুধ সেবন করবেন না। যদি সমস্যা বাড়তে থাকে বা তীব্র হয়, তাহলে দেরি না করে দ্রুত ডাক্তারের শরণাপন্ন হন। আশা করি এই উত্তরটি আপনাকে সাহায্য করবে। আরও কোনো প্রশ্ন থাকলে নির্দ্বিধায় জিজ্ঞাসা করতে পারেন। ধন্যবাদ।"
92742,"হেলো, নাসেনিয়া ডকে আপনাকে স্বাগতম। আপনার অনুসন্ধানের জন্য ধন্যবাদ। আমি আপনার প্রশ্নটি দেখেছি এবং আপনার উদ্বেগ বুঝতে পেরেছি। আমি যথাসাধ্য আপনাকে সাহায্য করার চেষ্টা করব। আপনার বর্ণনা করা লক্ষণগুলো বিভিন্ন কারণে হতে পারে এবং এর সঠিক কারণ নির্ণয়ের জন্য একটি বিস্তারিত পরীক্ষা প্রয়োজন। তাই আমি আপনাকে একজন বিশেষজ্ঞ ডাক্তারের সাথে সরাসরি পরামর্শ করার পরামর্শ দিচ্ছি। প্রয়োজনীয় পরীক্ষা-নিরীক্ষা করানো উচিত এবং রিপোর্ট অনুযায়ী চিকিৎসা শুরু করা যেতে পারে। এই সময়ে পর্যাপ্ত বিশ্রাম নিন, প্রচুর পানি পান করুন এবং স্বাস্থ্যকর খাবার খান। ডাক্তারের পরামর্শ ছাড়া কোনো ওষুধ সেবন করবেন না। যদি সমস্যা বাড়তে থাকে বা তীব্র হয়, তাহলে দেরি না করে দ্রুত ডাক্তারের শরণাপন্ন হন। আশা করি এই উত্তরটি আপনাকে সাহায্য করবে। আরও কোনো প্রশ্ন থাকলে নির্দ্বিধায় জিজ্ঞাসা করতে পারেন। ধন্যবাদ।"
59850,"হেলো, নাসেনিয়া ডকে আপনাকে স্বাগতম। আপনার অনুসন্ধানের জন্য ধন্যবাদ। আমি আপনার প্রশ্নটি দেখেছি এবং আপনার উদ্বেগ বুঝতে পেরেছি। আমি যথাসাধ্য আপনাকে সাহায্য করার চেষ্টা করব। আপনার বর্ণনা করা লক্ষণগুলো বিভিন্ন কারণে হতে পারে এবং এর সঠিক কারণ নির্ণয়ের জন্য একটি বিস্তারিত পরীক্ষা প্রয়োজন। তাই আমি আপনাকে একজন বিশেষজ্ঞ ডাক্তারের সাথে সরাসরি পরামর্শ করার পরামর্শ দিচ্ছি। প্রয়োজনীয় পরীক্ষা-নিরীক্ষা করানো উচিত এবং রিপোর্ট অনুযায়ী চিকিৎসা শুরু করা যেতে পারে। এই সময়ে পর্যাপ্ত বিশ্রাম নিন, প্রচুর পানি পান করুন এবং স্বাস্থ্যকর খাবার খান। ডাক্তারের পরামর্শ ছাড়া কোনো ওষুধ সেবন করবেন না। যদি সমস্যা বাড়তে থাকে বা তীব্র হয়, তাহলে দেরি না করে দ্রুত ডাক্তারের শরণাপন্ন হন। আশা করি এই উত্তরটি আপনাকে সাহায্য করবে। আরও কোনো প্রশ্ন থাকলে নির্দ্বিধায় জিজ্ঞাসা করতে পারেন। ধন্যবাদ।"
100049,"হেলো, নাসেনিয়া ডকে আপনাকে স্বাগতম। আপনার অনুসন্ধানের জন্য ধন্যবাদ। আমি আপনার প্রশ্নটি দেখেছি এবং আপনার উদ্বেগ বুঝতে পেরেছি। আমি যথাসাধ্য আপনাকে সাহায্য করার চেষ্টা করব। আপনার বর্ণনা করা লক্ষণগুলো বিভিন্ন কারণে হতে পারে এবং এর সঠিক কারণ নির্ণয়ের জন্য একটি বিস্তারিত পরীক্ষা প্রয়োজন। তাই আমি আপনাকে একজন বিশেষজ্ঞ ডাক্তারের সাথে সরাসরি পরামর্শ করার পরামর্শ দিচ্ছি। প্রয়োজনীয় পরীক্ষা-নিরীক্ষা করানো উচিত এবং রিপোর্ট অনুযায়ী চিকিৎসা শুরু করা যেতে পারে। এই সময়ে পর্যাপ্ত বিশ্রাম নিন, প্রচুর পানি পান করুন এবং স্বাস্থ্যকর খাবার খান। ডাক্তারের পরামর্শ ছাড়া কোনো ওষুধ সেবন করবেন না। যদি সমস্যা বাড়তে থাকে বা তীব্র হয়, তাহলে দেরি না করে দ্রুত ডাক্তারের শরণাপন্ন হন। আশা করি এই উত্তরটি আপনাকে সাহায্য করবে। আরও কোনো প্রশ্ন থাকলে নির্দ্বিধায় জিজ্ঞাসা করতে পারেন। ধন্যবাদ।"
52614,"হেলো, নাসেনিয়া ডকে আপনাকে স্বাগতম। আপনার অনুসন্ধানের জন্য ধন্যবাদ। আমি আপনার প্রশ্নটি দেখেছি এবং আপনার উদ্বেগ বুঝতে পেরেছি। আমি যথাসাধ্য আপনাকে সাহায্য করার চেষ্টা করব। আপনার বর্ণনা করা লক্ষণগুলো বিভিন্ন কারণে হতে পারে এবং এর সঠিক কারণ নির্ণয়ের জন্য একটি বিস্তারিত পরীক্ষা প্রয়োজন। তাই আমি আপনাকে একজন বিশেষজ্ঞ ডাক্তারের সাথে সরাসরি পরামর্শ করার পরামর্শ দিচ্ছি। প্রয়োজনীয় পরীক্ষা-নিরীক্ষা করানো উচিত এবং রিপোর্ট অনুযায়ী চিকিৎসা শুরু করা যেতে পারে। এই সময়ে পর্যাপ্ত বিশ্রাম নিন, প্রচুর পানি পান করুন এবং স্বাস্থ্যকর খাবার খান। ডাক্তারের পরামর্শ ছাড়া কোনো ওষুধ সেবন করবেন না। যদি সমস্যা বাড়তে থাকে বা তীব্র হয়, তাহলে দেরি না করে দ্রুত ডাক্তারের শরণাপন্ন হন। আশা করি এই উত্তরটি আপনাকে সাহায্য করবে। আরও কোনো প্রশ্ন থাকলে নির্দ্বিধায় জিজ্ঞাসা করতে পারেন। ধন্যবাদ।"
93087,"হেলো, নাসেনিয়া ডকে আপনাকে স্বাগতম। আপনার অনুসন্ধানের জন্য ধন্যবাদ। আমি আপনার প্রশ্নটি দেখেছি এবং আপনার উদ্বেগ বুঝতে পেরেছি। আমি যথাসাধ্য আপনাকে সাহায্য করার চেষ্টা করব। আপনার বর্ণনা করা লক্ষণগুলো বিভিন্ন কারণে হতে পারে এবং এর সঠিক কারণ নির্ণয়ের জন্য একটি বিস্তারিত পরীক্ষা প্রয়োজন। তাই আমি আপনাকে একজন বিশেষজ্ঞ ডাক্তারের সাথে সরাসরি পরামর্শ করার পরামর্শ দিচ্ছি। প্রয়োজনীয় পরীক্ষা-নিরীক্ষা করানো উচিত এবং রিপোর্ট অনুযায়ী চিকিৎসা শুরু করা যেতে পারে। এই সময়ে পর্যাপ্ত বিশ্রাম নিন, প্রচুর পানি পান করুন এবং স্বাস্থ্যকর খাবার খান। ডাক্তারের পরামর্শ ছাড়া কোনো ওষুধ সেবন করবেন না। যদি সমস্যা বাড়তে থাকে বা তীব্র হয়, তাহলে দেরি না করে দ্রুত ডাক্তারের শরণাপন্ন হন। আশা করি এই উত্তরটি আপনাকে সাহায্য করবে। আরও কোনো প্রশ্ন থাকলে নির্দ্বিধায় জিজ্ঞাসা করতে পারেন। ধন্যবাদ।"
66539,"হেলো, নাসেনিয়া ডকে আপনাকে স্বাগতম। আপনার অনুসন্ধানের জন্য ধন্যবাদ। আমি আপনার প্রশ্নটি দেখেছি এবং আপনার উদ্বেগ বুঝতে পেরেছি। আমি যথাসাধ্য আপনাকে সাহায্য করার চেষ্টা করব। আপনার বর্ণনা করা লক্ষণগুলো বিভিন্ন কারণে হতে পারে এবং এর সঠিক কারণ নির্ণয়ের জন্য একটি বিস্তারিত পরীক্ষা প্রয়োজন। তাই আমি আপনাকে একজন বিশেষজ্ঞ ডাক্তারের সাথে সরাসরি পরামর্শ করার পরামর্শ দিচ্ছি। প্রয়োজনীয় পরীক্ষা-নিরীক্ষা করানো উচিত এবং রিপোর্ট অনুযায়ী চিকিৎসা শুরু করা যেতে পারে। এই সময়ে পর্যাপ্ত বিশ্রাম নিন, প্রচুর পানি পান করুন এবং স্বাস্থ্যকর খাবার খান। ডাক্তারের পরামর্শ ছাড়া কোনো ওষুধ সেবন করবেন না। যদি সমস্যা বাড়তে থাকে বা তীব্র হয়, তাহলে দেরি না করে দ্রুত ডাক্তারের শরণাপন্ন হন। আশা করি এই উত্তরটি আপনাকে সাহায্য করবে। আরও কোনো প্রশ্ন থাকলে নির্দ্বিধায় জিজ্ঞাসা করতে পারেন। ধন্যবাদ।"
61974,"হেলো, নাসেনিয়া ডকে আপনাকে স্বাগতম। আপনার অনুসন্ধানের জন্য ধন্যবাদ। আমি আপনার প্রশ্নটি দেখেছি এবং আপনার উদ্বেগ বুঝতে পেরেছি। আমি যথাসাধ্য আপনাকে সাহায্য করার চেষ্টা করব। আপনার বর্ণনা করা লক্ষণগুলো বিভিন্ন কারণে হতে পারে এবং এর সঠিক কারণ নির্ণয়ের জন্য একটি বিস্তারিত পরীক্ষা প্রয়োজন। তাই আমি আপনাকে একজন বিশেষজ্ঞ ডাক্তারের সাথে সরাসরি পরামর্শ করার পরামর্শ দিচ্ছি। প্রয়োজনীয় পরীক্ষা-নিরীক্ষা করানো উচিত এবং রিপোর্ট অনুযায়ী চিকিৎসা শুরু করা যেতে পারে। এই সময়ে পর্যাপ্ত বিশ্রাম নিন, প্রচুর পানি পান করুন এবং স্বাস্থ্যকর খাবার খান। ডাক্তারের পরামর্শ ছাড়া কোনো ওষুধ সেবন করবেন না। যদি সমস্যা বাড়তে থাকে বা তীব্র হয়, তাহলে দেরি না করে দ্রুত ডাক্তারের শরণাপন্ন হন। আশা করি এই উত্তরটি আপনাকে সাহায্য করবে। আরও কোনো প্রশ্ন থাকলে নির্দ্বিধায় জিজ্ঞাসা করতে পারেন। ধন্যবাদ।"
78153,"হেলো, নাসেনিয়া ডকে আপনাকে স্বাগতম। আপনার অনুসন্ধানের জন্য ধন্যবাদ। আমি আপনার প্রশ্নটি দেখেছি এবং আপনার উদ্বেগ বুঝতে পেরেছি। আমি যথাসাধ্য আপনাকে সাহায্য করার চেষ্টা করব। আপনার বর্ণনা করা লক্ষণগুলো বিভিন্ন কারণে হতে পারে এবং এর সঠিক কারণ নির্ণয়ের জন্য একটি বিস্তারিত পরীক্ষা প্রয়োজন। তাই আমি আপনাকে একজন বিশেষজ্ঞ ডাক্তারের সাথে সরাসরি পরামর্শ করার পরামর্শ দিচ্ছি। প্রয়োজনীয় পরীক্ষা-নিরীক্ষা করানো উচিত এবং রিপোর্ট অনুযায়ী চিকিৎসা শুরু করা যেতে পারে। এই সময়ে পর্যাপ্ত বিশ্রাম নিন, প্রচুর পানি পান করুন এবং স্বাস্থ্যকর খাবার খান। ডাক্তারের পরামর্শ ছাড়া কোনো ওষুধ সেবন করবেন না। যদি সমস্যা বাড়তে থাকে বা তীব্র হয়, তাহলে দেরি না করে দ্রুত ডাক্তারের শরণাপন্ন হন। আশা করি এই উত্তরটি আপনাকে সাহায্য করবে। আরও কোনো প্রশ্ন থাকলে নির্দ্বিধায় জিজ্ঞাসা করতে পারেন। ধন্যবাদ।"
30440,"হেলো, নাসেনিয়া ডকে আপনাকে স্বাগতম। আপনার অনুসন্ধানের জন্য ধন্যবাদ। আমি আপনার প্রশ্নটি দেখেছি এবং আপনার উদ্বেগ বুঝতে পেরেছি। আমি যথাসাধ্য আপনাকে সাহায্য করার চেষ্টা করব। আপনার বর্ণনা করা লক্ষণগুলো বিভিন্ন কারণে হতে পারে এবং এর সঠিক কারণ নির্ণয়ের জন্য একটি বিস্তারিত পরীক্ষা প্রয়োজন। তাই আমি আপনাকে একজন বিশেষজ্ঞ ডাক্তারের সাথে সরাসরি পরামর্শ করার পরামর্শ দিচ্ছি। প্রয়োজনীয় পরীক্ষা-নিরীক্ষা করানো উচিত এবং রিপোর্ট অনুযায়ী চিকিৎসা শুরু করা যেতে পারে। এই সময়ে পর্যাপ্ত বিশ্রাম নিন, প্রচুর পানি পান করুন এবং স্বাস্থ্যকর খাবার খান। ডাক্তারের পরামর্শ ছাড়া কোনো ওষুধ সেবন করবেন না। যদি সমস্যা বাড়তে থাকে বা তীব্র হয়, তাহলে দেরি না করে দ্রুত ডাক্তারের শরণাপন্ন হন। আশা করি এই উত্তরটি আপনাকে সাহায্য করবে। আরও কোনো প্রশ্ন থাকলে নির্দ্বিধায় জিজ্ঞাসা করতে পারেন। ধন্যবাদ।"
87847,"হেলো, নাসেনিয়া ডকে আপনাকে স্বাগতম। আপনার অনুসন্ধানের জন্য ধন্যবাদ। আমি আপনার প্রশ্নটি দেখেছি এবং আপনার উদ্বেগ বুঝতে পেরেছি। আমি যথাসাধ্য আপনাকে সাহায্য করার চেষ্টা করব। আপনার বর্ণনা করা লক্ষণগুলো বিভিন্ন কারণে হতে পারে এবং এর সঠিক কারণ নির্ণয়ের জন্য একটি বিস্তারিত পরীক্ষা প্রয়োজন। তাই আমি আপনাকে একজন বিশেষজ্ঞ ডাক্তারের সাথে সরাসরি পরামর্শ করার পরামর্শ দিচ্ছি। প্রয়োজনীয় পরীক্ষা-নিরীক্ষা করানো উচিত এবং রিপোর্ট অনুযায়ী চিকিৎসা শুরু করা যেতে পারে। এই সময়ে পর্যাপ্ত বিশ্রাম নিন, প্রচুর পানি পান করুন এবং স্বাস্থ্যকর খাবার খান। ডাক্তারের পরামর্শ ছাড়া কোনো ওষুধ সেবন করবেন না। যদি সমস্যা বাড়তে থাকে বা তীব্র হয়, তাহলে দেরি না করে দ্রুত ডাক্তারের শরণাপন্ন হন। আশা করি এই উত্তরটি আপনাকে সাহায্য করবে। আরও কোনো প্রশ্ন থাকলে নির্দ্বিধায় জিজ্ঞাসা করতে পারেন। ধন্যবাদ।"
75946,"হেলো, নাসেনিয়া ডকে আপনাকে স্বাগতম। আপনার অনুসন্ধানের জন্য ধন্যবাদ। আমি আপনার প্রশ্নটি দেখেছি এবং আপনার উদ্বেগ বুঝতে পেরেছি। আমি যথাসাধ্য আপনাকে সাহায্য করার চেষ্টা করব। আপনার বর্ণনা করা লক্ষণগুলো বিভিন্ন কারণে হতে পারে এবং এর সঠিক কারণ নির্ণয়ের জন্য একটি বিস্তারিত পরীক্ষা প্রয়োজন। তাই আমি আপনাকে একজন বিশেষজ্ঞ ডাক্তারের সাথে সরাসরি পরামর্শ করার পরামর্শ দিচ্ছি। প্রয়োজনীয় পরীক্ষা-নিরীক্ষা করানো উচিত এবং রিপোর্ট অনুযায়ী চিকিৎসা শুরু করা যেতে পারে। এই সময়ে পর্যাপ্ত বিশ্রাম নিন, প্রচুর পানি পান করুন এবং স্বাস্থ্যকর খাবার খান। ডাক্তারের পরামর্শ ছাড়া কোনো ওষুধ সেবন করবেন না। যদি সমস্যা বাড়তে থাকে বা তীব্র হয়, তাহলে দেরি না করে দ্রুত ডাক্তারের শরণাপন্ন হন। আশা করি এই উত্তরটি আপনাকে সাহায্য করবে। আরও কোনো প্রশ্ন থাকলে নির্দ্বিধায় জিজ্ঞাসা করতে পারেন। ধন্যবাদ।"
64589,"হেলো, নাসেনিয়া ডকে আপনাকে স্বাগতম। আপনার অনুসন্ধানের জন্য ধন্যবাদ। আমি আপনার প্রশ্নটি দেখেছি এবং আপনার উদ্বেগ বুঝতে পেরেছি। আমি যথাসাধ্য আপনাকে সাহায্য করার চেষ্টা করব। আপনার বর্ণনা করা লক্ষণগুলো বিভিন্ন কারণে হতে পারে এবং এর সঠিক কারণ নির্ণয়ের জন্য একটি বিস্তারিত পরীক্ষা প্রয়োজন। তাই আমি আপনাকে একজন বিশেষজ্ঞ ডাক্তারের সাথে সরাসরি পরামর্শ করার পরামর্শ দিচ্ছি। প্রয়োজনীয় পরীক্ষা-নিরীক্ষা করানো উচিত এবং রিপোর্ট অনুযায়ী চিকিৎসা শুরু করা যেতে পারে। এই সময়ে পর্যাপ্ত বিশ্রাম নিন, প্রচুর পানি পান করুন এবং স্বাস্থ্যকর খাবার খান। ডাক্তারের পরামর্শ ছাড়া কোনো ওষুধ সেবন করবেন না। যদি সমস্যা বাড়তে থাকে বা তীব্র হয়, তাহলে দেরি না করে দ্রুত ডাক্তারের শরণাপন্ন হন। আশা করি এই উত্তরটি আপনাকে সাহায্য করবে। আরও কোনো প্রশ্ন থাকলে নির্দ্বিধায় জিজ্ঞাসা করতে পারেন। ধন্যবাদ।"
89099,"হেলো, নাসেনিয়া ডকে আপনাকে স্বাগতম। আপনার অনুসন্ধানের জন্য ধন্যবাদ। আমি আপনার প্রশ্নটি দেখেছি এবং আপনার উদ্বেগ বুঝতে পেরেছি। আমি যথাসাধ্য আপনাকে সাহায্য করার চেষ্টা করব। আপনার বর্ণনা করা লক্ষণগুলো বিভিন্ন কারণে হতে পারে এবং এর সঠিক কারণ নির্ণয়ের জন্য একটি বিস্তারিত পরীক্ষা প্রয়োজন। তাই আমি আপনাকে একজন বিশেষজ্ঞ ডাক্তারের সাথে সরাসরি পরামর্শ করার পরামর্শ দিচ্ছি। প্রয়োজনীয় পরীক্ষা-নিরীক্ষা করানো উচিত এবং রিপোর্ট অনুযায়ী চিকিৎসা শুরু করা যেতে পারে। এই সময়ে পর্যাপ্ত বিশ্রাম নিন, প্রচুর পানি পান করুন এবং স্বাস্থ্যকর খাবার খান। ডাক্তারের পরামর্শ ছাড়া কোনো ওষুধ সেবন করবেন না। যদি সমস্যা বাড়তে থাকে বা তীব্র হয়, তাহলে দেরি না করে দ্রুত ডাক্তারের শরণাপন্ন হন। আশা করি এই উত্তরটি আপনাকে সাহায্য করবে। আরও কোনো প্রশ্ন থাকলে নির্দ্বিধায় জিজ্ঞাসা করতে পারেন। ধন্যবাদ।"
94228,"হেলো, নাসেনিয়া ডকে আপনাকে স্বাগতম। আপনার অনুসন্ধানের জন্য ধন্যবাদ। আমি আপনার প্রশ্নটি দেখেছি এবং আপনার উদ্বেগ বুঝতে পেরেছি। আমি যথাসাধ্য আপনাকে সাহায্য করার চেষ্টা করব। আপনার বর্ণনা করা লক্ষণগুলো বিভিন্ন কারণে হতে পারে এবং এর সঠিক কারণ নির্ণয়ের জন্য একটি বিস্তারিত পরীক্ষা প্রয়োজন। তাই আমি আপনাকে একজন বিশেষজ্ঞ ডাক্তারের সাথে সরাসরি পরামর্শ করার পরামর্শ দিচ্ছি। প্রয়োজনীয় পরীক্ষা-নিরীক্ষা করানো উচিত এবং রিপোর্ট অনুযায়ী চিকিৎসা শুরু করা যেতে পারে। এই সময়ে পর্যাপ্ত বিশ্রাম নিন, প্রচুর পানি পান করুন এবং স্বাস্থ্যকর খাবার খান। ডাক্তারের পরামর্শ ছাড়া কোনো ওষুধ সেবন করবেন না। যদি সমস্যা বাড়তে থাকে বা তীব্র হয়, তাহলে দেরি না করে দ্রুত ডাক্তারের শরণাপন্ন হন। আশা করি এই উত্তরটি আপনাকে সাহায্য করবে। আরও কোনো প্রশ্ন থাকলে নির্দ্বিধায় জিজ্ঞাসা করতে পারেন। ধন্যবাদ।"
40090,"হেলো, নাসেনিয়া ডকে আপনাকে স্বাগতম। আপনার অনুসন্ধানের জন্য ধন্যবাদ। আমি আপনার প্রশ্নটি দেখেছি এবং আপনার উদ্বেগ বুঝতে পেরেছি। আমি যথাসাধ্য আপনাকে সাহায্য করার চেষ্টা করব। আপনার বর্ণনা করা লক্ষণগুলো বিভিন্ন কারণে হতে পারে এবং এর সঠিক কারণ নির্ণয়ের জন্য একটি বিস্তারিত পরীক্ষা প্রয়োজন। তাই আমি আপনাকে একজন বিশেষজ্ঞ ডাক্তারের সাথে সরাসরি পরামর্শ করার পরামর্শ দিচ্ছি। প্রয়োজনীয় পরীক্ষা-নিরীক্ষা করানো উচিত এবং রিপোর্ট অনুযায়ী চিকিৎসা শুরু করা যেতে পারে। এই সময়ে পর্যাপ্ত বিশ্রাম নিন, প্রচুর পানি পান করুন এবং স্বাস্থ্যকর খাবার খান। ডাক্তারের পরামর্শ ছাড়া কোনো ওষুধ সেবন করবেন না। যদি সমস্যা বাড়তে থাকে বা তীব্র হয়, তাহলে দেরি না করে দ্রুত ডাক্তারের শরণাপন্ন হন। আশা করি এই উত্তরটি আপনাকে সাহায্য করবে। আরও কোনো প্রশ্ন থাকলে নির্দ্বিধায় জিজ্ঞাসা করতে পারেন। ধন্যবাদ।"
45520,"হেলো, নাসেনিয়া ডকে আপনাকে স্বাগতম। আপনার অনুসন্ধানের জন্য ধন্যবাদ। আমি আপনার প্রশ্নটি দেখেছি এবং আপনার উদ্বেগ বুঝতে পেরেছি। আমি যথাসাধ্য আপনাকে সাহায্য করার চেষ্টা করব। আপনার বর্ণনা করা লক্ষণগুলো বিভিন্ন কারণে হতে পারে এবং এর সঠিক কারণ নির্ণয়ের জন্য একটি বিস্তারিত পরীক্ষা প্রয়োজন। তাই আমি আপনাকে একজন বিশেষজ্ঞ ডাক্তারের সাথে সরাসরি পরামর্শ করার পরামর্শ দিচ্ছি। প্রয়োজনীয় পরীক্ষা-নিরীক্ষা করানো উচিত এবং রিপোর্ট অনুযায়ী চিকিৎসা শুরু করা যেতে পারে। এই সময়ে পর্যাপ্ত বিশ্রাম নিন, প্রচুর পানি পান করুন এবং স্বাস্থ্যকর খাবার খান। ডাক্তারের পরামর্শ ছাড়া কোনো ওষুধ সেবন করবেন না। যদি সমস্যা বাড়তে থাকে বা তীব্র হয়, তাহলে দেরি না করে দ্রুত ডাক্তারের শরণাপন্ন হন। আশা করি এই উত্তরটি আপনাকে সাহায্য করবে। আরও কোনো প্রশ্ন থাকলে নির্দ্বিধায় জিজ্ঞাসা করতে পারেন। ধন্যবাদ।"
96828,"হেলো, নাসেনিয়া ডকে আপনাকে স্বাগতম। আপনার অনুসন্ধানের জন্য ধন্যবাদ। আমি আপনার প্রশ্নটি দেখেছি এবং আপনার উদ্বেগ বুঝতে পেরেছি। আমি যথাসাধ্য আপনাকে সাহায্য করার চেষ্টা করব। আপনার বর্ণনা করা লক্ষণগুলো বিভিন্ন কারণে হতে পারে এবং এর সঠিক কারণ নির্ণয়ের জন্য একটি বিস্তারিত পরীক্ষা প্রয়োজন। তাই আমি আপনাকে একজন বিশেষজ্ঞ ডাক্তারের সাথে সরাসরি পরামর্শ করার পরামর্শ দিচ্ছি। প্রয়োজনীয় পরীক্ষা-নিরীক্ষা করানো উচিত এবং রিপোর্ট অনুযায়ী চিকিৎসা শুরু করা যেতে পারে। এই সময়ে পর্যাপ্ত বিশ্রাম নিন, প্রচুর পানি পান করুন এবং স্বাস্থ্যকর খাবার খান। ডাক্তারের পরামর্শ ছাড়া কোনো ওষুধ সেবন করবেন না। যদি সমস্যা বাড়তে থাকে বা তীব্র হয়, তাহলে দেরি না করে দ্রুত ডাক্তারের শরণাপন্ন হন। আশা করি এই উত্তরটি আপনাকে সাহায্য করবে। আরও কোনো প্রশ্ন থাকলে নির্দ্বিধায় জিজ্ঞাসা করতে পারেন। ধন্যবাদ।"
24031,"হেলো, নাসেনিয়া ডকে আপনাকে স্বাগতম। আপনার অনুসন্ধানের জন্য ধন্যবাদ। আমি আপনার প্রশ্নটি দেখেছি এবং আপনার উদ্বেগ বুঝতে পেরেছি। আমি যথাসাধ্য আপনাকে সাহায্য করার চেষ্টা করব। আপনার বর্ণনা করা লক্ষণগুলো বিভিন্ন কারণে হতে পারে এবং এর সঠিক কারণ নির্ণয়ের জন্য একটি বিস্তারিত পরীক্ষা প্রয়োজন। তাই আমি আপনাকে একজন বিশেষজ্ঞ ডাক্তারের সাথে সরাসরি পরামর্শ করার পরামর্শ দিচ্ছি। প্রয়োজনীয় পরীক্ষা-নিরীক্ষা করানো উচিত এবং রিপোর্ট অনুযায়ী চিকিৎসা শুরু করা যেতে পারে। এই সময়ে পর্যাপ্ত বিশ্রাম নিন, প্রচুর পানি পান করুন এবং স্বাস্থ্যকর খাবার খান। ডাক্তারের পরামর্শ ছাড়া কোনো ওষুধ সেবন করবেন না। যদি সমস্যা বাড়তে থাকে বা তীব্র হয়, তাহলে দেরি না করে দ্রুত ডাক্তারের শরণাপন্ন হন। আশা করি এই উত্তরটি আপনাকে সাহায্য করবে। আরও কোনো প্রশ্ন থাকলে নির্দ্বিধায় জিজ্ঞাসা করতে পারেন। ধন্যবাদ।"
107155,"হেলো, নাসেনিয়া ডকে আপনাকে স্বাগতম। আপনার অনুসন্ধানের জন্য ধন্যবাদ। আমি আপনার প্রশ্নটি দেখেছি এবং আপনার উদ্বেগ বুঝতে পেরেছি। আমি যথাসাধ্য আপনাকে সাহায্য করার চেষ্টা করব। আপনার বর্ণনা করা লক্ষণগুলো বিভিন্ন কারণে হতে পারে এবং এর সঠিক কারণ নির্ণয়ের জন্য একটি বিস্তারিত পরীক্ষা প্রয়োজন। তাই আমি আপনাকে একজন বিশেষজ্ঞ ডাক্তারের সাথে সরাসরি পরামর্শ করার পরামর্শ দিচ্ছি। প্রয়োজনীয় পরীক্ষা-নিরীক্ষা করানো উচিত এবং রিপোর্ট অনুযায়ী চিকিৎসা শুরু করা যেতে পারে। এই সময়ে পর্যাপ্ত বিশ্রাম নিন, প্রচুর পানি পান করুন এবং স্বাস্থ্যকর খাবার খান। ডাক্তারের পরামর্শ ছাড়া কোনো ওষুধ সেবন করবেন না। যদি সমস্যা বাড়তে থাকে বা তীব্র হয়, তাহলে দেরি না করে দ্রুত ডাক্তারের শরণাপন্ন হন। আশা করি এই উত্তরটি আপনাকে সাহায্য করবে। আরও কোনো প্রশ্ন থাকলে নির্দ্বিধায় জিজ্ঞাসা করতে পারেন। ধন্যবাদ।"
27497,"হেলো, নাসেনিয়া ডকে আপনাকে স্বাগতম। আপনার অনুসন্ধানের জন্য ধন্যবাদ। আমি আপনার প্রশ্নটি দেখেছি এবং আপনার উদ্বেগ বুঝতে পেরেছি। আমি যথাসাধ্য আপনাকে সাহায্য করার চেষ্টা করব। আপনার বর্ণনা করা লক্ষণগুলো বিভিন্ন কারণে হতে পারে এবং এর সঠিক কারণ নির্ণয়ের জন্য একটি বিস্তারিত পরীক্ষা প্রয়োজন। তাই আমি আপনাকে একজন বিশেষজ্ঞ ডাক্তারের সাথে সরাসরি পরামর্শ করার পরামর্শ দিচ্ছি। প্রয়োজনীয় পরীক্ষা-নিরীক্ষা করানো উচিত এবং রিপোর্ট অনুযায়ী চিকিৎসা শুরু করা যেতে পারে। এই সময়ে পর্যাপ্ত বিশ্রাম নিন, প্রচুর পানি পান করুন এবং স্বাস্থ্যকর খাবার খান। ডাক্তারের পরামর্শ ছাড়া কোনো ওষুধ সেবন করবেন না। যদি সমস্যা বাড়তে থাকে বা তীব্র হয়, তাহলে দেরি না করে দ্রুত ডাক্তারের শরণাপন্ন হন। আশা করি এই উত্তরটি আপনাকে সাহায্য করবে। আরও কোনো প্রশ্ন থাকলে নির্দ্বিধায় জিজ্ঞাসা করতে পারেন। ধন্যবাদ।"
32484,"হেলো, নাসেনিয়া ডকে আপনাকে স্বাগতম। আপনার অনুসন্ধানের জন্য ধন্যবাদ। আমি আপনার প্রশ্নটি দেখেছি এবং আপনার উদ্বেগ বুঝতে পেরেছি। আমি যথাসাধ্য আপনাকে সাহায্য করার চেষ্টা করব। আপনার বর্ণনা করা লক্ষণগুলো বিভিন্ন কারণে হতে পারে এবং এর সঠিক কারণ নির্ণয়ের জন্য একটি বিস্তারিত পরীক্ষা প্রয়োজন। তাই আমি আপনাকে একজন বিশেষজ্ঞ ডাক্তারের সাথে সরাসরি পরামর্শ করার পরামর্শ দিচ্ছি। প্রয়োজনীয় পরীক্ষা-নিরীক্ষা করানো উচিত এবং রিপোর্ট অনুযায়ী চিকিৎসা শুরু করা যেতে পারে। এই সময়ে পর্যাপ্ত বিশ্রাম নিন, প্রচুর পানি পান করুন এবং স্বাস্থ্যকর খাবার খান। ডাক্তারের পরামর্শ ছাড়া কোনো ওষুধ সেবন করবেন না। যদি সমস্যা বাড়তে থাকে বা তীব্র হয়, তাহলে দেরি না করে দ্রুত ডাক্তারের শরণাপন্ন হন। আশা করি এই উত্তরটি আপনাকে সাহায্য করবে। আরও কোনো প্রশ্ন থাকলে নির্দ্বিধায় জিজ্ঞাসা করতে পারেন। ধন্যবাদ।"
32461,"হেলো, নাসেনিয়া ডকে আপনাকে স্বাগতম। আপনার অনুসন্ধানের জন্য ধন্যবাদ। আমি আপনার প্রশ্নটি দেখেছি এবং আপনার উদ্বেগ বুঝতে পেরেছি। আমি যথাসাধ্য আপনাকে সাহায্য করার চেষ্টা করব। আপনার বর্ণনা করা লক্ষণগুলো বিভিন্ন কারণে হতে পারে এবং এর সঠিক কারণ নির্ণয়ের জন্য একটি বিস্তারিত পরীক্ষা প্রয়োজন। তাই আমি আপনাকে একজন বিশেষজ্ঞ ডাক্তারের সাথে সরাসরি পরামর্শ করার পরামর্শ দিচ্ছি। প্রয়োজনীয় পরীক্ষা-নিরীক্ষা করানো উচিত এবং রিপোর্ট অনুযায়ী চিকিৎসা শুরু করা যেতে পারে। এই সময়ে পর্যাপ্ত বিশ্রাম নিন, প্রচুর পানি পান করুন এবং স্বাস্থ্যকর খাবার খান। ডাক্তারের পরামর্শ ছাড়া কোনো ওষুধ সেবন করবেন না। যদি সমস্যা বাড়তে থাকে বা তীব্র হয়, তাহলে দেরি না করে দ্রুত ডাক্তারের শরণাপন্ন হন। আশা করি এই উত্তরটি আপনাকে সাহায্য করবে। আরও কোনো প্রশ্ন থাকলে নির্দ্বিধায় জিজ্ঞাসা করতে পারেন। ধন্যবাদ।"
33118,"হেলো, নাসেনিয়া ডকে আপনাকে স্বাগতম। আপনার অনুসন্ধানের জন্য ধন্যবাদ। আমি আপনার প্রশ্নটি দেখেছি এবং আপনার উদ্বেগ বুঝতে পেরেছি। আমি যথাসাধ্য আপনাকে সাহায্য করার চেষ্টা করব। আপনার বর্ণনা করা লক্ষণগুলো বিভিন্ন কারণে হতে পারে এবং এর সঠিক কারণ নির্ণয়ের জন্য একটি বিস্তারিত পরীক্ষা প্রয়োজন। তাই আমি আপনাকে একজন বিশেষজ্ঞ ডাক্তারের সাথে সরাসরি পরামর্শ করার পরামর্শ দিচ্ছি। প্রয়োজনীয় পরীক্ষা-নিরীক্ষা করানো উচিত এবং রিপোর্ট অনুযায়ী চিকিৎসা শুরু করা যেতে পারে। এই সময়ে পর্যাপ্ত বিশ্রাম নিন, প্রচুর পানি পান করুন এবং স্বাস্থ্যকর খাবার খান। ডাক্তারের পরামর্শ ছাড়া কোনো ওষুধ সেবন করবেন না। যদি সমস্যা বাড়তে থাকে বা তীব্র হয়, তাহলে দেরি না করে দ্রুত ডাক্তারের শরণাপন্ন হন। আশা করি এই উত্তরটি আপনাকে সাহায্য করবে। আরও কোনো প্রশ্ন থাকলে নির্দ্বিধায় জিজ্ঞাসা করতে পারেন। ধন্যবাদ।"
104859,"হেলো, নাসেনিয়া ডকে আপনাকে স্বাগতম। আপনার অনুসন্ধানের জন্য ধন্যবাদ। আমি আপনার প্রশ্নটি দেখেছি এবং আপনার উদ্বেগ বুঝতে পেরেছি। আমি যথাসাধ্য আপনাকে সাহায্য করার চেষ্টা করব। আপনার বর্ণনা করা লক্ষণগুলো বিভিন্ন কারণে হতে পারে এবং এর সঠিক কারণ নির্ণয়ের জন্য একটি বিস্তারিত পরীক্ষা প্রয়োজন। তাই আমি আপনাকে একজন বিশেষজ্ঞ ডাক্তারের সাথে সরাসরি পরামর্শ করার পরামর্শ দিচ্ছি। প্রয়োজনীয় পরীক্ষা-নিরীক্ষা করানো উচিত এবং রিপোর্ট অনুযায়ী চিকিৎসা শুরু করা যেতে পারে। এই সময়ে পর্যাপ্ত বিশ্রাম নিন, প্রচুর পানি পান করুন এবং স্বাস্থ্যকর খাবার খান। ডাক্তারের পরামর্শ ছাড়া কোনো ওষুধ সেবন করবেন না। যদি সমস্যা বাড়তে থাকে বা তীব্র হয়, তাহলে দেরি না করে দ্রুত ডাক্তারের শরণাপন্ন হন। আশা করি এই উত্তরটি আপনাকে সাহায্য করবে। আরও কোনো প্রশ্ন থাকলে নির্দ্বিধায় জিজ্ঞাসা করতে পারেন। ধন্যবাদ।"
72542,"হেলো, নাসেনিয়া ডকে আপনাকে স্বাগতম। আপনার অনুসন্ধানের জন্য ধন্যবাদ। আমি আপনার প্রশ্নটি দেখেছি এবং আপনার উদ্বেগ বুঝতে পেরেছি। আমি যথাসাধ্য আপনাকে সাহায্য করার চেষ্টা করব। আপনার বর্ণনা করা লক্ষণগুলো বিভিন্ন কারণে হতে পারে এবং এর সঠিক কারণ নির্ণয়ের জন্য একটি বিস্তারিত পরীক্ষা প্রয়োজন। তাই আমি আপনাকে একজন বিশেষজ্ঞ ডাক্তারের সাথে সরাসরি পরামর্শ করার পরামর্শ দিচ্ছি। প্রয়োজনীয় পরীক্ষা-নিরীক্ষা করানো উচিত এবং রিপোর্ট অনুযায়ী চিকিৎসা শুরু করা যেতে পারে। এই সময়ে পর্যাপ্ত বিশ্রাম নিন, প্রচুর পানি পান করুন এবং স্বাস্থ্যকর খাবার খান। ডাক্তারের পরামর্শ ছাড়া কোনো ওষুধ সেবন করবেন না। যদি সমস্যা বাড়তে থাকে বা তীব্র হয়, তাহলে দেরি না করে দ্রুত ডাক্তারের শরণাপন্ন হন। আশা করি এই উত্তরটি আপনাকে সাহায্য করবে। আরও কোনো প্রশ্ন থাকলে নির্দ্বিধায় জিজ্ঞাসা করতে পারেন। ধন্যবাদ।"
49221,"হেলো, নাসেনিয়া ডকে আপনাকে স্বাগতম। আপনার অনুসন্ধানের জন্য ধন্যবাদ। আমি আপনার প্রশ্নটি দেখেছি এবং আপনার উদ্বেগ বুঝতে পেরেছি। আমি যথাসাধ্য আপনাকে সাহায্য করার চেষ্টা করব। আপনার বর্ণনা করা লক্ষণগুলো বিভিন্ন কারণে হতে পারে এবং এর সঠিক কারণ নির্ণয়ের জন্য একটি বিস্তারিত পরীক্ষা প্রয়োজন। তাই আমি আপনাকে একজন বিশেষজ্ঞ ডাক্তারের সাথে সরাসরি পরামর্শ করার পরামর্শ দিচ্ছি। প্রয়োজনীয় পরীক্ষা-নিরীক্ষা করানো উচিত এবং রিপোর্ট অনুযায়ী চিকিৎসা শুরু করা যেতে পারে। এই সময়ে পর্যাপ্ত বিশ্রাম নিন, প্রচুর পানি পান করুন এবং স্বাস্থ্যকর খাবার খান। ডাক্তারের পরামর্শ ছাড়া কোনো ওষুধ সেবন করবেন না। যদি সমস্যা বাড়তে থাকে বা তীব্র হয়, তাহলে দেরি না করে দ্রুত ডাক্তারের শরণাপন্ন হন। আশা করি এই উত্তরটি আপনাকে সাহায্য করবে। আরও কোনো প্রশ্ন থাকলে নির্দ্বিধায় জিজ্ঞাসা করতে পারেন। ধন্যবাদ।"
69715,"হেলো, নাসেনিয়া ডকে আপনাকে স্বাগতম। আপনার অনুসন্ধানের জন্য ধন্যবাদ। আমি আপনার প্রশ্নটি দেখেছি এবং আপনার উদ্বেগ বুঝতে পেরেছি। আমি যথাসাধ্য আপনাকে সাহায্য করার চেষ্টা করব। আপনার বর্ণনা করা লক্ষণগুলো বিভিন্ন কারণে হতে পারে এবং এর সঠিক কারণ নির্ণয়ের জন্য একটি বিস্তারিত পরীক্ষা প্রয়োজন। তাই আমি আপনাকে একজন বিশেষজ্ঞ ডাক্তারের সাথে সরাসরি পরামর্শ করার পরামর্শ দিচ্ছি। প্রয়োজনীয় পরীক্ষা-নিরীক্ষা করানো উচিত এবং রিপোর্ট অনুযায়ী চিকিৎসা শুরু করা যেতে পারে। এই সময়ে পর্যাপ্ত বিশ্রাম নিন, প্রচুর পানি পান করুন এবং স্বাস্থ্যকর খাবার খান। ডাক্তারের পরামর্শ ছাড়া কোনো ওষুধ সেবন করবেন না। যদি সমস্যা বাড়তে থাকে বা তীব্র হয়, তাহলে দেরি না করে দ্রুত ডাক্তারের শরণাপন্ন হন। আশা করি এই উত্তরটি আপনাকে সাহায্য করবে। আরও কোনো প্রশ্ন থাকলে নির্দ্বিধায় জিজ্ঞাসা করতে পারেন। ধন্যবাদ।"
43586,"হেলো, নাসেনিয়া ডকে আপনাকে স্বাগতম। আপনার অনুসন্ধানের জন্য ধন্যবাদ। আমি আপনার প্রশ্নটি দেখেছি এবং আপনার উদ্বেগ বুঝতে পেরেছি। আমি যথাসাধ্য আপনাকে সাহায্য করার চেষ্টা করব। আপনার বর্ণনা করা লক্ষণগুলো বিভিন্ন কারণে হতে পারে এবং এর সঠিক কারণ নির্ণয়ের জন্য একটি বিস্তারিত পরীক্ষা প্রয়োজন। তাই আমি আপনাকে একজন বিশেষজ্ঞ ডাক্তারের সাথে সরাসরি পরামর্শ করার পরামর্শ দিচ্ছি। প্রয়োজনীয় পরীক্ষা-নিরীক্ষা করানো উচিত এবং রিপোর্ট অনুযায়ী চিকিৎসা শুরু করা যেতে পারে। এই সময়ে পর্যাপ্ত বিশ্রাম নিন, প্রচুর পানি পান করুন এবং স্বাস্থ্যকর খাবার খান। ডাক্তারের পরামর্শ ছাড়া কোনো ওষুধ সেবন করবেন না। যদি সমস্যা বাড়তে থাকে বা তীব্র হয়, তাহলে দেরি না করে দ্রুত ডাক্তারের শরণাপন্ন হন। আশা করি এই উত্তরটি আপনাকে সাহায্য করবে। আরও কোনো প্রশ্ন থাকলে নির্দ্বিধায় জিজ্ঞাসা করতে পারেন। ধন্যবাদ।"
15304,"হেলো, নাসেনিয়া ডকে আপনাকে স্বাগতম। আপনার অনুসন্ধানের জন্য ধন্যবাদ। আমি আপনার প্রশ্নটি দেখেছি এবং আপনার উদ্বেগ বুঝতে পেরেছি। আমি যথাসাধ্য আপনাকে সাহায্য করার চেষ্টা করব। আপনার বর্ণনা করা লক্ষণগুলো বিভিন্ন কারণে হতে পারে এবং এর সঠিক কারণ নির্ণয়ের জন্য একটি বিস্তারিত পরীক্ষা প্রয়োজন। তাই আমি আপনাকে একজন বিশেষজ্ঞ ডাক্তারের সাথে সরাসরি পরামর্শ করার পরামর্শ দিচ্ছি। প্রয়োজনীয় পরীক্ষা-নিরীক্ষা করানো উচিত এবং রিপোর্ট অনুযায়ী চিকিৎসা শুরু করা যেতে পারে। এই সময়ে পর্যাপ্ত বিশ্রাম নিন, প্রচুর পানি পান করুন এবং স্বাস্থ্যকর খাবার খান। ডাক্তারের পরামর্শ ছাড়া কোনো ওষুধ সেবন করবেন না। যদি সমস্যা বাড়তে থাকে বা তীব্র হয়, তাহলে দেরি না করে দ্রুত ডাক্তারের শরণাপন্ন হন। আশা করি এই উত্তরটি আপনাকে সাহায্য করবে। আরও কোনো প্রশ্ন থাকলে নির্দ্বিধায় জিজ্ঞাসা করতে পারেন। ধন্যবাদ।"
53156,"হেলো, নাসেনিয়া ডকে আপনাকে স্বাগতম। আপনার অনুসন্ধানের জন্য ধন্যবাদ। আমি আপনার প্রশ্নটি দেখেছি এবং আপনার উদ্বেগ বুঝতে পেরেছি। আমি যথাসাধ্য আপনাকে সাহায্য করার চেষ্টা করব। আপনার বর্ণনা করা লক্ষণগুলো বিভিন্ন কারণে হতে পারে এবং এর সঠিক কারণ নির্ণয়ের জন্য একটি বিস্তারিত পরীক্ষা প্রয়োজন। তাই আমি আপনাকে একজন বিশেষজ্ঞ ডাক্তারের সাথে সরাসরি পরামর্শ করার পরামর্শ দিচ্ছি। প্রয়োজনীয় পরীক্ষা-নিরীক্ষা করানো উচিত এবং রিপোর্ট অনুযায়ী চিকিৎসা শুরু করা যেতে পারে। এই সময়ে পর্যাপ্ত বিশ্রাম নিন, প্রচুর পানি পান করুন এবং স্বাস্থ্যকর খাবার খান। ডাক্তারের পরামর্শ ছাড়া কোনো ওষুধ সেবন করবেন না। যদি সমস্যা বাড়তে থাকে বা তীব্র হয়, তাহলে দেরি না করে দ্রুত ডাক্তারের শরণাপন্ন হন। আশা করি এই উত্তরটি আপনাকে সাহায্য করবে। আরও কোনো প্রশ্ন থাকলে নির্দ্বিধায় জিজ্ঞাসা করতে পারেন। ধন্যবাদ।"
59914,"হেলো, নাসেনিয়া ডকে আপনাকে স্বাগতম। আপনার অনুসন্ধানের জন্য ধন্যবাদ। আমি আপনার প্রশ্নটি দেখেছি এবং আপনার উদ্বেগ বুঝতে পেরেছি। আমি যথাসাধ্য আপনাকে সাহায্য করার চেষ্টা করব। আপনার বর্ণনা করা লক্ষণগুলো বিভিন্ন কারণে হতে পারে এবং এর সঠিক কারণ নির্ণয়ের জন্য একটি বিস্তারিত পরীক্ষা প্রয়োজন। তাই আমি আপনাকে একজন বিশেষজ্ঞ ডাক্তারের সাথে সরাসরি পরামর্শ করার পরামর্শ দিচ্ছি। প্রয়োজনীয় পরীক্ষা-নিরীক্ষা করানো উচিত এবং রিপোর্ট অনুযায়ী চিকিৎসা শুরু করা যেতে পারে। এই সময়ে পর্যাপ্ত বিশ্রাম নিন, প্রচুর পানি পান করুন এবং স্বাস্থ্যকর খাবার খান। ডাক্তারের পরামর্শ ছাড়া কোনো ওষুধ সেবন করবেন না। যদি সমস্যা বাড়তে থাকে বা তীব্র হয়, তাহলে দেরি না করে দ্রুত ডাক্তারের শরণাপন্ন হন। আশা করি এই উত্তরটি আপনাকে সাহায্য করবে। আরও কোনো প্রশ্ন থাকলে নির্দ্বিধায় জিজ্ঞাসা করতে পারেন। ধন্যবাদ।"
47815,"হেলো, নাসেনিয়া ডকে আপনাকে স্বাগতম। আপনার অনুসন্ধানের জন্য ধন্যবাদ। আমি আপনার প্রশ্নটি দেখেছি এবং আপনার উদ্বেগ বুঝতে পেরেছি। আমি যথাসাধ্য আপনাকে সাহায্য করার চেষ্টা করব। আপনার বর্ণনা করা লক্ষণগুলো বিভিন্ন কারণে হতে পারে এবং এর সঠিক কারণ নির্ণয়ের জন্য একটি বিস্তারিত পরীক্ষা প্রয়োজন। তাই আমি আপনাকে একজন বিশেষজ্ঞ ডাক্তারের সাথে সরাসরি পরামর্শ করার পরামর্শ দিচ্ছি। প্রয়োজনীয় পরীক্ষা-নিরীক্ষা করানো উচিত এবং রিপোর্ট অনুযায়ী চিকিৎসা শুরু করা যেতে পারে। এই সময়ে পর্যাপ্ত বিশ্রাম নিন, প্রচুর পানি পান করুন এবং স্বাস্থ্যকর খাবার খান। ডাক্তারের পরামর্শ ছাড়া কোনো ওষুধ সেবন করবেন না। যদি সমস্যা বাড়তে থাকে বা তীব্র হয়, তাহলে দেরি না করে দ্রুত ডাক্তারের শরণাপন্ন হন। আশা করি এই উত্তরটি আপনাকে সাহায্য করবে। আরও কোনো প্রশ্ন থাকলে নির্দ্বিধায় জিজ্ঞাসা করতে পারেন। ধন্যবাদ।"
2785,"হেলো, নাসেনিয়া ডকে আপনাকে স্বাগতম। আপনার অনুসন্ধানের জন্য ধন্যবাদ। আমি আপনার প্রশ্নটি দেখেছি এবং আপনার উদ্বেগ বুঝতে পেরেছি। আমি যথাসাধ্য আপনাকে সাহায্য করার চেষ্টা করব। আপনার বর্ণনা করা লক্ষণগুলো বিভিন্ন কারণে হতে পারে এবং এর সঠিক কারণ নির্ণয়ের জন্য একটি বিস্তারিত পরীক্ষা প্রয়োজন। তাই আমি আপনাকে একজন বিশেষজ্ঞ ডাক্তারের সাথে সরাসরি পরামর্শ করার পরামর্শ দিচ্ছি। প্রয়োজনীয় পরীক্ষা-নিরীক্ষা করানো উচিত এবং রিপোর্ট অনুযায়ী চিকিৎসা শুরু করা যেতে পারে। এই সময়ে পর্যাপ্ত বিশ্রাম নিন, প্রচুর পানি পান করুন এবং স্বাস্থ্যকর খাবার খান। ডাক্তারের পরামর্শ ছাড়া কোনো ওষুধ সেবন করবেন না। যদি সমস্যা বাড়তে থাকে বা তীব্র হয়, তাহলে দেরি না করে দ্রুত ডাক্তারের শরণাপন্ন হন। আশা করি এই উত্তরটি আপনাকে সাহায্য করবে। আরও কোনো প্রশ্ন থাকলে নির্দ্বিধায় জিজ্ঞাসা করতে পারেন। ধন্যবাদ।"
90357,"হেলো, নাসেনিয়া ডকে আপনাকে স্বাগতম। আপনার অনুসন্ধানের জন্য ধন্যবাদ। আমি আপনার প্রশ্নটি দেখেছি এবং আপনার উদ্বেগ বুঝতে পেরেছি। আমি যথাসাধ্য আপনাকে সাহায্য করার চেষ্টা করব। আপনার বর্ণনা করা লক্ষণগুলো বিভিন্ন কারণে হতে পারে এবং এর সঠিক কারণ নির্ণয়ের জন্য একটি বিস্তারিত পরীক্ষা প্রয়োজন। তাই আমি আপনাকে একজন বিশেষজ্ঞ ডাক্তারের সাথে সরাসরি পরামর্শ করার পরামর্শ দিচ্ছি। প্রয়োজনীয় পরীক্ষা-নিরীক্ষা করানো উচিত এবং রিপোর্ট অনুযায়ী চিকিৎসা শুরু করা যেতে পারে। এই সময়ে পর্যাপ্ত বিশ্রাম নিন, প্রচুর পানি পান করুন এবং স্বাস্থ্যকর খাবার খান। ডাক্তারের পরামর্শ ছাড়া কোনো ওষুধ সেবন করবেন না। যদি সমস্যা বাড়তে থাকে বা তীব্র হয়, তাহলে দেরি না করে দ্রুত ডাক্তারের শরণাপন্ন হন। আশা করি এই উত্তরটি আপনাকে সাহায্য করবে। আরও কোনো প্রশ্ন থাকলে নির্দ্বিধায় জিজ্ঞাসা করতে পারেন। ধন্যবাদ।"
88495,"হেলো, নাসেনিয়া ডকে আপনাকে স্বাগতম। আপনার অনুসন্ধানের জন্য ধন্যবাদ। আমি আপনার প্রশ্নটি দেখেছি এবং আপনার উদ্বেগ বুঝতে পেরেছি। আমি যথাসাধ্য আপনাকে সাহায্য করার চেষ্টা করব। আপনার বর্ণনা করা লক্ষণগুলো বিভিন্ন কারণে হতে পারে এবং এর সঠিক কারণ নির্ণয়ের জন্য একটি বিস্তারিত পরীক্ষা প্রয়োজন। তাই আমি আপনাকে একজন বিশেষজ্ঞ ডাক্তারের সাথে সরাসরি পরামর্শ করার পরামর্শ দিচ্ছি। প্রয়োজনীয় পরীক্ষা-নিরীক্ষা করানো উচিত এবং রিপোর্ট অনুযায়ী চিকিৎসা শুরু করা যেতে পারে। এই সময়ে পর্যাপ্ত বিশ্রাম নিন, প্রচুর পানি পান করুন এবং স্বাস্থ্যকর খাবার খান। ডাক্তারের পরামর্শ ছাড়া কোনো ওষুধ সেবন করবেন না। যদি সমস্যা বাড়তে থাকে বা তীব্র হয়, তাহলে দেরি না করে দ্রুত ডাক্তারের শরণাপন্ন হন। আশা করি এই উত্তরটি আপনাকে সাহায্য করবে। আরও কোনো প্রশ্ন থাকলে নির্দ্বিধায় জিজ্ঞাসা করতে পারেন। ধন্যবাদ।"
11846,"হেলো, নাসেনিয়া ডকে আপনাকে স্বাগতম। আপনার অনুসন্ধানের জন্য ধন্যবাদ। আমি আপনার প্রশ্নটি দেখেছি এবং আপনার উদ্বেগ বুঝতে পেরেছি। আমি যথাসাধ্য আপনাকে সাহায্য করার চেষ্টা করব। আপনার বর্ণনা করা লক্ষণগুলো বিভিন্ন কারণে হতে পারে এবং এর সঠিক কারণ নির্ণয়ের জন্য একটি বিস্তারিত পরীক্ষা প্রয়োজন। তাই আমি আপনাকে একজন বিশেষজ্ঞ ডাক্তারের সাথে সরাসরি পরামর্শ করার পরামর্শ দিচ্ছি। প্রয়োজনীয় পরীক্ষা-নিরীক্ষা করানো উচিত এবং রিপোর্ট অনুযায়ী চিকিৎসা শুরু করা যেতে পারে। এই সময়ে পর্যাপ্ত বিশ্রাম নিন, প্রচুর পানি পান করুন এবং স্বাস্থ্যকর খাবার খান। ডাক্তারের পরামর্শ ছাড়া কোনো ওষুধ সেবন করবেন না। যদি সমস্যা বাড়তে থাকে বা তীব্র হয়, তাহলে দেরি না করে দ্রুত ডাক্তারের শরণাপন্ন হন। আশা করি এই উত্তরটি আপনাকে সাহায্য করবে। আরও কোনো প্রশ্ন থাকলে নির্দ্বিধায় জিজ্ঞাসা করতে পারেন। ধন্যবাদ।"
57293,"হেলো, নাসেনিয়া ডকে আপনাকে স্বাগতম। আপনার অনুসন্ধানের জন্য ধন্যবাদ। আমি আপনার প্রশ্নটি দেখেছি এবং আপনার উদ্বেগ বুঝতে পেরেছি। আমি যথাসাধ্য আপনাকে সাহায্য করার চেষ্টা করব। আপনার বর্ণনা করা লক্ষণগুলো বিভিন্ন কারণে হতে পারে এবং এর সঠিক কারণ নির্ণয়ের জন্য একটি বিস্তারিত পরীক্ষা প্রয়োজন। তাই আমি আপনাকে একজন বিশেষজ্ঞ ডাক্তারের সাথে সরাসরি পরামর্শ করার পরামর্শ দিচ্ছি। প্রয়োজনীয় পরীক্ষা-নিরীক্ষা করানো উচিত এবং রিপোর্ট অনুযায়ী চিকিৎসা শুরু করা যেতে পারে। এই সময়ে পর্যাপ্ত বিশ্রাম নিন, প্রচুর পানি পান করুন এবং স্বাস্থ্যকর খাবার খান। ডাক্তারের পরামর্শ ছাড়া কোনো ওষুধ সেবন করবেন না। যদি সমস্যা বাড়তে থাকে বা তীব্র হয়, তাহলে দেরি না করে দ্রুত ডাক্তারের শরণাপন্ন হন। আশা করি এই উত্তরটি আপনাকে সাহায্য করবে। আরও কোনো প্রশ্ন থাকলে নির্দ্বিধায় জিজ্ঞাসা করতে পারেন। ধন্যবাদ।"
19930,"হেলো, নাসেনিয়া ডকে আপনাকে স্বাগতম। আপনার অনুসন্ধানের জন্য ধন্যবাদ। আমি আপনার প্রশ্নটি দেখেছি এবং আপনার উদ্বেগ বুঝতে পেরেছি। আমি যথাসাধ্য আপনাকে সাহায্য করার চেষ্টা করব। আপনার বর্ণনা করা লক্ষণগুলো বিভিন্ন কারণে হতে পারে এবং এর সঠিক কারণ নির্ণয়ের জন্য একটি বিস্তারিত পরীক্ষা প্রয়োজন। তাই আমি আপনাকে একজন বিশেষজ্ঞ ডাক্তারের সাথে সরাসরি পরামর্শ করার পরামর্শ দিচ্ছি। প্রয়োজনীয় পরীক্ষা-নিরীক্ষা করানো উচিত এবং রিপোর্ট অনুযায়ী চিকিৎসা শুরু করা যেতে পারে। এই সময়ে পর্যাপ্ত বিশ্রাম নিন, প্রচুর পানি পান করুন এবং স্বাস্থ্যকর খাবার খান। ডাক্তারের পরামর্শ ছাড়া কোনো ওষুধ সেবন করবেন না। যদি সমস্যা বাড়তে থাকে বা তীব্র হয়, তাহলে দেরি না করে দ্রুত ডাক্তারের শরণাপন্ন হন। আশা করি এই উত্তরটি আপনাকে সাহায্য করবে। আরও কোনো প্রশ্ন থাকলে নির্দ্বিধায় জিজ্ঞাসা করতে পারেন। ধন্যবাদ।"
70073,"হেলো, নাসেনিয়া ডকে আপনাকে স্বাগতম। আপনার অনুসন্ধানের জন্য ধন্যবাদ। আমি আপনার প্রশ্নটি দেখেছি এবং আপনার উদ্বেগ বুঝতে পেরেছি। আমি যথাসাধ্য আপনাকে সাহায্য করার চেষ্টা করব। আপনার বর্ণনা করা লক্ষণগুলো বিভিন্ন কারণে হতে পারে এবং এর সঠিক কারণ নির্ণয়ের জন্য একটি বিস্তারিত পরীক্ষা প্রয়োজন। তাই আমি আপনাকে একজন বিশেষজ্ঞ ডাক্তারের সাথে সরাসরি পরামর্শ করার পরামর্শ দিচ্ছি। প্রয়োজনীয় পরীক্ষা-নিরীক্ষা করানো উচিত এবং রিপোর্ট অনুযায়ী চিকিৎসা শুরু করা যেতে পারে। এই সময়ে পর্যাপ্ত বিশ্রাম নিন, প্রচুর পানি পান করুন এবং স্বাস্থ্যকর খাবার খান। ডাক্তারের পরামর্শ ছাড়া কোনো ওষুধ সেবন করবেন না। যদি সমস্যা বাড়তে থাকে বা তীব্র হয়, তাহলে দেরি না করে দ্রুত ডাক্তারের শরণাপন্ন হন। আশা করি এই উত্তরটি আপনাকে সাহায্য করবে। আরও কোনো প্রশ্ন থাকলে নির্দ্বিধায় জিজ্ঞাসা করতে পারেন। ধন্যবাদ।"
64837,"হেলো, নাসেনিয়া ডকে আপনাকে স্বাগতম। আপনার অনুসন্ধানের জন্য ধন্যবাদ। আমি আপনার প্রশ্নটি দেখেছি এবং আপনার উদ্বেগ বুঝতে পেরেছি। আমি যথাসাধ্য আপনাকে সাহায্য করার চেষ্টা করব। আপনার বর্ণনা করা লক্ষণগুলো বিভিন্ন কারণে হতে পারে এবং এর সঠিক কারণ নির্ণয়ের জন্য একটি বিস্তারিত পরীক্ষা প্রয়োজন। তাই আমি আপনাকে একজন বিশেষজ্ঞ ডাক্তারের সাথে সরাসরি পরামর্শ করার পরামর্শ দিচ্ছি। প্রয়োজনীয় পরীক্ষা-নিরীক্ষা করানো উচিত এবং রিপোর্ট অনুযায়ী চিকিৎসা শুরু করা যেতে পারে। এই সময়ে পর্যাপ্ত বিশ্রাম নিন, প্রচুর পানি পান করুন এবং স্বাস্থ্যকর খাবার খান। ডাক্তারের পরামর্শ ছাড়া কোনো ওষুধ সেবন করবেন না। যদি সমস্যা বাড়তে থাকে বা তীব্র হয়, তাহলে দেরি না করে দ্রুত ডাক্তারের শরণাপন্ন হন। আশা করি এই উত্তরটি আপনাকে সাহায্য করবে। আরও কোনো প্রশ্ন থাকলে নির্দ্বিধায় জিজ্ঞাসা করতে পারেন। ধন্যবাদ।"
71887,"হেলো, নাসেনিয়া ডকে আপনাকে স্বাগতম। আপনার অনুসন্ধানের জন্য ধন্যবাদ। আমি আপনার প্রশ্নটি দেখেছি এবং আপনার উদ্বেগ বুঝতে পেরেছি। আমি যথাসাধ্য আপনাকে সাহায্য করার চেষ্টা করব। আপনার বর্ণনা করা লক্ষণগুলো বিভিন্ন কারণে হতে পারে এবং এর সঠিক কারণ নির্ণয়ের জন্য একটি বিস্তারিত পরীক্ষা প্রয়োজন। তাই আমি আপনাকে একজন বিশেষজ্ঞ ডাক্তারের সাথে সরাসরি পরামর্শ করার পরামর্শ দিচ্ছি। প্রয়োজনীয় পরীক্ষা-নিরীক্ষা করানো উচিত এবং রিপোর্ট অনুযায়ী চিকিৎসা শুরু করা যেতে পারে। এই সময়ে পর্যাপ্ত বিশ্রাম নিন, প্রচুর পানি পান করুন এবং স্বাস্থ্যকর খাবার খান। ডাক্তারের পরামর্শ ছাড়া কোনো ওষুধ সেবন করবেন না। যদি সমস্যা বাড়তে থাকে বা তীব্র হয়, তাহলে দেরি না করে দ্রুত ডাক্তারের শরণাপন্ন হন। আশা করি এই উত্তরটি আপনাকে সাহায্য করবে। আরও কোনো প্রশ্ন থাকলে নির্দ্বিধায় জিজ্ঞাসা করতে পারেন। ধন্যবাদ।"
49503,"হেলো, নাসেনিয়া ডকে আপনাকে স্বাগতম। আপনার অনুসন্ধানের জন্য ধন্যবাদ। আমি আপনার প্রশ্নটি দেখেছি এবং আপনার উদ্বেগ বুঝতে পেরেছি। আমি যথাসাধ্য আপনাকে সাহায্য করার চেষ্টা করব। আপনার বর্ণনা করা লক্ষণগুলো বিভিন্ন কারণে হতে পারে এবং এর সঠিক কারণ নির্ণয়ের জন্য একটি বিস্তারিত পরীক্ষা প্রয়োজন। তাই আমি আপনাকে একজন বিশেষজ্ঞ ডাক্তারের সাথে সরাসরি পরামর্শ করার পরামর্শ দিচ্ছি। প্রয়োজনীয় পরীক্ষা-নিরীক্ষা করানো উচিত এবং রিপোর্ট অনুযায়ী চিকিৎসা শুরু করা যেতে পারে। এই সময়ে পর্যাপ্ত বিশ্রাম নিন, প্রচুর পানি পান করুন এবং স্বাস্থ্যকর খাবার খান। ডাক্তারের পরামর্শ ছাড়া কোনো ওষুধ সেবন করবেন না। যদি সমস্যা বাড়তে থাকে বা তীব্র হয়, তাহলে দেরি না করে দ্রুত ডাক্তারের শরণাপন্ন হন। আশা করি এই উত্তরটি আপনাকে সাহায্য করবে। আরও কোনো প্রশ্ন থাকলে নির্দ্বিধায় জিজ্ঞাসা করতে পারেন। ধন্যবাদ।"
24131,"হেলো, নাসেনিয়া ডকে আপনাকে স্বাগতম। আপনার অনুসন্ধানের জন্য ধন্যবাদ। আমি আপনার প্রশ্নটি দেখেছি এবং আপনার উদ্বেগ বুঝতে পেরেছি। আমি যথাসাধ্য আপনাকে সাহায্য করার চেষ্টা করব। আপনার বর্ণনা করা লক্ষণগুলো বিভিন্ন কারণে হতে পারে এবং এর সঠিক কারণ নির্ণয়ের জন্য একটি বিস্তারিত পরীক্ষা প্রয়োজন। তাই আমি আপনাকে একজন বিশেষজ্ঞ ডাক্তারের সাথে সরাসরি পরামর্শ করার পরামর্শ দিচ্ছি। প্রয়োজনীয় পরীক্ষা-নিরীক্ষা করানো উচিত এবং রিপোর্ট অনুযায়ী চিকিৎসা শুরু করা যেতে পারে। এই সময়ে পর্যাপ্ত বিশ্রাম নিন, প্রচুর পানি পান করুন এবং স্বাস্থ্যকর খাবার খান। ডাক্তারের পরামর্শ ছাড়া কোনো ওষুধ সেবন করবেন না। যদি সমস্যা বাড়তে থাকে বা তীব্র হয়, তাহলে দেরি না করে দ্রুত ডাক্তারের শরণাপন্ন হন। আশা করি এই উত্তরটি আপনাকে সাহায্য করবে। আরও কোনো প্রশ্ন থাকলে নির্দ্বিধায় জিজ্ঞাসা করতে পারেন। ধন্যবাদ।"
94280,"হেলো, নাসেনিয়া ডকে আপনাকে স্বাগতম। আপনার অনুসন্ধানের জন্য ধন্যবাদ। আমি আপনার প্রশ্নটি দেখেছি এবং আপনার উদ্বেগ বুঝতে পেরেছি। আমি যথাসাধ্য আপনাকে সাহায্য করার চেষ্টা করব। আপনার বর্ণনা করা লক্ষণগুলো বিভিন্ন কারণে হতে পারে এবং এর সঠিক কারণ নির্ণয়ের জন্য একটি বিস্তারিত পরীক্ষা প্রয়োজন। তাই আমি আপনাকে একজন বিশেষজ্ঞ ডাক্তারের সাথে সরাসরি পরামর্শ করার পরামর্শ দিচ্ছি। প্রয়োজনীয় পরীক্ষা-নিরীক্ষা করানো উচিত এবং রিপোর্ট অনুযায়ী চিকিৎসা শুরু করা যেতে পারে। এই সময়ে পর্যাপ্ত বিশ্রাম নিন, প্রচুর পানি পান করুন এবং স্বাস্থ্যকর খাবার খান। ডাক্তারের পরামর্শ ছাড়া কোনো ওষুধ সেবন করবেন না। যদি সমস্যা বাড়তে থাকে বা তীব্র হয়, তাহলে দেরি না করে দ্রুত ডাক্তারের শরণাপন্ন হন। আশা করি এই উত্তরটি আপনাকে সাহায্য করবে। আরও কোনো প্রশ্ন থাকলে নির্দ্বিধায় জিজ্ঞাসা করতে পারেন। ধন্যবাদ।"
107375,"হেলো, নাসেনিয়া ডকে আপনাকে স্বাগতম। আপনার অনুসন্ধানের জন্য ধন্যবাদ। আমি আপনার প্রশ্নটি দেখেছি এবং আপনার উদ্বেগ বুঝতে পেরেছি। আমি যথাসাধ্য আপনাকে সাহায্য করার চেষ্টা করব। আপনার বর্ণনা করা লক্ষণগুলো বিভিন্ন কারণে হতে পারে এবং এর সঠিক কারণ নির্ণয়ের জন্য একটি বিস্তারিত পরীক্ষা প্রয়োজন। তাই আমি আপনাকে একজন বিশেষজ্ঞ ডাক্তারের সাথে সরাসরি পরামর্শ করার পরামর্শ দিচ্ছি। প্রয়োজনীয় পরীক্ষা-নিরীক্ষা করানো উচিত এবং রিপোর্ট অনুযায়ী চিকিৎসা শুরু করা যেতে পারে। এই সময়ে পর্যাপ্ত বিশ্রাম নিন, প্রচুর পানি পান করুন এবং স্বাস্থ্যকর খাবার খান। ডাক্তারের পরামর্শ ছাড়া কোনো ওষুধ সেবন করবেন না। যদি সমস্যা বাড়তে থাকে বা তীব্র হয়, তাহলে দেরি না করে দ্রুত ডাক্তারের শরণাপন্ন হন। আশা করি এই উত্তরটি আপনাকে সাহায্য করবে। আরও কোনো প্রশ্ন থাকলে নির্দ্বিধায় জিজ্ঞাসা করতে পারেন। ধন্যবাদ।"
13934,"হেলো, নাসেনিয়া ডকে আপনাকে স্বাগতম। আপনার অনুসন্ধানের জন্য ধন্যবাদ। আমি আপনার প্রশ্নটি দেখেছি এবং আপনার উদ্বেগ বুঝতে পেরেছি। আমি যথাসাধ্য আপনাকে সাহায্য করার চেষ্টা করব। আপনার বর্ণনা করা লক্ষণগুলো বিভিন্ন কারণে হতে পারে এবং এর সঠিক কারণ নির্ণয়ের জন্য একটি বিস্তারিত পরীক্ষা প্রয়োজন। তাই আমি আপনাকে একজন বিশেষজ্ঞ ডাক্তারের সাথে সরাসরি পরামর্শ করার পরামর্শ দিচ্ছি। প্রয়োজনীয় পরীক্ষা-নিরীক্ষা করানো উচিত এবং রিপোর্ট অনুযায়ী চিকিৎসা শুরু করা যেতে পারে। এই সময়ে পর্যাপ্ত বিশ্রাম নিন, প্রচুর পানি পান করুন এবং স্বাস্থ্যকর খাবার খান। ডাক্তারের পরামর্শ ছাড়া কোনো ওষুধ সেবন করবেন না। যদি সমস্যা বাড়তে থাকে বা তীব্র হয়, তাহলে দেরি না করে দ্রুত ডাক্তারের শরণাপন্ন হন। আশা করি এই উত্তরটি আপনাকে সাহায্য করবে। আরও কোনো প্রশ্ন থাকলে নির্দ্বিধায় জিজ্ঞাসা করতে পারেন। ধন্যবাদ।"
72544,"হেলো, নাসেনিয়া ডকে আপনাকে স্বাগতম। আপনার অনুসন্ধানের জন্য ধন্যবাদ। আমি আপনার প্রশ্নটি দেখেছি এবং আপনার উদ্বেগ বুঝতে পেরেছি। আমি যথাসাধ্য আপনাকে সাহায্য করার চেষ্টা করব। আপনার বর্ণনা করা লক্ষণগুলো বিভিন্ন কারণে হতে পারে এবং এর সঠিক কারণ নির্ণয়ের জন্য একটি বিস্তারিত পরীক্ষা প্রয়োজন। তাই আমি আপনাকে একজন বিশেষজ্ঞ ডাক্তারের সাথে সরাসরি পরামর্শ করার পরামর্শ দিচ্ছি। প্রয়োজনীয় পরীক্ষা-নিরীক্ষা করানো উচিত এবং রিপোর্ট অনুযায়ী চিকিৎসা শুরু করা যেতে পারে। এই সময়ে পর্যাপ্ত বিশ্রাম নিন, প্রচুর পানি পান করুন এবং স্বাস্থ্যকর খাবার খান। ডাক্তারের পরামর্শ ছাড়া কোনো ওষুধ সেবন করবেন না। যদি সমস্যা বাড়তে থাকে বা তীব্র হয়, তাহলে দেরি না করে দ্রুত ডাক্তারের শরণাপন্ন হন। আশা করি এই উত্তরটি আপনাকে সাহায্য করবে। আরও কোনো প্রশ্ন থাকলে নির্দ্বিধায় জিজ্ঞাসা করতে পারেন। ধন্যবাদ।"
68950,"হেলো, নাসেনিয়া ডকে আপনাকে স্বাগতম। আপনার অনুসন্ধানের জন্য ধন্যবাদ। আমি আপনার প্রশ্নটি দেখেছি এবং আপনার উদ্বেগ বুঝতে পেরেছি। আমি যথাসাধ্য আপনাকে সাহায্য করার চেষ্টা করব। আপনার বর্ণনা করা লক্ষণগুলো বিভিন্ন কারণে হতে পারে এবং এর সঠিক কারণ নির্ণয়ের জন্য একটি বিস্তারিত পরীক্ষা প্রয়োজন। তাই আমি আপনাকে একজন বিশেষজ্ঞ ডাক্তারের সাথে সরাসরি পরামর্শ করার পরামর্শ দিচ্ছি। প্রয়োজনীয় পরীক্ষা-নিরীক্ষা করানো উচিত এবং রিপোর্ট অনুযায়ী চিকিৎসা শুরু করা যেতে পারে। এই সময়ে পর্যাপ্ত বিশ্রাম নিন, প্রচুর পানি পান করুন এবং স্বাস্থ্যকর খাবার খান। ডাক্তারের পরামর্শ ছাড়া কোনো ওষুধ সেবন করবেন না। যদি সমস্যা বাড়তে থাকে বা তীব্র হয়, তাহলে দেরি না করে দ্রুত ডাক্তারের শরণাপন্ন হন। আশা করি এই উত্তরটি আপনাকে সাহায্য করবে। আরও কোনো প্রশ্ন থাকলে নির্দ্বিধায় জিজ্ঞাসা করতে পারেন। ধন্যবাদ।"
59028,"হেলো, নাসেনিয়া ডকে আপনাকে স্বাগতম। আপনার অনুসন্ধানের জন্য ধন্যবাদ। আমি আপনার প্রশ্নটি দেখেছি এবং আপনার উদ্বেগ বুঝতে পেরেছি। আমি যথাসাধ্য আপনাকে সাহায্য করার চেষ্টা করব। আপনার বর্ণনা করা লক্ষণগুলো বিভিন্ন কারণে হতে পারে এবং এর সঠিক কারণ নির্ণয়ের জন্য একটি বিস্তারিত পরীক্ষা প্রয়োজন। তাই আমি আপনাকে একজন বিশেষজ্ঞ ডাক্তারের সাথে সরাসরি পরামর্শ করার পরামর্শ দিচ্ছি। প্রয়োজনীয় পরীক্ষা-নিরীক্ষা করানো উচিত এবং রিপোর্ট অনুযায়ী চিকিৎসা শুরু করা যেতে পারে। এই সময়ে পর্যাপ্ত বিশ্রাম নিন, প্রচুর পানি পান করুন এবং স্বাস্থ্যকর খাবার খান। ডাক্তারের পরামর্শ ছাড়া কোনো ওষুধ সেবন করবেন না। যদি সমস্যা বাড়তে থাকে বা তীব্র হয়, তাহলে দেরি না করে দ্রুত ডাক্তারের শরণাপন্ন হন। আশা করি এই উত্তরটি আপনাকে সাহায্য করবে। আরও কোনো প্রশ্ন থাকলে নির্দ্বিধায় জিজ্ঞাসা করতে পারেন। ধন্যবাদ।"
88091,"হেলো, নাসেনিয়া ডকে আপনাকে স্বাগতম। আপনার অনুসন্ধানের জন্য ধন্যবাদ। আমি আপনার প্রশ্নটি দেখেছি এবং আপনার উদ্বেগ বুঝতে পেরেছি। আমি যথাসাধ্য আপনাকে সাহায্য করার চেষ্টা করব। আপনার বর্ণনা করা লক্ষণগুলো বিভিন্ন কারণে হতে পারে এবং এর সঠিক কারণ নির্ণয়ের জন্য একটি বিস্তারিত পরীক্ষা প্রয়োজন। তাই আমি আপনাকে একজন বিশেষজ্ঞ ডাক্তারের সাথে সরাসরি পরামর্শ করার পরামর্শ দিচ্ছি। প্রয়োজনীয় পরীক্ষা-নিরীক্ষা করানো উচিত এবং রিপোর্ট অনুযায়ী চিকিৎসা শুরু করা যেতে পারে। এই সময়ে পর্যাপ্ত বিশ্রাম নিন, প্রচুর পানি পান করুন এবং স্বাস্থ্যকর খাবার খান। ডাক্তারের পরামর্শ ছাড়া কোনো ওষুধ সেবন করবেন না। যদি সমস্যা বাড়তে থাকে বা তীব্র হয়, তাহলে দেরি না করে দ্রুত ডাক্তারের শরণাপন্ন হন। আশা করি এই উত্তরটি আপনাকে সাহায্য করবে। আরও কোনো প্রশ্ন থাকলে নির্দ্বিধায় জিজ্ঞাসা করতে পারেন। ধন্যবাদ।"
28142,"হেলো, নাসেনিয়া ডকে আপনাকে স্বাগতম। আপনার অনুসন্ধানের জন্য ধন্যবাদ। আমি আপনার প্রশ্নটি দেখেছি এবং আপনার উদ্বেগ বুঝতে পেরেছি। আমি যথাসাধ্য আপনাকে সাহায্য করার চেষ্টা করব। আপনার বর্ণনা করা লক্ষণগুলো বিভিন্ন কারণে হতে পারে এবং এর সঠিক কারণ নির্ণয়ের জন্য একটি বিস্তারিত পরীক্ষা প্রয়োজন। তাই আমি আপনাকে একজন বিশেষজ্ঞ ডাক্তারের সাথে সরাসরি পরামর্শ করার পরামর্শ দিচ্ছি। প্রয়োজনীয় পরীক্ষা-নিরীক্ষা করানো উচিত এবং রিপোর্ট অনুযায়ী চিকিৎসা শুরু করা যেতে পারে। এই সময়ে পর্যাপ্ত বিশ্রাম নিন, প্রচুর পানি পান করুন এবং স্বাস্থ্যকর খাবার খান। ডাক্তারের পরামর্শ ছাড়া কোনো ওষুধ সেবন করবেন না। যদি সমস্যা বাড়তে থাকে বা তীব্র হয়, তাহলে দেরি না করে দ্রুত ডাক্তারের শরণাপন্ন হন। আশা করি এই উত্তরটি আপনাকে সাহায্য করবে। আরও কোনো প্রশ্ন থাকলে নির্দ্বিধায় জিজ্ঞাসা করতে পারেন। ধন্যবাদ।"
40830,"হেলো, নাসেনিয়া ডকে আপনাকে স্বাগতম। আপনার অনুসন্ধানের জন্য ধন্যবাদ। আমি আপনার প্রশ্নটি দেখেছি এবং আপনার উদ্বেগ বুঝতে পেরেছি। আমি যথাসাধ্য আপনাকে সাহায্য করার চেষ্টা করব। আপনার বর্ণনা করা লক্ষণগুলো বিভিন্ন কারণে হতে পারে এবং এর সঠিক কারণ নির্ণয়ের জন্য একটি বিস্তারিত পরীক্ষা প্রয়োজন। তাই আমি আপনাকে একজন বিশেষজ্ঞ ডাক্তারের সাথে সরাসরি পরামর্শ করার পরামর্শ দিচ্ছি। প্রয়োজনীয় পরীক্ষা-নিরীক্ষা করানো উচিত এবং রিপোর্ট অনুযায়ী চিকিৎসা শুরু করা যেতে পারে। এই সময়ে পর্যাপ্ত বিশ্রাম নিন, প্রচুর পানি পান করুন এবং স্বাস্থ্যকর খাবার খান। ডাক্তারের পরামর্শ ছাড়া কোনো ওষুধ সেবন করবেন না। যদি সমস্যা বাড়তে থাকে বা তীব্র হয়, তাহলে দেরি না করে দ্রুত ডাক্তারের শরণাপন্ন হন। আশা করি এই উত্তরটি আপনাকে সাহায্য করবে। আরও কোনো প্রশ্ন থাকলে নির্দ্বিধায় জিজ্ঞাসা করতে পারেন। ধন্যবাদ।"
42192,"হেলো, নাসেনিয়া ডকে আপনাকে স্বাগতম। আপনার অনুসন্ধানের জন্য ধন্যবাদ। আমি আপনার প্রশ্নটি দেখেছি এবং আপনার উদ্বেগ বুঝতে পেরেছি। আমি যথাসাধ্য আপনাকে সাহায্য করার চেষ্টা করব। আপনার বর্ণনা করা লক্ষণগুলো বিভিন্ন কারণে হতে পারে এবং এর সঠিক কারণ নির্ণয়ের জন্য একটি বিস্তারিত পরীক্ষা প্রয়োজন। তাই আমি আপনাকে একজন বিশেষজ্ঞ ডাক্তারের সাথে সরাসরি পরামর্শ করার পরামর্শ দিচ্ছি। প্রয়োজনীয় পরীক্ষা-নিরীক্ষা করানো উচিত এবং রিপোর্ট অনুযায়ী চিকিৎসা শুরু করা যেতে পারে। এই সময়ে পর্যাপ্ত বিশ্রাম নিন, প্রচুর পানি পান করুন এবং স্বাস্থ্যকর খাবার খান। ডাক্তারের পরামর্শ ছাড়া কোনো ওষুধ সেবন করবেন না। যদি সমস্যা বাড়তে থাকে বা তীব্র হয়, তাহলে দেরি না করে দ্রুত ডাক্তারের শরণাপন্ন হন। আশা করি এই উত্তরটি আপনাকে সাহায্য করবে। আরও কোনো প্রশ্ন থাকলে নির্দ্বিধায় জিজ্ঞাসা করতে পারেন। ধন্যবাদ।"
41823,"হেলো, নাসেনিয়া ডকে আপনাকে স্বাগতম। আপনার অনুসন্ধানের জন্য ধন্যবাদ। আমি আপনার প্রশ্নটি দেখেছি এবং আপনার উদ্বেগ বুঝতে পেরেছি। আমি যথাসাধ্য আপনাকে সাহায্য করার চেষ্টা করব। আপনার বর্ণনা করা লক্ষণগুলো বিভিন্ন কারণে হতে পারে এবং এর সঠিক কারণ নির্ণয়ের জন্য একটি বিস্তারিত পরীক্ষা প্রয়োজন। তাই আমি আপনাকে একজন বিশেষজ্ঞ ডাক্তারের সাথে সরাসরি পরামর্শ করার পরামর্শ দিচ্ছি। প্রয়োজনীয় পরীক্ষা-নিরীক্ষা করানো উচিত এবং রিপোর্ট অনুযায়ী চিকিৎসা শুরু করা যেতে পারে। এই সময়ে পর্যাপ্ত বিশ্রাম নিন, প্রচুর পানি পান করুন এবং স্বাস্থ্যকর খাবার খান। ডাক্তারের পরামর্শ ছাড়া কোনো ওষুধ সেবন করবেন না। যদি সমস্যা বাড়তে থাকে বা তীব্র হয়, তাহলে দেরি না করে দ্রুত ডাক্তারের শরণাপন্ন হন। আশা করি এই উত্তরটি আপনাকে সাহায্য করবে। আরও কোনো প্রশ্ন থাকলে নির্দ্বিধায় জিজ্ঞাসা করতে পারেন। ধন্যবাদ।"
53136,"হেলো, নাসেনিয়া ডকে আপনাকে স্বাগতম। আপনার অনুসন্ধানের জন্য ধন্যবাদ। আমি আপনার প্রশ্নটি দেখেছি এবং আপনার উদ্বেগ বুঝতে পেরেছি। আমি যথাসাধ্য আপনাকে সাহায্য করার চেষ্টা করব। আপনার বর্ণনা করা লক্ষণগুলো বিভিন্ন কারণে হতে পারে এবং এর সঠিক কারণ নির্ণয়ের জন্য একটি বিস্তারিত পরীক্ষা প্রয়োজন। তাই আমি আপনাকে একজন বিশেষজ্ঞ ডাক্তারের সাথে সরাসরি পরামর্শ করার পরামর্শ দিচ্ছি। প্রয়োজনীয় পরীক্ষা-নিরীক্ষা করানো উচিত এবং রিপোর্ট অনুযায়ী চিকিৎসা শুরু করা যেতে পারে। এই সময়ে পর্যাপ্ত বিশ্রাম নিন, প্রচুর পানি পান করুন এবং স্বাস্থ্যকর খাবার খান। ডাক্তারের পরামর্শ ছাড়া কোনো ওষুধ সেবন করবেন না। যদি সমস্যা বাড়তে থাকে বা তীব্র হয়, তাহলে দেরি না করে দ্রুত ডাক্তারের শরণাপন্ন হন। আশা করি এই উত্তরটি আপনাকে সাহায্য করবে। আরও কোনো প্রশ্ন থাকলে নির্দ্বিধায় জিজ্ঞাসা করতে পারেন। ধন্যবাদ।"
9555,"হেলো, নাসেনিয়া ডকে আপনাকে স্বাগতম। আপনার অনুসন্ধানের জন্য ধন্যবাদ। আমি আপনার প্রশ্নটি দেখেছি এবং আপনার উদ্বেগ বুঝতে পেরেছি। আমি যথাসাধ্য আপনাকে সাহায্য করার চেষ্টা করব। আপনার বর্ণনা করা লক্ষণগুলো বিভিন্ন কারণে হতে পারে এবং এর সঠিক কারণ নির্ণয়ের জন্য একটি বিস্তারিত পরীক্ষা প্রয়োজন। তাই আমি আপনাকে একজন বিশেষজ্ঞ ডাক্তারের সাথে সরাসরি পরামর্শ করার পরামর্শ দিচ্ছি। প্রয়োজনীয় পরীক্ষা-নিরীক্ষা করানো উচিত এবং রিপোর্ট অনুযায়ী চিকিৎসা শুরু করা যেতে পারে। এই সময়ে পর্যাপ্ত বিশ্রাম নিন, প্রচুর পানি পান করুন এবং স্বাস্থ্যকর খাবার খান। ডাক্তারের পরামর্শ ছাড়া কোনো ওষুধ সেবন করবেন না। যদি সমস্যা বাড়তে থাকে বা তীব্র হয়, তাহলে দেরি না করে দ্রুত ডাক্তারের শরণাপন্ন হন। আশা করি এই উত্তরটি আপনাকে সাহায্য করবে। আরও কোনো প্রশ্ন থাকলে নির্দ্বিধায় জিজ্ঞাসা করতে পারেন। ধন্যবাদ।"
107101,"হেলো, নাসেনিয়া ডকে আপনাকে স্বাগতম। আপনার অনুসন্ধানের জন্য ধন্যবাদ। আমি আপনার প্রশ্নটি দেখেছি এবং আপনার উদ্বেগ বুঝতে পেরেছি। আমি যথাসাধ্য আপনাকে সাহায্য করার চেষ্টা করব। আপনার বর্ণনা করা লক্ষণগুলো বিভিন্ন কারণে হতে পারে এবং এর সঠিক কারণ নির্ণয়ের জন্য একটি বিস্তারিত পরীক্ষা প্রয়োজন। তাই আমি আপনাকে একজন বিশেষজ্ঞ ডাক্তারের সাথে সরাসরি পরামর্শ করার পরামর্শ দিচ্ছি। প্রয়োজনীয় পরীক্ষা-নিরীক্ষা করানো উচিত এবং রিপোর্ট অনুযায়ী চিকিৎসা শুরু করা যেতে পারে। এই সময়ে পর্যাপ্ত বিশ্রাম নিন, প্রচুর পানি পান করুন এবং স্বাস্থ্যকর খাবার খান। ডাক্তারের পরামর্শ ছাড়া কোনো ওষুধ সেবন করবেন না। যদি সমস্যা বাড়তে থাকে বা তীব্র হয়, তাহলে দেরি না করে দ্রুত ডাক্তারের শরণাপন্ন হন। আশা করি এই উত্তরটি আপনাকে সাহায্য করবে। আরও কোনো প্রশ্ন থাকলে নির্দ্বিধায় জিজ্ঞাসা করতে পারেন। ধন্যবাদ।"
79128,"হেলো, নাসেনিয়া ডকে আপনাকে স্বাগতম। আপনার অনুসন্ধানের জন্য ধন্যবাদ। আমি আপনার প্রশ্নটি দেখেছি এবং আপনার উদ্বেগ বুঝতে পেরেছি। আমি যথাসাধ্য আপনাকে সাহায্য করার চেষ্টা করব। আপনার বর্ণনা করা লক্ষণগুলো বিভিন্ন কারণে হতে পারে এবং এর সঠিক কারণ নির্ণয়ের জন্য একটি বিস্তারিত পরীক্ষা প্রয়োজন। তাই আমি আপনাকে একজন বিশেষজ্ঞ ডাক্তারের সাথে সরাসরি পরামর্শ করার পরামর্শ দিচ্ছি। প্রয়োজনীয় পরীক্ষা-নিরীক্ষা করানো উচিত এবং রিপোর্ট অনুযায়ী চিকিৎসা শুরু করা যেতে পারে। এই সময়ে পর্যাপ্ত বিশ্রাম নিন, প্রচুর পানি পান করুন এবং স্বাস্থ্যকর খাবার খান। ডাক্তারের পরামর্শ ছাড়া কোনো ওষুধ সেবন করবেন না। যদি সমস্যা বাড়তে থাকে বা তীব্র হয়, তাহলে দেরি না করে দ্রুত ডাক্তারের শরণাপন্ন হন। আশা করি এই উত্তরটি আপনাকে সাহায্য করবে। আরও কোনো প্রশ্ন থাকলে নির্দ্বিধায় জিজ্ঞাসা করতে পারেন। ধন্যবাদ।"
18927,"হেলো, নাসেনিয়া ডকে আপনাকে স্বাগতম। আপনার অনুসন্ধানের জন্য ধন্যবাদ। আমি আপনার প্রশ্নটি দেখেছি এবং আপনার উদ্বেগ বুঝতে পেরেছি। আমি যথাসাধ্য আপনাকে সাহায্য করার চেষ্টা করব। আপনার বর্ণনা করা লক্ষণগুলো বিভিন্ন কারণে হতে পারে এবং এর সঠিক কারণ নির্ণয়ের জন্য একটি বিস্তারিত পরীক্ষা প্রয়োজন। তাই আমি আপনাকে একজন বিশেষজ্ঞ ডাক্তারের সাথে সরাসরি পরামর্শ করার পরামর্শ দিচ্ছি। প্রয়োজনীয় পরীক্ষা-নিরীক্ষা করানো উচিত এবং রিপোর্ট অনুযায়ী চিকিৎসা শুরু করা যেতে পারে। এই সময়ে পর্যাপ্ত বিশ্রাম নিন, প্রচুর পানি পান করুন এবং স্বাস্থ্যকর খাবার খান। ডাক্তারের পরামর্শ ছাড়া কোনো ওষুধ সেবন করবেন না। যদি সমস্যা বাড়তে থাকে বা তীব্র হয়, তাহলে দেরি না করে দ্রুত ডাক্তারের শরণাপন্ন হন। আশা করি এই উত্তরটি আপনাকে সাহায্য করবে। আরও কোনো প্রশ্ন থাকলে নির্দ্বিধায় জিজ্ঞাসা করতে পারেন। ধন্যবাদ।"
343,"হেলো, নাসেনিয়া ডকে আপনাকে স্বাগতম। আপনার অনুসন্ধানের জন্য ধন্যবাদ। আমি আপনার প্রশ্নটি দেখেছি এবং আপনার উদ্বেগ বুঝতে পেরেছি। আমি যথাসাধ্য আপনাকে সাহায্য করার চেষ্টা করব। আপনার বর্ণনা করা লক্ষণগুলো বিভিন্ন কারণে হতে পারে এবং এর সঠিক কারণ নির্ণয়ের জন্য একটি বিস্তারিত পরীক্ষা প্রয়োজন। তাই আমি আপনাকে একজন বিশেষজ্ঞ ডাক্তারের সাথে সরাসরি পরামর্শ করার পরামর্শ দিচ্ছি। প্রয়োজনীয় পরীক্ষা-নিরীক্ষা করানো উচিত এবং রিপোর্ট অনুযায়ী চিকিৎসা শুরু করা যেতে পারে। এই সময়ে পর্যাপ্ত বিশ্রাম নিন, প্রচুর পানি পান করুন এবং স্বাস্থ্যকর খাবার খান। ডাক্তারের পরামর্শ ছাড়া কোনো ওষুধ সেবন করবেন না। যদি সমস্যা বাড়তে থাকে বা তীব্র হয়, তাহলে দেরি না করে দ্রুত ডাক্তারের শরণাপন্ন হন। আশা করি এই উত্তরটি আপনাকে সাহায্য করবে। আরও কোনো প্রশ্ন থাকলে নির্দ্বিধায় জিজ্ঞাসা করতে পারেন। ধন্যবাদ।"
34874,"হেলো, নাসেনিয়া ডকে আপনাকে স্বাগতম। আপনার অনুসন্ধানের জন্য ধন্যবাদ। আমি আপনার প্রশ্নটি দেখেছি এবং আপনার উদ্বেগ বুঝতে পেরেছি। আমি যথাসাধ্য আপনাকে সাহায্য করার চেষ্টা করব। আপনার বর্ণনা করা লক্ষণগুলো বিভিন্ন কারণে হতে পারে এবং এর সঠিক কারণ নির্ণয়ের জন্য একটি বিস্তারিত পরীক্ষা প্রয়োজন। তাই আমি আপনাকে একজন বিশেষজ্ঞ ডাক্তারের সাথে সরাসরি পরামর্শ করার পরামর্শ দিচ্ছি। প্রয়োজনীয় পরীক্ষা-নিরীক্ষা করানো উচিত এবং রিপোর্ট অনুযায়ী চিকিৎসা শুরু করা যেতে পারে। এই সময়ে পর্যাপ্ত বিশ্রাম নিন, প্রচুর পানি পান করুন এবং স্বাস্থ্যকর খাবার খান। ডাক্তারের পরামর্শ ছাড়া কোনো ওষুধ সেবন করবেন না। যদি সমস্যা বাড়তে থাকে বা তীব্র হয়, তাহলে দেরি না করে দ্রুত ডাক্তারের শরণাপন্ন হন। আশা করি এই উত্তরটি আপনাকে সাহায্য করবে। আরও কোনো প্রশ্ন থাকলে নির্দ্বিধায় জিজ্ঞাসা করতে পারেন। ধন্যবাদ।"
51361,"হেলো, নাসেনিয়া ডকে আপনাকে স্বাগতম। আপনার অনুসন্ধানের জন্য ধন্যবাদ। আমি আপনার প্রশ্নটি দেখেছি এবং আপনার উদ্বেগ বুঝতে পেরেছি। আমি যথাসাধ্য আপনাকে সাহায্য করার চেষ্টা করব। আপনার বর্ণনা করা লক্ষণগুলো বিভিন্ন কারণে হতে পারে এবং এর সঠিক কারণ নির্ণয়ের জন্য একটি বিস্তারিত পরীক্ষা প্রয়োজন। তাই আমি আপনাকে একজন বিশেষজ্ঞ ডাক্তারের সাথে সরাসরি পরামর্শ করার পরামর্শ দিচ্ছি। প্রয়োজনীয় পরীক্ষা-নিরীক্ষা করানো উচিত এবং রিপোর্ট অনুযায়ী চিকিৎসা শুরু করা যেতে পারে। এই সময়ে পর্যাপ্ত বিশ্রাম নিন, প্রচুর পানি পান করুন এবং স্বাস্থ্যকর খাবার খান। ডাক্তারের পরামর্শ ছাড়া কোনো ওষুধ সেবন করবেন না। যদি সমস্যা বাড়তে থাকে বা তীব্র হয়, তাহলে দেরি না করে দ্রুত ডাক্তারের শরণাপন্ন হন। আশা করি এই উত্তরটি আপনাকে সাহায্য করবে। আরও কোনো প্রশ্ন থাকলে নির্দ্বিধায় জিজ্ঞাসা করতে পারেন। ধন্যবাদ।"
83545,"হেলো, নাসেনিয়া ডকে আপনাকে স্বাগতম। আপনার অনুসন্ধানের জন্য ধন্যবাদ। আমি আপনার প্রশ্নটি দেখেছি এবং আপনার উদ্বেগ বুঝতে পেরেছি। আমি যথাসাধ্য আপনাকে সাহায্য করার চেষ্টা করব। আপনার বর্ণনা করা লক্ষণগুলো বিভিন্ন কারণে হতে পারে এবং এর সঠিক কারণ নির্ণয়ের জন্য একটি বিস্তারিত পরীক্ষা প্রয়োজন। তাই আমি আপনাকে একজন বিশেষজ্ঞ ডাক্তারের সাথে সরাসরি পরামর্শ করার পরামর্শ দিচ্ছি। প্রয়োজনীয় পরীক্ষা-নিরীক্ষা করানো উচিত এবং রিপোর্ট অনুযায়ী চিকিৎসা শুরু করা যেতে পারে। এই সময়ে পর্যাপ্ত বিশ্রাম নিন, প্রচুর পানি পান করুন এবং স্বাস্থ্যকর খাবার খান। ডাক্তারের পরামর্শ ছাড়া কোনো ওষুধ সেবন করবেন না। যদি সমস্যা বাড়তে থাকে বা তীব্র হয়, তাহলে দেরি না করে দ্রুত ডাক্তারের শরণাপন্ন হন। আশা করি এই উত্তরটি আপনাকে সাহায্য করবে। আরও কোনো প্রশ্ন থাকলে নির্দ্বিধায় জিজ্ঞাসা করতে পারেন। ধন্যবাদ।"
66163,"হেলো, নাসেনিয়া ডকে আপনাকে স্বাগতম। আপনার অনুসন্ধানের জন্য ধন্যবাদ। আমি আপনার প্রশ্নটি দেখেছি এবং আপনার উদ্বেগ বুঝতে পেরেছি। আমি যথাসাধ্য আপনাকে সাহায্য করার চেষ্টা করব। আপনার বর্ণনা করা লক্ষণগুলো বিভিন্ন কারণে হতে পারে এবং এর সঠিক কারণ নির্ণয়ের জন্য একটি বিস্তারিত পরীক্ষা প্রয়োজন। তাই আমি আপনাকে একজন বিশেষজ্ঞ ডাক্তারের সাথে সরাসরি পরামর্শ করার পরামর্শ দিচ্ছি। প্রয়োজনীয় পরীক্ষা-নিরীক্ষা করানো উচিত এবং রিপোর্ট অনুযায়ী চিকিৎসা শুরু করা যেতে পারে। এই সময়ে পর্যাপ্ত বিশ্রাম নিন, প্রচুর পানি পান করুন এবং স্বাস্থ্যকর খাবার খান। ডাক্তারের পরামর্শ ছাড়া কোনো ওষুধ সেবন করবেন না। যদি সমস্যা বাড়তে থাকে বা তীব্র হয়, তাহলে দেরি না করে দ্রুত ডাক্তারের শরণাপন্ন হন। আশা করি এই উত্তরটি আপনাকে সাহায্য করবে। আরও কোনো প্রশ্ন থাকলে নির্দ্বিধায় জিজ্ঞাসা করতে পারেন। ধন্যবাদ।"
98537,"হেলো, নাসেনিয়া ডকে আপনাকে স্বাগতম। আপনার অনুসন্ধানের জন্য ধন্যবাদ। আমি আপনার প্রশ্নটি দেখেছি এবং আপনার উদ্বেগ বুঝতে পেরেছি। আমি যথাসাধ্য আপনাকে সাহায্য করার চেষ্টা করব। আপনার বর্ণনা করা লক্ষণগুলো বিভিন্ন কারণে হতে পারে এবং এর সঠিক কারণ নির্ণয়ের জন্য একটি বিস্তারিত পরীক্ষা প্রয়োজন। তাই আমি আপনাকে একজন বিশেষজ্ঞ ডাক্তারের সাথে সরাসরি পরামর্শ করার পরামর্শ দিচ্ছি। প্রয়োজনীয় পরীক্ষা-নিরীক্ষা করানো উচিত এবং রিপোর্ট অনুযায়ী চিকিৎসা শুরু করা যেতে পারে। এই সময়ে পর্যাপ্ত বিশ্রাম নিন, প্রচুর পানি পান করুন এবং স্বাস্থ্যকর খাবার খান। ডাক্তারের পরামর্শ ছাড়া কোনো ওষুধ সেবন করবেন না। যদি সমস্যা বাড়তে থাকে বা তীব্র হয়, তাহলে দেরি না করে দ্রুত ডাক্তারের শরণাপন্ন হন। আশা করি এই উত্তরটি আপনাকে সাহায্য করবে। আরও কোনো প্রশ্ন থাকলে নির্দ্বিধায় জিজ্ঞাসা করতে পারেন। ধন্যবাদ।"
9553,"হেলো, নাসেনিয়া ডকে আপনাকে স্বাগতম। আপনার অনুসন্ধানের জন্য ধন্যবাদ। আমি আপনার প্রশ্নটি দেখেছি এবং আপনার উদ্বেগ বুঝতে পেরেছি। আমি যথাসাধ্য আপনাকে সাহায্য করার চেষ্টা করব। আপনার বর্ণনা করা লক্ষণগুলো বিভিন্ন কারণে হতে পারে এবং এর সঠিক কারণ নির্ণয়ের জন্য একটি বিস্তারিত পরীক্ষা প্রয়োজন। তাই আমি আপনাকে একজন বিশেষজ্ঞ ডাক্তারের সাথে সরাসরি পরামর্শ করার পরামর্শ দিচ্ছি। প্রয়োজনীয় পরীক্ষা-নিরীক্ষা করানো উচিত এবং রিপোর্ট অনুযায়ী চিকিৎসা শুরু করা যেতে পারে। এই সময়ে পর্যাপ্ত বিশ্রাম নিন, প্রচুর পানি পান করুন এবং স্বাস্থ্যকর খাবার খান। ডাক্তারের পরামর্শ ছাড়া কোনো ওষুধ সেবন করবেন না। যদি সমস্যা বাড়তে থাকে বা তীব্র হয়, তাহলে দেরি না করে দ্রুত ডাক্তারের শরণাপন্ন হন। আশা করি এই উত্তরটি আপনাকে সাহায্য করবে। আরও কোনো প্রশ্ন থাকলে নির্দ্বিধায় জিজ্ঞাসা করতে পারেন। ধন্যবাদ।"
83347,"হেলো, নাসেনিয়া ডকে আপনাকে স্বাগতম। আপনার অনুসন্ধানের জন্য ধন্যবাদ। আমি আপনার প্রশ্নটি দেখেছি এবং আপনার উদ্বেগ বুঝতে পেরেছি। আমি যথাসাধ্য আপনাকে সাহায্য করার চেষ্টা করব। আপনার বর্ণনা করা লক্ষণগুলো বিভিন্ন কারণে হতে পারে এবং এর সঠিক কারণ নির্ণয়ের জন্য একটি বিস্তারিত পরীক্ষা প্রয়োজন। তাই আমি আপনাকে একজন বিশেষজ্ঞ ডাক্তারের সাথে সরাসরি পরামর্শ করার পরামর্শ দিচ্ছি। প্রয়োজনীয় পরীক্ষা-নিরীক্ষা করানো উচিত এবং রিপোর্ট অনুযায়ী চিকিৎসা শুরু করা যেতে পারে। এই সময়ে পর্যাপ্ত বিশ্রাম নিন, প্রচুর পানি পান করুন এবং স্বাস্থ্যকর খাবার খান। ডাক্তারের পরামর্শ ছাড়া কোনো ওষুধ সেবন করবেন না। যদি সমস্যা বাড়তে থাকে বা তীব্র হয়, তাহলে দেরি না করে দ্রুত ডাক্তারের শরণাপন্ন হন। আশা করি এই উত্তরটি আপনাকে সাহায্য করবে। আরও কোনো প্রশ্ন থাকলে নির্দ্বিধায় জিজ্ঞাসা করতে পারেন। ধন্যবাদ।"
102029,"হেলো, নাসেনিয়া ডকে আপনাকে স্বাগতম। আপনার অনুসন্ধানের জন্য ধন্যবাদ। আমি আপনার প্রশ্নটি দেখেছি এবং আপনার উদ্বেগ বুঝতে পেরেছি। আমি যথাসাধ্য আপনাকে সাহায্য করার চেষ্টা করব। আপনার বর্ণনা করা লক্ষণগুলো বিভিন্ন কারণে হতে পারে এবং এর সঠিক কারণ নির্ণয়ের জন্য একটি বিস্তারিত পরীক্ষা প্রয়োজন। তাই আমি আপনাকে একজন বিশেষজ্ঞ ডাক্তারের সাথে সরাসরি পরামর্শ করার পরামর্শ দিচ্ছি। প্রয়োজনীয় পরীক্ষা-নিরীক্ষা করানো উচিত এবং রিপোর্ট অনুযায়ী চিকিৎসা শুরু করা যেতে পারে। এই সময়ে পর্যাপ্ত বিশ্রাম নিন, প্রচুর পানি পান করুন এবং স্বাস্থ্যকর খাবার খান। ডাক্তারের পরামর্শ ছাড়া কোনো ওষুধ সেবন করবেন না। যদি সমস্যা বাড়তে থাকে বা তীব্র হয়, তাহলে দেরি না করে দ্রুত ডাক্তারের শরণাপন্ন হন। আশা করি এই উত্তরটি আপনাকে সাহায্য করবে। আরও কোনো প্রশ্ন থাকলে নির্দ্বিধায় জিজ্ঞাসা করতে পারেন। ধন্যবাদ।"
39420,"হেলো, নাসেনিয়া ডকে আপনাকে স্বাগতম। আপনার অনুসন্ধানের জন্য ধন্যবাদ। আমি আপনার প্রশ্নটি দেখেছি এবং আপনার উদ্বেগ বুঝতে পেরেছি। আমি যথাসাধ্য আপনাকে সাহায্য করার চেষ্টা করব। আপনার বর্ণনা করা লক্ষণগুলো বিভিন্ন কারণে হতে পারে এবং এর সঠিক কারণ নির্ণয়ের জন্য একটি বিস্তারিত পরীক্ষা প্রয়োজন। তাই আমি আপনাকে একজন বিশেষজ্ঞ ডাক্তারের সাথে সরাসরি পরামর্শ করার পরামর্শ দিচ্ছি। প্রয়োজনীয় পরীক্ষা-নিরীক্ষা করানো উচিত এবং রিপোর্ট অনুযায়ী চিকিৎসা শুরু করা যেতে পারে। এই সময়ে পর্যাপ্ত বিশ্রাম নিন, প্রচুর পানি পান করুন এবং স্বাস্থ্যকর খাবার খান। ডাক্তারের পরামর্শ ছাড়া কোনো ওষুধ সেবন করবেন না। যদি সমস্যা বাড়তে থাকে বা তীব্র হয়, তাহলে দেরি না করে দ্রুত ডাক্তারের শরণাপন্ন হন। আশা করি এই উত্তরটি আপনাকে সাহায্য করবে। আরও কোনো প্রশ্ন থাকলে নির্দ্বিধায় জিজ্ঞাসা করতে পারেন। ধন্যবাদ।"
13524,"হেলো, নাসেনিয়া ডকে আপনাকে স্বাগতম। আপনার অনুসন্ধানের জন্য ধন্যবাদ। আমি আপনার প্রশ্নটি দেখেছি এবং আপনার উদ্বেগ বুঝতে পেরেছি। আমি যথাসাধ্য আপনাকে সাহায্য করার চেষ্টা করব। আপনার বর্ণনা করা লক্ষণগুলো বিভিন্ন কারণে হতে পারে এবং এর সঠিক কারণ নির্ণয়ের জন্য একটি বিস্তারিত পরীক্ষা প্রয়োজন। তাই আমি আপনাকে একজন বিশেষজ্ঞ ডাক্তারের সাথে সরাসরি পরামর্শ করার পরামর্শ দিচ্ছি। প্রয়োজনীয় পরীক্ষা-নিরীক্ষা করানো উচিত এবং রিপোর্ট অনুযায়ী চিকিৎসা শুরু করা যেতে পারে। এই সময়ে পর্যাপ্ত বিশ্রাম নিন, প্রচুর পানি পান করুন এবং স্বাস্থ্যকর খাবার খান। ডাক্তারের পরামর্শ ছাড়া কোনো ওষুধ সেবন করবেন না। যদি সমস্যা বাড়তে থাকে বা তীব্র হয়, তাহলে দেরি না করে দ্রুত ডাক্তারের শরণাপন্ন হন। আশা করি এই উত্তরটি আপনাকে সাহায্য করবে। আরও কোনো প্রশ্ন থাকলে নির্দ্বিধায় জিজ্ঞাসা করতে পারেন। ধন্যবাদ।"
44293,"হেলো, নাসেনিয়া ডকে আপনাকে স্বাগতম। আপনার অনুসন্ধানের জন্য ধন্যবাদ। আমি আপনার প্রশ্নটি দেখেছি এবং আপনার উদ্বেগ বুঝতে পেরেছি। আমি যথাসাধ্য আপনাকে সাহায্য করার চেষ্টা করব। আপনার বর্ণনা করা লক্ষণগুলো বিভিন্ন কারণে হতে পারে এবং এর সঠিক কারণ নির্ণয়ের জন্য একটি বিস্তারিত পরীক্ষা প্রয়োজন। তাই আমি আপনাকে একজন বিশেষজ্ঞ ডাক্তারের সাথে সরাসরি পরামর্শ করার পরামর্শ দিচ্ছি। প্রয়োজনীয় পরীক্ষা-নিরীক্ষা করানো উচিত এবং রিপোর্ট অনুযায়ী চিকিৎসা শুরু করা যেতে পারে। এই সময়ে পর্যাপ্ত বিশ্রাম নিন, প্রচুর পানি পান করুন এবং স্বাস্থ্যকর খাবার খান। ডাক্তারের পরামর্শ ছাড়া কোনো ওষুধ সেবন করবেন না। যদি সমস্যা বাড়তে থাকে বা তীব্র হয়, তাহলে দেরি না করে দ্রুত ডাক্তারের শরণাপন্ন হন। আশা করি এই উত্তরটি আপনাকে সাহায্য করবে। আরও কোনো প্রশ্ন থাকলে নির্দ্বিধায় জিজ্ঞাসা করতে পারেন। ধন্যবাদ।"
90974,"হেলো, নাসেনিয়া ডকে আপনাকে স্বাগতম। আপনার অনুসন্ধানের জন্য ধন্যবাদ। আমি আপনার প্রশ্নটি দেখেছি এবং আপনার উদ্বেগ বুঝতে পেরেছি। আমি যথাসাধ্য আপনাকে সাহায্য করার চেষ্টা করব। আপনার বর্ণনা করা লক্ষণগুলো বিভিন্ন কারণে হতে পারে এবং এর সঠিক কারণ নির্ণয়ের জন্য একটি বিস্তারিত পরীক্ষা প্রয়োজন। তাই আমি আপনাকে একজন বিশেষজ্ঞ ডাক্তারের সাথে সরাসরি পরামর্শ করার পরামর্শ দিচ্ছি। প্রয়োজনীয় পরীক্ষা-নিরীক্ষা করানো উচিত এবং রিপোর্ট অনুযায়ী চিকিৎসা শুরু করা যেতে পারে। এই সময়ে পর্যাপ্ত বিশ্রাম নিন, প্রচুর পানি পান করুন এবং স্বাস্থ্যকর খাবার খান। ডাক্তারের পরামর্শ ছাড়া কোনো ওষুধ সেবন করবেন না। যদি সমস্যা বাড়তে থাকে বা তীব্র হয়, তাহলে দেরি না করে দ্রুত ডাক্তারের শরণাপন্ন হন। আশা করি এই উত্তরটি আপনাকে সাহায্য করবে। আরও কোনো প্রশ্ন থাকলে নির্দ্বিধায় জিজ্ঞাসা করতে পারেন। ধন্যবাদ।"
71873,"হেলো, নাসেনিয়া ডকে আপনাকে স্বাগতম। আপনার অনুসন্ধানের জন্য ধন্যবাদ। আমি আপনার প্রশ্নটি দেখেছি এবং আপনার উদ্বেগ বুঝতে পেরেছি। আমি যথাসাধ্য আপনাকে সাহায্য করার চেষ্টা করব। আপনার বর্ণনা করা লক্ষণগুলো বিভিন্ন কারণে হতে পারে এবং এর সঠিক কারণ নির্ণয়ের জন্য একটি বিস্তারিত পরীক্ষা প্রয়োজন। তাই আমি আপনাকে একজন বিশেষজ্ঞ ডাক্তারের সাথে সরাসরি পরামর্শ করার পরামর্শ দিচ্ছি। প্রয়োজনীয় পরীক্ষা-নিরীক্ষা করানো উচিত এবং রিপোর্ট অনুযায়ী চিকিৎসা শুরু করা যেতে পারে। এই সময়ে পর্যাপ্ত বিশ্রাম নিন, প্রচুর পানি পান করুন এবং স্বাস্থ্যকর খাবার খান। ডাক্তারের পরামর্শ ছাড়া কোনো ওষুধ সেবন করবেন না। যদি সমস্যা বাড়তে থাকে বা তীব্র হয়, তাহলে দেরি না করে দ্রুত ডাক্তারের শরণাপন্ন হন। আশা করি এই উত্তরটি আপনাকে সাহায্য করবে। আরও কোনো প্রশ্ন থাকলে নির্দ্বিধায় জিজ্ঞাসা করতে পারেন। ধন্যবাদ।"
83944,"হেলো, নাসেনিয়া ডকে আপনাকে স্বাগতম। আপনার অনুসন্ধানের জন্য ধন্যবাদ। আমি আপনার প্রশ্নটি দেখেছি এবং আপনার উদ্বেগ বুঝতে পেরেছি। আমি যথাসাধ্য আপনাকে সাহায্য করার চেষ্টা করব। আপনার বর্ণনা করা লক্ষণগুলো বিভিন্ন কারণে হতে পারে এবং এর সঠিক কারণ নির্ণয়ের জন্য একটি বিস্তারিত পরীক্ষা প্রয়োজন। তাই আমি আপনাকে একজন বিশেষজ্ঞ ডাক্তারের সাথে সরাসরি পরামর্শ করার পরামর্শ দিচ্ছি। প্রয়োজনীয় পরীক্ষা-নিরীক্ষা করানো উচিত এবং রিপোর্ট অনুযায়ী চিকিৎসা শুরু করা যেতে পারে। এই সময়ে পর্যাপ্ত বিশ্রাম নিন, প্রচুর পানি পান করুন এবং স্বাস্থ্যকর খাবার খান। ডাক্তারের পরামর্শ ছাড়া কোনো ওষুধ সেবন করবেন না। যদি সমস্যা বাড়তে থাকে বা তীব্র হয়, তাহলে দেরি না করে দ্রুত ডাক্তারের শরণাপন্ন হন। আশা করি এই উত্তরটি আপনাকে সাহায্য করবে। আরও কোনো প্রশ্ন থাকলে নির্দ্বিধায় জিজ্ঞাসা করতে পারেন। ধন্যবাদ।"
86012,"হেলো, নাসেনিয়া ডকে আপনাকে স্বাগতম। আপনার অনুসন্ধানের জন্য ধন্যবাদ। আমি আপনার প্রশ্নটি দেখেছি এবং আপনার উদ্বেগ বুঝতে পেরেছি। আমি যথাসাধ্য আপনাকে সাহায্য করার চেষ্টা করব। আপনার বর্ণনা করা লক্ষণগুলো বিভিন্ন কারণে হতে পারে এবং এর সঠিক কারণ নির্ণয়ের জন্য একটি বিস্তারিত পরীক্ষা প্রয়োজন। তাই আমি আপনাকে একজন বিশেষজ্ঞ ডাক্তারের সাথে সরাসরি পরামর্শ করার পরামর্শ দিচ্ছি। প্রয়োজনীয় পরীক্ষা-নিরীক্ষা করানো উচিত এবং রিপোর্ট অনুযায়ী চিকিৎসা শুরু করা যেতে পারে। এই সময়ে পর্যাপ্ত বিশ্রাম নিন, প্রচুর পানি পান করুন এবং স্বাস্থ্যকর খাবার খান। ডাক্তারের পরামর্শ ছাড়া কোনো ওষুধ সেবন করবেন না। যদি সমস্যা বাড়তে থাকে বা তীব্র হয়, তাহলে দেরি না করে দ্রুত ডাক্তারের শরণাপন্ন হন। আশা করি এই উত্তরটি আপনাকে সাহায্য করবে। আরও কোনো প্রশ্ন থাকলে নির্দ্বিধায় জিজ্ঞাসা করতে পারেন। ধন্যবাদ।"
51939,"হেলো, নাসেনিয়া ডকে আপনাকে স্বাগতম। আপনার অনুসন্ধানের জন্য ধন্যবাদ। আমি আপনার প্রশ্নটি দেখেছি এবং আপনার উদ্বেগ বুঝতে পেরেছি। আমি যথাসাধ্য আপনাকে সাহায্য করার চেষ্টা করব। আপনার বর্ণনা করা লক্ষণগুলো বিভিন্ন কারণে হতে পারে এবং এর সঠিক কারণ নির্ণয়ের জন্য একটি বিস্তারিত পরীক্ষা প্রয়োজন। তাই আমি আপনাকে একজন বিশেষজ্ঞ ডাক্তারের সাথে সরাসরি পরামর্শ করার পরামর্শ দিচ্ছি। প্রয়োজনীয় পরীক্ষা-নিরীক্ষা করানো উচিত এবং রিপোর্ট অনুযায়ী চিকিৎসা শুরু করা যেতে পারে। এই সময়ে পর্যাপ্ত বিশ্রাম নিন, প্রচুর পানি পান করুন এবং স্বাস্থ্যকর খাবার খান। ডাক্তারের পরামর্শ ছাড়া কোনো ওষুধ সেবন করবেন না। যদি সমস্যা বাড়তে থাকে বা তীব্র হয়, তাহলে দেরি না করে দ্রুত ডাক্তারের শরণাপন্ন হন। আশা করি এই উত্তরটি আপনাকে সাহায্য করবে। আরও কোনো প্রশ্ন থাকলে নির্দ্বিধায় জিজ্ঞাসা করতে পারেন। ধন্যবাদ।"
38466,"হেলো, নাসেনিয়া ডকে আপনাকে স্বাগতম। আপনার অনুসন্ধানের জন্য ধন্যবাদ। আমি আপনার প্রশ্নটি দেখেছি এবং আপনার উদ্বেগ বুঝতে পেরেছি। আমি যথাসাধ্য আপনাকে সাহায্য করার চেষ্টা করব। আপনার বর্ণনা করা লক্ষণগুলো বিভিন্ন কারণে হতে পারে এবং এর সঠিক কারণ নির্ণয়ের জন্য একটি বিস্তারিত পরীক্ষা প্রয়োজন। তাই আমি আপনাকে একজন বিশেষজ্ঞ ডাক্তারের সাথে সরাসরি পরামর্শ করার পরামর্শ দিচ্ছি। প্রয়োজনীয় পরীক্ষা-নিরীক্ষা করানো উচিত এবং রিপোর্ট অনুযায়ী চিকিৎসা শুরু করা যেতে পারে। এই সময়ে পর্যাপ্ত বিশ্রাম নিন, প্রচুর পানি পান করুন এবং স্বাস্থ্যকর খাবার খান। ডাক্তারের পরামর্শ ছাড়া কোনো ওষুধ সেবন করবেন না। যদি সমস্যা বাড়তে থাকে বা তীব্র হয়, তাহলে দেরি না করে দ্রুত ডাক্তারের শরণাপন্ন হন। আশা করি এই উত্তরটি আপনাকে সাহায্য করবে। আরও কোনো প্রশ্ন থাকলে নির্দ্বিধায় জিজ্ঞাসা করতে পারেন। ধন্যবাদ।"
30242,"হেলো, নাসেনিয়া ডকে আপনাকে স্বাগতম। আপনার অনুসন্ধানের জন্য ধন্যবাদ। আমি আপনার প্রশ্নটি দেখেছি এবং আপনার উদ্বেগ বুঝতে পেরেছি। আমি যথাসাধ্য আপনাকে সাহায্য করার চেষ্টা করব। আপনার বর্ণনা করা লক্ষণগুলো বিভিন্ন কারণে হতে পারে এবং এর সঠিক কারণ নির্ণয়ের জন্য একটি বিস্তারিত পরীক্ষা প্রয়োজন। তাই আমি আপনাকে একজন বিশেষজ্ঞ ডাক্তারের সাথে সরাসরি পরামর্শ করার পরামর্শ দিচ্ছি। প্রয়োজনীয় পরীক্ষা-নিরীক্ষা করানো উচিত এবং রিপোর্ট অনুযায়ী চিকিৎসা শুরু করা যেতে পারে। এই সময়ে পর্যাপ্ত বিশ্রাম নিন, প্রচুর পানি পান করুন এবং স্বাস্থ্যকর খাবার খান। ডাক্তারের পরামর্শ ছাড়া কোনো ওষুধ সেবন করবেন না। যদি সমস্যা বাড়তে থাকে বা তীব্র হয়, তাহলে দেরি না করে দ্রুত ডাক্তারের শরণাপন্ন হন। আশা করি এই উত্তরটি আপনাকে সাহায্য করবে। আরও কোনো প্রশ্ন থাকলে নির্দ্বিধায় জিজ্ঞাসা করতে পারেন। ধন্যবাদ।"
108266,"হেলো, নাসেনিয়া ডকে আপনাকে স্বাগতম। আপনার অনুসন্ধানের জন্য ধন্যবাদ। আমি আপনার প্রশ্নটি দেখেছি এবং আপনার উদ্বেগ বুঝতে পেরেছি। আমি যথাসাধ্য আপনাকে সাহায্য করার চেষ্টা করব। আপনার বর্ণনা করা লক্ষণগুলো বিভিন্ন কারণে হতে পারে এবং এর সঠিক কারণ নির্ণয়ের জন্য একটি বিস্তারিত পরীক্ষা প্রয়োজন। তাই আমি আপনাকে একজন বিশেষজ্ঞ ডাক্তারের সাথে সরাসরি পরামর্শ করার পরামর্শ দিচ্ছি। প্রয়োজনীয় পরীক্ষা-নিরীক্ষা করানো উচিত এবং রিপোর্ট অনুযায়ী চিকিৎসা শুরু করা যেতে পারে। এই সময়ে পর্যাপ্ত বিশ্রাম নিন, প্রচুর পানি পান করুন এবং স্বাস্থ্যকর খাবার খান। ডাক্তারের পরামর্শ ছাড়া কোনো ওষুধ সেবন করবেন না। যদি সমস্যা বাড়তে থাকে বা তীব্র হয়, তাহলে দেরি না করে দ্রুত ডাক্তারের শরণাপন্ন হন। আশা করি এই উত্তরটি আপনাকে সাহায্য করবে। আরও কোনো প্রশ্ন থাকলে নির্দ্বিধায় জিজ্ঞাসা করতে পারেন। ধন্যবাদ।"
10379,"হেলো, নাসেনিয়া ডকে আপনাকে স্বাগতম। আপনার অনুসন্ধানের জন্য ধন্যবাদ। আমি আপনার প্রশ্নটি দেখেছি এবং আপনার উদ্বেগ বুঝতে পেরেছি। আমি যথাসাধ্য আপনাকে সাহায্য করার চেষ্টা করব। আপনার বর্ণনা করা লক্ষণগুলো বিভিন্ন কারণে হতে পারে এবং এর সঠিক কারণ নির্ণয়ের জন্য একটি বিস্তারিত পরীক্ষা প্রয়োজন। তাই আমি আপনাকে একজন বিশেষজ্ঞ ডাক্তারের সাথে সরাসরি পরামর্শ করার পরামর্শ দিচ্ছি। প্রয়োজনীয় পরীক্ষা-নিরীক্ষা করানো উচিত এবং রিপোর্ট অনুযায়ী চিকিৎসা শুরু করা যেতে পারে। এই সময়ে পর্যাপ্ত বিশ্রাম নিন, প্রচুর পানি পান করুন এবং স্বাস্থ্যকর খাবার খান। ডাক্তারের পরামর্শ ছাড়া কোনো ওষুধ সেবন করবেন না। যদি সমস্যা বাড়তে থাকে বা তীব্র হয়, তাহলে দেরি না করে দ্রুত ডাক্তারের শরণাপন্ন হন। আশা করি এই উত্তরটি আপনাকে সাহায্য করবে। আরও কোনো প্রশ্ন থাকলে নির্দ্বিধায় জিজ্ঞাসা করতে পারেন। ধন্যবাদ।"
44909,"হেলো, নাসেনিয়া ডকে আপনাকে স্বাগতম। আপনার অনুসন্ধানের জন্য ধন্যবাদ। আমি আপনার প্রশ্নটি দেখেছি এবং আপনার উদ্বেগ বুঝতে পেরেছি। আমি যথাসাধ্য আপনাকে সাহায্য করার চেষ্টা করব। আপনার বর্ণনা করা লক্ষণগুলো বিভিন্ন কারণে হতে পারে এবং এর সঠিক কারণ নির্ণয়ের জন্য একটি বিস্তারিত পরীক্ষা প্রয়োজন। তাই আমি আপনাকে একজন বিশেষজ্ঞ ডাক্তারের সাথে সরাসরি পরামর্শ করার পরামর্শ দিচ্ছি। প্রয়োজনীয় পরীক্ষা-নিরীক্ষা করানো উচিত এবং রিপোর্ট অনুযায়ী চিকিৎসা শুরু করা যেতে পারে। এই সময়ে পর্যাপ্ত বিশ্রাম নিন, প্রচুর পানি পান করুন এবং স্বাস্থ্যকর খাবার খান। ডাক্তারের পরামর্শ ছাড়া কোনো ওষুধ সেবন করবেন না। যদি সমস্যা বাড়তে থাকে বা তীব্র হয়, তাহলে দেরি না করে দ্রুত ডাক্তারের শরণাপন্ন হন। আশা করি এই উত্তরটি আপনাকে সাহায্য করবে। আরও কোনো প্রশ্ন থাকলে নির্দ্বিধায় জিজ্ঞাসা করতে পারেন। ধন্যবাদ।"
16788,"হেলো, নাসেনিয়া ডকে আপনাকে স্বাগতম। আপনার অনুসন্ধানের জন্য ধন্যবাদ। আমি আপনার প্রশ্নটি দেখেছি এবং আপনার উদ্বেগ বুঝতে পেরেছি। আমি যথাসাধ্য আপনাকে সাহায্য করার চেষ্টা করব। আপনার বর্ণনা করা লক্ষণগুলো বিভিন্ন কারণে হতে পারে এবং এর সঠিক কারণ নির্ণয়ের জন্য একটি বিস্তারিত পরীক্ষা প্রয়োজন। তাই আমি আপনাকে একজন বিশেষজ্ঞ ডাক্তারের সাথে সরাসরি পরামর্শ করার পরামর্শ দিচ্ছি। প্রয়োজনীয় পরীক্ষা-নিরীক্ষা করানো উচিত এবং রিপোর্ট অনুযায়ী চিকিৎসা শুরু করা যেতে পারে। এই সময়ে পর্যাপ্ত বিশ্রাম নিন, প্রচুর পানি পান করুন এবং স্বাস্থ্যকর খাবার খান। ডাক্তারের পরামর্শ ছাড়া কোনো ওষুধ সেবন করবেন না। যদি সমস্যা বাড়তে থাকে বা তীব্র হয়, তাহলে দেরি না করে দ্রুত ডাক্তারের শরণাপন্ন হন। আশা করি এই উত্তরটি আপনাকে সাহায্য করবে। আরও কোনো প্রশ্ন থাকলে নির্দ্বিধায় জিজ্ঞাসা করতে পারেন। ধন্যবাদ।"
18776,"হেলো, নাসেনিয়া ডকে আপনাকে স্বাগতম। আপনার অনুসন্ধানের জন্য ধন্যবাদ। আমি আপনার প্রশ্নটি দেখেছি এবং আপনার উদ্বেগ বুঝতে পেরেছি। আমি যথাসাধ্য আপনাকে সাহায্য করার চেষ্টা করব। আপনার বর্ণনা করা লক্ষণগুলো বিভিন্ন কারণে হতে পারে এবং এর সঠিক কারণ নির্ণয়ের জন্য একটি বিস্তারিত পরীক্ষা প্রয়োজন। তাই আমি আপনাকে একজন বিশেষজ্ঞ ডাক্তারের সাথে সরাসরি পরামর্শ করার পরামর্শ দিচ্ছি। প্রয়োজনীয় পরীক্ষা-নিরীক্ষা করানো উচিত এবং রিপোর্ট অনুযায়ী চিকিৎসা শুরু করা যেতে পারে। এই সময়ে পর্যাপ্ত বিশ্রাম নিন, প্রচুর পানি পান করুন এবং স্বাস্থ্যকর খাবার খান। ডাক্তারের পরামর্শ ছাড়া কোনো ওষুধ সেবন করবেন না। যদি সমস্যা বাড়তে থাকে বা তীব্র হয়, তাহলে দেরি না করে দ্রুত ডাক্তারের শরণাপন্ন হন। আশা করি এই উত্তরটি আপনাকে সাহায্য করবে। আরও কোনো প্রশ্ন থাকলে নির্দ্বিধায় জিজ্ঞাসা করতে পারেন। ধন্যবাদ।"
15908,"হেলো, নাসেনিয়া ডকে আপনাকে স্বাগতম। আপনার অনুসন্ধানের জন্য ধন্যবাদ। আমি আপনার প্রশ্নটি দেখেছি এবং আপনার উদ্বেগ বুঝতে পেরেছি। আমি যথাসাধ্য আপনাকে সাহায্য করার চেষ্টা করব। আপনার বর্ণনা করা লক্ষণগুলো বিভিন্ন কারণে হতে পারে এবং এর সঠিক কারণ নির্ণয়ের জন্য একটি বিস্তারিত পরীক্ষা প্রয়োজন। তাই আমি আপনাকে একজন বিশেষজ্ঞ ডাক্তারের সাথে সরাসরি পরামর্শ করার পরামর্শ দিচ্ছি। প্রয়োজনীয় পরীক্ষা-নিরীক্ষা করানো উচিত এবং রিপোর্ট অনুযায়ী চিকিৎসা শুরু করা যেতে পারে। এই সময়ে পর্যাপ্ত বিশ্রাম নিন, প্রচুর পানি পান করুন এবং স্বাস্থ্যকর খাবার খান। ডাক্তারের পরামর্শ ছাড়া কোনো ওষুধ সেবন করবেন না। যদি সমস্যা বাড়তে থাকে বা তীব্র হয়, তাহলে দেরি না করে দ্রুত ডাক্তারের শরণাপন্ন হন। আশা করি এই উত্তরটি আপনাকে সাহায্য করবে। আরও কোনো প্রশ্ন থাকলে নির্দ্বিধায় জিজ্ঞাসা করতে পারেন। ধন্যবাদ।"
2064,"হেলো, নাসেনিয়া ডকে আপনাকে স্বাগতম। আপনার অনুসন্ধানের জন্য ধন্যবাদ। আমি আপনার প্রশ্নটি দেখেছি এবং আপনার উদ্বেগ বুঝতে পেরেছি। আমি যথাসাধ্য আপনাকে সাহায্য করার চেষ্টা করব। আপনার বর্ণনা করা লক্ষণগুলো বিভিন্ন কারণে হতে পারে এবং এর সঠিক কারণ নির্ণয়ের জন্য একটি বিস্তারিত পরীক্ষা প্রয়োজন। তাই আমি আপনাকে একজন বিশেষজ্ঞ ডাক্তারের সাথে সরাসরি পরামর্শ করার পরামর্শ দিচ্ছি। প্রয়োজনীয় পরীক্ষা-নিরীক্ষা করানো উচিত এবং রিপোর্ট অনুযায়ী চিকিৎসা শুরু করা যেতে পারে। এই সময়ে পর্যাপ্ত বিশ্রাম নিন, প্রচুর পানি পান করুন এবং স্বাস্থ্যকর খাবার খান। ডাক্তারের পরামর্শ ছাড়া কোনো ওষুধ সেবন করবেন না। যদি সমস্যা বাড়তে থাকে বা তীব্র হয়, তাহলে দেরি না করে দ্রুত ডাক্তারের শরণাপন্ন হন। আশা করি এই উত্তরটি আপনাকে সাহায্য করবে। আরও কোনো প্রশ্ন থাকলে নির্দ্বিধায় জিজ্ঞাসা করতে পারেন। ধন্যবাদ।"
52361,"হেলো, নাসেনিয়া ডকে আপনাকে স্বাগতম। আপনার অনুসন্ধানের জন্য ধন্যবাদ। আমি আপনার প্রশ্নটি দেখেছি এবং আপনার উদ্বেগ বুঝতে পেরেছি। আমি যথাসাধ্য আপনাকে সাহায্য করার চেষ্টা করব। আপনার বর্ণনা করা লক্ষণগুলো বিভিন্ন কারণে হতে পারে এবং এর সঠিক কারণ নির্ণয়ের জন্য একটি বিস্তারিত পরীক্ষা প্রয়োজন। তাই আমি আপনাকে একজন বিশেষজ্ঞ ডাক্তারের সাথে সরাসরি পরামর্শ করার পরামর্শ দিচ্ছি। প্রয়োজনীয় পরীক্ষা-নিরীক্ষা করানো উচিত এবং রিপোর্ট অনুযায়ী চিকিৎসা শুরু করা যেতে পারে। এই সময়ে পর্যাপ্ত বিশ্রাম নিন, প্রচুর পানি পান করুন এবং স্বাস্থ্যকর খাবার খান। ডাক্তারের পরামর্শ ছাড়া কোনো ওষুধ সেবন করবেন না। যদি সমস্যা বাড়তে থাকে বা তীব্র হয়, তাহলে দেরি না করে দ্রুত ডাক্তারের শরণাপন্ন হন। আশা করি এই উত্তরটি আপনাকে সাহায্য করবে। আরও কোনো প্রশ্ন থাকলে নির্দ্বিধায় জিজ্ঞাসা করতে পারেন। ধন্যবাদ।"
103328,"হেলো, নাসেনিয়া ডকে আপনাকে স্বাগতম। আপনার অনুসন্ধানের জন্য ধন্যবাদ। আমি আপনার প্রশ্নটি দেখেছি এবং আপনার উদ্বেগ বুঝতে পেরেছি। আমি যথাসাধ্য আপনাকে সাহায্য করার চেষ্টা করব। আপনার বর্ণনা করা লক্ষণগুলো বিভিন্ন কারণে হতে পারে এবং এর সঠিক কারণ নির্ণয়ের জন্য একটি বিস্তারিত পরীক্ষা প্রয়োজন। তাই আমি আপনাকে একজন বিশেষজ্ঞ ডাক্তারের সাথে সরাসরি পরামর্শ করার পরামর্শ দিচ্ছি। প্রয়োজনীয় পরীক্ষা-নিরীক্ষা করানো উচিত এবং রিপোর্ট অনুযায়ী চিকিৎসা শুরু করা যেতে পারে। এই সময়ে পর্যাপ্ত বিশ্রাম নিন, প্রচুর পানি পান করুন এবং স্বাস্থ্যকর খাবার খান। ডাক্তারের পরামর্শ ছাড়া কোনো ওষুধ সেবন করবেন না। যদি সমস্যা বাড়তে থাকে বা তীব্র হয়, তাহলে দেরি না করে দ্রুত ডাক্তারের শরণাপন্ন হন। আশা করি এই উত্তরটি আপনাকে সাহায্য করবে। আরও কোনো প্রশ্ন থাকলে নির্দ্বিধায় জিজ্ঞাসা করতে পারেন। ধন্যবাদ।"
89843,"হেলো, নাসেনিয়া ডকে আপনাকে স্বাগতম। আপনার অনুসন্ধানের জন্য ধন্যবাদ। আমি আপনার প্রশ্নটি দেখেছি এবং আপনার উদ্বেগ বুঝতে পেরেছি। আমি যথাসাধ্য আপনাকে সাহায্য করার চেষ্টা করব। আপনার বর্ণনা করা লক্ষণগুলো বিভিন্ন কারণে হতে পারে এবং এর সঠিক কারণ নির্ণয়ের জন্য একটি বিস্তারিত পরীক্ষা প্রয়োজন। তাই আমি আপনাকে একজন বিশেষজ্ঞ ডাক্তারের সাথে সরাসরি পরামর্শ করার পরামর্শ দিচ্ছি। প্রয়োজনীয় পরীক্ষা-নিরীক্ষা করানো উচিত এবং রিপোর্ট অনুযায়ী চিকিৎসা শুরু করা যেতে পারে। এই সময়ে পর্যাপ্ত বিশ্রাম নিন, প্রচুর পানি পান করুন এবং স্বাস্থ্যকর খাবার খান। ডাক্তারের পরামর্শ ছাড়া কোনো ওষুধ সেবন করবেন না। যদি সমস্যা বাড়তে থাকে বা তীব্র হয়, তাহলে দেরি না করে দ্রুত ডাক্তারের শরণাপন্ন হন। আশা করি এই উত্তরটি আপনাকে সাহায্য করবে। আরও কোনো প্রশ্ন থাকলে নির্দ্বিধায় জিজ্ঞাসা করতে পারেন। ধন্যবাদ।"
106391,"হেলো, নাসেনিয়া ডকে আপনাকে স্বাগতম। আপনার অনুসন্ধানের জন্য ধন্যবাদ। আমি আপনার প্রশ্নটি দেখেছি এবং আপনার উদ্বেগ বুঝতে পেরেছি। আমি যথাসাধ্য আপনাকে সাহায্য করার চেষ্টা করব। আপনার বর্ণনা করা লক্ষণগুলো বিভিন্ন কারণে হতে পারে এবং এর সঠিক কারণ নির্ণয়ের জন্য একটি বিস্তারিত পরীক্ষা প্রয়োজন। তাই আমি আপনাকে একজন বিশেষজ্ঞ ডাক্তারের সাথে সরাসরি পরামর্শ করার পরামর্শ দিচ্ছি। প্রয়োজনীয় পরীক্ষা-নিরীক্ষা করানো উচিত এবং রিপোর্ট অনুযায়ী চিকিৎসা শুরু করা যেতে পারে। এই সময়ে পর্যাপ্ত বিশ্রাম নিন, প্রচুর পানি পান করুন এবং স্বাস্থ্যকর খাবার খান। ডাক্তারের পরামর্শ ছাড়া কোনো ওষুধ সেবন করবেন না। যদি সমস্যা বাড়তে থাকে বা তীব্র হয়, তাহলে দেরি না করে দ্রুত ডাক্তারের শরণাপন্ন হন। আশা করি এই উত্তরটি আপনাকে সাহায্য করবে। আরও কোনো প্রশ্ন থাকলে নির্দ্বিধায় জিজ্ঞাসা করতে পারেন। ধন্যবাদ।"
62526,"হেলো, নাসেনিয়া ডকে আপনাকে স্বাগতম। আপনার অনুসন্ধানের জন্য ধন্যবাদ। আমি আপনার প্রশ্নটি দেখেছি এবং আপনার উদ্বেগ বুঝতে পেরেছি। আমি যথাসাধ্য আপনাকে সাহায্য করার চেষ্টা করব। আপনার বর্ণনা করা লক্ষণগুলো বিভিন্ন কারণে হতে পারে এবং এর সঠিক কারণ নির্ণয়ের জন্য একটি বিস্তারিত পরীক্ষা প্রয়োজন। তাই আমি আপনাকে একজন বিশেষজ্ঞ ডাক্তারের সাথে সরাসরি পরামর্শ করার পরামর্শ দিচ্ছি। প্রয়োজনীয় পরীক্ষা-নিরীক্ষা করানো উচিত এবং রিপোর্ট অনুযায়ী চিকিৎসা শুরু করা যেতে পারে। এই সময়ে পর্যাপ্ত বিশ্রাম নিন, প্রচুর পানি পান করুন এবং স্বাস্থ্যকর খাবার খান। ডাক্তারের পরামর্শ ছাড়া কোনো ওষুধ সেবন করবেন না। যদি সমস্যা বাড়তে থাকে বা তীব্র হয়, তাহলে দেরি না করে দ্রুত ডাক্তারের শরণাপন্ন হন। আশা করি এই উত্তরটি আপনাকে সাহায্য করবে। আরও কোনো প্রশ্ন থাকলে নির্দ্বিধায় জিজ্ঞাসা করতে পারেন। ধন্যবাদ।"
61038,"হেলো, নাসেনিয়া ডকে আপনাকে স্বাগতম। আপনার অনুসন্ধানের জন্য ধন্যবাদ। আমি আপনার প্রশ্নটি দেখেছি এবং আপনার উদ্বেগ বুঝতে পেরেছি। আমি যথাসাধ্য আপনাকে সাহায্য করার চেষ্টা করব। আপনার বর্ণনা করা লক্ষণগুলো বিভিন্ন কারণে হতে পারে এবং এর সঠিক কারণ নির্ণয়ের জন্য একটি বিস্তারিত পরীক্ষা প্রয়োজন। তাই আমি আপনাকে একজন বিশেষজ্ঞ ডাক্তারের সাথে সরাসরি পরামর্শ করার পরামর্শ দিচ্ছি। প্রয়োজনীয় পরীক্ষা-নিরীক্ষা করানো উচিত এবং রিপোর্ট অনুযায়ী চিকিৎসা শুরু করা যেতে পারে। এই সময়ে পর্যাপ্ত বিশ্রাম নিন, প্রচুর পানি পান করুন এবং স্বাস্থ্যকর খাবার খান। ডাক্তারের পরামর্শ ছাড়া কোনো ওষুধ সেবন করবেন না। যদি সমস্যা বাড়তে থাকে বা তীব্র হয়, তাহলে দেরি না করে দ্রুত ডাক্তারের শরণাপন্ন হন। আশা করি এই উত্তরটি আপনাকে সাহায্য করবে। আরও কোনো প্রশ্ন থাকলে নির্দ্বিধায় জিজ্ঞাসা করতে পারেন। ধন্যবাদ।"
96383,"হেলো, নাসেনিয়া ডকে আপনাকে স্বাগতম। আপনার অনুসন্ধানের জন্য ধন্যবাদ। আমি আপনার প্রশ্নটি দেখেছি এবং আপনার উদ্বেগ বুঝতে পেরেছি। আমি যথাসাধ্য আপনাকে সাহায্য করার চেষ্টা করব। আপনার বর্ণনা করা লক্ষণগুলো বিভিন্ন কারণে হতে পারে এবং এর সঠিক কারণ নির্ণয়ের জন্য একটি বিস্তারিত পরীক্ষা প্রয়োজন। তাই আমি আপনাকে একজন বিশেষজ্ঞ ডাক্তারের সাথে সরাসরি পরামর্শ করার পরামর্শ দিচ্ছি। প্রয়োজনীয় পরীক্ষা-নিরীক্ষা করানো উচিত এবং রিপোর্ট অনুযায়ী চিকিৎসা শুরু করা যেতে পারে। এই সময়ে পর্যাপ্ত বিশ্রাম নিন, প্রচুর পানি পান করুন এবং স্বাস্থ্যকর খাবার খান। ডাক্তারের পরামর্শ ছাড়া কোনো ওষুধ সেবন করবেন না। যদি সমস্যা বাড়তে থাকে বা তীব্র হয়, তাহলে দেরি না করে দ্রুত ডাক্তারের শরণাপন্ন হন। আশা করি এই উত্তরটি আপনাকে সাহায্য করবে। আরও কোনো প্রশ্ন থাকলে নির্দ্বিধায় জিজ্ঞাসা করতে পারেন। ধন্যবাদ।"
30453,"হেলো, নাসেনিয়া ডকে আপনাকে স্বাগতম। আপনার অনুসন্ধানের জন্য ধন্যবাদ। আমি আপনার প্রশ্নটি দেখেছি এবং আপনার উদ্বেগ বুঝতে পেরেছি। আমি যথাসাধ্য আপনাকে সাহায্য করার চেষ্টা করব। আপনার বর্ণনা করা লক্ষণগুলো বিভিন্ন কারণে হতে পারে এবং এর সঠিক কারণ নির্ণয়ের জন্য একটি বিস্তারিত পরীক্ষা প্রয়োজন। তাই আমি আপনাকে একজন বিশেষজ্ঞ ডাক্তারের সাথে সরাসরি পরামর্শ করার পরামর্শ দিচ্ছি। প্রয়োজনীয় পরীক্ষা-নিরীক্ষা করানো উচিত এবং রিপোর্ট অনুযায়ী চিকিৎসা শুরু করা যেতে পারে। এই সময়ে পর্যাপ্ত বিশ্রাম নিন, প্রচুর পানি পান করুন এবং স্বাস্থ্যকর খাবার খান। ডাক্তারের পরামর্শ ছাড়া কোনো ওষুধ সেবন করবেন না। যদি সমস্যা বাড়তে থাকে বা তীব্র হয়, তাহলে দেরি না করে দ্রুত ডাক্তারের শরণাপন্ন হন। আশা করি এই উত্তরটি আপনাকে সাহায্য করবে। আরও কোনো প্রশ্ন থাকলে নির্দ্বিধায় জিজ্ঞাসা করতে পারেন। ধন্যবাদ।"
93055,"হেলো, নাসেনিয়া ডকে আপনাকে স্বাগতম। আপনার অনুসন্ধানের জন্য ধন্যবাদ। আমি আপনার প্রশ্নটি দেখেছি এবং আপনার উদ্বেগ বুঝতে পেরেছি। আমি যথাসাধ্য আপনাকে সাহায্য করার চেষ্টা করব। আপনার বর্ণনা করা লক্ষণগুলো বিভিন্ন কারণে হতে পারে এবং এর সঠিক কারণ নির্ণয়ের জন্য একটি বিস্তারিত পরীক্ষা প্রয়োজন। তাই আমি আপনাকে একজন বিশেষজ্ঞ ডাক্তারের সাথে সরাসরি পরামর্শ করার পরামর্শ দিচ্ছি। প্রয়োজনীয় পরীক্ষা-নিরীক্ষা করানো উচিত এবং রিপোর্ট অনুযায়ী চিকিৎসা শুরু করা যেতে পারে। এই সময়ে পর্যাপ্ত বিশ্রাম নিন, প্রচুর পানি পান করুন এবং স্বাস্থ্যকর খাবার খান। ডাক্তারের পরামর্শ ছাড়া কোনো ওষুধ সেবন করবেন না। যদি সমস্যা বাড়তে থাকে বা তীব্র হয়, তাহলে দেরি না করে দ্রুত ডাক্তারের শরণাপন্ন হন। আশা করি এই উত্তরটি আপনাকে সাহায্য করবে। আরও কোনো প্রশ্ন থাকলে নির্দ্বিধায় জিজ্ঞাসা করতে পারেন। ধন্যবাদ।"
1231,"হেলো, নাসেনিয়া ডকে আপনাকে স্বাগতম। আপনার অনুসন্ধানের জন্য ধন্যবাদ। আমি আপনার প্রশ্নটি দেখেছি এবং আপনার উদ্বেগ বুঝতে পেরেছি। আমি যথাসাধ্য আপনাকে সাহায্য করার চেষ্টা করব। আপনার বর্ণনা করা লক্ষণগুলো বিভিন্ন কারণে হতে পারে এবং এর সঠিক কারণ নির্ণয়ের জন্য একটি বিস্তারিত পরীক্ষা প্রয়োজন। তাই আমি আপনাকে একজন বিশেষজ্ঞ ডাক্তারের সাথে সরাসরি পরামর্শ করার পরামর্শ দিচ্ছি। প্রয়োজনীয় পরীক্ষা-নিরীক্ষা করানো উচিত এবং রিপোর্ট অনুযায়ী চিকিৎসা শুরু করা যেতে পারে। এই সময়ে পর্যাপ্ত বিশ্রাম নিন, প্রচুর পানি পান করুন এবং স্বাস্থ্যকর খাবার খান। ডাক্তারের পরামর্শ ছাড়া কোনো ওষুধ সেবন করবেন না। যদি সমস্যা বাড়তে থাকে বা তীব্র হয়, তাহলে দেরি না করে দ্রুত ডাক্তারের শরণাপন্ন হন। আশা করি এই উত্তরটি আপনাকে সাহায্য করবে। আরও কোনো প্রশ্ন থাকলে নির্দ্বিধায় জিজ্ঞাসা করতে পারেন। ধন্যবাদ।"
41399,"হেলো, নাসেনিয়া ডকে আপনাকে স্বাগতম। আপনার অনুসন্ধানের জন্য ধন্যবাদ। আমি আপনার প্রশ্নটি দেখেছি এবং আপনার উদ্বেগ বুঝতে পেরেছি। আমি যথাসাধ্য আপনাকে সাহায্য করার চেষ্টা করব। আপনার বর্ণনা করা লক্ষণগুলো বিভিন্ন কারণে হতে পারে এবং এর সঠিক কারণ নির্ণয়ের জন্য একটি বিস্তারিত পরীক্ষা প্রয়োজন। তাই আমি আপনাকে একজন বিশেষজ্ঞ ডাক্তারের সাথে সরাসরি পরামর্শ করার পরামর্শ দিচ্ছি। প্রয়োজনীয় পরীক্ষা-নিরীক্ষা করানো উচিত এবং রিপোর্ট অনুযায়ী চিকিৎসা শুরু করা যেতে পারে। এই সময়ে পর্যাপ্ত বিশ্রাম নিন, প্রচুর পানি পান করুন এবং স্বাস্থ্যকর খাবার খান। ডাক্তারের পরামর্শ ছাড়া কোনো ওষুধ সেবন করবেন না। যদি সমস্যা বাড়তে থাকে বা তীব্র হয়, তাহলে দেরি না করে দ্রুত ডাক্তারের শরণাপন্ন হন। আশা করি এই উত্তরটি আপনাকে সাহায্য করবে। আরও কোনো প্রশ্ন থাকলে নির্দ্বিধায় জিজ্ঞাসা করতে পারেন। ধন্যবাদ।"
108681,"হেলো, নাসেনিয়া ডকে আপনাকে স্বাগতম। আপনার অনুসন্ধানের জন্য ধন্যবাদ। আমি আপনার প্রশ্নটি দেখেছি এবং আপনার উদ্বেগ বুঝতে পেরেছি। আমি যথাসাধ্য আপনাকে সাহায্য করার চেষ্টা করব। আপনার বর্ণনা করা লক্ষণগুলো বিভিন্ন কারণে হতে পারে এবং এর সঠিক কারণ নির্ণয়ের জন্য একটি বিস্তারিত পরীক্ষা প্রয়োজন। তাই আমি আপনাকে একজন বিশেষজ্ঞ ডাক্তারের সাথে সরাসরি পরামর্শ করার পরামর্শ দিচ্ছি। প্রয়োজনীয় পরীক্ষা-নিরীক্ষা করানো উচিত এবং রিপোর্ট অনুযায়ী চিকিৎসা শুরু করা যেতে পারে। এই সময়ে পর্যাপ্ত বিশ্রাম নিন, প্রচুর পানি পান করুন এবং স্বাস্থ্যকর খাবার খান। ডাক্তারের পরামর্শ ছাড়া কোনো ওষুধ সেবন করবেন না। যদি সমস্যা বাড়তে থাকে বা তীব্র হয়, তাহলে দেরি না করে দ্রুত ডাক্তারের শরণাপন্ন হন। আশা করি এই উত্তরটি আপনাকে সাহায্য করবে। আরও কোনো প্রশ্ন থাকলে নির্দ্বিধায় জিজ্ঞাসা করতে পারেন। ধন্যবাদ।"
4911,"হেলো, নাসেনিয়া ডকে আপনাকে স্বাগতম। আপনার অনুসন্ধানের জন্য ধন্যবাদ। আমি আপনার প্রশ্নটি দেখেছি এবং আপনার উদ্বেগ বুঝতে পেরেছি। আমি যথাসাধ্য আপনাকে সাহায্য করার চেষ্টা করব। আপনার বর্ণনা করা লক্ষণগুলো বিভিন্ন কারণে হতে পারে এবং এর সঠিক কারণ নির্ণয়ের জন্য একটি বিস্তারিত পরীক্ষা প্রয়োজন। তাই আমি আপনাকে একজন বিশেষজ্ঞ ডাক্তারের সাথে সরাসরি পরামর্শ করার পরামর্শ দিচ্ছি। প্রয়োজনীয় পরীক্ষা-নিরীক্ষা করানো উচিত এবং রিপোর্ট অনুযায়ী চিকিৎসা শুরু করা যেতে পারে। এই সময়ে পর্যাপ্ত বিশ্রাম নিন, প্রচুর পানি পান করুন এবং স্বাস্থ্যকর খাবার খান। ডাক্তারের পরামর্শ ছাড়া কোনো ওষুধ সেবন করবেন না। যদি সমস্যা বাড়তে থাকে বা তীব্র হয়, তাহলে দেরি না করে দ্রুত ডাক্তারের শরণাপন্ন হন। আশা করি এই উত্তরটি আপনাকে সাহায্য করবে। আরও কোনো প্রশ্ন থাকলে নির্দ্বিধায় জিজ্ঞাসা করতে পারেন। ধন্যবাদ।"
74536,"হেলো, নাসেনিয়া ডকে আপনাকে স্বাগতম। আপনার অনুসন্ধানের জন্য ধন্যবাদ। আমি আপনার প্রশ্নটি দেখেছি এবং আপনার উদ্বেগ বুঝতে পেরেছি। আমি যথাসাধ্য আপনাকে সাহায্য করার চেষ্টা করব। আপনার বর্ণনা করা লক্ষণগুলো বিভিন্ন কারণে হতে পারে এবং এর সঠিক কারণ নির্ণয়ের জন্য একটি বিস্তারিত পরীক্ষা প্রয়োজন। তাই আমি আপনাকে একজন বিশেষজ্ঞ ডাক্তারের সাথে সরাসরি পরামর্শ করার পরামর্শ দিচ্ছি। প্রয়োজনীয় পরীক্ষা-নিরীক্ষা করানো উচিত এবং রিপোর্ট অনুযায়ী চিকিৎসা শুরু করা যেতে পারে। এই সময়ে পর্যাপ্ত বিশ্রাম নিন, প্রচুর পানি পান করুন এবং স্বাস্থ্যকর খাবার খান। ডাক্তারের পরামর্শ ছাড়া কোনো ওষুধ সেবন করবেন না। যদি সমস্যা বাড়তে থাকে বা তীব্র হয়, তাহলে দেরি না করে দ্রুত ডাক্তারের শরণাপন্ন হন। আশা করি এই উত্তরটি আপনাকে সাহায্য করবে। আরও কোনো প্রশ্ন থাকলে নির্দ্বিধায় জিজ্ঞাসা করতে পারেন। ধন্যবাদ।"
50655,"হেলো, নাসেনিয়া ডকে আপনাকে স্বাগতম। আপনার অনুসন্ধানের জন্য ধন্যবাদ। আমি আপনার প্রশ্নটি দেখেছি এবং আপনার উদ্বেগ বুঝতে পেরেছি। আমি যথাসাধ্য আপনাকে সাহায্য করার চেষ্টা করব। আপনার বর্ণনা করা লক্ষণগুলো বিভিন্ন কারণে হতে পারে এবং এর সঠিক কারণ নির্ণয়ের জন্য একটি বিস্তারিত পরীক্ষা প্রয়োজন। তাই আমি আপনাকে একজন বিশেষজ্ঞ ডাক্তারের সাথে সরাসরি পরামর্শ করার পরামর্শ দিচ্ছি। প্রয়োজনীয় পরীক্ষা-নিরীক্ষা করানো উচিত এবং রিপোর্ট অনুযায়ী চিকিৎসা শুরু করা যেতে পারে। এই সময়ে পর্যাপ্ত বিশ্রাম নিন, প্রচুর পানি পান করুন এবং স্বাস্থ্যকর খাবার খান। ডাক্তারের পরামর্শ ছাড়া কোনো ওষুধ সেবন করবেন না। যদি সমস্যা বাড়তে থাকে বা তীব্র হয়, তাহলে দেরি না করে দ্রুত ডাক্তারের শরণাপন্ন হন। আশা করি এই উত্তরটি আপনাকে সাহায্য করবে। আরও কোনো প্রশ্ন থাকলে নির্দ্বিধায় জিজ্ঞাসা করতে পারেন। ধন্যবাদ।"
92738,"হেলো, নাসেনিয়া ডকে আপনাকে স্বাগতম। আপনার অনুসন্ধানের জন্য ধন্যবাদ। আমি আপনার প্রশ্নটি দেখেছি এবং আপনার উদ্বেগ বুঝতে পেরেছি। আমি যথাসাধ্য আপনাকে সাহায্য করার চেষ্টা করব। আপনার বর্ণনা করা লক্ষণগুলো বিভিন্ন কারণে হতে পারে এবং এর সঠিক কারণ নির্ণয়ের জন্য একটি বিস্তারিত পরীক্ষা প্রয়োজন। তাই আমি আপনাকে একজন বিশেষজ্ঞ ডাক্তারের সাথে সরাসরি পরামর্শ করার পরামর্শ দিচ্ছি। প্রয়োজনীয় পরীক্ষা-নিরীক্ষা করানো উচিত এবং রিপোর্ট অনুযায়ী চিকিৎসা শুরু করা যেতে পারে। এই সময়ে পর্যাপ্ত বিশ্রাম নিন, প্রচুর পানি পান করুন এবং স্বাস্থ্যকর খাবার খান। ডাক্তারের পরামর্শ ছাড়া কোনো ওষুধ সেবন করবেন না। যদি সমস্যা বাড়তে থাকে বা তীব্র হয়, তাহলে দেরি না করে দ্রুত ডাক্তারের শরণাপন্ন হন। আশা করি এই উত্তরটি আপনাকে সাহায্য করবে। আরও কোনো প্রশ্ন থাকলে নির্দ্বিধায় জিজ্ঞাসা করতে পারেন। ধন্যবাদ।"
98188,"হেলো, নাসেনিয়া ডকে আপনাকে স্বাগতম। আপনার অনুসন্ধানের জন্য ধন্যবাদ। আমি আপনার প্রশ্নটি দেখেছি এবং আপনার উদ্বেগ বুঝতে পেরেছি। আমি যথাসাধ্য আপনাকে সাহায্য করার চেষ্টা করব। আপনার বর্ণনা করা লক্ষণগুলো বিভিন্ন কারণে হতে পারে এবং এর সঠিক কারণ নির্ণয়ের জন্য একটি বিস্তারিত পরীক্ষা প্রয়োজন। তাই আমি আপনাকে একজন বিশেষজ্ঞ ডাক্তারের সাথে সরাসরি পরামর্শ করার পরামর্শ দিচ্ছি। প্রয়োজনীয় পরীক্ষা-নিরীক্ষা করানো উচিত এবং রিপোর্ট অনুযায়ী চিকিৎসা শুরু করা যেতে পারে। এই সময়ে পর্যাপ্ত বিশ্রাম নিন, প্রচুর পানি পান করুন এবং স্বাস্থ্যকর খাবার খান। ডাক্তারের পরামর্শ ছাড়া কোনো ওষুধ সেবন করবেন না। যদি সমস্যা বাড়তে থাকে বা তীব্র হয়, তাহলে দেরি না করে দ্রুত ডাক্তারের শরণাপন্ন হন। আশা করি এই উত্তরটি আপনাকে সাহায্য করবে। আরও কোনো প্রশ্ন থাকলে নির্দ্বিধায় জিজ্ঞাসা করতে পারেন। ধন্যবাদ।"
9654,"হেলো, নাসেনিয়া ডকে আপনাকে স্বাগতম। আপনার অনুসন্ধানের জন্য ধন্যবাদ। আমি আপনার প্রশ্নটি দেখেছি এবং আপনার উদ্বেগ বুঝতে পেরেছি। আমি যথাসাধ্য আপনাকে সাহায্য করার চেষ্টা করব। আপনার বর্ণনা করা লক্ষণগুলো বিভিন্ন কারণে হতে পারে এবং এর সঠিক কারণ নির্ণয়ের জন্য একটি বিস্তারিত পরীক্ষা প্রয়োজন। তাই আমি আপনাকে একজন বিশেষজ্ঞ ডাক্তারের সাথে সরাসরি পরামর্শ করার পরামর্শ দিচ্ছি। প্রয়োজনীয় পরীক্ষা-নিরীক্ষা করানো উচিত এবং রিপোর্ট অনুযায়ী চিকিৎসা শুরু করা যেতে পারে। এই সময়ে পর্যাপ্ত বিশ্রাম নিন, প্রচুর পানি পান করুন এবং স্বাস্থ্যকর খাবার খান। ডাক্তারের পরামর্শ ছাড়া কোনো ওষুধ সেবন করবেন না। যদি সমস্যা বাড়তে থাকে বা তীব্র হয়, তাহলে দেরি না করে দ্রুত ডাক্তারের শরণাপন্ন হন। আশা করি এই উত্তরটি আপনাকে সাহায্য করবে। আরও কোনো প্রশ্ন থাকলে নির্দ্বিধায় জিজ্ঞাসা করতে পারেন। ধন্যবাদ।"
45646,"হেলো, নাসেনিয়া ডকে আপনাকে স্বাগতম। আপনার অনুসন্ধানের জন্য ধন্যবাদ। আমি আপনার প্রশ্নটি দেখেছি এবং আপনার উদ্বেগ বুঝতে পেরেছি। আমি যথাসাধ্য আপনাকে সাহায্য করার চেষ্টা করব। আপনার বর্ণনা করা লক্ষণগুলো বিভিন্ন কারণে হতে পারে এবং এর সঠিক কারণ নির্ণয়ের জন্য একটি বিস্তারিত পরীক্ষা প্রয়োজন। তাই আমি আপনাকে একজন বিশেষজ্ঞ ডাক্তারের সাথে সরাসরি পরামর্শ করার পরামর্শ দিচ্ছি। প্রয়োজনীয় পরীক্ষা-নিরীক্ষা করানো উচিত এবং রিপোর্ট অনুযায়ী চিকিৎসা শুরু করা যেতে পারে। এই সময়ে পর্যাপ্ত বিশ্রাম নিন, প্রচুর পানি পান করুন এবং স্বাস্থ্যকর খাবার খান। ডাক্তারের পরামর্শ ছাড়া কোনো ওষুধ সেবন করবেন না। যদি সমস্যা বাড়তে থাকে বা তীব্র হয়, তাহলে দেরি না করে দ্রুত ডাক্তারের শরণাপন্ন হন। আশা করি এই উত্তরটি আপনাকে সাহায্য করবে। আরও কোনো প্রশ্ন থাকলে নির্দ্বিধায় জিজ্ঞাসা করতে পারেন। ধন্যবাদ।"
97701,"হেলো, নাসেনিয়া ডকে আপনাকে স্বাগতম। আপনার অনুসন্ধানের জন্য ধন্যবাদ। আমি আপনার প্রশ্নটি দেখেছি এবং আপনার উদ্বেগ বুঝতে পেরেছি। আমি যথাসাধ্য আপনাকে সাহায্য করার চেষ্টা করব। আপনার বর্ণনা করা লক্ষণগুলো বিভিন্ন কারণে হতে পারে এবং এর সঠিক কারণ নির্ণয়ের জন্য একটি বিস্তারিত পরীক্ষা প্রয়োজন। তাই আমি আপনাকে একজন বিশেষজ্ঞ ডাক্তারের সাথে সরাসরি পরামর্শ করার পরামর্শ দিচ্ছি। প্রয়োজনীয় পরীক্ষা-নিরীক্ষা করানো উচিত এবং রিপোর্ট অনুযায়ী চিকিৎসা শুরু করা যেতে পারে। এই সময়ে পর্যাপ্ত বিশ্রাম নিন, প্রচুর পানি পান করুন এবং স্বাস্থ্যকর খাবার খান। ডাক্তারের পরামর্শ ছাড়া কোনো ওষুধ সেবন করবেন না। যদি সমস্যা বাড়তে থাকে বা তীব্র হয়, তাহলে দেরি না করে দ্রুত ডাক্তারের শরণাপন্ন হন। আশা করি এই উত্তরটি আপনাকে সাহায্য করবে। আরও কোনো প্রশ্ন থাকলে নির্দ্বিধায় জিজ্ঞাসা করতে পারেন। ধন্যবাদ।"
83159,"হেলো, নাসেনিয়া ডকে আপনাকে স্বাগতম। আপনার অনুসন্ধানের জন্য ধন্যবাদ। আমি আপনার প্রশ্নটি দেখেছি এবং আপনার উদ্বেগ বুঝতে পেরেছি। আমি যথাসাধ্য আপনাকে সাহায্য করার চেষ্টা করব। আপনার বর্ণনা করা লক্ষণগুলো বিভিন্ন কারণে হতে পারে এবং এর সঠিক কারণ নির্ণয়ের জন্য একটি বিস্তারিত পরীক্ষা প্রয়োজন। তাই আমি আপনাকে একজন বিশেষজ্ঞ ডাক্তারের সাথে সরাসরি পরামর্শ করার পরামর্শ দিচ্ছি। প্রয়োজনীয় পরীক্ষা-নিরীক্ষা করানো উচিত এবং রিপোর্ট অনুযায়ী চিকিৎসা শুরু করা যেতে পারে। এই সময়ে পর্যাপ্ত বিশ্রাম নিন, প্রচুর পানি পান করুন এবং স্বাস্থ্যকর খাবার খান। ডাক্তারের পরামর্শ ছাড়া কোনো ওষুধ সেবন করবেন না। যদি সমস্যা বাড়তে থাকে বা তীব্র হয়, তাহলে দেরি না করে দ্রুত ডাক্তারের শরণাপন্ন হন। আশা করি এই উত্তরটি আপনাকে সাহায্য করবে। আরও কোনো প্রশ্ন থাকলে নির্দ্বিধায় জিজ্ঞাসা করতে পারেন। ধন্যবাদ।"
49631,"হেলো, নাসেনিয়া ডকে আপনাকে স্বাগতম। আপনার অনুসন্ধানের জন্য ধন্যবাদ। আমি আপনার প্রশ্নটি দেখেছি এবং আপনার উদ্বেগ বুঝতে পেরেছি। আমি যথাসাধ্য আপনাকে সাহায্য করার চেষ্টা করব। আপনার বর্ণনা করা লক্ষণগুলো বিভিন্ন কারণে হতে পারে এবং এর সঠিক কারণ নির্ণয়ের জন্য একটি বিস্তারিত পরীক্ষা প্রয়োজন। তাই আমি আপনাকে একজন বিশেষজ্ঞ ডাক্তারের সাথে সরাসরি পরামর্শ করার পরামর্শ দিচ্ছি। প্রয়োজনীয় পরীক্ষা-নিরীক্ষা করানো উচিত এবং রিপোর্ট অনুযায়ী চিকিৎসা শুরু করা যেতে পারে। এই সময়ে পর্যাপ্ত বিশ্রাম নিন, প্রচুর পানি পান করুন এবং স্বাস্থ্যকর খাবার খান। ডাক্তারের পরামর্শ ছাড়া কোনো ওষুধ সেবন করবেন না। যদি সমস্যা বাড়তে থাকে বা তীব্র হয়, তাহলে দেরি না করে দ্রুত ডাক্তারের শরণাপন্ন হন। আশা করি এই উত্তরটি আপনাকে সাহায্য করবে। আরও কোনো প্রশ্ন থাকলে নির্দ্বিধায় জিজ্ঞাসা করতে পারেন। ধন্যবাদ।"
33538,"হেলো, নাসেনিয়া ডকে আপনাকে স্বাগতম। আপনার অনুসন্ধানের জন্য ধন্যবাদ। আমি আপনার প্রশ্নটি দেখেছি এবং আপনার উদ্বেগ বুঝতে পেরেছি। আমি যথাসাধ্য আপনাকে সাহায্য করার চেষ্টা করব। আপনার বর্ণনা করা লক্ষণগুলো বিভিন্ন কারণে হতে পারে এবং এর সঠিক কারণ নির্ণয়ের জন্য একটি বিস্তারিত পরীক্ষা প্রয়োজন। তাই আমি আপনাকে একজন বিশেষজ্ঞ ডাক্তারের সাথে সরাসরি পরামর্শ করার পরামর্শ দিচ্ছি। প্রয়োজনীয় পরীক্ষা-নিরীক্ষা করানো উচিত এবং রিপোর্ট অনুযায়ী চিকিৎসা শুরু করা যেতে পারে। এই সময়ে পর্যাপ্ত বিশ্রাম নিন, প্রচুর পানি পান করুন এবং স্বাস্থ্যকর খাবার খান। ডাক্তারের পরামর্শ ছাড়া কোনো ওষুধ সেবন করবেন না। যদি সমস্যা বাড়তে থাকে বা তীব্র হয়, তাহলে দেরি না করে দ্রুত ডাক্তারের শরণাপন্ন হন। আশা করি এই উত্তরটি আপনাকে সাহায্য করবে। আরও কোনো প্রশ্ন থাকলে নির্দ্বিধায় জিজ্ঞাসা করতে পারেন। ধন্যবাদ।"
28829,"হেলো, নাসেনিয়া ডকে আপনাকে স্বাগতম। আপনার অনুসন্ধানের জন্য ধন্যবাদ। আমি আপনার প্রশ্নটি দেখেছি এবং আপনার উদ্বেগ বুঝতে পেরেছি। আমি যথাসাধ্য আপনাকে সাহায্য করার চেষ্টা করব। আপনার বর্ণনা করা লক্ষণগুলো বিভিন্ন কারণে হতে পারে এবং এর সঠিক কারণ নির্ণয়ের জন্য একটি বিস্তারিত পরীক্ষা প্রয়োজন। তাই আমি আপনাকে একজন বিশেষজ্ঞ ডাক্তারের সাথে সরাসরি পরামর্শ করার পরামর্শ দিচ্ছি। প্রয়োজনীয় পরীক্ষা-নিরীক্ষা করানো উচিত এবং রিপোর্ট অনুযায়ী চিকিৎসা শুরু করা যেতে পারে। এই সময়ে পর্যাপ্ত বিশ্রাম নিন, প্রচুর পানি পান করুন এবং স্বাস্থ্যকর খাবার খান। ডাক্তারের পরামর্শ ছাড়া কোনো ওষুধ সেবন করবেন না। যদি সমস্যা বাড়তে থাকে বা তীব্র হয়, তাহলে দেরি না করে দ্রুত ডাক্তারের শরণাপন্ন হন। আশা করি এই উত্তরটি আপনাকে সাহায্য করবে। আরও কোনো প্রশ্ন থাকলে নির্দ্বিধায় জিজ্ঞাসা করতে পারেন। ধন্যবাদ।"
54282,"হেলো, নাসেনিয়া ডকে আপনাকে স্বাগতম। আপনার অনুসন্ধানের জন্য ধন্যবাদ। আমি আপনার প্রশ্নটি দেখেছি এবং আপনার উদ্বেগ বুঝতে পেরেছি। আমি যথাসাধ্য আপনাকে সাহায্য করার চেষ্টা করব। আপনার বর্ণনা করা লক্ষণগুলো বিভিন্ন কারণে হতে পারে এবং এর সঠিক কারণ নির্ণয়ের জন্য একটি বিস্তারিত পরীক্ষা প্রয়োজন। তাই আমি আপনাকে একজন বিশেষজ্ঞ ডাক্তারের সাথে সরাসরি পরামর্শ করার পরামর্শ দিচ্ছি। প্রয়োজনীয় পরীক্ষা-নিরীক্ষা করানো উচিত এবং রিপোর্ট অনুযায়ী চিকিৎসা শুরু করা যেতে পারে। এই সময়ে পর্যাপ্ত বিশ্রাম নিন, প্রচুর পানি পান করুন এবং স্বাস্থ্যকর খাবার খান। ডাক্তারের পরামর্শ ছাড়া কোনো ওষুধ সেবন করবেন না। যদি সমস্যা বাড়তে থাকে বা তীব্র হয়, তাহলে দেরি না করে দ্রুত ডাক্তারের শরণাপন্ন হন। আশা করি এই উত্তরটি আপনাকে সাহায্য করবে। আরও কোনো প্রশ্ন থাকলে নির্দ্বিধায় জিজ্ঞাসা করতে পারেন। ধন্যবাদ।"
18902,"হেলো, নাসেনিয়া ডকে আপনাকে স্বাগতম। আপনার অনুসন্ধানের জন্য ধন্যবাদ। আমি আপনার প্রশ্নটি দেখেছি এবং আপনার উদ্বেগ বুঝতে পেরেছি। আমি যথাসাধ্য আপনাকে সাহায্য করার চেষ্টা করব। আপনার বর্ণনা করা লক্ষণগুলো বিভিন্ন কারণে হতে পারে এবং এর সঠিক কারণ নির্ণয়ের জন্য একটি বিস্তারিত পরীক্ষা প্রয়োজন। তাই আমি আপনাকে একজন বিশেষজ্ঞ ডাক্তারের সাথে সরাসরি পরামর্শ করার পরামর্শ দিচ্ছি। প্রয়োজনীয় পরীক্ষা-নিরীক্ষা করানো উচিত এবং রিপোর্ট অনুযায়ী চিকিৎসা শুরু করা যেতে পারে। এই সময়ে পর্যাপ্ত বিশ্রাম নিন, প্রচুর পানি পান করুন এবং স্বাস্থ্যকর খাবার খান। ডাক্তারের পরামর্শ ছাড়া কোনো ওষুধ সেবন করবেন না। যদি সমস্যা বাড়তে থাকে বা তীব্র হয়, তাহলে দেরি না করে দ্রুত ডাক্তারের শরণাপন্ন হন। আশা করি এই উত্তরটি আপনাকে সাহায্য করবে। আরও কোনো প্রশ্ন থাকলে নির্দ্বিধায় জিজ্ঞাসা করতে পারেন। ধন্যবাদ।"
108354,"হেলো, নাসেনিয়া ডকে আপনাকে স্বাগতম। আপনার অনুসন্ধানের জন্য ধন্যবাদ। আমি আপনার প্রশ্নটি দেখেছি এবং আপনার উদ্বেগ বুঝতে পেরেছি। আমি যথাসাধ্য আপনাকে সাহায্য করার চেষ্টা করব। আপনার বর্ণনা করা লক্ষণগুলো বিভিন্ন কারণে হতে পারে এবং এর সঠিক কারণ নির্ণয়ের জন্য একটি বিস্তারিত পরীক্ষা প্রয়োজন। তাই আমি আপনাকে একজন বিশেষজ্ঞ ডাক্তারের সাথে সরাসরি পরামর্শ করার পরামর্শ দিচ্ছি। প্রয়োজনীয় পরীক্ষা-নিরীক্ষা করানো উচিত এবং রিপোর্ট অনুযায়ী চিকিৎসা শুরু করা যেতে পারে। এই সময়ে পর্যাপ্ত বিশ্রাম নিন, প্রচুর পানি পান করুন এবং স্বাস্থ্যকর খাবার খান। ডাক্তারের পরামর্শ ছাড়া কোনো ওষুধ সেবন করবেন না। যদি সমস্যা বাড়তে থাকে বা তীব্র হয়, তাহলে দেরি না করে দ্রুত ডাক্তারের শরণাপন্ন হন। আশা করি এই উত্তরটি আপনাকে সাহায্য করবে। আরও কোনো প্রশ্ন থাকলে নির্দ্বিধায় জিজ্ঞাসা করতে পারেন। ধন্যবাদ।"
11696,"হেলো, নাসেনিয়া ডকে আপনাকে স্বাগতম। আপনার অনুসন্ধানের জন্য ধন্যবাদ। আমি আপনার প্রশ্নটি দেখেছি এবং আপনার উদ্বেগ বুঝতে পেরেছি। আমি যথাসাধ্য আপনাকে সাহায্য করার চেষ্টা করব। আপনার বর্ণনা করা লক্ষণগুলো বিভিন্ন কারণে হতে পারে এবং এর সঠিক কারণ নির্ণয়ের জন্য একটি বিস্তারিত পরীক্ষা প্রয়োজন। তাই আমি আপনাকে একজন বিশেষজ্ঞ ডাক্তারের সাথে সরাসরি পরামর্শ করার পরামর্শ দিচ্ছি। প্রয়োজনীয় পরীক্ষা-নিরীক্ষা করানো উচিত এবং রিপোর্ট অনুযায়ী চিকিৎসা শুরু করা যেতে পারে। এই সময়ে পর্যাপ্ত বিশ্রাম নিন, প্রচুর পানি পান করুন এবং স্বাস্থ্যকর খাবার খান। ডাক্তারের পরামর্শ ছাড়া কোনো ওষুধ সেবন করবেন না। যদি সমস্যা বাড়তে থাকে বা তীব্র হয়, তাহলে দেরি না করে দ্রুত ডাক্তারের শরণাপন্ন হন। আশা করি এই উত্তরটি আপনাকে সাহায্য করবে। আরও কোনো প্রশ্ন থাকলে নির্দ্বিধায় জিজ্ঞাসা করতে পারেন। ধন্যবাদ।"
91011,"হেলো, নাসেনিয়া ডকে আপনাকে স্বাগতম। আপনার অনুসন্ধানের জন্য ধন্যবাদ। আমি আপনার প্রশ্নটি দেখেছি এবং আপনার উদ্বেগ বুঝতে পেরেছি। আমি যথাসাধ্য আপনাকে সাহায্য করার চেষ্টা করব। আপনার বর্ণনা করা লক্ষণগুলো বিভিন্ন কারণে হতে পারে এবং এর সঠিক কারণ নির্ণয়ের জন্য একটি বিস্তারিত পরীক্ষা প্রয়োজন। তাই আমি আপনাকে একজন বিশেষজ্ঞ ডাক্তারের সাথে সরাসরি পরামর্শ করার পরামর্শ দিচ্ছি। প্রয়োজনীয় পরীক্ষা-নিরীক্ষা করানো উচিত এবং রিপোর্ট অনুযায়ী চিকিৎসা শুরু করা যেতে পারে। এই সময়ে পর্যাপ্ত বিশ্রাম নিন, প্রচুর পানি পান করুন এবং স্বাস্থ্যকর খাবার খান। ডাক্তারের পরামর্শ ছাড়া কোনো ওষুধ সেবন করবেন না। যদি সমস্যা বাড়তে থাকে বা তীব্র হয়, তাহলে দেরি না করে দ্রুত ডাক্তারের শরণাপন্ন হন। আশা করি এই উত্তরটি আপনাকে সাহায্য করবে। আরও কোনো প্রশ্ন থাকলে নির্দ্বিধায় জিজ্ঞাসা করতে পারেন। ধন্যবাদ।"
89186,"হেলো, নাসেনিয়া ডকে আপনাকে স্বাগতম। আপনার অনুসন্ধানের জন্য ধন্যবাদ। আমি আপনার প্রশ্নটি দেখেছি এবং আপনার উদ্বেগ বুঝতে পেরেছি। আমি যথাসাধ্য আপনাকে সাহায্য করার চেষ্টা করব। আপনার বর্ণনা করা লক্ষণগুলো বিভিন্ন কারণে হতে পারে এবং এর সঠিক কারণ নির্ণয়ের জন্য একটি বিস্তারিত পরীক্ষা প্রয়োজন। তাই আমি আপনাকে একজন বিশেষজ্ঞ ডাক্তারের সাথে সরাসরি পরামর্শ করার পরামর্শ দিচ্ছি। প্রয়োজনীয় পরীক্ষা-নিরীক্ষা করানো উচিত এবং রিপোর্ট অনুযায়ী চিকিৎসা শুরু করা যেতে পারে। এই সময়ে পর্যাপ্ত বিশ্রাম নিন, প্রচুর পানি পান করুন এবং স্বাস্থ্যকর খাবার খান। ডাক্তারের পরামর্শ ছাড়া কোনো ওষুধ সেবন করবেন না। যদি সমস্যা বাড়তে থাকে বা তীব্র হয়, তাহলে দেরি না করে দ্রুত ডাক্তারের শরণাপন্ন হন। আশা করি এই উত্তরটি আপনাকে সাহায্য করবে। আরও কোনো প্রশ্ন থাকলে নির্দ্বিধায় জিজ্ঞাসা করতে পারেন। ধন্যবাদ।"
7538,"হেলো, নাসেনিয়া ডকে আপনাকে স্বাগতম। আপনার অনুসন্ধানের জন্য ধন্যবাদ। আমি আপনার প্রশ্নটি দেখেছি এবং আপনার উদ্বেগ বুঝতে পেরেছি। আমি যথাসাধ্য আপনাকে সাহায্য করার চেষ্টা করব। আপনার বর্ণনা করা লক্ষণগুলো বিভিন্ন কারণে হতে পারে এবং এর সঠিক কারণ নির্ণয়ের জন্য একটি বিস্তারিত পরীক্ষা প্রয়োজন। তাই আমি আপনাকে একজন বিশেষজ্ঞ ডাক্তারের সাথে সরাসরি পরামর্শ করার পরামর্শ দিচ্ছি। প্রয়োজনীয় পরীক্ষা-নিরীক্ষা করানো উচিত এবং রিপোর্ট অনুযায়ী চিকিৎসা শুরু করা যেতে পারে। এই সময়ে পর্যাপ্ত বিশ্রাম নিন, প্রচুর পানি পান করুন এবং স্বাস্থ্যকর খাবার খান। ডাক্তারের পরামর্শ ছাড়া কোনো ওষুধ সেবন করবেন না। যদি সমস্যা বাড়তে থাকে বা তীব্র হয়, তাহলে দেরি না করে দ্রুত ডাক্তারের শরণাপন্ন হন। আশা করি এই উত্তরটি আপনাকে সাহায্য করবে। আরও কোনো প্রশ্ন থাকলে নির্দ্বিধায় জিজ্ঞাসা করতে পারেন। ধন্যবাদ।"
99512,"হেলো, নাসেনিয়া ডকে আপনাকে স্বাগতম। আপনার অনুসন্ধানের জন্য ধন্যবাদ। আমি আপনার প্রশ্নটি দেখেছি এবং আপনার উদ্বেগ বুঝতে পেরেছি। আমি যথাসাধ্য আপনাকে সাহায্য করার চেষ্টা করব। আপনার বর্ণনা করা লক্ষণগুলো বিভিন্ন কারণে হতে পারে এবং এর সঠিক কারণ নির্ণয়ের জন্য একটি বিস্তারিত পরীক্ষা প্রয়োজন। তাই আমি আপনাকে একজন বিশেষজ্ঞ ডাক্তারের সাথে সরাসরি পরামর্শ করার পরামর্শ দিচ্ছি। প্রয়োজনীয় পরীক্ষা-নিরীক্ষা করানো উচিত এবং রিপোর্ট অনুযায়ী চিকিৎসা শুরু করা যেতে পারে। এই সময়ে পর্যাপ্ত বিশ্রাম নিন, প্রচুর পানি পান করুন এবং স্বাস্থ্যকর খাবার খান। ডাক্তারের পরামর্শ ছাড়া কোনো ওষুধ সেবন করবেন না। যদি সমস্যা বাড়তে থাকে বা তীব্র হয়, তাহলে দেরি না করে দ্রুত ডাক্তারের শরণাপন্ন হন। আশা করি এই উত্তরটি আপনাকে সাহায্য করবে। আরও কোনো প্রশ্ন থাকলে নির্দ্বিধায় জিজ্ঞাসা করতে পারেন। ধন্যবাদ।"
55991,"হেলো, নাসেনিয়া ডকে আপনাকে স্বাগতম। আপনার অনুসন্ধানের জন্য ধন্যবাদ। আমি আপনার প্রশ্নটি দেখেছি এবং আপনার উদ্বেগ বুঝতে পেরেছি। আমি যথাসাধ্য আপনাকে সাহায্য করার চেষ্টা করব। আপনার বর্ণনা করা লক্ষণগুলো বিভিন্ন কারণে হতে পারে এবং এর সঠিক কারণ নির্ণয়ের জন্য একটি বিস্তারিত পরীক্ষা প্রয়োজন। তাই আমি আপনাকে একজন বিশেষজ্ঞ ডাক্তারের সাথে সরাসরি পরামর্শ করার পরামর্শ দিচ্ছি। প্রয়োজনীয় পরীক্ষা-নিরীক্ষা করানো উচিত এবং রিপোর্ট অনুযায়ী চিকিৎসা শুরু করা যেতে পারে। এই সময়ে পর্যাপ্ত বিশ্রাম নিন, প্রচুর পানি পান করুন এবং স্বাস্থ্যকর খাবার খান। ডাক্তারের পরামর্শ ছাড়া কোনো ওষুধ সেবন করবেন না। যদি সমস্যা বাড়তে থাকে বা তীব্র হয়, তাহলে দেরি না করে দ্রুত ডাক্তারের শরণাপন্ন হন। আশা করি এই উত্তরটি আপনাকে সাহায্য করবে। আরও কোনো প্রশ্ন থাকলে নির্দ্বিধায় জিজ্ঞাসা করতে পারেন। ধন্যবাদ।"
47975,"হেলো, নাসেনিয়া ডকে আপনাকে স্বাগতম। আপনার অনুসন্ধানের জন্য ধন্যবাদ। আমি আপনার প্রশ্নটি দেখেছি এবং আপনার উদ্বেগ বুঝতে পেরেছি। আমি যথাসাধ্য আপনাকে সাহায্য করার চেষ্টা করব। আপনার বর্ণনা করা লক্ষণগুলো বিভিন্ন কারণে হতে পারে এবং এর সঠিক কারণ নির্ণয়ের জন্য একটি বিস্তারিত পরীক্ষা প্রয়োজন। তাই আমি আপনাকে একজন বিশেষজ্ঞ ডাক্তারের সাথে সরাসরি পরামর্শ করার পরামর্শ দিচ্ছি। প্রয়োজনীয় পরীক্ষা-নিরীক্ষা করানো উচিত এবং রিপোর্ট অনুযায়ী চিকিৎসা শুরু করা যেতে পারে। এই সময়ে পর্যাপ্ত বিশ্রাম নিন, প্রচুর পানি পান করুন এবং স্বাস্থ্যকর খাবার খান। ডাক্তারের পরামর্শ ছাড়া কোনো ওষুধ সেবন করবেন না। যদি সমস্যা বাড়তে থাকে বা তীব্র হয়, তাহলে দেরি না করে দ্রুত ডাক্তারের শরণাপন্ন হন। আশা করি এই উত্তরটি আপনাকে সাহায্য করবে। আরও কোনো প্রশ্ন থাকলে নির্দ্বিধায় জিজ্ঞাসা করতে পারেন। ধন্যবাদ।"
617,"হেলো, নাসেনিয়া ডকে আপনাকে স্বাগতম। আপনার অনুসন্ধানের জন্য ধন্যবাদ। আমি আপনার প্রশ্নটি দেখেছি এবং আপনার উদ্বেগ বুঝতে পেরেছি। আমি যথাসাধ্য আপনাকে সাহায্য করার চেষ্টা করব। আপনার বর্ণনা করা লক্ষণগুলো বিভিন্ন কারণে হতে পারে এবং এর সঠিক কারণ নির্ণয়ের জন্য একটি বিস্তারিত পরীক্ষা প্রয়োজন। তাই আমি আপনাকে একজন বিশেষজ্ঞ ডাক্তারের সাথে সরাসরি পরামর্শ করার পরামর্শ দিচ্ছি। প্রয়োজনীয় পরীক্ষা-নিরীক্ষা করানো উচিত এবং রিপোর্ট অনুযায়ী চিকিৎসা শুরু করা যেতে পারে। এই সময়ে পর্যাপ্ত বিশ্রাম নিন, প্রচুর পানি পান করুন এবং স্বাস্থ্যকর খাবার খান। ডাক্তারের পরামর্শ ছাড়া কোনো ওষুধ সেবন করবেন না। যদি সমস্যা বাড়তে থাকে বা তীব্র হয়, তাহলে দেরি না করে দ্রুত ডাক্তারের শরণাপন্ন হন। আশা করি এই উত্তরটি আপনাকে সাহায্য করবে। আরও কোনো প্রশ্ন থাকলে নির্দ্বিধায় জিজ্ঞাসা করতে পারেন। ধন্যবাদ।"
97627,"হেলো, নাসেনিয়া ডকে আপনাকে স্বাগতম। আপনার অনুসন্ধানের জন্য ধন্যবাদ। আমি আপনার প্রশ্নটি দেখেছি এবং আপনার উদ্বেগ বুঝতে পেরেছি। আমি যথাসাধ্য আপনাকে সাহায্য করার চেষ্টা করব। আপনার বর্ণনা করা লক্ষণগুলো বিভিন্ন কারণে হতে পারে এবং এর সঠিক কারণ নির্ণয়ের জন্য একটি বিস্তারিত পরীক্ষা প্রয়োজন। তাই আমি আপনাকে একজন বিশেষজ্ঞ ডাক্তারের সাথে সরাসরি পরামর্শ করার পরামর্শ দিচ্ছি। প্রয়োজনীয় পরীক্ষা-নিরীক্ষা করানো উচিত এবং রিপোর্ট অনুযায়ী চিকিৎসা শুরু করা যেতে পারে। এই সময়ে পর্যাপ্ত বিশ্রাম নিন, প্রচুর পানি পান করুন এবং স্বাস্থ্যকর খাবার খান। ডাক্তারের পরামর্শ ছাড়া কোনো ওষুধ সেবন করবেন না। যদি সমস্যা বাড়তে থাকে বা তীব্র হয়, তাহলে দেরি না করে দ্রুত ডাক্তারের শরণাপন্ন হন। আশা করি এই উত্তরটি আপনাকে সাহায্য করবে। আরও কোনো প্রশ্ন থাকলে নির্দ্বিধায় জিজ্ঞাসা করতে পারেন। ধন্যবাদ।"
60041,"হেলো, নাসেনিয়া ডকে আপনাকে স্বাগতম। আপনার অনুসন্ধানের জন্য ধন্যবাদ। আমি আপনার প্রশ্নটি দেখেছি এবং আপনার উদ্বেগ বুঝতে পেরেছি। আমি যথাসাধ্য আপনাকে সাহায্য করার চেষ্টা করব। আপনার বর্ণনা করা লক্ষণগুলো বিভিন্ন কারণে হতে পারে এবং এর সঠিক কারণ নির্ণয়ের জন্য একটি বিস্তারিত পরীক্ষা প্রয়োজন। তাই আমি আপনাকে একজন বিশেষজ্ঞ ডাক্তারের সাথে সরাসরি পরামর্শ করার পরামর্শ দিচ্ছি। প্রয়োজনীয় পরীক্ষা-নিরীক্ষা করানো উচিত এবং রিপোর্ট অনুযায়ী চিকিৎসা শুরু করা যেতে পারে। এই সময়ে পর্যাপ্ত বিশ্রাম নিন, প্রচুর পানি পান করুন এবং স্বাস্থ্যকর খাবার খান। ডাক্তারের পরামর্শ ছাড়া কোনো ওষুধ সেবন করবেন না। যদি সমস্যা বাড়তে থাকে বা তীব্র হয়, তাহলে দেরি না করে দ্রুত ডাক্তারের শরণাপন্ন হন। আশা করি এই উত্তরটি আপনাকে সাহায্য করবে। আরও কোনো প্রশ্ন থাকলে নির্দ্বিধায় জিজ্ঞাসা করতে পারেন। ধন্যবাদ।"
100597,"হেলো, নাসেনিয়া ডকে আপনাকে স্বাগতম। আপনার অনুসন্ধানের জন্য ধন্যবাদ। আমি আপনার প্রশ্নটি দেখেছি এবং আপনার উদ্বেগ বুঝতে পেরেছি। আমি যথাসাধ্য আপনাকে সাহায্য করার চেষ্টা করব। আপনার বর্ণনা করা লক্ষণগুলো বিভিন্ন কারণে হতে পারে এবং এর সঠিক কারণ নির্ণয়ের জন্য একটি বিস্তারিত পরীক্ষা প্রয়োজন। তাই আমি আপনাকে একজন বিশেষজ্ঞ ডাক্তারের সাথে সরাসরি পরামর্শ করার পরামর্শ দিচ্ছি। প্রয়োজনীয় পরীক্ষা-নিরীক্ষা করানো উচিত এবং রিপোর্ট অনুযায়ী চিকিৎসা শুরু করা যেতে পারে। এই সময়ে পর্যাপ্ত বিশ্রাম নিন, প্রচুর পানি পান করুন এবং স্বাস্থ্যকর খাবার খান। ডাক্তারের পরামর্শ ছাড়া কোনো ওষুধ সেবন করবেন না। যদি সমস্যা বাড়তে থাকে বা তীব্র হয়, তাহলে দেরি না করে দ্রুত ডাক্তারের শরণাপন্ন হন। আশা করি এই উত্তরটি আপনাকে সাহায্য করবে। আরও কোনো প্রশ্ন থাকলে নির্দ্বিধায় জিজ্ঞাসা করতে পারেন। ধন্যবাদ।"
103413,"হেলো, নাসেনিয়া ডকে আপনাকে স্বাগতম। আপনার অনুসন্ধানের জন্য ধন্যবাদ। আমি আপনার প্রশ্নটি দেখেছি এবং আপনার উদ্বেগ বুঝতে পেরেছি। আমি যথাসাধ্য আপনাকে সাহায্য করার চেষ্টা করব। আপনার বর্ণনা করা লক্ষণগুলো বিভিন্ন কারণে হতে পারে এবং এর সঠিক কারণ নির্ণয়ের জন্য একটি বিস্তারিত পরীক্ষা প্রয়োজন। তাই আমি আপনাকে একজন বিশেষজ্ঞ ডাক্তারের সাথে সরাসরি পরামর্শ করার পরামর্শ দিচ্ছি। প্রয়োজনীয় পরীক্ষা-নিরীক্ষা করানো উচিত এবং রিপোর্ট অনুযায়ী চিকিৎসা শুরু করা যেতে পারে। এই সময়ে পর্যাপ্ত বিশ্রাম নিন, প্রচুর পানি পান করুন এবং স্বাস্থ্যকর খাবার খান। ডাক্তারের পরামর্শ ছাড়া কোনো ওষুধ সেবন করবেন না। যদি সমস্যা বাড়তে থাকে বা তীব্র হয়, তাহলে দেরি না করে দ্রুত ডাক্তারের শরণাপন্ন হন। আশা করি এই উত্তরটি আপনাকে সাহায্য করবে। আরও কোনো প্রশ্ন থাকলে নির্দ্বিধায় জিজ্ঞাসা করতে পারেন। ধন্যবাদ।"
49496,"হেলো, নাসেনিয়া ডকে আপনাকে স্বাগতম। আপনার অনুসন্ধানের জন্য ধন্যবাদ। আমি আপনার প্রশ্নটি দেখেছি এবং আপনার উদ্বেগ বুঝতে পেরেছি। আমি যথাসাধ্য আপনাকে সাহায্য করার চেষ্টা করব। আপনার বর্ণনা করা লক্ষণগুলো বিভিন্ন কারণে হতে পারে এবং এর সঠিক কারণ নির্ণয়ের জন্য একটি বিস্তারিত পরীক্ষা প্রয়োজন। তাই আমি আপনাকে একজন বিশেষজ্ঞ ডাক্তারের সাথে সরাসরি পরামর্শ করার পরামর্শ দিচ্ছি। প্রয়োজনীয় পরীক্ষা-নিরীক্ষা করানো উচিত এবং রিপোর্ট অনুযায়ী চিকিৎসা শুরু করা যেতে পারে। এই সময়ে পর্যাপ্ত বিশ্রাম নিন, প্রচুর পানি পান করুন এবং স্বাস্থ্যকর খাবার খান। ডাক্তারের পরামর্শ ছাড়া কোনো ওষুধ সেবন করবেন না। যদি সমস্যা বাড়তে থাকে বা তীব্র হয়, তাহলে দেরি না করে দ্রুত ডাক্তারের শরণাপন্ন হন। আশা করি এই উত্তরটি আপনাকে সাহায্য করবে। আরও কোনো প্রশ্ন থাকলে নির্দ্বিধায় জিজ্ঞাসা করতে পারেন। ধন্যবাদ।"
32671,"হেলো, নাসেনিয়া ডকে আপনাকে স্বাগতম। আপনার অনুসন্ধানের জন্য ধন্যবাদ। আমি আপনার প্রশ্নটি দেখেছি এবং আপনার উদ্বেগ বুঝতে পেরেছি। আমি যথাসাধ্য আপনাকে সাহায্য করার চেষ্টা করব। আপনার বর্ণনা করা লক্ষণগুলো বিভিন্ন কারণে হতে পারে এবং এর সঠিক কারণ নির্ণয়ের জন্য একটি বিস্তারিত পরীক্ষা প্রয়োজন। তাই আমি আপনাকে একজন বিশেষজ্ঞ ডাক্তারের সাথে সরাসরি পরামর্শ করার পরামর্শ দিচ্ছি। প্রয়োজনীয় পরীক্ষা-নিরীক্ষা করানো উচিত এবং রিপোর্ট অনুযায়ী চিকিৎসা শুরু করা যেতে পারে। এই সময়ে পর্যাপ্ত বিশ্রাম নিন, প্রচুর পানি পান করুন এবং স্বাস্থ্যকর খাবার খান। ডাক্তারের পরামর্শ ছাড়া কোনো ওষুধ সেবন করবেন না। যদি সমস্যা বাড়তে থাকে বা তীব্র হয়, তাহলে দেরি না করে দ্রুত ডাক্তারের শরণাপন্ন হন। আশা করি এই উত্তরটি আপনাকে সাহায্য করবে। আরও কোনো প্রশ্ন থাকলে নির্দ্বিধায় জিজ্ঞাসা করতে পারেন। ধন্যবাদ।"
28620,"হেলো, নাসেনিয়া ডকে আপনাকে স্বাগতম। আপনার অনুসন্ধানের জন্য ধন্যবাদ। আমি আপনার প্রশ্নটি দেখেছি এবং আপনার উদ্বেগ বুঝতে পেরেছি। আমি যথাসাধ্য আপনাকে সাহায্য করার চেষ্টা করব। আপনার বর্ণনা করা লক্ষণগুলো বিভিন্ন কারণে হতে পারে এবং এর সঠিক কারণ নির্ণয়ের জন্য একটি বিস্তারিত পরীক্ষা প্রয়োজন। তাই আমি আপনাকে একজন বিশেষজ্ঞ ডাক্তারের সাথে সরাসরি পরামর্শ করার পরামর্শ দিচ্ছি। প্রয়োজনীয় পরীক্ষা-নিরীক্ষা করানো উচিত এবং রিপোর্ট অনুযায়ী চিকিৎসা শুরু করা যেতে পারে। এই সময়ে পর্যাপ্ত বিশ্রাম নিন, প্রচুর পানি পান করুন এবং স্বাস্থ্যকর খাবার খান। ডাক্তারের পরামর্শ ছাড়া কোনো ওষুধ সেবন করবেন না। যদি সমস্যা বাড়তে থাকে বা তীব্র হয়, তাহলে দেরি না করে দ্রুত ডাক্তারের শরণাপন্ন হন। আশা করি এই উত্তরটি আপনাকে সাহায্য করবে। আরও কোনো প্রশ্ন থাকলে নির্দ্বিধায় জিজ্ঞাসা করতে পারেন। ধন্যবাদ।"
23549,"হেলো, নাসেনিয়া ডকে আপনাকে স্বাগতম। আপনার অনুসন্ধানের জন্য ধন্যবাদ। আমি আপনার প্রশ্নটি দেখেছি এবং আপনার উদ্বেগ বুঝতে পেরেছি। আমি যথাসাধ্য আপনাকে সাহায্য করার চেষ্টা করব। আপনার বর্ণনা করা লক্ষণগুলো বিভিন্ন কারণে হতে পারে এবং এর সঠিক কারণ নির্ণয়ের জন্য একটি বিস্তারিত পরীক্ষা প্রয়োজন। তাই আমি আপনাকে একজন বিশেষজ্ঞ ডাক্তারের সাথে সরাসরি পরামর্শ করার পরামর্শ দিচ্ছি। প্রয়োজনীয় পরীক্ষা-নিরীক্ষা করানো উচিত এবং রিপোর্ট অনুযায়ী চিকিৎসা শুরু করা যেতে পারে। এই সময়ে পর্যাপ্ত বিশ্রাম নিন, প্রচুর পানি পান করুন এবং স্বাস্থ্যকর খাবার খান। ডাক্তারের পরামর্শ ছাড়া কোনো ওষুধ সেবন করবেন না। যদি সমস্যা বাড়তে থাকে বা তীব্র হয়, তাহলে দেরি না করে দ্রুত ডাক্তারের শরণাপন্ন হন। আশা করি এই উত্তরটি আপনাকে সাহায্য করবে। আরও কোনো প্রশ্ন থাকলে নির্দ্বিধায় জিজ্ঞাসা করতে পারেন। ধন্যবাদ।"
82929,"হেলো, নাসেনিয়া ডকে আপনাকে স্বাগতম। আপনার অনুসন্ধানের জন্য ধন্যবাদ। আমি আপনার প্রশ্নটি দেখেছি এবং আপনার উদ্বেগ বুঝতে পেরেছি। আমি যথাসাধ্য আপনাকে সাহায্য করার চেষ্টা করব। আপনার বর্ণনা করা লক্ষণগুলো বিভিন্ন কারণে হতে পারে এবং এর সঠিক কারণ নির্ণয়ের জন্য একটি বিস্তারিত পরীক্ষা প্রয়োজন। তাই আমি আপনাকে একজন বিশেষজ্ঞ ডাক্তারের সাথে সরাসরি পরামর্শ করার পরামর্শ দিচ্ছি। প্রয়োজনীয় পরীক্ষা-নিরীক্ষা করানো উচিত এবং রিপোর্ট অনুযায়ী চিকিৎসা শুরু করা যেতে পারে। এই সময়ে পর্যাপ্ত বিশ্রাম নিন, প্রচুর পানি পান করুন এবং স্বাস্থ্যকর খাবার খান। ডাক্তারের পরামর্শ ছাড়া কোনো ওষুধ সেবন করবেন না। যদি সমস্যা বাড়তে থাকে বা তীব্র হয়, তাহলে দেরি না করে দ্রুত ডাক্তারের শরণাপন্ন হন। আশা করি এই উত্তরটি আপনাকে সাহায্য করবে। আরও কোনো প্রশ্ন থাকলে নির্দ্বিধায় জিজ্ঞাসা করতে পারেন। ধন্যবাদ।"
26371,"হেলো, নাসেনিয়া ডকে আপনাকে স্বাগতম। আপনার অনুসন্ধানের জন্য ধন্যবাদ। আমি আপনার প্রশ্নটি দেখেছি এবং আপনার উদ্বেগ বুঝতে পেরেছি। আমি যথাসাধ্য আপনাকে সাহায্য করার চেষ্টা করব। আপনার বর্ণনা করা লক্ষণগুলো বিভিন্ন কারণে হতে পারে এবং এর সঠিক কারণ নির্ণয়ের জন্য একটি বিস্তারিত পরীক্ষা প্রয়োজন। তাই আমি আপনাকে একজন বিশেষজ্ঞ ডাক্তারের সাথে সরাসরি পরামর্শ করার পরামর্শ দিচ্ছি। প্রয়োজনীয় পরীক্ষা-নিরীক্ষা করানো উচিত এবং রিপোর্ট অনুযায়ী চিকিৎসা শুরু করা যেতে পারে। এই সময়ে পর্যাপ্ত বিশ্রাম নিন, প্রচুর পানি পান করুন এবং স্বাস্থ্যকর খাবার খান। ডাক্তারের পরামর্শ ছাড়া কোনো ওষুধ সেবন করবেন না। যদি সমস্যা বাড়তে থাকে বা তীব্র হয়, তাহলে দেরি না করে দ্রুত ডাক্তারের শরণাপন্ন হন। আশা করি এই উত্তরটি আপনাকে সাহায্য করবে। আরও কোনো প্রশ্ন থাকলে নির্দ্বিধায় জিজ্ঞাসা করতে পারেন। ধন্যবাদ।"
21902,"হেলো, নাসেনিয়া ডকে আপনাকে স্বাগতম। আপনার অনুসন্ধানের জন্য ধন্যবাদ। আমি আপনার প্রশ্নটি দেখেছি এবং আপনার উদ্বেগ বুঝতে পেরেছি। আমি যথাসাধ্য আপনাকে সাহায্য করার চেষ্টা করব। আপনার বর্ণনা করা লক্ষণগুলো বিভিন্ন কারণে হতে পারে এবং এর সঠিক কারণ নির্ণয়ের জন্য একটি বিস্তারিত পরীক্ষা প্রয়োজন। তাই আমি আপনাকে একজন বিশেষজ্ঞ ডাক্তারের সাথে সরাসরি পরামর্শ করার পরামর্শ দিচ্ছি। প্রয়োজনীয় পরীক্ষা-নিরীক্ষা করানো উচিত এবং রিপোর্ট অনুযায়ী চিকিৎসা শুরু করা যেতে পারে। এই সময়ে পর্যাপ্ত বিশ্রাম নিন, প্রচুর পানি পান করুন এবং স্বাস্থ্যকর খাবার খান। ডাক্তারের পরামর্শ ছাড়া কোনো ওষুধ সেবন করবেন না। যদি সমস্যা বাড়তে থাকে বা তীব্র হয়, তাহলে দেরি না করে দ্রুত ডাক্তারের শরণাপন্ন হন। আশা করি এই উত্তরটি আপনাকে সাহায্য করবে। আরও কোনো প্রশ্ন থাকলে নির্দ্বিধায় জিজ্ঞাসা করতে পারেন। ধন্যবাদ।"
38645,"হেলো, নাসেনিয়া ডকে আপনাকে স্বাগতম। আপনার অনুসন্ধানের জন্য ধন্যবাদ। আমি আপনার প্রশ্নটি দেখেছি এবং আপনার উদ্বেগ বুঝতে পেরেছি। আমি যথাসাধ্য আপনাকে সাহায্য করার চেষ্টা করব। আপনার বর্ণনা করা লক্ষণগুলো বিভিন্ন কারণে হতে পারে এবং এর সঠিক কারণ নির্ণয়ের জন্য একটি বিস্তারিত পরীক্ষা প্রয়োজন। তাই আমি আপনাকে একজন বিশেষজ্ঞ ডাক্তারের সাথে সরাসরি পরামর্শ করার পরামর্শ দিচ্ছি। প্রয়োজনীয় পরীক্ষা-নিরীক্ষা করানো উচিত এবং রিপোর্ট অনুযায়ী চিকিৎসা শুরু করা যেতে পারে। এই সময়ে পর্যাপ্ত বিশ্রাম নিন, প্রচুর পানি পান করুন এবং স্বাস্থ্যকর খাবার খান। ডাক্তারের পরামর্শ ছাড়া কোনো ওষুধ সেবন করবেন না। যদি সমস্যা বাড়তে থাকে বা তীব্র হয়, তাহলে দেরি না করে দ্রুত ডাক্তারের শরণাপন্ন হন। আশা করি এই উত্তরটি আপনাকে সাহায্য করবে। আরও কোনো প্রশ্ন থাকলে নির্দ্বিধায় জিজ্ঞাসা করতে পারেন। ধন্যবাদ।"
4310,"হেলো, নাসেনিয়া ডকে আপনাকে স্বাগতম। আপনার অনুসন্ধানের জন্য ধন্যবাদ। আমি আপনার প্রশ্নটি দেখেছি এবং আপনার উদ্বেগ বুঝতে পেরেছি। আমি যথাসাধ্য আপনাকে সাহায্য করার চেষ্টা করব। আপনার বর্ণনা করা লক্ষণগুলো বিভিন্ন কারণে হতে পারে এবং এর সঠিক কারণ নির্ণয়ের জন্য একটি বিস্তারিত পরীক্ষা প্রয়োজন। তাই আমি আপনাকে একজন বিশেষজ্ঞ ডাক্তারের সাথে সরাসরি পরামর্শ করার পরামর্শ দিচ্ছি। প্রয়োজনীয় পরীক্ষা-নিরীক্ষা করানো উচিত এবং রিপোর্ট অনুযায়ী চিকিৎসা শুরু করা যেতে পারে। এই সময়ে পর্যাপ্ত বিশ্রাম নিন, প্রচুর পানি পান করুন এবং স্বাস্থ্যকর খাবার খান। ডাক্তারের পরামর্শ ছাড়া কোনো ওষুধ সেবন করবেন না। যদি সমস্যা বাড়তে থাকে বা তীব্র হয়, তাহলে দেরি না করে দ্রুত ডাক্তারের শরণাপন্ন হন। আশা করি এই উত্তরটি আপনাকে সাহায্য করবে। আরও কোনো প্রশ্ন থাকলে নির্দ্বিধায় জিজ্ঞাসা করতে পারেন। ধন্যবাদ।"
56965,"হেলো, নাসেনিয়া ডকে আপনাকে স্বাগতম। আপনার অনুসন্ধানের জন্য ধন্যবাদ। আমি আপনার প্রশ্নটি দেখেছি এবং আপনার উদ্বেগ বুঝতে পেরেছি। আমি যথাসাধ্য আপনাকে সাহায্য করার চেষ্টা করব। আপনার বর্ণনা করা লক্ষণগুলো বিভিন্ন কারণে হতে পারে এবং এর সঠিক কারণ নির্ণয়ের জন্য একটি বিস্তারিত পরীক্ষা প্রয়োজন। তাই আমি আপনাকে একজন বিশেষজ্ঞ ডাক্তারের সাথে সরাসরি পরামর্শ করার পরামর্শ দিচ্ছি। প্রয়োজনীয় পরীক্ষা-নিরীক্ষা করানো উচিত এবং রিপোর্ট অনুযায়ী চিকিৎসা শুরু করা যেতে পারে। এই সময়ে পর্যাপ্ত বিশ্রাম নিন, প্রচুর পানি পান করুন এবং স্বাস্থ্যকর খাবার খান। ডাক্তারের পরামর্শ ছাড়া কোনো ওষুধ সেবন করবেন না। যদি সমস্যা বাড়তে থাকে বা তীব্র হয়, তাহলে দেরি না করে দ্রুত ডাক্তারের শরণাপন্ন হন। আশা করি এই উত্তরটি আপনাকে সাহায্য করবে। আরও কোনো প্রশ্ন থাকলে নির্দ্বিধায় জিজ্ঞাসা করতে পারেন। ধন্যবাদ।"
8201,"হেলো, নাসেনিয়া ডকে আপনাকে স্বাগতম। আপনার অনুসন্ধানের জন্য ধন্যবাদ। আমি আপনার প্রশ্নটি দেখেছি এবং আপনার উদ্বেগ বুঝতে পেরেছি। আমি যথাসাধ্য আপনাকে সাহায্য করার চেষ্টা করব। আপনার বর্ণনা করা লক্ষণগুলো বিভিন্ন কারণে হতে পারে এবং এর সঠিক কারণ নির্ণয়ের জন্য একটি বিস্তারিত পরীক্ষা প্রয়োজন। তাই আমি আপনাকে একজন বিশেষজ্ঞ ডাক্তারের সাথে সরাসরি পরামর্শ করার পরামর্শ দিচ্ছি। প্রয়োজনীয় পরীক্ষা-নিরীক্ষা করানো উচিত এবং রিপোর্ট অনুযায়ী চিকিৎসা শুরু করা যেতে পারে। এই সময়ে পর্যাপ্ত বিশ্রাম নিন, প্রচুর পানি পান করুন এবং স্বাস্থ্যকর খাবার খান। ডাক্তারের পরামর্শ ছাড়া কোনো ওষুধ সেবন করবেন না। যদি সমস্যা বাড়তে থাকে বা তীব্র হয়, তাহলে দেরি না করে দ্রুত ডাক্তারের শরণাপন্ন হন। আশা করি এই উত্তরটি আপনাকে সাহায্য করবে। আরও কোনো প্রশ্ন থাকলে নির্দ্বিধায় জিজ্ঞাসা করতে পারেন। ধন্যবাদ।"
38595,"হেলো, নাসেনিয়া ডকে আপনাকে স্বাগতম। আপনার অনুসন্ধানের জন্য ধন্যবাদ। আমি আপনার প্রশ্নটি দেখেছি এবং আপনার উদ্বেগ বুঝতে পেরেছি। আমি যথাসাধ্য আপনাকে সাহায্য করার চেষ্টা করব। আপনার বর্ণনা করা লক্ষণগুলো বিভিন্ন কারণে হতে পারে এবং এর সঠিক কারণ নির্ণয়ের জন্য একটি বিস্তারিত পরীক্ষা প্রয়োজন। তাই আমি আপনাকে একজন বিশেষজ্ঞ ডাক্তারের সাথে সরাসরি পরামর্শ করার পরামর্শ দিচ্ছি। প্রয়োজনীয় পরীক্ষা-নিরীক্ষা করানো উচিত এবং রিপোর্ট অনুযায়ী চিকিৎসা শুরু করা যেতে পারে। এই সময়ে পর্যাপ্ত বিশ্রাম নিন, প্রচুর পানি পান করুন এবং স্বাস্থ্যকর খাবার খান। ডাক্তারের পরামর্শ ছাড়া কোনো ওষুধ সেবন করবেন না। যদি সমস্যা বাড়তে থাকে বা তীব্র হয়, তাহলে দেরি না করে দ্রুত ডাক্তারের শরণাপন্ন হন। আশা করি এই উত্তরটি আপনাকে সাহায্য করবে। আরও কোনো প্রশ্ন থাকলে নির্দ্বিধায় জিজ্ঞাসা করতে পারেন। ধন্যবাদ।"
78960,"হেলো, নাসেনিয়া ডকে আপনাকে স্বাগতম। আপনার অনুসন্ধানের জন্য ধন্যবাদ। আমি আপনার প্রশ্নটি দেখেছি এবং আপনার উদ্বেগ বুঝতে পেরেছি। আমি যথাসাধ্য আপনাকে সাহায্য করার চেষ্টা করব। আপনার বর্ণনা করা লক্ষণগুলো বিভিন্ন কারণে হতে পারে এবং এর সঠিক কারণ নির্ণয়ের জন্য একটি বিস্তারিত পরীক্ষা প্রয়োজন। তাই আমি আপনাকে একজন বিশেষজ্ঞ ডাক্তারের সাথে সরাসরি পরামর্শ করার পরামর্শ দিচ্ছি। প্রয়োজনীয় পরীক্ষা-নিরীক্ষা করানো উচিত এবং রিপোর্ট অনুযায়ী চিকিৎসা শুরু করা যেতে পারে। এই সময়ে পর্যাপ্ত বিশ্রাম নিন, প্রচুর পানি পান করুন এবং স্বাস্থ্যকর খাবার খান। ডাক্তারের পরামর্শ ছাড়া কোনো ওষুধ সেবন করবেন না। যদি সমস্যা বাড়তে থাকে বা তীব্র হয়, তাহলে দেরি না করে দ্রুত ডাক্তারের শরণাপন্ন হন। আশা করি এই উত্তরটি আপনাকে সাহায্য করবে। আরও কোনো প্রশ্ন থাকলে নির্দ্বিধায় জিজ্ঞাসা করতে পারেন। ধন্যবাদ।"
57056,"হেলো, নাসেনিয়া ডকে আপনাকে স্বাগতম। আপনার অনুসন্ধানের জন্য ধন্যবাদ। আমি আপনার প্রশ্নটি দেখেছি এবং আপনার উদ্বেগ বুঝতে পেরেছি। আমি যথাসাধ্য আপনাকে সাহায্য করার চেষ্টা করব। আপনার বর্ণনা করা লক্ষণগুলো বিভিন্ন কারণে হতে পারে এবং এর সঠিক কারণ নির্ণয়ের জন্য একটি বিস্তারিত পরীক্ষা প্রয়োজন। তাই আমি আপনাকে একজন বিশেষজ্ঞ ডাক্তারের সাথে সরাসরি পরামর্শ করার পরামর্শ দিচ্ছি। প্রয়োজনীয় পরীক্ষা-নিরীক্ষা করানো উচিত এবং রিপোর্ট অনুযায়ী চিকিৎসা শুরু করা যেতে পারে। এই সময়ে পর্যাপ্ত বিশ্রাম নিন, প্রচুর পানি পান করুন এবং স্বাস্থ্যকর খাবার খান। ডাক্তারের পরামর্শ ছাড়া কোনো ওষুধ সেবন করবেন না। যদি সমস্যা বাড়তে থাকে বা তীব্র হয়, তাহলে দেরি না করে দ্রুত ডাক্তারের শরণাপন্ন হন। আশা করি এই উত্তরটি আপনাকে সাহায্য করবে। আরও কোনো প্রশ্ন থাকলে নির্দ্বিধায় জিজ্ঞাসা করতে পারেন। ধন্যবাদ।"
8988,"হেলো, নাসেনিয়া ডকে আপনাকে স্বাগতম। আপনার অনুসন্ধানের জন্য ধন্যবাদ। আমি আপনার প্রশ্নটি দেখেছি এবং আপনার উদ্বেগ বুঝতে পেরেছি। আমি যথাসাধ্য আপনাকে সাহায্য করার চেষ্টা করব। আপনার বর্ণনা করা লক্ষণগুলো বিভিন্ন কারণে হতে পারে এবং এর সঠিক কারণ নির্ণয়ের জন্য একটি বিস্তারিত পরীক্ষা প্রয়োজন। তাই আমি আপনাকে একজন বিশেষজ্ঞ ডাক্তারের সাথে সরাসরি পরামর্শ করার পরামর্শ দিচ্ছি। প্রয়োজনীয় পরীক্ষা-নিরীক্ষা করানো উচিত এবং রিপোর্ট অনুযায়ী চিকিৎসা শুরু করা যেতে পারে। এই সময়ে পর্যাপ্ত বিশ্রাম নিন, প্রচুর পানি পান করুন এবং স্বাস্থ্যকর খাবার খান। ডাক্তারের পরামর্শ ছাড়া কোনো ওষুধ সেবন করবেন না। যদি সমস্যা বাড়তে থাকে বা তীব্র হয়, তাহলে দেরি না করে দ্রুত ডাক্তারের শরণাপন্ন হন। আশা করি এই উত্তরটি আপনাকে সাহায্য করবে। আরও কোনো প্রশ্ন থাকলে নির্দ্বিধায় জিজ্ঞাসা করতে পারেন। ধন্যবাদ।"
16690,"হেলো, নাসেনিয়া ডকে আপনাকে স্বাগতম। আপনার অনুসন্ধানের জন্য ধন্যবাদ। আমি আপনার প্রশ্নটি দেখেছি এবং আপনার উদ্বেগ বুঝতে পেরেছি। আমি যথাসাধ্য আপনাকে সাহায্য করার চেষ্টা করব। আপনার বর্ণনা করা লক্ষণগুলো বিভিন্ন কারণে হতে পারে এবং এর সঠিক কারণ নির্ণয়ের জন্য একটি বিস্তারিত পরীক্ষা প্রয়োজন। তাই আমি আপনাকে একজন বিশেষজ্ঞ ডাক্তারের সাথে সরাসরি পরামর্শ করার পরামর্শ দিচ্ছি। প্রয়োজনীয় পরীক্ষা-নিরীক্ষা করানো উচিত এবং রিপোর্ট অনুযায়ী চিকিৎসা শুরু করা যেতে পারে। এই সময়ে পর্যাপ্ত বিশ্রাম নিন, প্রচুর পানি পান করুন এবং স্বাস্থ্যকর খাবার খান। ডাক্তারের পরামর্শ ছাড়া কোনো ওষুধ সেবন করবেন না। যদি সমস্যা বাড়তে থাকে বা তীব্র হয়, তাহলে দেরি না করে দ্রুত ডাক্তারের শরণাপন্ন হন। আশা করি এই উত্তরটি আপনাকে সাহায্য করবে। আরও কোনো প্রশ্ন থাকলে নির্দ্বিধায় জিজ্ঞাসা করতে পারেন। ধন্যবাদ।"
38366,"হেলো, নাসেনিয়া ডকে আপনাকে স্বাগতম। আপনার অনুসন্ধানের জন্য ধন্যবাদ। আমি আপনার প্রশ্নটি দেখেছি এবং আপনার উদ্বেগ বুঝতে পেরেছি। আমি যথাসাধ্য আপনাকে সাহায্য করার চেষ্টা করব। আপনার বর্ণনা করা লক্ষণগুলো বিভিন্ন কারণে হতে পারে এবং এর সঠিক কারণ নির্ণয়ের জন্য একটি বিস্তারিত পরীক্ষা প্রয়োজন। তাই আমি আপনাকে একজন বিশেষজ্ঞ ডাক্তারের সাথে সরাসরি পরামর্শ করার পরামর্শ দিচ্ছি। প্রয়োজনীয় পরীক্ষা-নিরীক্ষা করানো উচিত এবং রিপোর্ট অনুযায়ী চিকিৎসা শুরু করা যেতে পারে। এই সময়ে পর্যাপ্ত বিশ্রাম নিন, প্রচুর পানি পান করুন এবং স্বাস্থ্যকর খাবার খান। ডাক্তারের পরামর্শ ছাড়া কোনো ওষুধ সেবন করবেন না। যদি সমস্যা বাড়তে থাকে বা তীব্র হয়, তাহলে দেরি না করে দ্রুত ডাক্তারের শরণাপন্ন হন। আশা করি এই উত্তরটি আপনাকে সাহায্য করবে। আরও কোনো প্রশ্ন থাকলে নির্দ্বিধায় জিজ্ঞাসা করতে পারেন। ধন্যবাদ।"
105448,"হেলো, নাসেনিয়া ডকে আপনাকে স্বাগতম। আপনার অনুসন্ধানের জন্য ধন্যবাদ। আমি আপনার প্রশ্নটি দেখেছি এবং আপনার উদ্বেগ বুঝতে পেরেছি। আমি যথাসাধ্য আপনাকে সাহায্য করার চেষ্টা করব। আপনার বর্ণনা করা লক্ষণগুলো বিভিন্ন কারণে হতে পারে এবং এর সঠিক কারণ নির্ণয়ের জন্য একটি বিস্তারিত পরীক্ষা প্রয়োজন। তাই আমি আপনাকে একজন বিশেষজ্ঞ ডাক্তারের সাথে সরাসরি পরামর্শ করার পরামর্শ দিচ্ছি। প্রয়োজনীয় পরীক্ষা-নিরীক্ষা করানো উচিত এবং রিপোর্ট অনুযায়ী চিকিৎসা শুরু করা যেতে পারে। এই সময়ে পর্যাপ্ত বিশ্রাম নিন, প্রচুর পানি পান করুন এবং স্বাস্থ্যকর খাবার খান। ডাক্তারের পরামর্শ ছাড়া কোনো ওষুধ সেবন করবেন না। যদি সমস্যা বাড়তে থাকে বা তীব্র হয়, তাহলে দেরি না করে দ্রুত ডাক্তারের শরণাপন্ন হন। আশা করি এই উত্তরটি আপনাকে সাহায্য করবে। আরও কোনো প্রশ্ন থাকলে নির্দ্বিধায় জিজ্ঞাসা করতে পারেন। ধন্যবাদ।"
109504,"হেলো, নাসেনিয়া ডকে আপনাকে স্বাগতম। আপনার অনুসন্ধানের জন্য ধন্যবাদ। আমি আপনার প্রশ্নটি দেখেছি এবং আপনার উদ্বেগ বুঝতে পেরেছি। আমি যথাসাধ্য আপনাকে সাহায্য করার চেষ্টা করব। আপনার বর্ণনা করা লক্ষণগুলো বিভিন্ন কারণে হতে পারে এবং এর সঠিক কারণ নির্ণয়ের জন্য একটি বিস্তারিত পরীক্ষা প্রয়োজন। তাই আমি আপনাকে একজন বিশেষজ্ঞ ডাক্তারের সাথে সরাসরি পরামর্শ করার পরামর্শ দিচ্ছি। প্রয়োজনীয় পরীক্ষা-নিরীক্ষা করানো উচিত এবং রিপোর্ট অনুযায়ী চিকিৎসা শুরু করা যেতে পারে। এই সময়ে পর্যাপ্ত বিশ্রাম নিন, প্রচুর পানি পান করুন এবং স্বাস্থ্যকর খাবার খান। ডাক্তারের পরামর্শ ছাড়া কোনো ওষুধ সেবন করবেন না। যদি সমস্যা বাড়তে থাকে বা তীব্র হয়, তাহলে দেরি না করে দ্রুত ডাক্তারের শরণাপন্ন হন। আশা করি এই উত্তরটি আপনাকে সাহায্য করবে। আরও কোনো প্রশ্ন থাকলে নির্দ্বিধায় জিজ্ঞাসা করতে পারেন। ধন্যবাদ।"
72804,"হেলো, নাসেনিয়া ডকে আপনাকে স্বাগতম। আপনার অনুসন্ধানের জন্য ধন্যবাদ। আমি আপনার প্রশ্নটি দেখেছি এবং আপনার উদ্বেগ বুঝতে পেরেছি। আমি যথাসাধ্য আপনাকে সাহায্য করার চেষ্টা করব। আপনার বর্ণনা করা লক্ষণগুলো বিভিন্ন কারণে হতে পারে এবং এর সঠিক কারণ নির্ণয়ের জন্য একটি বিস্তারিত পরীক্ষা প্রয়োজন। তাই আমি আপনাকে একজন বিশেষজ্ঞ ডাক্তারের সাথে সরাসরি পরামর্শ করার পরামর্শ দিচ্ছি। প্রয়োজনীয় পরীক্ষা-নিরীক্ষা করানো উচিত এবং রিপোর্ট অনুযায়ী চিকিৎসা শুরু করা যেতে পারে। এই সময়ে পর্যাপ্ত বিশ্রাম নিন, প্রচুর পানি পান করুন এবং স্বাস্থ্যকর খাবার খান। ডাক্তারের পরামর্শ ছাড়া কোনো ওষুধ সেবন করবেন না। যদি সমস্যা বাড়তে থাকে বা তীব্র হয়, তাহলে দেরি না করে দ্রুত ডাক্তারের শরণাপন্ন হন। আশা করি এই উত্তরটি আপনাকে সাহায্য করবে। আরও কোনো প্রশ্ন থাকলে নির্দ্বিধায় জিজ্ঞাসা করতে পারেন। ধন্যবাদ।"
57939,"হেলো, নাসেনিয়া ডকে আপনাকে স্বাগতম। আপনার অনুসন্ধানের জন্য ধন্যবাদ। আমি আপনার প্রশ্নটি দেখেছি এবং আপনার উদ্বেগ বুঝতে পেরেছি। আমি যথাসাধ্য আপনাকে সাহায্য করার চেষ্টা করব। আপনার বর্ণনা করা লক্ষণগুলো বিভিন্ন কারণে হতে পারে এবং এর সঠিক কারণ নির্ণয়ের জন্য একটি বিস্তারিত পরীক্ষা প্রয়োজন। তাই আমি আপনাকে একজন বিশেষজ্ঞ ডাক্তারের সাথে সরাসরি পরামর্শ করার পরামর্শ দিচ্ছি। প্রয়োজনীয় পরীক্ষা-নিরীক্ষা করানো উচিত এবং রিপোর্ট অনুযায়ী চিকিৎসা শুরু করা যেতে পারে। এই সময়ে পর্যাপ্ত বিশ্রাম নিন, প্রচুর পানি পান করুন এবং স্বাস্থ্যকর খাবার খান। ডাক্তারের পরামর্শ ছাড়া কোনো ওষুধ সেবন করবেন না। যদি সমস্যা বাড়তে থাকে বা তীব্র হয়, তাহলে দেরি না করে দ্রুত ডাক্তারের শরণাপন্ন হন। আশা করি এই উত্তরটি আপনাকে সাহায্য করবে। আরও কোনো প্রশ্ন থাকলে নির্দ্বিধায় জিজ্ঞাসা করতে পারেন। ধন্যবাদ।"
14205,"হেলো, নাসেনিয়া ডকে আপনাকে স্বাগতম। আপনার অনুসন্ধানের জন্য ধন্যবাদ। আমি আপনার প্রশ্নটি দেখেছি এবং আপনার উদ্বেগ বুঝতে পেরেছি। আমি যথাসাধ্য আপনাকে সাহায্য করার চেষ্টা করব। আপনার বর্ণনা করা লক্ষণগুলো বিভিন্ন কারণে হতে পারে এবং এর সঠিক কারণ নির্ণয়ের জন্য একটি বিস্তারিত পরীক্ষা প্রয়োজন। তাই আমি আপনাকে একজন বিশেষজ্ঞ ডাক্তারের সাথে সরাসরি পরামর্শ করার পরামর্শ দিচ্ছি। প্রয়োজনীয় পরীক্ষা-নিরীক্ষা করানো উচিত এবং রিপোর্ট অনুযায়ী চিকিৎসা শুরু করা যেতে পারে। এই সময়ে পর্যাপ্ত বিশ্রাম নিন, প্রচুর পানি পান করুন এবং স্বাস্থ্যকর খাবার খান। ডাক্তারের পরামর্শ ছাড়া কোনো ওষুধ সেবন করবেন না। যদি সমস্যা বাড়তে থাকে বা তীব্র হয়, তাহলে দেরি না করে দ্রুত ডাক্তারের শরণাপন্ন হন। আশা করি এই উত্তরটি আপনাকে সাহায্য করবে। আরও কোনো প্রশ্ন থাকলে নির্দ্বিধায় জিজ্ঞাসা করতে পারেন। ধন্যবাদ।"
35952,"হেলো, নাসেনিয়া ডকে আপনাকে স্বাগতম। আপনার অনুসন্ধানের জন্য ধন্যবাদ। আমি আপনার প্রশ্নটি দেখেছি এবং আপনার উদ্বেগ বুঝতে পেরেছি। আমি যথাসাধ্য আপনাকে সাহায্য করার চেষ্টা করব। আপনার বর্ণনা করা লক্ষণগুলো বিভিন্ন কারণে হতে পারে এবং এর সঠিক কারণ নির্ণয়ের জন্য একটি বিস্তারিত পরীক্ষা প্রয়োজন। তাই আমি আপনাকে একজন বিশেষজ্ঞ ডাক্তারের সাথে সরাসরি পরামর্শ করার পরামর্শ দিচ্ছি। প্রয়োজনীয় পরীক্ষা-নিরীক্ষা করানো উচিত এবং রিপোর্ট অনুযায়ী চিকিৎসা শুরু করা যেতে পারে। এই সময়ে পর্যাপ্ত বিশ্রাম নিন, প্রচুর পানি পান করুন এবং স্বাস্থ্যকর খাবার খান। ডাক্তারের পরামর্শ ছাড়া কোনো ওষুধ সেবন করবেন না। যদি সমস্যা বাড়তে থাকে বা তীব্র হয়, তাহলে দেরি না করে দ্রুত ডাক্তারের শরণাপন্ন হন। আশা করি এই উত্তরটি আপনাকে সাহায্য করবে। আরও কোনো প্রশ্ন থাকলে নির্দ্বিধায় জিজ্ঞাসা করতে পারেন। ধন্যবাদ।"
71397,"হেলো, নাসেনিয়া ডকে আপনাকে স্বাগতম। আপনার অনুসন্ধানের জন্য ধন্যবাদ। আমি আপনার প্রশ্নটি দেখেছি এবং আপনার উদ্বেগ বুঝতে পেরেছি। আমি যথাসাধ্য আপনাকে সাহায্য করার চেষ্টা করব। আপনার বর্ণনা করা লক্ষণগুলো বিভিন্ন কারণে হতে পারে এবং এর সঠিক কারণ নির্ণয়ের জন্য একটি বিস্তারিত পরীক্ষা প্রয়োজন। তাই আমি আপনাকে একজন বিশেষজ্ঞ ডাক্তারের সাথে সরাসরি পরামর্শ করার পরামর্শ দিচ্ছি। প্রয়োজনীয় পরীক্ষা-নিরীক্ষা করানো উচিত এবং রিপোর্ট অনুযায়ী চিকিৎসা শুরু করা যেতে পারে। এই সময়ে পর্যাপ্ত বিশ্রাম নিন, প্রচুর পানি পান করুন এবং স্বাস্থ্যকর খাবার খান। ডাক্তারের পরামর্শ ছাড়া কোনো ওষুধ সেবন করবেন না। যদি সমস্যা বাড়তে থাকে বা তীব্র হয়, তাহলে দেরি না করে দ্রুত ডাক্তারের শরণাপন্ন হন। আশা করি এই উত্তরটি আপনাকে সাহায্য করবে। আরও কোনো প্রশ্ন থাকলে নির্দ্বিধায় জিজ্ঞাসা করতে পারেন। ধন্যবাদ।"
16403,"হেলো, নাসেনিয়া ডকে আপনাকে স্বাগতম। আপনার অনুসন্ধানের জন্য ধন্যবাদ। আমি আপনার প্রশ্নটি দেখেছি এবং আপনার উদ্বেগ বুঝতে পেরেছি। আমি যথাসাধ্য আপনাকে সাহায্য করার চেষ্টা করব। আপনার বর্ণনা করা লক্ষণগুলো বিভিন্ন কারণে হতে পারে এবং এর সঠিক কারণ নির্ণয়ের জন্য একটি বিস্তারিত পরীক্ষা প্রয়োজন। তাই আমি আপনাকে একজন বিশেষজ্ঞ ডাক্তারের সাথে সরাসরি পরামর্শ করার পরামর্শ দিচ্ছি। প্রয়োজনীয় পরীক্ষা-নিরীক্ষা করানো উচিত এবং রিপোর্ট অনুযায়ী চিকিৎসা শুরু করা যেতে পারে। এই সময়ে পর্যাপ্ত বিশ্রাম নিন, প্রচুর পানি পান করুন এবং স্বাস্থ্যকর খাবার খান। ডাক্তারের পরামর্শ ছাড়া কোনো ওষুধ সেবন করবেন না। যদি সমস্যা বাড়তে থাকে বা তীব্র হয়, তাহলে দেরি না করে দ্রুত ডাক্তারের শরণাপন্ন হন। আশা করি এই উত্তরটি আপনাকে সাহায্য করবে। আরও কোনো প্রশ্ন থাকলে নির্দ্বিধায় জিজ্ঞাসা করতে পারেন। ধন্যবাদ।"
69542,"হেলো, নাসেনিয়া ডকে আপনাকে স্বাগতম। আপনার অনুসন্ধানের জন্য ধন্যবাদ। আমি আপনার প্রশ্নটি দেখেছি এবং আপনার উদ্বেগ বুঝতে পেরেছি। আমি যথাসাধ্য আপনাকে সাহায্য করার চেষ্টা করব। আপনার বর্ণনা করা লক্ষণগুলো বিভিন্ন কারণে হতে পারে এবং এর সঠিক কারণ নির্ণয়ের জন্য একটি বিস্তারিত পরীক্ষা প্রয়োজন। তাই আমি আপনাকে একজন বিশেষজ্ঞ ডাক্তারের সাথে সরাসরি পরামর্শ করার পরামর্শ দিচ্ছি। প্রয়োজনীয় পরীক্ষা-নিরীক্ষা করানো উচিত এবং রিপোর্ট অনুযায়ী চিকিৎসা শুরু করা যেতে পারে। এই সময়ে পর্যাপ্ত বিশ্রাম নিন, প্রচুর পানি পান করুন এবং স্বাস্থ্যকর খাবার খান। ডাক্তারের পরামর্শ ছাড়া কোনো ওষুধ সেবন করবেন না। যদি সমস্যা বাড়তে থাকে বা তীব্র হয়, তাহলে দেরি না করে দ্রুত ডাক্তারের শরণাপন্ন হন। আশা করি এই উত্তরটি আপনাকে সাহায্য করবে। আরও কোনো প্রশ্ন থাকলে নির্দ্বিধায় জিজ্ঞাসা করতে পারেন। ধন্যবাদ।"
13039,"হেলো, নাসেনিয়া ডকে আপনাকে স্বাগতম। আপনার অনুসন্ধানের জন্য ধন্যবাদ। আমি আপনার প্রশ্নটি দেখেছি এবং আপনার উদ্বেগ বুঝতে পেরেছি। আমি যথাসাধ্য আপনাকে সাহায্য করার চেষ্টা করব। আপনার বর্ণনা করা লক্ষণগুলো বিভিন্ন কারণে হতে পারে এবং এর সঠিক কারণ নির্ণয়ের জন্য একটি বিস্তারিত পরীক্ষা প্রয়োজন। তাই আমি আপনাকে একজন বিশেষজ্ঞ ডাক্তারের সাথে সরাসরি পরামর্শ করার পরামর্শ দিচ্ছি। প্রয়োজনীয় পরীক্ষা-নিরীক্ষা করানো উচিত এবং রিপোর্ট অনুযায়ী চিকিৎসা শুরু করা যেতে পারে। এই সময়ে পর্যাপ্ত বিশ্রাম নিন, প্রচুর পানি পান করুন এবং স্বাস্থ্যকর খাবার খান। ডাক্তারের পরামর্শ ছাড়া কোনো ওষুধ সেবন করবেন না। যদি সমস্যা বাড়তে থাকে বা তীব্র হয়, তাহলে দেরি না করে দ্রুত ডাক্তারের শরণাপন্ন হন। আশা করি এই উত্তরটি আপনাকে সাহায্য করবে। আরও কোনো প্রশ্ন থাকলে নির্দ্বিধায় জিজ্ঞাসা করতে পারেন। ধন্যবাদ।"
103635,"হেলো, নাসেনিয়া ডকে আপনাকে স্বাগতম। আপনার অনুসন্ধানের জন্য ধন্যবাদ। আমি আপনার প্রশ্নটি দেখেছি এবং আপনার উদ্বেগ বুঝতে পেরেছি। আমি যথাসাধ্য আপনাকে সাহায্য করার চেষ্টা করব। আপনার বর্ণনা করা লক্ষণগুলো বিভিন্ন কারণে হতে পারে এবং এর সঠিক কারণ নির্ণয়ের জন্য একটি বিস্তারিত পরীক্ষা প্রয়োজন। তাই আমি আপনাকে একজন বিশেষজ্ঞ ডাক্তারের সাথে সরাসরি পরামর্শ করার পরামর্শ দিচ্ছি। প্রয়োজনীয় পরীক্ষা-নিরীক্ষা করানো উচিত এবং রিপোর্ট অনুযায়ী চিকিৎসা শুরু করা যেতে পারে। এই সময়ে পর্যাপ্ত বিশ্রাম নিন, প্রচুর পানি পান করুন এবং স্বাস্থ্যকর খাবার খান। ডাক্তারের পরামর্শ ছাড়া কোনো ওষুধ সেবন করবেন না। যদি সমস্যা বাড়তে থাকে বা তীব্র হয়, তাহলে দেরি না করে দ্রুত ডাক্তারের শরণাপন্ন হন। আশা করি এই উত্তরটি আপনাকে সাহায্য করবে। আরও কোনো প্রশ্ন থাকলে নির্দ্বিধায় জিজ্ঞাসা করতে পারেন। ধন্যবাদ।"
41610,"হেলো, নাসেনিয়া ডকে আপনাকে স্বাগতম। আপনার অনুসন্ধানের জন্য ধন্যবাদ। আমি আপনার প্রশ্নটি দেখেছি এবং আপনার উদ্বেগ বুঝতে পেরেছি। আমি যথাসাধ্য আপনাকে সাহায্য করার চেষ্টা করব। আপনার বর্ণনা করা লক্ষণগুলো বিভিন্ন কারণে হতে পারে এবং এর সঠিক কারণ নির্ণয়ের জন্য একটি বিস্তারিত পরীক্ষা প্রয়োজন। তাই আমি আপনাকে একজন বিশেষজ্ঞ ডাক্তারের সাথে সরাসরি পরামর্শ করার পরামর্শ দিচ্ছি। প্রয়োজনীয় পরীক্ষা-নিরীক্ষা করানো উচিত এবং রিপোর্ট অনুযায়ী চিকিৎসা শুরু করা যেতে পারে। এই সময়ে পর্যাপ্ত বিশ্রাম নিন, প্রচুর পানি পান করুন এবং স্বাস্থ্যকর খাবার খান। ডাক্তারের পরামর্শ ছাড়া কোনো ওষুধ সেবন করবেন না। যদি সমস্যা বাড়তে থাকে বা তীব্র হয়, তাহলে দেরি না করে দ্রুত ডাক্তারের শরণাপন্ন হন। আশা করি এই উত্তরটি আপনাকে সাহায্য করবে। আরও কোনো প্রশ্ন থাকলে নির্দ্বিধায় জিজ্ঞাসা করতে পারেন। ধন্যবাদ।"
93842,"হেলো, নাসেনিয়া ডকে আপনাকে স্বাগতম। আপনার অনুসন্ধানের জন্য ধন্যবাদ। আমি আপনার প্রশ্নটি দেখেছি এবং আপনার উদ্বেগ বুঝতে পেরেছি। আমি যথাসাধ্য আপনাকে সাহায্য করার চেষ্টা করব। আপনার বর্ণনা করা লক্ষণগুলো বিভিন্ন কারণে হতে পারে এবং এর সঠিক কারণ নির্ণয়ের জন্য একটি বিস্তারিত পরীক্ষা প্রয়োজন। তাই আমি আপনাকে একজন বিশেষজ্ঞ ডাক্তারের সাথে সরাসরি পরামর্শ করার পরামর্শ দিচ্ছি। প্রয়োজনীয় পরীক্ষা-নিরীক্ষা করানো উচিত এবং রিপোর্ট অনুযায়ী চিকিৎসা শুরু করা যেতে পারে। এই সময়ে পর্যাপ্ত বিশ্রাম নিন, প্রচুর পানি পান করুন এবং স্বাস্থ্যকর খাবার খান। ডাক্তারের পরামর্শ ছাড়া কোনো ওষুধ সেবন করবেন না। যদি সমস্যা বাড়তে থাকে বা তীব্র হয়, তাহলে দেরি না করে দ্রুত ডাক্তারের শরণাপন্ন হন। আশা করি এই উত্তরটি আপনাকে সাহায্য করবে। আরও কোনো প্রশ্ন থাকলে নির্দ্বিধায় জিজ্ঞাসা করতে পারেন। ধন্যবাদ।"
103597,"হেলো, নাসেনিয়া ডকে আপনাকে স্বাগতম। আপনার অনুসন্ধানের জন্য ধন্যবাদ। আমি আপনার প্রশ্নটি দেখেছি এবং আপনার উদ্বেগ বুঝতে পেরেছি। আমি যথাসাধ্য আপনাকে সাহায্য করার চেষ্টা করব। আপনার বর্ণনা করা লক্ষণগুলো বিভিন্ন কারণে হতে পারে এবং এর সঠিক কারণ নির্ণয়ের জন্য একটি বিস্তারিত পরীক্ষা প্রয়োজন। তাই আমি আপনাকে একজন বিশেষজ্ঞ ডাক্তারের সাথে সরাসরি পরামর্শ করার পরামর্শ দিচ্ছি। প্রয়োজনীয় পরীক্ষা-নিরীক্ষা করানো উচিত এবং রিপোর্ট অনুযায়ী চিকিৎসা শুরু করা যেতে পারে। এই সময়ে পর্যাপ্ত বিশ্রাম নিন, প্রচুর পানি পান করুন এবং স্বাস্থ্যকর খাবার খান। ডাক্তারের পরামর্শ ছাড়া কোনো ওষুধ সেবন করবেন না। যদি সমস্যা বাড়তে থাকে বা তীব্র হয়, তাহলে দেরি না করে দ্রুত ডাক্তারের শরণাপন্ন হন। আশা করি এই উত্তরটি আপনাকে সাহায্য করবে। আরও কোনো প্রশ্ন থাকলে নির্দ্বিধায় জিজ্ঞাসা করতে পারেন। ধন্যবাদ।"
37196,"হেলো, নাসেনিয়া ডকে আপনাকে স্বাগতম। আপনার অনুসন্ধানের জন্য ধন্যবাদ। আমি আপনার প্রশ্নটি দেখেছি এবং আপনার উদ্বেগ বুঝতে পেরেছি। আমি যথাসাধ্য আপনাকে সাহায্য করার চেষ্টা করব। আপনার বর্ণনা করা লক্ষণগুলো বিভিন্ন কারণে হতে পারে এবং এর সঠিক কারণ নির্ণয়ের জন্য একটি বিস্তারিত পরীক্ষা প্রয়োজন। তাই আমি আপনাকে একজন বিশেষজ্ঞ ডাক্তারের সাথে সরাসরি পরামর্শ করার পরামর্শ দিচ্ছি। প্রয়োজনীয় পরীক্ষা-নিরীক্ষা করানো উচিত এবং রিপোর্ট অনুযায়ী চিকিৎসা শুরু করা যেতে পারে। এই সময়ে পর্যাপ্ত বিশ্রাম নিন, প্রচুর পানি পান করুন এবং স্বাস্থ্যকর খাবার খান। ডাক্তারের পরামর্শ ছাড়া কোনো ওষুধ সেবন করবেন না। যদি সমস্যা বাড়তে থাকে বা তীব্র হয়, তাহলে দেরি না করে দ্রুত ডাক্তারের শরণাপন্ন হন। আশা করি এই উত্তরটি আপনাকে সাহায্য করবে। আরও কোনো প্রশ্ন থাকলে নির্দ্বিধায় জিজ্ঞাসা করতে পারেন। ধন্যবাদ।"
67681,"হেলো, নাসেনিয়া ডকে আপনাকে স্বাগতম। আপনার অনুসন্ধানের জন্য ধন্যবাদ। আমি আপনার প্রশ্নটি দেখেছি এবং আপনার উদ্বেগ বুঝতে পেরেছি। আমি যথাসাধ্য আপনাকে সাহায্য করার চেষ্টা করব। আপনার বর্ণনা করা লক্ষণগুলো বিভিন্ন কারণে হতে পারে এবং এর সঠিক কারণ নির্ণয়ের জন্য একটি বিস্তারিত পরীক্ষা প্রয়োজন। তাই আমি আপনাকে একজন বিশেষজ্ঞ ডাক্তারের সাথে সরাসরি পরামর্শ করার পরামর্শ দিচ্ছি। প্রয়োজনীয় পরীক্ষা-নিরীক্ষা করানো উচিত এবং রিপোর্ট অনুযায়ী চিকিৎসা শুরু করা যেতে পারে। এই সময়ে পর্যাপ্ত বিশ্রাম নিন, প্রচুর পানি পান করুন এবং স্বাস্থ্যকর খাবার খান। ডাক্তারের পরামর্শ ছাড়া কোনো ওষুধ সেবন করবেন না। যদি সমস্যা বাড়তে থাকে বা তীব্র হয়, তাহলে দেরি না করে দ্রুত ডাক্তারের শরণাপন্ন হন। আশা করি এই উত্তরটি আপনাকে সাহায্য করবে। আরও কোনো প্রশ্ন থাকলে নির্দ্বিধায় জিজ্ঞাসা করতে পারেন। ধন্যবাদ।"
53159,"হেলো, নাসেনিয়া ডকে আপনাকে স্বাগতম। আপনার অনুসন্ধানের জন্য ধন্যবাদ। আমি আপনার প্রশ্নটি দেখেছি এবং আপনার উদ্বেগ বুঝতে পেরেছি। আমি যথাসাধ্য আপনাকে সাহায্য করার চেষ্টা করব। আপনার বর্ণনা করা লক্ষণগুলো বিভিন্ন কারণে হতে পারে এবং এর সঠিক কারণ নির্ণয়ের জন্য একটি বিস্তারিত পরীক্ষা প্রয়োজন। তাই আমি আপনাকে একজন বিশেষজ্ঞ ডাক্তারের সাথে সরাসরি পরামর্শ করার পরামর্শ দিচ্ছি। প্রয়োজনীয় পরীক্ষা-নিরীক্ষা করানো উচিত এবং রিপোর্ট অনুযায়ী চিকিৎসা শুরু করা যেতে পারে। এই সময়ে পর্যাপ্ত বিশ্রাম নিন, প্রচুর পানি পান করুন এবং স্বাস্থ্যকর খাবার খান। ডাক্তারের পরামর্শ ছাড়া কোনো ওষুধ সেবন করবেন না। যদি সমস্যা বাড়তে থাকে বা তীব্র হয়, তাহলে দেরি না করে দ্রুত ডাক্তারের শরণাপন্ন হন। আশা করি এই উত্তরটি আপনাকে সাহায্য করবে। আরও কোনো প্রশ্ন থাকলে নির্দ্বিধায় জিজ্ঞাসা করতে পারেন। ধন্যবাদ।"
30244,"হেলো, নাসেনিয়া ডকে আপনাকে স্বাগতম। আপনার অনুসন্ধানের জন্য ধন্যবাদ। আমি আপনার প্রশ্নটি দেখেছি এবং আপনার উদ্বেগ বুঝতে পেরেছি। আমি যথাসাধ্য আপনাকে সাহায্য করার চেষ্টা করব। আপনার বর্ণনা করা লক্ষণগুলো বিভিন্ন কারণে হতে পারে এবং এর সঠিক কারণ নির্ণয়ের জন্য একটি বিস্তারিত পরীক্ষা প্রয়োজন। তাই আমি আপনাকে একজন বিশেষজ্ঞ ডাক্তারের সাথে সরাসরি পরামর্শ করার পরামর্শ দিচ্ছি। প্রয়োজনীয় পরীক্ষা-নিরীক্ষা করানো উচিত এবং রিপোর্ট অনুযায়ী চিকিৎসা শুরু করা যেতে পারে। এই সময়ে পর্যাপ্ত বিশ্রাম নিন, প্রচুর পানি পান করুন এবং স্বাস্থ্যকর খাবার খান। ডাক্তারের পরামর্শ ছাড়া কোনো ওষুধ সেবন করবেন না। যদি সমস্যা বাড়তে থাকে বা তীব্র হয়, তাহলে দেরি না করে দ্রুত ডাক্তারের শরণাপন্ন হন। আশা করি এই উত্তরটি আপনাকে সাহায্য করবে। আরও কোনো প্রশ্ন থাকলে নির্দ্বিধায় জিজ্ঞাসা করতে পারেন। ধন্যবাদ।"
12052,"হেলো, নাসেনিয়া ডকে আপনাকে স্বাগতম। আপনার অনুসন্ধানের জন্য ধন্যবাদ। আমি আপনার প্রশ্নটি দেখেছি এবং আপনার উদ্বেগ বুঝতে পেরেছি। আমি যথাসাধ্য আপনাকে সাহায্য করার চেষ্টা করব। আপনার বর্ণনা করা লক্ষণগুলো বিভিন্ন কারণে হতে পারে এবং এর সঠিক কারণ নির্ণয়ের জন্য একটি বিস্তারিত পরীক্ষা প্রয়োজন। তাই আমি আপনাকে একজন বিশেষজ্ঞ ডাক্তারের সাথে সরাসরি পরামর্শ করার পরামর্শ দিচ্ছি। প্রয়োজনীয় পরীক্ষা-নিরীক্ষা করানো উচিত এবং রিপোর্ট অনুযায়ী চিকিৎসা শুরু করা যেতে পারে। এই সময়ে পর্যাপ্ত বিশ্রাম নিন, প্রচুর পানি পান করুন এবং স্বাস্থ্যকর খাবার খান। ডাক্তারের পরামর্শ ছাড়া কোনো ওষুধ সেবন করবেন না। যদি সমস্যা বাড়তে থাকে বা তীব্র হয়, তাহলে দেরি না করে দ্রুত ডাক্তারের শরণাপন্ন হন। আশা করি এই উত্তরটি আপনাকে সাহায্য করবে। আরও কোনো প্রশ্ন থাকলে নির্দ্বিধায় জিজ্ঞাসা করতে পারেন। ধন্যবাদ।"
97008,"হেলো, নাসেনিয়া ডকে আপনাকে স্বাগতম। আপনার অনুসন্ধানের জন্য ধন্যবাদ। আমি আপনার প্রশ্নটি দেখেছি এবং আপনার উদ্বেগ বুঝতে পেরেছি। আমি যথাসাধ্য আপনাকে সাহায্য করার চেষ্টা করব। আপনার বর্ণনা করা লক্ষণগুলো বিভিন্ন কারণে হতে পারে এবং এর সঠিক কারণ নির্ণয়ের জন্য একটি বিস্তারিত পরীক্ষা প্রয়োজন। তাই আমি আপনাকে একজন বিশেষজ্ঞ ডাক্তারের সাথে সরাসরি পরামর্শ করার পরামর্শ দিচ্ছি। প্রয়োজনীয় পরীক্ষা-নিরীক্ষা করানো উচিত এবং রিপোর্ট অনুযায়ী চিকিৎসা শুরু করা যেতে পারে। এই সময়ে পর্যাপ্ত বিশ্রাম নিন, প্রচুর পানি পান করুন এবং স্বাস্থ্যকর খাবার খান। ডাক্তারের পরামর্শ ছাড়া কোনো ওষুধ সেবন করবেন না। যদি সমস্যা বাড়তে থাকে বা তীব্র হয়, তাহলে দেরি না করে দ্রুত ডাক্তারের শরণাপন্ন হন। আশা করি এই উত্তরটি আপনাকে সাহায্য করবে। আরও কোনো প্রশ্ন থাকলে নির্দ্বিধায় জিজ্ঞাসা করতে পারেন। ধন্যবাদ।"
76513,"হেলো, নাসেনিয়া ডকে আপনাকে স্বাগতম। আপনার অনুসন্ধানের জন্য ধন্যবাদ। আমি আপনার প্রশ্নটি দেখেছি এবং আপনার উদ্বেগ বুঝতে পেরেছি। আমি যথাসাধ্য আপনাকে সাহায্য করার চেষ্টা করব। আপনার বর্ণনা করা লক্ষণগুলো বিভিন্ন কারণে হতে পারে এবং এর সঠিক কারণ নির্ণয়ের জন্য একটি বিস্তারিত পরীক্ষা প্রয়োজন। তাই আমি আপনাকে একজন বিশেষজ্ঞ ডাক্তারের সাথে সরাসরি পরামর্শ করার পরামর্শ দিচ্ছি। প্রয়োজনীয় পরীক্ষা-নিরীক্ষা করানো উচিত এবং রিপোর্ট অনুযায়ী চিকিৎসা শুরু করা যেতে পারে। এই সময়ে পর্যাপ্ত বিশ্রাম নিন, প্রচুর পানি পান করুন এবং স্বাস্থ্যকর খাবার খান। ডাক্তারের পরামর্শ ছাড়া কোনো ওষুধ সেবন করবেন না। যদি সমস্যা বাড়তে থাকে বা তীব্র হয়, তাহলে দেরি না করে দ্রুত ডাক্তারের শরণাপন্ন হন। আশা করি এই উত্তরটি আপনাকে সাহায্য করবে। আরও কোনো প্রশ্ন থাকলে নির্দ্বিধায় জিজ্ঞাসা করতে পারেন। ধন্যবাদ।"
8969,"হেলো, নাসেনিয়া ডকে আপনাকে স্বাগতম। আপনার অনুসন্ধানের জন্য ধন্যবাদ। আমি আপনার প্রশ্নটি দেখেছি এবং আপনার উদ্বেগ বুঝতে পেরেছি। আমি যথাসাধ্য আপনাকে সাহায্য করার চেষ্টা করব। আপনার বর্ণনা করা লক্ষণগুলো বিভিন্ন কারণে হতে পারে এবং এর সঠিক কারণ নির্ণয়ের জন্য একটি বিস্তারিত পরীক্ষা প্রয়োজন। তাই আমি আপনাকে একজন বিশেষজ্ঞ ডাক্তারের সাথে সরাসরি পরামর্শ করার পরামর্শ দিচ্ছি। প্রয়োজনীয় পরীক্ষা-নিরীক্ষা করানো উচিত এবং রিপোর্ট অনুযায়ী চিকিৎসা শুরু করা যেতে পারে। এই সময়ে পর্যাপ্ত বিশ্রাম নিন, প্রচুর পানি পান করুন এবং স্বাস্থ্যকর খাবার খান। ডাক্তারের পরামর্শ ছাড়া কোনো ওষুধ সেবন করবেন না। যদি সমস্যা বাড়তে থাকে বা তীব্র হয়, তাহলে দেরি না করে দ্রুত ডাক্তারের শরণাপন্ন হন। আশা করি এই উত্তরটি আপনাকে সাহায্য করবে। আরও কোনো প্রশ্ন থাকলে নির্দ্বিধায় জিজ্ঞাসা করতে পারেন। ধন্যবাদ।"
1939,"হেলো, নাসেনিয়া ডকে আপনাকে স্বাগতম। আপনার অনুসন্ধানের জন্য ধন্যবাদ। আমি আপনার প্রশ্নটি দেখেছি এবং আপনার উদ্বেগ বুঝতে পেরেছি। আমি যথাসাধ্য আপনাকে সাহায্য করার চেষ্টা করব। আপনার বর্ণনা করা লক্ষণগুলো বিভিন্ন কারণে হতে পারে এবং এর সঠিক কারণ নির্ণয়ের জন্য একটি বিস্তারিত পরীক্ষা প্রয়োজন। তাই আমি আপনাকে একজন বিশেষজ্ঞ ডাক্তারের সাথে সরাসরি পরামর্শ করার পরামর্শ দিচ্ছি। প্রয়োজনীয় পরীক্ষা-নিরীক্ষা করানো উচিত এবং রিপোর্ট অনুযায়ী চিকিৎসা শুরু করা যেতে পারে। এই সময়ে পর্যাপ্ত বিশ্রাম নিন, প্রচুর পানি পান করুন এবং স্বাস্থ্যকর খাবার খান। ডাক্তারের পরামর্শ ছাড়া কোনো ওষুধ সেবন করবেন না। যদি সমস্যা বাড়তে থাকে বা তীব্র হয়, তাহলে দেরি না করে দ্রুত ডাক্তারের শরণাপন্ন হন। আশা করি এই উত্তরটি আপনাকে সাহায্য করবে। আরও কোনো প্রশ্ন থাকলে নির্দ্বিধায় জিজ্ঞাসা করতে পারেন। ধন্যবাদ।"
103373,"হেলো, নাসেনিয়া ডকে আপনাকে স্বাগতম। আপনার অনুসন্ধানের জন্য ধন্যবাদ। আমি আপনার প্রশ্নটি দেখেছি এবং আপনার উদ্বেগ বুঝতে পেরেছি। আমি যথাসাধ্য আপনাকে সাহায্য করার চেষ্টা করব। আপনার বর্ণনা করা লক্ষণগুলো বিভিন্ন কারণে হতে পারে এবং এর সঠিক কারণ নির্ণয়ের জন্য একটি বিস্তারিত পরীক্ষা প্রয়োজন। তাই আমি আপনাকে একজন বিশেষজ্ঞ ডাক্তারের সাথে সরাসরি পরামর্শ করার পরামর্শ দিচ্ছি। প্রয়োজনীয় পরীক্ষা-নিরীক্ষা করানো উচিত এবং রিপোর্ট অনুযায়ী চিকিৎসা শুরু করা যেতে পারে। এই সময়ে পর্যাপ্ত বিশ্রাম নিন, প্রচুর পানি পান করুন এবং স্বাস্থ্যকর খাবার খান। ডাক্তারের পরামর্শ ছাড়া কোনো ওষুধ সেবন করবেন না। যদি সমস্যা বাড়তে থাকে বা তীব্র হয়, তাহলে দেরি না করে দ্রুত ডাক্তারের শরণাপন্ন হন। আশা করি এই উত্তরটি আপনাকে সাহায্য করবে। আরও কোনো প্রশ্ন থাকলে নির্দ্বিধায় জিজ্ঞাসা করতে পারেন। ধন্যবাদ।"
4515,"হেলো, নাসেনিয়া ডকে আপনাকে স্বাগতম। আপনার অনুসন্ধানের জন্য ধন্যবাদ। আমি আপনার প্রশ্নটি দেখেছি এবং আপনার উদ্বেগ বুঝতে পেরেছি। আমি যথাসাধ্য আপনাকে সাহায্য করার চেষ্টা করব। আপনার বর্ণনা করা লক্ষণগুলো বিভিন্ন কারণে হতে পারে এবং এর সঠিক কারণ নির্ণয়ের জন্য একটি বিস্তারিত পরীক্ষা প্রয়োজন। তাই আমি আপনাকে একজন বিশেষজ্ঞ ডাক্তারের সাথে সরাসরি পরামর্শ করার পরামর্শ দিচ্ছি। প্রয়োজনীয় পরীক্ষা-নিরীক্ষা করানো উচিত এবং রিপোর্ট অনুযায়ী চিকিৎসা শুরু করা যেতে পারে। এই সময়ে পর্যাপ্ত বিশ্রাম নিন, প্রচুর পানি পান করুন এবং স্বাস্থ্যকর খাবার খান। ডাক্তারের পরামর্শ ছাড়া কোনো ওষুধ সেবন করবেন না। যদি সমস্যা বাড়তে থাকে বা তীব্র হয়, তাহলে দেরি না করে দ্রুত ডাক্তারের শরণাপন্ন হন। আশা করি এই উত্তরটি আপনাকে সাহায্য করবে। আরও কোনো প্রশ্ন থাকলে নির্দ্বিধায় জিজ্ঞাসা করতে পারেন। ধন্যবাদ।"
41544,"হেলো, নাসেনিয়া ডকে আপনাকে স্বাগতম। আপনার অনুসন্ধানের জন্য ধন্যবাদ। আমি আপনার প্রশ্নটি দেখেছি এবং আপনার উদ্বেগ বুঝতে পেরেছি। আমি যথাসাধ্য আপনাকে সাহায্য করার চেষ্টা করব। আপনার বর্ণনা করা লক্ষণগুলো বিভিন্ন কারণে হতে পারে এবং এর সঠিক কারণ নির্ণয়ের জন্য একটি বিস্তারিত পরীক্ষা প্রয়োজন। তাই আমি আপনাকে একজন বিশেষজ্ঞ ডাক্তারের সাথে সরাসরি পরামর্শ করার পরামর্শ দিচ্ছি। প্রয়োজনীয় পরীক্ষা-নিরীক্ষা করানো উচিত এবং রিপোর্ট অনুযায়ী চিকিৎসা শুরু করা যেতে পারে। এই সময়ে পর্যাপ্ত বিশ্রাম নিন, প্রচুর পানি পান করুন এবং স্বাস্থ্যকর খাবার খান। ডাক্তারের পরামর্শ ছাড়া কোনো ওষুধ সেবন করবেন না। যদি সমস্যা বাড়তে থাকে বা তীব্র হয়, তাহলে দেরি না করে দ্রুত ডাক্তারের শরণাপন্ন হন। আশা করি এই উত্তরটি আপনাকে সাহায্য করবে। আরও কোনো প্রশ্ন থাকলে নির্দ্বিধায় জিজ্ঞাসা করতে পারেন। ধন্যবাদ।"
26523,"হেলো, নাসেনিয়া ডকে আপনাকে স্বাগতম। আপনার অনুসন্ধানের জন্য ধন্যবাদ। আমি আপনার প্রশ্নটি দেখেছি এবং আপনার উদ্বেগ বুঝতে পেরেছি। আমি যথাসাধ্য আপনাকে সাহায্য করার চেষ্টা করব। আপনার বর্ণনা করা লক্ষণগুলো বিভিন্ন কারণে হতে পারে এবং এর সঠিক কারণ নির্ণয়ের জন্য একটি বিস্তারিত পরীক্ষা প্রয়োজন। তাই আমি আপনাকে একজন বিশেষজ্ঞ ডাক্তারের সাথে সরাসরি পরামর্শ করার পরামর্শ দিচ্ছি। প্রয়োজনীয় পরীক্ষা-নিরীক্ষা করানো উচিত এবং রিপোর্ট অনুযায়ী চিকিৎসা শুরু করা যেতে পারে। এই সময়ে পর্যাপ্ত বিশ্রাম নিন, প্রচুর পানি পান করুন এবং স্বাস্থ্যকর খাবার খান। ডাক্তারের পরামর্শ ছাড়া কোনো ওষুধ সেবন করবেন না। যদি সমস্যা বাড়তে থাকে বা তীব্র হয়, তাহলে দেরি না করে দ্রুত ডাক্তারের শরণাপন্ন হন। আশা করি এই উত্তরটি আপনাকে সাহায্য করবে। আরও কোনো প্রশ্ন থাকলে নির্দ্বিধায় জিজ্ঞাসা করতে পারেন। ধন্যবাদ।"
54521,"হেলো, নাসেনিয়া ডকে আপনাকে স্বাগতম। আপনার অনুসন্ধানের জন্য ধন্যবাদ। আমি আপনার প্রশ্নটি দেখেছি এবং আপনার উদ্বেগ বুঝতে পেরেছি। আমি যথাসাধ্য আপনাকে সাহায্য করার চেষ্টা করব। আপনার বর্ণনা করা লক্ষণগুলো বিভিন্ন কারণে হতে পারে এবং এর সঠিক কারণ নির্ণয়ের জন্য একটি বিস্তারিত পরীক্ষা প্রয়োজন। তাই আমি আপনাকে একজন বিশেষজ্ঞ ডাক্তারের সাথে সরাসরি পরামর্শ করার পরামর্শ দিচ্ছি। প্রয়োজনীয় পরীক্ষা-নিরীক্ষা করানো উচিত এবং রিপোর্ট অনুযায়ী চিকিৎসা শুরু করা যেতে পারে। এই সময়ে পর্যাপ্ত বিশ্রাম নিন, প্রচুর পানি পান করুন এবং স্বাস্থ্যকর খাবার খান। ডাক্তারের পরামর্শ ছাড়া কোনো ওষুধ সেবন করবেন না। যদি সমস্যা বাড়তে থাকে বা তীব্র হয়, তাহলে দেরি না করে দ্রুত ডাক্তারের শরণাপন্ন হন। আশা করি এই উত্তরটি আপনাকে সাহায্য করবে। আরও কোনো প্রশ্ন থাকলে নির্দ্বিধায় জিজ্ঞাসা করতে পারেন। ধন্যবাদ।"
53025,"হেলো, নাসেনিয়া ডকে আপনাকে স্বাগতম। আপনার অনুসন্ধানের জন্য ধন্যবাদ। আমি আপনার প্রশ্নটি দেখেছি এবং আপনার উদ্বেগ বুঝতে পেরেছি। আমি যথাসাধ্য আপনাকে সাহায্য করার চেষ্টা করব। আপনার বর্ণনা করা লক্ষণগুলো বিভিন্ন কারণে হতে পারে এবং এর সঠিক কারণ নির্ণয়ের জন্য একটি বিস্তারিত পরীক্ষা প্রয়োজন। তাই আমি আপনাকে একজন বিশেষজ্ঞ ডাক্তারের সাথে সরাসরি পরামর্শ করার পরামর্শ দিচ্ছি। প্রয়োজনীয় পরীক্ষা-নিরীক্ষা করানো উচিত এবং রিপোর্ট অনুযায়ী চিকিৎসা শুরু করা যেতে পারে। এই সময়ে পর্যাপ্ত বিশ্রাম নিন, প্রচুর পানি পান করুন এবং স্বাস্থ্যকর খাবার খান। ডাক্তারের পরামর্শ ছাড়া কোনো ওষুধ সেবন করবেন না। যদি সমস্যা বাড়তে থাকে বা তীব্র হয়, তাহলে দেরি না করে দ্রুত ডাক্তারের শরণাপন্ন হন। আশা করি এই উত্তরটি আপনাকে সাহায্য করবে। আরও কোনো প্রশ্ন থাকলে নির্দ্বিধায় জিজ্ঞাসা করতে পারেন। ধন্যবাদ।"
8798,"হেলো, নাসেনিয়া ডকে আপনাকে স্বাগতম। আপনার অনুসন্ধানের জন্য ধন্যবাদ। আমি আপনার প্রশ্নটি দেখেছি এবং আপনার উদ্বেগ বুঝতে পেরেছি। আমি যথাসাধ্য আপনাকে সাহায্য করার চেষ্টা করব। আপনার বর্ণনা করা লক্ষণগুলো বিভিন্ন কারণে হতে পারে এবং এর সঠিক কারণ নির্ণয়ের জন্য একটি বিস্তারিত পরীক্ষা প্রয়োজন। তাই আমি আপনাকে একজন বিশেষজ্ঞ ডাক্তারের সাথে সরাসরি পরামর্শ করার পরামর্শ দিচ্ছি। প্রয়োজনীয় পরীক্ষা-নিরীক্ষা করানো উচিত এবং রিপোর্ট অনুযায়ী চিকিৎসা শুরু করা যেতে পারে। এই সময়ে পর্যাপ্ত বিশ্রাম নিন, প্রচুর পানি পান করুন এবং স্বাস্থ্যকর খাবার খান। ডাক্তারের পরামর্শ ছাড়া কোনো ওষুধ সেবন করবেন না। যদি সমস্যা বাড়তে থাকে বা তীব্র হয়, তাহলে দেরি না করে দ্রুত ডাক্তারের শরণাপন্ন হন। আশা করি এই উত্তরটি আপনাকে সাহায্য করবে। আরও কোনো প্রশ্ন থাকলে নির্দ্বিধায় জিজ্ঞাসা করতে পারেন। ধন্যবাদ।"
14549,"হেলো, নাসেনিয়া ডকে আপনাকে স্বাগতম। আপনার অনুসন্ধানের জন্য ধন্যবাদ। আমি আপনার প্রশ্নটি দেখেছি এবং আপনার উদ্বেগ বুঝতে পেরেছি। আমি যথাসাধ্য আপনাকে সাহায্য করার চেষ্টা করব। আপনার বর্ণনা করা লক্ষণগুলো বিভিন্ন কারণে হতে পারে এবং এর সঠিক কারণ নির্ণয়ের জন্য একটি বিস্তারিত পরীক্ষা প্রয়োজন। তাই আমি আপনাকে একজন বিশেষজ্ঞ ডাক্তারের সাথে সরাসরি পরামর্শ করার পরামর্শ দিচ্ছি। প্রয়োজনীয় পরীক্ষা-নিরীক্ষা করানো উচিত এবং রিপোর্ট অনুযায়ী চিকিৎসা শুরু করা যেতে পারে। এই সময়ে পর্যাপ্ত বিশ্রাম নিন, প্রচুর পানি পান করুন এবং স্বাস্থ্যকর খাবার খান। ডাক্তারের পরামর্শ ছাড়া কোনো ওষুধ সেবন করবেন না। যদি সমস্যা বাড়তে থাকে বা তীব্র হয়, তাহলে দেরি না করে দ্রুত ডাক্তারের শরণাপন্ন হন। আশা করি এই উত্তরটি আপনাকে সাহায্য করবে। আরও কোনো প্রশ্ন থাকলে নির্দ্বিধায় জিজ্ঞাসা করতে পারেন। ধন্যবাদ।"
94817,"হেলো, নাসেনিয়া ডকে আপনাকে স্বাগতম। আপনার অনুসন্ধানের জন্য ধন্যবাদ। আমি আপনার প্রশ্নটি দেখেছি এবং আপনার উদ্বেগ বুঝতে পেরেছি। আমি যথাসাধ্য আপনাকে সাহায্য করার চেষ্টা করব। আপনার বর্ণনা করা লক্ষণগুলো বিভিন্ন কারণে হতে পারে এবং এর সঠিক কারণ নির্ণয়ের জন্য একটি বিস্তারিত পরীক্ষা প্রয়োজন। তাই আমি আপনাকে একজন বিশেষজ্ঞ ডাক্তারের সাথে সরাসরি পরামর্শ করার পরামর্শ দিচ্ছি। প্রয়োজনীয় পরীক্ষা-নিরীক্ষা করানো উচিত এবং রিপোর্ট অনুযায়ী চিকিৎসা শুরু করা যেতে পারে। এই সময়ে পর্যাপ্ত বিশ্রাম নিন, প্রচুর পানি পান করুন এবং স্বাস্থ্যকর খাবার খান। ডাক্তারের পরামর্শ ছাড়া কোনো ওষুধ সেবন করবেন না। যদি সমস্যা বাড়তে থাকে বা তীব্র হয়, তাহলে দেরি না করে দ্রুত ডাক্তারের শরণাপন্ন হন। আশা করি এই উত্তরটি আপনাকে সাহায্য করবে। আরও কোনো প্রশ্ন থাকলে নির্দ্বিধায় জিজ্ঞাসা করতে পারেন। ধন্যবাদ।"
24575,"হেলো, নাসেনিয়া ডকে আপনাকে স্বাগতম। আপনার অনুসন্ধানের জন্য ধন্যবাদ। আমি আপনার প্রশ্নটি দেখেছি এবং আপনার উদ্বেগ বুঝতে পেরেছি। আমি যথাসাধ্য আপনাকে সাহায্য করার চেষ্টা করব। আপনার বর্ণনা করা লক্ষণগুলো বিভিন্ন কারণে হতে পারে এবং এর সঠিক কারণ নির্ণয়ের জন্য একটি বিস্তারিত পরীক্ষা প্রয়োজন। তাই আমি আপনাকে একজন বিশেষজ্ঞ ডাক্তারের সাথে সরাসরি পরামর্শ করার পরামর্শ দিচ্ছি। প্রয়োজনীয় পরীক্ষা-নিরীক্ষা করানো উচিত এবং রিপোর্ট অনুযায়ী চিকিৎসা শুরু করা যেতে পারে। এই সময়ে পর্যাপ্ত বিশ্রাম নিন, প্রচুর পানি পান করুন এবং স্বাস্থ্যকর খাবার খান। ডাক্তারের পরামর্শ ছাড়া কোনো ওষুধ সেবন করবেন না। যদি সমস্যা বাড়তে থাকে বা তীব্র হয়, তাহলে দেরি না করে দ্রুত ডাক্তারের শরণাপন্ন হন। আশা করি এই উত্তরটি আপনাকে সাহায্য করবে। আরও কোনো প্রশ্ন থাকলে নির্দ্বিধায় জিজ্ঞাসা করতে পারেন। ধন্যবাদ।"
18907,"হেলো, নাসেনিয়া ডকে আপনাকে স্বাগতম। আপনার অনুসন্ধানের জন্য ধন্যবাদ। আমি আপনার প্রশ্নটি দেখেছি এবং আপনার উদ্বেগ বুঝতে পেরেছি। আমি যথাসাধ্য আপনাকে সাহায্য করার চেষ্টা করব। আপনার বর্ণনা করা লক্ষণগুলো বিভিন্ন কারণে হতে পারে এবং এর সঠিক কারণ নির্ণয়ের জন্য একটি বিস্তারিত পরীক্ষা প্রয়োজন। তাই আমি আপনাকে একজন বিশেষজ্ঞ ডাক্তারের সাথে সরাসরি পরামর্শ করার পরামর্শ দিচ্ছি। প্রয়োজনীয় পরীক্ষা-নিরীক্ষা করানো উচিত এবং রিপোর্ট অনুযায়ী চিকিৎসা শুরু করা যেতে পারে। এই সময়ে পর্যাপ্ত বিশ্রাম নিন, প্রচুর পানি পান করুন এবং স্বাস্থ্যকর খাবার খান। ডাক্তারের পরামর্শ ছাড়া কোনো ওষুধ সেবন করবেন না। যদি সমস্যা বাড়তে থাকে বা তীব্র হয়, তাহলে দেরি না করে দ্রুত ডাক্তারের শরণাপন্ন হন। আশা করি এই উত্তরটি আপনাকে সাহায্য করবে। আরও কোনো প্রশ্ন থাকলে নির্দ্বিধায় জিজ্ঞাসা করতে পারেন। ধন্যবাদ।"
34598,"হেলো, নাসেনিয়া ডকে আপনাকে স্বাগতম। আপনার অনুসন্ধানের জন্য ধন্যবাদ। আমি আপনার প্রশ্নটি দেখেছি এবং আপনার উদ্বেগ বুঝতে পেরেছি। আমি যথাসাধ্য আপনাকে সাহায্য করার চেষ্টা করব। আপনার বর্ণনা করা লক্ষণগুলো বিভিন্ন কারণে হতে পারে এবং এর সঠিক কারণ নির্ণয়ের জন্য একটি বিস্তারিত পরীক্ষা প্রয়োজন। তাই আমি আপনাকে একজন বিশেষজ্ঞ ডাক্তারের সাথে সরাসরি পরামর্শ করার পরামর্শ দিচ্ছি। প্রয়োজনীয় পরীক্ষা-নিরীক্ষা করানো উচিত এবং রিপোর্ট অনুযায়ী চিকিৎসা শুরু করা যেতে পারে। এই সময়ে পর্যাপ্ত বিশ্রাম নিন, প্রচুর পানি পান করুন এবং স্বাস্থ্যকর খাবার খান। ডাক্তারের পরামর্শ ছাড়া কোনো ওষুধ সেবন করবেন না। যদি সমস্যা বাড়তে থাকে বা তীব্র হয়, তাহলে দেরি না করে দ্রুত ডাক্তারের শরণাপন্ন হন। আশা করি এই উত্তরটি আপনাকে সাহায্য করবে। আরও কোনো প্রশ্ন থাকলে নির্দ্বিধায় জিজ্ঞাসা করতে পারেন। ধন্যবাদ।"
57985,"হেলো, নাসেনিয়া ডকে আপনাকে স্বাগতম। আপনার অনুসন্ধানের জন্য ধন্যবাদ। আমি আপনার প্রশ্নটি দেখেছি এবং আপনার উদ্বেগ বুঝতে পেরেছি। আমি যথাসাধ্য আপনাকে সাহায্য করার চেষ্টা করব। আপনার বর্ণনা করা লক্ষণগুলো বিভিন্ন কারণে হতে পারে এবং এর সঠিক কারণ নির্ণয়ের জন্য একটি বিস্তারিত পরীক্ষা প্রয়োজন। তাই আমি আপনাকে একজন বিশেষজ্ঞ ডাক্তারের সাথে সরাসরি পরামর্শ করার পরামর্শ দিচ্ছি। প্রয়োজনীয় পরীক্ষা-নিরীক্ষা করানো উচিত এবং রিপোর্ট অনুযায়ী চিকিৎসা শুরু করা যেতে পারে। এই সময়ে পর্যাপ্ত বিশ্রাম নিন, প্রচুর পানি পান করুন এবং স্বাস্থ্যকর খাবার খান। ডাক্তারের পরামর্শ ছাড়া কোনো ওষুধ সেবন করবেন না। যদি সমস্যা বাড়তে থাকে বা তীব্র হয়, তাহলে দেরি না করে দ্রুত ডাক্তারের শরণাপন্ন হন। আশা করি এই উত্তরটি আপনাকে সাহায্য করবে। আরও কোনো প্রশ্ন থাকলে নির্দ্বিধায় জিজ্ঞাসা করতে পারেন। ধন্যবাদ।"
50848,"হেলো, নাসেনিয়া ডকে আপনাকে স্বাগতম। আপনার অনুসন্ধানের জন্য ধন্যবাদ। আমি আপনার প্রশ্নটি দেখেছি এবং আপনার উদ্বেগ বুঝতে পেরেছি। আমি যথাসাধ্য আপনাকে সাহায্য করার চেষ্টা করব। আপনার বর্ণনা করা লক্ষণগুলো বিভিন্ন কারণে হতে পারে এবং এর সঠিক কারণ নির্ণয়ের জন্য একটি বিস্তারিত পরীক্ষা প্রয়োজন। তাই আমি আপনাকে একজন বিশেষজ্ঞ ডাক্তারের সাথে সরাসরি পরামর্শ করার পরামর্শ দিচ্ছি। প্রয়োজনীয় পরীক্ষা-নিরীক্ষা করানো উচিত এবং রিপোর্ট অনুযায়ী চিকিৎসা শুরু করা যেতে পারে। এই সময়ে পর্যাপ্ত বিশ্রাম নিন, প্রচুর পানি পান করুন এবং স্বাস্থ্যকর খাবার খান। ডাক্তারের পরামর্শ ছাড়া কোনো ওষুধ সেবন করবেন না। যদি সমস্যা বাড়তে থাকে বা তীব্র হয়, তাহলে দেরি না করে দ্রুত ডাক্তারের শরণাপন্ন হন। আশা করি এই উত্তরটি আপনাকে সাহায্য করবে। আরও কোনো প্রশ্ন থাকলে নির্দ্বিধায় জিজ্ঞাসা করতে পারেন। ধন্যবাদ।"
4274,"হেলো, নাসেনিয়া ডকে আপনাকে স্বাগতম। আপনার অনুসন্ধানের জন্য ধন্যবাদ। আমি আপনার প্রশ্নটি দেখেছি এবং আপনার উদ্বেগ বুঝতে পেরেছি। আমি যথাসাধ্য আপনাকে সাহায্য করার চেষ্টা করব। আপনার বর্ণনা করা লক্ষণগুলো বিভিন্ন কারণে হতে পারে এবং এর সঠিক কারণ নির্ণয়ের জন্য একটি বিস্তারিত পরীক্ষা প্রয়োজন। তাই আমি আপনাকে একজন বিশেষজ্ঞ ডাক্তারের সাথে সরাসরি পরামর্শ করার পরামর্শ দিচ্ছি। প্রয়োজনীয় পরীক্ষা-নিরীক্ষা করানো উচিত এবং রিপোর্ট অনুযায়ী চিকিৎসা শুরু করা যেতে পারে। এই সময়ে পর্যাপ্ত বিশ্রাম নিন, প্রচুর পানি পান করুন এবং স্বাস্থ্যকর খাবার খান। ডাক্তারের পরামর্শ ছাড়া কোনো ওষুধ সেবন করবেন না। যদি সমস্যা বাড়তে থাকে বা তীব্র হয়, তাহলে দেরি না করে দ্রুত ডাক্তারের শরণাপন্ন হন। আশা করি এই উত্তরটি আপনাকে সাহায্য করবে। আরও কোনো প্রশ্ন থাকলে নির্দ্বিধায় জিজ্ঞাসা করতে পারেন। ধন্যবাদ।"
38457,"হেলো, নাসেনিয়া ডকে আপনাকে স্বাগতম। আপনার অনুসন্ধানের জন্য ধন্যবাদ। আমি আপনার প্রশ্নটি দেখেছি এবং আপনার উদ্বেগ বুঝতে পেরেছি। আমি যথাসাধ্য আপনাকে সাহায্য করার চেষ্টা করব। আপনার বর্ণনা করা লক্ষণগুলো বিভিন্ন কারণে হতে পারে এবং এর সঠিক কারণ নির্ণয়ের জন্য একটি বিস্তারিত পরীক্ষা প্রয়োজন। তাই আমি আপনাকে একজন বিশেষজ্ঞ ডাক্তারের সাথে সরাসরি পরামর্শ করার পরামর্শ দিচ্ছি। প্রয়োজনীয় পরীক্ষা-নিরীক্ষা করানো উচিত এবং রিপোর্ট অনুযায়ী চিকিৎসা শুরু করা যেতে পারে। এই সময়ে পর্যাপ্ত বিশ্রাম নিন, প্রচুর পানি পান করুন এবং স্বাস্থ্যকর খাবার খান। ডাক্তারের পরামর্শ ছাড়া কোনো ওষুধ সেবন করবেন না। যদি সমস্যা বাড়তে থাকে বা তীব্র হয়, তাহলে দেরি না করে দ্রুত ডাক্তারের শরণাপন্ন হন। আশা করি এই উত্তরটি আপনাকে সাহায্য করবে। আরও কোনো প্রশ্ন থাকলে নির্দ্বিধায় জিজ্ঞাসা করতে পারেন। ধন্যবাদ।"
53333,"হেলো, নাসেনিয়া ডকে আপনাকে স্বাগতম। আপনার অনুসন্ধানের জন্য ধন্যবাদ। আমি আপনার প্রশ্নটি দেখেছি এবং আপনার উদ্বেগ বুঝতে পেরেছি। আমি যথাসাধ্য আপনাকে সাহায্য করার চেষ্টা করব। আপনার বর্ণনা করা লক্ষণগুলো বিভিন্ন কারণে হতে পারে এবং এর সঠিক কারণ নির্ণয়ের জন্য একটি বিস্তারিত পরীক্ষা প্রয়োজন। তাই আমি আপনাকে একজন বিশেষজ্ঞ ডাক্তারের সাথে সরাসরি পরামর্শ করার পরামর্শ দিচ্ছি। প্রয়োজনীয় পরীক্ষা-নিরীক্ষা করানো উচিত এবং রিপোর্ট অনুযায়ী চিকিৎসা শুরু করা যেতে পারে। এই সময়ে পর্যাপ্ত বিশ্রাম নিন, প্রচুর পানি পান করুন এবং স্বাস্থ্যকর খাবার খান। ডাক্তারের পরামর্শ ছাড়া কোনো ওষুধ সেবন করবেন না। যদি সমস্যা বাড়তে থাকে বা তীব্র হয়, তাহলে দেরি না করে দ্রুত ডাক্তারের শরণাপন্ন হন। আশা করি এই উত্তরটি আপনাকে সাহায্য করবে। আরও কোনো প্রশ্ন থাকলে নির্দ্বিধায় জিজ্ঞাসা করতে পারেন। ধন্যবাদ।"
11541,"হেলো, নাসেনিয়া ডকে আপনাকে স্বাগতম। আপনার অনুসন্ধানের জন্য ধন্যবাদ। আমি আপনার প্রশ্নটি দেখেছি এবং আপনার উদ্বেগ বুঝতে পেরেছি। আমি যথাসাধ্য আপনাকে সাহায্য করার চেষ্টা করব। আপনার বর্ণনা করা লক্ষণগুলো বিভিন্ন কারণে হতে পারে এবং এর সঠিক কারণ নির্ণয়ের জন্য একটি বিস্তারিত পরীক্ষা প্রয়োজন। তাই আমি আপনাকে একজন বিশেষজ্ঞ ডাক্তারের সাথে সরাসরি পরামর্শ করার পরামর্শ দিচ্ছি। প্রয়োজনীয় পরীক্ষা-নিরীক্ষা করানো উচিত এবং রিপোর্ট অনুযায়ী চিকিৎসা শুরু করা যেতে পারে। এই সময়ে পর্যাপ্ত বিশ্রাম নিন, প্রচুর পানি পান করুন এবং স্বাস্থ্যকর খাবার খান। ডাক্তারের পরামর্শ ছাড়া কোনো ওষুধ সেবন করবেন না। যদি সমস্যা বাড়তে থাকে বা তীব্র হয়, তাহলে দেরি না করে দ্রুত ডাক্তারের শরণাপন্ন হন। আশা করি এই উত্তরটি আপনাকে সাহায্য করবে। আরও কোনো প্রশ্ন থাকলে নির্দ্বিধায় জিজ্ঞাসা করতে পারেন। ধন্যবাদ।"
41954,"হেলো, নাসেনিয়া ডকে আপনাকে স্বাগতম। আপনার অনুসন্ধানের জন্য ধন্যবাদ। আমি আপনার প্রশ্নটি দেখেছি এবং আপনার উদ্বেগ বুঝতে পেরেছি। আমি যথাসাধ্য আপনাকে সাহায্য করার চেষ্টা করব। আপনার বর্ণনা করা লক্ষণগুলো বিভিন্ন কারণে হতে পারে এবং এর সঠিক কারণ নির্ণয়ের জন্য একটি বিস্তারিত পরীক্ষা প্রয়োজন। তাই আমি আপনাকে একজন বিশেষজ্ঞ ডাক্তারের সাথে সরাসরি পরামর্শ করার পরামর্শ দিচ্ছি। প্রয়োজনীয় পরীক্ষা-নিরীক্ষা করানো উচিত এবং রিপোর্ট অনুযায়ী চিকিৎসা শুরু করা যেতে পারে। এই সময়ে পর্যাপ্ত বিশ্রাম নিন, প্রচুর পানি পান করুন এবং স্বাস্থ্যকর খাবার খান। ডাক্তারের পরামর্শ ছাড়া কোনো ওষুধ সেবন করবেন না। যদি সমস্যা বাড়তে থাকে বা তীব্র হয়, তাহলে দেরি না করে দ্রুত ডাক্তারের শরণাপন্ন হন। আশা করি এই উত্তরটি আপনাকে সাহায্য করবে। আরও কোনো প্রশ্ন থাকলে নির্দ্বিধায় জিজ্ঞাসা করতে পারেন। ধন্যবাদ।"
24422,"হেলো, নাসেনিয়া ডকে আপনাকে স্বাগতম। আপনার অনুসন্ধানের জন্য ধন্যবাদ। আমি আপনার প্রশ্নটি দেখেছি এবং আপনার উদ্বেগ বুঝতে পেরেছি। আমি যথাসাধ্য আপনাকে সাহায্য করার চেষ্টা করব। আপনার বর্ণনা করা লক্ষণগুলো বিভিন্ন কারণে হতে পারে এবং এর সঠিক কারণ নির্ণয়ের জন্য একটি বিস্তারিত পরীক্ষা প্রয়োজন। তাই আমি আপনাকে একজন বিশেষজ্ঞ ডাক্তারের সাথে সরাসরি পরামর্শ করার পরামর্শ দিচ্ছি। প্রয়োজনীয় পরীক্ষা-নিরীক্ষা করানো উচিত এবং রিপোর্ট অনুযায়ী চিকিৎসা শুরু করা যেতে পারে। এই সময়ে পর্যাপ্ত বিশ্রাম নিন, প্রচুর পানি পান করুন এবং স্বাস্থ্যকর খাবার খান। ডাক্তারের পরামর্শ ছাড়া কোনো ওষুধ সেবন করবেন না। যদি সমস্যা বাড়তে থাকে বা তীব্র হয়, তাহলে দেরি না করে দ্রুত ডাক্তারের শরণাপন্ন হন। আশা করি এই উত্তরটি আপনাকে সাহায্য করবে। আরও কোনো প্রশ্ন থাকলে নির্দ্বিধায় জিজ্ঞাসা করতে পারেন। ধন্যবাদ।"
73000,"হেলো, নাসেনিয়া ডকে আপনাকে স্বাগতম। আপনার অনুসন্ধানের জন্য ধন্যবাদ। আমি আপনার প্রশ্নটি দেখেছি এবং আপনার উদ্বেগ বুঝতে পেরেছি। আমি যথাসাধ্য আপনাকে সাহায্য করার চেষ্টা করব। আপনার বর্ণনা করা লক্ষণগুলো বিভিন্ন কারণে হতে পারে এবং এর সঠিক কারণ নির্ণয়ের জন্য একটি বিস্তারিত পরীক্ষা প্রয়োজন। তাই আমি আপনাকে একজন বিশেষজ্ঞ ডাক্তারের সাথে সরাসরি পরামর্শ করার পরামর্শ দিচ্ছি। প্রয়োজনীয় পরীক্ষা-নিরীক্ষা করানো উচিত এবং রিপোর্ট অনুযায়ী চিকিৎসা শুরু করা যেতে পারে। এই সময়ে পর্যাপ্ত বিশ্রাম নিন, প্রচুর পানি পান করুন এবং স্বাস্থ্যকর খাবার খান। ডাক্তারের পরামর্শ ছাড়া কোনো ওষুধ সেবন করবেন না। যদি সমস্যা বাড়তে থাকে বা তীব্র হয়, তাহলে দেরি না করে দ্রুত ডাক্তারের শরণাপন্ন হন। আশা করি এই উত্তরটি আপনাকে সাহায্য করবে। আরও কোনো প্রশ্ন থাকলে নির্দ্বিধায় জিজ্ঞাসা করতে পারেন। ধন্যবাদ।"
96826,"হেলো, নাসেনিয়া ডকে আপনাকে স্বাগতম। আপনার অনুসন্ধানের জন্য ধন্যবাদ। আমি আপনার প্রশ্নটি দেখেছি এবং আপনার উদ্বেগ বুঝতে পেরেছি। আমি যথাসাধ্য আপনাকে সাহায্য করার চেষ্টা করব। আপনার বর্ণনা করা লক্ষণগুলো বিভিন্ন কারণে হতে পারে এবং এর সঠিক কারণ নির্ণয়ের জন্য একটি বিস্তারিত পরীক্ষা প্রয়োজন। তাই আমি আপনাকে একজন বিশেষজ্ঞ ডাক্তারের সাথে সরাসরি পরামর্শ করার পরামর্শ দিচ্ছি। প্রয়োজনীয় পরীক্ষা-নিরীক্ষা করানো উচিত এবং রিপোর্ট অনুযায়ী চিকিৎসা শুরু করা যেতে পারে। এই সময়ে পর্যাপ্ত বিশ্রাম নিন, প্রচুর পানি পান করুন এবং স্বাস্থ্যকর খাবার খান। ডাক্তারের পরামর্শ ছাড়া কোনো ওষুধ সেবন করবেন না। যদি সমস্যা বাড়তে থাকে বা তীব্র হয়, তাহলে দেরি না করে দ্রুত ডাক্তারের শরণাপন্ন হন। আশা করি এই উত্তরটি আপনাকে সাহায্য করবে। আরও কোনো প্রশ্ন থাকলে নির্দ্বিধায় জিজ্ঞাসা করতে পারেন। ধন্যবাদ।"
36648,"হেলো, নাসেনিয়া ডকে আপনাকে স্বাগতম। আপনার অনুসন্ধানের জন্য ধন্যবাদ। আমি আপনার প্রশ্নটি দেখেছি এবং আপনার উদ্বেগ বুঝতে পেরেছি। আমি যথাসাধ্য আপনাকে সাহায্য করার চেষ্টা করব। আপনার বর্ণনা করা লক্ষণগুলো বিভিন্ন কারণে হতে পারে এবং এর সঠিক কারণ নির্ণয়ের জন্য একটি বিস্তারিত পরীক্ষা প্রয়োজন। তাই আমি আপনাকে একজন বিশেষজ্ঞ ডাক্তারের সাথে সরাসরি পরামর্শ করার পরামর্শ দিচ্ছি। প্রয়োজনীয় পরীক্ষা-নিরীক্ষা করানো উচিত এবং রিপোর্ট অনুযায়ী চিকিৎসা শুরু করা যেতে পারে। এই সময়ে পর্যাপ্ত বিশ্রাম নিন, প্রচুর পানি পান করুন এবং স্বাস্থ্যকর খাবার খান। ডাক্তারের পরামর্শ ছাড়া কোনো ওষুধ সেবন করবেন না। যদি সমস্যা বাড়তে থাকে বা তীব্র হয়, তাহলে দেরি না করে দ্রুত ডাক্তারের শরণাপন্ন হন। আশা করি এই উত্তরটি আপনাকে সাহায্য করবে। আরও কোনো প্রশ্ন থাকলে নির্দ্বিধায় জিজ্ঞাসা করতে পারেন। ধন্যবাদ।"
68044,"হেলো, নাসেনিয়া ডকে আপনাকে স্বাগতম। আপনার অনুসন্ধানের জন্য ধন্যবাদ। আমি আপনার প্রশ্নটি দেখেছি এবং আপনার উদ্বেগ বুঝতে পেরেছি। আমি যথাসাধ্য আপনাকে সাহায্য করার চেষ্টা করব। আপনার বর্ণনা করা লক্ষণগুলো বিভিন্ন কারণে হতে পারে এবং এর সঠিক কারণ নির্ণয়ের জন্য একটি বিস্তারিত পরীক্ষা প্রয়োজন। তাই আমি আপনাকে একজন বিশেষজ্ঞ ডাক্তারের সাথে সরাসরি পরামর্শ করার পরামর্শ দিচ্ছি। প্রয়োজনীয় পরীক্ষা-নিরীক্ষা করানো উচিত এবং রিপোর্ট অনুযায়ী চিকিৎসা শুরু করা যেতে পারে। এই সময়ে পর্যাপ্ত বিশ্রাম নিন, প্রচুর পানি পান করুন এবং স্বাস্থ্যকর খাবার খান। ডাক্তারের পরামর্শ ছাড়া কোনো ওষুধ সেবন করবেন না। যদি সমস্যা বাড়তে থাকে বা তীব্র হয়, তাহলে দেরি না করে দ্রুত ডাক্তারের শরণাপন্ন হন। আশা করি এই উত্তরটি আপনাকে সাহায্য করবে। আরও কোনো প্রশ্ন থাকলে নির্দ্বিধায় জিজ্ঞাসা করতে পারেন। ধন্যবাদ।"
100135,"হেলো, নাসেনিয়া ডকে আপনাকে স্বাগতম। আপনার অনুসন্ধানের জন্য ধন্যবাদ। আমি আপনার প্রশ্নটি দেখেছি এবং আপনার উদ্বেগ বুঝতে পেরেছি। আমি যথাসাধ্য আপনাকে সাহায্য করার চেষ্টা করব। আপনার বর্ণনা করা লক্ষণগুলো বিভিন্ন কারণে হতে পারে এবং এর সঠিক কারণ নির্ণয়ের জন্য একটি বিস্তারিত পরীক্ষা প্রয়োজন। তাই আমি আপনাকে একজন বিশেষজ্ঞ ডাক্তারের সাথে সরাসরি পরামর্শ করার পরামর্শ দিচ্ছি। প্রয়োজনীয় পরীক্ষা-নিরীক্ষা করানো উচিত এবং রিপোর্ট অনুযায়ী চিকিৎসা শুরু করা যেতে পারে। এই সময়ে পর্যাপ্ত বিশ্রাম নিন, প্রচুর পানি পান করুন এবং স্বাস্থ্যকর খাবার খান। ডাক্তারের পরামর্শ ছাড়া কোনো ওষুধ সেবন করবেন না। যদি সমস্যা বাড়তে থাকে বা তীব্র হয়, তাহলে দেরি না করে দ্রুত ডাক্তারের শরণাপন্ন হন। আশা করি এই উত্তরটি আপনাকে সাহায্য করবে। আরও কোনো প্রশ্ন থাকলে নির্দ্বিধায় জিজ্ঞাসা করতে পারেন। ধন্যবাদ।"
35915,"হেলো, নাসেনিয়া ডকে আপনাকে স্বাগতম। আপনার অনুসন্ধানের জন্য ধন্যবাদ। আমি আপনার প্রশ্নটি দেখেছি এবং আপনার উদ্বেগ বুঝতে পেরেছি। আমি যথাসাধ্য আপনাকে সাহায্য করার চেষ্টা করব। আপনার বর্ণনা করা লক্ষণগুলো বিভিন্ন কারণে হতে পারে এবং এর সঠিক কারণ নির্ণয়ের জন্য একটি বিস্তারিত পরীক্ষা প্রয়োজন। তাই আমি আপনাকে একজন বিশেষজ্ঞ ডাক্তারের সাথে সরাসরি পরামর্শ করার পরামর্শ দিচ্ছি। প্রয়োজনীয় পরীক্ষা-নিরীক্ষা করানো উচিত এবং রিপোর্ট অনুযায়ী চিকিৎসা শুরু করা যেতে পারে। এই সময়ে পর্যাপ্ত বিশ্রাম নিন, প্রচুর পানি পান করুন এবং স্বাস্থ্যকর খাবার খান। ডাক্তারের পরামর্শ ছাড়া কোনো ওষুধ সেবন করবেন না। যদি সমস্যা বাড়তে থাকে বা তীব্র হয়, তাহলে দেরি না করে দ্রুত ডাক্তারের শরণাপন্ন হন। আশা করি এই উত্তরটি আপনাকে সাহায্য করবে। আরও কোনো প্রশ্ন থাকলে নির্দ্বিধায় জিজ্ঞাসা করতে পারেন। ধন্যবাদ।"
83722,"হেলো, নাসেনিয়া ডকে আপনাকে স্বাগতম। আপনার অনুসন্ধানের জন্য ধন্যবাদ। আমি আপনার প্রশ্নটি দেখেছি এবং আপনার উদ্বেগ বুঝতে পেরেছি। আমি যথাসাধ্য আপনাকে সাহায্য করার চেষ্টা করব। আপনার বর্ণনা করা লক্ষণগুলো বিভিন্ন কারণে হতে পারে এবং এর সঠিক কারণ নির্ণয়ের জন্য একটি বিস্তারিত পরীক্ষা প্রয়োজন। তাই আমি আপনাকে একজন বিশেষজ্ঞ ডাক্তারের সাথে সরাসরি পরামর্শ করার পরামর্শ দিচ্ছি। প্রয়োজনীয় পরীক্ষা-নিরীক্ষা করানো উচিত এবং রিপোর্ট অনুযায়ী চিকিৎসা শুরু করা যেতে পারে। এই সময়ে পর্যাপ্ত বিশ্রাম নিন, প্রচুর পানি পান করুন এবং স্বাস্থ্যকর খাবার খান। ডাক্তারের পরামর্শ ছাড়া কোনো ওষুধ সেবন করবেন না। যদি সমস্যা বাড়তে থাকে বা তীব্র হয়, তাহলে দেরি না করে দ্রুত ডাক্তারের শরণাপন্ন হন। আশা করি এই উত্তরটি আপনাকে সাহায্য করবে। আরও কোনো প্রশ্ন থাকলে নির্দ্বিধায় জিজ্ঞাসা করতে পারেন। ধন্যবাদ।"
55659,"হেলো, নাসেনিয়া ডকে আপনাকে স্বাগতম। আপনার অনুসন্ধানের জন্য ধন্যবাদ। আমি আপনার প্রশ্নটি দেখেছি এবং আপনার উদ্বেগ বুঝতে পেরেছি। আমি যথাসাধ্য আপনাকে সাহায্য করার চেষ্টা করব। আপনার বর্ণনা করা লক্ষণগুলো বিভিন্ন কারণে হতে পারে এবং এর সঠিক কারণ নির্ণয়ের জন্য একটি বিস্তারিত পরীক্ষা প্রয়োজন। তাই আমি আপনাকে একজন বিশেষজ্ঞ ডাক্তারের সাথে সরাসরি পরামর্শ করার পরামর্শ দিচ্ছি। প্রয়োজনীয় পরীক্ষা-নিরীক্ষা করানো উচিত এবং রিপোর্ট অনুযায়ী চিকিৎসা শুরু করা যেতে পারে। এই সময়ে পর্যাপ্ত বিশ্রাম নিন, প্রচুর পানি পান করুন এবং স্বাস্থ্যকর খাবার খান। ডাক্তারের পরামর্শ ছাড়া কোনো ওষুধ সেবন করবেন না। যদি সমস্যা বাড়তে থাকে বা তীব্র হয়, তাহলে দেরি না করে দ্রুত ডাক্তারের শরণাপন্ন হন। আশা করি এই উত্তরটি আপনাকে সাহায্য করবে। আরও কোনো প্রশ্ন থাকলে নির্দ্বিধায় জিজ্ঞাসা করতে পারেন। ধন্যবাদ।"
47847,"হেলো, নাসেনিয়া ডকে আপনাকে স্বাগতম। আপনার অনুসন্ধানের জন্য ধন্যবাদ। আমি আপনার প্রশ্নটি দেখেছি এবং আপনার উদ্বেগ বুঝতে পেরেছি। আমি যথাসাধ্য আপনাকে সাহায্য করার চেষ্টা করব। আপনার বর্ণনা করা লক্ষণগুলো বিভিন্ন কারণে হতে পারে এবং এর সঠিক কারণ নির্ণয়ের জন্য একটি বিস্তারিত পরীক্ষা প্রয়োজন। তাই আমি আপনাকে একজন বিশেষজ্ঞ ডাক্তারের সাথে সরাসরি পরামর্শ করার পরামর্শ দিচ্ছি। প্রয়োজনীয় পরীক্ষা-নিরীক্ষা করানো উচিত এবং রিপোর্ট অনুযায়ী চিকিৎসা শুরু করা যেতে পারে। এই সময়ে পর্যাপ্ত বিশ্রাম নিন, প্রচুর পানি পান করুন এবং স্বাস্থ্যকর খাবার খান। ডাক্তারের পরামর্শ ছাড়া কোনো ওষুধ সেবন করবেন না। যদি সমস্যা বাড়তে থাকে বা তীব্র হয়, তাহলে দেরি না করে দ্রুত ডাক্তারের শরণাপন্ন হন। আশা করি এই উত্তরটি আপনাকে সাহায্য করবে। আরও কোনো প্রশ্ন থাকলে নির্দ্বিধায় জিজ্ঞাসা করতে পারেন। ধন্যবাদ।"
44595,"হেলো, নাসেনিয়া ডকে আপনাকে স্বাগতম। আপনার অনুসন্ধানের জন্য ধন্যবাদ। আমি আপনার প্রশ্নটি দেখেছি এবং আপনার উদ্বেগ বুঝতে পেরেছি। আমি যথাসাধ্য আপনাকে সাহায্য করার চেষ্টা করব। আপনার বর্ণনা করা লক্ষণগুলো বিভিন্ন কারণে হতে পারে এবং এর সঠিক কারণ নির্ণয়ের জন্য একটি বিস্তারিত পরীক্ষা প্রয়োজন। তাই আমি আপনাকে একজন বিশেষজ্ঞ ডাক্তারের সাথে সরাসরি পরামর্শ করার পরামর্শ দিচ্ছি। প্রয়োজনীয় পরীক্ষা-নিরীক্ষা করানো উচিত এবং রিপোর্ট অনুযায়ী চিকিৎসা শুরু করা যেতে পারে। এই সময়ে পর্যাপ্ত বিশ্রাম নিন, প্রচুর পানি পান করুন এবং স্বাস্থ্যকর খাবার খান। ডাক্তারের পরামর্শ ছাড়া কোনো ওষুধ সেবন করবেন না। যদি সমস্যা বাড়তে থাকে বা তীব্র হয়, তাহলে দেরি না করে দ্রুত ডাক্তারের শরণাপন্ন হন। আশা করি এই উত্তরটি আপনাকে সাহায্য করবে। আরও কোনো প্রশ্ন থাকলে নির্দ্বিধায় জিজ্ঞাসা করতে পারেন। ধন্যবাদ।"
49460,"হেলো, নাসেনিয়া ডকে আপনাকে স্বাগতম। আপনার অনুসন্ধানের জন্য ধন্যবাদ। আমি আপনার প্রশ্নটি দেখেছি এবং আপনার উদ্বেগ বুঝতে পেরেছি। আমি যথাসাধ্য আপনাকে সাহায্য করার চেষ্টা করব। আপনার বর্ণনা করা লক্ষণগুলো বিভিন্ন কারণে হতে পারে এবং এর সঠিক কারণ নির্ণয়ের জন্য একটি বিস্তারিত পরীক্ষা প্রয়োজন। তাই আমি আপনাকে একজন বিশেষজ্ঞ ডাক্তারের সাথে সরাসরি পরামর্শ করার পরামর্শ দিচ্ছি। প্রয়োজনীয় পরীক্ষা-নিরীক্ষা করানো উচিত এবং রিপোর্ট অনুযায়ী চিকিৎসা শুরু করা যেতে পারে। এই সময়ে পর্যাপ্ত বিশ্রাম নিন, প্রচুর পানি পান করুন এবং স্বাস্থ্যকর খাবার খান। ডাক্তারের পরামর্শ ছাড়া কোনো ওষুধ সেবন করবেন না। যদি সমস্যা বাড়তে থাকে বা তীব্র হয়, তাহলে দেরি না করে দ্রুত ডাক্তারের শরণাপন্ন হন। আশা করি এই উত্তরটি আপনাকে সাহায্য করবে। আরও কোনো প্রশ্ন থাকলে নির্দ্বিধায় জিজ্ঞাসা করতে পারেন। ধন্যবাদ।"
67291,"হেলো, নাসেনিয়া ডকে আপনাকে স্বাগতম। আপনার অনুসন্ধানের জন্য ধন্যবাদ। আমি আপনার প্রশ্নটি দেখেছি এবং আপনার উদ্বেগ বুঝতে পেরেছি। আমি যথাসাধ্য আপনাকে সাহায্য করার চেষ্টা করব। আপনার বর্ণনা করা লক্ষণগুলো বিভিন্ন কারণে হতে পারে এবং এর সঠিক কারণ নির্ণয়ের জন্য একটি বিস্তারিত পরীক্ষা প্রয়োজন। তাই আমি আপনাকে একজন বিশেষজ্ঞ ডাক্তারের সাথে সরাসরি পরামর্শ করার পরামর্শ দিচ্ছি। প্রয়োজনীয় পরীক্ষা-নিরীক্ষা করানো উচিত এবং রিপোর্ট অনুযায়ী চিকিৎসা শুরু করা যেতে পারে। এই সময়ে পর্যাপ্ত বিশ্রাম নিন, প্রচুর পানি পান করুন এবং স্বাস্থ্যকর খাবার খান। ডাক্তারের পরামর্শ ছাড়া কোনো ওষুধ সেবন করবেন না। যদি সমস্যা বাড়তে থাকে বা তীব্র হয়, তাহলে দেরি না করে দ্রুত ডাক্তারের শরণাপন্ন হন। আশা করি এই উত্তরটি আপনাকে সাহায্য করবে। আরও কোনো প্রশ্ন থাকলে নির্দ্বিধায় জিজ্ঞাসা করতে পারেন। ধন্যবাদ।"
27142,"হেলো, নাসেনিয়া ডকে আপনাকে স্বাগতম। আপনার অনুসন্ধানের জন্য ধন্যবাদ। আমি আপনার প্রশ্নটি দেখেছি এবং আপনার উদ্বেগ বুঝতে পেরেছি। আমি যথাসাধ্য আপনাকে সাহায্য করার চেষ্টা করব। আপনার বর্ণনা করা লক্ষণগুলো বিভিন্ন কারণে হতে পারে এবং এর সঠিক কারণ নির্ণয়ের জন্য একটি বিস্তারিত পরীক্ষা প্রয়োজন। তাই আমি আপনাকে একজন বিশেষজ্ঞ ডাক্তারের সাথে সরাসরি পরামর্শ করার পরামর্শ দিচ্ছি। প্রয়োজনীয় পরীক্ষা-নিরীক্ষা করানো উচিত এবং রিপোর্ট অনুযায়ী চিকিৎসা শুরু করা যেতে পারে। এই সময়ে পর্যাপ্ত বিশ্রাম নিন, প্রচুর পানি পান করুন এবং স্বাস্থ্যকর খাবার খান। ডাক্তারের পরামর্শ ছাড়া কোনো ওষুধ সেবন করবেন না। যদি সমস্যা বাড়তে থাকে বা তীব্র হয়, তাহলে দেরি না করে দ্রুত ডাক্তারের শরণাপন্ন হন। আশা করি এই উত্তরটি আপনাকে সাহায্য করবে। আরও কোনো প্রশ্ন থাকলে নির্দ্বিধায় জিজ্ঞাসা করতে পারেন। ধন্যবাদ।"
109541,"হেলো, নাসেনিয়া ডকে আপনাকে স্বাগতম। আপনার অনুসন্ধানের জন্য ধন্যবাদ। আমি আপনার প্রশ্নটি দেখেছি এবং আপনার উদ্বেগ বুঝতে পেরেছি। আমি যথাসাধ্য আপনাকে সাহায্য করার চেষ্টা করব। আপনার বর্ণনা করা লক্ষণগুলো বিভিন্ন কারণে হতে পারে এবং এর সঠিক কারণ নির্ণয়ের জন্য একটি বিস্তারিত পরীক্ষা প্রয়োজন। তাই আমি আপনাকে একজন বিশেষজ্ঞ ডাক্তারের সাথে সরাসরি পরামর্শ করার পরামর্শ দিচ্ছি। প্রয়োজনীয় পরীক্ষা-নিরীক্ষা করানো উচিত এবং রিপোর্ট অনুযায়ী চিকিৎসা শুরু করা যেতে পারে। এই সময়ে পর্যাপ্ত বিশ্রাম নিন, প্রচুর পানি পান করুন এবং স্বাস্থ্যকর খাবার খান। ডাক্তারের পরামর্শ ছাড়া কোনো ওষুধ সেবন করবেন না। যদি সমস্যা বাড়তে থাকে বা তীব্র হয়, তাহলে দেরি না করে দ্রুত ডাক্তারের শরণাপন্ন হন। আশা করি এই উত্তরটি আপনাকে সাহায্য করবে। আরও কোনো প্রশ্ন থাকলে নির্দ্বিধায় জিজ্ঞাসা করতে পারেন। ধন্যবাদ।"
78475,"হেলো, নাসেনিয়া ডকে আপনাকে স্বাগতম। আপনার অনুসন্ধানের জন্য ধন্যবাদ। আমি আপনার প্রশ্নটি দেখেছি এবং আপনার উদ্বেগ বুঝতে পেরেছি। আমি যথাসাধ্য আপনাকে সাহায্য করার চেষ্টা করব। আপনার বর্ণনা করা লক্ষণগুলো বিভিন্ন কারণে হতে পারে এবং এর সঠিক কারণ নির্ণয়ের জন্য একটি বিস্তারিত পরীক্ষা প্রয়োজন। তাই আমি আপনাকে একজন বিশেষজ্ঞ ডাক্তারের সাথে সরাসরি পরামর্শ করার পরামর্শ দিচ্ছি। প্রয়োজনীয় পরীক্ষা-নিরীক্ষা করানো উচিত এবং রিপোর্ট অনুযায়ী চিকিৎসা শুরু করা যেতে পারে। এই সময়ে পর্যাপ্ত বিশ্রাম নিন, প্রচুর পানি পান করুন এবং স্বাস্থ্যকর খাবার খান। ডাক্তারের পরামর্শ ছাড়া কোনো ওষুধ সেবন করবেন না। যদি সমস্যা বাড়তে থাকে বা তীব্র হয়, তাহলে দেরি না করে দ্রুত ডাক্তারের শরণাপন্ন হন। আশা করি এই উত্তরটি আপনাকে সাহায্য করবে। আরও কোনো প্রশ্ন থাকলে নির্দ্বিধায় জিজ্ঞাসা করতে পারেন। ধন্যবাদ।"
16235,"হেলো, নাসেনিয়া ডকে আপনাকে স্বাগতম। আপনার অনুসন্ধানের জন্য ধন্যবাদ। আমি আপনার প্রশ্নটি দেখেছি এবং আপনার উদ্বেগ বুঝতে পেরেছি। আমি যথাসাধ্য আপনাকে সাহায্য করার চেষ্টা করব। আপনার বর্ণনা করা লক্ষণগুলো বিভিন্ন কারণে হতে পারে এবং এর সঠিক কারণ নির্ণয়ের জন্য একটি বিস্তারিত পরীক্ষা প্রয়োজন। তাই আমি আপনাকে একজন বিশেষজ্ঞ ডাক্তারের সাথে সরাসরি পরামর্শ করার পরামর্শ দিচ্ছি। প্রয়োজনীয় পরীক্ষা-নিরীক্ষা করানো উচিত এবং রিপোর্ট অনুযায়ী চিকিৎসা শুরু করা যেতে পারে। এই সময়ে পর্যাপ্ত বিশ্রাম নিন, প্রচুর পানি পান করুন এবং স্বাস্থ্যকর খাবার খান। ডাক্তারের পরামর্শ ছাড়া কোনো ওষুধ সেবন করবেন না। যদি সমস্যা বাড়তে থাকে বা তীব্র হয়, তাহলে দেরি না করে দ্রুত ডাক্তারের শরণাপন্ন হন। আশা করি এই উত্তরটি আপনাকে সাহায্য করবে। আরও কোনো প্রশ্ন থাকলে নির্দ্বিধায় জিজ্ঞাসা করতে পারেন। ধন্যবাদ।"
2374,"হেলো, নাসেনিয়া ডকে আপনাকে স্বাগতম। আপনার অনুসন্ধানের জন্য ধন্যবাদ। আমি আপনার প্রশ্নটি দেখেছি এবং আপনার উদ্বেগ বুঝতে পেরেছি। আমি যথাসাধ্য আপনাকে সাহায্য করার চেষ্টা করব। আপনার বর্ণনা করা লক্ষণগুলো বিভিন্ন কারণে হতে পারে এবং এর সঠিক কারণ নির্ণয়ের জন্য একটি বিস্তারিত পরীক্ষা প্রয়োজন। তাই আমি আপনাকে একজন বিশেষজ্ঞ ডাক্তারের সাথে সরাসরি পরামর্শ করার পরামর্শ দিচ্ছি। প্রয়োজনীয় পরীক্ষা-নিরীক্ষা করানো উচিত এবং রিপোর্ট অনুযায়ী চিকিৎসা শুরু করা যেতে পারে। এই সময়ে পর্যাপ্ত বিশ্রাম নিন, প্রচুর পানি পান করুন এবং স্বাস্থ্যকর খাবার খান। ডাক্তারের পরামর্শ ছাড়া কোনো ওষুধ সেবন করবেন না। যদি সমস্যা বাড়তে থাকে বা তীব্র হয়, তাহলে দেরি না করে দ্রুত ডাক্তারের শরণাপন্ন হন। আশা করি এই উত্তরটি আপনাকে সাহায্য করবে। আরও কোনো প্রশ্ন থাকলে নির্দ্বিধায় জিজ্ঞাসা করতে পারেন। ধন্যবাদ।"
34320,"হেলো, নাসেনিয়া ডকে আপনাকে স্বাগতম। আপনার অনুসন্ধানের জন্য ধন্যবাদ। আমি আপনার প্রশ্নটি দেখেছি এবং আপনার উদ্বেগ বুঝতে পেরেছি। আমি যথাসাধ্য আপনাকে সাহায্য করার চেষ্টা করব। আপনার বর্ণনা করা লক্ষণগুলো বিভিন্ন কারণে হতে পারে এবং এর সঠিক কারণ নির্ণয়ের জন্য একটি বিস্তারিত পরীক্ষা প্রয়োজন। তাই আমি আপনাকে একজন বিশেষজ্ঞ ডাক্তারের সাথে সরাসরি পরামর্শ করার পরামর্শ দিচ্ছি। প্রয়োজনীয় পরীক্ষা-নিরীক্ষা করানো উচিত এবং রিপোর্ট অনুযায়ী চিকিৎসা শুরু করা যেতে পারে। এই সময়ে পর্যাপ্ত বিশ্রাম নিন, প্রচুর পানি পান করুন এবং স্বাস্থ্যকর খাবার খান। ডাক্তারের পরামর্শ ছাড়া কোনো ওষুধ সেবন করবেন না। যদি সমস্যা বাড়তে থাকে বা তীব্র হয়, তাহলে দেরি না করে দ্রুত ডাক্তারের শরণাপন্ন হন। আশা করি এই উত্তরটি আপনাকে সাহায্য করবে। আরও কোনো প্রশ্ন থাকলে নির্দ্বিধায় জিজ্ঞাসা করতে পারেন। ধন্যবাদ।"
66013,"হেলো, নাসেনিয়া ডকে আপনাকে স্বাগতম। আপনার অনুসন্ধানের জন্য ধন্যবাদ। আমি আপনার প্রশ্নটি দেখেছি এবং আপনার উদ্বেগ বুঝতে পেরেছি। আমি যথাসাধ্য আপনাকে সাহায্য করার চেষ্টা করব। আপনার বর্ণনা করা লক্ষণগুলো বিভিন্ন কারণে হতে পারে এবং এর সঠিক কারণ নির্ণয়ের জন্য একটি বিস্তারিত পরীক্ষা প্রয়োজন। তাই আমি আপনাকে একজন বিশেষজ্ঞ ডাক্তারের সাথে সরাসরি পরামর্শ করার পরামর্শ দিচ্ছি। প্রয়োজনীয় পরীক্ষা-নিরীক্ষা করানো উচিত এবং রিপোর্ট অনুযায়ী চিকিৎসা শুরু করা যেতে পারে। এই সময়ে পর্যাপ্ত বিশ্রাম নিন, প্রচুর পানি পান করুন এবং স্বাস্থ্যকর খাবার খান। ডাক্তারের পরামর্শ ছাড়া কোনো ওষুধ সেবন করবেন না। যদি সমস্যা বাড়তে থাকে বা তীব্র হয়, তাহলে দেরি না করে দ্রুত ডাক্তারের শরণাপন্ন হন। আশা করি এই উত্তরটি আপনাকে সাহায্য করবে। আরও কোনো প্রশ্ন থাকলে নির্দ্বিধায় জিজ্ঞাসা করতে পারেন। ধন্যবাদ।"
17081,"হেলো, নাসেনিয়া ডকে আপনাকে স্বাগতম। আপনার অনুসন্ধানের জন্য ধন্যবাদ। আমি আপনার প্রশ্নটি দেখেছি এবং আপনার উদ্বেগ বুঝতে পেরেছি। আমি যথাসাধ্য আপনাকে সাহায্য করার চেষ্টা করব। আপনার বর্ণনা করা লক্ষণগুলো বিভিন্ন কারণে হতে পারে এবং এর সঠিক কারণ নির্ণয়ের জন্য একটি বিস্তারিত পরীক্ষা প্রয়োজন। তাই আমি আপনাকে একজন বিশেষজ্ঞ ডাক্তারের সাথে সরাসরি পরামর্শ করার পরামর্শ দিচ্ছি। প্রয়োজনীয় পরীক্ষা-নিরীক্ষা করানো উচিত এবং রিপোর্ট অনুযায়ী চিকিৎসা শুরু করা যেতে পারে। এই সময়ে পর্যাপ্ত বিশ্রাম নিন, প্রচুর পানি পান করুন এবং স্বাস্থ্যকর খাবার খান। ডাক্তারের পরামর্শ ছাড়া কোনো ওষুধ সেবন করবেন না। যদি সমস্যা বাড়তে থাকে বা তীব্র হয়, তাহলে দেরি না করে দ্রুত ডাক্তারের শরণাপন্ন হন। আশা করি এই উত্তরটি আপনাকে সাহায্য করবে। আরও কোনো প্রশ্ন থাকলে নির্দ্বিধায় জিজ্ঞাসা করতে পারেন। ধন্যবাদ।"
33774,"হেলো, নাসেনিয়া ডকে আপনাকে স্বাগতম। আপনার অনুসন্ধানের জন্য ধন্যবাদ। আমি আপনার প্রশ্নটি দেখেছি এবং আপনার উদ্বেগ বুঝতে পেরেছি। আমি যথাসাধ্য আপনাকে সাহায্য করার চেষ্টা করব। আপনার বর্ণনা করা লক্ষণগুলো বিভিন্ন কারণে হতে পারে এবং এর সঠিক কারণ নির্ণয়ের জন্য একটি বিস্তারিত পরীক্ষা প্রয়োজন। তাই আমি আপনাকে একজন বিশেষজ্ঞ ডাক্তারের সাথে সরাসরি পরামর্শ করার পরামর্শ দিচ্ছি। প্রয়োজনীয় পরীক্ষা-নিরীক্ষা করানো উচিত এবং রিপোর্ট অনুযায়ী চিকিৎসা শুরু করা যেতে পারে। এই সময়ে পর্যাপ্ত বিশ্রাম নিন, প্রচুর পানি পান করুন এবং স্বাস্থ্যকর খাবার খান। ডাক্তারের পরামর্শ ছাড়া কোনো ওষুধ সেবন করবেন না। যদি সমস্যা বাড়তে থাকে বা তীব্র হয়, তাহলে দেরি না করে দ্রুত ডাক্তারের শরণাপন্ন হন। আশা করি এই উত্তরটি আপনাকে সাহায্য করবে। আরও কোনো প্রশ্ন থাকলে নির্দ্বিধায় জিজ্ঞাসা করতে পারেন। ধন্যবাদ।"
32360,"হেলো, নাসেনিয়া ডকে আপনাকে স্বাগতম। আপনার অনুসন্ধানের জন্য ধন্যবাদ। আমি আপনার প্রশ্নটি দেখেছি এবং আপনার উদ্বেগ বুঝতে পেরেছি। আমি যথাসাধ্য আপনাকে সাহায্য করার চেষ্টা করব। আপনার বর্ণনা করা লক্ষণগুলো বিভিন্ন কারণে হতে পারে এবং এর সঠিক কারণ নির্ণয়ের জন্য একটি বিস্তারিত পরীক্ষা প্রয়োজন। তাই আমি আপনাকে একজন বিশেষজ্ঞ ডাক্তারের সাথে সরাসরি পরামর্শ করার পরামর্শ দিচ্ছি। প্রয়োজনীয় পরীক্ষা-নিরীক্ষা করানো উচিত এবং রিপোর্ট অনুযায়ী চিকিৎসা শুরু করা যেতে পারে। এই সময়ে পর্যাপ্ত বিশ্রাম নিন, প্রচুর পানি পান করুন এবং স্বাস্থ্যকর খাবার খান। ডাক্তারের পরামর্শ ছাড়া কোনো ওষুধ সেবন করবেন না। যদি সমস্যা বাড়তে থাকে বা তীব্র হয়, তাহলে দেরি না করে দ্রুত ডাক্তারের শরণাপন্ন হন। আশা করি এই উত্তরটি আপনাকে সাহায্য করবে। আরও কোনো প্রশ্ন থাকলে নির্দ্বিধায় জিজ্ঞাসা করতে পারেন। ধন্যবাদ।"
8351,"হেলো, নাসেনিয়া ডকে আপনাকে স্বাগতম। আপনার অনুসন্ধানের জন্য ধন্যবাদ। আমি আপনার প্রশ্নটি দেখেছি এবং আপনার উদ্বেগ বুঝতে পেরেছি। আমি যথাসাধ্য আপনাকে সাহায্য করার চেষ্টা করব। আপনার বর্ণনা করা লক্ষণগুলো বিভিন্ন কারণে হতে পারে এবং এর সঠিক কারণ নির্ণয়ের জন্য একটি বিস্তারিত পরীক্ষা প্রয়োজন। তাই আমি আপনাকে একজন বিশেষজ্ঞ ডাক্তারের সাথে সরাসরি পরামর্শ করার পরামর্শ দিচ্ছি। প্রয়োজনীয় পরীক্ষা-নিরীক্ষা করানো উচিত এবং রিপোর্ট অনুযায়ী চিকিৎসা শুরু করা যেতে পারে। এই সময়ে পর্যাপ্ত বিশ্রাম নিন, প্রচুর পানি পান করুন এবং স্বাস্থ্যকর খাবার খান। ডাক্তারের পরামর্শ ছাড়া কোনো ওষুধ সেবন করবেন না। যদি সমস্যা বাড়তে থাকে বা তীব্র হয়, তাহলে দেরি না করে দ্রুত ডাক্তারের শরণাপন্ন হন। আশা করি এই উত্তরটি আপনাকে সাহায্য করবে। আরও কোনো প্রশ্ন থাকলে নির্দ্বিধায় জিজ্ঞাসা করতে পারেন। ধন্যবাদ।"
75059,"হেলো, নাসেনিয়া ডকে আপনাকে স্বাগতম। আপনার অনুসন্ধানের জন্য ধন্যবাদ। আমি আপনার প্রশ্নটি দেখেছি এবং আপনার উদ্বেগ বুঝতে পেরেছি। আমি যথাসাধ্য আপনাকে সাহায্য করার চেষ্টা করব। আপনার বর্ণনা করা লক্ষণগুলো বিভিন্ন কারণে হতে পারে এবং এর সঠিক কারণ নির্ণয়ের জন্য একটি বিস্তারিত পরীক্ষা প্রয়োজন। তাই আমি আপনাকে একজন বিশেষজ্ঞ ডাক্তারের সাথে সরাসরি পরামর্শ করার পরামর্শ দিচ্ছি। প্রয়োজনীয় পরীক্ষা-নিরীক্ষা করানো উচিত এবং রিপোর্ট অনুযায়ী চিকিৎসা শুরু করা যেতে পারে। এই সময়ে পর্যাপ্ত বিশ্রাম নিন, প্রচুর পানি পান করুন এবং স্বাস্থ্যকর খাবার খান। ডাক্তারের পরামর্শ ছাড়া কোনো ওষুধ সেবন করবেন না। যদি সমস্যা বাড়তে থাকে বা তীব্র হয়, তাহলে দেরি না করে দ্রুত ডাক্তারের শরণাপন্ন হন। আশা করি এই উত্তরটি আপনাকে সাহায্য করবে। আরও কোনো প্রশ্ন থাকলে নির্দ্বিধায় জিজ্ঞাসা করতে পারেন। ধন্যবাদ।"
42601,"হেলো, নাসেনিয়া ডকে আপনাকে স্বাগতম। আপনার অনুসন্ধানের জন্য ধন্যবাদ। আমি আপনার প্রশ্নটি দেখেছি এবং আপনার উদ্বেগ বুঝতে পেরেছি। আমি যথাসাধ্য আপনাকে সাহায্য করার চেষ্টা করব। আপনার বর্ণনা করা লক্ষণগুলো বিভিন্ন কারণে হতে পারে এবং এর সঠিক কারণ নির্ণয়ের জন্য একটি বিস্তারিত পরীক্ষা প্রয়োজন। তাই আমি আপনাকে একজন বিশেষজ্ঞ ডাক্তারের সাথে সরাসরি পরামর্শ করার পরামর্শ দিচ্ছি। প্রয়োজনীয় পরীক্ষা-নিরীক্ষা করানো উচিত এবং রিপোর্ট অনুযায়ী চিকিৎসা শুরু করা যেতে পারে। এই সময়ে পর্যাপ্ত বিশ্রাম নিন, প্রচুর পানি পান করুন এবং স্বাস্থ্যকর খাবার খান। ডাক্তারের পরামর্শ ছাড়া কোনো ওষুধ সেবন করবেন না। যদি সমস্যা বাড়তে থাকে বা তীব্র হয়, তাহলে দেরি না করে দ্রুত ডাক্তারের শরণাপন্ন হন। আশা করি এই উত্তরটি আপনাকে সাহায্য করবে। আরও কোনো প্রশ্ন থাকলে নির্দ্বিধায় জিজ্ঞাসা করতে পারেন। ধন্যবাদ।"
80086,"হেলো, নাসেনিয়া ডকে আপনাকে স্বাগতম। আপনার অনুসন্ধানের জন্য ধন্যবাদ। আমি আপনার প্রশ্নটি দেখেছি এবং আপনার উদ্বেগ বুঝতে পেরেছি। আমি যথাসাধ্য আপনাকে সাহায্য করার চেষ্টা করব। আপনার বর্ণনা করা লক্ষণগুলো বিভিন্ন কারণে হতে পারে এবং এর সঠিক কারণ নির্ণয়ের জন্য একটি বিস্তারিত পরীক্ষা প্রয়োজন। তাই আমি আপনাকে একজন বিশেষজ্ঞ ডাক্তারের সাথে সরাসরি পরামর্শ করার পরামর্শ দিচ্ছি। প্রয়োজনীয় পরীক্ষা-নিরীক্ষা করানো উচিত এবং রিপোর্ট অনুযায়ী চিকিৎসা শুরু করা যেতে পারে। এই সময়ে পর্যাপ্ত বিশ্রাম নিন, প্রচুর পানি পান করুন এবং স্বাস্থ্যকর খাবার খান। ডাক্তারের পরামর্শ ছাড়া কোনো ওষুধ সেবন করবেন না। যদি সমস্যা বাড়তে থাকে বা তীব্র হয়, তাহলে দেরি না করে দ্রুত ডাক্তারের শরণাপন্ন হন। আশা করি এই উত্তরটি আপনাকে সাহায্য করবে। আরও কোনো প্রশ্ন থাকলে নির্দ্বিধায় জিজ্ঞাসা করতে পারেন। ধন্যবাদ।"
108693,"হেলো, নাসেনিয়া ডকে আপনাকে স্বাগতম। আপনার অনুসন্ধানের জন্য ধন্যবাদ। আমি আপনার প্রশ্নটি দেখেছি এবং আপনার উদ্বেগ বুঝতে পেরেছি। আমি যথাসাধ্য আপনাকে সাহায্য করার চেষ্টা করব। আপনার বর্ণনা করা লক্ষণগুলো বিভিন্ন কারণে হতে পারে এবং এর সঠিক কারণ নির্ণয়ের জন্য একটি বিস্তারিত পরীক্ষা প্রয়োজন। তাই আমি আপনাকে একজন বিশেষজ্ঞ ডাক্তারের সাথে সরাসরি পরামর্শ করার পরামর্শ দিচ্ছি। প্রয়োজনীয় পরীক্ষা-নিরীক্ষা করানো উচিত এবং রিপোর্ট অনুযায়ী চিকিৎসা শুরু করা যেতে পারে। এই সময়ে পর্যাপ্ত বিশ্রাম নিন, প্রচুর পানি পান করুন এবং স্বাস্থ্যকর খাবার খান। ডাক্তারের পরামর্শ ছাড়া কোনো ওষুধ সেবন করবেন না। যদি সমস্যা বাড়তে থাকে বা তীব্র হয়, তাহলে দেরি না করে দ্রুত ডাক্তারের শরণাপন্ন হন। আশা করি এই উত্তরটি আপনাকে সাহায্য করবে। আরও কোনো প্রশ্ন থাকলে নির্দ্বিধায় জিজ্ঞাসা করতে পারেন। ধন্যবাদ।"
110670,"হেলো, নাসেনিয়া ডকে আপনাকে স্বাগতম। আপনার অনুসন্ধানের জন্য ধন্যবাদ। আমি আপনার প্রশ্নটি দেখেছি এবং আপনার উদ্বেগ বুঝতে পেরেছি। আমি যথাসাধ্য আপনাকে সাহায্য করার চেষ্টা করব। আপনার বর্ণনা করা লক্ষণগুলো বিভিন্ন কারণে হতে পারে এবং এর সঠিক কারণ নির্ণয়ের জন্য একটি বিস্তারিত পরীক্ষা প্রয়োজন। তাই আমি আপনাকে একজন বিশেষজ্ঞ ডাক্তারের সাথে সরাসরি পরামর্শ করার পরামর্শ দিচ্ছি। প্রয়োজনীয় পরীক্ষা-নিরীক্ষা করানো উচিত এবং রিপোর্ট অনুযায়ী চিকিৎসা শুরু করা যেতে পারে। এই সময়ে পর্যাপ্ত বিশ্রাম নিন, প্রচুর পানি পান করুন এবং স্বাস্থ্যকর খাবার খান। ডাক্তারের পরামর্শ ছাড়া কোনো ওষুধ সেবন করবেন না। যদি সমস্যা বাড়তে থাকে বা তীব্র হয়, তাহলে দেরি না করে দ্রুত ডাক্তারের শরণাপন্ন হন। আশা করি এই উত্তরটি আপনাকে সাহায্য করবে। আরও কোনো প্রশ্ন থাকলে নির্দ্বিধায় জিজ্ঞাসা করতে পারেন। ধন্যবাদ।"
22730,"হেলো, নাসেনিয়া ডকে আপনাকে স্বাগতম। আপনার অনুসন্ধানের জন্য ধন্যবাদ। আমি আপনার প্রশ্নটি দেখেছি এবং আপনার উদ্বেগ বুঝতে পেরেছি। আমি যথাসাধ্য আপনাকে সাহায্য করার চেষ্টা করব। আপনার বর্ণনা করা লক্ষণগুলো বিভিন্ন কারণে হতে পারে এবং এর সঠিক কারণ নির্ণয়ের জন্য একটি বিস্তারিত পরীক্ষা প্রয়োজন। তাই আমি আপনাকে একজন বিশেষজ্ঞ ডাক্তারের সাথে সরাসরি পরামর্শ করার পরামর্শ দিচ্ছি। প্রয়োজনীয় পরীক্ষা-নিরীক্ষা করানো উচিত এবং রিপোর্ট অনুযায়ী চিকিৎসা শুরু করা যেতে পারে। এই সময়ে পর্যাপ্ত বিশ্রাম নিন, প্রচুর পানি পান করুন এবং স্বাস্থ্যকর খাবার খান। ডাক্তারের পরামর্শ ছাড়া কোনো ওষুধ সেবন করবেন না। যদি সমস্যা বাড়তে থাকে বা তীব্র হয়, তাহলে দেরি না করে দ্রুত ডাক্তারের শরণাপন্ন হন। আশা করি এই উত্তরটি আপনাকে সাহায্য করবে। আরও কোনো প্রশ্ন থাকলে নির্দ্বিধায় জিজ্ঞাসা করতে পারেন। ধন্যবাদ।"
21185,"হেলো, নাসেনিয়া ডকে আপনাকে স্বাগতম। আপনার অনুসন্ধানের জন্য ধন্যবাদ। আমি আপনার প্রশ্নটি দেখেছি এবং আপনার উদ্বেগ বুঝতে পেরেছি। আমি যথাসাধ্য আপনাকে সাহায্য করার চেষ্টা করব। আপনার বর্ণনা করা লক্ষণগুলো বিভিন্ন কারণে হতে পারে এবং এর সঠিক কারণ নির্ণয়ের জন্য একটি বিস্তারিত পরীক্ষা প্রয়োজন। তাই আমি আপনাকে একজন বিশেষজ্ঞ ডাক্তারের সাথে সরাসরি পরামর্শ করার পরামর্শ দিচ্ছি। প্রয়োজনীয় পরীক্ষা-নিরীক্ষা করানো উচিত এবং রিপোর্ট অনুযায়ী চিকিৎসা শুরু করা যেতে পারে। এই সময়ে পর্যাপ্ত বিশ্রাম নিন, প্রচুর পানি পান করুন এবং স্বাস্থ্যকর খাবার খান। ডাক্তারের পরামর্শ ছাড়া কোনো ওষুধ সেবন করবেন না। যদি সমস্যা বাড়তে থাকে বা তীব্র হয়, তাহলে দেরি না করে দ্রুত ডাক্তারের শরণাপন্ন হন। আশা করি এই উত্তরটি আপনাকে সাহায্য করবে। আরও কোনো প্রশ্ন থাকলে নির্দ্বিধায় জিজ্ঞাসা করতে পারেন। ধন্যবাদ।"
21950,"হেলো, নাসেনিয়া ডকে আপনাকে স্বাগতম। আপনার অনুসন্ধানের জন্য ধন্যবাদ। আমি আপনার প্রশ্নটি দেখেছি এবং আপনার উদ্বেগ বুঝতে পেরেছি। আমি যথাসাধ্য আপনাকে সাহায্য করার চেষ্টা করব। আপনার বর্ণনা করা লক্ষণগুলো বিভিন্ন কারণে হতে পারে এবং এর সঠিক কারণ নির্ণয়ের জন্য একটি বিস্তারিত পরীক্ষা প্রয়োজন। তাই আমি আপনাকে একজন বিশেষজ্ঞ ডাক্তারের সাথে সরাসরি পরামর্শ করার পরামর্শ দিচ্ছি। প্রয়োজনীয় পরীক্ষা-নিরীক্ষা করানো উচিত এবং রিপোর্ট অনুযায়ী চিকিৎসা শুরু করা যেতে পারে। এই সময়ে পর্যাপ্ত বিশ্রাম নিন, প্রচুর পানি পান করুন এবং স্বাস্থ্যকর খাবার খান। ডাক্তারের পরামর্শ ছাড়া কোনো ওষুধ সেবন করবেন না। যদি সমস্যা বাড়তে থাকে বা তীব্র হয়, তাহলে দেরি না করে দ্রুত ডাক্তারের শরণাপন্ন হন। আশা করি এই উত্তরটি আপনাকে সাহায্য করবে। আরও কোনো প্রশ্ন থাকলে নির্দ্বিধায় জিজ্ঞাসা করতে পারেন। ধন্যবাদ।"
37468,"হেলো, নাসেনিয়া ডকে আপনাকে স্বাগতম। আপনার অনুসন্ধানের জন্য ধন্যবাদ। আমি আপনার প্রশ্নটি দেখেছি এবং আপনার উদ্বেগ বুঝতে পেরেছি। আমি যথাসাধ্য আপনাকে সাহায্য করার চেষ্টা করব। আপনার বর্ণনা করা লক্ষণগুলো বিভিন্ন কারণে হতে পারে এবং এর সঠিক কারণ নির্ণয়ের জন্য একটি বিস্তারিত পরীক্ষা প্রয়োজন। তাই আমি আপনাকে একজন বিশেষজ্ঞ ডাক্তারের সাথে সরাসরি পরামর্শ করার পরামর্শ দিচ্ছি। প্রয়োজনীয় পরীক্ষা-নিরীক্ষা করানো উচিত এবং রিপোর্ট অনুযায়ী চিকিৎসা শুরু করা যেতে পারে। এই সময়ে পর্যাপ্ত বিশ্রাম নিন, প্রচুর পানি পান করুন এবং স্বাস্থ্যকর খাবার খান। ডাক্তারের পরামর্শ ছাড়া কোনো ওষুধ সেবন করবেন না। যদি সমস্যা বাড়তে থাকে বা তীব্র হয়, তাহলে দেরি না করে দ্রুত ডাক্তারের শরণাপন্ন হন। আশা করি এই উত্তরটি আপনাকে সাহায্য করবে। আরও কোনো প্রশ্ন থাকলে নির্দ্বিধায় জিজ্ঞাসা করতে পারেন। ধন্যবাদ।"
72114,"হেলো, নাসেনিয়া ডকে আপনাকে স্বাগতম। আপনার অনুসন্ধানের জন্য ধন্যবাদ। আমি আপনার প্রশ্নটি দেখেছি এবং আপনার উদ্বেগ বুঝতে পেরেছি। আমি যথাসাধ্য আপনাকে সাহায্য করার চেষ্টা করব। আপনার বর্ণনা করা লক্ষণগুলো বিভিন্ন কারণে হতে পারে এবং এর সঠিক কারণ নির্ণয়ের জন্য একটি বিস্তারিত পরীক্ষা প্রয়োজন। তাই আমি আপনাকে একজন বিশেষজ্ঞ ডাক্তারের সাথে সরাসরি পরামর্শ করার পরামর্শ দিচ্ছি। প্রয়োজনীয় পরীক্ষা-নিরীক্ষা করানো উচিত এবং রিপোর্ট অনুযায়ী চিকিৎসা শুরু করা যেতে পারে। এই সময়ে পর্যাপ্ত বিশ্রাম নিন, প্রচুর পানি পান করুন এবং স্বাস্থ্যকর খাবার খান। ডাক্তারের পরামর্শ ছাড়া কোনো ওষুধ সেবন করবেন না। যদি সমস্যা বাড়তে থাকে বা তীব্র হয়, তাহলে দেরি না করে দ্রুত ডাক্তারের শরণাপন্ন হন। আশা করি এই উত্তরটি আপনাকে সাহায্য করবে। আরও কোনো প্রশ্ন থাকলে নির্দ্বিধায় জিজ্ঞাসা করতে পারেন। ধন্যবাদ।"
25705,"হেলো, নাসেনিয়া ডকে আপনাকে স্বাগতম। আপনার অনুসন্ধানের জন্য ধন্যবাদ। আমি আপনার প্রশ্নটি দেখেছি এবং আপনার উদ্বেগ বুঝতে পেরেছি। আমি যথাসাধ্য আপনাকে সাহায্য করার চেষ্টা করব। আপনার বর্ণনা করা লক্ষণগুলো বিভিন্ন কারণে হতে পারে এবং এর সঠিক কারণ নির্ণয়ের জন্য একটি বিস্তারিত পরীক্ষা প্রয়োজন। তাই আমি আপনাকে একজন বিশেষজ্ঞ ডাক্তারের সাথে সরাসরি পরামর্শ করার পরামর্শ দিচ্ছি। প্রয়োজনীয় পরীক্ষা-নিরীক্ষা করানো উচিত এবং রিপোর্ট অনুযায়ী চিকিৎসা শুরু করা যেতে পারে। এই সময়ে পর্যাপ্ত বিশ্রাম নিন, প্রচুর পানি পান করুন এবং স্বাস্থ্যকর খাবার খান। ডাক্তারের পরামর্শ ছাড়া কোনো ওষুধ সেবন করবেন না। যদি সমস্যা বাড়তে থাকে বা তীব্র হয়, তাহলে দেরি না করে দ্রুত ডাক্তারের শরণাপন্ন হন। আশা করি এই উত্তরটি আপনাকে সাহায্য করবে। আরও কোনো প্রশ্ন থাকলে নির্দ্বিধায় জিজ্ঞাসা করতে পারেন। ধন্যবাদ।"
38431,"হেলো, নাসেনিয়া ডকে আপনাকে স্বাগতম। আপনার অনুসন্ধানের জন্য ধন্যবাদ। আমি আপনার প্রশ্নটি দেখেছি এবং আপনার উদ্বেগ বুঝতে পেরেছি। আমি যথাসাধ্য আপনাকে সাহায্য করার চেষ্টা করব। আপনার বর্ণনা করা লক্ষণগুলো বিভিন্ন কারণে হতে পারে এবং এর সঠিক কারণ নির্ণয়ের জন্য একটি বিস্তারিত পরীক্ষা প্রয়োজন। তাই আমি আপনাকে একজন বিশেষজ্ঞ ডাক্তারের সাথে সরাসরি পরামর্শ করার পরামর্শ দিচ্ছি। প্রয়োজনীয় পরীক্ষা-নিরীক্ষা করানো উচিত এবং রিপোর্ট অনুযায়ী চিকিৎসা শুরু করা যেতে পারে। এই সময়ে পর্যাপ্ত বিশ্রাম নিন, প্রচুর পানি পান করুন এবং স্বাস্থ্যকর খাবার খান। ডাক্তারের পরামর্শ ছাড়া কোনো ওষুধ সেবন করবেন না। যদি সমস্যা বাড়তে থাকে বা তীব্র হয়, তাহলে দেরি না করে দ্রুত ডাক্তারের শরণাপন্ন হন। আশা করি এই উত্তরটি আপনাকে সাহায্য করবে। আরও কোনো প্রশ্ন থাকলে নির্দ্বিধায় জিজ্ঞাসা করতে পারেন। ধন্যবাদ।"
94802,"হেলো, নাসেনিয়া ডকে আপনাকে স্বাগতম। আপনার অনুসন্ধানের জন্য ধন্যবাদ। আমি আপনার প্রশ্নটি দেখেছি এবং আপনার উদ্বেগ বুঝতে পেরেছি। আমি যথাসাধ্য আপনাকে সাহায্য করার চেষ্টা করব। আপনার বর্ণনা করা লক্ষণগুলো বিভিন্ন কারণে হতে পারে এবং এর সঠিক কারণ নির্ণয়ের জন্য একটি বিস্তারিত পরীক্ষা প্রয়োজন। তাই আমি আপনাকে একজন বিশেষজ্ঞ ডাক্তারের সাথে সরাসরি পরামর্শ করার পরামর্শ দিচ্ছি। প্রয়োজনীয় পরীক্ষা-নিরীক্ষা করানো উচিত এবং রিপোর্ট অনুযায়ী চিকিৎসা শুরু করা যেতে পারে। এই সময়ে পর্যাপ্ত বিশ্রাম নিন, প্রচুর পানি পান করুন এবং স্বাস্থ্যকর খাবার খান। ডাক্তারের পরামর্শ ছাড়া কোনো ওষুধ সেবন করবেন না। যদি সমস্যা বাড়তে থাকে বা তীব্র হয়, তাহলে দেরি না করে দ্রুত ডাক্তারের শরণাপন্ন হন। আশা করি এই উত্তরটি আপনাকে সাহায্য করবে। আরও কোনো প্রশ্ন থাকলে নির্দ্বিধায় জিজ্ঞাসা করতে পারেন। ধন্যবাদ।"
42306,"হেলো, নাসেনিয়া ডকে আপনাকে স্বাগতম। আপনার অনুসন্ধানের জন্য ধন্যবাদ। আমি আপনার প্রশ্নটি দেখেছি এবং আপনার উদ্বেগ বুঝতে পেরেছি। আমি যথাসাধ্য আপনাকে সাহায্য করার চেষ্টা করব। আপনার বর্ণনা করা লক্ষণগুলো বিভিন্ন কারণে হতে পারে এবং এর সঠিক কারণ নির্ণয়ের জন্য একটি বিস্তারিত পরীক্ষা প্রয়োজন। তাই আমি আপনাকে একজন বিশেষজ্ঞ ডাক্তারের সাথে সরাসরি পরামর্শ করার পরামর্শ দিচ্ছি। প্রয়োজনীয় পরীক্ষা-নিরীক্ষা করানো উচিত এবং রিপোর্ট অনুযায়ী চিকিৎসা শুরু করা যেতে পারে। এই সময়ে পর্যাপ্ত বিশ্রাম নিন, প্রচুর পানি পান করুন এবং স্বাস্থ্যকর খাবার খান। ডাক্তারের পরামর্শ ছাড়া কোনো ওষুধ সেবন করবেন না। যদি সমস্যা বাড়তে থাকে বা তীব্র হয়, তাহলে দেরি না করে দ্রুত ডাক্তারের শরণাপন্ন হন। আশা করি এই উত্তরটি আপনাকে সাহায্য করবে। আরও কোনো প্রশ্ন থাকলে নির্দ্বিধায় জিজ্ঞাসা করতে পারেন। ধন্যবাদ।"
100459,"হেলো, নাসেনিয়া ডকে আপনাকে স্বাগতম। আপনার অনুসন্ধানের জন্য ধন্যবাদ। আমি আপনার প্রশ্নটি দেখেছি এবং আপনার উদ্বেগ বুঝতে পেরেছি। আমি যথাসাধ্য আপনাকে সাহায্য করার চেষ্টা করব। আপনার বর্ণনা করা লক্ষণগুলো বিভিন্ন কারণে হতে পারে এবং এর সঠিক কারণ নির্ণয়ের জন্য একটি বিস্তারিত পরীক্ষা প্রয়োজন। তাই আমি আপনাকে একজন বিশেষজ্ঞ ডাক্তারের সাথে সরাসরি পরামর্শ করার পরামর্শ দিচ্ছি। প্রয়োজনীয় পরীক্ষা-নিরীক্ষা করানো উচিত এবং রিপোর্ট অনুযায়ী চিকিৎসা শুরু করা যেতে পারে। এই সময়ে পর্যাপ্ত বিশ্রাম নিন, প্রচুর পানি পান করুন এবং স্বাস্থ্যকর খাবার খান। ডাক্তারের পরামর্শ ছাড়া কোনো ওষুধ সেবন করবেন না। যদি সমস্যা বাড়তে থাকে বা তীব্র হয়, তাহলে দেরি না করে দ্রুত ডাক্তারের শরণাপন্ন হন। আশা করি এই উত্তরটি আপনাকে সাহায্য করবে। আরও কোনো প্রশ্ন থাকলে নির্দ্বিধায় জিজ্ঞাসা করতে পারেন। ধন্যবাদ।"
8720,"হেলো, নাসেনিয়া ডকে আপনাকে স্বাগতম। আপনার অনুসন্ধানের জন্য ধন্যবাদ। আমি আপনার প্রশ্নটি দেখেছি এবং আপনার উদ্বেগ বুঝতে পেরেছি। আমি যথাসাধ্য আপনাকে সাহায্য করার চেষ্টা করব। আপনার বর্ণনা করা লক্ষণগুলো বিভিন্ন কারণে হতে পারে এবং এর সঠিক কারণ নির্ণয়ের জন্য একটি বিস্তারিত পরীক্ষা প্রয়োজন। তাই আমি আপনাকে একজন বিশেষজ্ঞ ডাক্তারের সাথে সরাসরি পরামর্শ করার পরামর্শ দিচ্ছি। প্রয়োজনীয় পরীক্ষা-নিরীক্ষা করানো উচিত এবং রিপোর্ট অনুযায়ী চিকিৎসা শুরু করা যেতে পারে। এই সময়ে পর্যাপ্ত বিশ্রাম নিন, প্রচুর পানি পান করুন এবং স্বাস্থ্যকর খাবার খান। ডাক্তারের পরামর্শ ছাড়া কোনো ওষুধ সেবন করবেন না। যদি সমস্যা বাড়তে থাকে বা তীব্র হয়, তাহলে দেরি না করে দ্রুত ডাক্তারের শরণাপন্ন হন। আশা করি এই উত্তরটি আপনাকে সাহায্য করবে। আরও কোনো প্রশ্ন থাকলে নির্দ্বিধায় জিজ্ঞাসা করতে পারেন। ধন্যবাদ।"
16268,"হেলো, নাসেনিয়া ডকে আপনাকে স্বাগতম। আপনার অনুসন্ধানের জন্য ধন্যবাদ। আমি আপনার প্রশ্নটি দেখেছি এবং আপনার উদ্বেগ বুঝতে পেরেছি। আমি যথাসাধ্য আপনাকে সাহায্য করার চেষ্টা করব। আপনার বর্ণনা করা লক্ষণগুলো বিভিন্ন কারণে হতে পারে এবং এর সঠিক কারণ নির্ণয়ের জন্য একটি বিস্তারিত পরীক্ষা প্রয়োজন। তাই আমি আপনাকে একজন বিশেষজ্ঞ ডাক্তারের সাথে সরাসরি পরামর্শ করার পরামর্শ দিচ্ছি। প্রয়োজনীয় পরীক্ষা-নিরীক্ষা করানো উচিত এবং রিপোর্ট অনুযায়ী চিকিৎসা শুরু করা যেতে পারে। এই সময়ে পর্যাপ্ত বিশ্রাম নিন, প্রচুর পানি পান করুন এবং স্বাস্থ্যকর খাবার খান। ডাক্তারের পরামর্শ ছাড়া কোনো ওষুধ সেবন করবেন না। যদি সমস্যা বাড়তে থাকে বা তীব্র হয়, তাহলে দেরি না করে দ্রুত ডাক্তারের শরণাপন্ন হন। আশা করি এই উত্তরটি আপনাকে সাহায্য করবে। আরও কোনো প্রশ্ন থাকলে নির্দ্বিধায় জিজ্ঞাসা করতে পারেন। ধন্যবাদ।"
59865,"হেলো, নাসেনিয়া ডকে আপনাকে স্বাগতম। আপনার অনুসন্ধানের জন্য ধন্যবাদ। আমি আপনার প্রশ্নটি দেখেছি এবং আপনার উদ্বেগ বুঝতে পেরেছি। আমি যথাসাধ্য আপনাকে সাহায্য করার চেষ্টা করব। আপনার বর্ণনা করা লক্ষণগুলো বিভিন্ন কারণে হতে পারে এবং এর সঠিক কারণ নির্ণয়ের জন্য একটি বিস্তারিত পরীক্ষা প্রয়োজন। তাই আমি আপনাকে একজন বিশেষজ্ঞ ডাক্তারের সাথে সরাসরি পরামর্শ করার পরামর্শ দিচ্ছি। প্রয়োজনীয় পরীক্ষা-নিরীক্ষা করানো উচিত এবং রিপোর্ট অনুযায়ী চিকিৎসা শুরু করা যেতে পারে। এই সময়ে পর্যাপ্ত বিশ্রাম নিন, প্রচুর পানি পান করুন এবং স্বাস্থ্যকর খাবার খান। ডাক্তারের পরামর্শ ছাড়া কোনো ওষুধ সেবন করবেন না। যদি সমস্যা বাড়তে থাকে বা তীব্র হয়, তাহলে দেরি না করে দ্রুত ডাক্তারের শরণাপন্ন হন। আশা করি এই উত্তরটি আপনাকে সাহায্য করবে। আরও কোনো প্রশ্ন থাকলে নির্দ্বিধায় জিজ্ঞাসা করতে পারেন। ধন্যবাদ।"
50436,"হেলো, নাসেনিয়া ডকে আপনাকে স্বাগতম। আপনার অনুসন্ধানের জন্য ধন্যবাদ। আমি আপনার প্রশ্নটি দেখেছি এবং আপনার উদ্বেগ বুঝতে পেরেছি। আমি যথাসাধ্য আপনাকে সাহায্য করার চেষ্টা করব। আপনার বর্ণনা করা লক্ষণগুলো বিভিন্ন কারণে হতে পারে এবং এর সঠিক কারণ নির্ণয়ের জন্য একটি বিস্তারিত পরীক্ষা প্রয়োজন। তাই আমি আপনাকে একজন বিশেষজ্ঞ ডাক্তারের সাথে সরাসরি পরামর্শ করার পরামর্শ দিচ্ছি। প্রয়োজনীয় পরীক্ষা-নিরীক্ষা করানো উচিত এবং রিপোর্ট অনুযায়ী চিকিৎসা শুরু করা যেতে পারে। এই সময়ে পর্যাপ্ত বিশ্রাম নিন, প্রচুর পানি পান করুন এবং স্বাস্থ্যকর খাবার খান। ডাক্তারের পরামর্শ ছাড়া কোনো ওষুধ সেবন করবেন না। যদি সমস্যা বাড়তে থাকে বা তীব্র হয়, তাহলে দেরি না করে দ্রুত ডাক্তারের শরণাপন্ন হন। আশা করি এই উত্তরটি আপনাকে সাহায্য করবে। আরও কোনো প্রশ্ন থাকলে নির্দ্বিধায় জিজ্ঞাসা করতে পারেন। ধন্যবাদ।"
10770,"হেলো, নাসেনিয়া ডকে আপনাকে স্বাগতম। আপনার অনুসন্ধানের জন্য ধন্যবাদ। আমি আপনার প্রশ্নটি দেখেছি এবং আপনার উদ্বেগ বুঝতে পেরেছি। আমি যথাসাধ্য আপনাকে সাহায্য করার চেষ্টা করব। আপনার বর্ণনা করা লক্ষণগুলো বিভিন্ন কারণে হতে পারে এবং এর সঠিক কারণ নির্ণয়ের জন্য একটি বিস্তারিত পরীক্ষা প্রয়োজন। তাই আমি আপনাকে একজন বিশেষজ্ঞ ডাক্তারের সাথে সরাসরি পরামর্শ করার পরামর্শ দিচ্ছি। প্রয়োজনীয় পরীক্ষা-নিরীক্ষা করানো উচিত এবং রিপোর্ট অনুযায়ী চিকিৎসা শুরু করা যেতে পারে। এই সময়ে পর্যাপ্ত বিশ্রাম নিন, প্রচুর পানি পান করুন এবং স্বাস্থ্যকর খাবার খান। ডাক্তারের পরামর্শ ছাড়া কোনো ওষুধ সেবন করবেন না। যদি সমস্যা বাড়তে থাকে বা তীব্র হয়, তাহলে দেরি না করে দ্রুত ডাক্তারের শরণাপন্ন হন। আশা করি এই উত্তরটি আপনাকে সাহায্য করবে। আরও কোনো প্রশ্ন থাকলে নির্দ্বিধায় জিজ্ঞাসা করতে পারেন। ধন্যবাদ।"
18617,"হেলো, নাসেনিয়া ডকে আপনাকে স্বাগতম। আপনার অনুসন্ধানের জন্য ধন্যবাদ। আমি আপনার প্রশ্নটি দেখেছি এবং আপনার উদ্বেগ বুঝতে পেরেছি। আমি যথাসাধ্য আপনাকে সাহায্য করার চেষ্টা করব। আপনার বর্ণনা করা লক্ষণগুলো বিভিন্ন কারণে হতে পারে এবং এর সঠিক কারণ নির্ণয়ের জন্য একটি বিস্তারিত পরীক্ষা প্রয়োজন। তাই আমি আপনাকে একজন বিশেষজ্ঞ ডাক্তারের সাথে সরাসরি পরামর্শ করার পরামর্শ দিচ্ছি। প্রয়োজনীয় পরীক্ষা-নিরীক্ষা করানো উচিত এবং রিপোর্ট অনুযায়ী চিকিৎসা শুরু করা যেতে পারে। এই সময়ে পর্যাপ্ত বিশ্রাম নিন, প্রচুর পানি পান করুন এবং স্বাস্থ্যকর খাবার খান। ডাক্তারের পরামর্শ ছাড়া কোনো ওষুধ সেবন করবেন না। যদি সমস্যা বাড়তে থাকে বা তীব্র হয়, তাহলে দেরি না করে দ্রুত ডাক্তারের শরণাপন্ন হন। আশা করি এই উত্তরটি আপনাকে সাহায্য করবে। আরও কোনো প্রশ্ন থাকলে নির্দ্বিধায় জিজ্ঞাসা করতে পারেন। ধন্যবাদ।"
97928,"হেলো, নাসেনিয়া ডকে আপনাকে স্বাগতম। আপনার অনুসন্ধানের জন্য ধন্যবাদ। আমি আপনার প্রশ্নটি দেখেছি এবং আপনার উদ্বেগ বুঝতে পেরেছি। আমি যথাসাধ্য আপনাকে সাহায্য করার চেষ্টা করব। আপনার বর্ণনা করা লক্ষণগুলো বিভিন্ন কারণে হতে পারে এবং এর সঠিক কারণ নির্ণয়ের জন্য একটি বিস্তারিত পরীক্ষা প্রয়োজন। তাই আমি আপনাকে একজন বিশেষজ্ঞ ডাক্তারের সাথে সরাসরি পরামর্শ করার পরামর্শ দিচ্ছি। প্রয়োজনীয় পরীক্ষা-নিরীক্ষা করানো উচিত এবং রিপোর্ট অনুযায়ী চিকিৎসা শুরু করা যেতে পারে। এই সময়ে পর্যাপ্ত বিশ্রাম নিন, প্রচুর পানি পান করুন এবং স্বাস্থ্যকর খাবার খান। ডাক্তারের পরামর্শ ছাড়া কোনো ওষুধ সেবন করবেন না। যদি সমস্যা বাড়তে থাকে বা তীব্র হয়, তাহলে দেরি না করে দ্রুত ডাক্তারের শরণাপন্ন হন। আশা করি এই উত্তরটি আপনাকে সাহায্য করবে। আরও কোনো প্রশ্ন থাকলে নির্দ্বিধায় জিজ্ঞাসা করতে পারেন। ধন্যবাদ।"
71636,"হেলো, নাসেনিয়া ডকে আপনাকে স্বাগতম। আপনার অনুসন্ধানের জন্য ধন্যবাদ। আমি আপনার প্রশ্নটি দেখেছি এবং আপনার উদ্বেগ বুঝতে পেরেছি। আমি যথাসাধ্য আপনাকে সাহায্য করার চেষ্টা করব। আপনার বর্ণনা করা লক্ষণগুলো বিভিন্ন কারণে হতে পারে এবং এর সঠিক কারণ নির্ণয়ের জন্য একটি বিস্তারিত পরীক্ষা প্রয়োজন। তাই আমি আপনাকে একজন বিশেষজ্ঞ ডাক্তারের সাথে সরাসরি পরামর্শ করার পরামর্শ দিচ্ছি। প্রয়োজনীয় পরীক্ষা-নিরীক্ষা করানো উচিত এবং রিপোর্ট অনুযায়ী চিকিৎসা শুরু করা যেতে পারে। এই সময়ে পর্যাপ্ত বিশ্রাম নিন, প্রচুর পানি পান করুন এবং স্বাস্থ্যকর খাবার খান। ডাক্তারের পরামর্শ ছাড়া কোনো ওষুধ সেবন করবেন না। যদি সমস্যা বাড়তে থাকে বা তীব্র হয়, তাহলে দেরি না করে দ্রুত ডাক্তারের শরণাপন্ন হন। আশা করি এই উত্তরটি আপনাকে সাহায্য করবে। আরও কোনো প্রশ্ন থাকলে নির্দ্বিধায় জিজ্ঞাসা করতে পারেন। ধন্যবাদ।"
104827,"হেলো, নাসেনিয়া ডকে আপনাকে স্বাগতম। আপনার অনুসন্ধানের জন্য ধন্যবাদ। আমি আপনার প্রশ্নটি দেখেছি এবং আপনার উদ্বেগ বুঝতে পেরেছি। আমি যথাসাধ্য আপনাকে সাহায্য করার চেষ্টা করব। আপনার বর্ণনা করা লক্ষণগুলো বিভিন্ন কারণে হতে পারে এবং এর সঠিক কারণ নির্ণয়ের জন্য একটি বিস্তারিত পরীক্ষা প্রয়োজন। তাই আমি আপনাকে একজন বিশেষজ্ঞ ডাক্তারের সাথে সরাসরি পরামর্শ করার পরামর্শ দিচ্ছি। প্রয়োজনীয় পরীক্ষা-নিরীক্ষা করানো উচিত এবং রিপোর্ট অনুযায়ী চিকিৎসা শুরু করা যেতে পারে। এই সময়ে পর্যাপ্ত বিশ্রাম নিন, প্রচুর পানি পান করুন এবং স্বাস্থ্যকর খাবার খান। ডাক্তারের পরামর্শ ছাড়া কোনো ওষুধ সেবন করবেন না। যদি সমস্যা বাড়তে থাকে বা তীব্র হয়, তাহলে দেরি না করে দ্রুত ডাক্তারের শরণাপন্ন হন। আশা করি এই উত্তরটি আপনাকে সাহায্য করবে। আরও কোনো প্রশ্ন থাকলে নির্দ্বিধায় জিজ্ঞাসা করতে পারেন। ধন্যবাদ।"
90762,"হেলো, নাসেনিয়া ডকে আপনাকে স্বাগতম। আপনার অনুসন্ধানের জন্য ধন্যবাদ। আমি আপনার প্রশ্নটি দেখেছি এবং আপনার উদ্বেগ বুঝতে পেরেছি। আমি যথাসাধ্য আপনাকে সাহায্য করার চেষ্টা করব। আপনার বর্ণনা করা লক্ষণগুলো বিভিন্ন কারণে হতে পারে এবং এর সঠিক কারণ নির্ণয়ের জন্য একটি বিস্তারিত পরীক্ষা প্রয়োজন। তাই আমি আপনাকে একজন বিশেষজ্ঞ ডাক্তারের সাথে সরাসরি পরামর্শ করার পরামর্শ দিচ্ছি। প্রয়োজনীয় পরীক্ষা-নিরীক্ষা করানো উচিত এবং রিপোর্ট অনুযায়ী চিকিৎসা শুরু করা যেতে পারে। এই সময়ে পর্যাপ্ত বিশ্রাম নিন, প্রচুর পানি পান করুন এবং স্বাস্থ্যকর খাবার খান। ডাক্তারের পরামর্শ ছাড়া কোনো ওষুধ সেবন করবেন না। যদি সমস্যা বাড়তে থাকে বা তীব্র হয়, তাহলে দেরি না করে দ্রুত ডাক্তারের শরণাপন্ন হন। আশা করি এই উত্তরটি আপনাকে সাহায্য করবে। আরও কোনো প্রশ্ন থাকলে নির্দ্বিধায় জিজ্ঞাসা করতে পারেন। ধন্যবাদ।"
104107,"হেলো, নাসেনিয়া ডকে আপনাকে স্বাগতম। আপনার অনুসন্ধানের জন্য ধন্যবাদ। আমি আপনার প্রশ্নটি দেখেছি এবং আপনার উদ্বেগ বুঝতে পেরেছি। আমি যথাসাধ্য আপনাকে সাহায্য করার চেষ্টা করব। আপনার বর্ণনা করা লক্ষণগুলো বিভিন্ন কারণে হতে পারে এবং এর সঠিক কারণ নির্ণয়ের জন্য একটি বিস্তারিত পরীক্ষা প্রয়োজন। তাই আমি আপনাকে একজন বিশেষজ্ঞ ডাক্তারের সাথে সরাসরি পরামর্শ করার পরামর্শ দিচ্ছি। প্রয়োজনীয় পরীক্ষা-নিরীক্ষা করানো উচিত এবং রিপোর্ট অনুযায়ী চিকিৎসা শুরু করা যেতে পারে। এই সময়ে পর্যাপ্ত বিশ্রাম নিন, প্রচুর পানি পান করুন এবং স্বাস্থ্যকর খাবার খান। ডাক্তারের পরামর্শ ছাড়া কোনো ওষুধ সেবন করবেন না। যদি সমস্যা বাড়তে থাকে বা তীব্র হয়, তাহলে দেরি না করে দ্রুত ডাক্তারের শরণাপন্ন হন। আশা করি এই উত্তরটি আপনাকে সাহায্য করবে। আরও কোনো প্রশ্ন থাকলে নির্দ্বিধায় জিজ্ঞাসা করতে পারেন। ধন্যবাদ।"
54141,"হেলো, নাসেনিয়া ডকে আপনাকে স্বাগতম। আপনার অনুসন্ধানের জন্য ধন্যবাদ। আমি আপনার প্রশ্নটি দেখেছি এবং আপনার উদ্বেগ বুঝতে পেরেছি। আমি যথাসাধ্য আপনাকে সাহায্য করার চেষ্টা করব। আপনার বর্ণনা করা লক্ষণগুলো বিভিন্ন কারণে হতে পারে এবং এর সঠিক কারণ নির্ণয়ের জন্য একটি বিস্তারিত পরীক্ষা প্রয়োজন। তাই আমি আপনাকে একজন বিশেষজ্ঞ ডাক্তারের সাথে সরাসরি পরামর্শ করার পরামর্শ দিচ্ছি। প্রয়োজনীয় পরীক্ষা-নিরীক্ষা করানো উচিত এবং রিপোর্ট অনুযায়ী চিকিৎসা শুরু করা যেতে পারে। এই সময়ে পর্যাপ্ত বিশ্রাম নিন, প্রচুর পানি পান করুন এবং স্বাস্থ্যকর খাবার খান। ডাক্তারের পরামর্শ ছাড়া কোনো ওষুধ সেবন করবেন না। যদি সমস্যা বাড়তে থাকে বা তীব্র হয়, তাহলে দেরি না করে দ্রুত ডাক্তারের শরণাপন্ন হন। আশা করি এই উত্তরটি আপনাকে সাহায্য করবে। আরও কোনো প্রশ্ন থাকলে নির্দ্বিধায় জিজ্ঞাসা করতে পারেন। ধন্যবাদ।"
91123,"হেলো, নাসেনিয়া ডকে আপনাকে স্বাগতম। আপনার অনুসন্ধানের জন্য ধন্যবাদ। আমি আপনার প্রশ্নটি দেখেছি এবং আপনার উদ্বেগ বুঝতে পেরেছি। আমি যথাসাধ্য আপনাকে সাহায্য করার চেষ্টা করব। আপনার বর্ণনা করা লক্ষণগুলো বিভিন্ন কারণে হতে পারে এবং এর সঠিক কারণ নির্ণয়ের জন্য একটি বিস্তারিত পরীক্ষা প্রয়োজন। তাই আমি আপনাকে একজন বিশেষজ্ঞ ডাক্তারের সাথে সরাসরি পরামর্শ করার পরামর্শ দিচ্ছি। প্রয়োজনীয় পরীক্ষা-নিরীক্ষা করানো উচিত এবং রিপোর্ট অনুযায়ী চিকিৎসা শুরু করা যেতে পারে। এই সময়ে পর্যাপ্ত বিশ্রাম নিন, প্রচুর পানি পান করুন এবং স্বাস্থ্যকর খাবার খান। ডাক্তারের পরামর্শ ছাড়া কোনো ওষুধ সেবন করবেন না। যদি সমস্যা বাড়তে থাকে বা তীব্র হয়, তাহলে দেরি না করে দ্রুত ডাক্তারের শরণাপন্ন হন। আশা করি এই উত্তরটি আপনাকে সাহায্য করবে। আরও কোনো প্রশ্ন থাকলে নির্দ্বিধায় জিজ্ঞাসা করতে পারেন। ধন্যবাদ।"
20502,"হেলো, নাসেনিয়া ডকে আপনাকে স্বাগতম। আপনার অনুসন্ধানের জন্য ধন্যবাদ। আমি আপনার প্রশ্নটি দেখেছি এবং আপনার উদ্বেগ বুঝতে পেরেছি। আমি যথাসাধ্য আপনাকে সাহায্য করার চেষ্টা করব। আপনার বর্ণনা করা লক্ষণগুলো বিভিন্ন কারণে হতে পারে এবং এর সঠিক কারণ নির্ণয়ের জন্য একটি বিস্তারিত পরীক্ষা প্রয়োজন। তাই আমি আপনাকে একজন বিশেষজ্ঞ ডাক্তারের সাথে সরাসরি পরামর্শ করার পরামর্শ দিচ্ছি। প্রয়োজনীয় পরীক্ষা-নিরীক্ষা করানো উচিত এবং রিপোর্ট অনুযায়ী চিকিৎসা শুরু করা যেতে পারে। এই সময়ে পর্যাপ্ত বিশ্রাম নিন, প্রচুর পানি পান করুন এবং স্বাস্থ্যকর খাবার খান। ডাক্তারের পরামর্শ ছাড়া কোনো ওষুধ সেবন করবেন না। যদি সমস্যা বাড়তে থাকে বা তীব্র হয়, তাহলে দেরি না করে দ্রুত ডাক্তারের শরণাপন্ন হন। আশা করি এই উত্তরটি আপনাকে সাহায্য করবে। আরও কোনো প্রশ্ন থাকলে নির্দ্বিধায় জিজ্ঞাসা করতে পারেন। ধন্যবাদ।"
40765,"হেলো, নাসেনিয়া ডকে আপনাকে স্বাগতম। আপনার অনুসন্ধানের জন্য ধন্যবাদ। আমি আপনার প্রশ্নটি দেখেছি এবং আপনার উদ্বেগ বুঝতে পেরেছি। আমি যথাসাধ্য আপনাকে সাহায্য করার চেষ্টা করব। আপনার বর্ণনা করা লক্ষণগুলো বিভিন্ন কারণে হতে পারে এবং এর সঠিক কারণ নির্ণয়ের জন্য একটি বিস্তারিত পরীক্ষা প্রয়োজন। তাই আমি আপনাকে একজন বিশেষজ্ঞ ডাক্তারের সাথে সরাসরি পরামর্শ করার পরামর্শ দিচ্ছি। প্রয়োজনীয় পরীক্ষা-নিরীক্ষা করানো উচিত এবং রিপোর্ট অনুযায়ী চিকিৎসা শুরু করা যেতে পারে। এই সময়ে পর্যাপ্ত বিশ্রাম নিন, প্রচুর পানি পান করুন এবং স্বাস্থ্যকর খাবার খান। ডাক্তারের পরামর্শ ছাড়া কোনো ওষুধ সেবন করবেন না। যদি সমস্যা বাড়তে থাকে বা তীব্র হয়, তাহলে দেরি না করে দ্রুত ডাক্তারের শরণাপন্ন হন। আশা করি এই উত্তরটি আপনাকে সাহায্য করবে। আরও কোনো প্রশ্ন থাকলে নির্দ্বিধায় জিজ্ঞাসা করতে পারেন। ধন্যবাদ।"
17561,"হেলো, নাসেনিয়া ডকে আপনাকে স্বাগতম। আপনার অনুসন্ধানের জন্য ধন্যবাদ। আমি আপনার প্রশ্নটি দেখেছি এবং আপনার উদ্বেগ বুঝতে পেরেছি। আমি যথাসাধ্য আপনাকে সাহায্য করার চেষ্টা করব। আপনার বর্ণনা করা লক্ষণগুলো বিভিন্ন কারণে হতে পারে এবং এর সঠিক কারণ নির্ণয়ের জন্য একটি বিস্তারিত পরীক্ষা প্রয়োজন। তাই আমি আপনাকে একজন বিশেষজ্ঞ ডাক্তারের সাথে সরাসরি পরামর্শ করার পরামর্শ দিচ্ছি। প্রয়োজনীয় পরীক্ষা-নিরীক্ষা করানো উচিত এবং রিপোর্ট অনুযায়ী চিকিৎসা শুরু করা যেতে পারে। এই সময়ে পর্যাপ্ত বিশ্রাম নিন, প্রচুর পানি পান করুন এবং স্বাস্থ্যকর খাবার খান। ডাক্তারের পরামর্শ ছাড়া কোনো ওষুধ সেবন করবেন না। যদি সমস্যা বাড়তে থাকে বা তীব্র হয়, তাহলে দেরি না করে দ্রুত ডাক্তারের শরণাপন্ন হন। আশা করি এই উত্তরটি আপনাকে সাহায্য করবে। আরও কোনো প্রশ্ন থাকলে নির্দ্বিধায় জিজ্ঞাসা করতে পারেন। ধন্যবাদ।"
19614,"হেলো, নাসেনিয়া ডকে আপনাকে স্বাগতম। আপনার অনুসন্ধানের জন্য ধন্যবাদ। আমি আপনার প্রশ্নটি দেখেছি এবং আপনার উদ্বেগ বুঝতে পেরেছি। আমি যথাসাধ্য আপনাকে সাহায্য করার চেষ্টা করব। আপনার বর্ণনা করা লক্ষণগুলো বিভিন্ন কারণে হতে পারে এবং এর সঠিক কারণ নির্ণয়ের জন্য একটি বিস্তারিত পরীক্ষা প্রয়োজন। তাই আমি আপনাকে একজন বিশেষজ্ঞ ডাক্তারের সাথে সরাসরি পরামর্শ করার পরামর্শ দিচ্ছি। প্রয়োজনীয় পরীক্ষা-নিরীক্ষা করানো উচিত এবং রিপোর্ট অনুযায়ী চিকিৎসা শুরু করা যেতে পারে। এই সময়ে পর্যাপ্ত বিশ্রাম নিন, প্রচুর পানি পান করুন এবং স্বাস্থ্যকর খাবার খান। ডাক্তারের পরামর্শ ছাড়া কোনো ওষুধ সেবন করবেন না। যদি সমস্যা বাড়তে থাকে বা তীব্র হয়, তাহলে দেরি না করে দ্রুত ডাক্তারের শরণাপন্ন হন। আশা করি এই উত্তরটি আপনাকে সাহায্য করবে। আরও কোনো প্রশ্ন থাকলে নির্দ্বিধায় জিজ্ঞাসা করতে পারেন। ধন্যবাদ।"
87886,"হেলো, নাসেনিয়া ডকে আপনাকে স্বাগতম। আপনার অনুসন্ধানের জন্য ধন্যবাদ। আমি আপনার প্রশ্নটি দেখেছি এবং আপনার উদ্বেগ বুঝতে পেরেছি। আমি যথাসাধ্য আপনাকে সাহায্য করার চেষ্টা করব। আপনার বর্ণনা করা লক্ষণগুলো বিভিন্ন কারণে হতে পারে এবং এর সঠিক কারণ নির্ণয়ের জন্য একটি বিস্তারিত পরীক্ষা প্রয়োজন। তাই আমি আপনাকে একজন বিশেষজ্ঞ ডাক্তারের সাথে সরাসরি পরামর্শ করার পরামর্শ দিচ্ছি। প্রয়োজনীয় পরীক্ষা-নিরীক্ষা করানো উচিত এবং রিপোর্ট অনুযায়ী চিকিৎসা শুরু করা যেতে পারে। এই সময়ে পর্যাপ্ত বিশ্রাম নিন, প্রচুর পানি পান করুন এবং স্বাস্থ্যকর খাবার খান। ডাক্তারের পরামর্শ ছাড়া কোনো ওষুধ সেবন করবেন না। যদি সমস্যা বাড়তে থাকে বা তীব্র হয়, তাহলে দেরি না করে দ্রুত ডাক্তারের শরণাপন্ন হন। আশা করি এই উত্তরটি আপনাকে সাহায্য করবে। আরও কোনো প্রশ্ন থাকলে নির্দ্বিধায় জিজ্ঞাসা করতে পারেন। ধন্যবাদ।"
20274,"হেলো, নাসেনিয়া ডকে আপনাকে স্বাগতম। আপনার অনুসন্ধানের জন্য ধন্যবাদ। আমি আপনার প্রশ্নটি দেখেছি এবং আপনার উদ্বেগ বুঝতে পেরেছি। আমি যথাসাধ্য আপনাকে সাহায্য করার চেষ্টা করব। আপনার বর্ণনা করা লক্ষণগুলো বিভিন্ন কারণে হতে পারে এবং এর সঠিক কারণ নির্ণয়ের জন্য একটি বিস্তারিত পরীক্ষা প্রয়োজন। তাই আমি আপনাকে একজন বিশেষজ্ঞ ডাক্তারের সাথে সরাসরি পরামর্শ করার পরামর্শ দিচ্ছি। প্রয়োজনীয় পরীক্ষা-নিরীক্ষা করানো উচিত এবং রিপোর্ট অনুযায়ী চিকিৎসা শুরু করা যেতে পারে। এই সময়ে পর্যাপ্ত বিশ্রাম নিন, প্রচুর পানি পান করুন এবং স্বাস্থ্যকর খাবার খান। ডাক্তারের পরামর্শ ছাড়া কোনো ওষুধ সেবন করবেন না। যদি সমস্যা বাড়তে থাকে বা তীব্র হয়, তাহলে দেরি না করে দ্রুত ডাক্তারের শরণাপন্ন হন। আশা করি এই উত্তরটি আপনাকে সাহায্য করবে। আরও কোনো প্রশ্ন থাকলে নির্দ্বিধায় জিজ্ঞাসা করতে পারেন। ধন্যবাদ।"
86984,"হেলো, নাসেনিয়া ডকে আপনাকে স্বাগতম। আপনার অনুসন্ধানের জন্য ধন্যবাদ। আমি আপনার প্রশ্নটি দেখেছি এবং আপনার উদ্বেগ বুঝতে পেরেছি। আমি যথাসাধ্য আপনাকে সাহায্য করার চেষ্টা করব। আপনার বর্ণনা করা লক্ষণগুলো বিভিন্ন কারণে হতে পারে এবং এর সঠিক কারণ নির্ণয়ের জন্য একটি বিস্তারিত পরীক্ষা প্রয়োজন। তাই আমি আপনাকে একজন বিশেষজ্ঞ ডাক্তারের সাথে সরাসরি পরামর্শ করার পরামর্শ দিচ্ছি। প্রয়োজনীয় পরীক্ষা-নিরীক্ষা করানো উচিত এবং রিপোর্ট অনুযায়ী চিকিৎসা শুরু করা যেতে পারে। এই সময়ে পর্যাপ্ত বিশ্রাম নিন, প্রচুর পানি পান করুন এবং স্বাস্থ্যকর খাবার খান। ডাক্তারের পরামর্শ ছাড়া কোনো ওষুধ সেবন করবেন না। যদি সমস্যা বাড়তে থাকে বা তীব্র হয়, তাহলে দেরি না করে দ্রুত ডাক্তারের শরণাপন্ন হন। আশা করি এই উত্তরটি আপনাকে সাহায্য করবে। আরও কোনো প্রশ্ন থাকলে নির্দ্বিধায় জিজ্ঞাসা করতে পারেন। ধন্যবাদ।"
58761,"হেলো, নাসেনিয়া ডকে আপনাকে স্বাগতম। আপনার অনুসন্ধানের জন্য ধন্যবাদ। আমি আপনার প্রশ্নটি দেখেছি এবং আপনার উদ্বেগ বুঝতে পেরেছি। আমি যথাসাধ্য আপনাকে সাহায্য করার চেষ্টা করব। আপনার বর্ণনা করা লক্ষণগুলো বিভিন্ন কারণে হতে পারে এবং এর সঠিক কারণ নির্ণয়ের জন্য একটি বিস্তারিত পরীক্ষা প্রয়োজন। তাই আমি আপনাকে একজন বিশেষজ্ঞ ডাক্তারের সাথে সরাসরি পরামর্শ করার পরামর্শ দিচ্ছি। প্রয়োজনীয় পরীক্ষা-নিরীক্ষা করানো উচিত এবং রিপোর্ট অনুযায়ী চিকিৎসা শুরু করা যেতে পারে। এই সময়ে পর্যাপ্ত বিশ্রাম নিন, প্রচুর পানি পান করুন এবং স্বাস্থ্যকর খাবার খান। ডাক্তারের পরামর্শ ছাড়া কোনো ওষুধ সেবন করবেন না। যদি সমস্যা বাড়তে থাকে বা তীব্র হয়, তাহলে দেরি না করে দ্রুত ডাক্তারের শরণাপন্ন হন। আশা করি এই উত্তরটি আপনাকে সাহায্য করবে। আরও কোনো প্রশ্ন থাকলে নির্দ্বিধায় জিজ্ঞাসা করতে পারেন। ধন্যবাদ।"
92938,"হেলো, নাসেনিয়া ডকে আপনাকে স্বাগতম। আপনার অনুসন্ধানের জন্য ধন্যবাদ। আমি আপনার প্রশ্নটি দেখেছি এবং আপনার উদ্বেগ বুঝতে পেরেছি। আমি যথাসাধ্য আপনাকে সাহায্য করার চেষ্টা করব। আপনার বর্ণনা করা লক্ষণগুলো বিভিন্ন কারণে হতে পারে এবং এর সঠিক কারণ নির্ণয়ের জন্য একটি বিস্তারিত পরীক্ষা প্রয়োজন। তাই আমি আপনাকে একজন বিশেষজ্ঞ ডাক্তারের সাথে সরাসরি পরামর্শ করার পরামর্শ দিচ্ছি। প্রয়োজনীয় পরীক্ষা-নিরীক্ষা করানো উচিত এবং রিপোর্ট অনুযায়ী চিকিৎসা শুরু করা যেতে পারে। এই সময়ে পর্যাপ্ত বিশ্রাম নিন, প্রচুর পানি পান করুন এবং স্বাস্থ্যকর খাবার খান। ডাক্তারের পরামর্শ ছাড়া কোনো ওষুধ সেবন করবেন না। যদি সমস্যা বাড়তে থাকে বা তীব্র হয়, তাহলে দেরি না করে দ্রুত ডাক্তারের শরণাপন্ন হন। আশা করি এই উত্তরটি আপনাকে সাহায্য করবে। আরও কোনো প্রশ্ন থাকলে নির্দ্বিধায় জিজ্ঞাসা করতে পারেন। ধন্যবাদ।"
110792,"হেলো, নাসেনিয়া ডকে আপনাকে স্বাগতম। আপনার অনুসন্ধানের জন্য ধন্যবাদ। আমি আপনার প্রশ্নটি দেখেছি এবং আপনার উদ্বেগ বুঝতে পেরেছি। আমি যথাসাধ্য আপনাকে সাহায্য করার চেষ্টা করব। আপনার বর্ণনা করা লক্ষণগুলো বিভিন্ন কারণে হতে পারে এবং এর সঠিক কারণ নির্ণয়ের জন্য একটি বিস্তারিত পরীক্ষা প্রয়োজন। তাই আমি আপনাকে একজন বিশেষজ্ঞ ডাক্তারের সাথে সরাসরি পরামর্শ করার পরামর্শ দিচ্ছি। প্রয়োজনীয় পরীক্ষা-নিরীক্ষা করানো উচিত এবং রিপোর্ট অনুযায়ী চিকিৎসা শুরু করা যেতে পারে। এই সময়ে পর্যাপ্ত বিশ্রাম নিন, প্রচুর পানি পান করুন এবং স্বাস্থ্যকর খাবার খান। ডাক্তারের পরামর্শ ছাড়া কোনো ওষুধ সেবন করবেন না। যদি সমস্যা বাড়তে থাকে বা তীব্র হয়, তাহলে দেরি না করে দ্রুত ডাক্তারের শরণাপন্ন হন। আশা করি এই উত্তরটি আপনাকে সাহায্য করবে। আরও কোনো প্রশ্ন থাকলে নির্দ্বিধায় জিজ্ঞাসা করতে পারেন। ধন্যবাদ।"
39398,"হেলো, নাসেনিয়া ডকে আপনাকে স্বাগতম। আপনার অনুসন্ধানের জন্য ধন্যবাদ। আমি আপনার প্রশ্নটি দেখেছি এবং আপনার উদ্বেগ বুঝতে পেরেছি। আমি যথাসাধ্য আপনাকে সাহায্য করার চেষ্টা করব। আপনার বর্ণনা করা লক্ষণগুলো বিভিন্ন কারণে হতে পারে এবং এর সঠিক কারণ নির্ণয়ের জন্য একটি বিস্তারিত পরীক্ষা প্রয়োজন। তাই আমি আপনাকে একজন বিশেষজ্ঞ ডাক্তারের সাথে সরাসরি পরামর্শ করার পরামর্শ দিচ্ছি। প্রয়োজনীয় পরীক্ষা-নিরীক্ষা করানো উচিত এবং রিপোর্ট অনুযায়ী চিকিৎসা শুরু করা যেতে পারে। এই সময়ে পর্যাপ্ত বিশ্রাম নিন, প্রচুর পানি পান করুন এবং স্বাস্থ্যকর খাবার খান। ডাক্তারের পরামর্শ ছাড়া কোনো ওষুধ সেবন করবেন না। যদি সমস্যা বাড়তে থাকে বা তীব্র হয়, তাহলে দেরি না করে দ্রুত ডাক্তারের শরণাপন্ন হন। আশা করি এই উত্তরটি আপনাকে সাহায্য করবে। আরও কোনো প্রশ্ন থাকলে নির্দ্বিধায় জিজ্ঞাসা করতে পারেন। ধন্যবাদ।"
13970,"হেলো, নাসেনিয়া ডকে আপনাকে স্বাগতম। আপনার অনুসন্ধানের জন্য ধন্যবাদ। আমি আপনার প্রশ্নটি দেখেছি এবং আপনার উদ্বেগ বুঝতে পেরেছি। আমি যথাসাধ্য আপনাকে সাহায্য করার চেষ্টা করব। আপনার বর্ণনা করা লক্ষণগুলো বিভিন্ন কারণে হতে পারে এবং এর সঠিক কারণ নির্ণয়ের জন্য একটি বিস্তারিত পরীক্ষা প্রয়োজন। তাই আমি আপনাকে একজন বিশেষজ্ঞ ডাক্তারের সাথে সরাসরি পরামর্শ করার পরামর্শ দিচ্ছি। প্রয়োজনীয় পরীক্ষা-নিরীক্ষা করানো উচিত এবং রিপোর্ট অনুযায়ী চিকিৎসা শুরু করা যেতে পারে। এই সময়ে পর্যাপ্ত বিশ্রাম নিন, প্রচুর পানি পান করুন এবং স্বাস্থ্যকর খাবার খান। ডাক্তারের পরামর্শ ছাড়া কোনো ওষুধ সেবন করবেন না। যদি সমস্যা বাড়তে থাকে বা তীব্র হয়, তাহলে দেরি না করে দ্রুত ডাক্তারের শরণাপন্ন হন। আশা করি এই উত্তরটি আপনাকে সাহায্য করবে। আরও কোনো প্রশ্ন থাকলে নির্দ্বিধায় জিজ্ঞাসা করতে পারেন। ধন্যবাদ।"
964,"হেলো, নাসেনিয়া ডকে আপনাকে স্বাগতম। আপনার অনুসন্ধানের জন্য ধন্যবাদ। আমি আপনার প্রশ্নটি দেখেছি এবং আপনার উদ্বেগ বুঝতে পেরেছি। আমি যথাসাধ্য আপনাকে সাহায্য করার চেষ্টা করব। আপনার বর্ণনা করা লক্ষণগুলো বিভিন্ন কারণে হতে পারে এবং এর সঠিক কারণ নির্ণয়ের জন্য একটি বিস্তারিত পরীক্ষা প্রয়োজন। তাই আমি আপনাকে একজন বিশেষজ্ঞ ডাক্তারের সাথে সরাসরি পরামর্শ করার পরামর্শ দিচ্ছি। প্রয়োজনীয় পরীক্ষা-নিরীক্ষা করানো উচিত এবং রিপোর্ট অনুযায়ী চিকিৎসা শুরু করা যেতে পারে। এই সময়ে পর্যাপ্ত বিশ্রাম নিন, প্রচুর পানি পান করুন এবং স্বাস্থ্যকর খাবার খান। ডাক্তারের পরামর্শ ছাড়া কোনো ওষুধ সেবন করবেন না। যদি সমস্যা বাড়তে থাকে বা তীব্র হয়, তাহলে দেরি না করে দ্রুত ডাক্তারের শরণাপন্ন হন। আশা করি এই উত্তরটি আপনাকে সাহায্য করবে। আরও কোনো প্রশ্ন থাকলে নির্দ্বিধায় জিজ্ঞাসা করতে পারেন। ধন্যবাদ।"
96920,"হেলো, নাসেনিয়া ডকে আপনাকে স্বাগতম। আপনার অনুসন্ধানের জন্য ধন্যবাদ। আমি আপনার প্রশ্নটি দেখেছি এবং আপনার উদ্বেগ বুঝতে পেরেছি। আমি যথাসাধ্য আপনাকে সাহায্য করার চেষ্টা করব। আপনার বর্ণনা করা লক্ষণগুলো বিভিন্ন কারণে হতে পারে এবং এর সঠিক কারণ নির্ণয়ের জন্য একটি বিস্তারিত পরীক্ষা প্রয়োজন। তাই আমি আপনাকে একজন বিশেষজ্ঞ ডাক্তারের সাথে সরাসরি পরামর্শ করার পরামর্শ দিচ্ছি। প্রয়োজনীয় পরীক্ষা-নিরীক্ষা করানো উচিত এবং রিপোর্ট অনুযায়ী চিকিৎসা শুরু করা যেতে পারে। এই সময়ে পর্যাপ্ত বিশ্রাম নিন, প্রচুর পানি পান করুন এবং স্বাস্থ্যকর খাবার খান। ডাক্তারের পরামর্শ ছাড়া কোনো ওষুধ সেবন করবেন না। যদি সমস্যা বাড়তে থাকে বা তীব্র হয়, তাহলে দেরি না করে দ্রুত ডাক্তারের শরণাপন্ন হন। আশা করি এই উত্তরটি আপনাকে সাহায্য করবে। আরও কোনো প্রশ্ন থাকলে নির্দ্বিধায় জিজ্ঞাসা করতে পারেন। ধন্যবাদ।"
22012,"হেলো, নাসেনিয়া ডকে আপনাকে স্বাগতম। আপনার অনুসন্ধানের জন্য ধন্যবাদ। আমি আপনার প্রশ্নটি দেখেছি এবং আপনার উদ্বেগ বুঝতে পেরেছি। আমি যথাসাধ্য আপনাকে সাহায্য করার চেষ্টা করব। আপনার বর্ণনা করা লক্ষণগুলো বিভিন্ন কারণে হতে পারে এবং এর সঠিক কারণ নির্ণয়ের জন্য একটি বিস্তারিত পরীক্ষা প্রয়োজন। তাই আমি আপনাকে একজন বিশেষজ্ঞ ডাক্তারের সাথে সরাসরি পরামর্শ করার পরামর্শ দিচ্ছি। প্রয়োজনীয় পরীক্ষা-নিরীক্ষা করানো উচিত এবং রিপোর্ট অনুযায়ী চিকিৎসা শুরু করা যেতে পারে। এই সময়ে পর্যাপ্ত বিশ্রাম নিন, প্রচুর পানি পান করুন এবং স্বাস্থ্যকর খাবার খান। ডাক্তারের পরামর্শ ছাড়া কোনো ওষুধ সেবন করবেন না। যদি সমস্যা বাড়তে থাকে বা তীব্র হয়, তাহলে দেরি না করে দ্রুত ডাক্তারের শরণাপন্ন হন। আশা করি এই উত্তরটি আপনাকে সাহায্য করবে। আরও কোনো প্রশ্ন থাকলে নির্দ্বিধায় জিজ্ঞাসা করতে পারেন। ধন্যবাদ।"
35448,"হেলো, নাসেনিয়া ডকে আপনাকে স্বাগতম। আপনার অনুসন্ধানের জন্য ধন্যবাদ। আমি আপনার প্রশ্নটি দেখেছি এবং আপনার উদ্বেগ বুঝতে পেরেছি। আমি যথাসাধ্য আপনাকে সাহায্য করার চেষ্টা করব। আপনার বর্ণনা করা লক্ষণগুলো বিভিন্ন কারণে হতে পারে এবং এর সঠিক কারণ নির্ণয়ের জন্য একটি বিস্তারিত পরীক্ষা প্রয়োজন। তাই আমি আপনাকে একজন বিশেষজ্ঞ ডাক্তারের সাথে সরাসরি পরামর্শ করার পরামর্শ দিচ্ছি। প্রয়োজনীয় পরীক্ষা-নিরীক্ষা করানো উচিত এবং রিপোর্ট অনুযায়ী চিকিৎসা শুরু করা যেতে পারে। এই সময়ে পর্যাপ্ত বিশ্রাম নিন, প্রচুর পানি পান করুন এবং স্বাস্থ্যকর খাবার খান। ডাক্তারের পরামর্শ ছাড়া কোনো ওষুধ সেবন করবেন না। যদি সমস্যা বাড়তে থাকে বা তীব্র হয়, তাহলে দেরি না করে দ্রুত ডাক্তারের শরণাপন্ন হন। আশা করি এই উত্তরটি আপনাকে সাহায্য করবে। আরও কোনো প্রশ্ন থাকলে নির্দ্বিধায় জিজ্ঞাসা করতে পারেন। ধন্যবাদ।"
13582,"হেলো, নাসেনিয়া ডকে আপনাকে স্বাগতম। আপনার অনুসন্ধানের জন্য ধন্যবাদ। আমি আপনার প্রশ্নটি দেখেছি এবং আপনার উদ্বেগ বুঝতে পেরেছি। আমি যথাসাধ্য আপনাকে সাহায্য করার চেষ্টা করব। আপনার বর্ণনা করা লক্ষণগুলো বিভিন্ন কারণে হতে পারে এবং এর সঠিক কারণ নির্ণয়ের জন্য একটি বিস্তারিত পরীক্ষা প্রয়োজন। তাই আমি আপনাকে একজন বিশেষজ্ঞ ডাক্তারের সাথে সরাসরি পরামর্শ করার পরামর্শ দিচ্ছি। প্রয়োজনীয় পরীক্ষা-নিরীক্ষা করানো উচিত এবং রিপোর্ট অনুযায়ী চিকিৎসা শুরু করা যেতে পারে। এই সময়ে পর্যাপ্ত বিশ্রাম নিন, প্রচুর পানি পান করুন এবং স্বাস্থ্যকর খাবার খান। ডাক্তারের পরামর্শ ছাড়া কোনো ওষুধ সেবন করবেন না। যদি সমস্যা বাড়তে থাকে বা তীব্র হয়, তাহলে দেরি না করে দ্রুত ডাক্তারের শরণাপন্ন হন। আশা করি এই উত্তরটি আপনাকে সাহায্য করবে। আরও কোনো প্রশ্ন থাকলে নির্দ্বিধায় জিজ্ঞাসা করতে পারেন। ধন্যবাদ।"
110484,"হেলো, নাসেনিয়া ডকে আপনাকে স্বাগতম। আপনার অনুসন্ধানের জন্য ধন্যবাদ। আমি আপনার প্রশ্নটি দেখেছি এবং আপনার উদ্বেগ বুঝতে পেরেছি। আমি যথাসাধ্য আপনাকে সাহায্য করার চেষ্টা করব। আপনার বর্ণনা করা লক্ষণগুলো বিভিন্ন কারণে হতে পারে এবং এর সঠিক কারণ নির্ণয়ের জন্য একটি বিস্তারিত পরীক্ষা প্রয়োজন। তাই আমি আপনাকে একজন বিশেষজ্ঞ ডাক্তারের সাথে সরাসরি পরামর্শ করার পরামর্শ দিচ্ছি। প্রয়োজনীয় পরীক্ষা-নিরীক্ষা করানো উচিত এবং রিপোর্ট অনুযায়ী চিকিৎসা শুরু করা যেতে পারে। এই সময়ে পর্যাপ্ত বিশ্রাম নিন, প্রচুর পানি পান করুন এবং স্বাস্থ্যকর খাবার খান। ডাক্তারের পরামর্শ ছাড়া কোনো ওষুধ সেবন করবেন না। যদি সমস্যা বাড়তে থাকে বা তীব্র হয়, তাহলে দেরি না করে দ্রুত ডাক্তারের শরণাপন্ন হন। আশা করি এই উত্তরটি আপনাকে সাহায্য করবে। আরও কোনো প্রশ্ন থাকলে নির্দ্বিধায় জিজ্ঞাসা করতে পারেন। ধন্যবাদ।"
107663,"হেলো, নাসেনিয়া ডকে আপনাকে স্বাগতম। আপনার অনুসন্ধানের জন্য ধন্যবাদ। আমি আপনার প্রশ্নটি দেখেছি এবং আপনার উদ্বেগ বুঝতে পেরেছি। আমি যথাসাধ্য আপনাকে সাহায্য করার চেষ্টা করব। আপনার বর্ণনা করা লক্ষণগুলো বিভিন্ন কারণে হতে পারে এবং এর সঠিক কারণ নির্ণয়ের জন্য একটি বিস্তারিত পরীক্ষা প্রয়োজন। তাই আমি আপনাকে একজন বিশেষজ্ঞ ডাক্তারের সাথে সরাসরি পরামর্শ করার পরামর্শ দিচ্ছি। প্রয়োজনীয় পরীক্ষা-নিরীক্ষা করানো উচিত এবং রিপোর্ট অনুযায়ী চিকিৎসা শুরু করা যেতে পারে। এই সময়ে পর্যাপ্ত বিশ্রাম নিন, প্রচুর পানি পান করুন এবং স্বাস্থ্যকর খাবার খান। ডাক্তারের পরামর্শ ছাড়া কোনো ওষুধ সেবন করবেন না। যদি সমস্যা বাড়তে থাকে বা তীব্র হয়, তাহলে দেরি না করে দ্রুত ডাক্তারের শরণাপন্ন হন। আশা করি এই উত্তরটি আপনাকে সাহায্য করবে। আরও কোনো প্রশ্ন থাকলে নির্দ্বিধায় জিজ্ঞাসা করতে পারেন। ধন্যবাদ।"
66850,"হেলো, নাসেনিয়া ডকে আপনাকে স্বাগতম। আপনার অনুসন্ধানের জন্য ধন্যবাদ। আমি আপনার প্রশ্নটি দেখেছি এবং আপনার উদ্বেগ বুঝতে পেরেছি। আমি যথাসাধ্য আপনাকে সাহায্য করার চেষ্টা করব। আপনার বর্ণনা করা লক্ষণগুলো বিভিন্ন কারণে হতে পারে এবং এর সঠিক কারণ নির্ণয়ের জন্য একটি বিস্তারিত পরীক্ষা প্রয়োজন। তাই আমি আপনাকে একজন বিশেষজ্ঞ ডাক্তারের সাথে সরাসরি পরামর্শ করার পরামর্শ দিচ্ছি। প্রয়োজনীয় পরীক্ষা-নিরীক্ষা করানো উচিত এবং রিপোর্ট অনুযায়ী চিকিৎসা শুরু করা যেতে পারে। এই সময়ে পর্যাপ্ত বিশ্রাম নিন, প্রচুর পানি পান করুন এবং স্বাস্থ্যকর খাবার খান। ডাক্তারের পরামর্শ ছাড়া কোনো ওষুধ সেবন করবেন না। যদি সমস্যা বাড়তে থাকে বা তীব্র হয়, তাহলে দেরি না করে দ্রুত ডাক্তারের শরণাপন্ন হন। আশা করি এই উত্তরটি আপনাকে সাহায্য করবে। আরও কোনো প্রশ্ন থাকলে নির্দ্বিধায় জিজ্ঞাসা করতে পারেন। ধন্যবাদ।"
65793,"হেলো, নাসেনিয়া ডকে আপনাকে স্বাগতম। আপনার অনুসন্ধানের জন্য ধন্যবাদ। আমি আপনার প্রশ্নটি দেখেছি এবং আপনার উদ্বেগ বুঝতে পেরেছি। আমি যথাসাধ্য আপনাকে সাহায্য করার চেষ্টা করব। আপনার বর্ণনা করা লক্ষণগুলো বিভিন্ন কারণে হতে পারে এবং এর সঠিক কারণ নির্ণয়ের জন্য একটি বিস্তারিত পরীক্ষা প্রয়োজন। তাই আমি আপনাকে একজন বিশেষজ্ঞ ডাক্তারের সাথে সরাসরি পরামর্শ করার পরামর্শ দিচ্ছি। প্রয়োজনীয় পরীক্ষা-নিরীক্ষা করানো উচিত এবং রিপোর্ট অনুযায়ী চিকিৎসা শুরু করা যেতে পারে। এই সময়ে পর্যাপ্ত বিশ্রাম নিন, প্রচুর পানি পান করুন এবং স্বাস্থ্যকর খাবার খান। ডাক্তারের পরামর্শ ছাড়া কোনো ওষুধ সেবন করবেন না। যদি সমস্যা বাড়তে থাকে বা তীব্র হয়, তাহলে দেরি না করে দ্রুত ডাক্তারের শরণাপন্ন হন। আশা করি এই উত্তরটি আপনাকে সাহায্য করবে। আরও কোনো প্রশ্ন থাকলে নির্দ্বিধায় জিজ্ঞাসা করতে পারেন। ধন্যবাদ।"
82944,"হেলো, নাসেনিয়া ডকে আপনাকে স্বাগতম। আপনার অনুসন্ধানের জন্য ধন্যবাদ। আমি আপনার প্রশ্নটি দেখেছি এবং আপনার উদ্বেগ বুঝতে পেরেছি। আমি যথাসাধ্য আপনাকে সাহায্য করার চেষ্টা করব। আপনার বর্ণনা করা লক্ষণগুলো বিভিন্ন কারণে হতে পারে এবং এর সঠিক কারণ নির্ণয়ের জন্য একটি বিস্তারিত পরীক্ষা প্রয়োজন। তাই আমি আপনাকে একজন বিশেষজ্ঞ ডাক্তারের সাথে সরাসরি পরামর্শ করার পরামর্শ দিচ্ছি। প্রয়োজনীয় পরীক্ষা-নিরীক্ষা করানো উচিত এবং রিপোর্ট অনুযায়ী চিকিৎসা শুরু করা যেতে পারে। এই সময়ে পর্যাপ্ত বিশ্রাম নিন, প্রচুর পানি পান করুন এবং স্বাস্থ্যকর খাবার খান। ডাক্তারের পরামর্শ ছাড়া কোনো ওষুধ সেবন করবেন না। যদি সমস্যা বাড়তে থাকে বা তীব্র হয়, তাহলে দেরি না করে দ্রুত ডাক্তারের শরণাপন্ন হন। আশা করি এই উত্তরটি আপনাকে সাহায্য করবে। আরও কোনো প্রশ্ন থাকলে নির্দ্বিধায় জিজ্ঞাসা করতে পারেন। ধন্যবাদ।"
55474,"হেলো, নাসেনিয়া ডকে আপনাকে স্বাগতম। আপনার অনুসন্ধানের জন্য ধন্যবাদ। আমি আপনার প্রশ্নটি দেখেছি এবং আপনার উদ্বেগ বুঝতে পেরেছি। আমি যথাসাধ্য আপনাকে সাহায্য করার চেষ্টা করব। আপনার বর্ণনা করা লক্ষণগুলো বিভিন্ন কারণে হতে পারে এবং এর সঠিক কারণ নির্ণয়ের জন্য একটি বিস্তারিত পরীক্ষা প্রয়োজন। তাই আমি আপনাকে একজন বিশেষজ্ঞ ডাক্তারের সাথে সরাসরি পরামর্শ করার পরামর্শ দিচ্ছি। প্রয়োজনীয় পরীক্ষা-নিরীক্ষা করানো উচিত এবং রিপোর্ট অনুযায়ী চিকিৎসা শুরু করা যেতে পারে। এই সময়ে পর্যাপ্ত বিশ্রাম নিন, প্রচুর পানি পান করুন এবং স্বাস্থ্যকর খাবার খান। ডাক্তারের পরামর্শ ছাড়া কোনো ওষুধ সেবন করবেন না। যদি সমস্যা বাড়তে থাকে বা তীব্র হয়, তাহলে দেরি না করে দ্রুত ডাক্তারের শরণাপন্ন হন। আশা করি এই উত্তরটি আপনাকে সাহায্য করবে। আরও কোনো প্রশ্ন থাকলে নির্দ্বিধায় জিজ্ঞাসা করতে পারেন। ধন্যবাদ।"
7972,"হেলো, নাসেনিয়া ডকে আপনাকে স্বাগতম। আপনার অনুসন্ধানের জন্য ধন্যবাদ। আমি আপনার প্রশ্নটি দেখেছি এবং আপনার উদ্বেগ বুঝতে পেরেছি। আমি যথাসাধ্য আপনাকে সাহায্য করার চেষ্টা করব। আপনার বর্ণনা করা লক্ষণগুলো বিভিন্ন কারণে হতে পারে এবং এর সঠিক কারণ নির্ণয়ের জন্য একটি বিস্তারিত পরীক্ষা প্রয়োজন। তাই আমি আপনাকে একজন বিশেষজ্ঞ ডাক্তারের সাথে সরাসরি পরামর্শ করার পরামর্শ দিচ্ছি। প্রয়োজনীয় পরীক্ষা-নিরীক্ষা করানো উচিত এবং রিপোর্ট অনুযায়ী চিকিৎসা শুরু করা যেতে পারে। এই সময়ে পর্যাপ্ত বিশ্রাম নিন, প্রচুর পানি পান করুন এবং স্বাস্থ্যকর খাবার খান। ডাক্তারের পরামর্শ ছাড়া কোনো ওষুধ সেবন করবেন না। যদি সমস্যা বাড়তে থাকে বা তীব্র হয়, তাহলে দেরি না করে দ্রুত ডাক্তারের শরণাপন্ন হন। আশা করি এই উত্তরটি আপনাকে সাহায্য করবে। আরও কোনো প্রশ্ন থাকলে নির্দ্বিধায় জিজ্ঞাসা করতে পারেন। ধন্যবাদ।"
92744,"হেলো, নাসেনিয়া ডকে আপনাকে স্বাগতম। আপনার অনুসন্ধানের জন্য ধন্যবাদ। আমি আপনার প্রশ্নটি দেখেছি এবং আপনার উদ্বেগ বুঝতে পেরেছি। আমি যথাসাধ্য আপনাকে সাহায্য করার চেষ্টা করব। আপনার বর্ণনা করা লক্ষণগুলো বিভিন্ন কারণে হতে পারে এবং এর সঠিক কারণ নির্ণয়ের জন্য একটি বিস্তারিত পরীক্ষা প্রয়োজন। তাই আমি আপনাকে একজন বিশেষজ্ঞ ডাক্তারের সাথে সরাসরি পরামর্শ করার পরামর্শ দিচ্ছি। প্রয়োজনীয় পরীক্ষা-নিরীক্ষা করানো উচিত এবং রিপোর্ট অনুযায়ী চিকিৎসা শুরু করা যেতে পারে। এই সময়ে পর্যাপ্ত বিশ্রাম নিন, প্রচুর পানি পান করুন এবং স্বাস্থ্যকর খাবার খান। ডাক্তারের পরামর্শ ছাড়া কোনো ওষুধ সেবন করবেন না। যদি সমস্যা বাড়তে থাকে বা তীব্র হয়, তাহলে দেরি না করে দ্রুত ডাক্তারের শরণাপন্ন হন। আশা করি এই উত্তরটি আপনাকে সাহায্য করবে। আরও কোনো প্রশ্ন থাকলে নির্দ্বিধায় জিজ্ঞাসা করতে পারেন। ধন্যবাদ।"
13117,"হেলো, নাসেনিয়া ডকে আপনাকে স্বাগতম। আপনার অনুসন্ধানের জন্য ধন্যবাদ। আমি আপনার প্রশ্নটি দেখেছি এবং আপনার উদ্বেগ বুঝতে পেরেছি। আমি যথাসাধ্য আপনাকে সাহায্য করার চেষ্টা করব। আপনার বর্ণনা করা লক্ষণগুলো বিভিন্ন কারণে হতে পারে এবং এর সঠিক কারণ নির্ণয়ের জন্য একটি বিস্তারিত পরীক্ষা প্রয়োজন। তাই আমি আপনাকে একজন বিশেষজ্ঞ ডাক্তারের সাথে সরাসরি পরামর্শ করার পরামর্শ দিচ্ছি। প্রয়োজনীয় পরীক্ষা-নিরীক্ষা করানো উচিত এবং রিপোর্ট অনুযায়ী চিকিৎসা শুরু করা যেতে পারে। এই সময়ে পর্যাপ্ত বিশ্রাম নিন, প্রচুর পানি পান করুন এবং স্বাস্থ্যকর খাবার খান। ডাক্তারের পরামর্শ ছাড়া কোনো ওষুধ সেবন করবেন না। যদি সমস্যা বাড়তে থাকে বা তীব্র হয়, তাহলে দেরি না করে দ্রুত ডাক্তারের শরণাপন্ন হন। আশা করি এই উত্তরটি আপনাকে সাহায্য করবে। আরও কোনো প্রশ্ন থাকলে নির্দ্বিধায় জিজ্ঞাসা করতে পারেন। ধন্যবাদ।"
5471,"হেলো, নাসেনিয়া ডকে আপনাকে স্বাগতম। আপনার অনুসন্ধানের জন্য ধন্যবাদ। আমি আপনার প্রশ্নটি দেখেছি এবং আপনার উদ্বেগ বুঝতে পেরেছি। আমি যথাসাধ্য আপনাকে সাহায্য করার চেষ্টা করব। আপনার বর্ণনা করা লক্ষণগুলো বিভিন্ন কারণে হতে পারে এবং এর সঠিক কারণ নির্ণয়ের জন্য একটি বিস্তারিত পরীক্ষা প্রয়োজন। তাই আমি আপনাকে একজন বিশেষজ্ঞ ডাক্তারের সাথে সরাসরি পরামর্শ করার পরামর্শ দিচ্ছি। প্রয়োজনীয় পরীক্ষা-নিরীক্ষা করানো উচিত এবং রিপোর্ট অনুযায়ী চিকিৎসা শুরু করা যেতে পারে। এই সময়ে পর্যাপ্ত বিশ্রাম নিন, প্রচুর পানি পান করুন এবং স্বাস্থ্যকর খাবার খান। ডাক্তারের পরামর্শ ছাড়া কোনো ওষুধ সেবন করবেন না। যদি সমস্যা বাড়তে থাকে বা তীব্র হয়, তাহলে দেরি না করে দ্রুত ডাক্তারের শরণাপন্ন হন। আশা করি এই উত্তরটি আপনাকে সাহায্য করবে। আরও কোনো প্রশ্ন থাকলে নির্দ্বিধায় জিজ্ঞাসা করতে পারেন। ধন্যবাদ।"
103157,"হেলো, নাসেনিয়া ডকে আপনাকে স্বাগতম। আপনার অনুসন্ধানের জন্য ধন্যবাদ। আমি আপনার প্রশ্নটি দেখেছি এবং আপনার উদ্বেগ বুঝতে পেরেছি। আমি যথাসাধ্য আপনাকে সাহায্য করার চেষ্টা করব। আপনার বর্ণনা করা লক্ষণগুলো বিভিন্ন কারণে হতে পারে এবং এর সঠিক কারণ নির্ণয়ের জন্য একটি বিস্তারিত পরীক্ষা প্রয়োজন। তাই আমি আপনাকে একজন বিশেষজ্ঞ ডাক্তারের সাথে সরাসরি পরামর্শ করার পরামর্শ দিচ্ছি। প্রয়োজনীয় পরীক্ষা-নিরীক্ষা করানো উচিত এবং রিপোর্ট অনুযায়ী চিকিৎসা শুরু করা যেতে পারে। এই সময়ে পর্যাপ্ত বিশ্রাম নিন, প্রচুর পানি পান করুন এবং স্বাস্থ্যকর খাবার খান। ডাক্তারের পরামর্শ ছাড়া কোনো ওষুধ সেবন করবেন না। যদি সমস্যা বাড়তে থাকে বা তীব্র হয়, তাহলে দেরি না করে দ্রুত ডাক্তারের শরণাপন্ন হন। আশা করি এই উত্তরটি আপনাকে সাহায্য করবে। আরও কোনো প্রশ্ন থাকলে নির্দ্বিধায় জিজ্ঞাসা করতে পারেন। ধন্যবাদ।"
62273,"হেলো, নাসেনিয়া ডকে আপনাকে স্বাগতম। আপনার অনুসন্ধানের জন্য ধন্যবাদ। আমি আপনার প্রশ্নটি দেখেছি এবং আপনার উদ্বেগ বুঝতে পেরেছি। আমি যথাসাধ্য আপনাকে সাহায্য করার চেষ্টা করব। আপনার বর্ণনা করা লক্ষণগুলো বিভিন্ন কারণে হতে পারে এবং এর সঠিক কারণ নির্ণয়ের জন্য একটি বিস্তারিত পরীক্ষা প্রয়োজন। তাই আমি আপনাকে একজন বিশেষজ্ঞ ডাক্তারের সাথে সরাসরি পরামর্শ করার পরামর্শ দিচ্ছি। প্রয়োজনীয় পরীক্ষা-নিরীক্ষা করানো উচিত এবং রিপোর্ট অনুযায়ী চিকিৎসা শুরু করা যেতে পারে। এই সময়ে পর্যাপ্ত বিশ্রাম নিন, প্রচুর পানি পান করুন এবং স্বাস্থ্যকর খাবার খান। ডাক্তারের পরামর্শ ছাড়া কোনো ওষুধ সেবন করবেন না। যদি সমস্যা বাড়তে থাকে বা তীব্র হয়, তাহলে দেরি না করে দ্রুত ডাক্তারের শরণাপন্ন হন। আশা করি এই উত্তরটি আপনাকে সাহায্য করবে। আরও কোনো প্রশ্ন থাকলে নির্দ্বিধায় জিজ্ঞাসা করতে পারেন। ধন্যবাদ।"
44275,"হেলো, নাসেনিয়া ডকে আপনাকে স্বাগতম। আপনার অনুসন্ধানের জন্য ধন্যবাদ। আমি আপনার প্রশ্নটি দেখেছি এবং আপনার উদ্বেগ বুঝতে পেরেছি। আমি যথাসাধ্য আপনাকে সাহায্য করার চেষ্টা করব। আপনার বর্ণনা করা লক্ষণগুলো বিভিন্ন কারণে হতে পারে এবং এর সঠিক কারণ নির্ণয়ের জন্য একটি বিস্তারিত পরীক্ষা প্রয়োজন। তাই আমি আপনাকে একজন বিশেষজ্ঞ ডাক্তারের সাথে সরাসরি পরামর্শ করার পরামর্শ দিচ্ছি। প্রয়োজনীয় পরীক্ষা-নিরীক্ষা করানো উচিত এবং রিপোর্ট অনুযায়ী চিকিৎসা শুরু করা যেতে পারে। এই সময়ে পর্যাপ্ত বিশ্রাম নিন, প্রচুর পানি পান করুন এবং স্বাস্থ্যকর খাবার খান। ডাক্তারের পরামর্শ ছাড়া কোনো ওষুধ সেবন করবেন না। যদি সমস্যা বাড়তে থাকে বা তীব্র হয়, তাহলে দেরি না করে দ্রুত ডাক্তারের শরণাপন্ন হন। আশা করি এই উত্তরটি আপনাকে সাহায্য করবে। আরও কোনো প্রশ্ন থাকলে নির্দ্বিধায় জিজ্ঞাসা করতে পারেন। ধন্যবাদ।"
4347,"হেলো, নাসেনিয়া ডকে আপনাকে স্বাগতম। আপনার অনুসন্ধানের জন্য ধন্যবাদ। আমি আপনার প্রশ্নটি দেখেছি এবং আপনার উদ্বেগ বুঝতে পেরেছি। আমি যথাসাধ্য আপনাকে সাহায্য করার চেষ্টা করব। আপনার বর্ণনা করা লক্ষণগুলো বিভিন্ন কারণে হতে পারে এবং এর সঠিক কারণ নির্ণয়ের জন্য একটি বিস্তারিত পরীক্ষা প্রয়োজন। তাই আমি আপনাকে একজন বিশেষজ্ঞ ডাক্তারের সাথে সরাসরি পরামর্শ করার পরামর্শ দিচ্ছি। প্রয়োজনীয় পরীক্ষা-নিরীক্ষা করানো উচিত এবং রিপোর্ট অনুযায়ী চিকিৎসা শুরু করা যেতে পারে। এই সময়ে পর্যাপ্ত বিশ্রাম নিন, প্রচুর পানি পান করুন এবং স্বাস্থ্যকর খাবার খান। ডাক্তারের পরামর্শ ছাড়া কোনো ওষুধ সেবন করবেন না। যদি সমস্যা বাড়তে থাকে বা তীব্র হয়, তাহলে দেরি না করে দ্রুত ডাক্তারের শরণাপন্ন হন। আশা করি এই উত্তরটি আপনাকে সাহায্য করবে। আরও কোনো প্রশ্ন থাকলে নির্দ্বিধায় জিজ্ঞাসা করতে পারেন। ধন্যবাদ।"
31517,"হেলো, নাসেনিয়া ডকে আপনাকে স্বাগতম। আপনার অনুসন্ধানের জন্য ধন্যবাদ। আমি আপনার প্রশ্নটি দেখেছি এবং আপনার উদ্বেগ বুঝতে পেরেছি। আমি যথাসাধ্য আপনাকে সাহায্য করার চেষ্টা করব। আপনার বর্ণনা করা লক্ষণগুলো বিভিন্ন কারণে হতে পারে এবং এর সঠিক কারণ নির্ণয়ের জন্য একটি বিস্তারিত পরীক্ষা প্রয়োজন। তাই আমি আপনাকে একজন বিশেষজ্ঞ ডাক্তারের সাথে সরাসরি পরামর্শ করার পরামর্শ দিচ্ছি। প্রয়োজনীয় পরীক্ষা-নিরীক্ষা করানো উচিত এবং রিপোর্ট অনুযায়ী চিকিৎসা শুরু করা যেতে পারে। এই সময়ে পর্যাপ্ত বিশ্রাম নিন, প্রচুর পানি পান করুন এবং স্বাস্থ্যকর খাবার খান। ডাক্তারের পরামর্শ ছাড়া কোনো ওষুধ সেবন করবেন না। যদি সমস্যা বাড়তে থাকে বা তীব্র হয়, তাহলে দেরি না করে দ্রুত ডাক্তারের শরণাপন্ন হন। আশা করি এই উত্তরটি আপনাকে সাহায্য করবে। আরও কোনো প্রশ্ন থাকলে নির্দ্বিধায় জিজ্ঞাসা করতে পারেন। ধন্যবাদ।"
33697,"হেলো, নাসেনিয়া ডকে আপনাকে স্বাগতম। আপনার অনুসন্ধানের জন্য ধন্যবাদ। আমি আপনার প্রশ্নটি দেখেছি এবং আপনার উদ্বেগ বুঝতে পেরেছি। আমি যথাসাধ্য আপনাকে সাহায্য করার চেষ্টা করব। আপনার বর্ণনা করা লক্ষণগুলো বিভিন্ন কারণে হতে পারে এবং এর সঠিক কারণ নির্ণয়ের জন্য একটি বিস্তারিত পরীক্ষা প্রয়োজন। তাই আমি আপনাকে একজন বিশেষজ্ঞ ডাক্তারের সাথে সরাসরি পরামর্শ করার পরামর্শ দিচ্ছি। প্রয়োজনীয় পরীক্ষা-নিরীক্ষা করানো উচিত এবং রিপোর্ট অনুযায়ী চিকিৎসা শুরু করা যেতে পারে। এই সময়ে পর্যাপ্ত বিশ্রাম নিন, প্রচুর পানি পান করুন এবং স্বাস্থ্যকর খাবার খান। ডাক্তারের পরামর্শ ছাড়া কোনো ওষুধ সেবন করবেন না। যদি সমস্যা বাড়তে থাকে বা তীব্র হয়, তাহলে দেরি না করে দ্রুত ডাক্তারের শরণাপন্ন হন। আশা করি এই উত্তরটি আপনাকে সাহায্য করবে। আরও কোনো প্রশ্ন থাকলে নির্দ্বিধায় জিজ্ঞাসা করতে পারেন। ধন্যবাদ।"
3421,"হেলো, নাসেনিয়া ডকে আপনাকে স্বাগতম। আপনার অনুসন্ধানের জন্য ধন্যবাদ। আমি আপনার প্রশ্নটি দেখেছি এবং আপনার উদ্বেগ বুঝতে পেরেছি। আমি যথাসাধ্য আপনাকে সাহায্য করার চেষ্টা করব। আপনার বর্ণনা করা লক্ষণগুলো বিভিন্ন কারণে হতে পারে এবং এর সঠিক কারণ নির্ণয়ের জন্য একটি বিস্তারিত পরীক্ষা প্রয়োজন। তাই আমি আপনাকে একজন বিশেষজ্ঞ ডাক্তারের সাথে সরাসরি পরামর্শ করার পরামর্শ দিচ্ছি। প্রয়োজনীয় পরীক্ষা-নিরীক্ষা করানো উচিত এবং রিপোর্ট অনুযায়ী চিকিৎসা শুরু করা যেতে পারে। এই সময়ে পর্যাপ্ত বিশ্রাম নিন, প্রচুর পানি পান করুন এবং স্বাস্থ্যকর খাবার খান। ডাক্তারের পরামর্শ ছাড়া কোনো ওষুধ সেবন করবেন না। যদি সমস্যা বাড়তে থাকে বা তীব্র হয়, তাহলে দেরি না করে দ্রুত ডাক্তারের শরণাপন্ন হন। আশা করি এই উত্তরটি আপনাকে সাহায্য করবে। আরও কোনো প্রশ্ন থাকলে নির্দ্বিধায় জিজ্ঞাসা করতে পারেন। ধন্যবাদ।"
82936,"হেলো, নাসেনিয়া ডকে আপনাকে স্বাগতম। আপনার অনুসন্ধানের জন্য ধন্যবাদ। আমি আপনার প্রশ্নটি দেখেছি এবং আপনার উদ্বেগ বুঝতে পেরেছি। আমি যথাসাধ্য আপনাকে সাহায্য করার চেষ্টা করব। আপনার বর্ণনা করা লক্ষণগুলো বিভিন্ন কারণে হতে পারে এবং এর সঠিক কারণ নির্ণয়ের জন্য একটি বিস্তারিত পরীক্ষা প্রয়োজন। তাই আমি আপনাকে একজন বিশেষজ্ঞ ডাক্তারের সাথে সরাসরি পরামর্শ করার পরামর্শ দিচ্ছি। প্রয়োজনীয় পরীক্ষা-নিরীক্ষা করানো উচিত এবং রিপোর্ট অনুযায়ী চিকিৎসা শুরু করা যেতে পারে। এই সময়ে পর্যাপ্ত বিশ্রাম নিন, প্রচুর পানি পান করুন এবং স্বাস্থ্যকর খাবার খান। ডাক্তারের পরামর্শ ছাড়া কোনো ওষুধ সেবন করবেন না। যদি সমস্যা বাড়তে থাকে বা তীব্র হয়, তাহলে দেরি না করে দ্রুত ডাক্তারের শরণাপন্ন হন। আশা করি এই উত্তরটি আপনাকে সাহায্য করবে। আরও কোনো প্রশ্ন থাকলে নির্দ্বিধায় জিজ্ঞাসা করতে পারেন। ধন্যবাদ।"
110097,"হেলো, নাসেনিয়া ডকে আপনাকে স্বাগতম। আপনার অনুসন্ধানের জন্য ধন্যবাদ। আমি আপনার প্রশ্নটি দেখেছি এবং আপনার উদ্বেগ বুঝতে পেরেছি। আমি যথাসাধ্য আপনাকে সাহায্য করার চেষ্টা করব। আপনার বর্ণনা করা লক্ষণগুলো বিভিন্ন কারণে হতে পারে এবং এর সঠিক কারণ নির্ণয়ের জন্য একটি বিস্তারিত পরীক্ষা প্রয়োজন। তাই আমি আপনাকে একজন বিশেষজ্ঞ ডাক্তারের সাথে সরাসরি পরামর্শ করার পরামর্শ দিচ্ছি। প্রয়োজনীয় পরীক্ষা-নিরীক্ষা করানো উচিত এবং রিপোর্ট অনুযায়ী চিকিৎসা শুরু করা যেতে পারে। এই সময়ে পর্যাপ্ত বিশ্রাম নিন, প্রচুর পানি পান করুন এবং স্বাস্থ্যকর খাবার খান। ডাক্তারের পরামর্শ ছাড়া কোনো ওষুধ সেবন করবেন না। যদি সমস্যা বাড়তে থাকে বা তীব্র হয়, তাহলে দেরি না করে দ্রুত ডাক্তারের শরণাপন্ন হন। আশা করি এই উত্তরটি আপনাকে সাহায্য করবে। আরও কোনো প্রশ্ন থাকলে নির্দ্বিধায় জিজ্ঞাসা করতে পারেন। ধন্যবাদ।"
35434,"হেলো, নাসেনিয়া ডকে আপনাকে স্বাগতম। আপনার অনুসন্ধানের জন্য ধন্যবাদ। আমি আপনার প্রশ্নটি দেখেছি এবং আপনার উদ্বেগ বুঝতে পেরেছি। আমি যথাসাধ্য আপনাকে সাহায্য করার চেষ্টা করব। আপনার বর্ণনা করা লক্ষণগুলো বিভিন্ন কারণে হতে পারে এবং এর সঠিক কারণ নির্ণয়ের জন্য একটি বিস্তারিত পরীক্ষা প্রয়োজন। তাই আমি আপনাকে একজন বিশেষজ্ঞ ডাক্তারের সাথে সরাসরি পরামর্শ করার পরামর্শ দিচ্ছি। প্রয়োজনীয় পরীক্ষা-নিরীক্ষা করানো উচিত এবং রিপোর্ট অনুযায়ী চিকিৎসা শুরু করা যেতে পারে। এই সময়ে পর্যাপ্ত বিশ্রাম নিন, প্রচুর পানি পান করুন এবং স্বাস্থ্যকর খাবার খান। ডাক্তারের পরামর্শ ছাড়া কোনো ওষুধ সেবন করবেন না। যদি সমস্যা বাড়তে থাকে বা তীব্র হয়, তাহলে দেরি না করে দ্রুত ডাক্তারের শরণাপন্ন হন। আশা করি এই উত্তরটি আপনাকে সাহায্য করবে। আরও কোনো প্রশ্ন থাকলে নির্দ্বিধায় জিজ্ঞাসা করতে পারেন। ধন্যবাদ।"
64109,"হেলো, নাসেনিয়া ডকে আপনাকে স্বাগতম। আপনার অনুসন্ধানের জন্য ধন্যবাদ। আমি আপনার প্রশ্নটি দেখেছি এবং আপনার উদ্বেগ বুঝতে পেরেছি। আমি যথাসাধ্য আপনাকে সাহায্য করার চেষ্টা করব। আপনার বর্ণনা করা লক্ষণগুলো বিভিন্ন কারণে হতে পারে এবং এর সঠিক কারণ নির্ণয়ের জন্য একটি বিস্তারিত পরীক্ষা প্রয়োজন। তাই আমি আপনাকে একজন বিশেষজ্ঞ ডাক্তারের সাথে সরাসরি পরামর্শ করার পরামর্শ দিচ্ছি। প্রয়োজনীয় পরীক্ষা-নিরীক্ষা করানো উচিত এবং রিপোর্ট অনুযায়ী চিকিৎসা শুরু করা যেতে পারে। এই সময়ে পর্যাপ্ত বিশ্রাম নিন, প্রচুর পানি পান করুন এবং স্বাস্থ্যকর খাবার খান। ডাক্তারের পরামর্শ ছাড়া কোনো ওষুধ সেবন করবেন না। যদি সমস্যা বাড়তে থাকে বা তীব্র হয়, তাহলে দেরি না করে দ্রুত ডাক্তারের শরণাপন্ন হন। আশা করি এই উত্তরটি আপনাকে সাহায্য করবে। আরও কোনো প্রশ্ন থাকলে নির্দ্বিধায় জিজ্ঞাসা করতে পারেন। ধন্যবাদ।"
9521,"হেলো, নাসেনিয়া ডকে আপনাকে স্বাগতম। আপনার অনুসন্ধানের জন্য ধন্যবাদ। আমি আপনার প্রশ্নটি দেখেছি এবং আপনার উদ্বেগ বুঝতে পেরেছি। আমি যথাসাধ্য আপনাকে সাহায্য করার চেষ্টা করব। আপনার বর্ণনা করা লক্ষণগুলো বিভিন্ন কারণে হতে পারে এবং এর সঠিক কারণ নির্ণয়ের জন্য একটি বিস্তারিত পরীক্ষা প্রয়োজন। তাই আমি আপনাকে একজন বিশেষজ্ঞ ডাক্তারের সাথে সরাসরি পরামর্শ করার পরামর্শ দিচ্ছি। প্রয়োজনীয় পরীক্ষা-নিরীক্ষা করানো উচিত এবং রিপোর্ট অনুযায়ী চিকিৎসা শুরু করা যেতে পারে। এই সময়ে পর্যাপ্ত বিশ্রাম নিন, প্রচুর পানি পান করুন এবং স্বাস্থ্যকর খাবার খান। ডাক্তারের পরামর্শ ছাড়া কোনো ওষুধ সেবন করবেন না। যদি সমস্যা বাড়তে থাকে বা তীব্র হয়, তাহলে দেরি না করে দ্রুত ডাক্তারের শরণাপন্ন হন। আশা করি এই উত্তরটি আপনাকে সাহায্য করবে। আরও কোনো প্রশ্ন থাকলে নির্দ্বিধায় জিজ্ঞাসা করতে পারেন। ধন্যবাদ।"
19739,"হেলো, নাসেনিয়া ডকে আপনাকে স্বাগতম। আপনার অনুসন্ধানের জন্য ধন্যবাদ। আমি আপনার প্রশ্নটি দেখেছি এবং আপনার উদ্বেগ বুঝতে পেরেছি। আমি যথাসাধ্য আপনাকে সাহায্য করার চেষ্টা করব। আপনার বর্ণনা করা লক্ষণগুলো বিভিন্ন কারণে হতে পারে এবং এর সঠিক কারণ নির্ণয়ের জন্য একটি বিস্তারিত পরীক্ষা প্রয়োজন। তাই আমি আপনাকে একজন বিশেষজ্ঞ ডাক্তারের সাথে সরাসরি পরামর্শ করার পরামর্শ দিচ্ছি। প্রয়োজনীয় পরীক্ষা-নিরীক্ষা করানো উচিত এবং রিপোর্ট অনুযায়ী চিকিৎসা শুরু করা যেতে পারে। এই সময়ে পর্যাপ্ত বিশ্রাম নিন, প্রচুর পানি পান করুন এবং স্বাস্থ্যকর খাবার খান। ডাক্তারের পরামর্শ ছাড়া কোনো ওষুধ সেবন করবেন না। যদি সমস্যা বাড়তে থাকে বা তীব্র হয়, তাহলে দেরি না করে দ্রুত ডাক্তারের শরণাপন্ন হন। আশা করি এই উত্তরটি আপনাকে সাহায্য করবে। আরও কোনো প্রশ্ন থাকলে নির্দ্বিধায় জিজ্ঞাসা করতে পারেন। ধন্যবাদ।"
92819,"হেলো, নাসেনিয়া ডকে আপনাকে স্বাগতম। আপনার অনুসন্ধানের জন্য ধন্যবাদ। আমি আপনার প্রশ্নটি দেখেছি এবং আপনার উদ্বেগ বুঝতে পেরেছি। আমি যথাসাধ্য আপনাকে সাহায্য করার চেষ্টা করব। আপনার বর্ণনা করা লক্ষণগুলো বিভিন্ন কারণে হতে পারে এবং এর সঠিক কারণ নির্ণয়ের জন্য একটি বিস্তারিত পরীক্ষা প্রয়োজন। তাই আমি আপনাকে একজন বিশেষজ্ঞ ডাক্তারের সাথে সরাসরি পরামর্শ করার পরামর্শ দিচ্ছি। প্রয়োজনীয় পরীক্ষা-নিরীক্ষা করানো উচিত এবং রিপোর্ট অনুযায়ী চিকিৎসা শুরু করা যেতে পারে। এই সময়ে পর্যাপ্ত বিশ্রাম নিন, প্রচুর পানি পান করুন এবং স্বাস্থ্যকর খাবার খান। ডাক্তারের পরামর্শ ছাড়া কোনো ওষুধ সেবন করবেন না। যদি সমস্যা বাড়তে থাকে বা তীব্র হয়, তাহলে দেরি না করে দ্রুত ডাক্তারের শরণাপন্ন হন। আশা করি এই উত্তরটি আপনাকে সাহায্য করবে। আরও কোনো প্রশ্ন থাকলে নির্দ্বিধায় জিজ্ঞাসা করতে পারেন। ধন্যবাদ।"
76607,"হেলো, নাসেনিয়া ডকে আপনাকে স্বাগতম। আপনার অনুসন্ধানের জন্য ধন্যবাদ। আমি আপনার প্রশ্নটি দেখেছি এবং আপনার উদ্বেগ বুঝতে পেরেছি। আমি যথাসাধ্য আপনাকে সাহায্য করার চেষ্টা করব। আপনার বর্ণনা করা লক্ষণগুলো বিভিন্ন কারণে হতে পারে এবং এর সঠিক কারণ নির্ণয়ের জন্য একটি বিস্তারিত পরীক্ষা প্রয়োজন। তাই আমি আপনাকে একজন বিশেষজ্ঞ ডাক্তারের সাথে সরাসরি পরামর্শ করার পরামর্শ দিচ্ছি। প্রয়োজনীয় পরীক্ষা-নিরীক্ষা করানো উচিত এবং রিপোর্ট অনুযায়ী চিকিৎসা শুরু করা যেতে পারে। এই সময়ে পর্যাপ্ত বিশ্রাম নিন, প্রচুর পানি পান করুন এবং স্বাস্থ্যকর খাবার খান। ডাক্তারের পরামর্শ ছাড়া কোনো ওষুধ সেবন করবেন না। যদি সমস্যা বাড়তে থাকে বা তীব্র হয়, তাহলে দেরি না করে দ্রুত ডাক্তারের শরণাপন্ন হন। আশা করি এই উত্তরটি আপনাকে সাহায্য করবে। আরও কোনো প্রশ্ন থাকলে নির্দ্বিধায় জিজ্ঞাসা করতে পারেন। ধন্যবাদ।"
81440,"হেলো, নাসেনিয়া ডকে আপনাকে স্বাগতম। আপনার অনুসন্ধানের জন্য ধন্যবাদ। আমি আপনার প্রশ্নটি দেখেছি এবং আপনার উদ্বেগ বুঝতে পেরেছি। আমি যথাসাধ্য আপনাকে সাহায্য করার চেষ্টা করব। আপনার বর্ণনা করা লক্ষণগুলো বিভিন্ন কারণে হতে পারে এবং এর সঠিক কারণ নির্ণয়ের জন্য একটি বিস্তারিত পরীক্ষা প্রয়োজন। তাই আমি আপনাকে একজন বিশেষজ্ঞ ডাক্তারের সাথে সরাসরি পরামর্শ করার পরামর্শ দিচ্ছি। প্রয়োজনীয় পরীক্ষা-নিরীক্ষা করানো উচিত এবং রিপোর্ট অনুযায়ী চিকিৎসা শুরু করা যেতে পারে। এই সময়ে পর্যাপ্ত বিশ্রাম নিন, প্রচুর পানি পান করুন এবং স্বাস্থ্যকর খাবার খান। ডাক্তারের পরামর্শ ছাড়া কোনো ওষুধ সেবন করবেন না। যদি সমস্যা বাড়তে থাকে বা তীব্র হয়, তাহলে দেরি না করে দ্রুত ডাক্তারের শরণাপন্ন হন। আশা করি এই উত্তরটি আপনাকে সাহায্য করবে। আরও কোনো প্রশ্ন থাকলে নির্দ্বিধায় জিজ্ঞাসা করতে পারেন। ধন্যবাদ।"
108849,"হেলো, নাসেনিয়া ডকে আপনাকে স্বাগতম। আপনার অনুসন্ধানের জন্য ধন্যবাদ। আমি আপনার প্রশ্নটি দেখেছি এবং আপনার উদ্বেগ বুঝতে পেরেছি। আমি যথাসাধ্য আপনাকে সাহায্য করার চেষ্টা করব। আপনার বর্ণনা করা লক্ষণগুলো বিভিন্ন কারণে হতে পারে এবং এর সঠিক কারণ নির্ণয়ের জন্য একটি বিস্তারিত পরীক্ষা প্রয়োজন। তাই আমি আপনাকে একজন বিশেষজ্ঞ ডাক্তারের সাথে সরাসরি পরামর্শ করার পরামর্শ দিচ্ছি। প্রয়োজনীয় পরীক্ষা-নিরীক্ষা করানো উচিত এবং রিপোর্ট অনুযায়ী চিকিৎসা শুরু করা যেতে পারে। এই সময়ে পর্যাপ্ত বিশ্রাম নিন, প্রচুর পানি পান করুন এবং স্বাস্থ্যকর খাবার খান। ডাক্তারের পরামর্শ ছাড়া কোনো ওষুধ সেবন করবেন না। যদি সমস্যা বাড়তে থাকে বা তীব্র হয়, তাহলে দেরি না করে দ্রুত ডাক্তারের শরণাপন্ন হন। আশা করি এই উত্তরটি আপনাকে সাহায্য করবে। আরও কোনো প্রশ্ন থাকলে নির্দ্বিধায় জিজ্ঞাসা করতে পারেন। ধন্যবাদ।"
91578,"হেলো, নাসেনিয়া ডকে আপনাকে স্বাগতম। আপনার অনুসন্ধানের জন্য ধন্যবাদ। আমি আপনার প্রশ্নটি দেখেছি এবং আপনার উদ্বেগ বুঝতে পেরেছি। আমি যথাসাধ্য আপনাকে সাহায্য করার চেষ্টা করব। আপনার বর্ণনা করা লক্ষণগুলো বিভিন্ন কারণে হতে পারে এবং এর সঠিক কারণ নির্ণয়ের জন্য একটি বিস্তারিত পরীক্ষা প্রয়োজন। তাই আমি আপনাকে একজন বিশেষজ্ঞ ডাক্তারের সাথে সরাসরি পরামর্শ করার পরামর্শ দিচ্ছি। প্রয়োজনীয় পরীক্ষা-নিরীক্ষা করানো উচিত এবং রিপোর্ট অনুযায়ী চিকিৎসা শুরু করা যেতে পারে। এই সময়ে পর্যাপ্ত বিশ্রাম নিন, প্রচুর পানি পান করুন এবং স্বাস্থ্যকর খাবার খান। ডাক্তারের পরামর্শ ছাড়া কোনো ওষুধ সেবন করবেন না। যদি সমস্যা বাড়তে থাকে বা তীব্র হয়, তাহলে দেরি না করে দ্রুত ডাক্তারের শরণাপন্ন হন। আশা করি এই উত্তরটি আপনাকে সাহায্য করবে। আরও কোনো প্রশ্ন থাকলে নির্দ্বিধায় জিজ্ঞাসা করতে পারেন। ধন্যবাদ।"
102665,"হেলো, নাসেনিয়া ডকে আপনাকে স্বাগতম। আপনার অনুসন্ধানের জন্য ধন্যবাদ। আমি আপনার প্রশ্নটি দেখেছি এবং আপনার উদ্বেগ বুঝতে পেরেছি। আমি যথাসাধ্য আপনাকে সাহায্য করার চেষ্টা করব। আপনার বর্ণনা করা লক্ষণগুলো বিভিন্ন কারণে হতে পারে এবং এর সঠিক কারণ নির্ণয়ের জন্য একটি বিস্তারিত পরীক্ষা প্রয়োজন। তাই আমি আপনাকে একজন বিশেষজ্ঞ ডাক্তারের সাথে সরাসরি পরামর্শ করার পরামর্শ দিচ্ছি। প্রয়োজনীয় পরীক্ষা-নিরীক্ষা করানো উচিত এবং রিপোর্ট অনুযায়ী চিকিৎসা শুরু করা যেতে পারে। এই সময়ে পর্যাপ্ত বিশ্রাম নিন, প্রচুর পানি পান করুন এবং স্বাস্থ্যকর খাবার খান। ডাক্তারের পরামর্শ ছাড়া কোনো ওষুধ সেবন করবেন না। যদি সমস্যা বাড়তে থাকে বা তীব্র হয়, তাহলে দেরি না করে দ্রুত ডাক্তারের শরণাপন্ন হন। আশা করি এই উত্তরটি আপনাকে সাহায্য করবে। আরও কোনো প্রশ্ন থাকলে নির্দ্বিধায় জিজ্ঞাসা করতে পারেন। ধন্যবাদ।"
25143,"হেলো, নাসেনিয়া ডকে আপনাকে স্বাগতম। আপনার অনুসন্ধানের জন্য ধন্যবাদ। আমি আপনার প্রশ্নটি দেখেছি এবং আপনার উদ্বেগ বুঝতে পেরেছি। আমি যথাসাধ্য আপনাকে সাহায্য করার চেষ্টা করব। আপনার বর্ণনা করা লক্ষণগুলো বিভিন্ন কারণে হতে পারে এবং এর সঠিক কারণ নির্ণয়ের জন্য একটি বিস্তারিত পরীক্ষা প্রয়োজন। তাই আমি আপনাকে একজন বিশেষজ্ঞ ডাক্তারের সাথে সরাসরি পরামর্শ করার পরামর্শ দিচ্ছি। প্রয়োজনীয় পরীক্ষা-নিরীক্ষা করানো উচিত এবং রিপোর্ট অনুযায়ী চিকিৎসা শুরু করা যেতে পারে। এই সময়ে পর্যাপ্ত বিশ্রাম নিন, প্রচুর পানি পান করুন এবং স্বাস্থ্যকর খাবার খান। ডাক্তারের পরামর্শ ছাড়া কোনো ওষুধ সেবন করবেন না। যদি সমস্যা বাড়তে থাকে বা তীব্র হয়, তাহলে দেরি না করে দ্রুত ডাক্তারের শরণাপন্ন হন। আশা করি এই উত্তরটি আপনাকে সাহায্য করবে। আরও কোনো প্রশ্ন থাকলে নির্দ্বিধায় জিজ্ঞাসা করতে পারেন। ধন্যবাদ।"
67908,"হেলো, নাসেনিয়া ডকে আপনাকে স্বাগতম। আপনার অনুসন্ধানের জন্য ধন্যবাদ। আমি আপনার প্রশ্নটি দেখেছি এবং আপনার উদ্বেগ বুঝতে পেরেছি। আমি যথাসাধ্য আপনাকে সাহায্য করার চেষ্টা করব। আপনার বর্ণনা করা লক্ষণগুলো বিভিন্ন কারণে হতে পারে এবং এর সঠিক কারণ নির্ণয়ের জন্য একটি বিস্তারিত পরীক্ষা প্রয়োজন। তাই আমি আপনাকে একজন বিশেষজ্ঞ ডাক্তারের সাথে সরাসরি পরামর্শ করার পরামর্শ দিচ্ছি। প্রয়োজনীয় পরীক্ষা-নিরীক্ষা করানো উচিত এবং রিপোর্ট অনুযায়ী চিকিৎসা শুরু করা যেতে পারে। এই সময়ে পর্যাপ্ত বিশ্রাম নিন, প্রচুর পানি পান করুন এবং স্বাস্থ্যকর খাবার খান। ডাক্তারের পরামর্শ ছাড়া কোনো ওষুধ সেবন করবেন না। যদি সমস্যা বাড়তে থাকে বা তীব্র হয়, তাহলে দেরি না করে দ্রুত ডাক্তারের শরণাপন্ন হন। আশা করি এই উত্তরটি আপনাকে সাহায্য করবে। আরও কোনো প্রশ্ন থাকলে নির্দ্বিধায় জিজ্ঞাসা করতে পারেন। ধন্যবাদ।"
53324,"হেলো, নাসেনিয়া ডকে আপনাকে স্বাগতম। আপনার অনুসন্ধানের জন্য ধন্যবাদ। আমি আপনার প্রশ্নটি দেখেছি এবং আপনার উদ্বেগ বুঝতে পেরেছি। আমি যথাসাধ্য আপনাকে সাহায্য করার চেষ্টা করব। আপনার বর্ণনা করা লক্ষণগুলো বিভিন্ন কারণে হতে পারে এবং এর সঠিক কারণ নির্ণয়ের জন্য একটি বিস্তারিত পরীক্ষা প্রয়োজন। তাই আমি আপনাকে একজন বিশেষজ্ঞ ডাক্তারের সাথে সরাসরি পরামর্শ করার পরামর্শ দিচ্ছি। প্রয়োজনীয় পরীক্ষা-নিরীক্ষা করানো উচিত এবং রিপোর্ট অনুযায়ী চিকিৎসা শুরু করা যেতে পারে। এই সময়ে পর্যাপ্ত বিশ্রাম নিন, প্রচুর পানি পান করুন এবং স্বাস্থ্যকর খাবার খান। ডাক্তারের পরামর্শ ছাড়া কোনো ওষুধ সেবন করবেন না। যদি সমস্যা বাড়তে থাকে বা তীব্র হয়, তাহলে দেরি না করে দ্রুত ডাক্তারের শরণাপন্ন হন। আশা করি এই উত্তরটি আপনাকে সাহায্য করবে। আরও কোনো প্রশ্ন থাকলে নির্দ্বিধায় জিজ্ঞাসা করতে পারেন। ধন্যবাদ।"
21533,"হেলো, নাসেনিয়া ডকে আপনাকে স্বাগতম। আপনার অনুসন্ধানের জন্য ধন্যবাদ। আমি আপনার প্রশ্নটি দেখেছি এবং আপনার উদ্বেগ বুঝতে পেরেছি। আমি যথাসাধ্য আপনাকে সাহায্য করার চেষ্টা করব। আপনার বর্ণনা করা লক্ষণগুলো বিভিন্ন কারণে হতে পারে এবং এর সঠিক কারণ নির্ণয়ের জন্য একটি বিস্তারিত পরীক্ষা প্রয়োজন। তাই আমি আপনাকে একজন বিশেষজ্ঞ ডাক্তারের সাথে সরাসরি পরামর্শ করার পরামর্শ দিচ্ছি। প্রয়োজনীয় পরীক্ষা-নিরীক্ষা করানো উচিত এবং রিপোর্ট অনুযায়ী চিকিৎসা শুরু করা যেতে পারে। এই সময়ে পর্যাপ্ত বিশ্রাম নিন, প্রচুর পানি পান করুন এবং স্বাস্থ্যকর খাবার খান। ডাক্তারের পরামর্শ ছাড়া কোনো ওষুধ সেবন করবেন না। যদি সমস্যা বাড়তে থাকে বা তীব্র হয়, তাহলে দেরি না করে দ্রুত ডাক্তারের শরণাপন্ন হন। আশা করি এই উত্তরটি আপনাকে সাহায্য করবে। আরও কোনো প্রশ্ন থাকলে নির্দ্বিধায় জিজ্ঞাসা করতে পারেন। ধন্যবাদ।"
78395,"হেলো, নাসেনিয়া ডকে আপনাকে স্বাগতম। আপনার অনুসন্ধানের জন্য ধন্যবাদ। আমি আপনার প্রশ্নটি দেখেছি এবং আপনার উদ্বেগ বুঝতে পেরেছি। আমি যথাসাধ্য আপনাকে সাহায্য করার চেষ্টা করব। আপনার বর্ণনা করা লক্ষণগুলো বিভিন্ন কারণে হতে পারে এবং এর সঠিক কারণ নির্ণয়ের জন্য একটি বিস্তারিত পরীক্ষা প্রয়োজন। তাই আমি আপনাকে একজন বিশেষজ্ঞ ডাক্তারের সাথে সরাসরি পরামর্শ করার পরামর্শ দিচ্ছি। প্রয়োজনীয় পরীক্ষা-নিরীক্ষা করানো উচিত এবং রিপোর্ট অনুযায়ী চিকিৎসা শুরু করা যেতে পারে। এই সময়ে পর্যাপ্ত বিশ্রাম নিন, প্রচুর পানি পান করুন এবং স্বাস্থ্যকর খাবার খান। ডাক্তারের পরামর্শ ছাড়া কোনো ওষুধ সেবন করবেন না। যদি সমস্যা বাড়তে থাকে বা তীব্র হয়, তাহলে দেরি না করে দ্রুত ডাক্তারের শরণাপন্ন হন। আশা করি এই উত্তরটি আপনাকে সাহায্য করবে। আরও কোনো প্রশ্ন থাকলে নির্দ্বিধায় জিজ্ঞাসা করতে পারেন। ধন্যবাদ।"
47785,"হেলো, নাসেনিয়া ডকে আপনাকে স্বাগতম। আপনার অনুসন্ধানের জন্য ধন্যবাদ। আমি আপনার প্রশ্নটি দেখেছি এবং আপনার উদ্বেগ বুঝতে পেরেছি। আমি যথাসাধ্য আপনাকে সাহায্য করার চেষ্টা করব। আপনার বর্ণনা করা লক্ষণগুলো বিভিন্ন কারণে হতে পারে এবং এর সঠিক কারণ নির্ণয়ের জন্য একটি বিস্তারিত পরীক্ষা প্রয়োজন। তাই আমি আপনাকে একজন বিশেষজ্ঞ ডাক্তারের সাথে সরাসরি পরামর্শ করার পরামর্শ দিচ্ছি। প্রয়োজনীয় পরীক্ষা-নিরীক্ষা করানো উচিত এবং রিপোর্ট অনুযায়ী চিকিৎসা শুরু করা যেতে পারে। এই সময়ে পর্যাপ্ত বিশ্রাম নিন, প্রচুর পানি পান করুন এবং স্বাস্থ্যকর খাবার খান। ডাক্তারের পরামর্শ ছাড়া কোনো ওষুধ সেবন করবেন না। যদি সমস্যা বাড়তে থাকে বা তীব্র হয়, তাহলে দেরি না করে দ্রুত ডাক্তারের শরণাপন্ন হন। আশা করি এই উত্তরটি আপনাকে সাহায্য করবে। আরও কোনো প্রশ্ন থাকলে নির্দ্বিধায় জিজ্ঞাসা করতে পারেন। ধন্যবাদ।"
47489,"হেলো, নাসেনিয়া ডকে আপনাকে স্বাগতম। আপনার অনুসন্ধানের জন্য ধন্যবাদ। আমি আপনার প্রশ্নটি দেখেছি এবং আপনার উদ্বেগ বুঝতে পেরেছি। আমি যথাসাধ্য আপনাকে সাহায্য করার চেষ্টা করব। আপনার বর্ণনা করা লক্ষণগুলো বিভিন্ন কারণে হতে পারে এবং এর সঠিক কারণ নির্ণয়ের জন্য একটি বিস্তারিত পরীক্ষা প্রয়োজন। তাই আমি আপনাকে একজন বিশেষজ্ঞ ডাক্তারের সাথে সরাসরি পরামর্শ করার পরামর্শ দিচ্ছি। প্রয়োজনীয় পরীক্ষা-নিরীক্ষা করানো উচিত এবং রিপোর্ট অনুযায়ী চিকিৎসা শুরু করা যেতে পারে। এই সময়ে পর্যাপ্ত বিশ্রাম নিন, প্রচুর পানি পান করুন এবং স্বাস্থ্যকর খাবার খান। ডাক্তারের পরামর্শ ছাড়া কোনো ওষুধ সেবন করবেন না। যদি সমস্যা বাড়তে থাকে বা তীব্র হয়, তাহলে দেরি না করে দ্রুত ডাক্তারের শরণাপন্ন হন। আশা করি এই উত্তরটি আপনাকে সাহায্য করবে। আরও কোনো প্রশ্ন থাকলে নির্দ্বিধায় জিজ্ঞাসা করতে পারেন। ধন্যবাদ।"
14337,"হেলো, নাসেনিয়া ডকে আপনাকে স্বাগতম। আপনার অনুসন্ধানের জন্য ধন্যবাদ। আমি আপনার প্রশ্নটি দেখেছি এবং আপনার উদ্বেগ বুঝতে পেরেছি। আমি যথাসাধ্য আপনাকে সাহায্য করার চেষ্টা করব। আপনার বর্ণনা করা লক্ষণগুলো বিভিন্ন কারণে হতে পারে এবং এর সঠিক কারণ নির্ণয়ের জন্য একটি বিস্তারিত পরীক্ষা প্রয়োজন। তাই আমি আপনাকে একজন বিশেষজ্ঞ ডাক্তারের সাথে সরাসরি পরামর্শ করার পরামর্শ দিচ্ছি। প্রয়োজনীয় পরীক্ষা-নিরীক্ষা করানো উচিত এবং রিপোর্ট অনুযায়ী চিকিৎসা শুরু করা যেতে পারে। এই সময়ে পর্যাপ্ত বিশ্রাম নিন, প্রচুর পানি পান করুন এবং স্বাস্থ্যকর খাবার খান। ডাক্তারের পরামর্শ ছাড়া কোনো ওষুধ সেবন করবেন না। যদি সমস্যা বাড়তে থাকে বা তীব্র হয়, তাহলে দেরি না করে দ্রুত ডাক্তারের শরণাপন্ন হন। আশা করি এই উত্তরটি আপনাকে সাহায্য করবে। আরও কোনো প্রশ্ন থাকলে নির্দ্বিধায় জিজ্ঞাসা করতে পারেন। ধন্যবাদ।"
63579,"হেলো, নাসেনিয়া ডকে আপনাকে স্বাগতম। আপনার অনুসন্ধানের জন্য ধন্যবাদ। আমি আপনার প্রশ্নটি দেখেছি এবং আপনার উদ্বেগ বুঝতে পেরেছি। আমি যথাসাধ্য আপনাকে সাহায্য করার চেষ্টা করব। আপনার বর্ণনা করা লক্ষণগুলো বিভিন্ন কারণে হতে পারে এবং এর সঠিক কারণ নির্ণয়ের জন্য একটি বিস্তারিত পরীক্ষা প্রয়োজন। তাই আমি আপনাকে একজন বিশেষজ্ঞ ডাক্তারের সাথে সরাসরি পরামর্শ করার পরামর্শ দিচ্ছি। প্রয়োজনীয় পরীক্ষা-নিরীক্ষা করানো উচিত এবং রিপোর্ট অনুযায়ী চিকিৎসা শুরু করা যেতে পারে। এই সময়ে পর্যাপ্ত বিশ্রাম নিন, প্রচুর পানি পান করুন এবং স্বাস্থ্যকর খাবার খান। ডাক্তারের পরামর্শ ছাড়া কোনো ওষুধ সেবন করবেন না। যদি সমস্যা বাড়তে থাকে বা তীব্র হয়, তাহলে দেরি না করে দ্রুত ডাক্তারের শরণাপন্ন হন। আশা করি এই উত্তরটি আপনাকে সাহায্য করবে। আরও কোনো প্রশ্ন থাকলে নির্দ্বিধায় জিজ্ঞাসা করতে পারেন। ধন্যবাদ।"
12803,"হেলো, নাসেনিয়া ডকে আপনাকে স্বাগতম। আপনার অনুসন্ধানের জন্য ধন্যবাদ। আমি আপনার প্রশ্নটি দেখেছি এবং আপনার উদ্বেগ বুঝতে পেরেছি। আমি যথাসাধ্য আপনাকে সাহায্য করার চেষ্টা করব। আপনার বর্ণনা করা লক্ষণগুলো বিভিন্ন কারণে হতে পারে এবং এর সঠিক কারণ নির্ণয়ের জন্য একটি বিস্তারিত পরীক্ষা প্রয়োজন। তাই আমি আপনাকে একজন বিশেষজ্ঞ ডাক্তারের সাথে সরাসরি পরামর্শ করার পরামর্শ দিচ্ছি। প্রয়োজনীয় পরীক্ষা-নিরীক্ষা করানো উচিত এবং রিপোর্ট অনুযায়ী চিকিৎসা শুরু করা যেতে পারে। এই সময়ে পর্যাপ্ত বিশ্রাম নিন, প্রচুর পানি পান করুন এবং স্বাস্থ্যকর খাবার খান। ডাক্তারের পরামর্শ ছাড়া কোনো ওষুধ সেবন করবেন না। যদি সমস্যা বাড়তে থাকে বা তীব্র হয়, তাহলে দেরি না করে দ্রুত ডাক্তারের শরণাপন্ন হন। আশা করি এই উত্তরটি আপনাকে সাহায্য করবে। আরও কোনো প্রশ্ন থাকলে নির্দ্বিধায় জিজ্ঞাসা করতে পারেন। ধন্যবাদ।"
27365,"হেলো, নাসেনিয়া ডকে আপনাকে স্বাগতম। আপনার অনুসন্ধানের জন্য ধন্যবাদ। আমি আপনার প্রশ্নটি দেখেছি এবং আপনার উদ্বেগ বুঝতে পেরেছি। আমি যথাসাধ্য আপনাকে সাহায্য করার চেষ্টা করব। আপনার বর্ণনা করা লক্ষণগুলো বিভিন্ন কারণে হতে পারে এবং এর সঠিক কারণ নির্ণয়ের জন্য একটি বিস্তারিত পরীক্ষা প্রয়োজন। তাই আমি আপনাকে একজন বিশেষজ্ঞ ডাক্তারের সাথে সরাসরি পরামর্শ করার পরামর্শ দিচ্ছি। প্রয়োজনীয় পরীক্ষা-নিরীক্ষা করানো উচিত এবং রিপোর্ট অনুযায়ী চিকিৎসা শুরু করা যেতে পারে। এই সময়ে পর্যাপ্ত বিশ্রাম নিন, প্রচুর পানি পান করুন এবং স্বাস্থ্যকর খাবার খান। ডাক্তারের পরামর্শ ছাড়া কোনো ওষুধ সেবন করবেন না। যদি সমস্যা বাড়তে থাকে বা তীব্র হয়, তাহলে দেরি না করে দ্রুত ডাক্তারের শরণাপন্ন হন। আশা করি এই উত্তরটি আপনাকে সাহায্য করবে। আরও কোনো প্রশ্ন থাকলে নির্দ্বিধায় জিজ্ঞাসা করতে পারেন। ধন্যবাদ।"
87840,"হেলো, নাসেনিয়া ডকে আপনাকে স্বাগতম। আপনার অনুসন্ধানের জন্য ধন্যবাদ। আমি আপনার প্রশ্নটি দেখেছি এবং আপনার উদ্বেগ বুঝতে পেরেছি। আমি যথাসাধ্য আপনাকে সাহায্য করার চেষ্টা করব। আপনার বর্ণনা করা লক্ষণগুলো বিভিন্ন কারণে হতে পারে এবং এর সঠিক কারণ নির্ণয়ের জন্য একটি বিস্তারিত পরীক্ষা প্রয়োজন। তাই আমি আপনাকে একজন বিশেষজ্ঞ ডাক্তারের সাথে সরাসরি পরামর্শ করার পরামর্শ দিচ্ছি। প্রয়োজনীয় পরীক্ষা-নিরীক্ষা করানো উচিত এবং রিপোর্ট অনুযায়ী চিকিৎসা শুরু করা যেতে পারে। এই সময়ে পর্যাপ্ত বিশ্রাম নিন, প্রচুর পানি পান করুন এবং স্বাস্থ্যকর খাবার খান। ডাক্তারের পরামর্শ ছাড়া কোনো ওষুধ সেবন করবেন না। যদি সমস্যা বাড়তে থাকে বা তীব্র হয়, তাহলে দেরি না করে দ্রুত ডাক্তারের শরণাপন্ন হন। আশা করি এই উত্তরটি আপনাকে সাহায্য করবে। আরও কোনো প্রশ্ন থাকলে নির্দ্বিধায় জিজ্ঞাসা করতে পারেন। ধন্যবাদ।"
14038,"হেলো, নাসেনিয়া ডকে আপনাকে স্বাগতম। আপনার অনুসন্ধানের জন্য ধন্যবাদ। আমি আপনার প্রশ্নটি দেখেছি এবং আপনার উদ্বেগ বুঝতে পেরেছি। আমি যথাসাধ্য আপনাকে সাহায্য করার চেষ্টা করব। আপনার বর্ণনা করা লক্ষণগুলো বিভিন্ন কারণে হতে পারে এবং এর সঠিক কারণ নির্ণয়ের জন্য একটি বিস্তারিত পরীক্ষা প্রয়োজন। তাই আমি আপনাকে একজন বিশেষজ্ঞ ডাক্তারের সাথে সরাসরি পরামর্শ করার পরামর্শ দিচ্ছি। প্রয়োজনীয় পরীক্ষা-নিরীক্ষা করানো উচিত এবং রিপোর্ট অনুযায়ী চিকিৎসা শুরু করা যেতে পারে। এই সময়ে পর্যাপ্ত বিশ্রাম নিন, প্রচুর পানি পান করুন এবং স্বাস্থ্যকর খাবার খান। ডাক্তারের পরামর্শ ছাড়া কোনো ওষুধ সেবন করবেন না। যদি সমস্যা বাড়তে থাকে বা তীব্র হয়, তাহলে দেরি না করে দ্রুত ডাক্তারের শরণাপন্ন হন। আশা করি এই উত্তরটি আপনাকে সাহায্য করবে। আরও কোনো প্রশ্ন থাকলে নির্দ্বিধায় জিজ্ঞাসা করতে পারেন। ধন্যবাদ।"
103189,"হেলো, নাসেনিয়া ডকে আপনাকে স্বাগতম। আপনার অনুসন্ধানের জন্য ধন্যবাদ। আমি আপনার প্রশ্নটি দেখেছি এবং আপনার উদ্বেগ বুঝতে পেরেছি। আমি যথাসাধ্য আপনাকে সাহায্য করার চেষ্টা করব। আপনার বর্ণনা করা লক্ষণগুলো বিভিন্ন কারণে হতে পারে এবং এর সঠিক কারণ নির্ণয়ের জন্য একটি বিস্তারিত পরীক্ষা প্রয়োজন। তাই আমি আপনাকে একজন বিশেষজ্ঞ ডাক্তারের সাথে সরাসরি পরামর্শ করার পরামর্শ দিচ্ছি। প্রয়োজনীয় পরীক্ষা-নিরীক্ষা করানো উচিত এবং রিপোর্ট অনুযায়ী চিকিৎসা শুরু করা যেতে পারে। এই সময়ে পর্যাপ্ত বিশ্রাম নিন, প্রচুর পানি পান করুন এবং স্বাস্থ্যকর খাবার খান। ডাক্তারের পরামর্শ ছাড়া কোনো ওষুধ সেবন করবেন না। যদি সমস্যা বাড়তে থাকে বা তীব্র হয়, তাহলে দেরি না করে দ্রুত ডাক্তারের শরণাপন্ন হন। আশা করি এই উত্তরটি আপনাকে সাহায্য করবে। আরও কোনো প্রশ্ন থাকলে নির্দ্বিধায় জিজ্ঞাসা করতে পারেন। ধন্যবাদ।"
109991,"হেলো, নাসেনিয়া ডকে আপনাকে স্বাগতম। আপনার অনুসন্ধানের জন্য ধন্যবাদ। আমি আপনার প্রশ্নটি দেখেছি এবং আপনার উদ্বেগ বুঝতে পেরেছি। আমি যথাসাধ্য আপনাকে সাহায্য করার চেষ্টা করব। আপনার বর্ণনা করা লক্ষণগুলো বিভিন্ন কারণে হতে পারে এবং এর সঠিক কারণ নির্ণয়ের জন্য একটি বিস্তারিত পরীক্ষা প্রয়োজন। তাই আমি আপনাকে একজন বিশেষজ্ঞ ডাক্তারের সাথে সরাসরি পরামর্শ করার পরামর্শ দিচ্ছি। প্রয়োজনীয় পরীক্ষা-নিরীক্ষা করানো উচিত এবং রিপোর্ট অনুযায়ী চিকিৎসা শুরু করা যেতে পারে। এই সময়ে পর্যাপ্ত বিশ্রাম নিন, প্রচুর পানি পান করুন এবং স্বাস্থ্যকর খাবার খান। ডাক্তারের পরামর্শ ছাড়া কোনো ওষুধ সেবন করবেন না। যদি সমস্যা বাড়তে থাকে বা তীব্র হয়, তাহলে দেরি না করে দ্রুত ডাক্তারের শরণাপন্ন হন। আশা করি এই উত্তরটি আপনাকে সাহায্য করবে। আরও কোনো প্রশ্ন থাকলে নির্দ্বিধায় জিজ্ঞাসা করতে পারেন। ধন্যবাদ।"
102067,"হেলো, নাসেনিয়া ডকে আপনাকে স্বাগতম। আপনার অনুসন্ধানের জন্য ধন্যবাদ। আমি আপনার প্রশ্নটি দেখেছি এবং আপনার উদ্বেগ বুঝতে পেরেছি। আমি যথাসাধ্য আপনাকে সাহায্য করার চেষ্টা করব। আপনার বর্ণনা করা লক্ষণগুলো বিভিন্ন কারণে হতে পারে এবং এর সঠিক কারণ নির্ণয়ের জন্য একটি বিস্তারিত পরীক্ষা প্রয়োজন। তাই আমি আপনাকে একজন বিশেষজ্ঞ ডাক্তারের সাথে সরাসরি পরামর্শ করার পরামর্শ দিচ্ছি। প্রয়োজনীয় পরীক্ষা-নিরীক্ষা করানো উচিত এবং রিপোর্ট অনুযায়ী চিকিৎসা শুরু করা যেতে পারে। এই সময়ে পর্যাপ্ত বিশ্রাম নিন, প্রচুর পানি পান করুন এবং স্বাস্থ্যকর খাবার খান। ডাক্তারের পরামর্শ ছাড়া কোনো ওষুধ সেবন করবেন না। যদি সমস্যা বাড়তে থাকে বা তীব্র হয়, তাহলে দেরি না করে দ্রুত ডাক্তারের শরণাপন্ন হন। আশা করি এই উত্তরটি আপনাকে সাহায্য করবে। আরও কোনো প্রশ্ন থাকলে নির্দ্বিধায় জিজ্ঞাসা করতে পারেন। ধন্যবাদ।"
16092,"হেলো, নাসেনিয়া ডকে আপনাকে স্বাগতম। আপনার অনুসন্ধানের জন্য ধন্যবাদ। আমি আপনার প্রশ্নটি দেখেছি এবং আপনার উদ্বেগ বুঝতে পেরেছি। আমি যথাসাধ্য আপনাকে সাহায্য করার চেষ্টা করব। আপনার বর্ণনা করা লক্ষণগুলো বিভিন্ন কারণে হতে পারে এবং এর সঠিক কারণ নির্ণয়ের জন্য একটি বিস্তারিত পরীক্ষা প্রয়োজন। তাই আমি আপনাকে একজন বিশেষজ্ঞ ডাক্তারের সাথে সরাসরি পরামর্শ করার পরামর্শ দিচ্ছি। প্রয়োজনীয় পরীক্ষা-নিরীক্ষা করানো উচিত এবং রিপোর্ট অনুযায়ী চিকিৎসা শুরু করা যেতে পারে। এই সময়ে পর্যাপ্ত বিশ্রাম নিন, প্রচুর পানি পান করুন এবং স্বাস্থ্যকর খাবার খান। ডাক্তারের পরামর্শ ছাড়া কোনো ওষুধ সেবন করবেন না। যদি সমস্যা বাড়তে থাকে বা তীব্র হয়, তাহলে দেরি না করে দ্রুত ডাক্তারের শরণাপন্ন হন। আশা করি এই উত্তরটি আপনাকে সাহায্য করবে। আরও কোনো প্রশ্ন থাকলে নির্দ্বিধায় জিজ্ঞাসা করতে পারেন। ধন্যবাদ।"
56890,"হেলো, নাসেনিয়া ডকে আপনাকে স্বাগতম। আপনার অনুসন্ধানের জন্য ধন্যবাদ। আমি আপনার প্রশ্নটি দেখেছি এবং আপনার উদ্বেগ বুঝতে পেরেছি। আমি যথাসাধ্য আপনাকে সাহায্য করার চেষ্টা করব। আপনার বর্ণনা করা লক্ষণগুলো বিভিন্ন কারণে হতে পারে এবং এর সঠিক কারণ নির্ণয়ের জন্য একটি বিস্তারিত পরীক্ষা প্রয়োজন। তাই আমি আপনাকে একজন বিশেষজ্ঞ ডাক্তারের সাথে সরাসরি পরামর্শ করার পরামর্শ দিচ্ছি। প্রয়োজনীয় পরীক্ষা-নিরীক্ষা করানো উচিত এবং রিপোর্ট অনুযায়ী চিকিৎসা শুরু করা যেতে পারে। এই সময়ে পর্যাপ্ত বিশ্রাম নিন, প্রচুর পানি পান করুন এবং স্বাস্থ্যকর খাবার খান। ডাক্তারের পরামর্শ ছাড়া কোনো ওষুধ সেবন করবেন না। যদি সমস্যা বাড়তে থাকে বা তীব্র হয়, তাহলে দেরি না করে দ্রুত ডাক্তারের শরণাপন্ন হন। আশা করি এই উত্তরটি আপনাকে সাহায্য করবে। আরও কোনো প্রশ্ন থাকলে নির্দ্বিধায় জিজ্ঞাসা করতে পারেন। ধন্যবাদ।"
87983,"হেলো, নাসেনিয়া ডকে আপনাকে স্বাগতম। আপনার অনুসন্ধানের জন্য ধন্যবাদ। আমি আপনার প্রশ্নটি দেখেছি এবং আপনার উদ্বেগ বুঝতে পেরেছি। আমি যথাসাধ্য আপনাকে সাহায্য করার চেষ্টা করব। আপনার বর্ণনা করা লক্ষণগুলো বিভিন্ন কারণে হতে পারে এবং এর সঠিক কারণ নির্ণয়ের জন্য একটি বিস্তারিত পরীক্ষা প্রয়োজন। তাই আমি আপনাকে একজন বিশেষজ্ঞ ডাক্তারের সাথে সরাসরি পরামর্শ করার পরামর্শ দিচ্ছি। প্রয়োজনীয় পরীক্ষা-নিরীক্ষা করানো উচিত এবং রিপোর্ট অনুযায়ী চিকিৎসা শুরু করা যেতে পারে। এই সময়ে পর্যাপ্ত বিশ্রাম নিন, প্রচুর পানি পান করুন এবং স্বাস্থ্যকর খাবার খান। ডাক্তারের পরামর্শ ছাড়া কোনো ওষুধ সেবন করবেন না। যদি সমস্যা বাড়তে থাকে বা তীব্র হয়, তাহলে দেরি না করে দ্রুত ডাক্তারের শরণাপন্ন হন। আশা করি এই উত্তরটি আপনাকে সাহায্য করবে। আরও কোনো প্রশ্ন থাকলে নির্দ্বিধায় জিজ্ঞাসা করতে পারেন। ধন্যবাদ।"
5589,"হেলো, নাসেনিয়া ডকে আপনাকে স্বাগতম। আপনার অনুসন্ধানের জন্য ধন্যবাদ। আমি আপনার প্রশ্নটি দেখেছি এবং আপনার উদ্বেগ বুঝতে পেরেছি। আমি যথাসাধ্য আপনাকে সাহায্য করার চেষ্টা করব। আপনার বর্ণনা করা লক্ষণগুলো বিভিন্ন কারণে হতে পারে এবং এর সঠিক কারণ নির্ণয়ের জন্য একটি বিস্তারিত পরীক্ষা প্রয়োজন। তাই আমি আপনাকে একজন বিশেষজ্ঞ ডাক্তারের সাথে সরাসরি পরামর্শ করার পরামর্শ দিচ্ছি। প্রয়োজনীয় পরীক্ষা-নিরীক্ষা করানো উচিত এবং রিপোর্ট অনুযায়ী চিকিৎসা শুরু করা যেতে পারে। এই সময়ে পর্যাপ্ত বিশ্রাম নিন, প্রচুর পানি পান করুন এবং স্বাস্থ্যকর খাবার খান। ডাক্তারের পরামর্শ ছাড়া কোনো ওষুধ সেবন করবেন না। যদি সমস্যা বাড়তে থাকে বা তীব্র হয়, তাহলে দেরি না করে দ্রুত ডাক্তারের শরণাপন্ন হন। আশা করি এই উত্তরটি আপনাকে সাহায্য করবে। আরও কোনো প্রশ্ন থাকলে নির্দ্বিধায় জিজ্ঞাসা করতে পারেন। ধন্যবাদ।"
62158,"হেলো, নাসেনিয়া ডকে আপনাকে স্বাগতম। আপনার অনুসন্ধানের জন্য ধন্যবাদ। আমি আপনার প্রশ্নটি দেখেছি এবং আপনার উদ্বেগ বুঝতে পেরেছি। আমি যথাসাধ্য আপনাকে সাহায্য করার চেষ্টা করব। আপনার বর্ণনা করা লক্ষণগুলো বিভিন্ন কারণে হতে পারে এবং এর সঠিক কারণ নির্ণয়ের জন্য একটি বিস্তারিত পরীক্ষা প্রয়োজন। তাই আমি আপনাকে একজন বিশেষজ্ঞ ডাক্তারের সাথে সরাসরি পরামর্শ করার পরামর্শ দিচ্ছি। প্রয়োজনীয় পরীক্ষা-নিরীক্ষা করানো উচিত এবং রিপোর্ট অনুযায়ী চিকিৎসা শুরু করা যেতে পারে। এই সময়ে পর্যাপ্ত বিশ্রাম নিন, প্রচুর পানি পান করুন এবং স্বাস্থ্যকর খাবার খান। ডাক্তারের পরামর্শ ছাড়া কোনো ওষুধ সেবন করবেন না। যদি সমস্যা বাড়তে থাকে বা তীব্র হয়, তাহলে দেরি না করে দ্রুত ডাক্তারের শরণাপন্ন হন। আশা করি এই উত্তরটি আপনাকে সাহায্য করবে। আরও কোনো প্রশ্ন থাকলে নির্দ্বিধায় জিজ্ঞাসা করতে পারেন। ধন্যবাদ।"
58888,"হেলো, নাসেনিয়া ডকে আপনাকে স্বাগতম। আপনার অনুসন্ধানের জন্য ধন্যবাদ। আমি আপনার প্রশ্নটি দেখেছি এবং আপনার উদ্বেগ বুঝতে পেরেছি। আমি যথাসাধ্য আপনাকে সাহায্য করার চেষ্টা করব। আপনার বর্ণনা করা লক্ষণগুলো বিভিন্ন কারণে হতে পারে এবং এর সঠিক কারণ নির্ণয়ের জন্য একটি বিস্তারিত পরীক্ষা প্রয়োজন। তাই আমি আপনাকে একজন বিশেষজ্ঞ ডাক্তারের সাথে সরাসরি পরামর্শ করার পরামর্শ দিচ্ছি। প্রয়োজনীয় পরীক্ষা-নিরীক্ষা করানো উচিত এবং রিপোর্ট অনুযায়ী চিকিৎসা শুরু করা যেতে পারে। এই সময়ে পর্যাপ্ত বিশ্রাম নিন, প্রচুর পানি পান করুন এবং স্বাস্থ্যকর খাবার খান। ডাক্তারের পরামর্শ ছাড়া কোনো ওষুধ সেবন করবেন না। যদি সমস্যা বাড়তে থাকে বা তীব্র হয়, তাহলে দেরি না করে দ্রুত ডাক্তারের শরণাপন্ন হন। আশা করি এই উত্তরটি আপনাকে সাহায্য করবে। আরও কোনো প্রশ্ন থাকলে নির্দ্বিধায় জিজ্ঞাসা করতে পারেন। ধন্যবাদ।"
96526,"হেলো, নাসেনিয়া ডকে আপনাকে স্বাগতম। আপনার অনুসন্ধানের জন্য ধন্যবাদ। আমি আপনার প্রশ্নটি দেখেছি এবং আপনার উদ্বেগ বুঝতে পেরেছি। আমি যথাসাধ্য আপনাকে সাহায্য করার চেষ্টা করব। আপনার বর্ণনা করা লক্ষণগুলো বিভিন্ন কারণে হতে পারে এবং এর সঠিক কারণ নির্ণয়ের জন্য একটি বিস্তারিত পরীক্ষা প্রয়োজন। তাই আমি আপনাকে একজন বিশেষজ্ঞ ডাক্তারের সাথে সরাসরি পরামর্শ করার পরামর্শ দিচ্ছি। প্রয়োজনীয় পরীক্ষা-নিরীক্ষা করানো উচিত এবং রিপোর্ট অনুযায়ী চিকিৎসা শুরু করা যেতে পারে। এই সময়ে পর্যাপ্ত বিশ্রাম নিন, প্রচুর পানি পান করুন এবং স্বাস্থ্যকর খাবার খান। ডাক্তারের পরামর্শ ছাড়া কোনো ওষুধ সেবন করবেন না। যদি সমস্যা বাড়তে থাকে বা তীব্র হয়, তাহলে দেরি না করে দ্রুত ডাক্তারের শরণাপন্ন হন। আশা করি এই উত্তরটি আপনাকে সাহায্য করবে। আরও কোনো প্রশ্ন থাকলে নির্দ্বিধায় জিজ্ঞাসা করতে পারেন। ধন্যবাদ।"
105053,"হেলো, নাসেনিয়া ডকে আপনাকে স্বাগতম। আপনার অনুসন্ধানের জন্য ধন্যবাদ। আমি আপনার প্রশ্নটি দেখেছি এবং আপনার উদ্বেগ বুঝতে পেরেছি। আমি যথাসাধ্য আপনাকে সাহায্য করার চেষ্টা করব। আপনার বর্ণনা করা লক্ষণগুলো বিভিন্ন কারণে হতে পারে এবং এর সঠিক কারণ নির্ণয়ের জন্য একটি বিস্তারিত পরীক্ষা প্রয়োজন। তাই আমি আপনাকে একজন বিশেষজ্ঞ ডাক্তারের সাথে সরাসরি পরামর্শ করার পরামর্শ দিচ্ছি। প্রয়োজনীয় পরীক্ষা-নিরীক্ষা করানো উচিত এবং রিপোর্ট অনুযায়ী চিকিৎসা শুরু করা যেতে পারে। এই সময়ে পর্যাপ্ত বিশ্রাম নিন, প্রচুর পানি পান করুন এবং স্বাস্থ্যকর খাবার খান। ডাক্তারের পরামর্শ ছাড়া কোনো ওষুধ সেবন করবেন না। যদি সমস্যা বাড়তে থাকে বা তীব্র হয়, তাহলে দেরি না করে দ্রুত ডাক্তারের শরণাপন্ন হন। আশা করি এই উত্তরটি আপনাকে সাহায্য করবে। আরও কোনো প্রশ্ন থাকলে নির্দ্বিধায় জিজ্ঞাসা করতে পারেন। ধন্যবাদ।"
43608,"হেলো, নাসেনিয়া ডকে আপনাকে স্বাগতম। আপনার অনুসন্ধানের জন্য ধন্যবাদ। আমি আপনার প্রশ্নটি দেখেছি এবং আপনার উদ্বেগ বুঝতে পেরেছি। আমি যথাসাধ্য আপনাকে সাহায্য করার চেষ্টা করব। আপনার বর্ণনা করা লক্ষণগুলো বিভিন্ন কারণে হতে পারে এবং এর সঠিক কারণ নির্ণয়ের জন্য একটি বিস্তারিত পরীক্ষা প্রয়োজন। তাই আমি আপনাকে একজন বিশেষজ্ঞ ডাক্তারের সাথে সরাসরি পরামর্শ করার পরামর্শ দিচ্ছি। প্রয়োজনীয় পরীক্ষা-নিরীক্ষা করানো উচিত এবং রিপোর্ট অনুযায়ী চিকিৎসা শুরু করা যেতে পারে। এই সময়ে পর্যাপ্ত বিশ্রাম নিন, প্রচুর পানি পান করুন এবং স্বাস্থ্যকর খাবার খান। ডাক্তারের পরামর্শ ছাড়া কোনো ওষুধ সেবন করবেন না। যদি সমস্যা বাড়তে থাকে বা তীব্র হয়, তাহলে দেরি না করে দ্রুত ডাক্তারের শরণাপন্ন হন। আশা করি এই উত্তরটি আপনাকে সাহায্য করবে। আরও কোনো প্রশ্ন থাকলে নির্দ্বিধায় জিজ্ঞাসা করতে পারেন। ধন্যবাদ।"
51508,"হেলো, নাসেনিয়া ডকে আপনাকে স্বাগতম। আপনার অনুসন্ধানের জন্য ধন্যবাদ। আমি আপনার প্রশ্নটি দেখেছি এবং আপনার উদ্বেগ বুঝতে পেরেছি। আমি যথাসাধ্য আপনাকে সাহায্য করার চেষ্টা করব। আপনার বর্ণনা করা লক্ষণগুলো বিভিন্ন কারণে হতে পারে এবং এর সঠিক কারণ নির্ণয়ের জন্য একটি বিস্তারিত পরীক্ষা প্রয়োজন। তাই আমি আপনাকে একজন বিশেষজ্ঞ ডাক্তারের সাথে সরাসরি পরামর্শ করার পরামর্শ দিচ্ছি। প্রয়োজনীয় পরীক্ষা-নিরীক্ষা করানো উচিত এবং রিপোর্ট অনুযায়ী চিকিৎসা শুরু করা যেতে পারে। এই সময়ে পর্যাপ্ত বিশ্রাম নিন, প্রচুর পানি পান করুন এবং স্বাস্থ্যকর খাবার খান। ডাক্তারের পরামর্শ ছাড়া কোনো ওষুধ সেবন করবেন না। যদি সমস্যা বাড়তে থাকে বা তীব্র হয়, তাহলে দেরি না করে দ্রুত ডাক্তারের শরণাপন্ন হন। আশা করি এই উত্তরটি আপনাকে সাহায্য করবে। আরও কোনো প্রশ্ন থাকলে নির্দ্বিধায় জিজ্ঞাসা করতে পারেন। ধন্যবাদ।"
61940,"হেলো, নাসেনিয়া ডকে আপনাকে স্বাগতম। আপনার অনুসন্ধানের জন্য ধন্যবাদ। আমি আপনার প্রশ্নটি দেখেছি এবং আপনার উদ্বেগ বুঝতে পেরেছি। আমি যথাসাধ্য আপনাকে সাহায্য করার চেষ্টা করব। আপনার বর্ণনা করা লক্ষণগুলো বিভিন্ন কারণে হতে পারে এবং এর সঠিক কারণ নির্ণয়ের জন্য একটি বিস্তারিত পরীক্ষা প্রয়োজন। তাই আমি আপনাকে একজন বিশেষজ্ঞ ডাক্তারের সাথে সরাসরি পরামর্শ করার পরামর্শ দিচ্ছি। প্রয়োজনীয় পরীক্ষা-নিরীক্ষা করানো উচিত এবং রিপোর্ট অনুযায়ী চিকিৎসা শুরু করা যেতে পারে। এই সময়ে পর্যাপ্ত বিশ্রাম নিন, প্রচুর পানি পান করুন এবং স্বাস্থ্যকর খাবার খান। ডাক্তারের পরামর্শ ছাড়া কোনো ওষুধ সেবন করবেন না। যদি সমস্যা বাড়তে থাকে বা তীব্র হয়, তাহলে দেরি না করে দ্রুত ডাক্তারের শরণাপন্ন হন। আশা করি এই উত্তরটি আপনাকে সাহায্য করবে। আরও কোনো প্রশ্ন থাকলে নির্দ্বিধায় জিজ্ঞাসা করতে পারেন। ধন্যবাদ।"
76632,"হেলো, নাসেনিয়া ডকে আপনাকে স্বাগতম। আপনার অনুসন্ধানের জন্য ধন্যবাদ। আমি আপনার প্রশ্নটি দেখেছি এবং আপনার উদ্বেগ বুঝতে পেরেছি। আমি যথাসাধ্য আপনাকে সাহায্য করার চেষ্টা করব। আপনার বর্ণনা করা লক্ষণগুলো বিভিন্ন কারণে হতে পারে এবং এর সঠিক কারণ নির্ণয়ের জন্য একটি বিস্তারিত পরীক্ষা প্রয়োজন। তাই আমি আপনাকে একজন বিশেষজ্ঞ ডাক্তারের সাথে সরাসরি পরামর্শ করার পরামর্শ দিচ্ছি। প্রয়োজনীয় পরীক্ষা-নিরীক্ষা করানো উচিত এবং রিপোর্ট অনুযায়ী চিকিৎসা শুরু করা যেতে পারে। এই সময়ে পর্যাপ্ত বিশ্রাম নিন, প্রচুর পানি পান করুন এবং স্বাস্থ্যকর খাবার খান। ডাক্তারের পরামর্শ ছাড়া কোনো ওষুধ সেবন করবেন না। যদি সমস্যা বাড়তে থাকে বা তীব্র হয়, তাহলে দেরি না করে দ্রুত ডাক্তারের শরণাপন্ন হন। আশা করি এই উত্তরটি আপনাকে সাহায্য করবে। আরও কোনো প্রশ্ন থাকলে নির্দ্বিধায় জিজ্ঞাসা করতে পারেন। ধন্যবাদ।"
93606,"হেলো, নাসেনিয়া ডকে আপনাকে স্বাগতম। আপনার অনুসন্ধানের জন্য ধন্যবাদ। আমি আপনার প্রশ্নটি দেখেছি এবং আপনার উদ্বেগ বুঝতে পেরেছি। আমি যথাসাধ্য আপনাকে সাহায্য করার চেষ্টা করব। আপনার বর্ণনা করা লক্ষণগুলো বিভিন্ন কারণে হতে পারে এবং এর সঠিক কারণ নির্ণয়ের জন্য একটি বিস্তারিত পরীক্ষা প্রয়োজন। তাই আমি আপনাকে একজন বিশেষজ্ঞ ডাক্তারের সাথে সরাসরি পরামর্শ করার পরামর্শ দিচ্ছি। প্রয়োজনীয় পরীক্ষা-নিরীক্ষা করানো উচিত এবং রিপোর্ট অনুযায়ী চিকিৎসা শুরু করা যেতে পারে। এই সময়ে পর্যাপ্ত বিশ্রাম নিন, প্রচুর পানি পান করুন এবং স্বাস্থ্যকর খাবার খান। ডাক্তারের পরামর্শ ছাড়া কোনো ওষুধ সেবন করবেন না। যদি সমস্যা বাড়তে থাকে বা তীব্র হয়, তাহলে দেরি না করে দ্রুত ডাক্তারের শরণাপন্ন হন। আশা করি এই উত্তরটি আপনাকে সাহায্য করবে। আরও কোনো প্রশ্ন থাকলে নির্দ্বিধায় জিজ্ঞাসা করতে পারেন। ধন্যবাদ।"
5109,"হেলো, নাসেনিয়া ডকে আপনাকে স্বাগতম। আপনার অনুসন্ধানের জন্য ধন্যবাদ। আমি আপনার প্রশ্নটি দেখেছি এবং আপনার উদ্বেগ বুঝতে পেরেছি। আমি যথাসাধ্য আপনাকে সাহায্য করার চেষ্টা করব। আপনার বর্ণনা করা লক্ষণগুলো বিভিন্ন কারণে হতে পারে এবং এর সঠিক কারণ নির্ণয়ের জন্য একটি বিস্তারিত পরীক্ষা প্রয়োজন। তাই আমি আপনাকে একজন বিশেষজ্ঞ ডাক্তারের সাথে সরাসরি পরামর্শ করার পরামর্শ দিচ্ছি। প্রয়োজনীয় পরীক্ষা-নিরীক্ষা করানো উচিত এবং রিপোর্ট অনুযায়ী চিকিৎসা শুরু করা যেতে পারে। এই সময়ে পর্যাপ্ত বিশ্রাম নিন, প্রচুর পানি পান করুন এবং স্বাস্থ্যকর খাবার খান। ডাক্তারের পরামর্শ ছাড়া কোনো ওষুধ সেবন করবেন না। যদি সমস্যা বাড়তে থাকে বা তীব্র হয়, তাহলে দেরি না করে দ্রুত ডাক্তারের শরণাপন্ন হন। আশা করি এই উত্তরটি আপনাকে সাহায্য করবে। আরও কোনো প্রশ্ন থাকলে নির্দ্বিধায় জিজ্ঞাসা করতে পারেন। ধন্যবাদ।"
89173,"হেলো, নাসেনিয়া ডকে আপনাকে স্বাগতম। আপনার অনুসন্ধানের জন্য ধন্যবাদ। আমি আপনার প্রশ্নটি দেখেছি এবং আপনার উদ্বেগ বুঝতে পেরেছি। আমি যথাসাধ্য আপনাকে সাহায্য করার চেষ্টা করব। আপনার বর্ণনা করা লক্ষণগুলো বিভিন্ন কারণে হতে পারে এবং এর সঠিক কারণ নির্ণয়ের জন্য একটি বিস্তারিত পরীক্ষা প্রয়োজন। তাই আমি আপনাকে একজন বিশেষজ্ঞ ডাক্তারের সাথে সরাসরি পরামর্শ করার পরামর্শ দিচ্ছি। প্রয়োজনীয় পরীক্ষা-নিরীক্ষা করানো উচিত এবং রিপোর্ট অনুযায়ী চিকিৎসা শুরু করা যেতে পারে। এই সময়ে পর্যাপ্ত বিশ্রাম নিন, প্রচুর পানি পান করুন এবং স্বাস্থ্যকর খাবার খান। ডাক্তারের পরামর্শ ছাড়া কোনো ওষুধ সেবন করবেন না। যদি সমস্যা বাড়তে থাকে বা তীব্র হয়, তাহলে দেরি না করে দ্রুত ডাক্তারের শরণাপন্ন হন। আশা করি এই উত্তরটি আপনাকে সাহায্য করবে। আরও কোনো প্রশ্ন থাকলে নির্দ্বিধায় জিজ্ঞাসা করতে পারেন। ধন্যবাদ।"
30105,"হেলো, নাসেনিয়া ডকে আপনাকে স্বাগতম। আপনার অনুসন্ধানের জন্য ধন্যবাদ। আমি আপনার প্রশ্নটি দেখেছি এবং আপনার উদ্বেগ বুঝতে পেরেছি। আমি যথাসাধ্য আপনাকে সাহায্য করার চেষ্টা করব। আপনার বর্ণনা করা লক্ষণগুলো বিভিন্ন কারণে হতে পারে এবং এর সঠিক কারণ নির্ণয়ের জন্য একটি বিস্তারিত পরীক্ষা প্রয়োজন। তাই আমি আপনাকে একজন বিশেষজ্ঞ ডাক্তারের সাথে সরাসরি পরামর্শ করার পরামর্শ দিচ্ছি। প্রয়োজনীয় পরীক্ষা-নিরীক্ষা করানো উচিত এবং রিপোর্ট অনুযায়ী চিকিৎসা শুরু করা যেতে পারে। এই সময়ে পর্যাপ্ত বিশ্রাম নিন, প্রচুর পানি পান করুন এবং স্বাস্থ্যকর খাবার খান। ডাক্তারের পরামর্শ ছাড়া কোনো ওষুধ সেবন করবেন না। যদি সমস্যা বাড়তে থাকে বা তীব্র হয়, তাহলে দেরি না করে দ্রুত ডাক্তারের শরণাপন্ন হন। আশা করি এই উত্তরটি আপনাকে সাহায্য করবে। আরও কোনো প্রশ্ন থাকলে নির্দ্বিধায় জিজ্ঞাসা করতে পারেন। ধন্যবাদ।"
46556,"হেলো, নাসেনিয়া ডকে আপনাকে স্বাগতম। আপনার অনুসন্ধানের জন্য ধন্যবাদ। আমি আপনার প্রশ্নটি দেখেছি এবং আপনার উদ্বেগ বুঝতে পেরেছি। আমি যথাসাধ্য আপনাকে সাহায্য করার চেষ্টা করব। আপনার বর্ণনা করা লক্ষণগুলো বিভিন্ন কারণে হতে পারে এবং এর সঠিক কারণ নির্ণয়ের জন্য একটি বিস্তারিত পরীক্ষা প্রয়োজন। তাই আমি আপনাকে একজন বিশেষজ্ঞ ডাক্তারের সাথে সরাসরি পরামর্শ করার পরামর্শ দিচ্ছি। প্রয়োজনীয় পরীক্ষা-নিরীক্ষা করানো উচিত এবং রিপোর্ট অনুযায়ী চিকিৎসা শুরু করা যেতে পারে। এই সময়ে পর্যাপ্ত বিশ্রাম নিন, প্রচুর পানি পান করুন এবং স্বাস্থ্যকর খাবার খান। ডাক্তারের পরামর্শ ছাড়া কোনো ওষুধ সেবন করবেন না। যদি সমস্যা বাড়তে থাকে বা তীব্র হয়, তাহলে দেরি না করে দ্রুত ডাক্তারের শরণাপন্ন হন। আশা করি এই উত্তরটি আপনাকে সাহায্য করবে। আরও কোনো প্রশ্ন থাকলে নির্দ্বিধায় জিজ্ঞাসা করতে পারেন। ধন্যবাদ।"
21718,"হেলো, নাসেনিয়া ডকে আপনাকে স্বাগতম। আপনার অনুসন্ধানের জন্য ধন্যবাদ। আমি আপনার প্রশ্নটি দেখেছি এবং আপনার উদ্বেগ বুঝতে পেরেছি। আমি যথাসাধ্য আপনাকে সাহায্য করার চেষ্টা করব। আপনার বর্ণনা করা লক্ষণগুলো বিভিন্ন কারণে হতে পারে এবং এর সঠিক কারণ নির্ণয়ের জন্য একটি বিস্তারিত পরীক্ষা প্রয়োজন। তাই আমি আপনাকে একজন বিশেষজ্ঞ ডাক্তারের সাথে সরাসরি পরামর্শ করার পরামর্শ দিচ্ছি। প্রয়োজনীয় পরীক্ষা-নিরীক্ষা করানো উচিত এবং রিপোর্ট অনুযায়ী চিকিৎসা শুরু করা যেতে পারে। এই সময়ে পর্যাপ্ত বিশ্রাম নিন, প্রচুর পানি পান করুন এবং স্বাস্থ্যকর খাবার খান। ডাক্তারের পরামর্শ ছাড়া কোনো ওষুধ সেবন করবেন না। যদি সমস্যা বাড়তে থাকে বা তীব্র হয়, তাহলে দেরি না করে দ্রুত ডাক্তারের শরণাপন্ন হন। আশা করি এই উত্তরটি আপনাকে সাহায্য করবে। আরও কোনো প্রশ্ন থাকলে নির্দ্বিধায় জিজ্ঞাসা করতে পারেন। ধন্যবাদ।"
46663,"হেলো, নাসেনিয়া ডকে আপনাকে স্বাগতম। আপনার অনুসন্ধানের জন্য ধন্যবাদ। আমি আপনার প্রশ্নটি দেখেছি এবং আপনার উদ্বেগ বুঝতে পেরেছি। আমি যথাসাধ্য আপনাকে সাহায্য করার চেষ্টা করব। আপনার বর্ণনা করা লক্ষণগুলো বিভিন্ন কারণে হতে পারে এবং এর সঠিক কারণ নির্ণয়ের জন্য একটি বিস্তারিত পরীক্ষা প্রয়োজন। তাই আমি আপনাকে একজন বিশেষজ্ঞ ডাক্তারের সাথে সরাসরি পরামর্শ করার পরামর্শ দিচ্ছি। প্রয়োজনীয় পরীক্ষা-নিরীক্ষা করানো উচিত এবং রিপোর্ট অনুযায়ী চিকিৎসা শুরু করা যেতে পারে। এই সময়ে পর্যাপ্ত বিশ্রাম নিন, প্রচুর পানি পান করুন এবং স্বাস্থ্যকর খাবার খান। ডাক্তারের পরামর্শ ছাড়া কোনো ওষুধ সেবন করবেন না। যদি সমস্যা বাড়তে থাকে বা তীব্র হয়, তাহলে দেরি না করে দ্রুত ডাক্তারের শরণাপন্ন হন। আশা করি এই উত্তরটি আপনাকে সাহায্য করবে। আরও কোনো প্রশ্ন থাকলে নির্দ্বিধায় জিজ্ঞাসা করতে পারেন। ধন্যবাদ।"
34258,"হেলো, নাসেনিয়া ডকে আপনাকে স্বাগতম। আপনার অনুসন্ধানের জন্য ধন্যবাদ। আমি আপনার প্রশ্নটি দেখেছি এবং আপনার উদ্বেগ বুঝতে পেরেছি। আমি যথাসাধ্য আপনাকে সাহায্য করার চেষ্টা করব। আপনার বর্ণনা করা লক্ষণগুলো বিভিন্ন কারণে হতে পারে এবং এর সঠিক কারণ নির্ণয়ের জন্য একটি বিস্তারিত পরীক্ষা প্রয়োজন। তাই আমি আপনাকে একজন বিশেষজ্ঞ ডাক্তারের সাথে সরাসরি পরামর্শ করার পরামর্শ দিচ্ছি। প্রয়োজনীয় পরীক্ষা-নিরীক্ষা করানো উচিত এবং রিপোর্ট অনুযায়ী চিকিৎসা শুরু করা যেতে পারে। এই সময়ে পর্যাপ্ত বিশ্রাম নিন, প্রচুর পানি পান করুন এবং স্বাস্থ্যকর খাবার খান। ডাক্তারের পরামর্শ ছাড়া কোনো ওষুধ সেবন করবেন না। যদি সমস্যা বাড়তে থাকে বা তীব্র হয়, তাহলে দেরি না করে দ্রুত ডাক্তারের শরণাপন্ন হন। আশা করি এই উত্তরটি আপনাকে সাহায্য করবে। আরও কোনো প্রশ্ন থাকলে নির্দ্বিধায় জিজ্ঞাসা করতে পারেন। ধন্যবাদ।"
104980,"হেলো, নাসেনিয়া ডকে আপনাকে স্বাগতম। আপনার অনুসন্ধানের জন্য ধন্যবাদ। আমি আপনার প্রশ্নটি দেখেছি এবং আপনার উদ্বেগ বুঝতে পেরেছি। আমি যথাসাধ্য আপনাকে সাহায্য করার চেষ্টা করব। আপনার বর্ণনা করা লক্ষণগুলো বিভিন্ন কারণে হতে পারে এবং এর সঠিক কারণ নির্ণয়ের জন্য একটি বিস্তারিত পরীক্ষা প্রয়োজন। তাই আমি আপনাকে একজন বিশেষজ্ঞ ডাক্তারের সাথে সরাসরি পরামর্শ করার পরামর্শ দিচ্ছি। প্রয়োজনীয় পরীক্ষা-নিরীক্ষা করানো উচিত এবং রিপোর্ট অনুযায়ী চিকিৎসা শুরু করা যেতে পারে। এই সময়ে পর্যাপ্ত বিশ্রাম নিন, প্রচুর পানি পান করুন এবং স্বাস্থ্যকর খাবার খান। ডাক্তারের পরামর্শ ছাড়া কোনো ওষুধ সেবন করবেন না। যদি সমস্যা বাড়তে থাকে বা তীব্র হয়, তাহলে দেরি না করে দ্রুত ডাক্তারের শরণাপন্ন হন। আশা করি এই উত্তরটি আপনাকে সাহায্য করবে। আরও কোনো প্রশ্ন থাকলে নির্দ্বিধায় জিজ্ঞাসা করতে পারেন। ধন্যবাদ।"
21446,"হেলো, নাসেনিয়া ডকে আপনাকে স্বাগতম। আপনার অনুসন্ধানের জন্য ধন্যবাদ। আমি আপনার প্রশ্নটি দেখেছি এবং আপনার উদ্বেগ বুঝতে পেরেছি। আমি যথাসাধ্য আপনাকে সাহায্য করার চেষ্টা করব। আপনার বর্ণনা করা লক্ষণগুলো বিভিন্ন কারণে হতে পারে এবং এর সঠিক কারণ নির্ণয়ের জন্য একটি বিস্তারিত পরীক্ষা প্রয়োজন। তাই আমি আপনাকে একজন বিশেষজ্ঞ ডাক্তারের সাথে সরাসরি পরামর্শ করার পরামর্শ দিচ্ছি। প্রয়োজনীয় পরীক্ষা-নিরীক্ষা করানো উচিত এবং রিপোর্ট অনুযায়ী চিকিৎসা শুরু করা যেতে পারে। এই সময়ে পর্যাপ্ত বিশ্রাম নিন, প্রচুর পানি পান করুন এবং স্বাস্থ্যকর খাবার খান। ডাক্তারের পরামর্শ ছাড়া কোনো ওষুধ সেবন করবেন না। যদি সমস্যা বাড়তে থাকে বা তীব্র হয়, তাহলে দেরি না করে দ্রুত ডাক্তারের শরণাপন্ন হন। আশা করি এই উত্তরটি আপনাকে সাহায্য করবে। আরও কোনো প্রশ্ন থাকলে নির্দ্বিধায় জিজ্ঞাসা করতে পারেন। ধন্যবাদ।"
106800,"হেলো, নাসেনিয়া ডকে আপনাকে স্বাগতম। আপনার অনুসন্ধানের জন্য ধন্যবাদ। আমি আপনার প্রশ্নটি দেখেছি এবং আপনার উদ্বেগ বুঝতে পেরেছি। আমি যথাসাধ্য আপনাকে সাহায্য করার চেষ্টা করব। আপনার বর্ণনা করা লক্ষণগুলো বিভিন্ন কারণে হতে পারে এবং এর সঠিক কারণ নির্ণয়ের জন্য একটি বিস্তারিত পরীক্ষা প্রয়োজন। তাই আমি আপনাকে একজন বিশেষজ্ঞ ডাক্তারের সাথে সরাসরি পরামর্শ করার পরামর্শ দিচ্ছি। প্রয়োজনীয় পরীক্ষা-নিরীক্ষা করানো উচিত এবং রিপোর্ট অনুযায়ী চিকিৎসা শুরু করা যেতে পারে। এই সময়ে পর্যাপ্ত বিশ্রাম নিন, প্রচুর পানি পান করুন এবং স্বাস্থ্যকর খাবার খান। ডাক্তারের পরামর্শ ছাড়া কোনো ওষুধ সেবন করবেন না। যদি সমস্যা বাড়তে থাকে বা তীব্র হয়, তাহলে দেরি না করে দ্রুত ডাক্তারের শরণাপন্ন হন। আশা করি এই উত্তরটি আপনাকে সাহায্য করবে। আরও কোনো প্রশ্ন থাকলে নির্দ্বিধায় জিজ্ঞাসা করতে পারেন। ধন্যবাদ।"
11922,"হেলো, নাসেনিয়া ডকে আপনাকে স্বাগতম। আপনার অনুসন্ধানের জন্য ধন্যবাদ। আমি আপনার প্রশ্নটি দেখেছি এবং আপনার উদ্বেগ বুঝতে পেরেছি। আমি যথাসাধ্য আপনাকে সাহায্য করার চেষ্টা করব। আপনার বর্ণনা করা লক্ষণগুলো বিভিন্ন কারণে হতে পারে এবং এর সঠিক কারণ নির্ণয়ের জন্য একটি বিস্তারিত পরীক্ষা প্রয়োজন। তাই আমি আপনাকে একজন বিশেষজ্ঞ ডাক্তারের সাথে সরাসরি পরামর্শ করার পরামর্শ দিচ্ছি। প্রয়োজনীয় পরীক্ষা-নিরীক্ষা করানো উচিত এবং রিপোর্ট অনুযায়ী চিকিৎসা শুরু করা যেতে পারে। এই সময়ে পর্যাপ্ত বিশ্রাম নিন, প্রচুর পানি পান করুন এবং স্বাস্থ্যকর খাবার খান। ডাক্তারের পরামর্শ ছাড়া কোনো ওষুধ সেবন করবেন না। যদি সমস্যা বাড়তে থাকে বা তীব্র হয়, তাহলে দেরি না করে দ্রুত ডাক্তারের শরণাপন্ন হন। আশা করি এই উত্তরটি আপনাকে সাহায্য করবে। আরও কোনো প্রশ্ন থাকলে নির্দ্বিধায় জিজ্ঞাসা করতে পারেন। ধন্যবাদ।"
96407,"হেলো, নাসেনিয়া ডকে আপনাকে স্বাগতম। আপনার অনুসন্ধানের জন্য ধন্যবাদ। আমি আপনার প্রশ্নটি দেখেছি এবং আপনার উদ্বেগ বুঝতে পেরেছি। আমি যথাসাধ্য আপনাকে সাহায্য করার চেষ্টা করব। আপনার বর্ণনা করা লক্ষণগুলো বিভিন্ন কারণে হতে পারে এবং এর সঠিক কারণ নির্ণয়ের জন্য একটি বিস্তারিত পরীক্ষা প্রয়োজন। তাই আমি আপনাকে একজন বিশেষজ্ঞ ডাক্তারের সাথে সরাসরি পরামর্শ করার পরামর্শ দিচ্ছি। প্রয়োজনীয় পরীক্ষা-নিরীক্ষা করানো উচিত এবং রিপোর্ট অনুযায়ী চিকিৎসা শুরু করা যেতে পারে। এই সময়ে পর্যাপ্ত বিশ্রাম নিন, প্রচুর পানি পান করুন এবং স্বাস্থ্যকর খাবার খান। ডাক্তারের পরামর্শ ছাড়া কোনো ওষুধ সেবন করবেন না। যদি সমস্যা বাড়তে থাকে বা তীব্র হয়, তাহলে দেরি না করে দ্রুত ডাক্তারের শরণাপন্ন হন। আশা করি এই উত্তরটি আপনাকে সাহায্য করবে। আরও কোনো প্রশ্ন থাকলে নির্দ্বিধায় জিজ্ঞাসা করতে পারেন। ধন্যবাদ।"
81295,"হেলো, নাসেনিয়া ডকে আপনাকে স্বাগতম। আপনার অনুসন্ধানের জন্য ধন্যবাদ। আমি আপনার প্রশ্নটি দেখেছি এবং আপনার উদ্বেগ বুঝতে পেরেছি। আমি যথাসাধ্য আপনাকে সাহায্য করার চেষ্টা করব। আপনার বর্ণনা করা লক্ষণগুলো বিভিন্ন কারণে হতে পারে এবং এর সঠিক কারণ নির্ণয়ের জন্য একটি বিস্তারিত পরীক্ষা প্রয়োজন। তাই আমি আপনাকে একজন বিশেষজ্ঞ ডাক্তারের সাথে সরাসরি পরামর্শ করার পরামর্শ দিচ্ছি। প্রয়োজনীয় পরীক্ষা-নিরীক্ষা করানো উচিত এবং রিপোর্ট অনুযায়ী চিকিৎসা শুরু করা যেতে পারে। এই সময়ে পর্যাপ্ত বিশ্রাম নিন, প্রচুর পানি পান করুন এবং স্বাস্থ্যকর খাবার খান। ডাক্তারের পরামর্শ ছাড়া কোনো ওষুধ সেবন করবেন না। যদি সমস্যা বাড়তে থাকে বা তীব্র হয়, তাহলে দেরি না করে দ্রুত ডাক্তারের শরণাপন্ন হন। আশা করি এই উত্তরটি আপনাকে সাহায্য করবে। আরও কোনো প্রশ্ন থাকলে নির্দ্বিধায় জিজ্ঞাসা করতে পারেন। ধন্যবাদ।"
43413,"হেলো, নাসেনিয়া ডকে আপনাকে স্বাগতম। আপনার অনুসন্ধানের জন্য ধন্যবাদ। আমি আপনার প্রশ্নটি দেখেছি এবং আপনার উদ্বেগ বুঝতে পেরেছি। আমি যথাসাধ্য আপনাকে সাহায্য করার চেষ্টা করব। আপনার বর্ণনা করা লক্ষণগুলো বিভিন্ন কারণে হতে পারে এবং এর সঠিক কারণ নির্ণয়ের জন্য একটি বিস্তারিত পরীক্ষা প্রয়োজন। তাই আমি আপনাকে একজন বিশেষজ্ঞ ডাক্তারের সাথে সরাসরি পরামর্শ করার পরামর্শ দিচ্ছি। প্রয়োজনীয় পরীক্ষা-নিরীক্ষা করানো উচিত এবং রিপোর্ট অনুযায়ী চিকিৎসা শুরু করা যেতে পারে। এই সময়ে পর্যাপ্ত বিশ্রাম নিন, প্রচুর পানি পান করুন এবং স্বাস্থ্যকর খাবার খান। ডাক্তারের পরামর্শ ছাড়া কোনো ওষুধ সেবন করবেন না। যদি সমস্যা বাড়তে থাকে বা তীব্র হয়, তাহলে দেরি না করে দ্রুত ডাক্তারের শরণাপন্ন হন। আশা করি এই উত্তরটি আপনাকে সাহায্য করবে। আরও কোনো প্রশ্ন থাকলে নির্দ্বিধায় জিজ্ঞাসা করতে পারেন। ধন্যবাদ।"
83999,"হেলো, নাসেনিয়া ডকে আপনাকে স্বাগতম। আপনার অনুসন্ধানের জন্য ধন্যবাদ। আমি আপনার প্রশ্নটি দেখেছি এবং আপনার উদ্বেগ বুঝতে পেরেছি। আমি যথাসাধ্য আপনাকে সাহায্য করার চেষ্টা করব। আপনার বর্ণনা করা লক্ষণগুলো বিভিন্ন কারণে হতে পারে এবং এর সঠিক কারণ নির্ণয়ের জন্য একটি বিস্তারিত পরীক্ষা প্রয়োজন। তাই আমি আপনাকে একজন বিশেষজ্ঞ ডাক্তারের সাথে সরাসরি পরামর্শ করার পরামর্শ দিচ্ছি। প্রয়োজনীয় পরীক্ষা-নিরীক্ষা করানো উচিত এবং রিপোর্ট অনুযায়ী চিকিৎসা শুরু করা যেতে পারে। এই সময়ে পর্যাপ্ত বিশ্রাম নিন, প্রচুর পানি পান করুন এবং স্বাস্থ্যকর খাবার খান। ডাক্তারের পরামর্শ ছাড়া কোনো ওষুধ সেবন করবেন না। যদি সমস্যা বাড়তে থাকে বা তীব্র হয়, তাহলে দেরি না করে দ্রুত ডাক্তারের শরণাপন্ন হন। আশা করি এই উত্তরটি আপনাকে সাহায্য করবে। আরও কোনো প্রশ্ন থাকলে নির্দ্বিধায় জিজ্ঞাসা করতে পারেন। ধন্যবাদ।"
65781,"হেলো, নাসেনিয়া ডকে আপনাকে স্বাগতম। আপনার অনুসন্ধানের জন্য ধন্যবাদ। আমি আপনার প্রশ্নটি দেখেছি এবং আপনার উদ্বেগ বুঝতে পেরেছি। আমি যথাসাধ্য আপনাকে সাহায্য করার চেষ্টা করব। আপনার বর্ণনা করা লক্ষণগুলো বিভিন্ন কারণে হতে পারে এবং এর সঠিক কারণ নির্ণয়ের জন্য একটি বিস্তারিত পরীক্ষা প্রয়োজন। তাই আমি আপনাকে একজন বিশেষজ্ঞ ডাক্তারের সাথে সরাসরি পরামর্শ করার পরামর্শ দিচ্ছি। প্রয়োজনীয় পরীক্ষা-নিরীক্ষা করানো উচিত এবং রিপোর্ট অনুযায়ী চিকিৎসা শুরু করা যেতে পারে। এই সময়ে পর্যাপ্ত বিশ্রাম নিন, প্রচুর পানি পান করুন এবং স্বাস্থ্যকর খাবার খান। ডাক্তারের পরামর্শ ছাড়া কোনো ওষুধ সেবন করবেন না। যদি সমস্যা বাড়তে থাকে বা তীব্র হয়, তাহলে দেরি না করে দ্রুত ডাক্তারের শরণাপন্ন হন। আশা করি এই উত্তরটি আপনাকে সাহায্য করবে। আরও কোনো প্রশ্ন থাকলে নির্দ্বিধায় জিজ্ঞাসা করতে পারেন। ধন্যবাদ।"
99786,"হেলো, নাসেনিয়া ডকে আপনাকে স্বাগতম। আপনার অনুসন্ধানের জন্য ধন্যবাদ। আমি আপনার প্রশ্নটি দেখেছি এবং আপনার উদ্বেগ বুঝতে পেরেছি। আমি যথাসাধ্য আপনাকে সাহায্য করার চেষ্টা করব। আপনার বর্ণনা করা লক্ষণগুলো বিভিন্ন কারণে হতে পারে এবং এর সঠিক কারণ নির্ণয়ের জন্য একটি বিস্তারিত পরীক্ষা প্রয়োজন। তাই আমি আপনাকে একজন বিশেষজ্ঞ ডাক্তারের সাথে সরাসরি পরামর্শ করার পরামর্শ দিচ্ছি। প্রয়োজনীয় পরীক্ষা-নিরীক্ষা করানো উচিত এবং রিপোর্ট অনুযায়ী চিকিৎসা শুরু করা যেতে পারে। এই সময়ে পর্যাপ্ত বিশ্রাম নিন, প্রচুর পানি পান করুন এবং স্বাস্থ্যকর খাবার খান। ডাক্তারের পরামর্শ ছাড়া কোনো ওষুধ সেবন করবেন না। যদি সমস্যা বাড়তে থাকে বা তীব্র হয়, তাহলে দেরি না করে দ্রুত ডাক্তারের শরণাপন্ন হন। আশা করি এই উত্তরটি আপনাকে সাহায্য করবে। আরও কোনো প্রশ্ন থাকলে নির্দ্বিধায় জিজ্ঞাসা করতে পারেন। ধন্যবাদ।"
11938,"হেলো, নাসেনিয়া ডকে আপনাকে স্বাগতম। আপনার অনুসন্ধানের জন্য ধন্যবাদ। আমি আপনার প্রশ্নটি দেখেছি এবং আপনার উদ্বেগ বুঝতে পেরেছি। আমি যথাসাধ্য আপনাকে সাহায্য করার চেষ্টা করব। আপনার বর্ণনা করা লক্ষণগুলো বিভিন্ন কারণে হতে পারে এবং এর সঠিক কারণ নির্ণয়ের জন্য একটি বিস্তারিত পরীক্ষা প্রয়োজন। তাই আমি আপনাকে একজন বিশেষজ্ঞ ডাক্তারের সাথে সরাসরি পরামর্শ করার পরামর্শ দিচ্ছি। প্রয়োজনীয় পরীক্ষা-নিরীক্ষা করানো উচিত এবং রিপোর্ট অনুযায়ী চিকিৎসা শুরু করা যেতে পারে। এই সময়ে পর্যাপ্ত বিশ্রাম নিন, প্রচুর পানি পান করুন এবং স্বাস্থ্যকর খাবার খান। ডাক্তারের পরামর্শ ছাড়া কোনো ওষুধ সেবন করবেন না। যদি সমস্যা বাড়তে থাকে বা তীব্র হয়, তাহলে দেরি না করে দ্রুত ডাক্তারের শরণাপন্ন হন। আশা করি এই উত্তরটি আপনাকে সাহায্য করবে। আরও কোনো প্রশ্ন থাকলে নির্দ্বিধায় জিজ্ঞাসা করতে পারেন। ধন্যবাদ।"
12769,"হেলো, নাসেনিয়া ডকে আপনাকে স্বাগতম। আপনার অনুসন্ধানের জন্য ধন্যবাদ। আমি আপনার প্রশ্নটি দেখেছি এবং আপনার উদ্বেগ বুঝতে পেরেছি। আমি যথাসাধ্য আপনাকে সাহায্য করার চেষ্টা করব। আপনার বর্ণনা করা লক্ষণগুলো বিভিন্ন কারণে হতে পারে এবং এর সঠিক কারণ নির্ণয়ের জন্য একটি বিস্তারিত পরীক্ষা প্রয়োজন। তাই আমি আপনাকে একজন বিশেষজ্ঞ ডাক্তারের সাথে সরাসরি পরামর্শ করার পরামর্শ দিচ্ছি। প্রয়োজনীয় পরীক্ষা-নিরীক্ষা করানো উচিত এবং রিপোর্ট অনুযায়ী চিকিৎসা শুরু করা যেতে পারে। এই সময়ে পর্যাপ্ত বিশ্রাম নিন, প্রচুর পানি পান করুন এবং স্বাস্থ্যকর খাবার খান। ডাক্তারের পরামর্শ ছাড়া কোনো ওষুধ সেবন করবেন না। যদি সমস্যা বাড়তে থাকে বা তীব্র হয়, তাহলে দেরি না করে দ্রুত ডাক্তারের শরণাপন্ন হন। আশা করি এই উত্তরটি আপনাকে সাহায্য করবে। আরও কোনো প্রশ্ন থাকলে নির্দ্বিধায় জিজ্ঞাসা করতে পারেন। ধন্যবাদ।"
60896,"হেলো, নাসেনিয়া ডকে আপনাকে স্বাগতম। আপনার অনুসন্ধানের জন্য ধন্যবাদ। আমি আপনার প্রশ্নটি দেখেছি এবং আপনার উদ্বেগ বুঝতে পেরেছি। আমি যথাসাধ্য আপনাকে সাহায্য করার চেষ্টা করব। আপনার বর্ণনা করা লক্ষণগুলো বিভিন্ন কারণে হতে পারে এবং এর সঠিক কারণ নির্ণয়ের জন্য একটি বিস্তারিত পরীক্ষা প্রয়োজন। তাই আমি আপনাকে একজন বিশেষজ্ঞ ডাক্তারের সাথে সরাসরি পরামর্শ করার পরামর্শ দিচ্ছি। প্রয়োজনীয় পরীক্ষা-নিরীক্ষা করানো উচিত এবং রিপোর্ট অনুযায়ী চিকিৎসা শুরু করা যেতে পারে। এই সময়ে পর্যাপ্ত বিশ্রাম নিন, প্রচুর পানি পান করুন এবং স্বাস্থ্যকর খাবার খান। ডাক্তারের পরামর্শ ছাড়া কোনো ওষুধ সেবন করবেন না। যদি সমস্যা বাড়তে থাকে বা তীব্র হয়, তাহলে দেরি না করে দ্রুত ডাক্তারের শরণাপন্ন হন। আশা করি এই উত্তরটি আপনাকে সাহায্য করবে। আরও কোনো প্রশ্ন থাকলে নির্দ্বিধায় জিজ্ঞাসা করতে পারেন। ধন্যবাদ।"
91084,"হেলো, নাসেনিয়া ডকে আপনাকে স্বাগতম। আপনার অনুসন্ধানের জন্য ধন্যবাদ। আমি আপনার প্রশ্নটি দেখেছি এবং আপনার উদ্বেগ বুঝতে পেরেছি। আমি যথাসাধ্য আপনাকে সাহায্য করার চেষ্টা করব। আপনার বর্ণনা করা লক্ষণগুলো বিভিন্ন কারণে হতে পারে এবং এর সঠিক কারণ নির্ণয়ের জন্য একটি বিস্তারিত পরীক্ষা প্রয়োজন। তাই আমি আপনাকে একজন বিশেষজ্ঞ ডাক্তারের সাথে সরাসরি পরামর্শ করার পরামর্শ দিচ্ছি। প্রয়োজনীয় পরীক্ষা-নিরীক্ষা করানো উচিত এবং রিপোর্ট অনুযায়ী চিকিৎসা শুরু করা যেতে পারে। এই সময়ে পর্যাপ্ত বিশ্রাম নিন, প্রচুর পানি পান করুন এবং স্বাস্থ্যকর খাবার খান। ডাক্তারের পরামর্শ ছাড়া কোনো ওষুধ সেবন করবেন না। যদি সমস্যা বাড়তে থাকে বা তীব্র হয়, তাহলে দেরি না করে দ্রুত ডাক্তারের শরণাপন্ন হন। আশা করি এই উত্তরটি আপনাকে সাহায্য করবে। আরও কোনো প্রশ্ন থাকলে নির্দ্বিধায় জিজ্ঞাসা করতে পারেন। ধন্যবাদ।"
84539,"হেলো, নাসেনিয়া ডকে আপনাকে স্বাগতম। আপনার অনুসন্ধানের জন্য ধন্যবাদ। আমি আপনার প্রশ্নটি দেখেছি এবং আপনার উদ্বেগ বুঝতে পেরেছি। আমি যথাসাধ্য আপনাকে সাহায্য করার চেষ্টা করব। আপনার বর্ণনা করা লক্ষণগুলো বিভিন্ন কারণে হতে পারে এবং এর সঠিক কারণ নির্ণয়ের জন্য একটি বিস্তারিত পরীক্ষা প্রয়োজন। তাই আমি আপনাকে একজন বিশেষজ্ঞ ডাক্তারের সাথে সরাসরি পরামর্শ করার পরামর্শ দিচ্ছি। প্রয়োজনীয় পরীক্ষা-নিরীক্ষা করানো উচিত এবং রিপোর্ট অনুযায়ী চিকিৎসা শুরু করা যেতে পারে। এই সময়ে পর্যাপ্ত বিশ্রাম নিন, প্রচুর পানি পান করুন এবং স্বাস্থ্যকর খাবার খান। ডাক্তারের পরামর্শ ছাড়া কোনো ওষুধ সেবন করবেন না। যদি সমস্যা বাড়তে থাকে বা তীব্র হয়, তাহলে দেরি না করে দ্রুত ডাক্তারের শরণাপন্ন হন। আশা করি এই উত্তরটি আপনাকে সাহায্য করবে। আরও কোনো প্রশ্ন থাকলে নির্দ্বিধায় জিজ্ঞাসা করতে পারেন। ধন্যবাদ।"
56488,"হেলো, নাসেনিয়া ডকে আপনাকে স্বাগতম। আপনার অনুসন্ধানের জন্য ধন্যবাদ। আমি আপনার প্রশ্নটি দেখেছি এবং আপনার উদ্বেগ বুঝতে পেরেছি। আমি যথাসাধ্য আপনাকে সাহায্য করার চেষ্টা করব। আপনার বর্ণনা করা লক্ষণগুলো বিভিন্ন কারণে হতে পারে এবং এর সঠিক কারণ নির্ণয়ের জন্য একটি বিস্তারিত পরীক্ষা প্রয়োজন। তাই আমি আপনাকে একজন বিশেষজ্ঞ ডাক্তারের সাথে সরাসরি পরামর্শ করার পরামর্শ দিচ্ছি। প্রয়োজনীয় পরীক্ষা-নিরীক্ষা করানো উচিত এবং রিপোর্ট অনুযায়ী চিকিৎসা শুরু করা যেতে পারে। এই সময়ে পর্যাপ্ত বিশ্রাম নিন, প্রচুর পানি পান করুন এবং স্বাস্থ্যকর খাবার খান। ডাক্তারের পরামর্শ ছাড়া কোনো ওষুধ সেবন করবেন না। যদি সমস্যা বাড়তে থাকে বা তীব্র হয়, তাহলে দেরি না করে দ্রুত ডাক্তারের শরণাপন্ন হন। আশা করি এই উত্তরটি আপনাকে সাহায্য করবে। আরও কোনো প্রশ্ন থাকলে নির্দ্বিধায় জিজ্ঞাসা করতে পারেন। ধন্যবাদ।"
104563,"হেলো, নাসেনিয়া ডকে আপনাকে স্বাগতম। আপনার অনুসন্ধানের জন্য ধন্যবাদ। আমি আপনার প্রশ্নটি দেখেছি এবং আপনার উদ্বেগ বুঝতে পেরেছি। আমি যথাসাধ্য আপনাকে সাহায্য করার চেষ্টা করব। আপনার বর্ণনা করা লক্ষণগুলো বিভিন্ন কারণে হতে পারে এবং এর সঠিক কারণ নির্ণয়ের জন্য একটি বিস্তারিত পরীক্ষা প্রয়োজন। তাই আমি আপনাকে একজন বিশেষজ্ঞ ডাক্তারের সাথে সরাসরি পরামর্শ করার পরামর্শ দিচ্ছি। প্রয়োজনীয় পরীক্ষা-নিরীক্ষা করানো উচিত এবং রিপোর্ট অনুযায়ী চিকিৎসা শুরু করা যেতে পারে। এই সময়ে পর্যাপ্ত বিশ্রাম নিন, প্রচুর পানি পান করুন এবং স্বাস্থ্যকর খাবার খান। ডাক্তারের পরামর্শ ছাড়া কোনো ওষুধ সেবন করবেন না। যদি সমস্যা বাড়তে থাকে বা তীব্র হয়, তাহলে দেরি না করে দ্রুত ডাক্তারের শরণাপন্ন হন। আশা করি এই উত্তরটি আপনাকে সাহায্য করবে। আরও কোনো প্রশ্ন থাকলে নির্দ্বিধায় জিজ্ঞাসা করতে পারেন। ধন্যবাদ।"
24367,"হেলো, নাসেনিয়া ডকে আপনাকে স্বাগতম। আপনার অনুসন্ধানের জন্য ধন্যবাদ। আমি আপনার প্রশ্নটি দেখেছি এবং আপনার উদ্বেগ বুঝতে পেরেছি। আমি যথাসাধ্য আপনাকে সাহায্য করার চেষ্টা করব। আপনার বর্ণনা করা লক্ষণগুলো বিভিন্ন কারণে হতে পারে এবং এর সঠিক কারণ নির্ণয়ের জন্য একটি বিস্তারিত পরীক্ষা প্রয়োজন। তাই আমি আপনাকে একজন বিশেষজ্ঞ ডাক্তারের সাথে সরাসরি পরামর্শ করার পরামর্শ দিচ্ছি। প্রয়োজনীয় পরীক্ষা-নিরীক্ষা করানো উচিত এবং রিপোর্ট অনুযায়ী চিকিৎসা শুরু করা যেতে পারে। এই সময়ে পর্যাপ্ত বিশ্রাম নিন, প্রচুর পানি পান করুন এবং স্বাস্থ্যকর খাবার খান। ডাক্তারের পরামর্শ ছাড়া কোনো ওষুধ সেবন করবেন না। যদি সমস্যা বাড়তে থাকে বা তীব্র হয়, তাহলে দেরি না করে দ্রুত ডাক্তারের শরণাপন্ন হন। আশা করি এই উত্তরটি আপনাকে সাহায্য করবে। আরও কোনো প্রশ্ন থাকলে নির্দ্বিধায় জিজ্ঞাসা করতে পারেন। ধন্যবাদ।"
275,"হেলো, নাসেনিয়া ডকে আপনাকে স্বাগতম। আপনার অনুসন্ধানের জন্য ধন্যবাদ। আমি আপনার প্রশ্নটি দেখেছি এবং আপনার উদ্বেগ বুঝতে পেরেছি। আমি যথাসাধ্য আপনাকে সাহায্য করার চেষ্টা করব। আপনার বর্ণনা করা লক্ষণগুলো বিভিন্ন কারণে হতে পারে এবং এর সঠিক কারণ নির্ণয়ের জন্য একটি বিস্তারিত পরীক্ষা প্রয়োজন। তাই আমি আপনাকে একজন বিশেষজ্ঞ ডাক্তারের সাথে সরাসরি পরামর্শ করার পরামর্শ দিচ্ছি। প্রয়োজনীয় পরীক্ষা-নিরীক্ষা করানো উচিত এবং রিপোর্ট অনুযায়ী চিকিৎসা শুরু করা যেতে পারে। এই সময়ে পর্যাপ্ত বিশ্রাম নিন, প্রচুর পানি পান করুন এবং স্বাস্থ্যকর খাবার খান। ডাক্তারের পরামর্শ ছাড়া কোনো ওষুধ সেবন করবেন না। যদি সমস্যা বাড়তে থাকে বা তীব্র হয়, তাহলে দেরি না করে দ্রুত ডাক্তারের শরণাপন্ন হন। আশা করি এই উত্তরটি আপনাকে সাহায্য করবে। আরও কোনো প্রশ্ন থাকলে নির্দ্বিধায় জিজ্ঞাসা করতে পারেন। ধন্যবাদ।"
43795,"হেলো, নাসেনিয়া ডকে আপনাকে স্বাগতম। আপনার অনুসন্ধানের জন্য ধন্যবাদ। আমি আপনার প্রশ্নটি দেখেছি এবং আপনার উদ্বেগ বুঝতে পেরেছি। আমি যথাসাধ্য আপনাকে সাহায্য করার চেষ্টা করব। আপনার বর্ণনা করা লক্ষণগুলো বিভিন্ন কারণে হতে পারে এবং এর সঠিক কারণ নির্ণয়ের জন্য একটি বিস্তারিত পরীক্ষা প্রয়োজন। তাই আমি আপনাকে একজন বিশেষজ্ঞ ডাক্তারের সাথে সরাসরি পরামর্শ করার পরামর্শ দিচ্ছি। প্রয়োজনীয় পরীক্ষা-নিরীক্ষা করানো উচিত এবং রিপোর্ট অনুযায়ী চিকিৎসা শুরু করা যেতে পারে। এই সময়ে পর্যাপ্ত বিশ্রাম নিন, প্রচুর পানি পান করুন এবং স্বাস্থ্যকর খাবার খান। ডাক্তারের পরামর্শ ছাড়া কোনো ওষুধ সেবন করবেন না। যদি সমস্যা বাড়তে থাকে বা তীব্র হয়, তাহলে দেরি না করে দ্রুত ডাক্তারের শরণাপন্ন হন। আশা করি এই উত্তরটি আপনাকে সাহায্য করবে। আরও কোনো প্রশ্ন থাকলে নির্দ্বিধায় জিজ্ঞাসা করতে পারেন। ধন্যবাদ।"
104399,"হেলো, নাসেনিয়া ডকে আপনাকে স্বাগতম। আপনার অনুসন্ধানের জন্য ধন্যবাদ। আমি আপনার প্রশ্নটি দেখেছি এবং আপনার উদ্বেগ বুঝতে পেরেছি। আমি যথাসাধ্য আপনাকে সাহায্য করার চেষ্টা করব। আপনার বর্ণনা করা লক্ষণগুলো বিভিন্ন কারণে হতে পারে এবং এর সঠিক কারণ নির্ণয়ের জন্য একটি বিস্তারিত পরীক্ষা প্রয়োজন। তাই আমি আপনাকে একজন বিশেষজ্ঞ ডাক্তারের সাথে সরাসরি পরামর্শ করার পরামর্শ দিচ্ছি। প্রয়োজনীয় পরীক্ষা-নিরীক্ষা করানো উচিত এবং রিপোর্ট অনুযায়ী চিকিৎসা শুরু করা যেতে পারে। এই সময়ে পর্যাপ্ত বিশ্রাম নিন, প্রচুর পানি পান করুন এবং স্বাস্থ্যকর খাবার খান। ডাক্তারের পরামর্শ ছাড়া কোনো ওষুধ সেবন করবেন না। যদি সমস্যা বাড়তে থাকে বা তীব্র হয়, তাহলে দেরি না করে দ্রুত ডাক্তারের শরণাপন্ন হন। আশা করি এই উত্তরটি আপনাকে সাহায্য করবে। আরও কোনো প্রশ্ন থাকলে নির্দ্বিধায় জিজ্ঞাসা করতে পারেন। ধন্যবাদ।"
83028,"হেলো, নাসেনিয়া ডকে আপনাকে স্বাগতম। আপনার অনুসন্ধানের জন্য ধন্যবাদ। আমি আপনার প্রশ্নটি দেখেছি এবং আপনার উদ্বেগ বুঝতে পেরেছি। আমি যথাসাধ্য আপনাকে সাহায্য করার চেষ্টা করব। আপনার বর্ণনা করা লক্ষণগুলো বিভিন্ন কারণে হতে পারে এবং এর সঠিক কারণ নির্ণয়ের জন্য একটি বিস্তারিত পরীক্ষা প্রয়োজন। তাই আমি আপনাকে একজন বিশেষজ্ঞ ডাক্তারের সাথে সরাসরি পরামর্শ করার পরামর্শ দিচ্ছি। প্রয়োজনীয় পরীক্ষা-নিরীক্ষা করানো উচিত এবং রিপোর্ট অনুযায়ী চিকিৎসা শুরু করা যেতে পারে। এই সময়ে পর্যাপ্ত বিশ্রাম নিন, প্রচুর পানি পান করুন এবং স্বাস্থ্যকর খাবার খান। ডাক্তারের পরামর্শ ছাড়া কোনো ওষুধ সেবন করবেন না। যদি সমস্যা বাড়তে থাকে বা তীব্র হয়, তাহলে দেরি না করে দ্রুত ডাক্তারের শরণাপন্ন হন। আশা করি এই উত্তরটি আপনাকে সাহায্য করবে। আরও কোনো প্রশ্ন থাকলে নির্দ্বিধায় জিজ্ঞাসা করতে পারেন। ধন্যবাদ।"
87669,"হেলো, নাসেনিয়া ডকে আপনাকে স্বাগতম। আপনার অনুসন্ধানের জন্য ধন্যবাদ। আমি আপনার প্রশ্নটি দেখেছি এবং আপনার উদ্বেগ বুঝতে পেরেছি। আমি যথাসাধ্য আপনাকে সাহায্য করার চেষ্টা করব। আপনার বর্ণনা করা লক্ষণগুলো বিভিন্ন কারণে হতে পারে এবং এর সঠিক কারণ নির্ণয়ের জন্য একটি বিস্তারিত পরীক্ষা প্রয়োজন। তাই আমি আপনাকে একজন বিশেষজ্ঞ ডাক্তারের সাথে সরাসরি পরামর্শ করার পরামর্শ দিচ্ছি। প্রয়োজনীয় পরীক্ষা-নিরীক্ষা করানো উচিত এবং রিপোর্ট অনুযায়ী চিকিৎসা শুরু করা যেতে পারে। এই সময়ে পর্যাপ্ত বিশ্রাম নিন, প্রচুর পানি পান করুন এবং স্বাস্থ্যকর খাবার খান। ডাক্তারের পরামর্শ ছাড়া কোনো ওষুধ সেবন করবেন না। যদি সমস্যা বাড়তে থাকে বা তীব্র হয়, তাহলে দেরি না করে দ্রুত ডাক্তারের শরণাপন্ন হন। আশা করি এই উত্তরটি আপনাকে সাহায্য করবে। আরও কোনো প্রশ্ন থাকলে নির্দ্বিধায় জিজ্ঞাসা করতে পারেন। ধন্যবাদ।"
28476,"হেলো, নাসেনিয়া ডকে আপনাকে স্বাগতম। আপনার অনুসন্ধানের জন্য ধন্যবাদ। আমি আপনার প্রশ্নটি দেখেছি এবং আপনার উদ্বেগ বুঝতে পেরেছি। আমি যথাসাধ্য আপনাকে সাহায্য করার চেষ্টা করব। আপনার বর্ণনা করা লক্ষণগুলো বিভিন্ন কারণে হতে পারে এবং এর সঠিক কারণ নির্ণয়ের জন্য একটি বিস্তারিত পরীক্ষা প্রয়োজন। তাই আমি আপনাকে একজন বিশেষজ্ঞ ডাক্তারের সাথে সরাসরি পরামর্শ করার পরামর্শ দিচ্ছি। প্রয়োজনীয় পরীক্ষা-নিরীক্ষা করানো উচিত এবং রিপোর্ট অনুযায়ী চিকিৎসা শুরু করা যেতে পারে। এই সময়ে পর্যাপ্ত বিশ্রাম নিন, প্রচুর পানি পান করুন এবং স্বাস্থ্যকর খাবার খান। ডাক্তারের পরামর্শ ছাড়া কোনো ওষুধ সেবন করবেন না। যদি সমস্যা বাড়তে থাকে বা তীব্র হয়, তাহলে দেরি না করে দ্রুত ডাক্তারের শরণাপন্ন হন। আশা করি এই উত্তরটি আপনাকে সাহায্য করবে। আরও কোনো প্রশ্ন থাকলে নির্দ্বিধায় জিজ্ঞাসা করতে পারেন। ধন্যবাদ।"
24719,"হেলো, নাসেনিয়া ডকে আপনাকে স্বাগতম। আপনার অনুসন্ধানের জন্য ধন্যবাদ। আমি আপনার প্রশ্নটি দেখেছি এবং আপনার উদ্বেগ বুঝতে পেরেছি। আমি যথাসাধ্য আপনাকে সাহায্য করার চেষ্টা করব। আপনার বর্ণনা করা লক্ষণগুলো বিভিন্ন কারণে হতে পারে এবং এর সঠিক কারণ নির্ণয়ের জন্য একটি বিস্তারিত পরীক্ষা প্রয়োজন। তাই আমি আপনাকে একজন বিশেষজ্ঞ ডাক্তারের সাথে সরাসরি পরামর্শ করার পরামর্শ দিচ্ছি। প্রয়োজনীয় পরীক্ষা-নিরীক্ষা করানো উচিত এবং রিপোর্ট অনুযায়ী চিকিৎসা শুরু করা যেতে পারে। এই সময়ে পর্যাপ্ত বিশ্রাম নিন, প্রচুর পানি পান করুন এবং স্বাস্থ্যকর খাবার খান। ডাক্তারের পরামর্শ ছাড়া কোনো ওষুধ সেবন করবেন না। যদি সমস্যা বাড়তে থাকে বা তীব্র হয়, তাহলে দেরি না করে দ্রুত ডাক্তারের শরণাপন্ন হন। আশা করি এই উত্তরটি আপনাকে সাহায্য করবে। আরও কোনো প্রশ্ন থাকলে নির্দ্বিধায় জিজ্ঞাসা করতে পারেন। ধন্যবাদ।"
82206,"হেলো, নাসেনিয়া ডকে আপনাকে স্বাগতম। আপনার অনুসন্ধানের জন্য ধন্যবাদ। আমি আপনার প্রশ্নটি দেখেছি এবং আপনার উদ্বেগ বুঝতে পেরেছি। আমি যথাসাধ্য আপনাকে সাহায্য করার চেষ্টা করব। আপনার বর্ণনা করা লক্ষণগুলো বিভিন্ন কারণে হতে পারে এবং এর সঠিক কারণ নির্ণয়ের জন্য একটি বিস্তারিত পরীক্ষা প্রয়োজন। তাই আমি আপনাকে একজন বিশেষজ্ঞ ডাক্তারের সাথে সরাসরি পরামর্শ করার পরামর্শ দিচ্ছি। প্রয়োজনীয় পরীক্ষা-নিরীক্ষা করানো উচিত এবং রিপোর্ট অনুযায়ী চিকিৎসা শুরু করা যেতে পারে। এই সময়ে পর্যাপ্ত বিশ্রাম নিন, প্রচুর পানি পান করুন এবং স্বাস্থ্যকর খাবার খান। ডাক্তারের পরামর্শ ছাড়া কোনো ওষুধ সেবন করবেন না। যদি সমস্যা বাড়তে থাকে বা তীব্র হয়, তাহলে দেরি না করে দ্রুত ডাক্তারের শরণাপন্ন হন। আশা করি এই উত্তরটি আপনাকে সাহায্য করবে। আরও কোনো প্রশ্ন থাকলে নির্দ্বিধায় জিজ্ঞাসা করতে পারেন। ধন্যবাদ।"
897,"হেলো, নাসেনিয়া ডকে আপনাকে স্বাগতম। আপনার অনুসন্ধানের জন্য ধন্যবাদ। আমি আপনার প্রশ্নটি দেখেছি এবং আপনার উদ্বেগ বুঝতে পেরেছি। আমি যথাসাধ্য আপনাকে সাহায্য করার চেষ্টা করব। আপনার বর্ণনা করা লক্ষণগুলো বিভিন্ন কারণে হতে পারে এবং এর সঠিক কারণ নির্ণয়ের জন্য একটি বিস্তারিত পরীক্ষা প্রয়োজন। তাই আমি আপনাকে একজন বিশেষজ্ঞ ডাক্তারের সাথে সরাসরি পরামর্শ করার পরামর্শ দিচ্ছি। প্রয়োজনীয় পরীক্ষা-নিরীক্ষা করানো উচিত এবং রিপোর্ট অনুযায়ী চিকিৎসা শুরু করা যেতে পারে। এই সময়ে পর্যাপ্ত বিশ্রাম নিন, প্রচুর পানি পান করুন এবং স্বাস্থ্যকর খাবার খান। ডাক্তারের পরামর্শ ছাড়া কোনো ওষুধ সেবন করবেন না। যদি সমস্যা বাড়তে থাকে বা তীব্র হয়, তাহলে দেরি না করে দ্রুত ডাক্তারের শরণাপন্ন হন। আশা করি এই উত্তরটি আপনাকে সাহায্য করবে। আরও কোনো প্রশ্ন থাকলে নির্দ্বিধায় জিজ্ঞাসা করতে পারেন। ধন্যবাদ।"
98103,"হেলো, নাসেনিয়া ডকে আপনাকে স্বাগতম। আপনার অনুসন্ধানের জন্য ধন্যবাদ। আমি আপনার প্রশ্নটি দেখেছি এবং আপনার উদ্বেগ বুঝতে পেরেছি। আমি যথাসাধ্য আপনাকে সাহায্য করার চেষ্টা করব। আপনার বর্ণনা করা লক্ষণগুলো বিভিন্ন কারণে হতে পারে এবং এর সঠিক কারণ নির্ণয়ের জন্য একটি বিস্তারিত পরীক্ষা প্রয়োজন। তাই আমি আপনাকে একজন বিশেষজ্ঞ ডাক্তারের সাথে সরাসরি পরামর্শ করার পরামর্শ দিচ্ছি। প্রয়োজনীয় পরীক্ষা-নিরীক্ষা করানো উচিত এবং রিপোর্ট অনুযায়ী চিকিৎসা শুরু করা যেতে পারে। এই সময়ে পর্যাপ্ত বিশ্রাম নিন, প্রচুর পানি পান করুন এবং স্বাস্থ্যকর খাবার খান। ডাক্তারের পরামর্শ ছাড়া কোনো ওষুধ সেবন করবেন না। যদি সমস্যা বাড়তে থাকে বা তীব্র হয়, তাহলে দেরি না করে দ্রুত ডাক্তারের শরণাপন্ন হন। আশা করি এই উত্তরটি আপনাকে সাহায্য করবে। আরও কোনো প্রশ্ন থাকলে নির্দ্বিধায় জিজ্ঞাসা করতে পারেন। ধন্যবাদ।"
1414,"হেলো, নাসেনিয়া ডকে আপনাকে স্বাগতম। আপনার অনুসন্ধানের জন্য ধন্যবাদ। আমি আপনার প্রশ্নটি দেখেছি এবং আপনার উদ্বেগ বুঝতে পেরেছি। আমি যথাসাধ্য আপনাকে সাহায্য করার চেষ্টা করব। আপনার বর্ণনা করা লক্ষণগুলো বিভিন্ন কারণে হতে পারে এবং এর সঠিক কারণ নির্ণয়ের জন্য একটি বিস্তারিত পরীক্ষা প্রয়োজন। তাই আমি আপনাকে একজন বিশেষজ্ঞ ডাক্তারের সাথে সরাসরি পরামর্শ করার পরামর্শ দিচ্ছি। প্রয়োজনীয় পরীক্ষা-নিরীক্ষা করানো উচিত এবং রিপোর্ট অনুযায়ী চিকিৎসা শুরু করা যেতে পারে। এই সময়ে পর্যাপ্ত বিশ্রাম নিন, প্রচুর পানি পান করুন এবং স্বাস্থ্যকর খাবার খান। ডাক্তারের পরামর্শ ছাড়া কোনো ওষুধ সেবন করবেন না। যদি সমস্যা বাড়তে থাকে বা তীব্র হয়, তাহলে দেরি না করে দ্রুত ডাক্তারের শরণাপন্ন হন। আশা করি এই উত্তরটি আপনাকে সাহায্য করবে। আরও কোনো প্রশ্ন থাকলে নির্দ্বিধায় জিজ্ঞাসা করতে পারেন। ধন্যবাদ।"
58292,"হেলো, নাসেনিয়া ডকে আপনাকে স্বাগতম। আপনার অনুসন্ধানের জন্য ধন্যবাদ। আমি আপনার প্রশ্নটি দেখেছি এবং আপনার উদ্বেগ বুঝতে পেরেছি। আমি যথাসাধ্য আপনাকে সাহায্য করার চেষ্টা করব। আপনার বর্ণনা করা লক্ষণগুলো বিভিন্ন কারণে হতে পারে এবং এর সঠিক কারণ নির্ণয়ের জন্য একটি বিস্তারিত পরীক্ষা প্রয়োজন। তাই আমি আপনাকে একজন বিশেষজ্ঞ ডাক্তারের সাথে সরাসরি পরামর্শ করার পরামর্শ দিচ্ছি। প্রয়োজনীয় পরীক্ষা-নিরীক্ষা করানো উচিত এবং রিপোর্ট অনুযায়ী চিকিৎসা শুরু করা যেতে পারে। এই সময়ে পর্যাপ্ত বিশ্রাম নিন, প্রচুর পানি পান করুন এবং স্বাস্থ্যকর খাবার খান। ডাক্তারের পরামর্শ ছাড়া কোনো ওষুধ সেবন করবেন না। যদি সমস্যা বাড়তে থাকে বা তীব্র হয়, তাহলে দেরি না করে দ্রুত ডাক্তারের শরণাপন্ন হন। আশা করি এই উত্তরটি আপনাকে সাহায্য করবে। আরও কোনো প্রশ্ন থাকলে নির্দ্বিধায় জিজ্ঞাসা করতে পারেন। ধন্যবাদ।"
83160,"হেলো, নাসেনিয়া ডকে আপনাকে স্বাগতম। আপনার অনুসন্ধানের জন্য ধন্যবাদ। আমি আপনার প্রশ্নটি দেখেছি এবং আপনার উদ্বেগ বুঝতে পেরেছি। আমি যথাসাধ্য আপনাকে সাহায্য করার চেষ্টা করব। আপনার বর্ণনা করা লক্ষণগুলো বিভিন্ন কারণে হতে পারে এবং এর সঠিক কারণ নির্ণয়ের জন্য একটি বিস্তারিত পরীক্ষা প্রয়োজন। তাই আমি আপনাকে একজন বিশেষজ্ঞ ডাক্তারের সাথে সরাসরি পরামর্শ করার পরামর্শ দিচ্ছি। প্রয়োজনীয় পরীক্ষা-নিরীক্ষা করানো উচিত এবং রিপোর্ট অনুযায়ী চিকিৎসা শুরু করা যেতে পারে। এই সময়ে পর্যাপ্ত বিশ্রাম নিন, প্রচুর পানি পান করুন এবং স্বাস্থ্যকর খাবার খান। ডাক্তারের পরামর্শ ছাড়া কোনো ওষুধ সেবন করবেন না। যদি সমস্যা বাড়তে থাকে বা তীব্র হয়, তাহলে দেরি না করে দ্রুত ডাক্তারের শরণাপন্ন হন। আশা করি এই উত্তরটি আপনাকে সাহায্য করবে। আরও কোনো প্রশ্ন থাকলে নির্দ্বিধায় জিজ্ঞাসা করতে পারেন। ধন্যবাদ।"
74344,"হেলো, নাসেনিয়া ডকে আপনাকে স্বাগতম। আপনার অনুসন্ধানের জন্য ধন্যবাদ। আমি আপনার প্রশ্নটি দেখেছি এবং আপনার উদ্বেগ বুঝতে পেরেছি। আমি যথাসাধ্য আপনাকে সাহায্য করার চেষ্টা করব। আপনার বর্ণনা করা লক্ষণগুলো বিভিন্ন কারণে হতে পারে এবং এর সঠিক কারণ নির্ণয়ের জন্য একটি বিস্তারিত পরীক্ষা প্রয়োজন। তাই আমি আপনাকে একজন বিশেষজ্ঞ ডাক্তারের সাথে সরাসরি পরামর্শ করার পরামর্শ দিচ্ছি। প্রয়োজনীয় পরীক্ষা-নিরীক্ষা করানো উচিত এবং রিপোর্ট অনুযায়ী চিকিৎসা শুরু করা যেতে পারে। এই সময়ে পর্যাপ্ত বিশ্রাম নিন, প্রচুর পানি পান করুন এবং স্বাস্থ্যকর খাবার খান। ডাক্তারের পরামর্শ ছাড়া কোনো ওষুধ সেবন করবেন না। যদি সমস্যা বাড়তে থাকে বা তীব্র হয়, তাহলে দেরি না করে দ্রুত ডাক্তারের শরণাপন্ন হন। আশা করি এই উত্তরটি আপনাকে সাহায্য করবে। আরও কোনো প্রশ্ন থাকলে নির্দ্বিধায় জিজ্ঞাসা করতে পারেন। ধন্যবাদ।"
61024,"হেলো, নাসেনিয়া ডকে আপনাকে স্বাগতম। আপনার অনুসন্ধানের জন্য ধন্যবাদ। আমি আপনার প্রশ্নটি দেখেছি এবং আপনার উদ্বেগ বুঝতে পেরেছি। আমি যথাসাধ্য আপনাকে সাহায্য করার চেষ্টা করব। আপনার বর্ণনা করা লক্ষণগুলো বিভিন্ন কারণে হতে পারে এবং এর সঠিক কারণ নির্ণয়ের জন্য একটি বিস্তারিত পরীক্ষা প্রয়োজন। তাই আমি আপনাকে একজন বিশেষজ্ঞ ডাক্তারের সাথে সরাসরি পরামর্শ করার পরামর্শ দিচ্ছি। প্রয়োজনীয় পরীক্ষা-নিরীক্ষা করানো উচিত এবং রিপোর্ট অনুযায়ী চিকিৎসা শুরু করা যেতে পারে। এই সময়ে পর্যাপ্ত বিশ্রাম নিন, প্রচুর পানি পান করুন এবং স্বাস্থ্যকর খাবার খান। ডাক্তারের পরামর্শ ছাড়া কোনো ওষুধ সেবন করবেন না। যদি সমস্যা বাড়তে থাকে বা তীব্র হয়, তাহলে দেরি না করে দ্রুত ডাক্তারের শরণাপন্ন হন। আশা করি এই উত্তরটি আপনাকে সাহায্য করবে। আরও কোনো প্রশ্ন থাকলে নির্দ্বিধায় জিজ্ঞাসা করতে পারেন। ধন্যবাদ।"
73459,"হেলো, নাসেনিয়া ডকে আপনাকে স্বাগতম। আপনার অনুসন্ধানের জন্য ধন্যবাদ। আমি আপনার প্রশ্নটি দেখেছি এবং আপনার উদ্বেগ বুঝতে পেরেছি। আমি যথাসাধ্য আপনাকে সাহায্য করার চেষ্টা করব। আপনার বর্ণনা করা লক্ষণগুলো বিভিন্ন কারণে হতে পারে এবং এর সঠিক কারণ নির্ণয়ের জন্য একটি বিস্তারিত পরীক্ষা প্রয়োজন। তাই আমি আপনাকে একজন বিশেষজ্ঞ ডাক্তারের সাথে সরাসরি পরামর্শ করার পরামর্শ দিচ্ছি। প্রয়োজনীয় পরীক্ষা-নিরীক্ষা করানো উচিত এবং রিপোর্ট অনুযায়ী চিকিৎসা শুরু করা যেতে পারে। এই সময়ে পর্যাপ্ত বিশ্রাম নিন, প্রচুর পানি পান করুন এবং স্বাস্থ্যকর খাবার খান। ডাক্তারের পরামর্শ ছাড়া কোনো ওষুধ সেবন করবেন না। যদি সমস্যা বাড়তে থাকে বা তীব্র হয়, তাহলে দেরি না করে দ্রুত ডাক্তারের শরণাপন্ন হন। আশা করি এই উত্তরটি আপনাকে সাহায্য করবে। আরও কোনো প্রশ্ন থাকলে নির্দ্বিধায় জিজ্ঞাসা করতে পারেন। ধন্যবাদ।"
11904,"হেলো, নাসেনিয়া ডকে আপনাকে স্বাগতম। আপনার অনুসন্ধানের জন্য ধন্যবাদ। আমি আপনার প্রশ্নটি দেখেছি এবং আপনার উদ্বেগ বুঝতে পেরেছি। আমি যথাসাধ্য আপনাকে সাহায্য করার চেষ্টা করব। আপনার বর্ণনা করা লক্ষণগুলো বিভিন্ন কারণে হতে পারে এবং এর সঠিক কারণ নির্ণয়ের জন্য একটি বিস্তারিত পরীক্ষা প্রয়োজন। তাই আমি আপনাকে একজন বিশেষজ্ঞ ডাক্তারের সাথে সরাসরি পরামর্শ করার পরামর্শ দিচ্ছি। প্রয়োজনীয় পরীক্ষা-নিরীক্ষা করানো উচিত এবং রিপোর্ট অনুযায়ী চিকিৎসা শুরু করা যেতে পারে। এই সময়ে পর্যাপ্ত বিশ্রাম নিন, প্রচুর পানি পান করুন এবং স্বাস্থ্যকর খাবার খান। ডাক্তারের পরামর্শ ছাড়া কোনো ওষুধ সেবন করবেন না। যদি সমস্যা বাড়তে থাকে বা তীব্র হয়, তাহলে দেরি না করে দ্রুত ডাক্তারের শরণাপন্ন হন। আশা করি এই উত্তরটি আপনাকে সাহায্য করবে। আরও কোনো প্রশ্ন থাকলে নির্দ্বিধায় জিজ্ঞাসা করতে পারেন। ধন্যবাদ।"
93159,"হেলো, নাসেনিয়া ডকে আপনাকে স্বাগতম। আপনার অনুসন্ধানের জন্য ধন্যবাদ। আমি আপনার প্রশ্নটি দেখেছি এবং আপনার উদ্বেগ বুঝতে পেরেছি। আমি যথাসাধ্য আপনাকে সাহায্য করার চেষ্টা করব। আপনার বর্ণনা করা লক্ষণগুলো বিভিন্ন কারণে হতে পারে এবং এর সঠিক কারণ নির্ণয়ের জন্য একটি বিস্তারিত পরীক্ষা প্রয়োজন। তাই আমি আপনাকে একজন বিশেষজ্ঞ ডাক্তারের সাথে সরাসরি পরামর্শ করার পরামর্শ দিচ্ছি। প্রয়োজনীয় পরীক্ষা-নিরীক্ষা করানো উচিত এবং রিপোর্ট অনুযায়ী চিকিৎসা শুরু করা যেতে পারে। এই সময়ে পর্যাপ্ত বিশ্রাম নিন, প্রচুর পানি পান করুন এবং স্বাস্থ্যকর খাবার খান। ডাক্তারের পরামর্শ ছাড়া কোনো ওষুধ সেবন করবেন না। যদি সমস্যা বাড়তে থাকে বা তীব্র হয়, তাহলে দেরি না করে দ্রুত ডাক্তারের শরণাপন্ন হন। আশা করি এই উত্তরটি আপনাকে সাহায্য করবে। আরও কোনো প্রশ্ন থাকলে নির্দ্বিধায় জিজ্ঞাসা করতে পারেন। ধন্যবাদ।"
106627,"হেলো, নাসেনিয়া ডকে আপনাকে স্বাগতম। আপনার অনুসন্ধানের জন্য ধন্যবাদ। আমি আপনার প্রশ্নটি দেখেছি এবং আপনার উদ্বেগ বুঝতে পেরেছি। আমি যথাসাধ্য আপনাকে সাহায্য করার চেষ্টা করব। আপনার বর্ণনা করা লক্ষণগুলো বিভিন্ন কারণে হতে পারে এবং এর সঠিক কারণ নির্ণয়ের জন্য একটি বিস্তারিত পরীক্ষা প্রয়োজন। তাই আমি আপনাকে একজন বিশেষজ্ঞ ডাক্তারের সাথে সরাসরি পরামর্শ করার পরামর্শ দিচ্ছি। প্রয়োজনীয় পরীক্ষা-নিরীক্ষা করানো উচিত এবং রিপোর্ট অনুযায়ী চিকিৎসা শুরু করা যেতে পারে। এই সময়ে পর্যাপ্ত বিশ্রাম নিন, প্রচুর পানি পান করুন এবং স্বাস্থ্যকর খাবার খান। ডাক্তারের পরামর্শ ছাড়া কোনো ওষুধ সেবন করবেন না। যদি সমস্যা বাড়তে থাকে বা তীব্র হয়, তাহলে দেরি না করে দ্রুত ডাক্তারের শরণাপন্ন হন। আশা করি এই উত্তরটি আপনাকে সাহায্য করবে। আরও কোনো প্রশ্ন থাকলে নির্দ্বিধায় জিজ্ঞাসা করতে পারেন। ধন্যবাদ।"
55275,"হেলো, নাসেনিয়া ডকে আপনাকে স্বাগতম। আপনার অনুসন্ধানের জন্য ধন্যবাদ। আমি আপনার প্রশ্নটি দেখেছি এবং আপনার উদ্বেগ বুঝতে পেরেছি। আমি যথাসাধ্য আপনাকে সাহায্য করার চেষ্টা করব। আপনার বর্ণনা করা লক্ষণগুলো বিভিন্ন কারণে হতে পারে এবং এর সঠিক কারণ নির্ণয়ের জন্য একটি বিস্তারিত পরীক্ষা প্রয়োজন। তাই আমি আপনাকে একজন বিশেষজ্ঞ ডাক্তারের সাথে সরাসরি পরামর্শ করার পরামর্শ দিচ্ছি। প্রয়োজনীয় পরীক্ষা-নিরীক্ষা করানো উচিত এবং রিপোর্ট অনুযায়ী চিকিৎসা শুরু করা যেতে পারে। এই সময়ে পর্যাপ্ত বিশ্রাম নিন, প্রচুর পানি পান করুন এবং স্বাস্থ্যকর খাবার খান। ডাক্তারের পরামর্শ ছাড়া কোনো ওষুধ সেবন করবেন না। যদি সমস্যা বাড়তে থাকে বা তীব্র হয়, তাহলে দেরি না করে দ্রুত ডাক্তারের শরণাপন্ন হন। আশা করি এই উত্তরটি আপনাকে সাহায্য করবে। আরও কোনো প্রশ্ন থাকলে নির্দ্বিধায় জিজ্ঞাসা করতে পারেন। ধন্যবাদ।"
33845,"হেলো, নাসেনিয়া ডকে আপনাকে স্বাগতম। আপনার অনুসন্ধানের জন্য ধন্যবাদ। আমি আপনার প্রশ্নটি দেখেছি এবং আপনার উদ্বেগ বুঝতে পেরেছি। আমি যথাসাধ্য আপনাকে সাহায্য করার চেষ্টা করব। আপনার বর্ণনা করা লক্ষণগুলো বিভিন্ন কারণে হতে পারে এবং এর সঠিক কারণ নির্ণয়ের জন্য একটি বিস্তারিত পরীক্ষা প্রয়োজন। তাই আমি আপনাকে একজন বিশেষজ্ঞ ডাক্তারের সাথে সরাসরি পরামর্শ করার পরামর্শ দিচ্ছি। প্রয়োজনীয় পরীক্ষা-নিরীক্ষা করানো উচিত এবং রিপোর্ট অনুযায়ী চিকিৎসা শুরু করা যেতে পারে। এই সময়ে পর্যাপ্ত বিশ্রাম নিন, প্রচুর পানি পান করুন এবং স্বাস্থ্যকর খাবার খান। ডাক্তারের পরামর্শ ছাড়া কোনো ওষুধ সেবন করবেন না। যদি সমস্যা বাড়তে থাকে বা তীব্র হয়, তাহলে দেরি না করে দ্রুত ডাক্তারের শরণাপন্ন হন। আশা করি এই উত্তরটি আপনাকে সাহায্য করবে। আরও কোনো প্রশ্ন থাকলে নির্দ্বিধায় জিজ্ঞাসা করতে পারেন। ধন্যবাদ।"
6939,"হেলো, নাসেনিয়া ডকে আপনাকে স্বাগতম। আপনার অনুসন্ধানের জন্য ধন্যবাদ। আমি আপনার প্রশ্নটি দেখেছি এবং আপনার উদ্বেগ বুঝতে পেরেছি। আমি যথাসাধ্য আপনাকে সাহায্য করার চেষ্টা করব। আপনার বর্ণনা করা লক্ষণগুলো বিভিন্ন কারণে হতে পারে এবং এর সঠিক কারণ নির্ণয়ের জন্য একটি বিস্তারিত পরীক্ষা প্রয়োজন। তাই আমি আপনাকে একজন বিশেষজ্ঞ ডাক্তারের সাথে সরাসরি পরামর্শ করার পরামর্শ দিচ্ছি। প্রয়োজনীয় পরীক্ষা-নিরীক্ষা করানো উচিত এবং রিপোর্ট অনুযায়ী চিকিৎসা শুরু করা যেতে পারে। এই সময়ে পর্যাপ্ত বিশ্রাম নিন, প্রচুর পানি পান করুন এবং স্বাস্থ্যকর খাবার খান। ডাক্তারের পরামর্শ ছাড়া কোনো ওষুধ সেবন করবেন না। যদি সমস্যা বাড়তে থাকে বা তীব্র হয়, তাহলে দেরি না করে দ্রুত ডাক্তারের শরণাপন্ন হন। আশা করি এই উত্তরটি আপনাকে সাহায্য করবে। আরও কোনো প্রশ্ন থাকলে নির্দ্বিধায় জিজ্ঞাসা করতে পারেন। ধন্যবাদ।"
40662,"হেলো, নাসেনিয়া ডকে আপনাকে স্বাগতম। আপনার অনুসন্ধানের জন্য ধন্যবাদ। আমি আপনার প্রশ্নটি দেখেছি এবং আপনার উদ্বেগ বুঝতে পেরেছি। আমি যথাসাধ্য আপনাকে সাহায্য করার চেষ্টা করব। আপনার বর্ণনা করা লক্ষণগুলো বিভিন্ন কারণে হতে পারে এবং এর সঠিক কারণ নির্ণয়ের জন্য একটি বিস্তারিত পরীক্ষা প্রয়োজন। তাই আমি আপনাকে একজন বিশেষজ্ঞ ডাক্তারের সাথে সরাসরি পরামর্শ করার পরামর্শ দিচ্ছি। প্রয়োজনীয় পরীক্ষা-নিরীক্ষা করানো উচিত এবং রিপোর্ট অনুযায়ী চিকিৎসা শুরু করা যেতে পারে। এই সময়ে পর্যাপ্ত বিশ্রাম নিন, প্রচুর পানি পান করুন এবং স্বাস্থ্যকর খাবার খান। ডাক্তারের পরামর্শ ছাড়া কোনো ওষুধ সেবন করবেন না। যদি সমস্যা বাড়তে থাকে বা তীব্র হয়, তাহলে দেরি না করে দ্রুত ডাক্তারের শরণাপন্ন হন। আশা করি এই উত্তরটি আপনাকে সাহায্য করবে। আরও কোনো প্রশ্ন থাকলে নির্দ্বিধায় জিজ্ঞাসা করতে পারেন। ধন্যবাদ।"
90250,"হেলো, নাসেনিয়া ডকে আপনাকে স্বাগতম। আপনার অনুসন্ধানের জন্য ধন্যবাদ। আমি আপনার প্রশ্নটি দেখেছি এবং আপনার উদ্বেগ বুঝতে পেরেছি। আমি যথাসাধ্য আপনাকে সাহায্য করার চেষ্টা করব। আপনার বর্ণনা করা লক্ষণগুলো বিভিন্ন কারণে হতে পারে এবং এর সঠিক কারণ নির্ণয়ের জন্য একটি বিস্তারিত পরীক্ষা প্রয়োজন। তাই আমি আপনাকে একজন বিশেষজ্ঞ ডাক্তারের সাথে সরাসরি পরামর্শ করার পরামর্শ দিচ্ছি। প্রয়োজনীয় পরীক্ষা-নিরীক্ষা করানো উচিত এবং রিপোর্ট অনুযায়ী চিকিৎসা শুরু করা যেতে পারে। এই সময়ে পর্যাপ্ত বিশ্রাম নিন, প্রচুর পানি পান করুন এবং স্বাস্থ্যকর খাবার খান। ডাক্তারের পরামর্শ ছাড়া কোনো ওষুধ সেবন করবেন না। যদি সমস্যা বাড়তে থাকে বা তীব্র হয়, তাহলে দেরি না করে দ্রুত ডাক্তারের শরণাপন্ন হন। আশা করি এই উত্তরটি আপনাকে সাহায্য করবে। আরও কোনো প্রশ্ন থাকলে নির্দ্বিধায় জিজ্ঞাসা করতে পারেন। ধন্যবাদ।"
90838,"হেলো, নাসেনিয়া ডকে আপনাকে স্বাগতম। আপনার অনুসন্ধানের জন্য ধন্যবাদ। আমি আপনার প্রশ্নটি দেখেছি এবং আপনার উদ্বেগ বুঝতে পেরেছি। আমি যথাসাধ্য আপনাকে সাহায্য করার চেষ্টা করব। আপনার বর্ণনা করা লক্ষণগুলো বিভিন্ন কারণে হতে পারে এবং এর সঠিক কারণ নির্ণয়ের জন্য একটি বিস্তারিত পরীক্ষা প্রয়োজন। তাই আমি আপনাকে একজন বিশেষজ্ঞ ডাক্তারের সাথে সরাসরি পরামর্শ করার পরামর্শ দিচ্ছি। প্রয়োজনীয় পরীক্ষা-নিরীক্ষা করানো উচিত এবং রিপোর্ট অনুযায়ী চিকিৎসা শুরু করা যেতে পারে। এই সময়ে পর্যাপ্ত বিশ্রাম নিন, প্রচুর পানি পান করুন এবং স্বাস্থ্যকর খাবার খান। ডাক্তারের পরামর্শ ছাড়া কোনো ওষুধ সেবন করবেন না। যদি সমস্যা বাড়তে থাকে বা তীব্র হয়, তাহলে দেরি না করে দ্রুত ডাক্তারের শরণাপন্ন হন। আশা করি এই উত্তরটি আপনাকে সাহায্য করবে। আরও কোনো প্রশ্ন থাকলে নির্দ্বিধায় জিজ্ঞাসা করতে পারেন। ধন্যবাদ।"
59911,"হেলো, নাসেনিয়া ডকে আপনাকে স্বাগতম। আপনার অনুসন্ধানের জন্য ধন্যবাদ। আমি আপনার প্রশ্নটি দেখেছি এবং আপনার উদ্বেগ বুঝতে পেরেছি। আমি যথাসাধ্য আপনাকে সাহায্য করার চেষ্টা করব। আপনার বর্ণনা করা লক্ষণগুলো বিভিন্ন কারণে হতে পারে এবং এর সঠিক কারণ নির্ণয়ের জন্য একটি বিস্তারিত পরীক্ষা প্রয়োজন। তাই আমি আপনাকে একজন বিশেষজ্ঞ ডাক্তারের সাথে সরাসরি পরামর্শ করার পরামর্শ দিচ্ছি। প্রয়োজনীয় পরীক্ষা-নিরীক্ষা করানো উচিত এবং রিপোর্ট অনুযায়ী চিকিৎসা শুরু করা যেতে পারে। এই সময়ে পর্যাপ্ত বিশ্রাম নিন, প্রচুর পানি পান করুন এবং স্বাস্থ্যকর খাবার খান। ডাক্তারের পরামর্শ ছাড়া কোনো ওষুধ সেবন করবেন না। যদি সমস্যা বাড়তে থাকে বা তীব্র হয়, তাহলে দেরি না করে দ্রুত ডাক্তারের শরণাপন্ন হন। আশা করি এই উত্তরটি আপনাকে সাহায্য করবে। আরও কোনো প্রশ্ন থাকলে নির্দ্বিধায় জিজ্ঞাসা করতে পারেন। ধন্যবাদ।"
91695,"হেলো, নাসেনিয়া ডকে আপনাকে স্বাগতম। আপনার অনুসন্ধানের জন্য ধন্যবাদ। আমি আপনার প্রশ্নটি দেখেছি এবং আপনার উদ্বেগ বুঝতে পেরেছি। আমি যথাসাধ্য আপনাকে সাহায্য করার চেষ্টা করব। আপনার বর্ণনা করা লক্ষণগুলো বিভিন্ন কারণে হতে পারে এবং এর সঠিক কারণ নির্ণয়ের জন্য একটি বিস্তারিত পরীক্ষা প্রয়োজন। তাই আমি আপনাকে একজন বিশেষজ্ঞ ডাক্তারের সাথে সরাসরি পরামর্শ করার পরামর্শ দিচ্ছি। প্রয়োজনীয় পরীক্ষা-নিরীক্ষা করানো উচিত এবং রিপোর্ট অনুযায়ী চিকিৎসা শুরু করা যেতে পারে। এই সময়ে পর্যাপ্ত বিশ্রাম নিন, প্রচুর পানি পান করুন এবং স্বাস্থ্যকর খাবার খান। ডাক্তারের পরামর্শ ছাড়া কোনো ওষুধ সেবন করবেন না। যদি সমস্যা বাড়তে থাকে বা তীব্র হয়, তাহলে দেরি না করে দ্রুত ডাক্তারের শরণাপন্ন হন। আশা করি এই উত্তরটি আপনাকে সাহায্য করবে। আরও কোনো প্রশ্ন থাকলে নির্দ্বিধায় জিজ্ঞাসা করতে পারেন। ধন্যবাদ।"
72531,"হেলো, নাসেনিয়া ডকে আপনাকে স্বাগতম। আপনার অনুসন্ধানের জন্য ধন্যবাদ। আমি আপনার প্রশ্নটি দেখেছি এবং আপনার উদ্বেগ বুঝতে পেরেছি। আমি যথাসাধ্য আপনাকে সাহায্য করার চেষ্টা করব। আপনার বর্ণনা করা লক্ষণগুলো বিভিন্ন কারণে হতে পারে এবং এর সঠিক কারণ নির্ণয়ের জন্য একটি বিস্তারিত পরীক্ষা প্রয়োজন। তাই আমি আপনাকে একজন বিশেষজ্ঞ ডাক্তারের সাথে সরাসরি পরামর্শ করার পরামর্শ দিচ্ছি। প্রয়োজনীয় পরীক্ষা-নিরীক্ষা করানো উচিত এবং রিপোর্ট অনুযায়ী চিকিৎসা শুরু করা যেতে পারে। এই সময়ে পর্যাপ্ত বিশ্রাম নিন, প্রচুর পানি পান করুন এবং স্বাস্থ্যকর খাবার খান। ডাক্তারের পরামর্শ ছাড়া কোনো ওষুধ সেবন করবেন না। যদি সমস্যা বাড়তে থাকে বা তীব্র হয়, তাহলে দেরি না করে দ্রুত ডাক্তারের শরণাপন্ন হন। আশা করি এই উত্তরটি আপনাকে সাহায্য করবে। আরও কোনো প্রশ্ন থাকলে নির্দ্বিধায় জিজ্ঞাসা করতে পারেন। ধন্যবাদ।"
12274,"হেলো, নাসেনিয়া ডকে আপনাকে স্বাগতম। আপনার অনুসন্ধানের জন্য ধন্যবাদ। আমি আপনার প্রশ্নটি দেখেছি এবং আপনার উদ্বেগ বুঝতে পেরেছি। আমি যথাসাধ্য আপনাকে সাহায্য করার চেষ্টা করব। আপনার বর্ণনা করা লক্ষণগুলো বিভিন্ন কারণে হতে পারে এবং এর সঠিক কারণ নির্ণয়ের জন্য একটি বিস্তারিত পরীক্ষা প্রয়োজন। তাই আমি আপনাকে একজন বিশেষজ্ঞ ডাক্তারের সাথে সরাসরি পরামর্শ করার পরামর্শ দিচ্ছি। প্রয়োজনীয় পরীক্ষা-নিরীক্ষা করানো উচিত এবং রিপোর্ট অনুযায়ী চিকিৎসা শুরু করা যেতে পারে। এই সময়ে পর্যাপ্ত বিশ্রাম নিন, প্রচুর পানি পান করুন এবং স্বাস্থ্যকর খাবার খান। ডাক্তারের পরামর্শ ছাড়া কোনো ওষুধ সেবন করবেন না। যদি সমস্যা বাড়তে থাকে বা তীব্র হয়, তাহলে দেরি না করে দ্রুত ডাক্তারের শরণাপন্ন হন। আশা করি এই উত্তরটি আপনাকে সাহায্য করবে। আরও কোনো প্রশ্ন থাকলে নির্দ্বিধায় জিজ্ঞাসা করতে পারেন। ধন্যবাদ।"
103330,"হেলো, নাসেনিয়া ডকে আপনাকে স্বাগতম। আপনার অনুসন্ধানের জন্য ধন্যবাদ। আমি আপনার প্রশ্নটি দেখেছি এবং আপনার উদ্বেগ বুঝতে পেরেছি। আমি যথাসাধ্য আপনাকে সাহায্য করার চেষ্টা করব। আপনার বর্ণনা করা লক্ষণগুলো বিভিন্ন কারণে হতে পারে এবং এর সঠিক কারণ নির্ণয়ের জন্য একটি বিস্তারিত পরীক্ষা প্রয়োজন। তাই আমি আপনাকে একজন বিশেষজ্ঞ ডাক্তারের সাথে সরাসরি পরামর্শ করার পরামর্শ দিচ্ছি। প্রয়োজনীয় পরীক্ষা-নিরীক্ষা করানো উচিত এবং রিপোর্ট অনুযায়ী চিকিৎসা শুরু করা যেতে পারে। এই সময়ে পর্যাপ্ত বিশ্রাম নিন, প্রচুর পানি পান করুন এবং স্বাস্থ্যকর খাবার খান। ডাক্তারের পরামর্শ ছাড়া কোনো ওষুধ সেবন করবেন না। যদি সমস্যা বাড়তে থাকে বা তীব্র হয়, তাহলে দেরি না করে দ্রুত ডাক্তারের শরণাপন্ন হন। আশা করি এই উত্তরটি আপনাকে সাহায্য করবে। আরও কোনো প্রশ্ন থাকলে নির্দ্বিধায় জিজ্ঞাসা করতে পারেন। ধন্যবাদ।"
80274,"হেলো, নাসেনিয়া ডকে আপনাকে স্বাগতম। আপনার অনুসন্ধানের জন্য ধন্যবাদ। আমি আপনার প্রশ্নটি দেখেছি এবং আপনার উদ্বেগ বুঝতে পেরেছি। আমি যথাসাধ্য আপনাকে সাহায্য করার চেষ্টা করব। আপনার বর্ণনা করা লক্ষণগুলো বিভিন্ন কারণে হতে পারে এবং এর সঠিক কারণ নির্ণয়ের জন্য একটি বিস্তারিত পরীক্ষা প্রয়োজন। তাই আমি আপনাকে একজন বিশেষজ্ঞ ডাক্তারের সাথে সরাসরি পরামর্শ করার পরামর্শ দিচ্ছি। প্রয়োজনীয় পরীক্ষা-নিরীক্ষা করানো উচিত এবং রিপোর্ট অনুযায়ী চিকিৎসা শুরু করা যেতে পারে। এই সময়ে পর্যাপ্ত বিশ্রাম নিন, প্রচুর পানি পান করুন এবং স্বাস্থ্যকর খাবার খান। ডাক্তারের পরামর্শ ছাড়া কোনো ওষুধ সেবন করবেন না। যদি সমস্যা বাড়তে থাকে বা তীব্র হয়, তাহলে দেরি না করে দ্রুত ডাক্তারের শরণাপন্ন হন। আশা করি এই উত্তরটি আপনাকে সাহায্য করবে। আরও কোনো প্রশ্ন থাকলে নির্দ্বিধায় জিজ্ঞাসা করতে পারেন। ধন্যবাদ।"
37885,"হেলো, নাসেনিয়া ডকে আপনাকে স্বাগতম। আপনার অনুসন্ধানের জন্য ধন্যবাদ। আমি আপনার প্রশ্নটি দেখেছি এবং আপনার উদ্বেগ বুঝতে পেরেছি। আমি যথাসাধ্য আপনাকে সাহায্য করার চেষ্টা করব। আপনার বর্ণনা করা লক্ষণগুলো বিভিন্ন কারণে হতে পারে এবং এর সঠিক কারণ নির্ণয়ের জন্য একটি বিস্তারিত পরীক্ষা প্রয়োজন। তাই আমি আপনাকে একজন বিশেষজ্ঞ ডাক্তারের সাথে সরাসরি পরামর্শ করার পরামর্শ দিচ্ছি। প্রয়োজনীয় পরীক্ষা-নিরীক্ষা করানো উচিত এবং রিপোর্ট অনুযায়ী চিকিৎসা শুরু করা যেতে পারে। এই সময়ে পর্যাপ্ত বিশ্রাম নিন, প্রচুর পানি পান করুন এবং স্বাস্থ্যকর খাবার খান। ডাক্তারের পরামর্শ ছাড়া কোনো ওষুধ সেবন করবেন না। যদি সমস্যা বাড়তে থাকে বা তীব্র হয়, তাহলে দেরি না করে দ্রুত ডাক্তারের শরণাপন্ন হন। আশা করি এই উত্তরটি আপনাকে সাহায্য করবে। আরও কোনো প্রশ্ন থাকলে নির্দ্বিধায় জিজ্ঞাসা করতে পারেন। ধন্যবাদ।"
17397,"হেলো, নাসেনিয়া ডকে আপনাকে স্বাগতম। আপনার অনুসন্ধানের জন্য ধন্যবাদ। আমি আপনার প্রশ্নটি দেখেছি এবং আপনার উদ্বেগ বুঝতে পেরেছি। আমি যথাসাধ্য আপনাকে সাহায্য করার চেষ্টা করব। আপনার বর্ণনা করা লক্ষণগুলো বিভিন্ন কারণে হতে পারে এবং এর সঠিক কারণ নির্ণয়ের জন্য একটি বিস্তারিত পরীক্ষা প্রয়োজন। তাই আমি আপনাকে একজন বিশেষজ্ঞ ডাক্তারের সাথে সরাসরি পরামর্শ করার পরামর্শ দিচ্ছি। প্রয়োজনীয় পরীক্ষা-নিরীক্ষা করানো উচিত এবং রিপোর্ট অনুযায়ী চিকিৎসা শুরু করা যেতে পারে। এই সময়ে পর্যাপ্ত বিশ্রাম নিন, প্রচুর পানি পান করুন এবং স্বাস্থ্যকর খাবার খান। ডাক্তারের পরামর্শ ছাড়া কোনো ওষুধ সেবন করবেন না। যদি সমস্যা বাড়তে থাকে বা তীব্র হয়, তাহলে দেরি না করে দ্রুত ডাক্তারের শরণাপন্ন হন। আশা করি এই উত্তরটি আপনাকে সাহায্য করবে। আরও কোনো প্রশ্ন থাকলে নির্দ্বিধায় জিজ্ঞাসা করতে পারেন। ধন্যবাদ।"
24073,"হেলো, নাসেনিয়া ডকে আপনাকে স্বাগতম। আপনার অনুসন্ধানের জন্য ধন্যবাদ। আমি আপনার প্রশ্নটি দেখেছি এবং আপনার উদ্বেগ বুঝতে পেরেছি। আমি যথাসাধ্য আপনাকে সাহায্য করার চেষ্টা করব। আপনার বর্ণনা করা লক্ষণগুলো বিভিন্ন কারণে হতে পারে এবং এর সঠিক কারণ নির্ণয়ের জন্য একটি বিস্তারিত পরীক্ষা প্রয়োজন। তাই আমি আপনাকে একজন বিশেষজ্ঞ ডাক্তারের সাথে সরাসরি পরামর্শ করার পরামর্শ দিচ্ছি। প্রয়োজনীয় পরীক্ষা-নিরীক্ষা করানো উচিত এবং রিপোর্ট অনুযায়ী চিকিৎসা শুরু করা যেতে পারে। এই সময়ে পর্যাপ্ত বিশ্রাম নিন, প্রচুর পানি পান করুন এবং স্বাস্থ্যকর খাবার খান। ডাক্তারের পরামর্শ ছাড়া কোনো ওষুধ সেবন করবেন না। যদি সমস্যা বাড়তে থাকে বা তীব্র হয়, তাহলে দেরি না করে দ্রুত ডাক্তারের শরণাপন্ন হন। আশা করি এই উত্তরটি আপনাকে সাহায্য করবে। আরও কোনো প্রশ্ন থাকলে নির্দ্বিধায় জিজ্ঞাসা করতে পারেন। ধন্যবাদ।"
55242,"হেলো, নাসেনিয়া ডকে আপনাকে স্বাগতম। আপনার অনুসন্ধানের জন্য ধন্যবাদ। আমি আপনার প্রশ্নটি দেখেছি এবং আপনার উদ্বেগ বুঝতে পেরেছি। আমি যথাসাধ্য আপনাকে সাহায্য করার চেষ্টা করব। আপনার বর্ণনা করা লক্ষণগুলো বিভিন্ন কারণে হতে পারে এবং এর সঠিক কারণ নির্ণয়ের জন্য একটি বিস্তারিত পরীক্ষা প্রয়োজন। তাই আমি আপনাকে একজন বিশেষজ্ঞ ডাক্তারের সাথে সরাসরি পরামর্শ করার পরামর্শ দিচ্ছি। প্রয়োজনীয় পরীক্ষা-নিরীক্ষা করানো উচিত এবং রিপোর্ট অনুযায়ী চিকিৎসা শুরু করা যেতে পারে। এই সময়ে পর্যাপ্ত বিশ্রাম নিন, প্রচুর পানি পান করুন এবং স্বাস্থ্যকর খাবার খান। ডাক্তারের পরামর্শ ছাড়া কোনো ওষুধ সেবন করবেন না। যদি সমস্যা বাড়তে থাকে বা তীব্র হয়, তাহলে দেরি না করে দ্রুত ডাক্তারের শরণাপন্ন হন। আশা করি এই উত্তরটি আপনাকে সাহায্য করবে। আরও কোনো প্রশ্ন থাকলে নির্দ্বিধায় জিজ্ঞাসা করতে পারেন। ধন্যবাদ।"
100349,"হেলো, নাসেনিয়া ডকে আপনাকে স্বাগতম। আপনার অনুসন্ধানের জন্য ধন্যবাদ। আমি আপনার প্রশ্নটি দেখেছি এবং আপনার উদ্বেগ বুঝতে পেরেছি। আমি যথাসাধ্য আপনাকে সাহায্য করার চেষ্টা করব। আপনার বর্ণনা করা লক্ষণগুলো বিভিন্ন কারণে হতে পারে এবং এর সঠিক কারণ নির্ণয়ের জন্য একটি বিস্তারিত পরীক্ষা প্রয়োজন। তাই আমি আপনাকে একজন বিশেষজ্ঞ ডাক্তারের সাথে সরাসরি পরামর্শ করার পরামর্শ দিচ্ছি। প্রয়োজনীয় পরীক্ষা-নিরীক্ষা করানো উচিত এবং রিপোর্ট অনুযায়ী চিকিৎসা শুরু করা যেতে পারে। এই সময়ে পর্যাপ্ত বিশ্রাম নিন, প্রচুর পানি পান করুন এবং স্বাস্থ্যকর খাবার খান। ডাক্তারের পরামর্শ ছাড়া কোনো ওষুধ সেবন করবেন না। যদি সমস্যা বাড়তে থাকে বা তীব্র হয়, তাহলে দেরি না করে দ্রুত ডাক্তারের শরণাপন্ন হন। আশা করি এই উত্তরটি আপনাকে সাহায্য করবে। আরও কোনো প্রশ্ন থাকলে নির্দ্বিধায় জিজ্ঞাসা করতে পারেন। ধন্যবাদ।"
48888,"হেলো, নাসেনিয়া ডকে আপনাকে স্বাগতম। আপনার অনুসন্ধানের জন্য ধন্যবাদ। আমি আপনার প্রশ্নটি দেখেছি এবং আপনার উদ্বেগ বুঝতে পেরেছি। আমি যথাসাধ্য আপনাকে সাহায্য করার চেষ্টা করব। আপনার বর্ণনা করা লক্ষণগুলো বিভিন্ন কারণে হতে পারে এবং এর সঠিক কারণ নির্ণয়ের জন্য একটি বিস্তারিত পরীক্ষা প্রয়োজন। তাই আমি আপনাকে একজন বিশেষজ্ঞ ডাক্তারের সাথে সরাসরি পরামর্শ করার পরামর্শ দিচ্ছি। প্রয়োজনীয় পরীক্ষা-নিরীক্ষা করানো উচিত এবং রিপোর্ট অনুযায়ী চিকিৎসা শুরু করা যেতে পারে। এই সময়ে পর্যাপ্ত বিশ্রাম নিন, প্রচুর পানি পান করুন এবং স্বাস্থ্যকর খাবার খান। ডাক্তারের পরামর্শ ছাড়া কোনো ওষুধ সেবন করবেন না। যদি সমস্যা বাড়তে থাকে বা তীব্র হয়, তাহলে দেরি না করে দ্রুত ডাক্তারের শরণাপন্ন হন। আশা করি এই উত্তরটি আপনাকে সাহায্য করবে। আরও কোনো প্রশ্ন থাকলে নির্দ্বিধায় জিজ্ঞাসা করতে পারেন। ধন্যবাদ।"
5652,"হেলো, নাসেনিয়া ডকে আপনাকে স্বাগতম। আপনার অনুসন্ধানের জন্য ধন্যবাদ। আমি আপনার প্রশ্নটি দেখেছি এবং আপনার উদ্বেগ বুঝতে পেরেছি। আমি যথাসাধ্য আপনাকে সাহায্য করার চেষ্টা করব। আপনার বর্ণনা করা লক্ষণগুলো বিভিন্ন কারণে হতে পারে এবং এর সঠিক কারণ নির্ণয়ের জন্য একটি বিস্তারিত পরীক্ষা প্রয়োজন। তাই আমি আপনাকে একজন বিশেষজ্ঞ ডাক্তারের সাথে সরাসরি পরামর্শ করার পরামর্শ দিচ্ছি। প্রয়োজনীয় পরীক্ষা-নিরীক্ষা করানো উচিত এবং রিপোর্ট অনুযায়ী চিকিৎসা শুরু করা যেতে পারে। এই সময়ে পর্যাপ্ত বিশ্রাম নিন, প্রচুর পানি পান করুন এবং স্বাস্থ্যকর খাবার খান। ডাক্তারের পরামর্শ ছাড়া কোনো ওষুধ সেবন করবেন না। যদি সমস্যা বাড়তে থাকে বা তীব্র হয়, তাহলে দেরি না করে দ্রুত ডাক্তারের শরণাপন্ন হন। আশা করি এই উত্তরটি আপনাকে সাহায্য করবে। আরও কোনো প্রশ্ন থাকলে নির্দ্বিধায় জিজ্ঞাসা করতে পারেন। ধন্যবাদ।"
5541,"হেলো, নাসেনিয়া ডকে আপনাকে স্বাগতম। আপনার অনুসন্ধানের জন্য ধন্যবাদ। আমি আপনার প্রশ্নটি দেখেছি এবং আপনার উদ্বেগ বুঝতে পেরেছি। আমি যথাসাধ্য আপনাকে সাহায্য করার চেষ্টা করব। আপনার বর্ণনা করা লক্ষণগুলো বিভিন্ন কারণে হতে পারে এবং এর সঠিক কারণ নির্ণয়ের জন্য একটি বিস্তারিত পরীক্ষা প্রয়োজন। তাই আমি আপনাকে একজন বিশেষজ্ঞ ডাক্তারের সাথে সরাসরি পরামর্শ করার পরামর্শ দিচ্ছি। প্রয়োজনীয় পরীক্ষা-নিরীক্ষা করানো উচিত এবং রিপোর্ট অনুযায়ী চিকিৎসা শুরু করা যেতে পারে। এই সময়ে পর্যাপ্ত বিশ্রাম নিন, প্রচুর পানি পান করুন এবং স্বাস্থ্যকর খাবার খান। ডাক্তারের পরামর্শ ছাড়া কোনো ওষুধ সেবন করবেন না। যদি সমস্যা বাড়তে থাকে বা তীব্র হয়, তাহলে দেরি না করে দ্রুত ডাক্তারের শরণাপন্ন হন। আশা করি এই উত্তরটি আপনাকে সাহায্য করবে। আরও কোনো প্রশ্ন থাকলে নির্দ্বিধায় জিজ্ঞাসা করতে পারেন। ধন্যবাদ।"
102134,"হেলো, নাসেনিয়া ডকে আপনাকে স্বাগতম। আপনার অনুসন্ধানের জন্য ধন্যবাদ। আমি আপনার প্রশ্নটি দেখেছি এবং আপনার উদ্বেগ বুঝতে পেরেছি। আমি যথাসাধ্য আপনাকে সাহায্য করার চেষ্টা করব। আপনার বর্ণনা করা লক্ষণগুলো বিভিন্ন কারণে হতে পারে এবং এর সঠিক কারণ নির্ণয়ের জন্য একটি বিস্তারিত পরীক্ষা প্রয়োজন। তাই আমি আপনাকে একজন বিশেষজ্ঞ ডাক্তারের সাথে সরাসরি পরামর্শ করার পরামর্শ দিচ্ছি। প্রয়োজনীয় পরীক্ষা-নিরীক্ষা করানো উচিত এবং রিপোর্ট অনুযায়ী চিকিৎসা শুরু করা যেতে পারে। এই সময়ে পর্যাপ্ত বিশ্রাম নিন, প্রচুর পানি পান করুন এবং স্বাস্থ্যকর খাবার খান। ডাক্তারের পরামর্শ ছাড়া কোনো ওষুধ সেবন করবেন না। যদি সমস্যা বাড়তে থাকে বা তীব্র হয়, তাহলে দেরি না করে দ্রুত ডাক্তারের শরণাপন্ন হন। আশা করি এই উত্তরটি আপনাকে সাহায্য করবে। আরও কোনো প্রশ্ন থাকলে নির্দ্বিধায় জিজ্ঞাসা করতে পারেন। ধন্যবাদ।"
27092,"হেলো, নাসেনিয়া ডকে আপনাকে স্বাগতম। আপনার অনুসন্ধানের জন্য ধন্যবাদ। আমি আপনার প্রশ্নটি দেখেছি এবং আপনার উদ্বেগ বুঝতে পেরেছি। আমি যথাসাধ্য আপনাকে সাহায্য করার চেষ্টা করব। আপনার বর্ণনা করা লক্ষণগুলো বিভিন্ন কারণে হতে পারে এবং এর সঠিক কারণ নির্ণয়ের জন্য একটি বিস্তারিত পরীক্ষা প্রয়োজন। তাই আমি আপনাকে একজন বিশেষজ্ঞ ডাক্তারের সাথে সরাসরি পরামর্শ করার পরামর্শ দিচ্ছি। প্রয়োজনীয় পরীক্ষা-নিরীক্ষা করানো উচিত এবং রিপোর্ট অনুযায়ী চিকিৎসা শুরু করা যেতে পারে। এই সময়ে পর্যাপ্ত বিশ্রাম নিন, প্রচুর পানি পান করুন এবং স্বাস্থ্যকর খাবার খান। ডাক্তারের পরামর্শ ছাড়া কোনো ওষুধ সেবন করবেন না। যদি সমস্যা বাড়তে থাকে বা তীব্র হয়, তাহলে দেরি না করে দ্রুত ডাক্তারের শরণাপন্ন হন। আশা করি এই উত্তরটি আপনাকে সাহায্য করবে। আরও কোনো প্রশ্ন থাকলে নির্দ্বিধায় জিজ্ঞাসা করতে পারেন। ধন্যবাদ।"
87665,"হেলো, নাসেনিয়া ডকে আপনাকে স্বাগতম। আপনার অনুসন্ধানের জন্য ধন্যবাদ। আমি আপনার প্রশ্নটি দেখেছি এবং আপনার উদ্বেগ বুঝতে পেরেছি। আমি যথাসাধ্য আপনাকে সাহায্য করার চেষ্টা করব। আপনার বর্ণনা করা লক্ষণগুলো বিভিন্ন কারণে হতে পারে এবং এর সঠিক কারণ নির্ণয়ের জন্য একটি বিস্তারিত পরীক্ষা প্রয়োজন। তাই আমি আপনাকে একজন বিশেষজ্ঞ ডাক্তারের সাথে সরাসরি পরামর্শ করার পরামর্শ দিচ্ছি। প্রয়োজনীয় পরীক্ষা-নিরীক্ষা করানো উচিত এবং রিপোর্ট অনুযায়ী চিকিৎসা শুরু করা যেতে পারে। এই সময়ে পর্যাপ্ত বিশ্রাম নিন, প্রচুর পানি পান করুন এবং স্বাস্থ্যকর খাবার খান। ডাক্তারের পরামর্শ ছাড়া কোনো ওষুধ সেবন করবেন না। যদি সমস্যা বাড়তে থাকে বা তীব্র হয়, তাহলে দেরি না করে দ্রুত ডাক্তারের শরণাপন্ন হন। আশা করি এই উত্তরটি আপনাকে সাহায্য করবে। আরও কোনো প্রশ্ন থাকলে নির্দ্বিধায় জিজ্ঞাসা করতে পারেন। ধন্যবাদ।"
46139,"হেলো, নাসেনিয়া ডকে আপনাকে স্বাগতম। আপনার অনুসন্ধানের জন্য ধন্যবাদ। আমি আপনার প্রশ্নটি দেখেছি এবং আপনার উদ্বেগ বুঝতে পেরেছি। আমি যথাসাধ্য আপনাকে সাহায্য করার চেষ্টা করব। আপনার বর্ণনা করা লক্ষণগুলো বিভিন্ন কারণে হতে পারে এবং এর সঠিক কারণ নির্ণয়ের জন্য একটি বিস্তারিত পরীক্ষা প্রয়োজন। তাই আমি আপনাকে একজন বিশেষজ্ঞ ডাক্তারের সাথে সরাসরি পরামর্শ করার পরামর্শ দিচ্ছি। প্রয়োজনীয় পরীক্ষা-নিরীক্ষা করানো উচিত এবং রিপোর্ট অনুযায়ী চিকিৎসা শুরু করা যেতে পারে। এই সময়ে পর্যাপ্ত বিশ্রাম নিন, প্রচুর পানি পান করুন এবং স্বাস্থ্যকর খাবার খান। ডাক্তারের পরামর্শ ছাড়া কোনো ওষুধ সেবন করবেন না। যদি সমস্যা বাড়তে থাকে বা তীব্র হয়, তাহলে দেরি না করে দ্রুত ডাক্তারের শরণাপন্ন হন। আশা করি এই উত্তরটি আপনাকে সাহায্য করবে। আরও কোনো প্রশ্ন থাকলে নির্দ্বিধায় জিজ্ঞাসা করতে পারেন। ধন্যবাদ।"
40376,"হেলো, নাসেনিয়া ডকে আপনাকে স্বাগতম। আপনার অনুসন্ধানের জন্য ধন্যবাদ। আমি আপনার প্রশ্নটি দেখেছি এবং আপনার উদ্বেগ বুঝতে পেরেছি। আমি যথাসাধ্য আপনাকে সাহায্য করার চেষ্টা করব। আপনার বর্ণনা করা লক্ষণগুলো বিভিন্ন কারণে হতে পারে এবং এর সঠিক কারণ নির্ণয়ের জন্য একটি বিস্তারিত পরীক্ষা প্রয়োজন। তাই আমি আপনাকে একজন বিশেষজ্ঞ ডাক্তারের সাথে সরাসরি পরামর্শ করার পরামর্শ দিচ্ছি। প্রয়োজনীয় পরীক্ষা-নিরীক্ষা করানো উচিত এবং রিপোর্ট অনুযায়ী চিকিৎসা শুরু করা যেতে পারে। এই সময়ে পর্যাপ্ত বিশ্রাম নিন, প্রচুর পানি পান করুন এবং স্বাস্থ্যকর খাবার খান। ডাক্তারের পরামর্শ ছাড়া কোনো ওষুধ সেবন করবেন না। যদি সমস্যা বাড়তে থাকে বা তীব্র হয়, তাহলে দেরি না করে দ্রুত ডাক্তারের শরণাপন্ন হন। আশা করি এই উত্তরটি আপনাকে সাহায্য করবে। আরও কোনো প্রশ্ন থাকলে নির্দ্বিধায় জিজ্ঞাসা করতে পারেন। ধন্যবাদ।"
106820,"হেলো, নাসেনিয়া ডকে আপনাকে স্বাগতম। আপনার অনুসন্ধানের জন্য ধন্যবাদ। আমি আপনার প্রশ্নটি দেখেছি এবং আপনার উদ্বেগ বুঝতে পেরেছি। আমি যথাসাধ্য আপনাকে সাহায্য করার চেষ্টা করব। আপনার বর্ণনা করা লক্ষণগুলো বিভিন্ন কারণে হতে পারে এবং এর সঠিক কারণ নির্ণয়ের জন্য একটি বিস্তারিত পরীক্ষা প্রয়োজন। তাই আমি আপনাকে একজন বিশেষজ্ঞ ডাক্তারের সাথে সরাসরি পরামর্শ করার পরামর্শ দিচ্ছি। প্রয়োজনীয় পরীক্ষা-নিরীক্ষা করানো উচিত এবং রিপোর্ট অনুযায়ী চিকিৎসা শুরু করা যেতে পারে। এই সময়ে পর্যাপ্ত বিশ্রাম নিন, প্রচুর পানি পান করুন এবং স্বাস্থ্যকর খাবার খান। ডাক্তারের পরামর্শ ছাড়া কোনো ওষুধ সেবন করবেন না। যদি সমস্যা বাড়তে থাকে বা তীব্র হয়, তাহলে দেরি না করে দ্রুত ডাক্তারের শরণাপন্ন হন। আশা করি এই উত্তরটি আপনাকে সাহায্য করবে। আরও কোনো প্রশ্ন থাকলে নির্দ্বিধায় জিজ্ঞাসা করতে পারেন। ধন্যবাদ।"
108228,"হেলো, নাসেনিয়া ডকে আপনাকে স্বাগতম। আপনার অনুসন্ধানের জন্য ধন্যবাদ। আমি আপনার প্রশ্নটি দেখেছি এবং আপনার উদ্বেগ বুঝতে পেরেছি। আমি যথাসাধ্য আপনাকে সাহায্য করার চেষ্টা করব। আপনার বর্ণনা করা লক্ষণগুলো বিভিন্ন কারণে হতে পারে এবং এর সঠিক কারণ নির্ণয়ের জন্য একটি বিস্তারিত পরীক্ষা প্রয়োজন। তাই আমি আপনাকে একজন বিশেষজ্ঞ ডাক্তারের সাথে সরাসরি পরামর্শ করার পরামর্শ দিচ্ছি। প্রয়োজনীয় পরীক্ষা-নিরীক্ষা করানো উচিত এবং রিপোর্ট অনুযায়ী চিকিৎসা শুরু করা যেতে পারে। এই সময়ে পর্যাপ্ত বিশ্রাম নিন, প্রচুর পানি পান করুন এবং স্বাস্থ্যকর খাবার খান। ডাক্তারের পরামর্শ ছাড়া কোনো ওষুধ সেবন করবেন না। যদি সমস্যা বাড়তে থাকে বা তীব্র হয়, তাহলে দেরি না করে দ্রুত ডাক্তারের শরণাপন্ন হন। আশা করি এই উত্তরটি আপনাকে সাহায্য করবে। আরও কোনো প্রশ্ন থাকলে নির্দ্বিধায় জিজ্ঞাসা করতে পারেন। ধন্যবাদ।"
38000,"হেলো, নাসেনিয়া ডকে আপনাকে স্বাগতম। আপনার অনুসন্ধানের জন্য ধন্যবাদ। আমি আপনার প্রশ্নটি দেখেছি এবং আপনার উদ্বেগ বুঝতে পেরেছি। আমি যথাসাধ্য আপনাকে সাহায্য করার চেষ্টা করব। আপনার বর্ণনা করা লক্ষণগুলো বিভিন্ন কারণে হতে পারে এবং এর সঠিক কারণ নির্ণয়ের জন্য একটি বিস্তারিত পরীক্ষা প্রয়োজন। তাই আমি আপনাকে একজন বিশেষজ্ঞ ডাক্তারের সাথে সরাসরি পরামর্শ করার পরামর্শ দিচ্ছি। প্রয়োজনীয় পরীক্ষা-নিরীক্ষা করানো উচিত এবং রিপোর্ট অনুযায়ী চিকিৎসা শুরু করা যেতে পারে। এই সময়ে পর্যাপ্ত বিশ্রাম নিন, প্রচুর পানি পান করুন এবং স্বাস্থ্যকর খাবার খান। ডাক্তারের পরামর্শ ছাড়া কোনো ওষুধ সেবন করবেন না। যদি সমস্যা বাড়তে থাকে বা তীব্র হয়, তাহলে দেরি না করে দ্রুত ডাক্তারের শরণাপন্ন হন। আশা করি এই উত্তরটি আপনাকে সাহায্য করবে। আরও কোনো প্রশ্ন থাকলে নির্দ্বিধায় জিজ্ঞাসা করতে পারেন। ধন্যবাদ।"
7172,"হেলো, নাসেনিয়া ডকে আপনাকে স্বাগতম। আপনার অনুসন্ধানের জন্য ধন্যবাদ। আমি আপনার প্রশ্নটি দেখেছি এবং আপনার উদ্বেগ বুঝতে পেরেছি। আমি যথাসাধ্য আপনাকে সাহায্য করার চেষ্টা করব। আপনার বর্ণনা করা লক্ষণগুলো বিভিন্ন কারণে হতে পারে এবং এর সঠিক কারণ নির্ণয়ের জন্য একটি বিস্তারিত পরীক্ষা প্রয়োজন। তাই আমি আপনাকে একজন বিশেষজ্ঞ ডাক্তারের সাথে সরাসরি পরামর্শ করার পরামর্শ দিচ্ছি। প্রয়োজনীয় পরীক্ষা-নিরীক্ষা করানো উচিত এবং রিপোর্ট অনুযায়ী চিকিৎসা শুরু করা যেতে পারে। এই সময়ে পর্যাপ্ত বিশ্রাম নিন, প্রচুর পানি পান করুন এবং স্বাস্থ্যকর খাবার খান। ডাক্তারের পরামর্শ ছাড়া কোনো ওষুধ সেবন করবেন না। যদি সমস্যা বাড়তে থাকে বা তীব্র হয়, তাহলে দেরি না করে দ্রুত ডাক্তারের শরণাপন্ন হন। আশা করি এই উত্তরটি আপনাকে সাহায্য করবে। আরও কোনো প্রশ্ন থাকলে নির্দ্বিধায় জিজ্ঞাসা করতে পারেন। ধন্যবাদ।"
71223,"হেলো, নাসেনিয়া ডকে আপনাকে স্বাগতম। আপনার অনুসন্ধানের জন্য ধন্যবাদ। আমি আপনার প্রশ্নটি দেখেছি এবং আপনার উদ্বেগ বুঝতে পেরেছি। আমি যথাসাধ্য আপনাকে সাহায্য করার চেষ্টা করব। আপনার বর্ণনা করা লক্ষণগুলো বিভিন্ন কারণে হতে পারে এবং এর সঠিক কারণ নির্ণয়ের জন্য একটি বিস্তারিত পরীক্ষা প্রয়োজন। তাই আমি আপনাকে একজন বিশেষজ্ঞ ডাক্তারের সাথে সরাসরি পরামর্শ করার পরামর্শ দিচ্ছি। প্রয়োজনীয় পরীক্ষা-নিরীক্ষা করানো উচিত এবং রিপোর্ট অনুযায়ী চিকিৎসা শুরু করা যেতে পারে। এই সময়ে পর্যাপ্ত বিশ্রাম নিন, প্রচুর পানি পান করুন এবং স্বাস্থ্যকর খাবার খান। ডাক্তারের পরামর্শ ছাড়া কোনো ওষুধ সেবন করবেন না। যদি সমস্যা বাড়তে থাকে বা তীব্র হয়, তাহলে দেরি না করে দ্রুত ডাক্তারের শরণাপন্ন হন। আশা করি এই উত্তরটি আপনাকে সাহায্য করবে। আরও কোনো প্রশ্ন থাকলে নির্দ্বিধায় জিজ্ঞাসা করতে পারেন। ধন্যবাদ।"
64227,"হেলো, নাসেনিয়া ডকে আপনাকে স্বাগতম। আপনার অনুসন্ধানের জন্য ধন্যবাদ। আমি আপনার প্রশ্নটি দেখেছি এবং আপনার উদ্বেগ বুঝতে পেরেছি। আমি যথাসাধ্য আপনাকে সাহায্য করার চেষ্টা করব। আপনার বর্ণনা করা লক্ষণগুলো বিভিন্ন কারণে হতে পারে এবং এর সঠিক কারণ নির্ণয়ের জন্য একটি বিস্তারিত পরীক্ষা প্রয়োজন। তাই আমি আপনাকে একজন বিশেষজ্ঞ ডাক্তারের সাথে সরাসরি পরামর্শ করার পরামর্শ দিচ্ছি। প্রয়োজনীয় পরীক্ষা-নিরীক্ষা করানো উচিত এবং রিপোর্ট অনুযায়ী চিকিৎসা শুরু করা যেতে পারে। এই সময়ে পর্যাপ্ত বিশ্রাম নিন, প্রচুর পানি পান করুন এবং স্বাস্থ্যকর খাবার খান। ডাক্তারের পরামর্শ ছাড়া কোনো ওষুধ সেবন করবেন না। যদি সমস্যা বাড়তে থাকে বা তীব্র হয়, তাহলে দেরি না করে দ্রুত ডাক্তারের শরণাপন্ন হন। আশা করি এই উত্তরটি আপনাকে সাহায্য করবে। আরও কোনো প্রশ্ন থাকলে নির্দ্বিধায় জিজ্ঞাসা করতে পারেন। ধন্যবাদ।"
101386,"হেলো, নাসেনিয়া ডকে আপনাকে স্বাগতম। আপনার অনুসন্ধানের জন্য ধন্যবাদ। আমি আপনার প্রশ্নটি দেখেছি এবং আপনার উদ্বেগ বুঝতে পেরেছি। আমি যথাসাধ্য আপনাকে সাহায্য করার চেষ্টা করব। আপনার বর্ণনা করা লক্ষণগুলো বিভিন্ন কারণে হতে পারে এবং এর সঠিক কারণ নির্ণয়ের জন্য একটি বিস্তারিত পরীক্ষা প্রয়োজন। তাই আমি আপনাকে একজন বিশেষজ্ঞ ডাক্তারের সাথে সরাসরি পরামর্শ করার পরামর্শ দিচ্ছি। প্রয়োজনীয় পরীক্ষা-নিরীক্ষা করানো উচিত এবং রিপোর্ট অনুযায়ী চিকিৎসা শুরু করা যেতে পারে। এই সময়ে পর্যাপ্ত বিশ্রাম নিন, প্রচুর পানি পান করুন এবং স্বাস্থ্যকর খাবার খান। ডাক্তারের পরামর্শ ছাড়া কোনো ওষুধ সেবন করবেন না। যদি সমস্যা বাড়তে থাকে বা তীব্র হয়, তাহলে দেরি না করে দ্রুত ডাক্তারের শরণাপন্ন হন। আশা করি এই উত্তরটি আপনাকে সাহায্য করবে। আরও কোনো প্রশ্ন থাকলে নির্দ্বিধায় জিজ্ঞাসা করতে পারেন। ধন্যবাদ।"
29974,"হেলো, নাসেনিয়া ডকে আপনাকে স্বাগতম। আপনার অনুসন্ধানের জন্য ধন্যবাদ। আমি আপনার প্রশ্নটি দেখেছি এবং আপনার উদ্বেগ বুঝতে পেরেছি। আমি যথাসাধ্য আপনাকে সাহায্য করার চেষ্টা করব। আপনার বর্ণনা করা লক্ষণগুলো বিভিন্ন কারণে হতে পারে এবং এর সঠিক কারণ নির্ণয়ের জন্য একটি বিস্তারিত পরীক্ষা প্রয়োজন। তাই আমি আপনাকে একজন বিশেষজ্ঞ ডাক্তারের সাথে সরাসরি পরামর্শ করার পরামর্শ দিচ্ছি। প্রয়োজনীয় পরীক্ষা-নিরীক্ষা করানো উচিত এবং রিপোর্ট অনুযায়ী চিকিৎসা শুরু করা যেতে পারে। এই সময়ে পর্যাপ্ত বিশ্রাম নিন, প্রচুর পানি পান করুন এবং স্বাস্থ্যকর খাবার খান। ডাক্তারের পরামর্শ ছাড়া কোনো ওষুধ সেবন করবেন না। যদি সমস্যা বাড়তে থাকে বা তীব্র হয়, তাহলে দেরি না করে দ্রুত ডাক্তারের শরণাপন্ন হন। আশা করি এই উত্তরটি আপনাকে সাহায্য করবে। আরও কোনো প্রশ্ন থাকলে নির্দ্বিধায় জিজ্ঞাসা করতে পারেন। ধন্যবাদ।"
14057,"হেলো, নাসেনিয়া ডকে আপনাকে স্বাগতম। আপনার অনুসন্ধানের জন্য ধন্যবাদ। আমি আপনার প্রশ্নটি দেখেছি এবং আপনার উদ্বেগ বুঝতে পেরেছি। আমি যথাসাধ্য আপনাকে সাহায্য করার চেষ্টা করব। আপনার বর্ণনা করা লক্ষণগুলো বিভিন্ন কারণে হতে পারে এবং এর সঠিক কারণ নির্ণয়ের জন্য একটি বিস্তারিত পরীক্ষা প্রয়োজন। তাই আমি আপনাকে একজন বিশেষজ্ঞ ডাক্তারের সাথে সরাসরি পরামর্শ করার পরামর্শ দিচ্ছি। প্রয়োজনীয় পরীক্ষা-নিরীক্ষা করানো উচিত এবং রিপোর্ট অনুযায়ী চিকিৎসা শুরু করা যেতে পারে। এই সময়ে পর্যাপ্ত বিশ্রাম নিন, প্রচুর পানি পান করুন এবং স্বাস্থ্যকর খাবার খান। ডাক্তারের পরামর্শ ছাড়া কোনো ওষুধ সেবন করবেন না। যদি সমস্যা বাড়তে থাকে বা তীব্র হয়, তাহলে দেরি না করে দ্রুত ডাক্তারের শরণাপন্ন হন। আশা করি এই উত্তরটি আপনাকে সাহায্য করবে। আরও কোনো প্রশ্ন থাকলে নির্দ্বিধায় জিজ্ঞাসা করতে পারেন। ধন্যবাদ।"
100574,"হেলো, নাসেনিয়া ডকে আপনাকে স্বাগতম। আপনার অনুসন্ধানের জন্য ধন্যবাদ। আমি আপনার প্রশ্নটি দেখেছি এবং আপনার উদ্বেগ বুঝতে পেরেছি। আমি যথাসাধ্য আপনাকে সাহায্য করার চেষ্টা করব। আপনার বর্ণনা করা লক্ষণগুলো বিভিন্ন কারণে হতে পারে এবং এর সঠিক কারণ নির্ণয়ের জন্য একটি বিস্তারিত পরীক্ষা প্রয়োজন। তাই আমি আপনাকে একজন বিশেষজ্ঞ ডাক্তারের সাথে সরাসরি পরামর্শ করার পরামর্শ দিচ্ছি। প্রয়োজনীয় পরীক্ষা-নিরীক্ষা করানো উচিত এবং রিপোর্ট অনুযায়ী চিকিৎসা শুরু করা যেতে পারে। এই সময়ে পর্যাপ্ত বিশ্রাম নিন, প্রচুর পানি পান করুন এবং স্বাস্থ্যকর খাবার খান। ডাক্তারের পরামর্শ ছাড়া কোনো ওষুধ সেবন করবেন না। যদি সমস্যা বাড়তে থাকে বা তীব্র হয়, তাহলে দেরি না করে দ্রুত ডাক্তারের শরণাপন্ন হন। আশা করি এই উত্তরটি আপনাকে সাহায্য করবে। আরও কোনো প্রশ্ন থাকলে নির্দ্বিধায় জিজ্ঞাসা করতে পারেন। ধন্যবাদ।"
52263,"হেলো, নাসেনিয়া ডকে আপনাকে স্বাগতম। আপনার অনুসন্ধানের জন্য ধন্যবাদ। আমি আপনার প্রশ্নটি দেখেছি এবং আপনার উদ্বেগ বুঝতে পেরেছি। আমি যথাসাধ্য আপনাকে সাহায্য করার চেষ্টা করব। আপনার বর্ণনা করা লক্ষণগুলো বিভিন্ন কারণে হতে পারে এবং এর সঠিক কারণ নির্ণয়ের জন্য একটি বিস্তারিত পরীক্ষা প্রয়োজন। তাই আমি আপনাকে একজন বিশেষজ্ঞ ডাক্তারের সাথে সরাসরি পরামর্শ করার পরামর্শ দিচ্ছি। প্রয়োজনীয় পরীক্ষা-নিরীক্ষা করানো উচিত এবং রিপোর্ট অনুযায়ী চিকিৎসা শুরু করা যেতে পারে। এই সময়ে পর্যাপ্ত বিশ্রাম নিন, প্রচুর পানি পান করুন এবং স্বাস্থ্যকর খাবার খান। ডাক্তারের পরামর্শ ছাড়া কোনো ওষুধ সেবন করবেন না। যদি সমস্যা বাড়তে থাকে বা তীব্র হয়, তাহলে দেরি না করে দ্রুত ডাক্তারের শরণাপন্ন হন। আশা করি এই উত্তরটি আপনাকে সাহায্য করবে। আরও কোনো প্রশ্ন থাকলে নির্দ্বিধায় জিজ্ঞাসা করতে পারেন। ধন্যবাদ।"
95939,"হেলো, নাসেনিয়া ডকে আপনাকে স্বাগতম। আপনার অনুসন্ধানের জন্য ধন্যবাদ। আমি আপনার প্রশ্নটি দেখেছি এবং আপনার উদ্বেগ বুঝতে পেরেছি। আমি যথাসাধ্য আপনাকে সাহায্য করার চেষ্টা করব। আপনার বর্ণনা করা লক্ষণগুলো বিভিন্ন কারণে হতে পারে এবং এর সঠিক কারণ নির্ণয়ের জন্য একটি বিস্তারিত পরীক্ষা প্রয়োজন। তাই আমি আপনাকে একজন বিশেষজ্ঞ ডাক্তারের সাথে সরাসরি পরামর্শ করার পরামর্শ দিচ্ছি। প্রয়োজনীয় পরীক্ষা-নিরীক্ষা করানো উচিত এবং রিপোর্ট অনুযায়ী চিকিৎসা শুরু করা যেতে পারে। এই সময়ে পর্যাপ্ত বিশ্রাম নিন, প্রচুর পানি পান করুন এবং স্বাস্থ্যকর খাবার খান। ডাক্তারের পরামর্শ ছাড়া কোনো ওষুধ সেবন করবেন না। যদি সমস্যা বাড়তে থাকে বা তীব্র হয়, তাহলে দেরি না করে দ্রুত ডাক্তারের শরণাপন্ন হন। আশা করি এই উত্তরটি আপনাকে সাহায্য করবে। আরও কোনো প্রশ্ন থাকলে নির্দ্বিধায় জিজ্ঞাসা করতে পারেন। ধন্যবাদ।"
103179,"হেলো, নাসেনিয়া ডকে আপনাকে স্বাগতম। আপনার অনুসন্ধানের জন্য ধন্যবাদ। আমি আপনার প্রশ্নটি দেখেছি এবং আপনার উদ্বেগ বুঝতে পেরেছি। আমি যথাসাধ্য আপনাকে সাহায্য করার চেষ্টা করব। আপনার বর্ণনা করা লক্ষণগুলো বিভিন্ন কারণে হতে পারে এবং এর সঠিক কারণ নির্ণয়ের জন্য একটি বিস্তারিত পরীক্ষা প্রয়োজন। তাই আমি আপনাকে একজন বিশেষজ্ঞ ডাক্তারের সাথে সরাসরি পরামর্শ করার পরামর্শ দিচ্ছি। প্রয়োজনীয় পরীক্ষা-নিরীক্ষা করানো উচিত এবং রিপোর্ট অনুযায়ী চিকিৎসা শুরু করা যেতে পারে। এই সময়ে পর্যাপ্ত বিশ্রাম নিন, প্রচুর পানি পান করুন এবং স্বাস্থ্যকর খাবার খান। ডাক্তারের পরামর্শ ছাড়া কোনো ওষুধ সেবন করবেন না। যদি সমস্যা বাড়তে থাকে বা তীব্র হয়, তাহলে দেরি না করে দ্রুত ডাক্তারের শরণাপন্ন হন। আশা করি এই উত্তরটি আপনাকে সাহায্য করবে। আরও কোনো প্রশ্ন থাকলে নির্দ্বিধায় জিজ্ঞাসা করতে পারেন। ধন্যবাদ।"
37425,"হেলো, নাসেনিয়া ডকে আপনাকে স্বাগতম। আপনার অনুসন্ধানের জন্য ধন্যবাদ। আমি আপনার প্রশ্নটি দেখেছি এবং আপনার উদ্বেগ বুঝতে পেরেছি। আমি যথাসাধ্য আপনাকে সাহায্য করার চেষ্টা করব। আপনার বর্ণনা করা লক্ষণগুলো বিভিন্ন কারণে হতে পারে এবং এর সঠিক কারণ নির্ণয়ের জন্য একটি বিস্তারিত পরীক্ষা প্রয়োজন। তাই আমি আপনাকে একজন বিশেষজ্ঞ ডাক্তারের সাথে সরাসরি পরামর্শ করার পরামর্শ দিচ্ছি। প্রয়োজনীয় পরীক্ষা-নিরীক্ষা করানো উচিত এবং রিপোর্ট অনুযায়ী চিকিৎসা শুরু করা যেতে পারে। এই সময়ে পর্যাপ্ত বিশ্রাম নিন, প্রচুর পানি পান করুন এবং স্বাস্থ্যকর খাবার খান। ডাক্তারের পরামর্শ ছাড়া কোনো ওষুধ সেবন করবেন না। যদি সমস্যা বাড়তে থাকে বা তীব্র হয়, তাহলে দেরি না করে দ্রুত ডাক্তারের শরণাপন্ন হন। আশা করি এই উত্তরটি আপনাকে সাহায্য করবে। আরও কোনো প্রশ্ন থাকলে নির্দ্বিধায় জিজ্ঞাসা করতে পারেন। ধন্যবাদ।"
69890,"হেলো, নাসেনিয়া ডকে আপনাকে স্বাগতম। আপনার অনুসন্ধানের জন্য ধন্যবাদ। আমি আপনার প্রশ্নটি দেখেছি এবং আপনার উদ্বেগ বুঝতে পেরেছি। আমি যথাসাধ্য আপনাকে সাহায্য করার চেষ্টা করব। আপনার বর্ণনা করা লক্ষণগুলো বিভিন্ন কারণে হতে পারে এবং এর সঠিক কারণ নির্ণয়ের জন্য একটি বিস্তারিত পরীক্ষা প্রয়োজন। তাই আমি আপনাকে একজন বিশেষজ্ঞ ডাক্তারের সাথে সরাসরি পরামর্শ করার পরামর্শ দিচ্ছি। প্রয়োজনীয় পরীক্ষা-নিরীক্ষা করানো উচিত এবং রিপোর্ট অনুযায়ী চিকিৎসা শুরু করা যেতে পারে। এই সময়ে পর্যাপ্ত বিশ্রাম নিন, প্রচুর পানি পান করুন এবং স্বাস্থ্যকর খাবার খান। ডাক্তারের পরামর্শ ছাড়া কোনো ওষুধ সেবন করবেন না। যদি সমস্যা বাড়তে থাকে বা তীব্র হয়, তাহলে দেরি না করে দ্রুত ডাক্তারের শরণাপন্ন হন। আশা করি এই উত্তরটি আপনাকে সাহায্য করবে। আরও কোনো প্রশ্ন থাকলে নির্দ্বিধায় জিজ্ঞাসা করতে পারেন। ধন্যবাদ।"
55973,"হেলো, নাসেনিয়া ডকে আপনাকে স্বাগতম। আপনার অনুসন্ধানের জন্য ধন্যবাদ। আমি আপনার প্রশ্নটি দেখেছি এবং আপনার উদ্বেগ বুঝতে পেরেছি। আমি যথাসাধ্য আপনাকে সাহায্য করার চেষ্টা করব। আপনার বর্ণনা করা লক্ষণগুলো বিভিন্ন কারণে হতে পারে এবং এর সঠিক কারণ নির্ণয়ের জন্য একটি বিস্তারিত পরীক্ষা প্রয়োজন। তাই আমি আপনাকে একজন বিশেষজ্ঞ ডাক্তারের সাথে সরাসরি পরামর্শ করার পরামর্শ দিচ্ছি। প্রয়োজনীয় পরীক্ষা-নিরীক্ষা করানো উচিত এবং রিপোর্ট অনুযায়ী চিকিৎসা শুরু করা যেতে পারে। এই সময়ে পর্যাপ্ত বিশ্রাম নিন, প্রচুর পানি পান করুন এবং স্বাস্থ্যকর খাবার খান। ডাক্তারের পরামর্শ ছাড়া কোনো ওষুধ সেবন করবেন না। যদি সমস্যা বাড়তে থাকে বা তীব্র হয়, তাহলে দেরি না করে দ্রুত ডাক্তারের শরণাপন্ন হন। আশা করি এই উত্তরটি আপনাকে সাহায্য করবে। আরও কোনো প্রশ্ন থাকলে নির্দ্বিধায় জিজ্ঞাসা করতে পারেন। ধন্যবাদ।"
73865,"হেলো, নাসেনিয়া ডকে আপনাকে স্বাগতম। আপনার অনুসন্ধানের জন্য ধন্যবাদ। আমি আপনার প্রশ্নটি দেখেছি এবং আপনার উদ্বেগ বুঝতে পেরেছি। আমি যথাসাধ্য আপনাকে সাহায্য করার চেষ্টা করব। আপনার বর্ণনা করা লক্ষণগুলো বিভিন্ন কারণে হতে পারে এবং এর সঠিক কারণ নির্ণয়ের জন্য একটি বিস্তারিত পরীক্ষা প্রয়োজন। তাই আমি আপনাকে একজন বিশেষজ্ঞ ডাক্তারের সাথে সরাসরি পরামর্শ করার পরামর্শ দিচ্ছি। প্রয়োজনীয় পরীক্ষা-নিরীক্ষা করানো উচিত এবং রিপোর্ট অনুযায়ী চিকিৎসা শুরু করা যেতে পারে। এই সময়ে পর্যাপ্ত বিশ্রাম নিন, প্রচুর পানি পান করুন এবং স্বাস্থ্যকর খাবার খান। ডাক্তারের পরামর্শ ছাড়া কোনো ওষুধ সেবন করবেন না। যদি সমস্যা বাড়তে থাকে বা তীব্র হয়, তাহলে দেরি না করে দ্রুত ডাক্তারের শরণাপন্ন হন। আশা করি এই উত্তরটি আপনাকে সাহায্য করবে। আরও কোনো প্রশ্ন থাকলে নির্দ্বিধায় জিজ্ঞাসা করতে পারেন। ধন্যবাদ।"
69974,"হেলো, নাসেনিয়া ডকে আপনাকে স্বাগতম। আপনার অনুসন্ধানের জন্য ধন্যবাদ। আমি আপনার প্রশ্নটি দেখেছি এবং আপনার উদ্বেগ বুঝতে পেরেছি। আমি যথাসাধ্য আপনাকে সাহায্য করার চেষ্টা করব। আপনার বর্ণনা করা লক্ষণগুলো বিভিন্ন কারণে হতে পারে এবং এর সঠিক কারণ নির্ণয়ের জন্য একটি বিস্তারিত পরীক্ষা প্রয়োজন। তাই আমি আপনাকে একজন বিশেষজ্ঞ ডাক্তারের সাথে সরাসরি পরামর্শ করার পরামর্শ দিচ্ছি। প্রয়োজনীয় পরীক্ষা-নিরীক্ষা করানো উচিত এবং রিপোর্ট অনুযায়ী চিকিৎসা শুরু করা যেতে পারে। এই সময়ে পর্যাপ্ত বিশ্রাম নিন, প্রচুর পানি পান করুন এবং স্বাস্থ্যকর খাবার খান। ডাক্তারের পরামর্শ ছাড়া কোনো ওষুধ সেবন করবেন না। যদি সমস্যা বাড়তে থাকে বা তীব্র হয়, তাহলে দেরি না করে দ্রুত ডাক্তারের শরণাপন্ন হন। আশা করি এই উত্তরটি আপনাকে সাহায্য করবে। আরও কোনো প্রশ্ন থাকলে নির্দ্বিধায় জিজ্ঞাসা করতে পারেন। ধন্যবাদ।"
33453,"হেলো, নাসেনিয়া ডকে আপনাকে স্বাগতম। আপনার অনুসন্ধানের জন্য ধন্যবাদ। আমি আপনার প্রশ্নটি দেখেছি এবং আপনার উদ্বেগ বুঝতে পেরেছি। আমি যথাসাধ্য আপনাকে সাহায্য করার চেষ্টা করব। আপনার বর্ণনা করা লক্ষণগুলো বিভিন্ন কারণে হতে পারে এবং এর সঠিক কারণ নির্ণয়ের জন্য একটি বিস্তারিত পরীক্ষা প্রয়োজন। তাই আমি আপনাকে একজন বিশেষজ্ঞ ডাক্তারের সাথে সরাসরি পরামর্শ করার পরামর্শ দিচ্ছি। প্রয়োজনীয় পরীক্ষা-নিরীক্ষা করানো উচিত এবং রিপোর্ট অনুযায়ী চিকিৎসা শুরু করা যেতে পারে। এই সময়ে পর্যাপ্ত বিশ্রাম নিন, প্রচুর পানি পান করুন এবং স্বাস্থ্যকর খাবার খান। ডাক্তারের পরামর্শ ছাড়া কোনো ওষুধ সেবন করবেন না। যদি সমস্যা বাড়তে থাকে বা তীব্র হয়, তাহলে দেরি না করে দ্রুত ডাক্তারের শরণাপন্ন হন। আশা করি এই উত্তরটি আপনাকে সাহায্য করবে। আরও কোনো প্রশ্ন থাকলে নির্দ্বিধায় জিজ্ঞাসা করতে পারেন। ধন্যবাদ।"
78401,"হেলো, নাসেনিয়া ডকে আপনাকে স্বাগতম। আপনার অনুসন্ধানের জন্য ধন্যবাদ। আমি আপনার প্রশ্নটি দেখেছি এবং আপনার উদ্বেগ বুঝতে পেরেছি। আমি যথাসাধ্য আপনাকে সাহায্য করার চেষ্টা করব। আপনার বর্ণনা করা লক্ষণগুলো বিভিন্ন কারণে হতে পারে এবং এর সঠিক কারণ নির্ণয়ের জন্য একটি বিস্তারিত পরীক্ষা প্রয়োজন। তাই আমি আপনাকে একজন বিশেষজ্ঞ ডাক্তারের সাথে সরাসরি পরামর্শ করার পরামর্শ দিচ্ছি। প্রয়োজনীয় পরীক্ষা-নিরীক্ষা করানো উচিত এবং রিপোর্ট অনুযায়ী চিকিৎসা শুরু করা যেতে পারে। এই সময়ে পর্যাপ্ত বিশ্রাম নিন, প্রচুর পানি পান করুন এবং স্বাস্থ্যকর খাবার খান। ডাক্তারের পরামর্শ ছাড়া কোনো ওষুধ সেবন করবেন না। যদি সমস্যা বাড়তে থাকে বা তীব্র হয়, তাহলে দেরি না করে দ্রুত ডাক্তারের শরণাপন্ন হন। আশা করি এই উত্তরটি আপনাকে সাহায্য করবে। আরও কোনো প্রশ্ন থাকলে নির্দ্বিধায় জিজ্ঞাসা করতে পারেন। ধন্যবাদ।"
10150,"হেলো, নাসেনিয়া ডকে আপনাকে স্বাগতম। আপনার অনুসন্ধানের জন্য ধন্যবাদ। আমি আপনার প্রশ্নটি দেখেছি এবং আপনার উদ্বেগ বুঝতে পেরেছি। আমি যথাসাধ্য আপনাকে সাহায্য করার চেষ্টা করব। আপনার বর্ণনা করা লক্ষণগুলো বিভিন্ন কারণে হতে পারে এবং এর সঠিক কারণ নির্ণয়ের জন্য একটি বিস্তারিত পরীক্ষা প্রয়োজন। তাই আমি আপনাকে একজন বিশেষজ্ঞ ডাক্তারের সাথে সরাসরি পরামর্শ করার পরামর্শ দিচ্ছি। প্রয়োজনীয় পরীক্ষা-নিরীক্ষা করানো উচিত এবং রিপোর্ট অনুযায়ী চিকিৎসা শুরু করা যেতে পারে। এই সময়ে পর্যাপ্ত বিশ্রাম নিন, প্রচুর পানি পান করুন এবং স্বাস্থ্যকর খাবার খান। ডাক্তারের পরামর্শ ছাড়া কোনো ওষুধ সেবন করবেন না। যদি সমস্যা বাড়তে থাকে বা তীব্র হয়, তাহলে দেরি না করে দ্রুত ডাক্তারের শরণাপন্ন হন। আশা করি এই উত্তরটি আপনাকে সাহায্য করবে। আরও কোনো প্রশ্ন থাকলে নির্দ্বিধায় জিজ্ঞাসা করতে পারেন। ধন্যবাদ।"
111868,"হেলো, নাসেনিয়া ডকে আপনাকে স্বাগতম। আপনার অনুসন্ধানের জন্য ধন্যবাদ। আমি আপনার প্রশ্নটি দেখেছি এবং আপনার উদ্বেগ বুঝতে পেরেছি। আমি যথাসাধ্য আপনাকে সাহায্য করার চেষ্টা করব। আপনার বর্ণনা করা লক্ষণগুলো বিভিন্ন কারণে হতে পারে এবং এর সঠিক কারণ নির্ণয়ের জন্য একটি বিস্তারিত পরীক্ষা প্রয়োজন। তাই আমি আপনাকে একজন বিশেষজ্ঞ ডাক্তারের সাথে সরাসরি পরামর্শ করার পরামর্শ দিচ্ছি। প্রয়োজনীয় পরীক্ষা-নিরীক্ষা করানো উচিত এবং রিপোর্ট অনুযায়ী চিকিৎসা শুরু করা যেতে পারে। এই সময়ে পর্যাপ্ত বিশ্রাম নিন, প্রচুর পানি পান করুন এবং স্বাস্থ্যকর খাবার খান। ডাক্তারের পরামর্শ ছাড়া কোনো ওষুধ সেবন করবেন না। যদি সমস্যা বাড়তে থাকে বা তীব্র হয়, তাহলে দেরি না করে দ্রুত ডাক্তারের শরণাপন্ন হন। আশা করি এই উত্তরটি আপনাকে সাহায্য করবে। আরও কোনো প্রশ্ন থাকলে নির্দ্বিধায় জিজ্ঞাসা করতে পারেন। ধন্যবাদ।"
75195,"হেলো, নাসেনিয়া ডকে আপনাকে স্বাগতম। আপনার অনুসন্ধানের জন্য ধন্যবাদ। আমি আপনার প্রশ্নটি দেখেছি এবং আপনার উদ্বেগ বুঝতে পেরেছি। আমি যথাসাধ্য আপনাকে সাহায্য করার চেষ্টা করব। আপনার বর্ণনা করা লক্ষণগুলো বিভিন্ন কারণে হতে পারে এবং এর সঠিক কারণ নির্ণয়ের জন্য একটি বিস্তারিত পরীক্ষা প্রয়োজন। তাই আমি আপনাকে একজন বিশেষজ্ঞ ডাক্তারের সাথে সরাসরি পরামর্শ করার পরামর্শ দিচ্ছি। প্রয়োজনীয় পরীক্ষা-নিরীক্ষা করানো উচিত এবং রিপোর্ট অনুযায়ী চিকিৎসা শুরু করা যেতে পারে। এই সময়ে পর্যাপ্ত বিশ্রাম নিন, প্রচুর পানি পান করুন এবং স্বাস্থ্যকর খাবার খান। ডাক্তারের পরামর্শ ছাড়া কোনো ওষুধ সেবন করবেন না। যদি সমস্যা বাড়তে থাকে বা তীব্র হয়, তাহলে দেরি না করে দ্রুত ডাক্তারের শরণাপন্ন হন। আশা করি এই উত্তরটি আপনাকে সাহায্য করবে। আরও কোনো প্রশ্ন থাকলে নির্দ্বিধায় জিজ্ঞাসা করতে পারেন। ধন্যবাদ।"
60811,"হেলো, নাসেনিয়া ডকে আপনাকে স্বাগতম। আপনার অনুসন্ধানের জন্য ধন্যবাদ। আমি আপনার প্রশ্নটি দেখেছি এবং আপনার উদ্বেগ বুঝতে পেরেছি। আমি যথাসাধ্য আপনাকে সাহায্য করার চেষ্টা করব। আপনার বর্ণনা করা লক্ষণগুলো বিভিন্ন কারণে হতে পারে এবং এর সঠিক কারণ নির্ণয়ের জন্য একটি বিস্তারিত পরীক্ষা প্রয়োজন। তাই আমি আপনাকে একজন বিশেষজ্ঞ ডাক্তারের সাথে সরাসরি পরামর্শ করার পরামর্শ দিচ্ছি। প্রয়োজনীয় পরীক্ষা-নিরীক্ষা করানো উচিত এবং রিপোর্ট অনুযায়ী চিকিৎসা শুরু করা যেতে পারে। এই সময়ে পর্যাপ্ত বিশ্রাম নিন, প্রচুর পানি পান করুন এবং স্বাস্থ্যকর খাবার খান। ডাক্তারের পরামর্শ ছাড়া কোনো ওষুধ সেবন করবেন না। যদি সমস্যা বাড়তে থাকে বা তীব্র হয়, তাহলে দেরি না করে দ্রুত ডাক্তারের শরণাপন্ন হন। আশা করি এই উত্তরটি আপনাকে সাহায্য করবে। আরও কোনো প্রশ্ন থাকলে নির্দ্বিধায় জিজ্ঞাসা করতে পারেন। ধন্যবাদ।"
4199,"হেলো, নাসেনিয়া ডকে আপনাকে স্বাগতম। আপনার অনুসন্ধানের জন্য ধন্যবাদ। আমি আপনার প্রশ্নটি দেখেছি এবং আপনার উদ্বেগ বুঝতে পেরেছি। আমি যথাসাধ্য আপনাকে সাহায্য করার চেষ্টা করব। আপনার বর্ণনা করা লক্ষণগুলো বিভিন্ন কারণে হতে পারে এবং এর সঠিক কারণ নির্ণয়ের জন্য একটি বিস্তারিত পরীক্ষা প্রয়োজন। তাই আমি আপনাকে একজন বিশেষজ্ঞ ডাক্তারের সাথে সরাসরি পরামর্শ করার পরামর্শ দিচ্ছি। প্রয়োজনীয় পরীক্ষা-নিরীক্ষা করানো উচিত এবং রিপোর্ট অনুযায়ী চিকিৎসা শুরু করা যেতে পারে। এই সময়ে পর্যাপ্ত বিশ্রাম নিন, প্রচুর পানি পান করুন এবং স্বাস্থ্যকর খাবার খান। ডাক্তারের পরামর্শ ছাড়া কোনো ওষুধ সেবন করবেন না। যদি সমস্যা বাড়তে থাকে বা তীব্র হয়, তাহলে দেরি না করে দ্রুত ডাক্তারের শরণাপন্ন হন। আশা করি এই উত্তরটি আপনাকে সাহায্য করবে। আরও কোনো প্রশ্ন থাকলে নির্দ্বিধায় জিজ্ঞাসা করতে পারেন। ধন্যবাদ।"
64773,"হেলো, নাসেনিয়া ডকে আপনাকে স্বাগতম। আপনার অনুসন্ধানের জন্য ধন্যবাদ। আমি আপনার প্রশ্নটি দেখেছি এবং আপনার উদ্বেগ বুঝতে পেরেছি। আমি যথাসাধ্য আপনাকে সাহায্য করার চেষ্টা করব। আপনার বর্ণনা করা লক্ষণগুলো বিভিন্ন কারণে হতে পারে এবং এর সঠিক কারণ নির্ণয়ের জন্য একটি বিস্তারিত পরীক্ষা প্রয়োজন। তাই আমি আপনাকে একজন বিশেষজ্ঞ ডাক্তারের সাথে সরাসরি পরামর্শ করার পরামর্শ দিচ্ছি। প্রয়োজনীয় পরীক্ষা-নিরীক্ষা করানো উচিত এবং রিপোর্ট অনুযায়ী চিকিৎসা শুরু করা যেতে পারে। এই সময়ে পর্যাপ্ত বিশ্রাম নিন, প্রচুর পানি পান করুন এবং স্বাস্থ্যকর খাবার খান। ডাক্তারের পরামর্শ ছাড়া কোনো ওষুধ সেবন করবেন না। যদি সমস্যা বাড়তে থাকে বা তীব্র হয়, তাহলে দেরি না করে দ্রুত ডাক্তারের শরণাপন্ন হন। আশা করি এই উত্তরটি আপনাকে সাহায্য করবে। আরও কোনো প্রশ্ন থাকলে নির্দ্বিধায় জিজ্ঞাসা করতে পারেন। ধন্যবাদ।"
26418,"হেলো, নাসেনিয়া ডকে আপনাকে স্বাগতম। আপনার অনুসন্ধানের জন্য ধন্যবাদ। আমি আপনার প্রশ্নটি দেখেছি এবং আপনার উদ্বেগ বুঝতে পেরেছি। আমি যথাসাধ্য আপনাকে সাহায্য করার চেষ্টা করব। আপনার বর্ণনা করা লক্ষণগুলো বিভিন্ন কারণে হতে পারে এবং এর সঠিক কারণ নির্ণয়ের জন্য একটি বিস্তারিত পরীক্ষা প্রয়োজন। তাই আমি আপনাকে একজন বিশেষজ্ঞ ডাক্তারের সাথে সরাসরি পরামর্শ করার পরামর্শ দিচ্ছি। প্রয়োজনীয় পরীক্ষা-নিরীক্ষা করানো উচিত এবং রিপোর্ট অনুযায়ী চিকিৎসা শুরু করা যেতে পারে। এই সময়ে পর্যাপ্ত বিশ্রাম নিন, প্রচুর পানি পান করুন এবং স্বাস্থ্যকর খাবার খান। ডাক্তারের পরামর্শ ছাড়া কোনো ওষুধ সেবন করবেন না। যদি সমস্যা বাড়তে থাকে বা তীব্র হয়, তাহলে দেরি না করে দ্রুত ডাক্তারের শরণাপন্ন হন। আশা করি এই উত্তরটি আপনাকে সাহায্য করবে। আরও কোনো প্রশ্ন থাকলে নির্দ্বিধায় জিজ্ঞাসা করতে পারেন। ধন্যবাদ।"
105888,"হেলো, নাসেনিয়া ডকে আপনাকে স্বাগতম। আপনার অনুসন্ধানের জন্য ধন্যবাদ। আমি আপনার প্রশ্নটি দেখেছি এবং আপনার উদ্বেগ বুঝতে পেরেছি। আমি যথাসাধ্য আপনাকে সাহায্য করার চেষ্টা করব। আপনার বর্ণনা করা লক্ষণগুলো বিভিন্ন কারণে হতে পারে এবং এর সঠিক কারণ নির্ণয়ের জন্য একটি বিস্তারিত পরীক্ষা প্রয়োজন। তাই আমি আপনাকে একজন বিশেষজ্ঞ ডাক্তারের সাথে সরাসরি পরামর্শ করার পরামর্শ দিচ্ছি। প্রয়োজনীয় পরীক্ষা-নিরীক্ষা করানো উচিত এবং রিপোর্ট অনুযায়ী চিকিৎসা শুরু করা যেতে পারে। এই সময়ে পর্যাপ্ত বিশ্রাম নিন, প্রচুর পানি পান করুন এবং স্বাস্থ্যকর খাবার খান। ডাক্তারের পরামর্শ ছাড়া কোনো ওষুধ সেবন করবেন না। যদি সমস্যা বাড়তে থাকে বা তীব্র হয়, তাহলে দেরি না করে দ্রুত ডাক্তারের শরণাপন্ন হন। আশা করি এই উত্তরটি আপনাকে সাহায্য করবে। আরও কোনো প্রশ্ন থাকলে নির্দ্বিধায় জিজ্ঞাসা করতে পারেন। ধন্যবাদ।"
104956,"হেলো, নাসেনিয়া ডকে আপনাকে স্বাগতম। আপনার অনুসন্ধানের জন্য ধন্যবাদ। আমি আপনার প্রশ্নটি দেখেছি এবং আপনার উদ্বেগ বুঝতে পেরেছি। আমি যথাসাধ্য আপনাকে সাহায্য করার চেষ্টা করব। আপনার বর্ণনা করা লক্ষণগুলো বিভিন্ন কারণে হতে পারে এবং এর সঠিক কারণ নির্ণয়ের জন্য একটি বিস্তারিত পরীক্ষা প্রয়োজন। তাই আমি আপনাকে একজন বিশেষজ্ঞ ডাক্তারের সাথে সরাসরি পরামর্শ করার পরামর্শ দিচ্ছি। প্রয়োজনীয় পরীক্ষা-নিরীক্ষা করানো উচিত এবং রিপোর্ট অনুযায়ী চিকিৎসা শুরু করা যেতে পারে। এই সময়ে পর্যাপ্ত বিশ্রাম নিন, প্রচুর পানি পান করুন এবং স্বাস্থ্যকর খাবার খান। ডাক্তারের পরামর্শ ছাড়া কোনো ওষুধ সেবন করবেন না। যদি সমস্যা বাড়তে থাকে বা তীব্র হয়, তাহলে দেরি না করে দ্রুত ডাক্তারের শরণাপন্ন হন। আশা করি এই উত্তরটি আপনাকে সাহায্য করবে। আরও কোনো প্রশ্ন থাকলে নির্দ্বিধায় জিজ্ঞাসা করতে পারেন। ধন্যবাদ।"
33398,"হেলো, নাসেনিয়া ডকে আপনাকে স্বাগতম। আপনার অনুসন্ধানের জন্য ধন্যবাদ। আমি আপনার প্রশ্নটি দেখেছি এবং আপনার উদ্বেগ বুঝতে পেরেছি। আমি যথাসাধ্য আপনাকে সাহায্য করার চেষ্টা করব। আপনার বর্ণনা করা লক্ষণগুলো বিভিন্ন কারণে হতে পারে এবং এর সঠিক কারণ নির্ণয়ের জন্য একটি বিস্তারিত পরীক্ষা প্রয়োজন। তাই আমি আপনাকে একজন বিশেষজ্ঞ ডাক্তারের সাথে সরাসরি পরামর্শ করার পরামর্শ দিচ্ছি। প্রয়োজনীয় পরীক্ষা-নিরীক্ষা করানো উচিত এবং রিপোর্ট অনুযায়ী চিকিৎসা শুরু করা যেতে পারে। এই সময়ে পর্যাপ্ত বিশ্রাম নিন, প্রচুর পানি পান করুন এবং স্বাস্থ্যকর খাবার খান। ডাক্তারের পরামর্শ ছাড়া কোনো ওষুধ সেবন করবেন না। যদি সমস্যা বাড়তে থাকে বা তীব্র হয়, তাহলে দেরি না করে দ্রুত ডাক্তারের শরণাপন্ন হন। আশা করি এই উত্তরটি আপনাকে সাহায্য করবে। আরও কোনো প্রশ্ন থাকলে নির্দ্বিধায় জিজ্ঞাসা করতে পারেন। ধন্যবাদ।"
68146,"হেলো, নাসেনিয়া ডকে আপনাকে স্বাগতম। আপনার অনুসন্ধানের জন্য ধন্যবাদ। আমি আপনার প্রশ্নটি দেখেছি এবং আপনার উদ্বেগ বুঝতে পেরেছি। আমি যথাসাধ্য আপনাকে সাহায্য করার চেষ্টা করব। আপনার বর্ণনা করা লক্ষণগুলো বিভিন্ন কারণে হতে পারে এবং এর সঠিক কারণ নির্ণয়ের জন্য একটি বিস্তারিত পরীক্ষা প্রয়োজন। তাই আমি আপনাকে একজন বিশেষজ্ঞ ডাক্তারের সাথে সরাসরি পরামর্শ করার পরামর্শ দিচ্ছি। প্রয়োজনীয় পরীক্ষা-নিরীক্ষা করানো উচিত এবং রিপোর্ট অনুযায়ী চিকিৎসা শুরু করা যেতে পারে। এই সময়ে পর্যাপ্ত বিশ্রাম নিন, প্রচুর পানি পান করুন এবং স্বাস্থ্যকর খাবার খান। ডাক্তারের পরামর্শ ছাড়া কোনো ওষুধ সেবন করবেন না। যদি সমস্যা বাড়তে থাকে বা তীব্র হয়, তাহলে দেরি না করে দ্রুত ডাক্তারের শরণাপন্ন হন। আশা করি এই উত্তরটি আপনাকে সাহায্য করবে। আরও কোনো প্রশ্ন থাকলে নির্দ্বিধায় জিজ্ঞাসা করতে পারেন। ধন্যবাদ।"
78991,"হেলো, নাসেনিয়া ডকে আপনাকে স্বাগতম। আপনার অনুসন্ধানের জন্য ধন্যবাদ। আমি আপনার প্রশ্নটি দেখেছি এবং আপনার উদ্বেগ বুঝতে পেরেছি। আমি যথাসাধ্য আপনাকে সাহায্য করার চেষ্টা করব। আপনার বর্ণনা করা লক্ষণগুলো বিভিন্ন কারণে হতে পারে এবং এর সঠিক কারণ নির্ণয়ের জন্য একটি বিস্তারিত পরীক্ষা প্রয়োজন। তাই আমি আপনাকে একজন বিশেষজ্ঞ ডাক্তারের সাথে সরাসরি পরামর্শ করার পরামর্শ দিচ্ছি। প্রয়োজনীয় পরীক্ষা-নিরীক্ষা করানো উচিত এবং রিপোর্ট অনুযায়ী চিকিৎসা শুরু করা যেতে পারে। এই সময়ে পর্যাপ্ত বিশ্রাম নিন, প্রচুর পানি পান করুন এবং স্বাস্থ্যকর খাবার খান। ডাক্তারের পরামর্শ ছাড়া কোনো ওষুধ সেবন করবেন না। যদি সমস্যা বাড়তে থাকে বা তীব্র হয়, তাহলে দেরি না করে দ্রুত ডাক্তারের শরণাপন্ন হন। আশা করি এই উত্তরটি আপনাকে সাহায্য করবে। আরও কোনো প্রশ্ন থাকলে নির্দ্বিধায় জিজ্ঞাসা করতে পারেন। ধন্যবাদ।"
13140,"হেলো, নাসেনিয়া ডকে আপনাকে স্বাগতম। আপনার অনুসন্ধানের জন্য ধন্যবাদ। আমি আপনার প্রশ্নটি দেখেছি এবং আপনার উদ্বেগ বুঝতে পেরেছি। আমি যথাসাধ্য আপনাকে সাহায্য করার চেষ্টা করব। আপনার বর্ণনা করা লক্ষণগুলো বিভিন্ন কারণে হতে পারে এবং এর সঠিক কারণ নির্ণয়ের জন্য একটি বিস্তারিত পরীক্ষা প্রয়োজন। তাই আমি আপনাকে একজন বিশেষজ্ঞ ডাক্তারের সাথে সরাসরি পরামর্শ করার পরামর্শ দিচ্ছি। প্রয়োজনীয় পরীক্ষা-নিরীক্ষা করানো উচিত এবং রিপোর্ট অনুযায়ী চিকিৎসা শুরু করা যেতে পারে। এই সময়ে পর্যাপ্ত বিশ্রাম নিন, প্রচুর পানি পান করুন এবং স্বাস্থ্যকর খাবার খান। ডাক্তারের পরামর্শ ছাড়া কোনো ওষুধ সেবন করবেন না। যদি সমস্যা বাড়তে থাকে বা তীব্র হয়, তাহলে দেরি না করে দ্রুত ডাক্তারের শরণাপন্ন হন। আশা করি এই উত্তরটি আপনাকে সাহায্য করবে। আরও কোনো প্রশ্ন থাকলে নির্দ্বিধায় জিজ্ঞাসা করতে পারেন। ধন্যবাদ।"
59763,"হেলো, নাসেনিয়া ডকে আপনাকে স্বাগতম। আপনার অনুসন্ধানের জন্য ধন্যবাদ। আমি আপনার প্রশ্নটি দেখেছি এবং আপনার উদ্বেগ বুঝতে পেরেছি। আমি যথাসাধ্য আপনাকে সাহায্য করার চেষ্টা করব। আপনার বর্ণনা করা লক্ষণগুলো বিভিন্ন কারণে হতে পারে এবং এর সঠিক কারণ নির্ণয়ের জন্য একটি বিস্তারিত পরীক্ষা প্রয়োজন। তাই আমি আপনাকে একজন বিশেষজ্ঞ ডাক্তারের সাথে সরাসরি পরামর্শ করার পরামর্শ দিচ্ছি। প্রয়োজনীয় পরীক্ষা-নিরীক্ষা করানো উচিত এবং রিপোর্ট অনুযায়ী চিকিৎসা শুরু করা যেতে পারে। এই সময়ে পর্যাপ্ত বিশ্রাম নিন, প্রচুর পানি পান করুন এবং স্বাস্থ্যকর খাবার খান। ডাক্তারের পরামর্শ ছাড়া কোনো ওষুধ সেবন করবেন না। যদি সমস্যা বাড়তে থাকে বা তীব্র হয়, তাহলে দেরি না করে দ্রুত ডাক্তারের শরণাপন্ন হন। আশা করি এই উত্তরটি আপনাকে সাহায্য করবে। আরও কোনো প্রশ্ন থাকলে নির্দ্বিধায় জিজ্ঞাসা করতে পারেন। ধন্যবাদ।"
43540,"হেলো, নাসেনিয়া ডকে আপনাকে স্বাগতম। আপনার অনুসন্ধানের জন্য ধন্যবাদ। আমি আপনার প্রশ্নটি দেখেছি এবং আপনার উদ্বেগ বুঝতে পেরেছি। আমি যথাসাধ্য আপনাকে সাহায্য করার চেষ্টা করব। আপনার বর্ণনা করা লক্ষণগুলো বিভিন্ন কারণে হতে পারে এবং এর সঠিক কারণ নির্ণয়ের জন্য একটি বিস্তারিত পরীক্ষা প্রয়োজন। তাই আমি আপনাকে একজন বিশেষজ্ঞ ডাক্তারের সাথে সরাসরি পরামর্শ করার পরামর্শ দিচ্ছি। প্রয়োজনীয় পরীক্ষা-নিরীক্ষা করানো উচিত এবং রিপোর্ট অনুযায়ী চিকিৎসা শুরু করা যেতে পারে। এই সময়ে পর্যাপ্ত বিশ্রাম নিন, প্রচুর পানি পান করুন এবং স্বাস্থ্যকর খাবার খান। ডাক্তারের পরামর্শ ছাড়া কোনো ওষুধ সেবন করবেন না। যদি সমস্যা বাড়তে থাকে বা তীব্র হয়, তাহলে দেরি না করে দ্রুত ডাক্তারের শরণাপন্ন হন। আশা করি এই উত্তরটি আপনাকে সাহায্য করবে। আরও কোনো প্রশ্ন থাকলে নির্দ্বিধায় জিজ্ঞাসা করতে পারেন। ধন্যবাদ।"
6407,"হেলো, নাসেনিয়া ডকে আপনাকে স্বাগতম। আপনার অনুসন্ধানের জন্য ধন্যবাদ। আমি আপনার প্রশ্নটি দেখেছি এবং আপনার উদ্বেগ বুঝতে পেরেছি। আমি যথাসাধ্য আপনাকে সাহায্য করার চেষ্টা করব। আপনার বর্ণনা করা লক্ষণগুলো বিভিন্ন কারণে হতে পারে এবং এর সঠিক কারণ নির্ণয়ের জন্য একটি বিস্তারিত পরীক্ষা প্রয়োজন। তাই আমি আপনাকে একজন বিশেষজ্ঞ ডাক্তারের সাথে সরাসরি পরামর্শ করার পরামর্শ দিচ্ছি। প্রয়োজনীয় পরীক্ষা-নিরীক্ষা করানো উচিত এবং রিপোর্ট অনুযায়ী চিকিৎসা শুরু করা যেতে পারে। এই সময়ে পর্যাপ্ত বিশ্রাম নিন, প্রচুর পানি পান করুন এবং স্বাস্থ্যকর খাবার খান। ডাক্তারের পরামর্শ ছাড়া কোনো ওষুধ সেবন করবেন না। যদি সমস্যা বাড়তে থাকে বা তীব্র হয়, তাহলে দেরি না করে দ্রুত ডাক্তারের শরণাপন্ন হন। আশা করি এই উত্তরটি আপনাকে সাহায্য করবে। আরও কোনো প্রশ্ন থাকলে নির্দ্বিধায় জিজ্ঞাসা করতে পারেন। ধন্যবাদ।"
95324,"হেলো, নাসেনিয়া ডকে আপনাকে স্বাগতম। আপনার অনুসন্ধানের জন্য ধন্যবাদ। আমি আপনার প্রশ্নটি দেখেছি এবং আপনার উদ্বেগ বুঝতে পেরেছি। আমি যথাসাধ্য আপনাকে সাহায্য করার চেষ্টা করব। আপনার বর্ণনা করা লক্ষণগুলো বিভিন্ন কারণে হতে পারে এবং এর সঠিক কারণ নির্ণয়ের জন্য একটি বিস্তারিত পরীক্ষা প্রয়োজন। তাই আমি আপনাকে একজন বিশেষজ্ঞ ডাক্তারের সাথে সরাসরি পরামর্শ করার পরামর্শ দিচ্ছি। প্রয়োজনীয় পরীক্ষা-নিরীক্ষা করানো উচিত এবং রিপোর্ট অনুযায়ী চিকিৎসা শুরু করা যেতে পারে। এই সময়ে পর্যাপ্ত বিশ্রাম নিন, প্রচুর পানি পান করুন এবং স্বাস্থ্যকর খাবার খান। ডাক্তারের পরামর্শ ছাড়া কোনো ওষুধ সেবন করবেন না। যদি সমস্যা বাড়তে থাকে বা তীব্র হয়, তাহলে দেরি না করে দ্রুত ডাক্তারের শরণাপন্ন হন। আশা করি এই উত্তরটি আপনাকে সাহায্য করবে। আরও কোনো প্রশ্ন থাকলে নির্দ্বিধায় জিজ্ঞাসা করতে পারেন। ধন্যবাদ।"
24808,"হেলো, নাসেনিয়া ডকে আপনাকে স্বাগতম। আপনার অনুসন্ধানের জন্য ধন্যবাদ। আমি আপনার প্রশ্নটি দেখেছি এবং আপনার উদ্বেগ বুঝতে পেরেছি। আমি যথাসাধ্য আপনাকে সাহায্য করার চেষ্টা করব। আপনার বর্ণনা করা লক্ষণগুলো বিভিন্ন কারণে হতে পারে এবং এর সঠিক কারণ নির্ণয়ের জন্য একটি বিস্তারিত পরীক্ষা প্রয়োজন। তাই আমি আপনাকে একজন বিশেষজ্ঞ ডাক্তারের সাথে সরাসরি পরামর্শ করার পরামর্শ দিচ্ছি। প্রয়োজনীয় পরীক্ষা-নিরীক্ষা করানো উচিত এবং রিপোর্ট অনুযায়ী চিকিৎসা শুরু করা যেতে পারে। এই সময়ে পর্যাপ্ত বিশ্রাম নিন, প্রচুর পানি পান করুন এবং স্বাস্থ্যকর খাবার খান। ডাক্তারের পরামর্শ ছাড়া কোনো ওষুধ সেবন করবেন না। যদি সমস্যা বাড়তে থাকে বা তীব্র হয়, তাহলে দেরি না করে দ্রুত ডাক্তারের শরণাপন্ন হন। আশা করি এই উত্তরটি আপনাকে সাহায্য করবে। আরও কোনো প্রশ্ন থাকলে নির্দ্বিধায় জিজ্ঞাসা করতে পারেন। ধন্যবাদ।"
98421,"হেলো, নাসেনিয়া ডকে আপনাকে স্বাগতম। আপনার অনুসন্ধানের জন্য ধন্যবাদ। আমি আপনার প্রশ্নটি দেখেছি এবং আপনার উদ্বেগ বুঝতে পেরেছি। আমি যথাসাধ্য আপনাকে সাহায্য করার চেষ্টা করব। আপনার বর্ণনা করা লক্ষণগুলো বিভিন্ন কারণে হতে পারে এবং এর সঠিক কারণ নির্ণয়ের জন্য একটি বিস্তারিত পরীক্ষা প্রয়োজন। তাই আমি আপনাকে একজন বিশেষজ্ঞ ডাক্তারের সাথে সরাসরি পরামর্শ করার পরামর্শ দিচ্ছি। প্রয়োজনীয় পরীক্ষা-নিরীক্ষা করানো উচিত এবং রিপোর্ট অনুযায়ী চিকিৎসা শুরু করা যেতে পারে। এই সময়ে পর্যাপ্ত বিশ্রাম নিন, প্রচুর পানি পান করুন এবং স্বাস্থ্যকর খাবার খান। ডাক্তারের পরামর্শ ছাড়া কোনো ওষুধ সেবন করবেন না। যদি সমস্যা বাড়তে থাকে বা তীব্র হয়, তাহলে দেরি না করে দ্রুত ডাক্তারের শরণাপন্ন হন। আশা করি এই উত্তরটি আপনাকে সাহায্য করবে। আরও কোনো প্রশ্ন থাকলে নির্দ্বিধায় জিজ্ঞাসা করতে পারেন। ধন্যবাদ।"
105784,"হেলো, নাসেনিয়া ডকে আপনাকে স্বাগতম। আপনার অনুসন্ধানের জন্য ধন্যবাদ। আমি আপনার প্রশ্নটি দেখেছি এবং আপনার উদ্বেগ বুঝতে পেরেছি। আমি যথাসাধ্য আপনাকে সাহায্য করার চেষ্টা করব। আপনার বর্ণনা করা লক্ষণগুলো বিভিন্ন কারণে হতে পারে এবং এর সঠিক কারণ নির্ণয়ের জন্য একটি বিস্তারিত পরীক্ষা প্রয়োজন। তাই আমি আপনাকে একজন বিশেষজ্ঞ ডাক্তারের সাথে সরাসরি পরামর্শ করার পরামর্শ দিচ্ছি। প্রয়োজনীয় পরীক্ষা-নিরীক্ষা করানো উচিত এবং রিপোর্ট অনুযায়ী চিকিৎসা শুরু করা যেতে পারে। এই সময়ে পর্যাপ্ত বিশ্রাম নিন, প্রচুর পানি পান করুন এবং স্বাস্থ্যকর খাবার খান। ডাক্তারের পরামর্শ ছাড়া কোনো ওষুধ সেবন করবেন না। যদি সমস্যা বাড়তে থাকে বা তীব্র হয়, তাহলে দেরি না করে দ্রুত ডাক্তারের শরণাপন্ন হন। আশা করি এই উত্তরটি আপনাকে সাহায্য করবে। আরও কোনো প্রশ্ন থাকলে নির্দ্বিধায় জিজ্ঞাসা করতে পারেন। ধন্যবাদ।"
1108,"হেলো, নাসেনিয়া ডকে আপনাকে স্বাগতম। আপনার অনুসন্ধানের জন্য ধন্যবাদ। আমি আপনার প্রশ্নটি দেখেছি এবং আপনার উদ্বেগ বুঝতে পেরেছি। আমি যথাসাধ্য আপনাকে সাহায্য করার চেষ্টা করব। আপনার বর্ণনা করা লক্ষণগুলো বিভিন্ন কারণে হতে পারে এবং এর সঠিক কারণ নির্ণয়ের জন্য একটি বিস্তারিত পরীক্ষা প্রয়োজন। তাই আমি আপনাকে একজন বিশেষজ্ঞ ডাক্তারের সাথে সরাসরি পরামর্শ করার পরামর্শ দিচ্ছি। প্রয়োজনীয় পরীক্ষা-নিরীক্ষা করানো উচিত এবং রিপোর্ট অনুযায়ী চিকিৎসা শুরু করা যেতে পারে। এই সময়ে পর্যাপ্ত বিশ্রাম নিন, প্রচুর পানি পান করুন এবং স্বাস্থ্যকর খাবার খান। ডাক্তারের পরামর্শ ছাড়া কোনো ওষুধ সেবন করবেন না। যদি সমস্যা বাড়তে থাকে বা তীব্র হয়, তাহলে দেরি না করে দ্রুত ডাক্তারের শরণাপন্ন হন। আশা করি এই উত্তরটি আপনাকে সাহায্য করবে। আরও কোনো প্রশ্ন থাকলে নির্দ্বিধায় জিজ্ঞাসা করতে পারেন। ধন্যবাদ।"
101311,"হেলো, নাসেনিয়া ডকে আপনাকে স্বাগতম। আপনার অনুসন্ধানের জন্য ধন্যবাদ। আমি আপনার প্রশ্নটি দেখেছি এবং আপনার উদ্বেগ বুঝতে পেরেছি। আমি যথাসাধ্য আপনাকে সাহায্য করার চেষ্টা করব। আপনার বর্ণনা করা লক্ষণগুলো বিভিন্ন কারণে হতে পারে এবং এর সঠিক কারণ নির্ণয়ের জন্য একটি বিস্তারিত পরীক্ষা প্রয়োজন। তাই আমি আপনাকে একজন বিশেষজ্ঞ ডাক্তারের সাথে সরাসরি পরামর্শ করার পরামর্শ দিচ্ছি। প্রয়োজনীয় পরীক্ষা-নিরীক্ষা করানো উচিত এবং রিপোর্ট অনুযায়ী চিকিৎসা শুরু করা যেতে পারে। এই সময়ে পর্যাপ্ত বিশ্রাম নিন, প্রচুর পানি পান করুন এবং স্বাস্থ্যকর খাবার খান। ডাক্তারের পরামর্শ ছাড়া কোনো ওষুধ সেবন করবেন না। যদি সমস্যা বাড়তে থাকে বা তীব্র হয়, তাহলে দেরি না করে দ্রুত ডাক্তারের শরণাপন্ন হন। আশা করি এই উত্তরটি আপনাকে সাহায্য করবে। আরও কোনো প্রশ্ন থাকলে নির্দ্বিধায় জিজ্ঞাসা করতে পারেন। ধন্যবাদ।"
101263,"হেলো, নাসেনিয়া ডকে আপনাকে স্বাগতম। আপনার অনুসন্ধানের জন্য ধন্যবাদ। আমি আপনার প্রশ্নটি দেখেছি এবং আপনার উদ্বেগ বুঝতে পেরেছি। আমি যথাসাধ্য আপনাকে সাহায্য করার চেষ্টা করব। আপনার বর্ণনা করা লক্ষণগুলো বিভিন্ন কারণে হতে পারে এবং এর সঠিক কারণ নির্ণয়ের জন্য একটি বিস্তারিত পরীক্ষা প্রয়োজন। তাই আমি আপনাকে একজন বিশেষজ্ঞ ডাক্তারের সাথে সরাসরি পরামর্শ করার পরামর্শ দিচ্ছি। প্রয়োজনীয় পরীক্ষা-নিরীক্ষা করানো উচিত এবং রিপোর্ট অনুযায়ী চিকিৎসা শুরু করা যেতে পারে। এই সময়ে পর্যাপ্ত বিশ্রাম নিন, প্রচুর পানি পান করুন এবং স্বাস্থ্যকর খাবার খান। ডাক্তারের পরামর্শ ছাড়া কোনো ওষুধ সেবন করবেন না। যদি সমস্যা বাড়তে থাকে বা তীব্র হয়, তাহলে দেরি না করে দ্রুত ডাক্তারের শরণাপন্ন হন। আশা করি এই উত্তরটি আপনাকে সাহায্য করবে। আরও কোনো প্রশ্ন থাকলে নির্দ্বিধায় জিজ্ঞাসা করতে পারেন। ধন্যবাদ।"
9198,"হেলো, নাসেনিয়া ডকে আপনাকে স্বাগতম। আপনার অনুসন্ধানের জন্য ধন্যবাদ। আমি আপনার প্রশ্নটি দেখেছি এবং আপনার উদ্বেগ বুঝতে পেরেছি। আমি যথাসাধ্য আপনাকে সাহায্য করার চেষ্টা করব। আপনার বর্ণনা করা লক্ষণগুলো বিভিন্ন কারণে হতে পারে এবং এর সঠিক কারণ নির্ণয়ের জন্য একটি বিস্তারিত পরীক্ষা প্রয়োজন। তাই আমি আপনাকে একজন বিশেষজ্ঞ ডাক্তারের সাথে সরাসরি পরামর্শ করার পরামর্শ দিচ্ছি। প্রয়োজনীয় পরীক্ষা-নিরীক্ষা করানো উচিত এবং রিপোর্ট অনুযায়ী চিকিৎসা শুরু করা যেতে পারে। এই সময়ে পর্যাপ্ত বিশ্রাম নিন, প্রচুর পানি পান করুন এবং স্বাস্থ্যকর খাবার খান। ডাক্তারের পরামর্শ ছাড়া কোনো ওষুধ সেবন করবেন না। যদি সমস্যা বাড়তে থাকে বা তীব্র হয়, তাহলে দেরি না করে দ্রুত ডাক্তারের শরণাপন্ন হন। আশা করি এই উত্তরটি আপনাকে সাহায্য করবে। আরও কোনো প্রশ্ন থাকলে নির্দ্বিধায় জিজ্ঞাসা করতে পারেন। ধন্যবাদ।"
48708,"হেলো, নাসেনিয়া ডকে আপনাকে স্বাগতম। আপনার অনুসন্ধানের জন্য ধন্যবাদ। আমি আপনার প্রশ্নটি দেখেছি এবং আপনার উদ্বেগ বুঝতে পেরেছি। আমি যথাসাধ্য আপনাকে সাহায্য করার চেষ্টা করব। আপনার বর্ণনা করা লক্ষণগুলো বিভিন্ন কারণে হতে পারে এবং এর সঠিক কারণ নির্ণয়ের জন্য একটি বিস্তারিত পরীক্ষা প্রয়োজন। তাই আমি আপনাকে একজন বিশেষজ্ঞ ডাক্তারের সাথে সরাসরি পরামর্শ করার পরামর্শ দিচ্ছি। প্রয়োজনীয় পরীক্ষা-নিরীক্ষা করানো উচিত এবং রিপোর্ট অনুযায়ী চিকিৎসা শুরু করা যেতে পারে। এই সময়ে পর্যাপ্ত বিশ্রাম নিন, প্রচুর পানি পান করুন এবং স্বাস্থ্যকর খাবার খান। ডাক্তারের পরামর্শ ছাড়া কোনো ওষুধ সেবন করবেন না। যদি সমস্যা বাড়তে থাকে বা তীব্র হয়, তাহলে দেরি না করে দ্রুত ডাক্তারের শরণাপন্ন হন। আশা করি এই উত্তরটি আপনাকে সাহায্য করবে। আরও কোনো প্রশ্ন থাকলে নির্দ্বিধায় জিজ্ঞাসা করতে পারেন। ধন্যবাদ।"
58431,"হেলো, নাসেনিয়া ডকে আপনাকে স্বাগতম। আপনার অনুসন্ধানের জন্য ধন্যবাদ। আমি আপনার প্রশ্নটি দেখেছি এবং আপনার উদ্বেগ বুঝতে পেরেছি। আমি যথাসাধ্য আপনাকে সাহায্য করার চেষ্টা করব। আপনার বর্ণনা করা লক্ষণগুলো বিভিন্ন কারণে হতে পারে এবং এর সঠিক কারণ নির্ণয়ের জন্য একটি বিস্তারিত পরীক্ষা প্রয়োজন। তাই আমি আপনাকে একজন বিশেষজ্ঞ ডাক্তারের সাথে সরাসরি পরামর্শ করার পরামর্শ দিচ্ছি। প্রয়োজনীয় পরীক্ষা-নিরীক্ষা করানো উচিত এবং রিপোর্ট অনুযায়ী চিকিৎসা শুরু করা যেতে পারে। এই সময়ে পর্যাপ্ত বিশ্রাম নিন, প্রচুর পানি পান করুন এবং স্বাস্থ্যকর খাবার খান। ডাক্তারের পরামর্শ ছাড়া কোনো ওষুধ সেবন করবেন না। যদি সমস্যা বাড়তে থাকে বা তীব্র হয়, তাহলে দেরি না করে দ্রুত ডাক্তারের শরণাপন্ন হন। আশা করি এই উত্তরটি আপনাকে সাহায্য করবে। আরও কোনো প্রশ্ন থাকলে নির্দ্বিধায় জিজ্ঞাসা করতে পারেন। ধন্যবাদ।"
94267,"হেলো, নাসেনিয়া ডকে আপনাকে স্বাগতম। আপনার অনুসন্ধানের জন্য ধন্যবাদ। আমি আপনার প্রশ্নটি দেখেছি এবং আপনার উদ্বেগ বুঝতে পেরেছি। আমি যথাসাধ্য আপনাকে সাহায্য করার চেষ্টা করব। আপনার বর্ণনা করা লক্ষণগুলো বিভিন্ন কারণে হতে পারে এবং এর সঠিক কারণ নির্ণয়ের জন্য একটি বিস্তারিত পরীক্ষা প্রয়োজন। তাই আমি আপনাকে একজন বিশেষজ্ঞ ডাক্তারের সাথে সরাসরি পরামর্শ করার পরামর্শ দিচ্ছি। প্রয়োজনীয় পরীক্ষা-নিরীক্ষা করানো উচিত এবং রিপোর্ট অনুযায়ী চিকিৎসা শুরু করা যেতে পারে। এই সময়ে পর্যাপ্ত বিশ্রাম নিন, প্রচুর পানি পান করুন এবং স্বাস্থ্যকর খাবার খান। ডাক্তারের পরামর্শ ছাড়া কোনো ওষুধ সেবন করবেন না। যদি সমস্যা বাড়তে থাকে বা তীব্র হয়, তাহলে দেরি না করে দ্রুত ডাক্তারের শরণাপন্ন হন। আশা করি এই উত্তরটি আপনাকে সাহায্য করবে। আরও কোনো প্রশ্ন থাকলে নির্দ্বিধায় জিজ্ঞাসা করতে পারেন। ধন্যবাদ।"
4618,"হেলো, নাসেনিয়া ডকে আপনাকে স্বাগতম। আপনার অনুসন্ধানের জন্য ধন্যবাদ। আমি আপনার প্রশ্নটি দেখেছি এবং আপনার উদ্বেগ বুঝতে পেরেছি। আমি যথাসাধ্য আপনাকে সাহায্য করার চেষ্টা করব। আপনার বর্ণনা করা লক্ষণগুলো বিভিন্ন কারণে হতে পারে এবং এর সঠিক কারণ নির্ণয়ের জন্য একটি বিস্তারিত পরীক্ষা প্রয়োজন। তাই আমি আপনাকে একজন বিশেষজ্ঞ ডাক্তারের সাথে সরাসরি পরামর্শ করার পরামর্শ দিচ্ছি। প্রয়োজনীয় পরীক্ষা-নিরীক্ষা করানো উচিত এবং রিপোর্ট অনুযায়ী চিকিৎসা শুরু করা যেতে পারে। এই সময়ে পর্যাপ্ত বিশ্রাম নিন, প্রচুর পানি পান করুন এবং স্বাস্থ্যকর খাবার খান। ডাক্তারের পরামর্শ ছাড়া কোনো ওষুধ সেবন করবেন না। যদি সমস্যা বাড়তে থাকে বা তীব্র হয়, তাহলে দেরি না করে দ্রুত ডাক্তারের শরণাপন্ন হন। আশা করি এই উত্তরটি আপনাকে সাহায্য করবে। আরও কোনো প্রশ্ন থাকলে নির্দ্বিধায় জিজ্ঞাসা করতে পারেন। ধন্যবাদ।"
8692,"হেলো, নাসেনিয়া ডকে আপনাকে স্বাগতম। আপনার অনুসন্ধানের জন্য ধন্যবাদ। আমি আপনার প্রশ্নটি দেখেছি এবং আপনার উদ্বেগ বুঝতে পেরেছি। আমি যথাসাধ্য আপনাকে সাহায্য করার চেষ্টা করব। আপনার বর্ণনা করা লক্ষণগুলো বিভিন্ন কারণে হতে পারে এবং এর সঠিক কারণ নির্ণয়ের জন্য একটি বিস্তারিত পরীক্ষা প্রয়োজন। তাই আমি আপনাকে একজন বিশেষজ্ঞ ডাক্তারের সাথে সরাসরি পরামর্শ করার পরামর্শ দিচ্ছি। প্রয়োজনীয় পরীক্ষা-নিরীক্ষা করানো উচিত এবং রিপোর্ট অনুযায়ী চিকিৎসা শুরু করা যেতে পারে। এই সময়ে পর্যাপ্ত বিশ্রাম নিন, প্রচুর পানি পান করুন এবং স্বাস্থ্যকর খাবার খান। ডাক্তারের পরামর্শ ছাড়া কোনো ওষুধ সেবন করবেন না। যদি সমস্যা বাড়তে থাকে বা তীব্র হয়, তাহলে দেরি না করে দ্রুত ডাক্তারের শরণাপন্ন হন। আশা করি এই উত্তরটি আপনাকে সাহায্য করবে। আরও কোনো প্রশ্ন থাকলে নির্দ্বিধায় জিজ্ঞাসা করতে পারেন। ধন্যবাদ।"
1719,"হেলো, নাসেনিয়া ডকে আপনাকে স্বাগতম। আপনার অনুসন্ধানের জন্য ধন্যবাদ। আমি আপনার প্রশ্নটি দেখেছি এবং আপনার উদ্বেগ বুঝতে পেরেছি। আমি যথাসাধ্য আপনাকে সাহায্য করার চেষ্টা করব। আপনার বর্ণনা করা লক্ষণগুলো বিভিন্ন কারণে হতে পারে এবং এর সঠিক কারণ নির্ণয়ের জন্য একটি বিস্তারিত পরীক্ষা প্রয়োজন। তাই আমি আপনাকে একজন বিশেষজ্ঞ ডাক্তারের সাথে সরাসরি পরামর্শ করার পরামর্শ দিচ্ছি। প্রয়োজনীয় পরীক্ষা-নিরীক্ষা করানো উচিত এবং রিপোর্ট অনুযায়ী চিকিৎসা শুরু করা যেতে পারে। এই সময়ে পর্যাপ্ত বিশ্রাম নিন, প্রচুর পানি পান করুন এবং স্বাস্থ্যকর খাবার খান। ডাক্তারের পরামর্শ ছাড়া কোনো ওষুধ সেবন করবেন না। যদি সমস্যা বাড়তে থাকে বা তীব্র হয়, তাহলে দেরি না করে দ্রুত ডাক্তারের শরণাপন্ন হন। আশা করি এই উত্তরটি আপনাকে সাহায্য করবে। আরও কোনো প্রশ্ন থাকলে নির্দ্বিধায় জিজ্ঞাসা করতে পারেন। ধন্যবাদ।"
61274,"হেলো, নাসেনিয়া ডকে আপনাকে স্বাগতম। আপনার অনুসন্ধানের জন্য ধন্যবাদ। আমি আপনার প্রশ্নটি দেখেছি এবং আপনার উদ্বেগ বুঝতে পেরেছি। আমি যথাসাধ্য আপনাকে সাহায্য করার চেষ্টা করব। আপনার বর্ণনা করা লক্ষণগুলো বিভিন্ন কারণে হতে পারে এবং এর সঠিক কারণ নির্ণয়ের জন্য একটি বিস্তারিত পরীক্ষা প্রয়োজন। তাই আমি আপনাকে একজন বিশেষজ্ঞ ডাক্তারের সাথে সরাসরি পরামর্শ করার পরামর্শ দিচ্ছি। প্রয়োজনীয় পরীক্ষা-নিরীক্ষা করানো উচিত এবং রিপোর্ট অনুযায়ী চিকিৎসা শুরু করা যেতে পারে। এই সময়ে পর্যাপ্ত বিশ্রাম নিন, প্রচুর পানি পান করুন এবং স্বাস্থ্যকর খাবার খান। ডাক্তারের পরামর্শ ছাড়া কোনো ওষুধ সেবন করবেন না। যদি সমস্যা বাড়তে থাকে বা তীব্র হয়, তাহলে দেরি না করে দ্রুত ডাক্তারের শরণাপন্ন হন। আশা করি এই উত্তরটি আপনাকে সাহায্য করবে। আরও কোনো প্রশ্ন থাকলে নির্দ্বিধায় জিজ্ঞাসা করতে পারেন। ধন্যবাদ।"
84526,"হেলো, নাসেনিয়া ডকে আপনাকে স্বাগতম। আপনার অনুসন্ধানের জন্য ধন্যবাদ। আমি আপনার প্রশ্নটি দেখেছি এবং আপনার উদ্বেগ বুঝতে পেরেছি। আমি যথাসাধ্য আপনাকে সাহায্য করার চেষ্টা করব। আপনার বর্ণনা করা লক্ষণগুলো বিভিন্ন কারণে হতে পারে এবং এর সঠিক কারণ নির্ণয়ের জন্য একটি বিস্তারিত পরীক্ষা প্রয়োজন। তাই আমি আপনাকে একজন বিশেষজ্ঞ ডাক্তারের সাথে সরাসরি পরামর্শ করার পরামর্শ দিচ্ছি। প্রয়োজনীয় পরীক্ষা-নিরীক্ষা করানো উচিত এবং রিপোর্ট অনুযায়ী চিকিৎসা শুরু করা যেতে পারে। এই সময়ে পর্যাপ্ত বিশ্রাম নিন, প্রচুর পানি পান করুন এবং স্বাস্থ্যকর খাবার খান। ডাক্তারের পরামর্শ ছাড়া কোনো ওষুধ সেবন করবেন না। যদি সমস্যা বাড়তে থাকে বা তীব্র হয়, তাহলে দেরি না করে দ্রুত ডাক্তারের শরণাপন্ন হন। আশা করি এই উত্তরটি আপনাকে সাহায্য করবে। আরও কোনো প্রশ্ন থাকলে নির্দ্বিধায় জিজ্ঞাসা করতে পারেন। ধন্যবাদ।"
54011,"হেলো, নাসেনিয়া ডকে আপনাকে স্বাগতম। আপনার অনুসন্ধানের জন্য ধন্যবাদ। আমি আপনার প্রশ্নটি দেখেছি এবং আপনার উদ্বেগ বুঝতে পেরেছি। আমি যথাসাধ্য আপনাকে সাহায্য করার চেষ্টা করব। আপনার বর্ণনা করা লক্ষণগুলো বিভিন্ন কারণে হতে পারে এবং এর সঠিক কারণ নির্ণয়ের জন্য একটি বিস্তারিত পরীক্ষা প্রয়োজন। তাই আমি আপনাকে একজন বিশেষজ্ঞ ডাক্তারের সাথে সরাসরি পরামর্শ করার পরামর্শ দিচ্ছি। প্রয়োজনীয় পরীক্ষা-নিরীক্ষা করানো উচিত এবং রিপোর্ট অনুযায়ী চিকিৎসা শুরু করা যেতে পারে। এই সময়ে পর্যাপ্ত বিশ্রাম নিন, প্রচুর পানি পান করুন এবং স্বাস্থ্যকর খাবার খান। ডাক্তারের পরামর্শ ছাড়া কোনো ওষুধ সেবন করবেন না। যদি সমস্যা বাড়তে থাকে বা তীব্র হয়, তাহলে দেরি না করে দ্রুত ডাক্তারের শরণাপন্ন হন। আশা করি এই উত্তরটি আপনাকে সাহায্য করবে। আরও কোনো প্রশ্ন থাকলে নির্দ্বিধায় জিজ্ঞাসা করতে পারেন। ধন্যবাদ।"
106764,"হেলো, নাসেনিয়া ডকে আপনাকে স্বাগতম। আপনার অনুসন্ধানের জন্য ধন্যবাদ। আমি আপনার প্রশ্নটি দেখেছি এবং আপনার উদ্বেগ বুঝতে পেরেছি। আমি যথাসাধ্য আপনাকে সাহায্য করার চেষ্টা করব। আপনার বর্ণনা করা লক্ষণগুলো বিভিন্ন কারণে হতে পারে এবং এর সঠিক কারণ নির্ণয়ের জন্য একটি বিস্তারিত পরীক্ষা প্রয়োজন। তাই আমি আপনাকে একজন বিশেষজ্ঞ ডাক্তারের সাথে সরাসরি পরামর্শ করার পরামর্শ দিচ্ছি। প্রয়োজনীয় পরীক্ষা-নিরীক্ষা করানো উচিত এবং রিপোর্ট অনুযায়ী চিকিৎসা শুরু করা যেতে পারে। এই সময়ে পর্যাপ্ত বিশ্রাম নিন, প্রচুর পানি পান করুন এবং স্বাস্থ্যকর খাবার খান। ডাক্তারের পরামর্শ ছাড়া কোনো ওষুধ সেবন করবেন না। যদি সমস্যা বাড়তে থাকে বা তীব্র হয়, তাহলে দেরি না করে দ্রুত ডাক্তারের শরণাপন্ন হন। আশা করি এই উত্তরটি আপনাকে সাহায্য করবে। আরও কোনো প্রশ্ন থাকলে নির্দ্বিধায় জিজ্ঞাসা করতে পারেন। ধন্যবাদ।"
28216,"হেলো, নাসেনিয়া ডকে আপনাকে স্বাগতম। আপনার অনুসন্ধানের জন্য ধন্যবাদ। আমি আপনার প্রশ্নটি দেখেছি এবং আপনার উদ্বেগ বুঝতে পেরেছি। আমি যথাসাধ্য আপনাকে সাহায্য করার চেষ্টা করব। আপনার বর্ণনা করা লক্ষণগুলো বিভিন্ন কারণে হতে পারে এবং এর সঠিক কারণ নির্ণয়ের জন্য একটি বিস্তারিত পরীক্ষা প্রয়োজন। তাই আমি আপনাকে একজন বিশেষজ্ঞ ডাক্তারের সাথে সরাসরি পরামর্শ করার পরামর্শ দিচ্ছি। প্রয়োজনীয় পরীক্ষা-নিরীক্ষা করানো উচিত এবং রিপোর্ট অনুযায়ী চিকিৎসা শুরু করা যেতে পারে। এই সময়ে পর্যাপ্ত বিশ্রাম নিন, প্রচুর পানি পান করুন এবং স্বাস্থ্যকর খাবার খান। ডাক্তারের পরামর্শ ছাড়া কোনো ওষুধ সেবন করবেন না। যদি সমস্যা বাড়তে থাকে বা তীব্র হয়, তাহলে দেরি না করে দ্রুত ডাক্তারের শরণাপন্ন হন। আশা করি এই উত্তরটি আপনাকে সাহায্য করবে। আরও কোনো প্রশ্ন থাকলে নির্দ্বিধায় জিজ্ঞাসা করতে পারেন। ধন্যবাদ।"
28584,"হেলো, নাসেনিয়া ডকে আপনাকে স্বাগতম। আপনার অনুসন্ধানের জন্য ধন্যবাদ। আমি আপনার প্রশ্নটি দেখেছি এবং আপনার উদ্বেগ বুঝতে পেরেছি। আমি যথাসাধ্য আপনাকে সাহায্য করার চেষ্টা করব। আপনার বর্ণনা করা লক্ষণগুলো বিভিন্ন কারণে হতে পারে এবং এর সঠিক কারণ নির্ণয়ের জন্য একটি বিস্তারিত পরীক্ষা প্রয়োজন। তাই আমি আপনাকে একজন বিশেষজ্ঞ ডাক্তারের সাথে সরাসরি পরামর্শ করার পরামর্শ দিচ্ছি। প্রয়োজনীয় পরীক্ষা-নিরীক্ষা করানো উচিত এবং রিপোর্ট অনুযায়ী চিকিৎসা শুরু করা যেতে পারে। এই সময়ে পর্যাপ্ত বিশ্রাম নিন, প্রচুর পানি পান করুন এবং স্বাস্থ্যকর খাবার খান। ডাক্তারের পরামর্শ ছাড়া কোনো ওষুধ সেবন করবেন না। যদি সমস্যা বাড়তে থাকে বা তীব্র হয়, তাহলে দেরি না করে দ্রুত ডাক্তারের শরণাপন্ন হন। আশা করি এই উত্তরটি আপনাকে সাহায্য করবে। আরও কোনো প্রশ্ন থাকলে নির্দ্বিধায় জিজ্ঞাসা করতে পারেন। ধন্যবাদ।"
88,"হেলো, নাসেনিয়া ডকে আপনাকে স্বাগতম। আপনার অনুসন্ধানের জন্য ধন্যবাদ। আমি আপনার প্রশ্নটি দেখেছি এবং আপনার উদ্বেগ বুঝতে পেরেছি। আমি যথাসাধ্য আপনাকে সাহায্য করার চেষ্টা করব। আপনার বর্ণনা করা লক্ষণগুলো বিভিন্ন কারণে হতে পারে এবং এর সঠিক কারণ নির্ণয়ের জন্য একটি বিস্তারিত পরীক্ষা প্রয়োজন। তাই আমি আপনাকে একজন বিশেষজ্ঞ ডাক্তারের সাথে সরাসরি পরামর্শ করার পরামর্শ দিচ্ছি। প্রয়োজনীয় পরীক্ষা-নিরীক্ষা করানো উচিত এবং রিপোর্ট অনুযায়ী চিকিৎসা শুরু করা যেতে পারে। এই সময়ে পর্যাপ্ত বিশ্রাম নিন, প্রচুর পানি পান করুন এবং স্বাস্থ্যকর খাবার খান। ডাক্তারের পরামর্শ ছাড়া কোনো ওষুধ সেবন করবেন না। যদি সমস্যা বাড়তে থাকে বা তীব্র হয়, তাহলে দেরি না করে দ্রুত ডাক্তারের শরণাপন্ন হন। আশা করি এই উত্তরটি আপনাকে সাহায্য করবে। আরও কোনো প্রশ্ন থাকলে নির্দ্বিধায় জিজ্ঞাসা করতে পারেন। ধন্যবাদ।"
89196,"হেলো, নাসেনিয়া ডকে আপনাকে স্বাগতম। আপনার অনুসন্ধানের জন্য ধন্যবাদ। আমি আপনার প্রশ্নটি দেখেছি এবং আপনার উদ্বেগ বুঝতে পেরেছি। আমি যথাসাধ্য আপনাকে সাহায্য করার চেষ্টা করব। আপনার বর্ণনা করা লক্ষণগুলো বিভিন্ন কারণে হতে পারে এবং এর সঠিক কারণ নির্ণয়ের জন্য একটি বিস্তারিত পরীক্ষা প্রয়োজন। তাই আমি আপনাকে একজন বিশেষজ্ঞ ডাক্তারের সাথে সরাসরি পরামর্শ করার পরামর্শ দিচ্ছি। প্রয়োজনীয় পরীক্ষা-নিরীক্ষা করানো উচিত এবং রিপোর্ট অনুযায়ী চিকিৎসা শুরু করা যেতে পারে। এই সময়ে পর্যাপ্ত বিশ্রাম নিন, প্রচুর পানি পান করুন এবং স্বাস্থ্যকর খাবার খান। ডাক্তারের পরামর্শ ছাড়া কোনো ওষুধ সেবন করবেন না। যদি সমস্যা বাড়তে থাকে বা তীব্র হয়, তাহলে দেরি না করে দ্রুত ডাক্তারের শরণাপন্ন হন। আশা করি এই উত্তরটি আপনাকে সাহায্য করবে। আরও কোনো প্রশ্ন থাকলে নির্দ্বিধায় জিজ্ঞাসা করতে পারেন। ধন্যবাদ।"
38756,"হেলো, নাসেনিয়া ডকে আপনাকে স্বাগতম। আপনার অনুসন্ধানের জন্য ধন্যবাদ। আমি আপনার প্রশ্নটি দেখেছি এবং আপনার উদ্বেগ বুঝতে পেরেছি। আমি যথাসাধ্য আপনাকে সাহায্য করার চেষ্টা করব। আপনার বর্ণনা করা লক্ষণগুলো বিভিন্ন কারণে হতে পারে এবং এর সঠিক কারণ নির্ণয়ের জন্য একটি বিস্তারিত পরীক্ষা প্রয়োজন। তাই আমি আপনাকে একজন বিশেষজ্ঞ ডাক্তারের সাথে সরাসরি পরামর্শ করার পরামর্শ দিচ্ছি। প্রয়োজনীয় পরীক্ষা-নিরীক্ষা করানো উচিত এবং রিপোর্ট অনুযায়ী চিকিৎসা শুরু করা যেতে পারে। এই সময়ে পর্যাপ্ত বিশ্রাম নিন, প্রচুর পানি পান করুন এবং স্বাস্থ্যকর খাবার খান। ডাক্তারের পরামর্শ ছাড়া কোনো ওষুধ সেবন করবেন না। যদি সমস্যা বাড়তে থাকে বা তীব্র হয়, তাহলে দেরি না করে দ্রুত ডাক্তারের শরণাপন্ন হন। আশা করি এই উত্তরটি আপনাকে সাহায্য করবে। আরও কোনো প্রশ্ন থাকলে নির্দ্বিধায় জিজ্ঞাসা করতে পারেন। ধন্যবাদ।"
101710,"হেলো, নাসেনিয়া ডকে আপনাকে স্বাগতম। আপনার অনুসন্ধানের জন্য ধন্যবাদ। আমি আপনার প্রশ্নটি দেখেছি এবং আপনার উদ্বেগ বুঝতে পেরেছি। আমি যথাসাধ্য আপনাকে সাহায্য করার চেষ্টা করব। আপনার বর্ণনা করা লক্ষণগুলো বিভিন্ন কারণে হতে পারে এবং এর সঠিক কারণ নির্ণয়ের জন্য একটি বিস্তারিত পরীক্ষা প্রয়োজন। তাই আমি আপনাকে একজন বিশেষজ্ঞ ডাক্তারের সাথে সরাসরি পরামর্শ করার পরামর্শ দিচ্ছি। প্রয়োজনীয় পরীক্ষা-নিরীক্ষা করানো উচিত এবং রিপোর্ট অনুযায়ী চিকিৎসা শুরু করা যেতে পারে। এই সময়ে পর্যাপ্ত বিশ্রাম নিন, প্রচুর পানি পান করুন এবং স্বাস্থ্যকর খাবার খান। ডাক্তারের পরামর্শ ছাড়া কোনো ওষুধ সেবন করবেন না। যদি সমস্যা বাড়তে থাকে বা তীব্র হয়, তাহলে দেরি না করে দ্রুত ডাক্তারের শরণাপন্ন হন। আশা করি এই উত্তরটি আপনাকে সাহায্য করবে। আরও কোনো প্রশ্ন থাকলে নির্দ্বিধায় জিজ্ঞাসা করতে পারেন। ধন্যবাদ।"
41262,"হেলো, নাসেনিয়া ডকে আপনাকে স্বাগতম। আপনার অনুসন্ধানের জন্য ধন্যবাদ। আমি আপনার প্রশ্নটি দেখেছি এবং আপনার উদ্বেগ বুঝতে পেরেছি। আমি যথাসাধ্য আপনাকে সাহায্য করার চেষ্টা করব। আপনার বর্ণনা করা লক্ষণগুলো বিভিন্ন কারণে হতে পারে এবং এর সঠিক কারণ নির্ণয়ের জন্য একটি বিস্তারিত পরীক্ষা প্রয়োজন। তাই আমি আপনাকে একজন বিশেষজ্ঞ ডাক্তারের সাথে সরাসরি পরামর্শ করার পরামর্শ দিচ্ছি। প্রয়োজনীয় পরীক্ষা-নিরীক্ষা করানো উচিত এবং রিপোর্ট অনুযায়ী চিকিৎসা শুরু করা যেতে পারে। এই সময়ে পর্যাপ্ত বিশ্রাম নিন, প্রচুর পানি পান করুন এবং স্বাস্থ্যকর খাবার খান। ডাক্তারের পরামর্শ ছাড়া কোনো ওষুধ সেবন করবেন না। যদি সমস্যা বাড়তে থাকে বা তীব্র হয়, তাহলে দেরি না করে দ্রুত ডাক্তারের শরণাপন্ন হন। আশা করি এই উত্তরটি আপনাকে সাহায্য করবে। আরও কোনো প্রশ্ন থাকলে নির্দ্বিধায় জিজ্ঞাসা করতে পারেন। ধন্যবাদ।"
105396,"হেলো, নাসেনিয়া ডকে আপনাকে স্বাগতম। আপনার অনুসন্ধানের জন্য ধন্যবাদ। আমি আপনার প্রশ্নটি দেখেছি এবং আপনার উদ্বেগ বুঝতে পেরেছি। আমি যথাসাধ্য আপনাকে সাহায্য করার চেষ্টা করব। আপনার বর্ণনা করা লক্ষণগুলো বিভিন্ন কারণে হতে পারে এবং এর সঠিক কারণ নির্ণয়ের জন্য একটি বিস্তারিত পরীক্ষা প্রয়োজন। তাই আমি আপনাকে একজন বিশেষজ্ঞ ডাক্তারের সাথে সরাসরি পরামর্শ করার পরামর্শ দিচ্ছি। প্রয়োজনীয় পরীক্ষা-নিরীক্ষা করানো উচিত এবং রিপোর্ট অনুযায়ী চিকিৎসা শুরু করা যেতে পারে। এই সময়ে পর্যাপ্ত বিশ্রাম নিন, প্রচুর পানি পান করুন এবং স্বাস্থ্যকর খাবার খান। ডাক্তারের পরামর্শ ছাড়া কোনো ওষুধ সেবন করবেন না। যদি সমস্যা বাড়তে থাকে বা তীব্র হয়, তাহলে দেরি না করে দ্রুত ডাক্তারের শরণাপন্ন হন। আশা করি এই উত্তরটি আপনাকে সাহায্য করবে। আরও কোনো প্রশ্ন থাকলে নির্দ্বিধায় জিজ্ঞাসা করতে পারেন। ধন্যবাদ।"
94111,"হেলো, নাসেনিয়া ডকে আপনাকে স্বাগতম। আপনার অনুসন্ধানের জন্য ধন্যবাদ। আমি আপনার প্রশ্নটি দেখেছি এবং আপনার উদ্বেগ বুঝতে পেরেছি। আমি যথাসাধ্য আপনাকে সাহায্য করার চেষ্টা করব। আপনার বর্ণনা করা লক্ষণগুলো বিভিন্ন কারণে হতে পারে এবং এর সঠিক কারণ নির্ণয়ের জন্য একটি বিস্তারিত পরীক্ষা প্রয়োজন। তাই আমি আপনাকে একজন বিশেষজ্ঞ ডাক্তারের সাথে সরাসরি পরামর্শ করার পরামর্শ দিচ্ছি। প্রয়োজনীয় পরীক্ষা-নিরীক্ষা করানো উচিত এবং রিপোর্ট অনুযায়ী চিকিৎসা শুরু করা যেতে পারে। এই সময়ে পর্যাপ্ত বিশ্রাম নিন, প্রচুর পানি পান করুন এবং স্বাস্থ্যকর খাবার খান। ডাক্তারের পরামর্শ ছাড়া কোনো ওষুধ সেবন করবেন না। যদি সমস্যা বাড়তে থাকে বা তীব্র হয়, তাহলে দেরি না করে দ্রুত ডাক্তারের শরণাপন্ন হন। আশা করি এই উত্তরটি আপনাকে সাহায্য করবে। আরও কোনো প্রশ্ন থাকলে নির্দ্বিধায় জিজ্ঞাসা করতে পারেন। ধন্যবাদ।"
80214,"হেলো, নাসেনিয়া ডকে আপনাকে স্বাগতম। আপনার অনুসন্ধানের জন্য ধন্যবাদ। আমি আপনার প্রশ্নটি দেখেছি এবং আপনার উদ্বেগ বুঝতে পেরেছি। আমি যথাসাধ্য আপনাকে সাহায্য করার চেষ্টা করব। আপনার বর্ণনা করা লক্ষণগুলো বিভিন্ন কারণে হতে পারে এবং এর সঠিক কারণ নির্ণয়ের জন্য একটি বিস্তারিত পরীক্ষা প্রয়োজন। তাই আমি আপনাকে একজন বিশেষজ্ঞ ডাক্তারের সাথে সরাসরি পরামর্শ করার পরামর্শ দিচ্ছি। প্রয়োজনীয় পরীক্ষা-নিরীক্ষা করানো উচিত এবং রিপোর্ট অনুযায়ী চিকিৎসা শুরু করা যেতে পারে। এই সময়ে পর্যাপ্ত বিশ্রাম নিন, প্রচুর পানি পান করুন এবং স্বাস্থ্যকর খাবার খান। ডাক্তারের পরামর্শ ছাড়া কোনো ওষুধ সেবন করবেন না। যদি সমস্যা বাড়তে থাকে বা তীব্র হয়, তাহলে দেরি না করে দ্রুত ডাক্তারের শরণাপন্ন হন। আশা করি এই উত্তরটি আপনাকে সাহায্য করবে। আরও কোনো প্রশ্ন থাকলে নির্দ্বিধায় জিজ্ঞাসা করতে পারেন। ধন্যবাদ।"
69606,"হেলো, নাসেনিয়া ডকে আপনাকে স্বাগতম। আপনার অনুসন্ধানের জন্য ধন্যবাদ। আমি আপনার প্রশ্নটি দেখেছি এবং আপনার উদ্বেগ বুঝতে পেরেছি। আমি যথাসাধ্য আপনাকে সাহায্য করার চেষ্টা করব। আপনার বর্ণনা করা লক্ষণগুলো বিভিন্ন কারণে হতে পারে এবং এর সঠিক কারণ নির্ণয়ের জন্য একটি বিস্তারিত পরীক্ষা প্রয়োজন। তাই আমি আপনাকে একজন বিশেষজ্ঞ ডাক্তারের সাথে সরাসরি পরামর্শ করার পরামর্শ দিচ্ছি। প্রয়োজনীয় পরীক্ষা-নিরীক্ষা করানো উচিত এবং রিপোর্ট অনুযায়ী চিকিৎসা শুরু করা যেতে পারে। এই সময়ে পর্যাপ্ত বিশ্রাম নিন, প্রচুর পানি পান করুন এবং স্বাস্থ্যকর খাবার খান। ডাক্তারের পরামর্শ ছাড়া কোনো ওষুধ সেবন করবেন না। যদি সমস্যা বাড়তে থাকে বা তীব্র হয়, তাহলে দেরি না করে দ্রুত ডাক্তারের শরণাপন্ন হন। আশা করি এই উত্তরটি আপনাকে সাহায্য করবে। আরও কোনো প্রশ্ন থাকলে নির্দ্বিধায় জিজ্ঞাসা করতে পারেন। ধন্যবাদ।"
36120,"হেলো, নাসেনিয়া ডকে আপনাকে স্বাগতম। আপনার অনুসন্ধানের জন্য ধন্যবাদ। আমি আপনার প্রশ্নটি দেখেছি এবং আপনার উদ্বেগ বুঝতে পেরেছি। আমি যথাসাধ্য আপনাকে সাহায্য করার চেষ্টা করব। আপনার বর্ণনা করা লক্ষণগুলো বিভিন্ন কারণে হতে পারে এবং এর সঠিক কারণ নির্ণয়ের জন্য একটি বিস্তারিত পরীক্ষা প্রয়োজন। তাই আমি আপনাকে একজন বিশেষজ্ঞ ডাক্তারের সাথে সরাসরি পরামর্শ করার পরামর্শ দিচ্ছি। প্রয়োজনীয় পরীক্ষা-নিরীক্ষা করানো উচিত এবং রিপোর্ট অনুযায়ী চিকিৎসা শুরু করা যেতে পারে। এই সময়ে পর্যাপ্ত বিশ্রাম নিন, প্রচুর পানি পান করুন এবং স্বাস্থ্যকর খাবার খান। ডাক্তারের পরামর্শ ছাড়া কোনো ওষুধ সেবন করবেন না। যদি সমস্যা বাড়তে থাকে বা তীব্র হয়, তাহলে দেরি না করে দ্রুত ডাক্তারের শরণাপন্ন হন। আশা করি এই উত্তরটি আপনাকে সাহায্য করবে। আরও কোনো প্রশ্ন থাকলে নির্দ্বিধায় জিজ্ঞাসা করতে পারেন। ধন্যবাদ।"
68454,"হেলো, নাসেনিয়া ডকে আপনাকে স্বাগতম। আপনার অনুসন্ধানের জন্য ধন্যবাদ। আমি আপনার প্রশ্নটি দেখেছি এবং আপনার উদ্বেগ বুঝতে পেরেছি। আমি যথাসাধ্য আপনাকে সাহায্য করার চেষ্টা করব। আপনার বর্ণনা করা লক্ষণগুলো বিভিন্ন কারণে হতে পারে এবং এর সঠিক কারণ নির্ণয়ের জন্য একটি বিস্তারিত পরীক্ষা প্রয়োজন। তাই আমি আপনাকে একজন বিশেষজ্ঞ ডাক্তারের সাথে সরাসরি পরামর্শ করার পরামর্শ দিচ্ছি। প্রয়োজনীয় পরীক্ষা-নিরীক্ষা করানো উচিত এবং রিপোর্ট অনুযায়ী চিকিৎসা শুরু করা যেতে পারে। এই সময়ে পর্যাপ্ত বিশ্রাম নিন, প্রচুর পানি পান করুন এবং স্বাস্থ্যকর খাবার খান। ডাক্তারের পরামর্শ ছাড়া কোনো ওষুধ সেবন করবেন না। যদি সমস্যা বাড়তে থাকে বা তীব্র হয়, তাহলে দেরি না করে দ্রুত ডাক্তারের শরণাপন্ন হন। আশা করি এই উত্তরটি আপনাকে সাহায্য করবে। আরও কোনো প্রশ্ন থাকলে নির্দ্বিধায় জিজ্ঞাসা করতে পারেন। ধন্যবাদ।"
96761,"হেলো, নাসেনিয়া ডকে আপনাকে স্বাগতম। আপনার অনুসন্ধানের জন্য ধন্যবাদ। আমি আপনার প্রশ্নটি দেখেছি এবং আপনার উদ্বেগ বুঝতে পেরেছি। আমি যথাসাধ্য আপনাকে সাহায্য করার চেষ্টা করব। আপনার বর্ণনা করা লক্ষণগুলো বিভিন্ন কারণে হতে পারে এবং এর সঠিক কারণ নির্ণয়ের জন্য একটি বিস্তারিত পরীক্ষা প্রয়োজন। তাই আমি আপনাকে একজন বিশেষজ্ঞ ডাক্তারের সাথে সরাসরি পরামর্শ করার পরামর্শ দিচ্ছি। প্রয়োজনীয় পরীক্ষা-নিরীক্ষা করানো উচিত এবং রিপোর্ট অনুযায়ী চিকিৎসা শুরু করা যেতে পারে। এই সময়ে পর্যাপ্ত বিশ্রাম নিন, প্রচুর পানি পান করুন এবং স্বাস্থ্যকর খাবার খান। ডাক্তারের পরামর্শ ছাড়া কোনো ওষুধ সেবন করবেন না। যদি সমস্যা বাড়তে থাকে বা তীব্র হয়, তাহলে দেরি না করে দ্রুত ডাক্তারের শরণাপন্ন হন। আশা করি এই উত্তরটি আপনাকে সাহায্য করবে। আরও কোনো প্রশ্ন থাকলে নির্দ্বিধায় জিজ্ঞাসা করতে পারেন। ধন্যবাদ।"
94980,"হেলো, নাসেনিয়া ডকে আপনাকে স্বাগতম। আপনার অনুসন্ধানের জন্য ধন্যবাদ। আমি আপনার প্রশ্নটি দেখেছি এবং আপনার উদ্বেগ বুঝতে পেরেছি। আমি যথাসাধ্য আপনাকে সাহায্য করার চেষ্টা করব। আপনার বর্ণনা করা লক্ষণগুলো বিভিন্ন কারণে হতে পারে এবং এর সঠিক কারণ নির্ণয়ের জন্য একটি বিস্তারিত পরীক্ষা প্রয়োজন। তাই আমি আপনাকে একজন বিশেষজ্ঞ ডাক্তারের সাথে সরাসরি পরামর্শ করার পরামর্শ দিচ্ছি। প্রয়োজনীয় পরীক্ষা-নিরীক্ষা করানো উচিত এবং রিপোর্ট অনুযায়ী চিকিৎসা শুরু করা যেতে পারে। এই সময়ে পর্যাপ্ত বিশ্রাম নিন, প্রচুর পানি পান করুন এবং স্বাস্থ্যকর খাবার খান। ডাক্তারের পরামর্শ ছাড়া কোনো ওষুধ সেবন করবেন না। যদি সমস্যা বাড়তে থাকে বা তীব্র হয়, তাহলে দেরি না করে দ্রুত ডাক্তারের শরণাপন্ন হন। আশা করি এই উত্তরটি আপনাকে সাহায্য করবে। আরও কোনো প্রশ্ন থাকলে নির্দ্বিধায় জিজ্ঞাসা করতে পারেন। ধন্যবাদ।"
30891,"হেলো, নাসেনিয়া ডকে আপনাকে স্বাগতম। আপনার অনুসন্ধানের জন্য ধন্যবাদ। আমি আপনার প্রশ্নটি দেখেছি এবং আপনার উদ্বেগ বুঝতে পেরেছি। আমি যথাসাধ্য আপনাকে সাহায্য করার চেষ্টা করব। আপনার বর্ণনা করা লক্ষণগুলো বিভিন্ন কারণে হতে পারে এবং এর সঠিক কারণ নির্ণয়ের জন্য একটি বিস্তারিত পরীক্ষা প্রয়োজন। তাই আমি আপনাকে একজন বিশেষজ্ঞ ডাক্তারের সাথে সরাসরি পরামর্শ করার পরামর্শ দিচ্ছি। প্রয়োজনীয় পরীক্ষা-নিরীক্ষা করানো উচিত এবং রিপোর্ট অনুযায়ী চিকিৎসা শুরু করা যেতে পারে। এই সময়ে পর্যাপ্ত বিশ্রাম নিন, প্রচুর পানি পান করুন এবং স্বাস্থ্যকর খাবার খান। ডাক্তারের পরামর্শ ছাড়া কোনো ওষুধ সেবন করবেন না। যদি সমস্যা বাড়তে থাকে বা তীব্র হয়, তাহলে দেরি না করে দ্রুত ডাক্তারের শরণাপন্ন হন। আশা করি এই উত্তরটি আপনাকে সাহায্য করবে। আরও কোনো প্রশ্ন থাকলে নির্দ্বিধায় জিজ্ঞাসা করতে পারেন। ধন্যবাদ।"
52578,"হেলো, নাসেনিয়া ডকে আপনাকে স্বাগতম। আপনার অনুসন্ধানের জন্য ধন্যবাদ। আমি আপনার প্রশ্নটি দেখেছি এবং আপনার উদ্বেগ বুঝতে পেরেছি। আমি যথাসাধ্য আপনাকে সাহায্য করার চেষ্টা করব। আপনার বর্ণনা করা লক্ষণগুলো বিভিন্ন কারণে হতে পারে এবং এর সঠিক কারণ নির্ণয়ের জন্য একটি বিস্তারিত পরীক্ষা প্রয়োজন। তাই আমি আপনাকে একজন বিশেষজ্ঞ ডাক্তারের সাথে সরাসরি পরামর্শ করার পরামর্শ দিচ্ছি। প্রয়োজনীয় পরীক্ষা-নিরীক্ষা করানো উচিত এবং রিপোর্ট অনুযায়ী চিকিৎসা শুরু করা যেতে পারে। এই সময়ে পর্যাপ্ত বিশ্রাম নিন, প্রচুর পানি পান করুন এবং স্বাস্থ্যকর খাবার খান। ডাক্তারের পরামর্শ ছাড়া কোনো ওষুধ সেবন করবেন না। যদি সমস্যা বাড়তে থাকে বা তীব্র হয়, তাহলে দেরি না করে দ্রুত ডাক্তারের শরণাপন্ন হন। আশা করি এই উত্তরটি আপনাকে সাহায্য করবে। আরও কোনো প্রশ্ন থাকলে নির্দ্বিধায় জিজ্ঞাসা করতে পারেন। ধন্যবাদ।"
67601,"হেলো, নাসেনিয়া ডকে আপনাকে স্বাগতম। আপনার অনুসন্ধানের জন্য ধন্যবাদ। আমি আপনার প্রশ্নটি দেখেছি এবং আপনার উদ্বেগ বুঝতে পেরেছি। আমি যথাসাধ্য আপনাকে সাহায্য করার চেষ্টা করব। আপনার বর্ণনা করা লক্ষণগুলো বিভিন্ন কারণে হতে পারে এবং এর সঠিক কারণ নির্ণয়ের জন্য একটি বিস্তারিত পরীক্ষা প্রয়োজন। তাই আমি আপনাকে একজন বিশেষজ্ঞ ডাক্তারের সাথে সরাসরি পরামর্শ করার পরামর্শ দিচ্ছি। প্রয়োজনীয় পরীক্ষা-নিরীক্ষা করানো উচিত এবং রিপোর্ট অনুযায়ী চিকিৎসা শুরু করা যেতে পারে। এই সময়ে পর্যাপ্ত বিশ্রাম নিন, প্রচুর পানি পান করুন এবং স্বাস্থ্যকর খাবার খান। ডাক্তারের পরামর্শ ছাড়া কোনো ওষুধ সেবন করবেন না। যদি সমস্যা বাড়তে থাকে বা তীব্র হয়, তাহলে দেরি না করে দ্রুত ডাক্তারের শরণাপন্ন হন। আশা করি এই উত্তরটি আপনাকে সাহায্য করবে। আরও কোনো প্রশ্ন থাকলে নির্দ্বিধায় জিজ্ঞাসা করতে পারেন। ধন্যবাদ।"
50274,"হেলো, নাসেনিয়া ডকে আপনাকে স্বাগতম। আপনার অনুসন্ধানের জন্য ধন্যবাদ। আমি আপনার প্রশ্নটি দেখেছি এবং আপনার উদ্বেগ বুঝতে পেরেছি। আমি যথাসাধ্য আপনাকে সাহায্য করার চেষ্টা করব। আপনার বর্ণনা করা লক্ষণগুলো বিভিন্ন কারণে হতে পারে এবং এর সঠিক কারণ নির্ণয়ের জন্য একটি বিস্তারিত পরীক্ষা প্রয়োজন। তাই আমি আপনাকে একজন বিশেষজ্ঞ ডাক্তারের সাথে সরাসরি পরামর্শ করার পরামর্শ দিচ্ছি। প্রয়োজনীয় পরীক্ষা-নিরীক্ষা করানো উচিত এবং রিপোর্ট অনুযায়ী চিকিৎসা শুরু করা যেতে পারে। এই সময়ে পর্যাপ্ত বিশ্রাম নিন, প্রচুর পানি পান করুন এবং স্বাস্থ্যকর খাবার খান। ডাক্তারের পরামর্শ ছাড়া কোনো ওষুধ সেবন করবেন না। যদি সমস্যা বাড়তে থাকে বা তীব্র হয়, তাহলে দেরি না করে দ্রুত ডাক্তারের শরণাপন্ন হন। আশা করি এই উত্তরটি আপনাকে সাহায্য করবে। আরও কোনো প্রশ্ন থাকলে নির্দ্বিধায় জিজ্ঞাসা করতে পারেন। ধন্যবাদ।"
26804,"হেলো, নাসেনিয়া ডকে আপনাকে স্বাগতম। আপনার অনুসন্ধানের জন্য ধন্যবাদ। আমি আপনার প্রশ্নটি দেখেছি এবং আপনার উদ্বেগ বুঝতে পেরেছি। আমি যথাসাধ্য আপনাকে সাহায্য করার চেষ্টা করব। আপনার বর্ণনা করা লক্ষণগুলো বিভিন্ন কারণে হতে পারে এবং এর সঠিক কারণ নির্ণয়ের জন্য একটি বিস্তারিত পরীক্ষা প্রয়োজন। তাই আমি আপনাকে একজন বিশেষজ্ঞ ডাক্তারের সাথে সরাসরি পরামর্শ করার পরামর্শ দিচ্ছি। প্রয়োজনীয় পরীক্ষা-নিরীক্ষা করানো উচিত এবং রিপোর্ট অনুযায়ী চিকিৎসা শুরু করা যেতে পারে। এই সময়ে পর্যাপ্ত বিশ্রাম নিন, প্রচুর পানি পান করুন এবং স্বাস্থ্যকর খাবার খান। ডাক্তারের পরামর্শ ছাড়া কোনো ওষুধ সেবন করবেন না। যদি সমস্যা বাড়তে থাকে বা তীব্র হয়, তাহলে দেরি না করে দ্রুত ডাক্তারের শরণাপন্ন হন। আশা করি এই উত্তরটি আপনাকে সাহায্য করবে। আরও কোনো প্রশ্ন থাকলে নির্দ্বিধায় জিজ্ঞাসা করতে পারেন। ধন্যবাদ।"
97327,"হেলো, নাসেনিয়া ডকে আপনাকে স্বাগতম। আপনার অনুসন্ধানের জন্য ধন্যবাদ। আমি আপনার প্রশ্নটি দেখেছি এবং আপনার উদ্বেগ বুঝতে পেরেছি। আমি যথাসাধ্য আপনাকে সাহায্য করার চেষ্টা করব। আপনার বর্ণনা করা লক্ষণগুলো বিভিন্ন কারণে হতে পারে এবং এর সঠিক কারণ নির্ণয়ের জন্য একটি বিস্তারিত পরীক্ষা প্রয়োজন। তাই আমি আপনাকে একজন বিশেষজ্ঞ ডাক্তারের সাথে সরাসরি পরামর্শ করার পরামর্শ দিচ্ছি। প্রয়োজনীয় পরীক্ষা-নিরীক্ষা করানো উচিত এবং রিপোর্ট অনুযায়ী চিকিৎসা শুরু করা যেতে পারে। এই সময়ে পর্যাপ্ত বিশ্রাম নিন, প্রচুর পানি পান করুন এবং স্বাস্থ্যকর খাবার খান। ডাক্তারের পরামর্শ ছাড়া কোনো ওষুধ সেবন করবেন না। যদি সমস্যা বাড়তে থাকে বা তীব্র হয়, তাহলে দেরি না করে দ্রুত ডাক্তারের শরণাপন্ন হন। আশা করি এই উত্তরটি আপনাকে সাহায্য করবে। আরও কোনো প্রশ্ন থাকলে নির্দ্বিধায় জিজ্ঞাসা করতে পারেন। ধন্যবাদ।"
63923,"হেলো, নাসেনিয়া ডকে আপনাকে স্বাগতম। আপনার অনুসন্ধানের জন্য ধন্যবাদ। আমি আপনার প্রশ্নটি দেখেছি এবং আপনার উদ্বেগ বুঝতে পেরেছি। আমি যথাসাধ্য আপনাকে সাহায্য করার চেষ্টা করব। আপনার বর্ণনা করা লক্ষণগুলো বিভিন্ন কারণে হতে পারে এবং এর সঠিক কারণ নির্ণয়ের জন্য একটি বিস্তারিত পরীক্ষা প্রয়োজন। তাই আমি আপনাকে একজন বিশেষজ্ঞ ডাক্তারের সাথে সরাসরি পরামর্শ করার পরামর্শ দিচ্ছি। প্রয়োজনীয় পরীক্ষা-নিরীক্ষা করানো উচিত এবং রিপোর্ট অনুযায়ী চিকিৎসা শুরু করা যেতে পারে। এই সময়ে পর্যাপ্ত বিশ্রাম নিন, প্রচুর পানি পান করুন এবং স্বাস্থ্যকর খাবার খান। ডাক্তারের পরামর্শ ছাড়া কোনো ওষুধ সেবন করবেন না। যদি সমস্যা বাড়তে থাকে বা তীব্র হয়, তাহলে দেরি না করে দ্রুত ডাক্তারের শরণাপন্ন হন। আশা করি এই উত্তরটি আপনাকে সাহায্য করবে। আরও কোনো প্রশ্ন থাকলে নির্দ্বিধায় জিজ্ঞাসা করতে পারেন। ধন্যবাদ।"
38609,"হেলো, নাসেনিয়া ডকে আপনাকে স্বাগতম। আপনার অনুসন্ধানের জন্য ধন্যবাদ। আমি আপনার প্রশ্নটি দেখেছি এবং আপনার উদ্বেগ বুঝতে পেরেছি। আমি যথাসাধ্য আপনাকে সাহায্য করার চেষ্টা করব। আপনার বর্ণনা করা লক্ষণগুলো বিভিন্ন কারণে হতে পারে এবং এর সঠিক কারণ নির্ণয়ের জন্য একটি বিস্তারিত পরীক্ষা প্রয়োজন। তাই আমি আপনাকে একজন বিশেষজ্ঞ ডাক্তারের সাথে সরাসরি পরামর্শ করার পরামর্শ দিচ্ছি। প্রয়োজনীয় পরীক্ষা-নিরীক্ষা করানো উচিত এবং রিপোর্ট অনুযায়ী চিকিৎসা শুরু করা যেতে পারে। এই সময়ে পর্যাপ্ত বিশ্রাম নিন, প্রচুর পানি পান করুন এবং স্বাস্থ্যকর খাবার খান। ডাক্তারের পরামর্শ ছাড়া কোনো ওষুধ সেবন করবেন না। যদি সমস্যা বাড়তে থাকে বা তীব্র হয়, তাহলে দেরি না করে দ্রুত ডাক্তারের শরণাপন্ন হন। আশা করি এই উত্তরটি আপনাকে সাহায্য করবে। আরও কোনো প্রশ্ন থাকলে নির্দ্বিধায় জিজ্ঞাসা করতে পারেন। ধন্যবাদ।"
72655,"হেলো, নাসেনিয়া ডকে আপনাকে স্বাগতম। আপনার অনুসন্ধানের জন্য ধন্যবাদ। আমি আপনার প্রশ্নটি দেখেছি এবং আপনার উদ্বেগ বুঝতে পেরেছি। আমি যথাসাধ্য আপনাকে সাহায্য করার চেষ্টা করব। আপনার বর্ণনা করা লক্ষণগুলো বিভিন্ন কারণে হতে পারে এবং এর সঠিক কারণ নির্ণয়ের জন্য একটি বিস্তারিত পরীক্ষা প্রয়োজন। তাই আমি আপনাকে একজন বিশেষজ্ঞ ডাক্তারের সাথে সরাসরি পরামর্শ করার পরামর্শ দিচ্ছি। প্রয়োজনীয় পরীক্ষা-নিরীক্ষা করানো উচিত এবং রিপোর্ট অনুযায়ী চিকিৎসা শুরু করা যেতে পারে। এই সময়ে পর্যাপ্ত বিশ্রাম নিন, প্রচুর পানি পান করুন এবং স্বাস্থ্যকর খাবার খান। ডাক্তারের পরামর্শ ছাড়া কোনো ওষুধ সেবন করবেন না। যদি সমস্যা বাড়তে থাকে বা তীব্র হয়, তাহলে দেরি না করে দ্রুত ডাক্তারের শরণাপন্ন হন। আশা করি এই উত্তরটি আপনাকে সাহায্য করবে। আরও কোনো প্রশ্ন থাকলে নির্দ্বিধায় জিজ্ঞাসা করতে পারেন। ধন্যবাদ।"
48316,"হেলো, নাসেনিয়া ডকে আপনাকে স্বাগতম। আপনার অনুসন্ধানের জন্য ধন্যবাদ। আমি আপনার প্রশ্নটি দেখেছি এবং আপনার উদ্বেগ বুঝতে পেরেছি। আমি যথাসাধ্য আপনাকে সাহায্য করার চেষ্টা করব। আপনার বর্ণনা করা লক্ষণগুলো বিভিন্ন কারণে হতে পারে এবং এর সঠিক কারণ নির্ণয়ের জন্য একটি বিস্তারিত পরীক্ষা প্রয়োজন। তাই আমি আপনাকে একজন বিশেষজ্ঞ ডাক্তারের সাথে সরাসরি পরামর্শ করার পরামর্শ দিচ্ছি। প্রয়োজনীয় পরীক্ষা-নিরীক্ষা করানো উচিত এবং রিপোর্ট অনুযায়ী চিকিৎসা শুরু করা যেতে পারে। এই সময়ে পর্যাপ্ত বিশ্রাম নিন, প্রচুর পানি পান করুন এবং স্বাস্থ্যকর খাবার খান। ডাক্তারের পরামর্শ ছাড়া কোনো ওষুধ সেবন করবেন না। যদি সমস্যা বাড়তে থাকে বা তীব্র হয়, তাহলে দেরি না করে দ্রুত ডাক্তারের শরণাপন্ন হন। আশা করি এই উত্তরটি আপনাকে সাহায্য করবে। আরও কোনো প্রশ্ন থাকলে নির্দ্বিধায় জিজ্ঞাসা করতে পারেন। ধন্যবাদ।"
32093,"হেলো, নাসেনিয়া ডকে আপনাকে স্বাগতম। আপনার অনুসন্ধানের জন্য ধন্যবাদ। আমি আপনার প্রশ্নটি দেখেছি এবং আপনার উদ্বেগ বুঝতে পেরেছি। আমি যথাসাধ্য আপনাকে সাহায্য করার চেষ্টা করব। আপনার বর্ণনা করা লক্ষণগুলো বিভিন্ন কারণে হতে পারে এবং এর সঠিক কারণ নির্ণয়ের জন্য একটি বিস্তারিত পরীক্ষা প্রয়োজন। তাই আমি আপনাকে একজন বিশেষজ্ঞ ডাক্তারের সাথে সরাসরি পরামর্শ করার পরামর্শ দিচ্ছি। প্রয়োজনীয় পরীক্ষা-নিরীক্ষা করানো উচিত এবং রিপোর্ট অনুযায়ী চিকিৎসা শুরু করা যেতে পারে। এই সময়ে পর্যাপ্ত বিশ্রাম নিন, প্রচুর পানি পান করুন এবং স্বাস্থ্যকর খাবার খান। ডাক্তারের পরামর্শ ছাড়া কোনো ওষুধ সেবন করবেন না। যদি সমস্যা বাড়তে থাকে বা তীব্র হয়, তাহলে দেরি না করে দ্রুত ডাক্তারের শরণাপন্ন হন। আশা করি এই উত্তরটি আপনাকে সাহায্য করবে। আরও কোনো প্রশ্ন থাকলে নির্দ্বিধায় জিজ্ঞাসা করতে পারেন। ধন্যবাদ।"
91357,"হেলো, নাসেনিয়া ডকে আপনাকে স্বাগতম। আপনার অনুসন্ধানের জন্য ধন্যবাদ। আমি আপনার প্রশ্নটি দেখেছি এবং আপনার উদ্বেগ বুঝতে পেরেছি। আমি যথাসাধ্য আপনাকে সাহায্য করার চেষ্টা করব। আপনার বর্ণনা করা লক্ষণগুলো বিভিন্ন কারণে হতে পারে এবং এর সঠিক কারণ নির্ণয়ের জন্য একটি বিস্তারিত পরীক্ষা প্রয়োজন। তাই আমি আপনাকে একজন বিশেষজ্ঞ ডাক্তারের সাথে সরাসরি পরামর্শ করার পরামর্শ দিচ্ছি। প্রয়োজনীয় পরীক্ষা-নিরীক্ষা করানো উচিত এবং রিপোর্ট অনুযায়ী চিকিৎসা শুরু করা যেতে পারে। এই সময়ে পর্যাপ্ত বিশ্রাম নিন, প্রচুর পানি পান করুন এবং স্বাস্থ্যকর খাবার খান। ডাক্তারের পরামর্শ ছাড়া কোনো ওষুধ সেবন করবেন না। যদি সমস্যা বাড়তে থাকে বা তীব্র হয়, তাহলে দেরি না করে দ্রুত ডাক্তারের শরণাপন্ন হন। আশা করি এই উত্তরটি আপনাকে সাহায্য করবে। আরও কোনো প্রশ্ন থাকলে নির্দ্বিধায় জিজ্ঞাসা করতে পারেন। ধন্যবাদ।"
51934,"হেলো, নাসেনিয়া ডকে আপনাকে স্বাগতম। আপনার অনুসন্ধানের জন্য ধন্যবাদ। আমি আপনার প্রশ্নটি দেখেছি এবং আপনার উদ্বেগ বুঝতে পেরেছি। আমি যথাসাধ্য আপনাকে সাহায্য করার চেষ্টা করব। আপনার বর্ণনা করা লক্ষণগুলো বিভিন্ন কারণে হতে পারে এবং এর সঠিক কারণ নির্ণয়ের জন্য একটি বিস্তারিত পরীক্ষা প্রয়োজন। তাই আমি আপনাকে একজন বিশেষজ্ঞ ডাক্তারের সাথে সরাসরি পরামর্শ করার পরামর্শ দিচ্ছি। প্রয়োজনীয় পরীক্ষা-নিরীক্ষা করানো উচিত এবং রিপোর্ট অনুযায়ী চিকিৎসা শুরু করা যেতে পারে। এই সময়ে পর্যাপ্ত বিশ্রাম নিন, প্রচুর পানি পান করুন এবং স্বাস্থ্যকর খাবার খান। ডাক্তারের পরামর্শ ছাড়া কোনো ওষুধ সেবন করবেন না। যদি সমস্যা বাড়তে থাকে বা তীব্র হয়, তাহলে দেরি না করে দ্রুত ডাক্তারের শরণাপন্ন হন। আশা করি এই উত্তরটি আপনাকে সাহায্য করবে। আরও কোনো প্রশ্ন থাকলে নির্দ্বিধায় জিজ্ঞাসা করতে পারেন। ধন্যবাদ।"
81997,"হেলো, নাসেনিয়া ডকে আপনাকে স্বাগতম। আপনার অনুসন্ধানের জন্য ধন্যবাদ। আমি আপনার প্রশ্নটি দেখেছি এবং আপনার উদ্বেগ বুঝতে পেরেছি। আমি যথাসাধ্য আপনাকে সাহায্য করার চেষ্টা করব। আপনার বর্ণনা করা লক্ষণগুলো বিভিন্ন কারণে হতে পারে এবং এর সঠিক কারণ নির্ণয়ের জন্য একটি বিস্তারিত পরীক্ষা প্রয়োজন। তাই আমি আপনাকে একজন বিশেষজ্ঞ ডাক্তারের সাথে সরাসরি পরামর্শ করার পরামর্শ দিচ্ছি। প্রয়োজনীয় পরীক্ষা-নিরীক্ষা করানো উচিত এবং রিপোর্ট অনুযায়ী চিকিৎসা শুরু করা যেতে পারে। এই সময়ে পর্যাপ্ত বিশ্রাম নিন, প্রচুর পানি পান করুন এবং স্বাস্থ্যকর খাবার খান। ডাক্তারের পরামর্শ ছাড়া কোনো ওষুধ সেবন করবেন না। যদি সমস্যা বাড়তে থাকে বা তীব্র হয়, তাহলে দেরি না করে দ্রুত ডাক্তারের শরণাপন্ন হন। আশা করি এই উত্তরটি আপনাকে সাহায্য করবে। আরও কোনো প্রশ্ন থাকলে নির্দ্বিধায় জিজ্ঞাসা করতে পারেন। ধন্যবাদ।"
92538,"হেলো, নাসেনিয়া ডকে আপনাকে স্বাগতম। আপনার অনুসন্ধানের জন্য ধন্যবাদ। আমি আপনার প্রশ্নটি দেখেছি এবং আপনার উদ্বেগ বুঝতে পেরেছি। আমি যথাসাধ্য আপনাকে সাহায্য করার চেষ্টা করব। আপনার বর্ণনা করা লক্ষণগুলো বিভিন্ন কারণে হতে পারে এবং এর সঠিক কারণ নির্ণয়ের জন্য একটি বিস্তারিত পরীক্ষা প্রয়োজন। তাই আমি আপনাকে একজন বিশেষজ্ঞ ডাক্তারের সাথে সরাসরি পরামর্শ করার পরামর্শ দিচ্ছি। প্রয়োজনীয় পরীক্ষা-নিরীক্ষা করানো উচিত এবং রিপোর্ট অনুযায়ী চিকিৎসা শুরু করা যেতে পারে। এই সময়ে পর্যাপ্ত বিশ্রাম নিন, প্রচুর পানি পান করুন এবং স্বাস্থ্যকর খাবার খান। ডাক্তারের পরামর্শ ছাড়া কোনো ওষুধ সেবন করবেন না। যদি সমস্যা বাড়তে থাকে বা তীব্র হয়, তাহলে দেরি না করে দ্রুত ডাক্তারের শরণাপন্ন হন। আশা করি এই উত্তরটি আপনাকে সাহায্য করবে। আরও কোনো প্রশ্ন থাকলে নির্দ্বিধায় জিজ্ঞাসা করতে পারেন। ধন্যবাদ।"
92636,"হেলো, নাসেনিয়া ডকে আপনাকে স্বাগতম। আপনার অনুসন্ধানের জন্য ধন্যবাদ। আমি আপনার প্রশ্নটি দেখেছি এবং আপনার উদ্বেগ বুঝতে পেরেছি। আমি যথাসাধ্য আপনাকে সাহায্য করার চেষ্টা করব। আপনার বর্ণনা করা লক্ষণগুলো বিভিন্ন কারণে হতে পারে এবং এর সঠিক কারণ নির্ণয়ের জন্য একটি বিস্তারিত পরীক্ষা প্রয়োজন। তাই আমি আপনাকে একজন বিশেষজ্ঞ ডাক্তারের সাথে সরাসরি পরামর্শ করার পরামর্শ দিচ্ছি। প্রয়োজনীয় পরীক্ষা-নিরীক্ষা করানো উচিত এবং রিপোর্ট অনুযায়ী চিকিৎসা শুরু করা যেতে পারে। এই সময়ে পর্যাপ্ত বিশ্রাম নিন, প্রচুর পানি পান করুন এবং স্বাস্থ্যকর খাবার খান। ডাক্তারের পরামর্শ ছাড়া কোনো ওষুধ সেবন করবেন না। যদি সমস্যা বাড়তে থাকে বা তীব্র হয়, তাহলে দেরি না করে দ্রুত ডাক্তারের শরণাপন্ন হন। আশা করি এই উত্তরটি আপনাকে সাহায্য করবে। আরও কোনো প্রশ্ন থাকলে নির্দ্বিধায় জিজ্ঞাসা করতে পারেন। ধন্যবাদ।"
75643,"হেলো, নাসেনিয়া ডকে আপনাকে স্বাগতম। আপনার অনুসন্ধানের জন্য ধন্যবাদ। আমি আপনার প্রশ্নটি দেখেছি এবং আপনার উদ্বেগ বুঝতে পেরেছি। আমি যথাসাধ্য আপনাকে সাহায্য করার চেষ্টা করব। আপনার বর্ণনা করা লক্ষণগুলো বিভিন্ন কারণে হতে পারে এবং এর সঠিক কারণ নির্ণয়ের জন্য একটি বিস্তারিত পরীক্ষা প্রয়োজন। তাই আমি আপনাকে একজন বিশেষজ্ঞ ডাক্তারের সাথে সরাসরি পরামর্শ করার পরামর্শ দিচ্ছি। প্রয়োজনীয় পরীক্ষা-নিরীক্ষা করানো উচিত এবং রিপোর্ট অনুযায়ী চিকিৎসা শুরু করা যেতে পারে। এই সময়ে পর্যাপ্ত বিশ্রাম নিন, প্রচুর পানি পান করুন এবং স্বাস্থ্যকর খাবার খান। ডাক্তারের পরামর্শ ছাড়া কোনো ওষুধ সেবন করবেন না। যদি সমস্যা বাড়তে থাকে বা তীব্র হয়, তাহলে দেরি না করে দ্রুত ডাক্তারের শরণাপন্ন হন। আশা করি এই উত্তরটি আপনাকে সাহায্য করবে। আরও কোনো প্রশ্ন থাকলে নির্দ্বিধায় জিজ্ঞাসা করতে পারেন। ধন্যবাদ।"
74832,"হেলো, নাসেনিয়া ডকে আপনাকে স্বাগতম। আপনার অনুসন্ধানের জন্য ধন্যবাদ। আমি আপনার প্রশ্নটি দেখেছি এবং আপনার উদ্বেগ বুঝতে পেরেছি। আমি যথাসাধ্য আপনাকে সাহায্য করার চেষ্টা করব। আপনার বর্ণনা করা লক্ষণগুলো বিভিন্ন কারণে হতে পারে এবং এর সঠিক কারণ নির্ণয়ের জন্য একটি বিস্তারিত পরীক্ষা প্রয়োজন। তাই আমি আপনাকে একজন বিশেষজ্ঞ ডাক্তারের সাথে সরাসরি পরামর্শ করার পরামর্শ দিচ্ছি। প্রয়োজনীয় পরীক্ষা-নিরীক্ষা করানো উচিত এবং রিপোর্ট অনুযায়ী চিকিৎসা শুরু করা যেতে পারে। এই সময়ে পর্যাপ্ত বিশ্রাম নিন, প্রচুর পানি পান করুন এবং স্বাস্থ্যকর খাবার খান। ডাক্তারের পরামর্শ ছাড়া কোনো ওষুধ সেবন করবেন না। যদি সমস্যা বাড়তে থাকে বা তীব্র হয়, তাহলে দেরি না করে দ্রুত ডাক্তারের শরণাপন্ন হন। আশা করি এই উত্তরটি আপনাকে সাহায্য করবে। আরও কোনো প্রশ্ন থাকলে নির্দ্বিধায় জিজ্ঞাসা করতে পারেন। ধন্যবাদ।"
19763,"হেলো, নাসেনিয়া ডকে আপনাকে স্বাগতম। আপনার অনুসন্ধানের জন্য ধন্যবাদ। আমি আপনার প্রশ্নটি দেখেছি এবং আপনার উদ্বেগ বুঝতে পেরেছি। আমি যথাসাধ্য আপনাকে সাহায্য করার চেষ্টা করব। আপনার বর্ণনা করা লক্ষণগুলো বিভিন্ন কারণে হতে পারে এবং এর সঠিক কারণ নির্ণয়ের জন্য একটি বিস্তারিত পরীক্ষা প্রয়োজন। তাই আমি আপনাকে একজন বিশেষজ্ঞ ডাক্তারের সাথে সরাসরি পরামর্শ করার পরামর্শ দিচ্ছি। প্রয়োজনীয় পরীক্ষা-নিরীক্ষা করানো উচিত এবং রিপোর্ট অনুযায়ী চিকিৎসা শুরু করা যেতে পারে। এই সময়ে পর্যাপ্ত বিশ্রাম নিন, প্রচুর পানি পান করুন এবং স্বাস্থ্যকর খাবার খান। ডাক্তারের পরামর্শ ছাড়া কোনো ওষুধ সেবন করবেন না। যদি সমস্যা বাড়তে থাকে বা তীব্র হয়, তাহলে দেরি না করে দ্রুত ডাক্তারের শরণাপন্ন হন। আশা করি এই উত্তরটি আপনাকে সাহায্য করবে। আরও কোনো প্রশ্ন থাকলে নির্দ্বিধায় জিজ্ঞাসা করতে পারেন। ধন্যবাদ।"
88025,"হেলো, নাসেনিয়া ডকে আপনাকে স্বাগতম। আপনার অনুসন্ধানের জন্য ধন্যবাদ। আমি আপনার প্রশ্নটি দেখেছি এবং আপনার উদ্বেগ বুঝতে পেরেছি। আমি যথাসাধ্য আপনাকে সাহায্য করার চেষ্টা করব। আপনার বর্ণনা করা লক্ষণগুলো বিভিন্ন কারণে হতে পারে এবং এর সঠিক কারণ নির্ণয়ের জন্য একটি বিস্তারিত পরীক্ষা প্রয়োজন। তাই আমি আপনাকে একজন বিশেষজ্ঞ ডাক্তারের সাথে সরাসরি পরামর্শ করার পরামর্শ দিচ্ছি। প্রয়োজনীয় পরীক্ষা-নিরীক্ষা করানো উচিত এবং রিপোর্ট অনুযায়ী চিকিৎসা শুরু করা যেতে পারে। এই সময়ে পর্যাপ্ত বিশ্রাম নিন, প্রচুর পানি পান করুন এবং স্বাস্থ্যকর খাবার খান। ডাক্তারের পরামর্শ ছাড়া কোনো ওষুধ সেবন করবেন না। যদি সমস্যা বাড়তে থাকে বা তীব্র হয়, তাহলে দেরি না করে দ্রুত ডাক্তারের শরণাপন্ন হন। আশা করি এই উত্তরটি আপনাকে সাহায্য করবে। আরও কোনো প্রশ্ন থাকলে নির্দ্বিধায় জিজ্ঞাসা করতে পারেন। ধন্যবাদ।"
20962,"হেলো, নাসেনিয়া ডকে আপনাকে স্বাগতম। আপনার অনুসন্ধানের জন্য ধন্যবাদ। আমি আপনার প্রশ্নটি দেখেছি এবং আপনার উদ্বেগ বুঝতে পেরেছি। আমি যথাসাধ্য আপনাকে সাহায্য করার চেষ্টা করব। আপনার বর্ণনা করা লক্ষণগুলো বিভিন্ন কারণে হতে পারে এবং এর সঠিক কারণ নির্ণয়ের জন্য একটি বিস্তারিত পরীক্ষা প্রয়োজন। তাই আমি আপনাকে একজন বিশেষজ্ঞ ডাক্তারের সাথে সরাসরি পরামর্শ করার পরামর্শ দিচ্ছি। প্রয়োজনীয় পরীক্ষা-নিরীক্ষা করানো উচিত এবং রিপোর্ট অনুযায়ী চিকিৎসা শুরু করা যেতে পারে। এই সময়ে পর্যাপ্ত বিশ্রাম নিন, প্রচুর পানি পান করুন এবং স্বাস্থ্যকর খাবার খান। ডাক্তারের পরামর্শ ছাড়া কোনো ওষুধ সেবন করবেন না। যদি সমস্যা বাড়তে থাকে বা তীব্র হয়, তাহলে দেরি না করে দ্রুত ডাক্তারের শরণাপন্ন হন। আশা করি এই উত্তরটি আপনাকে সাহায্য করবে। আরও কোনো প্রশ্ন থাকলে নির্দ্বিধায় জিজ্ঞাসা করতে পারেন। ধন্যবাদ।"
19168,"হেলো, নাসেনিয়া ডকে আপনাকে স্বাগতম। আপনার অনুসন্ধানের জন্য ধন্যবাদ। আমি আপনার প্রশ্নটি দেখেছি এবং আপনার উদ্বেগ বুঝতে পেরেছি। আমি যথাসাধ্য আপনাকে সাহায্য করার চেষ্টা করব। আপনার বর্ণনা করা লক্ষণগুলো বিভিন্ন কারণে হতে পারে এবং এর সঠিক কারণ নির্ণয়ের জন্য একটি বিস্তারিত পরীক্ষা প্রয়োজন। তাই আমি আপনাকে একজন বিশেষজ্ঞ ডাক্তারের সাথে সরাসরি পরামর্শ করার পরামর্শ দিচ্ছি। প্রয়োজনীয় পরীক্ষা-নিরীক্ষা করানো উচিত এবং রিপোর্ট অনুযায়ী চিকিৎসা শুরু করা যেতে পারে। এই সময়ে পর্যাপ্ত বিশ্রাম নিন, প্রচুর পানি পান করুন এবং স্বাস্থ্যকর খাবার খান। ডাক্তারের পরামর্শ ছাড়া কোনো ওষুধ সেবন করবেন না। যদি সমস্যা বাড়তে থাকে বা তীব্র হয়, তাহলে দেরি না করে দ্রুত ডাক্তারের শরণাপন্ন হন। আশা করি এই উত্তরটি আপনাকে সাহায্য করবে। আরও কোনো প্রশ্ন থাকলে নির্দ্বিধায় জিজ্ঞাসা করতে পারেন। ধন্যবাদ।"
52077,"হেলো, নাসেনিয়া ডকে আপনাকে স্বাগতম। আপনার অনুসন্ধানের জন্য ধন্যবাদ। আমি আপনার প্রশ্নটি দেখেছি এবং আপনার উদ্বেগ বুঝতে পেরেছি। আমি যথাসাধ্য আপনাকে সাহায্য করার চেষ্টা করব। আপনার বর্ণনা করা লক্ষণগুলো বিভিন্ন কারণে হতে পারে এবং এর সঠিক কারণ নির্ণয়ের জন্য একটি বিস্তারিত পরীক্ষা প্রয়োজন। তাই আমি আপনাকে একজন বিশেষজ্ঞ ডাক্তারের সাথে সরাসরি পরামর্শ করার পরামর্শ দিচ্ছি। প্রয়োজনীয় পরীক্ষা-নিরীক্ষা করানো উচিত এবং রিপোর্ট অনুযায়ী চিকিৎসা শুরু করা যেতে পারে। এই সময়ে পর্যাপ্ত বিশ্রাম নিন, প্রচুর পানি পান করুন এবং স্বাস্থ্যকর খাবার খান। ডাক্তারের পরামর্শ ছাড়া কোনো ওষুধ সেবন করবেন না। যদি সমস্যা বাড়তে থাকে বা তীব্র হয়, তাহলে দেরি না করে দ্রুত ডাক্তারের শরণাপন্ন হন। আশা করি এই উত্তরটি আপনাকে সাহায্য করবে। আরও কোনো প্রশ্ন থাকলে নির্দ্বিধায় জিজ্ঞাসা করতে পারেন। ধন্যবাদ।"
107241,"হেলো, নাসেনিয়া ডকে আপনাকে স্বাগতম। আপনার অনুসন্ধানের জন্য ধন্যবাদ। আমি আপনার প্রশ্নটি দেখেছি এবং আপনার উদ্বেগ বুঝতে পেরেছি। আমি যথাসাধ্য আপনাকে সাহায্য করার চেষ্টা করব। আপনার বর্ণনা করা লক্ষণগুলো বিভিন্ন কারণে হতে পারে এবং এর সঠিক কারণ নির্ণয়ের জন্য একটি বিস্তারিত পরীক্ষা প্রয়োজন। তাই আমি আপনাকে একজন বিশেষজ্ঞ ডাক্তারের সাথে সরাসরি পরামর্শ করার পরামর্শ দিচ্ছি। প্রয়োজনীয় পরীক্ষা-নিরীক্ষা করানো উচিত এবং রিপোর্ট অনুযায়ী চিকিৎসা শুরু করা যেতে পারে। এই সময়ে পর্যাপ্ত বিশ্রাম নিন, প্রচুর পানি পান করুন এবং স্বাস্থ্যকর খাবার খান। ডাক্তারের পরামর্শ ছাড়া কোনো ওষুধ সেবন করবেন না। যদি সমস্যা বাড়তে থাকে বা তীব্র হয়, তাহলে দেরি না করে দ্রুত ডাক্তারের শরণাপন্ন হন। আশা করি এই উত্তরটি আপনাকে সাহায্য করবে। আরও কোনো প্রশ্ন থাকলে নির্দ্বিধায় জিজ্ঞাসা করতে পারেন। ধন্যবাদ।"
105829,"হেলো, নাসেনিয়া ডকে আপনাকে স্বাগতম। আপনার অনুসন্ধানের জন্য ধন্যবাদ। আমি আপনার প্রশ্নটি দেখেছি এবং আপনার উদ্বেগ বুঝতে পেরেছি। আমি যথাসাধ্য আপনাকে সাহায্য করার চেষ্টা করব। আপনার বর্ণনা করা লক্ষণগুলো বিভিন্ন কারণে হতে পারে এবং এর সঠিক কারণ নির্ণয়ের জন্য একটি বিস্তারিত পরীক্ষা প্রয়োজন। তাই আমি আপনাকে একজন বিশেষজ্ঞ ডাক্তারের সাথে সরাসরি পরামর্শ করার পরামর্শ দিচ্ছি। প্রয়োজনীয় পরীক্ষা-নিরীক্ষা করানো উচিত এবং রিপোর্ট অনুযায়ী চিকিৎসা শুরু করা যেতে পারে। এই সময়ে পর্যাপ্ত বিশ্রাম নিন, প্রচুর পানি পান করুন এবং স্বাস্থ্যকর খাবার খান। ডাক্তারের পরামর্শ ছাড়া কোনো ওষুধ সেবন করবেন না। যদি সমস্যা বাড়তে থাকে বা তীব্র হয়, তাহলে দেরি না করে দ্রুত ডাক্তারের শরণাপন্ন হন। আশা করি এই উত্তরটি আপনাকে সাহায্য করবে। আরও কোনো প্রশ্ন থাকলে নির্দ্বিধায় জিজ্ঞাসা করতে পারেন। ধন্যবাদ।"
32039,"হেলো, নাসেনিয়া ডকে আপনাকে স্বাগতম। আপনার অনুসন্ধানের জন্য ধন্যবাদ। আমি আপনার প্রশ্নটি দেখেছি এবং আপনার উদ্বেগ বুঝতে পেরেছি। আমি যথাসাধ্য আপনাকে সাহায্য করার চেষ্টা করব। আপনার বর্ণনা করা লক্ষণগুলো বিভিন্ন কারণে হতে পারে এবং এর সঠিক কারণ নির্ণয়ের জন্য একটি বিস্তারিত পরীক্ষা প্রয়োজন। তাই আমি আপনাকে একজন বিশেষজ্ঞ ডাক্তারের সাথে সরাসরি পরামর্শ করার পরামর্শ দিচ্ছি। প্রয়োজনীয় পরীক্ষা-নিরীক্ষা করানো উচিত এবং রিপোর্ট অনুযায়ী চিকিৎসা শুরু করা যেতে পারে। এই সময়ে পর্যাপ্ত বিশ্রাম নিন, প্রচুর পানি পান করুন এবং স্বাস্থ্যকর খাবার খান। ডাক্তারের পরামর্শ ছাড়া কোনো ওষুধ সেবন করবেন না। যদি সমস্যা বাড়তে থাকে বা তীব্র হয়, তাহলে দেরি না করে দ্রুত ডাক্তারের শরণাপন্ন হন। আশা করি এই উত্তরটি আপনাকে সাহায্য করবে। আরও কোনো প্রশ্ন থাকলে নির্দ্বিধায় জিজ্ঞাসা করতে পারেন। ধন্যবাদ।"
56113,"হেলো, নাসেনিয়া ডকে আপনাকে স্বাগতম। আপনার অনুসন্ধানের জন্য ধন্যবাদ। আমি আপনার প্রশ্নটি দেখেছি এবং আপনার উদ্বেগ বুঝতে পেরেছি। আমি যথাসাধ্য আপনাকে সাহায্য করার চেষ্টা করব। আপনার বর্ণনা করা লক্ষণগুলো বিভিন্ন কারণে হতে পারে এবং এর সঠিক কারণ নির্ণয়ের জন্য একটি বিস্তারিত পরীক্ষা প্রয়োজন। তাই আমি আপনাকে একজন বিশেষজ্ঞ ডাক্তারের সাথে সরাসরি পরামর্শ করার পরামর্শ দিচ্ছি। প্রয়োজনীয় পরীক্ষা-নিরীক্ষা করানো উচিত এবং রিপোর্ট অনুযায়ী চিকিৎসা শুরু করা যেতে পারে। এই সময়ে পর্যাপ্ত বিশ্রাম নিন, প্রচুর পানি পান করুন এবং স্বাস্থ্যকর খাবার খান। ডাক্তারের পরামর্শ ছাড়া কোনো ওষুধ সেবন করবেন না। যদি সমস্যা বাড়তে থাকে বা তীব্র হয়, তাহলে দেরি না করে দ্রুত ডাক্তারের শরণাপন্ন হন। আশা করি এই উত্তরটি আপনাকে সাহায্য করবে। আরও কোনো প্রশ্ন থাকলে নির্দ্বিধায় জিজ্ঞাসা করতে পারেন। ধন্যবাদ।"
90084,"হেলো, নাসেনিয়া ডকে আপনাকে স্বাগতম। আপনার অনুসন্ধানের জন্য ধন্যবাদ। আমি আপনার প্রশ্নটি দেখেছি এবং আপনার উদ্বেগ বুঝতে পেরেছি। আমি যথাসাধ্য আপনাকে সাহায্য করার চেষ্টা করব। আপনার বর্ণনা করা লক্ষণগুলো বিভিন্ন কারণে হতে পারে এবং এর সঠিক কারণ নির্ণয়ের জন্য একটি বিস্তারিত পরীক্ষা প্রয়োজন। তাই আমি আপনাকে একজন বিশেষজ্ঞ ডাক্তারের সাথে সরাসরি পরামর্শ করার পরামর্শ দিচ্ছি। প্রয়োজনীয় পরীক্ষা-নিরীক্ষা করানো উচিত এবং রিপোর্ট অনুযায়ী চিকিৎসা শুরু করা যেতে পারে। এই সময়ে পর্যাপ্ত বিশ্রাম নিন, প্রচুর পানি পান করুন এবং স্বাস্থ্যকর খাবার খান। ডাক্তারের পরামর্শ ছাড়া কোনো ওষুধ সেবন করবেন না। যদি সমস্যা বাড়তে থাকে বা তীব্র হয়, তাহলে দেরি না করে দ্রুত ডাক্তারের শরণাপন্ন হন। আশা করি এই উত্তরটি আপনাকে সাহায্য করবে। আরও কোনো প্রশ্ন থাকলে নির্দ্বিধায় জিজ্ঞাসা করতে পারেন। ধন্যবাদ।"
54359,"হেলো, নাসেনিয়া ডকে আপনাকে স্বাগতম। আপনার অনুসন্ধানের জন্য ধন্যবাদ। আমি আপনার প্রশ্নটি দেখেছি এবং আপনার উদ্বেগ বুঝতে পেরেছি। আমি যথাসাধ্য আপনাকে সাহায্য করার চেষ্টা করব। আপনার বর্ণনা করা লক্ষণগুলো বিভিন্ন কারণে হতে পারে এবং এর সঠিক কারণ নির্ণয়ের জন্য একটি বিস্তারিত পরীক্ষা প্রয়োজন। তাই আমি আপনাকে একজন বিশেষজ্ঞ ডাক্তারের সাথে সরাসরি পরামর্শ করার পরামর্শ দিচ্ছি। প্রয়োজনীয় পরীক্ষা-নিরীক্ষা করানো উচিত এবং রিপোর্ট অনুযায়ী চিকিৎসা শুরু করা যেতে পারে। এই সময়ে পর্যাপ্ত বিশ্রাম নিন, প্রচুর পানি পান করুন এবং স্বাস্থ্যকর খাবার খান। ডাক্তারের পরামর্শ ছাড়া কোনো ওষুধ সেবন করবেন না। যদি সমস্যা বাড়তে থাকে বা তীব্র হয়, তাহলে দেরি না করে দ্রুত ডাক্তারের শরণাপন্ন হন। আশা করি এই উত্তরটি আপনাকে সাহায্য করবে। আরও কোনো প্রশ্ন থাকলে নির্দ্বিধায় জিজ্ঞাসা করতে পারেন। ধন্যবাদ।"
60993,"হেলো, নাসেনিয়া ডকে আপনাকে স্বাগতম। আপনার অনুসন্ধানের জন্য ধন্যবাদ। আমি আপনার প্রশ্নটি দেখেছি এবং আপনার উদ্বেগ বুঝতে পেরেছি। আমি যথাসাধ্য আপনাকে সাহায্য করার চেষ্টা করব। আপনার বর্ণনা করা লক্ষণগুলো বিভিন্ন কারণে হতে পারে এবং এর সঠিক কারণ নির্ণয়ের জন্য একটি বিস্তারিত পরীক্ষা প্রয়োজন। তাই আমি আপনাকে একজন বিশেষজ্ঞ ডাক্তারের সাথে সরাসরি পরামর্শ করার পরামর্শ দিচ্ছি। প্রয়োজনীয় পরীক্ষা-নিরীক্ষা করানো উচিত এবং রিপোর্ট অনুযায়ী চিকিৎসা শুরু করা যেতে পারে। এই সময়ে পর্যাপ্ত বিশ্রাম নিন, প্রচুর পানি পান করুন এবং স্বাস্থ্যকর খাবার খান। ডাক্তারের পরামর্শ ছাড়া কোনো ওষুধ সেবন করবেন না। যদি সমস্যা বাড়তে থাকে বা তীব্র হয়, তাহলে দেরি না করে দ্রুত ডাক্তারের শরণাপন্ন হন। আশা করি এই উত্তরটি আপনাকে সাহায্য করবে। আরও কোনো প্রশ্ন থাকলে নির্দ্বিধায় জিজ্ঞাসা করতে পারেন। ধন্যবাদ।"
95350,"হেলো, নাসেনিয়া ডকে আপনাকে স্বাগতম। আপনার অনুসন্ধানের জন্য ধন্যবাদ। আমি আপনার প্রশ্নটি দেখেছি এবং আপনার উদ্বেগ বুঝতে পেরেছি। আমি যথাসাধ্য আপনাকে সাহায্য করার চেষ্টা করব। আপনার বর্ণনা করা লক্ষণগুলো বিভিন্ন কারণে হতে পারে এবং এর সঠিক কারণ নির্ণয়ের জন্য একটি বিস্তারিত পরীক্ষা প্রয়োজন। তাই আমি আপনাকে একজন বিশেষজ্ঞ ডাক্তারের সাথে সরাসরি পরামর্শ করার পরামর্শ দিচ্ছি। প্রয়োজনীয় পরীক্ষা-নিরীক্ষা করানো উচিত এবং রিপোর্ট অনুযায়ী চিকিৎসা শুরু করা যেতে পারে। এই সময়ে পর্যাপ্ত বিশ্রাম নিন, প্রচুর পানি পান করুন এবং স্বাস্থ্যকর খাবার খান। ডাক্তারের পরামর্শ ছাড়া কোনো ওষুধ সেবন করবেন না। যদি সমস্যা বাড়তে থাকে বা তীব্র হয়, তাহলে দেরি না করে দ্রুত ডাক্তারের শরণাপন্ন হন। আশা করি এই উত্তরটি আপনাকে সাহায্য করবে। আরও কোনো প্রশ্ন থাকলে নির্দ্বিধায় জিজ্ঞাসা করতে পারেন। ধন্যবাদ।"
51983,"হেলো, নাসেনিয়া ডকে আপনাকে স্বাগতম। আপনার অনুসন্ধানের জন্য ধন্যবাদ। আমি আপনার প্রশ্নটি দেখেছি এবং আপনার উদ্বেগ বুঝতে পেরেছি। আমি যথাসাধ্য আপনাকে সাহায্য করার চেষ্টা করব। আপনার বর্ণনা করা লক্ষণগুলো বিভিন্ন কারণে হতে পারে এবং এর সঠিক কারণ নির্ণয়ের জন্য একটি বিস্তারিত পরীক্ষা প্রয়োজন। তাই আমি আপনাকে একজন বিশেষজ্ঞ ডাক্তারের সাথে সরাসরি পরামর্শ করার পরামর্শ দিচ্ছি। প্রয়োজনীয় পরীক্ষা-নিরীক্ষা করানো উচিত এবং রিপোর্ট অনুযায়ী চিকিৎসা শুরু করা যেতে পারে। এই সময়ে পর্যাপ্ত বিশ্রাম নিন, প্রচুর পানি পান করুন এবং স্বাস্থ্যকর খাবার খান। ডাক্তারের পরামর্শ ছাড়া কোনো ওষুধ সেবন করবেন না। যদি সমস্যা বাড়তে থাকে বা তীব্র হয়, তাহলে দেরি না করে দ্রুত ডাক্তারের শরণাপন্ন হন। আশা করি এই উত্তরটি আপনাকে সাহায্য করবে। আরও কোনো প্রশ্ন থাকলে নির্দ্বিধায় জিজ্ঞাসা করতে পারেন। ধন্যবাদ।"
3737,"হেলো, নাসেনিয়া ডকে আপনাকে স্বাগতম। আপনার অনুসন্ধানের জন্য ধন্যবাদ। আমি আপনার প্রশ্নটি দেখেছি এবং আপনার উদ্বেগ বুঝতে পেরেছি। আমি যথাসাধ্য আপনাকে সাহায্য করার চেষ্টা করব। আপনার বর্ণনা করা লক্ষণগুলো বিভিন্ন কারণে হতে পারে এবং এর সঠিক কারণ নির্ণয়ের জন্য একটি বিস্তারিত পরীক্ষা প্রয়োজন। তাই আমি আপনাকে একজন বিশেষজ্ঞ ডাক্তারের সাথে সরাসরি পরামর্শ করার পরামর্শ দিচ্ছি। প্রয়োজনীয় পরীক্ষা-নিরীক্ষা করানো উচিত এবং রিপোর্ট অনুযায়ী চিকিৎসা শুরু করা যেতে পারে। এই সময়ে পর্যাপ্ত বিশ্রাম নিন, প্রচুর পানি পান করুন এবং স্বাস্থ্যকর খাবার খান। ডাক্তারের পরামর্শ ছাড়া কোনো ওষুধ সেবন করবেন না। যদি সমস্যা বাড়তে থাকে বা তীব্র হয়, তাহলে দেরি না করে দ্রুত ডাক্তারের শরণাপন্ন হন। আশা করি এই উত্তরটি আপনাকে সাহায্য করবে। আরও কোনো প্রশ্ন থাকলে নির্দ্বিধায় জিজ্ঞাসা করতে পারেন। ধন্যবাদ।"
92983,"হেলো, নাসেনিয়া ডকে আপনাকে স্বাগতম। আপনার অনুসন্ধানের জন্য ধন্যবাদ। আমি আপনার প্রশ্নটি দেখেছি এবং আপনার উদ্বেগ বুঝতে পেরেছি। আমি যথাসাধ্য আপনাকে সাহায্য করার চেষ্টা করব। আপনার বর্ণনা করা লক্ষণগুলো বিভিন্ন কারণে হতে পারে এবং এর সঠিক কারণ নির্ণয়ের জন্য একটি বিস্তারিত পরীক্ষা প্রয়োজন। তাই আমি আপনাকে একজন বিশেষজ্ঞ ডাক্তারের সাথে সরাসরি পরামর্শ করার পরামর্শ দিচ্ছি। প্রয়োজনীয় পরীক্ষা-নিরীক্ষা করানো উচিত এবং রিপোর্ট অনুযায়ী চিকিৎসা শুরু করা যেতে পারে। এই সময়ে পর্যাপ্ত বিশ্রাম নিন, প্রচুর পানি পান করুন এবং স্বাস্থ্যকর খাবার খান। ডাক্তারের পরামর্শ ছাড়া কোনো ওষুধ সেবন করবেন না। যদি সমস্যা বাড়তে থাকে বা তীব্র হয়, তাহলে দেরি না করে দ্রুত ডাক্তারের শরণাপন্ন হন। আশা করি এই উত্তরটি আপনাকে সাহায্য করবে। আরও কোনো প্রশ্ন থাকলে নির্দ্বিধায় জিজ্ঞাসা করতে পারেন। ধন্যবাদ।"
41626,"হেলো, নাসেনিয়া ডকে আপনাকে স্বাগতম। আপনার অনুসন্ধানের জন্য ধন্যবাদ। আমি আপনার প্রশ্নটি দেখেছি এবং আপনার উদ্বেগ বুঝতে পেরেছি। আমি যথাসাধ্য আপনাকে সাহায্য করার চেষ্টা করব। আপনার বর্ণনা করা লক্ষণগুলো বিভিন্ন কারণে হতে পারে এবং এর সঠিক কারণ নির্ণয়ের জন্য একটি বিস্তারিত পরীক্ষা প্রয়োজন। তাই আমি আপনাকে একজন বিশেষজ্ঞ ডাক্তারের সাথে সরাসরি পরামর্শ করার পরামর্শ দিচ্ছি। প্রয়োজনীয় পরীক্ষা-নিরীক্ষা করানো উচিত এবং রিপোর্ট অনুযায়ী চিকিৎসা শুরু করা যেতে পারে। এই সময়ে পর্যাপ্ত বিশ্রাম নিন, প্রচুর পানি পান করুন এবং স্বাস্থ্যকর খাবার খান। ডাক্তারের পরামর্শ ছাড়া কোনো ওষুধ সেবন করবেন না। যদি সমস্যা বাড়তে থাকে বা তীব্র হয়, তাহলে দেরি না করে দ্রুত ডাক্তারের শরণাপন্ন হন। আশা করি এই উত্তরটি আপনাকে সাহায্য করবে। আরও কোনো প্রশ্ন থাকলে নির্দ্বিধায় জিজ্ঞাসা করতে পারেন। ধন্যবাদ।"
48897,"হেলো, নাসেনিয়া ডকে আপনাকে স্বাগতম। আপনার অনুসন্ধানের জন্য ধন্যবাদ। আমি আপনার প্রশ্নটি দেখেছি এবং আপনার উদ্বেগ বুঝতে পেরেছি। আমি যথাসাধ্য আপনাকে সাহায্য করার চেষ্টা করব। আপনার বর্ণনা করা লক্ষণগুলো বিভিন্ন কারণে হতে পারে এবং এর সঠিক কারণ নির্ণয়ের জন্য একটি বিস্তারিত পরীক্ষা প্রয়োজন। তাই আমি আপনাকে একজন বিশেষজ্ঞ ডাক্তারের সাথে সরাসরি পরামর্শ করার পরামর্শ দিচ্ছি। প্রয়োজনীয় পরীক্ষা-নিরীক্ষা করানো উচিত এবং রিপোর্ট অনুযায়ী চিকিৎসা শুরু করা যেতে পারে। এই সময়ে পর্যাপ্ত বিশ্রাম নিন, প্রচুর পানি পান করুন এবং স্বাস্থ্যকর খাবার খান। ডাক্তারের পরামর্শ ছাড়া কোনো ওষুধ সেবন করবেন না। যদি সমস্যা বাড়তে থাকে বা তীব্র হয়, তাহলে দেরি না করে দ্রুত ডাক্তারের শরণাপন্ন হন। আশা করি এই উত্তরটি আপনাকে সাহায্য করবে। আরও কোনো প্রশ্ন থাকলে নির্দ্বিধায় জিজ্ঞাসা করতে পারেন। ধন্যবাদ।"
93826,"হেলো, নাসেনিয়া ডকে আপনাকে স্বাগতম। আপনার অনুসন্ধানের জন্য ধন্যবাদ। আমি আপনার প্রশ্নটি দেখেছি এবং আপনার উদ্বেগ বুঝতে পেরেছি। আমি যথাসাধ্য আপনাকে সাহায্য করার চেষ্টা করব। আপনার বর্ণনা করা লক্ষণগুলো বিভিন্ন কারণে হতে পারে এবং এর সঠিক কারণ নির্ণয়ের জন্য একটি বিস্তারিত পরীক্ষা প্রয়োজন। তাই আমি আপনাকে একজন বিশেষজ্ঞ ডাক্তারের সাথে সরাসরি পরামর্শ করার পরামর্শ দিচ্ছি। প্রয়োজনীয় পরীক্ষা-নিরীক্ষা করানো উচিত এবং রিপোর্ট অনুযায়ী চিকিৎসা শুরু করা যেতে পারে। এই সময়ে পর্যাপ্ত বিশ্রাম নিন, প্রচুর পানি পান করুন এবং স্বাস্থ্যকর খাবার খান। ডাক্তারের পরামর্শ ছাড়া কোনো ওষুধ সেবন করবেন না। যদি সমস্যা বাড়তে থাকে বা তীব্র হয়, তাহলে দেরি না করে দ্রুত ডাক্তারের শরণাপন্ন হন। আশা করি এই উত্তরটি আপনাকে সাহায্য করবে। আরও কোনো প্রশ্ন থাকলে নির্দ্বিধায় জিজ্ঞাসা করতে পারেন। ধন্যবাদ।"
573,"হেলো, নাসেনিয়া ডকে আপনাকে স্বাগতম। আপনার অনুসন্ধানের জন্য ধন্যবাদ। আমি আপনার প্রশ্নটি দেখেছি এবং আপনার উদ্বেগ বুঝতে পেরেছি। আমি যথাসাধ্য আপনাকে সাহায্য করার চেষ্টা করব। আপনার বর্ণনা করা লক্ষণগুলো বিভিন্ন কারণে হতে পারে এবং এর সঠিক কারণ নির্ণয়ের জন্য একটি বিস্তারিত পরীক্ষা প্রয়োজন। তাই আমি আপনাকে একজন বিশেষজ্ঞ ডাক্তারের সাথে সরাসরি পরামর্শ করার পরামর্শ দিচ্ছি। প্রয়োজনীয় পরীক্ষা-নিরীক্ষা করানো উচিত এবং রিপোর্ট অনুযায়ী চিকিৎসা শুরু করা যেতে পারে। এই সময়ে পর্যাপ্ত বিশ্রাম নিন, প্রচুর পানি পান করুন এবং স্বাস্থ্যকর খাবার খান। ডাক্তারের পরামর্শ ছাড়া কোনো ওষুধ সেবন করবেন না। যদি সমস্যা বাড়তে থাকে বা তীব্র হয়, তাহলে দেরি না করে দ্রুত ডাক্তারের শরণাপন্ন হন। আশা করি এই উত্তরটি আপনাকে সাহায্য করবে। আরও কোনো প্রশ্ন থাকলে নির্দ্বিধায় জিজ্ঞাসা করতে পারেন। ধন্যবাদ।"
72900,"হেলো, নাসেনিয়া ডকে আপনাকে স্বাগতম। আপনার অনুসন্ধানের জন্য ধন্যবাদ। আমি আপনার প্রশ্নটি দেখেছি এবং আপনার উদ্বেগ বুঝতে পেরেছি। আমি যথাসাধ্য আপনাকে সাহায্য করার চেষ্টা করব। আপনার বর্ণনা করা লক্ষণগুলো বিভিন্ন কারণে হতে পারে এবং এর সঠিক কারণ নির্ণয়ের জন্য একটি বিস্তারিত পরীক্ষা প্রয়োজন। তাই আমি আপনাকে একজন বিশেষজ্ঞ ডাক্তারের সাথে সরাসরি পরামর্শ করার পরামর্শ দিচ্ছি। প্রয়োজনীয় পরীক্ষা-নিরীক্ষা করানো উচিত এবং রিপোর্ট অনুযায়ী চিকিৎসা শুরু করা যেতে পারে। এই সময়ে পর্যাপ্ত বিশ্রাম নিন, প্রচুর পানি পান করুন এবং স্বাস্থ্যকর খাবার খান। ডাক্তারের পরামর্শ ছাড়া কোনো ওষুধ সেবন করবেন না। যদি সমস্যা বাড়তে থাকে বা তীব্র হয়, তাহলে দেরি না করে দ্রুত ডাক্তারের শরণাপন্ন হন। আশা করি এই উত্তরটি আপনাকে সাহায্য করবে। আরও কোনো প্রশ্ন থাকলে নির্দ্বিধায় জিজ্ঞাসা করতে পারেন। ধন্যবাদ।"
12915,"হেলো, নাসেনিয়া ডকে আপনাকে স্বাগতম। আপনার অনুসন্ধানের জন্য ধন্যবাদ। আমি আপনার প্রশ্নটি দেখেছি এবং আপনার উদ্বেগ বুঝতে পেরেছি। আমি যথাসাধ্য আপনাকে সাহায্য করার চেষ্টা করব। আপনার বর্ণনা করা লক্ষণগুলো বিভিন্ন কারণে হতে পারে এবং এর সঠিক কারণ নির্ণয়ের জন্য একটি বিস্তারিত পরীক্ষা প্রয়োজন। তাই আমি আপনাকে একজন বিশেষজ্ঞ ডাক্তারের সাথে সরাসরি পরামর্শ করার পরামর্শ দিচ্ছি। প্রয়োজনীয় পরীক্ষা-নিরীক্ষা করানো উচিত এবং রিপোর্ট অনুযায়ী চিকিৎসা শুরু করা যেতে পারে। এই সময়ে পর্যাপ্ত বিশ্রাম নিন, প্রচুর পানি পান করুন এবং স্বাস্থ্যকর খাবার খান। ডাক্তারের পরামর্শ ছাড়া কোনো ওষুধ সেবন করবেন না। যদি সমস্যা বাড়তে থাকে বা তীব্র হয়, তাহলে দেরি না করে দ্রুত ডাক্তারের শরণাপন্ন হন। আশা করি এই উত্তরটি আপনাকে সাহায্য করবে। আরও কোনো প্রশ্ন থাকলে নির্দ্বিধায় জিজ্ঞাসা করতে পারেন। ধন্যবাদ।"
69485,"হেলো, নাসেনিয়া ডকে আপনাকে স্বাগতম। আপনার অনুসন্ধানের জন্য ধন্যবাদ। আমি আপনার প্রশ্নটি দেখেছি এবং আপনার উদ্বেগ বুঝতে পেরেছি। আমি যথাসাধ্য আপনাকে সাহায্য করার চেষ্টা করব। আপনার বর্ণনা করা লক্ষণগুলো বিভিন্ন কারণে হতে পারে এবং এর সঠিক কারণ নির্ণয়ের জন্য একটি বিস্তারিত পরীক্ষা প্রয়োজন। তাই আমি আপনাকে একজন বিশেষজ্ঞ ডাক্তারের সাথে সরাসরি পরামর্শ করার পরামর্শ দিচ্ছি। প্রয়োজনীয় পরীক্ষা-নিরীক্ষা করানো উচিত এবং রিপোর্ট অনুযায়ী চিকিৎসা শুরু করা যেতে পারে। এই সময়ে পর্যাপ্ত বিশ্রাম নিন, প্রচুর পানি পান করুন এবং স্বাস্থ্যকর খাবার খান। ডাক্তারের পরামর্শ ছাড়া কোনো ওষুধ সেবন করবেন না। যদি সমস্যা বাড়তে থাকে বা তীব্র হয়, তাহলে দেরি না করে দ্রুত ডাক্তারের শরণাপন্ন হন। আশা করি এই উত্তরটি আপনাকে সাহায্য করবে। আরও কোনো প্রশ্ন থাকলে নির্দ্বিধায় জিজ্ঞাসা করতে পারেন। ধন্যবাদ।"
110496,"হেলো, নাসেনিয়া ডকে আপনাকে স্বাগতম। আপনার অনুসন্ধানের জন্য ধন্যবাদ। আমি আপনার প্রশ্নটি দেখেছি এবং আপনার উদ্বেগ বুঝতে পেরেছি। আমি যথাসাধ্য আপনাকে সাহায্য করার চেষ্টা করব। আপনার বর্ণনা করা লক্ষণগুলো বিভিন্ন কারণে হতে পারে এবং এর সঠিক কারণ নির্ণয়ের জন্য একটি বিস্তারিত পরীক্ষা প্রয়োজন। তাই আমি আপনাকে একজন বিশেষজ্ঞ ডাক্তারের সাথে সরাসরি পরামর্শ করার পরামর্শ দিচ্ছি। প্রয়োজনীয় পরীক্ষা-নিরীক্ষা করানো উচিত এবং রিপোর্ট অনুযায়ী চিকিৎসা শুরু করা যেতে পারে। এই সময়ে পর্যাপ্ত বিশ্রাম নিন, প্রচুর পানি পান করুন এবং স্বাস্থ্যকর খাবার খান। ডাক্তারের পরামর্শ ছাড়া কোনো ওষুধ সেবন করবেন না। যদি সমস্যা বাড়তে থাকে বা তীব্র হয়, তাহলে দেরি না করে দ্রুত ডাক্তারের শরণাপন্ন হন। আশা করি এই উত্তরটি আপনাকে সাহায্য করবে। আরও কোনো প্রশ্ন থাকলে নির্দ্বিধায় জিজ্ঞাসা করতে পারেন। ধন্যবাদ।"
19301,"হেলো, নাসেনিয়া ডকে আপনাকে স্বাগতম। আপনার অনুসন্ধানের জন্য ধন্যবাদ। আমি আপনার প্রশ্নটি দেখেছি এবং আপনার উদ্বেগ বুঝতে পেরেছি। আমি যথাসাধ্য আপনাকে সাহায্য করার চেষ্টা করব। আপনার বর্ণনা করা লক্ষণগুলো বিভিন্ন কারণে হতে পারে এবং এর সঠিক কারণ নির্ণয়ের জন্য একটি বিস্তারিত পরীক্ষা প্রয়োজন। তাই আমি আপনাকে একজন বিশেষজ্ঞ ডাক্তারের সাথে সরাসরি পরামর্শ করার পরামর্শ দিচ্ছি। প্রয়োজনীয় পরীক্ষা-নিরীক্ষা করানো উচিত এবং রিপোর্ট অনুযায়ী চিকিৎসা শুরু করা যেতে পারে। এই সময়ে পর্যাপ্ত বিশ্রাম নিন, প্রচুর পানি পান করুন এবং স্বাস্থ্যকর খাবার খান। ডাক্তারের পরামর্শ ছাড়া কোনো ওষুধ সেবন করবেন না। যদি সমস্যা বাড়তে থাকে বা তীব্র হয়, তাহলে দেরি না করে দ্রুত ডাক্তারের শরণাপন্ন হন। আশা করি এই উত্তরটি আপনাকে সাহায্য করবে। আরও কোনো প্রশ্ন থাকলে নির্দ্বিধায় জিজ্ঞাসা করতে পারেন। ধন্যবাদ।"
25099,"হেলো, নাসেনিয়া ডকে আপনাকে স্বাগতম। আপনার অনুসন্ধানের জন্য ধন্যবাদ। আমি আপনার প্রশ্নটি দেখেছি এবং আপনার উদ্বেগ বুঝতে পেরেছি। আমি যথাসাধ্য আপনাকে সাহায্য করার চেষ্টা করব। আপনার বর্ণনা করা লক্ষণগুলো বিভিন্ন কারণে হতে পারে এবং এর সঠিক কারণ নির্ণয়ের জন্য একটি বিস্তারিত পরীক্ষা প্রয়োজন। তাই আমি আপনাকে একজন বিশেষজ্ঞ ডাক্তারের সাথে সরাসরি পরামর্শ করার পরামর্শ দিচ্ছি। প্রয়োজনীয় পরীক্ষা-নিরীক্ষা করানো উচিত এবং রিপোর্ট অনুযায়ী চিকিৎসা শুরু করা যেতে পারে। এই সময়ে পর্যাপ্ত বিশ্রাম নিন, প্রচুর পানি পান করুন এবং স্বাস্থ্যকর খাবার খান। ডাক্তারের পরামর্শ ছাড়া কোনো ওষুধ সেবন করবেন না। যদি সমস্যা বাড়তে থাকে বা তীব্র হয়, তাহলে দেরি না করে দ্রুত ডাক্তারের শরণাপন্ন হন। আশা করি এই উত্তরটি আপনাকে সাহায্য করবে। আরও কোনো প্রশ্ন থাকলে নির্দ্বিধায় জিজ্ঞাসা করতে পারেন। ধন্যবাদ।"
67427,"হেলো, নাসেনিয়া ডকে আপনাকে স্বাগতম। আপনার অনুসন্ধানের জন্য ধন্যবাদ। আমি আপনার প্রশ্নটি দেখেছি এবং আপনার উদ্বেগ বুঝতে পেরেছি। আমি যথাসাধ্য আপনাকে সাহায্য করার চেষ্টা করব। আপনার বর্ণনা করা লক্ষণগুলো বিভিন্ন কারণে হতে পারে এবং এর সঠিক কারণ নির্ণয়ের জন্য একটি বিস্তারিত পরীক্ষা প্রয়োজন। তাই আমি আপনাকে একজন বিশেষজ্ঞ ডাক্তারের সাথে সরাসরি পরামর্শ করার পরামর্শ দিচ্ছি। প্রয়োজনীয় পরীক্ষা-নিরীক্ষা করানো উচিত এবং রিপোর্ট অনুযায়ী চিকিৎসা শুরু করা যেতে পারে। এই সময়ে পর্যাপ্ত বিশ্রাম নিন, প্রচুর পানি পান করুন এবং স্বাস্থ্যকর খাবার খান। ডাক্তারের পরামর্শ ছাড়া কোনো ওষুধ সেবন করবেন না। যদি সমস্যা বাড়তে থাকে বা তীব্র হয়, তাহলে দেরি না করে দ্রুত ডাক্তারের শরণাপন্ন হন। আশা করি এই উত্তরটি আপনাকে সাহায্য করবে। আরও কোনো প্রশ্ন থাকলে নির্দ্বিধায় জিজ্ঞাসা করতে পারেন। ধন্যবাদ।"
111178,"হেলো, নাসেনিয়া ডকে আপনাকে স্বাগতম। আপনার অনুসন্ধানের জন্য ধন্যবাদ। আমি আপনার প্রশ্নটি দেখেছি এবং আপনার উদ্বেগ বুঝতে পেরেছি। আমি যথাসাধ্য আপনাকে সাহায্য করার চেষ্টা করব। আপনার বর্ণনা করা লক্ষণগুলো বিভিন্ন কারণে হতে পারে এবং এর সঠিক কারণ নির্ণয়ের জন্য একটি বিস্তারিত পরীক্ষা প্রয়োজন। তাই আমি আপনাকে একজন বিশেষজ্ঞ ডাক্তারের সাথে সরাসরি পরামর্শ করার পরামর্শ দিচ্ছি। প্রয়োজনীয় পরীক্ষা-নিরীক্ষা করানো উচিত এবং রিপোর্ট অনুযায়ী চিকিৎসা শুরু করা যেতে পারে। এই সময়ে পর্যাপ্ত বিশ্রাম নিন, প্রচুর পানি পান করুন এবং স্বাস্থ্যকর খাবার খান। ডাক্তারের পরামর্শ ছাড়া কোনো ওষুধ সেবন করবেন না। যদি সমস্যা বাড়তে থাকে বা তীব্র হয়, তাহলে দেরি না করে দ্রুত ডাক্তারের শরণাপন্ন হন। আশা করি এই উত্তরটি আপনাকে সাহায্য করবে। আরও কোনো প্রশ্ন থাকলে নির্দ্বিধায় জিজ্ঞাসা করতে পারেন। ধন্যবাদ।"
47911,"হেলো, নাসেনিয়া ডকে আপনাকে স্বাগতম। আপনার অনুসন্ধানের জন্য ধন্যবাদ। আমি আপনার প্রশ্নটি দেখেছি এবং আপনার উদ্বেগ বুঝতে পেরেছি। আমি যথাসাধ্য আপনাকে সাহায্য করার চেষ্টা করব। আপনার বর্ণনা করা লক্ষণগুলো বিভিন্ন কারণে হতে পারে এবং এর সঠিক কারণ নির্ণয়ের জন্য একটি বিস্তারিত পরীক্ষা প্রয়োজন। তাই আমি আপনাকে একজন বিশেষজ্ঞ ডাক্তারের সাথে সরাসরি পরামর্শ করার পরামর্শ দিচ্ছি। প্রয়োজনীয় পরীক্ষা-নিরীক্ষা করানো উচিত এবং রিপোর্ট অনুযায়ী চিকিৎসা শুরু করা যেতে পারে। এই সময়ে পর্যাপ্ত বিশ্রাম নিন, প্রচুর পানি পান করুন এবং স্বাস্থ্যকর খাবার খান। ডাক্তারের পরামর্শ ছাড়া কোনো ওষুধ সেবন করবেন না। যদি সমস্যা বাড়তে থাকে বা তীব্র হয়, তাহলে দেরি না করে দ্রুত ডাক্তারের শরণাপন্ন হন। আশা করি এই উত্তরটি আপনাকে সাহায্য করবে। আরও কোনো প্রশ্ন থাকলে নির্দ্বিধায় জিজ্ঞাসা করতে পারেন। ধন্যবাদ।"
46419,"হেলো, নাসেনিয়া ডকে আপনাকে স্বাগতম। আপনার অনুসন্ধানের জন্য ধন্যবাদ। আমি আপনার প্রশ্নটি দেখেছি এবং আপনার উদ্বেগ বুঝতে পেরেছি। আমি যথাসাধ্য আপনাকে সাহায্য করার চেষ্টা করব। আপনার বর্ণনা করা লক্ষণগুলো বিভিন্ন কারণে হতে পারে এবং এর সঠিক কারণ নির্ণয়ের জন্য একটি বিস্তারিত পরীক্ষা প্রয়োজন। তাই আমি আপনাকে একজন বিশেষজ্ঞ ডাক্তারের সাথে সরাসরি পরামর্শ করার পরামর্শ দিচ্ছি। প্রয়োজনীয় পরীক্ষা-নিরীক্ষা করানো উচিত এবং রিপোর্ট অনুযায়ী চিকিৎসা শুরু করা যেতে পারে। এই সময়ে পর্যাপ্ত বিশ্রাম নিন, প্রচুর পানি পান করুন এবং স্বাস্থ্যকর খাবার খান। ডাক্তারের পরামর্শ ছাড়া কোনো ওষুধ সেবন করবেন না। যদি সমস্যা বাড়তে থাকে বা তীব্র হয়, তাহলে দেরি না করে দ্রুত ডাক্তারের শরণাপন্ন হন। আশা করি এই উত্তরটি আপনাকে সাহায্য করবে। আরও কোনো প্রশ্ন থাকলে নির্দ্বিধায় জিজ্ঞাসা করতে পারেন। ধন্যবাদ।"
83584,"হেলো, নাসেনিয়া ডকে আপনাকে স্বাগতম। আপনার অনুসন্ধানের জন্য ধন্যবাদ। আমি আপনার প্রশ্নটি দেখেছি এবং আপনার উদ্বেগ বুঝতে পেরেছি। আমি যথাসাধ্য আপনাকে সাহায্য করার চেষ্টা করব। আপনার বর্ণনা করা লক্ষণগুলো বিভিন্ন কারণে হতে পারে এবং এর সঠিক কারণ নির্ণয়ের জন্য একটি বিস্তারিত পরীক্ষা প্রয়োজন। তাই আমি আপনাকে একজন বিশেষজ্ঞ ডাক্তারের সাথে সরাসরি পরামর্শ করার পরামর্শ দিচ্ছি। প্রয়োজনীয় পরীক্ষা-নিরীক্ষা করানো উচিত এবং রিপোর্ট অনুযায়ী চিকিৎসা শুরু করা যেতে পারে। এই সময়ে পর্যাপ্ত বিশ্রাম নিন, প্রচুর পানি পান করুন এবং স্বাস্থ্যকর খাবার খান। ডাক্তারের পরামর্শ ছাড়া কোনো ওষুধ সেবন করবেন না। যদি সমস্যা বাড়তে থাকে বা তীব্র হয়, তাহলে দেরি না করে দ্রুত ডাক্তারের শরণাপন্ন হন। আশা করি এই উত্তরটি আপনাকে সাহায্য করবে। আরও কোনো প্রশ্ন থাকলে নির্দ্বিধায় জিজ্ঞাসা করতে পারেন। ধন্যবাদ।"
89291,"হেলো, নাসেনিয়া ডকে আপনাকে স্বাগতম। আপনার অনুসন্ধানের জন্য ধন্যবাদ। আমি আপনার প্রশ্নটি দেখেছি এবং আপনার উদ্বেগ বুঝতে পেরেছি। আমি যথাসাধ্য আপনাকে সাহায্য করার চেষ্টা করব। আপনার বর্ণনা করা লক্ষণগুলো বিভিন্ন কারণে হতে পারে এবং এর সঠিক কারণ নির্ণয়ের জন্য একটি বিস্তারিত পরীক্ষা প্রয়োজন। তাই আমি আপনাকে একজন বিশেষজ্ঞ ডাক্তারের সাথে সরাসরি পরামর্শ করার পরামর্শ দিচ্ছি। প্রয়োজনীয় পরীক্ষা-নিরীক্ষা করানো উচিত এবং রিপোর্ট অনুযায়ী চিকিৎসা শুরু করা যেতে পারে। এই সময়ে পর্যাপ্ত বিশ্রাম নিন, প্রচুর পানি পান করুন এবং স্বাস্থ্যকর খাবার খান। ডাক্তারের পরামর্শ ছাড়া কোনো ওষুধ সেবন করবেন না। যদি সমস্যা বাড়তে থাকে বা তীব্র হয়, তাহলে দেরি না করে দ্রুত ডাক্তারের শরণাপন্ন হন। আশা করি এই উত্তরটি আপনাকে সাহায্য করবে। আরও কোনো প্রশ্ন থাকলে নির্দ্বিধায় জিজ্ঞাসা করতে পারেন। ধন্যবাদ।"
88378,"হেলো, নাসেনিয়া ডকে আপনাকে স্বাগতম। আপনার অনুসন্ধানের জন্য ধন্যবাদ। আমি আপনার প্রশ্নটি দেখেছি এবং আপনার উদ্বেগ বুঝতে পেরেছি। আমি যথাসাধ্য আপনাকে সাহায্য করার চেষ্টা করব। আপনার বর্ণনা করা লক্ষণগুলো বিভিন্ন কারণে হতে পারে এবং এর সঠিক কারণ নির্ণয়ের জন্য একটি বিস্তারিত পরীক্ষা প্রয়োজন। তাই আমি আপনাকে একজন বিশেষজ্ঞ ডাক্তারের সাথে সরাসরি পরামর্শ করার পরামর্শ দিচ্ছি। প্রয়োজনীয় পরীক্ষা-নিরীক্ষা করানো উচিত এবং রিপোর্ট অনুযায়ী চিকিৎসা শুরু করা যেতে পারে। এই সময়ে পর্যাপ্ত বিশ্রাম নিন, প্রচুর পানি পান করুন এবং স্বাস্থ্যকর খাবার খান। ডাক্তারের পরামর্শ ছাড়া কোনো ওষুধ সেবন করবেন না। যদি সমস্যা বাড়তে থাকে বা তীব্র হয়, তাহলে দেরি না করে দ্রুত ডাক্তারের শরণাপন্ন হন। আশা করি এই উত্তরটি আপনাকে সাহায্য করবে। আরও কোনো প্রশ্ন থাকলে নির্দ্বিধায় জিজ্ঞাসা করতে পারেন। ধন্যবাদ।"
17189,"হেলো, নাসেনিয়া ডকে আপনাকে স্বাগতম। আপনার অনুসন্ধানের জন্য ধন্যবাদ। আমি আপনার প্রশ্নটি দেখেছি এবং আপনার উদ্বেগ বুঝতে পেরেছি। আমি যথাসাধ্য আপনাকে সাহায্য করার চেষ্টা করব। আপনার বর্ণনা করা লক্ষণগুলো বিভিন্ন কারণে হতে পারে এবং এর সঠিক কারণ নির্ণয়ের জন্য একটি বিস্তারিত পরীক্ষা প্রয়োজন। তাই আমি আপনাকে একজন বিশেষজ্ঞ ডাক্তারের সাথে সরাসরি পরামর্শ করার পরামর্শ দিচ্ছি। প্রয়োজনীয় পরীক্ষা-নিরীক্ষা করানো উচিত এবং রিপোর্ট অনুযায়ী চিকিৎসা শুরু করা যেতে পারে। এই সময়ে পর্যাপ্ত বিশ্রাম নিন, প্রচুর পানি পান করুন এবং স্বাস্থ্যকর খাবার খান। ডাক্তারের পরামর্শ ছাড়া কোনো ওষুধ সেবন করবেন না। যদি সমস্যা বাড়তে থাকে বা তীব্র হয়, তাহলে দেরি না করে দ্রুত ডাক্তারের শরণাপন্ন হন। আশা করি এই উত্তরটি আপনাকে সাহায্য করবে। আরও কোনো প্রশ্ন থাকলে নির্দ্বিধায় জিজ্ঞাসা করতে পারেন। ধন্যবাদ।"
24104,"হেলো, নাসেনিয়া ডকে আপনাকে স্বাগতম। আপনার অনুসন্ধানের জন্য ধন্যবাদ। আমি আপনার প্রশ্নটি দেখেছি এবং আপনার উদ্বেগ বুঝতে পেরেছি। আমি যথাসাধ্য আপনাকে সাহায্য করার চেষ্টা করব। আপনার বর্ণনা করা লক্ষণগুলো বিভিন্ন কারণে হতে পারে এবং এর সঠিক কারণ নির্ণয়ের জন্য একটি বিস্তারিত পরীক্ষা প্রয়োজন। তাই আমি আপনাকে একজন বিশেষজ্ঞ ডাক্তারের সাথে সরাসরি পরামর্শ করার পরামর্শ দিচ্ছি। প্রয়োজনীয় পরীক্ষা-নিরীক্ষা করানো উচিত এবং রিপোর্ট অনুযায়ী চিকিৎসা শুরু করা যেতে পারে। এই সময়ে পর্যাপ্ত বিশ্রাম নিন, প্রচুর পানি পান করুন এবং স্বাস্থ্যকর খাবার খান। ডাক্তারের পরামর্শ ছাড়া কোনো ওষুধ সেবন করবেন না। যদি সমস্যা বাড়তে থাকে বা তীব্র হয়, তাহলে দেরি না করে দ্রুত ডাক্তারের শরণাপন্ন হন। আশা করি এই উত্তরটি আপনাকে সাহায্য করবে। আরও কোনো প্রশ্ন থাকলে নির্দ্বিধায় জিজ্ঞাসা করতে পারেন। ধন্যবাদ।"
44361,"হেলো, নাসেনিয়া ডকে আপনাকে স্বাগতম। আপনার অনুসন্ধানের জন্য ধন্যবাদ। আমি আপনার প্রশ্নটি দেখেছি এবং আপনার উদ্বেগ বুঝতে পেরেছি। আমি যথাসাধ্য আপনাকে সাহায্য করার চেষ্টা করব। আপনার বর্ণনা করা লক্ষণগুলো বিভিন্ন কারণে হতে পারে এবং এর সঠিক কারণ নির্ণয়ের জন্য একটি বিস্তারিত পরীক্ষা প্রয়োজন। তাই আমি আপনাকে একজন বিশেষজ্ঞ ডাক্তারের সাথে সরাসরি পরামর্শ করার পরামর্শ দিচ্ছি। প্রয়োজনীয় পরীক্ষা-নিরীক্ষা করানো উচিত এবং রিপোর্ট অনুযায়ী চিকিৎসা শুরু করা যেতে পারে। এই সময়ে পর্যাপ্ত বিশ্রাম নিন, প্রচুর পানি পান করুন এবং স্বাস্থ্যকর খাবার খান। ডাক্তারের পরামর্শ ছাড়া কোনো ওষুধ সেবন করবেন না। যদি সমস্যা বাড়তে থাকে বা তীব্র হয়, তাহলে দেরি না করে দ্রুত ডাক্তারের শরণাপন্ন হন। আশা করি এই উত্তরটি আপনাকে সাহায্য করবে। আরও কোনো প্রশ্ন থাকলে নির্দ্বিধায় জিজ্ঞাসা করতে পারেন। ধন্যবাদ।"
90616,"হেলো, নাসেনিয়া ডকে আপনাকে স্বাগতম। আপনার অনুসন্ধানের জন্য ধন্যবাদ। আমি আপনার প্রশ্নটি দেখেছি এবং আপনার উদ্বেগ বুঝতে পেরেছি। আমি যথাসাধ্য আপনাকে সাহায্য করার চেষ্টা করব। আপনার বর্ণনা করা লক্ষণগুলো বিভিন্ন কারণে হতে পারে এবং এর সঠিক কারণ নির্ণয়ের জন্য একটি বিস্তারিত পরীক্ষা প্রয়োজন। তাই আমি আপনাকে একজন বিশেষজ্ঞ ডাক্তারের সাথে সরাসরি পরামর্শ করার পরামর্শ দিচ্ছি। প্রয়োজনীয় পরীক্ষা-নিরীক্ষা করানো উচিত এবং রিপোর্ট অনুযায়ী চিকিৎসা শুরু করা যেতে পারে। এই সময়ে পর্যাপ্ত বিশ্রাম নিন, প্রচুর পানি পান করুন এবং স্বাস্থ্যকর খাবার খান। ডাক্তারের পরামর্শ ছাড়া কোনো ওষুধ সেবন করবেন না। যদি সমস্যা বাড়তে থাকে বা তীব্র হয়, তাহলে দেরি না করে দ্রুত ডাক্তারের শরণাপন্ন হন। আশা করি এই উত্তরটি আপনাকে সাহায্য করবে। আরও কোনো প্রশ্ন থাকলে নির্দ্বিধায় জিজ্ঞাসা করতে পারেন। ধন্যবাদ।"
54360,"হেলো, নাসেনিয়া ডকে আপনাকে স্বাগতম। আপনার অনুসন্ধানের জন্য ধন্যবাদ। আমি আপনার প্রশ্নটি দেখেছি এবং আপনার উদ্বেগ বুঝতে পেরেছি। আমি যথাসাধ্য আপনাকে সাহায্য করার চেষ্টা করব। আপনার বর্ণনা করা লক্ষণগুলো বিভিন্ন কারণে হতে পারে এবং এর সঠিক কারণ নির্ণয়ের জন্য একটি বিস্তারিত পরীক্ষা প্রয়োজন। তাই আমি আপনাকে একজন বিশেষজ্ঞ ডাক্তারের সাথে সরাসরি পরামর্শ করার পরামর্শ দিচ্ছি। প্রয়োজনীয় পরীক্ষা-নিরীক্ষা করানো উচিত এবং রিপোর্ট অনুযায়ী চিকিৎসা শুরু করা যেতে পারে। এই সময়ে পর্যাপ্ত বিশ্রাম নিন, প্রচুর পানি পান করুন এবং স্বাস্থ্যকর খাবার খান। ডাক্তারের পরামর্শ ছাড়া কোনো ওষুধ সেবন করবেন না। যদি সমস্যা বাড়তে থাকে বা তীব্র হয়, তাহলে দেরি না করে দ্রুত ডাক্তারের শরণাপন্ন হন। আশা করি এই উত্তরটি আপনাকে সাহায্য করবে। আরও কোনো প্রশ্ন থাকলে নির্দ্বিধায় জিজ্ঞাসা করতে পারেন। ধন্যবাদ।"
103693,"হেলো, নাসেনিয়া ডকে আপনাকে স্বাগতম। আপনার অনুসন্ধানের জন্য ধন্যবাদ। আমি আপনার প্রশ্নটি দেখেছি এবং আপনার উদ্বেগ বুঝতে পেরেছি। আমি যথাসাধ্য আপনাকে সাহায্য করার চেষ্টা করব। আপনার বর্ণনা করা লক্ষণগুলো বিভিন্ন কারণে হতে পারে এবং এর সঠিক কারণ নির্ণয়ের জন্য একটি বিস্তারিত পরীক্ষা প্রয়োজন। তাই আমি আপনাকে একজন বিশেষজ্ঞ ডাক্তারের সাথে সরাসরি পরামর্শ করার পরামর্শ দিচ্ছি। প্রয়োজনীয় পরীক্ষা-নিরীক্ষা করানো উচিত এবং রিপোর্ট অনুযায়ী চিকিৎসা শুরু করা যেতে পারে। এই সময়ে পর্যাপ্ত বিশ্রাম নিন, প্রচুর পানি পান করুন এবং স্বাস্থ্যকর খাবার খান। ডাক্তারের পরামর্শ ছাড়া কোনো ওষুধ সেবন করবেন না। যদি সমস্যা বাড়তে থাকে বা তীব্র হয়, তাহলে দেরি না করে দ্রুত ডাক্তারের শরণাপন্ন হন। আশা করি এই উত্তরটি আপনাকে সাহায্য করবে। আরও কোনো প্রশ্ন থাকলে নির্দ্বিধায় জিজ্ঞাসা করতে পারেন। ধন্যবাদ।"
4425,"হেলো, নাসেনিয়া ডকে আপনাকে স্বাগতম। আপনার অনুসন্ধানের জন্য ধন্যবাদ। আমি আপনার প্রশ্নটি দেখেছি এবং আপনার উদ্বেগ বুঝতে পেরেছি। আমি যথাসাধ্য আপনাকে সাহায্য করার চেষ্টা করব। আপনার বর্ণনা করা লক্ষণগুলো বিভিন্ন কারণে হতে পারে এবং এর সঠিক কারণ নির্ণয়ের জন্য একটি বিস্তারিত পরীক্ষা প্রয়োজন। তাই আমি আপনাকে একজন বিশেষজ্ঞ ডাক্তারের সাথে সরাসরি পরামর্শ করার পরামর্শ দিচ্ছি। প্রয়োজনীয় পরীক্ষা-নিরীক্ষা করানো উচিত এবং রিপোর্ট অনুযায়ী চিকিৎসা শুরু করা যেতে পারে। এই সময়ে পর্যাপ্ত বিশ্রাম নিন, প্রচুর পানি পান করুন এবং স্বাস্থ্যকর খাবার খান। ডাক্তারের পরামর্শ ছাড়া কোনো ওষুধ সেবন করবেন না। যদি সমস্যা বাড়তে থাকে বা তীব্র হয়, তাহলে দেরি না করে দ্রুত ডাক্তারের শরণাপন্ন হন। আশা করি এই উত্তরটি আপনাকে সাহায্য করবে। আরও কোনো প্রশ্ন থাকলে নির্দ্বিধায় জিজ্ঞাসা করতে পারেন। ধন্যবাদ।"
50370,"হেলো, নাসেনিয়া ডকে আপনাকে স্বাগতম। আপনার অনুসন্ধানের জন্য ধন্যবাদ। আমি আপনার প্রশ্নটি দেখেছি এবং আপনার উদ্বেগ বুঝতে পেরেছি। আমি যথাসাধ্য আপনাকে সাহায্য করার চেষ্টা করব। আপনার বর্ণনা করা লক্ষণগুলো বিভিন্ন কারণে হতে পারে এবং এর সঠিক কারণ নির্ণয়ের জন্য একটি বিস্তারিত পরীক্ষা প্রয়োজন। তাই আমি আপনাকে একজন বিশেষজ্ঞ ডাক্তারের সাথে সরাসরি পরামর্শ করার পরামর্শ দিচ্ছি। প্রয়োজনীয় পরীক্ষা-নিরীক্ষা করানো উচিত এবং রিপোর্ট অনুযায়ী চিকিৎসা শুরু করা যেতে পারে। এই সময়ে পর্যাপ্ত বিশ্রাম নিন, প্রচুর পানি পান করুন এবং স্বাস্থ্যকর খাবার খান। ডাক্তারের পরামর্শ ছাড়া কোনো ওষুধ সেবন করবেন না। যদি সমস্যা বাড়তে থাকে বা তীব্র হয়, তাহলে দেরি না করে দ্রুত ডাক্তারের শরণাপন্ন হন। আশা করি এই উত্তরটি আপনাকে সাহায্য করবে। আরও কোনো প্রশ্ন থাকলে নির্দ্বিধায় জিজ্ঞাসা করতে পারেন। ধন্যবাদ।"
110630,"হেলো, নাসেনিয়া ডকে আপনাকে স্বাগতম। আপনার অনুসন্ধানের জন্য ধন্যবাদ। আমি আপনার প্রশ্নটি দেখেছি এবং আপনার উদ্বেগ বুঝতে পেরেছি। আমি যথাসাধ্য আপনাকে সাহায্য করার চেষ্টা করব। আপনার বর্ণনা করা লক্ষণগুলো বিভিন্ন কারণে হতে পারে এবং এর সঠিক কারণ নির্ণয়ের জন্য একটি বিস্তারিত পরীক্ষা প্রয়োজন। তাই আমি আপনাকে একজন বিশেষজ্ঞ ডাক্তারের সাথে সরাসরি পরামর্শ করার পরামর্শ দিচ্ছি। প্রয়োজনীয় পরীক্ষা-নিরীক্ষা করানো উচিত এবং রিপোর্ট অনুযায়ী চিকিৎসা শুরু করা যেতে পারে। এই সময়ে পর্যাপ্ত বিশ্রাম নিন, প্রচুর পানি পান করুন এবং স্বাস্থ্যকর খাবার খান। ডাক্তারের পরামর্শ ছাড়া কোনো ওষুধ সেবন করবেন না। যদি সমস্যা বাড়তে থাকে বা তীব্র হয়, তাহলে দেরি না করে দ্রুত ডাক্তারের শরণাপন্ন হন। আশা করি এই উত্তরটি আপনাকে সাহায্য করবে। আরও কোনো প্রশ্ন থাকলে নির্দ্বিধায় জিজ্ঞাসা করতে পারেন। ধন্যবাদ।"
9649,"হেলো, নাসেনিয়া ডকে আপনাকে স্বাগতম। আপনার অনুসন্ধানের জন্য ধন্যবাদ। আমি আপনার প্রশ্নটি দেখেছি এবং আপনার উদ্বেগ বুঝতে পেরেছি। আমি যথাসাধ্য আপনাকে সাহায্য করার চেষ্টা করব। আপনার বর্ণনা করা লক্ষণগুলো বিভিন্ন কারণে হতে পারে এবং এর সঠিক কারণ নির্ণয়ের জন্য একটি বিস্তারিত পরীক্ষা প্রয়োজন। তাই আমি আপনাকে একজন বিশেষজ্ঞ ডাক্তারের সাথে সরাসরি পরামর্শ করার পরামর্শ দিচ্ছি। প্রয়োজনীয় পরীক্ষা-নিরীক্ষা করানো উচিত এবং রিপোর্ট অনুযায়ী চিকিৎসা শুরু করা যেতে পারে। এই সময়ে পর্যাপ্ত বিশ্রাম নিন, প্রচুর পানি পান করুন এবং স্বাস্থ্যকর খাবার খান। ডাক্তারের পরামর্শ ছাড়া কোনো ওষুধ সেবন করবেন না। যদি সমস্যা বাড়তে থাকে বা তীব্র হয়, তাহলে দেরি না করে দ্রুত ডাক্তারের শরণাপন্ন হন। আশা করি এই উত্তরটি আপনাকে সাহায্য করবে। আরও কোনো প্রশ্ন থাকলে নির্দ্বিধায় জিজ্ঞাসা করতে পারেন। ধন্যবাদ।"
66885,"হেলো, নাসেনিয়া ডকে আপনাকে স্বাগতম। আপনার অনুসন্ধানের জন্য ধন্যবাদ। আমি আপনার প্রশ্নটি দেখেছি এবং আপনার উদ্বেগ বুঝতে পেরেছি। আমি যথাসাধ্য আপনাকে সাহায্য করার চেষ্টা করব। আপনার বর্ণনা করা লক্ষণগুলো বিভিন্ন কারণে হতে পারে এবং এর সঠিক কারণ নির্ণয়ের জন্য একটি বিস্তারিত পরীক্ষা প্রয়োজন। তাই আমি আপনাকে একজন বিশেষজ্ঞ ডাক্তারের সাথে সরাসরি পরামর্শ করার পরামর্শ দিচ্ছি। প্রয়োজনীয় পরীক্ষা-নিরীক্ষা করানো উচিত এবং রিপোর্ট অনুযায়ী চিকিৎসা শুরু করা যেতে পারে। এই সময়ে পর্যাপ্ত বিশ্রাম নিন, প্রচুর পানি পান করুন এবং স্বাস্থ্যকর খাবার খান। ডাক্তারের পরামর্শ ছাড়া কোনো ওষুধ সেবন করবেন না। যদি সমস্যা বাড়তে থাকে বা তীব্র হয়, তাহলে দেরি না করে দ্রুত ডাক্তারের শরণাপন্ন হন। আশা করি এই উত্তরটি আপনাকে সাহায্য করবে। আরও কোনো প্রশ্ন থাকলে নির্দ্বিধায় জিজ্ঞাসা করতে পারেন। ধন্যবাদ।"
96805,"হেলো, নাসেনিয়া ডকে আপনাকে স্বাগতম। আপনার অনুসন্ধানের জন্য ধন্যবাদ। আমি আপনার প্রশ্নটি দেখেছি এবং আপনার উদ্বেগ বুঝতে পেরেছি। আমি যথাসাধ্য আপনাকে সাহায্য করার চেষ্টা করব। আপনার বর্ণনা করা লক্ষণগুলো বিভিন্ন কারণে হতে পারে এবং এর সঠিক কারণ নির্ণয়ের জন্য একটি বিস্তারিত পরীক্ষা প্রয়োজন। তাই আমি আপনাকে একজন বিশেষজ্ঞ ডাক্তারের সাথে সরাসরি পরামর্শ করার পরামর্শ দিচ্ছি। প্রয়োজনীয় পরীক্ষা-নিরীক্ষা করানো উচিত এবং রিপোর্ট অনুযায়ী চিকিৎসা শুরু করা যেতে পারে। এই সময়ে পর্যাপ্ত বিশ্রাম নিন, প্রচুর পানি পান করুন এবং স্বাস্থ্যকর খাবার খান। ডাক্তারের পরামর্শ ছাড়া কোনো ওষুধ সেবন করবেন না। যদি সমস্যা বাড়তে থাকে বা তীব্র হয়, তাহলে দেরি না করে দ্রুত ডাক্তারের শরণাপন্ন হন। আশা করি এই উত্তরটি আপনাকে সাহায্য করবে। আরও কোনো প্রশ্ন থাকলে নির্দ্বিধায় জিজ্ঞাসা করতে পারেন। ধন্যবাদ।"
5228,"হেলো, নাসেনিয়া ডকে আপনাকে স্বাগতম। আপনার অনুসন্ধানের জন্য ধন্যবাদ। আমি আপনার প্রশ্নটি দেখেছি এবং আপনার উদ্বেগ বুঝতে পেরেছি। আমি যথাসাধ্য আপনাকে সাহায্য করার চেষ্টা করব। আপনার বর্ণনা করা লক্ষণগুলো বিভিন্ন কারণে হতে পারে এবং এর সঠিক কারণ নির্ণয়ের জন্য একটি বিস্তারিত পরীক্ষা প্রয়োজন। তাই আমি আপনাকে একজন বিশেষজ্ঞ ডাক্তারের সাথে সরাসরি পরামর্শ করার পরামর্শ দিচ্ছি। প্রয়োজনীয় পরীক্ষা-নিরীক্ষা করানো উচিত এবং রিপোর্ট অনুযায়ী চিকিৎসা শুরু করা যেতে পারে। এই সময়ে পর্যাপ্ত বিশ্রাম নিন, প্রচুর পানি পান করুন এবং স্বাস্থ্যকর খাবার খান। ডাক্তারের পরামর্শ ছাড়া কোনো ওষুধ সেবন করবেন না। যদি সমস্যা বাড়তে থাকে বা তীব্র হয়, তাহলে দেরি না করে দ্রুত ডাক্তারের শরণাপন্ন হন। আশা করি এই উত্তরটি আপনাকে সাহায্য করবে। আরও কোনো প্রশ্ন থাকলে নির্দ্বিধায় জিজ্ঞাসা করতে পারেন। ধন্যবাদ।"
77925,"হেলো, নাসেনিয়া ডকে আপনাকে স্বাগতম। আপনার অনুসন্ধানের জন্য ধন্যবাদ। আমি আপনার প্রশ্নটি দেখেছি এবং আপনার উদ্বেগ বুঝতে পেরেছি। আমি যথাসাধ্য আপনাকে সাহায্য করার চেষ্টা করব। আপনার বর্ণনা করা লক্ষণগুলো বিভিন্ন কারণে হতে পারে এবং এর সঠিক কারণ নির্ণয়ের জন্য একটি বিস্তারিত পরীক্ষা প্রয়োজন। তাই আমি আপনাকে একজন বিশেষজ্ঞ ডাক্তারের সাথে সরাসরি পরামর্শ করার পরামর্শ দিচ্ছি। প্রয়োজনীয় পরীক্ষা-নিরীক্ষা করানো উচিত এবং রিপোর্ট অনুযায়ী চিকিৎসা শুরু করা যেতে পারে। এই সময়ে পর্যাপ্ত বিশ্রাম নিন, প্রচুর পানি পান করুন এবং স্বাস্থ্যকর খাবার খান। ডাক্তারের পরামর্শ ছাড়া কোনো ওষুধ সেবন করবেন না। যদি সমস্যা বাড়তে থাকে বা তীব্র হয়, তাহলে দেরি না করে দ্রুত ডাক্তারের শরণাপন্ন হন। আশা করি এই উত্তরটি আপনাকে সাহায্য করবে। আরও কোনো প্রশ্ন থাকলে নির্দ্বিধায় জিজ্ঞাসা করতে পারেন। ধন্যবাদ।"
8630,"হেলো, নাসেনিয়া ডকে আপনাকে স্বাগতম। আপনার অনুসন্ধানের জন্য ধন্যবাদ। আমি আপনার প্রশ্নটি দেখেছি এবং আপনার উদ্বেগ বুঝতে পেরেছি। আমি যথাসাধ্য আপনাকে সাহায্য করার চেষ্টা করব। আপনার বর্ণনা করা লক্ষণগুলো বিভিন্ন কারণে হতে পারে এবং এর সঠিক কারণ নির্ণয়ের জন্য একটি বিস্তারিত পরীক্ষা প্রয়োজন। তাই আমি আপনাকে একজন বিশেষজ্ঞ ডাক্তারের সাথে সরাসরি পরামর্শ করার পরামর্শ দিচ্ছি। প্রয়োজনীয় পরীক্ষা-নিরীক্ষা করানো উচিত এবং রিপোর্ট অনুযায়ী চিকিৎসা শুরু করা যেতে পারে। এই সময়ে পর্যাপ্ত বিশ্রাম নিন, প্রচুর পানি পান করুন এবং স্বাস্থ্যকর খাবার খান। ডাক্তারের পরামর্শ ছাড়া কোনো ওষুধ সেবন করবেন না। যদি সমস্যা বাড়তে থাকে বা তীব্র হয়, তাহলে দেরি না করে দ্রুত ডাক্তারের শরণাপন্ন হন। আশা করি এই উত্তরটি আপনাকে সাহায্য করবে। আরও কোনো প্রশ্ন থাকলে নির্দ্বিধায় জিজ্ঞাসা করতে পারেন। ধন্যবাদ।"
110656,"হেলো, নাসেনিয়া ডকে আপনাকে স্বাগতম। আপনার অনুসন্ধানের জন্য ধন্যবাদ। আমি আপনার প্রশ্নটি দেখেছি এবং আপনার উদ্বেগ বুঝতে পেরেছি। আমি যথাসাধ্য আপনাকে সাহায্য করার চেষ্টা করব। আপনার বর্ণনা করা লক্ষণগুলো বিভিন্ন কারণে হতে পারে এবং এর সঠিক কারণ নির্ণয়ের জন্য একটি বিস্তারিত পরীক্ষা প্রয়োজন। তাই আমি আপনাকে একজন বিশেষজ্ঞ ডাক্তারের সাথে সরাসরি পরামর্শ করার পরামর্শ দিচ্ছি। প্রয়োজনীয় পরীক্ষা-নিরীক্ষা করানো উচিত এবং রিপোর্ট অনুযায়ী চিকিৎসা শুরু করা যেতে পারে। এই সময়ে পর্যাপ্ত বিশ্রাম নিন, প্রচুর পানি পান করুন এবং স্বাস্থ্যকর খাবার খান। ডাক্তারের পরামর্শ ছাড়া কোনো ওষুধ সেবন করবেন না। যদি সমস্যা বাড়তে থাকে বা তীব্র হয়, তাহলে দেরি না করে দ্রুত ডাক্তারের শরণাপন্ন হন। আশা করি এই উত্তরটি আপনাকে সাহায্য করবে। আরও কোনো প্রশ্ন থাকলে নির্দ্বিধায় জিজ্ঞাসা করতে পারেন। ধন্যবাদ।"
89096,"হেলো, নাসেনিয়া ডকে আপনাকে স্বাগতম। আপনার অনুসন্ধানের জন্য ধন্যবাদ। আমি আপনার প্রশ্নটি দেখেছি এবং আপনার উদ্বেগ বুঝতে পেরেছি। আমি যথাসাধ্য আপনাকে সাহায্য করার চেষ্টা করব। আপনার বর্ণনা করা লক্ষণগুলো বিভিন্ন কারণে হতে পারে এবং এর সঠিক কারণ নির্ণয়ের জন্য একটি বিস্তারিত পরীক্ষা প্রয়োজন। তাই আমি আপনাকে একজন বিশেষজ্ঞ ডাক্তারের সাথে সরাসরি পরামর্শ করার পরামর্শ দিচ্ছি। প্রয়োজনীয় পরীক্ষা-নিরীক্ষা করানো উচিত এবং রিপোর্ট অনুযায়ী চিকিৎসা শুরু করা যেতে পারে। এই সময়ে পর্যাপ্ত বিশ্রাম নিন, প্রচুর পানি পান করুন এবং স্বাস্থ্যকর খাবার খান। ডাক্তারের পরামর্শ ছাড়া কোনো ওষুধ সেবন করবেন না। যদি সমস্যা বাড়তে থাকে বা তীব্র হয়, তাহলে দেরি না করে দ্রুত ডাক্তারের শরণাপন্ন হন। আশা করি এই উত্তরটি আপনাকে সাহায্য করবে। আরও কোনো প্রশ্ন থাকলে নির্দ্বিধায় জিজ্ঞাসা করতে পারেন। ধন্যবাদ।"
86063,"হেলো, নাসেনিয়া ডকে আপনাকে স্বাগতম। আপনার অনুসন্ধানের জন্য ধন্যবাদ। আমি আপনার প্রশ্নটি দেখেছি এবং আপনার উদ্বেগ বুঝতে পেরেছি। আমি যথাসাধ্য আপনাকে সাহায্য করার চেষ্টা করব। আপনার বর্ণনা করা লক্ষণগুলো বিভিন্ন কারণে হতে পারে এবং এর সঠিক কারণ নির্ণয়ের জন্য একটি বিস্তারিত পরীক্ষা প্রয়োজন। তাই আমি আপনাকে একজন বিশেষজ্ঞ ডাক্তারের সাথে সরাসরি পরামর্শ করার পরামর্শ দিচ্ছি। প্রয়োজনীয় পরীক্ষা-নিরীক্ষা করানো উচিত এবং রিপোর্ট অনুযায়ী চিকিৎসা শুরু করা যেতে পারে। এই সময়ে পর্যাপ্ত বিশ্রাম নিন, প্রচুর পানি পান করুন এবং স্বাস্থ্যকর খাবার খান। ডাক্তারের পরামর্শ ছাড়া কোনো ওষুধ সেবন করবেন না। যদি সমস্যা বাড়তে থাকে বা তীব্র হয়, তাহলে দেরি না করে দ্রুত ডাক্তারের শরণাপন্ন হন। আশা করি এই উত্তরটি আপনাকে সাহায্য করবে। আরও কোনো প্রশ্ন থাকলে নির্দ্বিধায় জিজ্ঞাসা করতে পারেন। ধন্যবাদ।"
72464,"হেলো, নাসেনিয়া ডকে আপনাকে স্বাগতম। আপনার অনুসন্ধানের জন্য ধন্যবাদ। আমি আপনার প্রশ্নটি দেখেছি এবং আপনার উদ্বেগ বুঝতে পেরেছি। আমি যথাসাধ্য আপনাকে সাহায্য করার চেষ্টা করব। আপনার বর্ণনা করা লক্ষণগুলো বিভিন্ন কারণে হতে পারে এবং এর সঠিক কারণ নির্ণয়ের জন্য একটি বিস্তারিত পরীক্ষা প্রয়োজন। তাই আমি আপনাকে একজন বিশেষজ্ঞ ডাক্তারের সাথে সরাসরি পরামর্শ করার পরামর্শ দিচ্ছি। প্রয়োজনীয় পরীক্ষা-নিরীক্ষা করানো উচিত এবং রিপোর্ট অনুযায়ী চিকিৎসা শুরু করা যেতে পারে। এই সময়ে পর্যাপ্ত বিশ্রাম নিন, প্রচুর পানি পান করুন এবং স্বাস্থ্যকর খাবার খান। ডাক্তারের পরামর্শ ছাড়া কোনো ওষুধ সেবন করবেন না। যদি সমস্যা বাড়তে থাকে বা তীব্র হয়, তাহলে দেরি না করে দ্রুত ডাক্তারের শরণাপন্ন হন। আশা করি এই উত্তরটি আপনাকে সাহায্য করবে। আরও কোনো প্রশ্ন থাকলে নির্দ্বিধায় জিজ্ঞাসা করতে পারেন। ধন্যবাদ।"
108234,"হেলো, নাসেনিয়া ডকে আপনাকে স্বাগতম। আপনার অনুসন্ধানের জন্য ধন্যবাদ। আমি আপনার প্রশ্নটি দেখেছি এবং আপনার উদ্বেগ বুঝতে পেরেছি। আমি যথাসাধ্য আপনাকে সাহায্য করার চেষ্টা করব। আপনার বর্ণনা করা লক্ষণগুলো বিভিন্ন কারণে হতে পারে এবং এর সঠিক কারণ নির্ণয়ের জন্য একটি বিস্তারিত পরীক্ষা প্রয়োজন। তাই আমি আপনাকে একজন বিশেষজ্ঞ ডাক্তারের সাথে সরাসরি পরামর্শ করার পরামর্শ দিচ্ছি। প্রয়োজনীয় পরীক্ষা-নিরীক্ষা করানো উচিত এবং রিপোর্ট অনুযায়ী চিকিৎসা শুরু করা যেতে পারে। এই সময়ে পর্যাপ্ত বিশ্রাম নিন, প্রচুর পানি পান করুন এবং স্বাস্থ্যকর খাবার খান। ডাক্তারের পরামর্শ ছাড়া কোনো ওষুধ সেবন করবেন না। যদি সমস্যা বাড়তে থাকে বা তীব্র হয়, তাহলে দেরি না করে দ্রুত ডাক্তারের শরণাপন্ন হন। আশা করি এই উত্তরটি আপনাকে সাহায্য করবে। আরও কোনো প্রশ্ন থাকলে নির্দ্বিধায় জিজ্ঞাসা করতে পারেন। ধন্যবাদ।"
81294,"হেলো, নাসেনিয়া ডকে আপনাকে স্বাগতম। আপনার অনুসন্ধানের জন্য ধন্যবাদ। আমি আপনার প্রশ্নটি দেখেছি এবং আপনার উদ্বেগ বুঝতে পেরেছি। আমি যথাসাধ্য আপনাকে সাহায্য করার চেষ্টা করব। আপনার বর্ণনা করা লক্ষণগুলো বিভিন্ন কারণে হতে পারে এবং এর সঠিক কারণ নির্ণয়ের জন্য একটি বিস্তারিত পরীক্ষা প্রয়োজন। তাই আমি আপনাকে একজন বিশেষজ্ঞ ডাক্তারের সাথে সরাসরি পরামর্শ করার পরামর্শ দিচ্ছি। প্রয়োজনীয় পরীক্ষা-নিরীক্ষা করানো উচিত এবং রিপোর্ট অনুযায়ী চিকিৎসা শুরু করা যেতে পারে। এই সময়ে পর্যাপ্ত বিশ্রাম নিন, প্রচুর পানি পান করুন এবং স্বাস্থ্যকর খাবার খান। ডাক্তারের পরামর্শ ছাড়া কোনো ওষুধ সেবন করবেন না। যদি সমস্যা বাড়তে থাকে বা তীব্র হয়, তাহলে দেরি না করে দ্রুত ডাক্তারের শরণাপন্ন হন। আশা করি এই উত্তরটি আপনাকে সাহায্য করবে। আরও কোনো প্রশ্ন থাকলে নির্দ্বিধায় জিজ্ঞাসা করতে পারেন। ধন্যবাদ।"
3245,"হেলো, নাসেনিয়া ডকে আপনাকে স্বাগতম। আপনার অনুসন্ধানের জন্য ধন্যবাদ। আমি আপনার প্রশ্নটি দেখেছি এবং আপনার উদ্বেগ বুঝতে পেরেছি। আমি যথাসাধ্য আপনাকে সাহায্য করার চেষ্টা করব। আপনার বর্ণনা করা লক্ষণগুলো বিভিন্ন কারণে হতে পারে এবং এর সঠিক কারণ নির্ণয়ের জন্য একটি বিস্তারিত পরীক্ষা প্রয়োজন। তাই আমি আপনাকে একজন বিশেষজ্ঞ ডাক্তারের সাথে সরাসরি পরামর্শ করার পরামর্শ দিচ্ছি। প্রয়োজনীয় পরীক্ষা-নিরীক্ষা করানো উচিত এবং রিপোর্ট অনুযায়ী চিকিৎসা শুরু করা যেতে পারে। এই সময়ে পর্যাপ্ত বিশ্রাম নিন, প্রচুর পানি পান করুন এবং স্বাস্থ্যকর খাবার খান। ডাক্তারের পরামর্শ ছাড়া কোনো ওষুধ সেবন করবেন না। যদি সমস্যা বাড়তে থাকে বা তীব্র হয়, তাহলে দেরি না করে দ্রুত ডাক্তারের শরণাপন্ন হন। আশা করি এই উত্তরটি আপনাকে সাহায্য করবে। আরও কোনো প্রশ্ন থাকলে নির্দ্বিধায় জিজ্ঞাসা করতে পারেন। ধন্যবাদ।"
45112,"হেলো, নাসেনিয়া ডকে আপনাকে স্বাগতম। আপনার অনুসন্ধানের জন্য ধন্যবাদ। আমি আপনার প্রশ্নটি দেখেছি এবং আপনার উদ্বেগ বুঝতে পেরেছি। আমি যথাসাধ্য আপনাকে সাহায্য করার চেষ্টা করব। আপনার বর্ণনা করা লক্ষণগুলো বিভিন্ন কারণে হতে পারে এবং এর সঠিক কারণ নির্ণয়ের জন্য একটি বিস্তারিত পরীক্ষা প্রয়োজন। তাই আমি আপনাকে একজন বিশেষজ্ঞ ডাক্তারের সাথে সরাসরি পরামর্শ করার পরামর্শ দিচ্ছি। প্রয়োজনীয় পরীক্ষা-নিরীক্ষা করানো উচিত এবং রিপোর্ট অনুযায়ী চিকিৎসা শুরু করা যেতে পারে। এই সময়ে পর্যাপ্ত বিশ্রাম নিন, প্রচুর পানি পান করুন এবং স্বাস্থ্যকর খাবার খান। ডাক্তারের পরামর্শ ছাড়া কোনো ওষুধ সেবন করবেন না। যদি সমস্যা বাড়তে থাকে বা তীব্র হয়, তাহলে দেরি না করে দ্রুত ডাক্তারের শরণাপন্ন হন। আশা করি এই উত্তরটি আপনাকে সাহায্য করবে। আরও কোনো প্রশ্ন থাকলে নির্দ্বিধায় জিজ্ঞাসা করতে পারেন। ধন্যবাদ।"
111509,"হেলো, নাসেনিয়া ডকে আপনাকে স্বাগতম। আপনার অনুসন্ধানের জন্য ধন্যবাদ। আমি আপনার প্রশ্নটি দেখেছি এবং আপনার উদ্বেগ বুঝতে পেরেছি। আমি যথাসাধ্য আপনাকে সাহায্য করার চেষ্টা করব। আপনার বর্ণনা করা লক্ষণগুলো বিভিন্ন কারণে হতে পারে এবং এর সঠিক কারণ নির্ণয়ের জন্য একটি বিস্তারিত পরীক্ষা প্রয়োজন। তাই আমি আপনাকে একজন বিশেষজ্ঞ ডাক্তারের সাথে সরাসরি পরামর্শ করার পরামর্শ দিচ্ছি। প্রয়োজনীয় পরীক্ষা-নিরীক্ষা করানো উচিত এবং রিপোর্ট অনুযায়ী চিকিৎসা শুরু করা যেতে পারে। এই সময়ে পর্যাপ্ত বিশ্রাম নিন, প্রচুর পানি পান করুন এবং স্বাস্থ্যকর খাবার খান। ডাক্তারের পরামর্শ ছাড়া কোনো ওষুধ সেবন করবেন না। যদি সমস্যা বাড়তে থাকে বা তীব্র হয়, তাহলে দেরি না করে দ্রুত ডাক্তারের শরণাপন্ন হন। আশা করি এই উত্তরটি আপনাকে সাহায্য করবে। আরও কোনো প্রশ্ন থাকলে নির্দ্বিধায় জিজ্ঞাসা করতে পারেন। ধন্যবাদ।"
29633,"হেলো, নাসেনিয়া ডকে আপনাকে স্বাগতম। আপনার অনুসন্ধানের জন্য ধন্যবাদ। আমি আপনার প্রশ্নটি দেখেছি এবং আপনার উদ্বেগ বুঝতে পেরেছি। আমি যথাসাধ্য আপনাকে সাহায্য করার চেষ্টা করব। আপনার বর্ণনা করা লক্ষণগুলো বিভিন্ন কারণে হতে পারে এবং এর সঠিক কারণ নির্ণয়ের জন্য একটি বিস্তারিত পরীক্ষা প্রয়োজন। তাই আমি আপনাকে একজন বিশেষজ্ঞ ডাক্তারের সাথে সরাসরি পরামর্শ করার পরামর্শ দিচ্ছি। প্রয়োজনীয় পরীক্ষা-নিরীক্ষা করানো উচিত এবং রিপোর্ট অনুযায়ী চিকিৎসা শুরু করা যেতে পারে। এই সময়ে পর্যাপ্ত বিশ্রাম নিন, প্রচুর পানি পান করুন এবং স্বাস্থ্যকর খাবার খান। ডাক্তারের পরামর্শ ছাড়া কোনো ওষুধ সেবন করবেন না। যদি সমস্যা বাড়তে থাকে বা তীব্র হয়, তাহলে দেরি না করে দ্রুত ডাক্তারের শরণাপন্ন হন। আশা করি এই উত্তরটি আপনাকে সাহায্য করবে। আরও কোনো প্রশ্ন থাকলে নির্দ্বিধায় জিজ্ঞাসা করতে পারেন। ধন্যবাদ।"
72298,"হেলো, নাসেনিয়া ডকে আপনাকে স্বাগতম। আপনার অনুসন্ধানের জন্য ধন্যবাদ। আমি আপনার প্রশ্নটি দেখেছি এবং আপনার উদ্বেগ বুঝতে পেরেছি। আমি যথাসাধ্য আপনাকে সাহায্য করার চেষ্টা করব। আপনার বর্ণনা করা লক্ষণগুলো বিভিন্ন কারণে হতে পারে এবং এর সঠিক কারণ নির্ণয়ের জন্য একটি বিস্তারিত পরীক্ষা প্রয়োজন। তাই আমি আপনাকে একজন বিশেষজ্ঞ ডাক্তারের সাথে সরাসরি পরামর্শ করার পরামর্শ দিচ্ছি। প্রয়োজনীয় পরীক্ষা-নিরীক্ষা করানো উচিত এবং রিপোর্ট অনুযায়ী চিকিৎসা শুরু করা যেতে পারে। এই সময়ে পর্যাপ্ত বিশ্রাম নিন, প্রচুর পানি পান করুন এবং স্বাস্থ্যকর খাবার খান। ডাক্তারের পরামর্শ ছাড়া কোনো ওষুধ সেবন করবেন না। যদি সমস্যা বাড়তে থাকে বা তীব্র হয়, তাহলে দেরি না করে দ্রুত ডাক্তারের শরণাপন্ন হন। আশা করি এই উত্তরটি আপনাকে সাহায্য করবে। আরও কোনো প্রশ্ন থাকলে নির্দ্বিধায় জিজ্ঞাসা করতে পারেন। ধন্যবাদ।"
26730,"হেলো, নাসেনিয়া ডকে আপনাকে স্বাগতম। আপনার অনুসন্ধানের জন্য ধন্যবাদ। আমি আপনার প্রশ্নটি দেখেছি এবং আপনার উদ্বেগ বুঝতে পেরেছি। আমি যথাসাধ্য আপনাকে সাহায্য করার চেষ্টা করব। আপনার বর্ণনা করা লক্ষণগুলো বিভিন্ন কারণে হতে পারে এবং এর সঠিক কারণ নির্ণয়ের জন্য একটি বিস্তারিত পরীক্ষা প্রয়োজন। তাই আমি আপনাকে একজন বিশেষজ্ঞ ডাক্তারের সাথে সরাসরি পরামর্শ করার পরামর্শ দিচ্ছি। প্রয়োজনীয় পরীক্ষা-নিরীক্ষা করানো উচিত এবং রিপোর্ট অনুযায়ী চিকিৎসা শুরু করা যেতে পারে। এই সময়ে পর্যাপ্ত বিশ্রাম নিন, প্রচুর পানি পান করুন এবং স্বাস্থ্যকর খাবার খান। ডাক্তারের পরামর্শ ছাড়া কোনো ওষুধ সেবন করবেন না। যদি সমস্যা বাড়তে থাকে বা তীব্র হয়, তাহলে দেরি না করে দ্রুত ডাক্তারের শরণাপন্ন হন। আশা করি এই উত্তরটি আপনাকে সাহায্য করবে। আরও কোনো প্রশ্ন থাকলে নির্দ্বিধায় জিজ্ঞাসা করতে পারেন। ধন্যবাদ।"
89112,"হেলো, নাসেনিয়া ডকে আপনাকে স্বাগতম। আপনার অনুসন্ধানের জন্য ধন্যবাদ। আমি আপনার প্রশ্নটি দেখেছি এবং আপনার উদ্বেগ বুঝতে পেরেছি। আমি যথাসাধ্য আপনাকে সাহায্য করার চেষ্টা করব। আপনার বর্ণনা করা লক্ষণগুলো বিভিন্ন কারণে হতে পারে এবং এর সঠিক কারণ নির্ণয়ের জন্য একটি বিস্তারিত পরীক্ষা প্রয়োজন। তাই আমি আপনাকে একজন বিশেষজ্ঞ ডাক্তারের সাথে সরাসরি পরামর্শ করার পরামর্শ দিচ্ছি। প্রয়োজনীয় পরীক্ষা-নিরীক্ষা করানো উচিত এবং রিপোর্ট অনুযায়ী চিকিৎসা শুরু করা যেতে পারে। এই সময়ে পর্যাপ্ত বিশ্রাম নিন, প্রচুর পানি পান করুন এবং স্বাস্থ্যকর খাবার খান। ডাক্তারের পরামর্শ ছাড়া কোনো ওষুধ সেবন করবেন না। যদি সমস্যা বাড়তে থাকে বা তীব্র হয়, তাহলে দেরি না করে দ্রুত ডাক্তারের শরণাপন্ন হন। আশা করি এই উত্তরটি আপনাকে সাহায্য করবে। আরও কোনো প্রশ্ন থাকলে নির্দ্বিধায় জিজ্ঞাসা করতে পারেন। ধন্যবাদ।"
31982,"হেলো, নাসেনিয়া ডকে আপনাকে স্বাগতম। আপনার অনুসন্ধানের জন্য ধন্যবাদ। আমি আপনার প্রশ্নটি দেখেছি এবং আপনার উদ্বেগ বুঝতে পেরেছি। আমি যথাসাধ্য আপনাকে সাহায্য করার চেষ্টা করব। আপনার বর্ণনা করা লক্ষণগুলো বিভিন্ন কারণে হতে পারে এবং এর সঠিক কারণ নির্ণয়ের জন্য একটি বিস্তারিত পরীক্ষা প্রয়োজন। তাই আমি আপনাকে একজন বিশেষজ্ঞ ডাক্তারের সাথে সরাসরি পরামর্শ করার পরামর্শ দিচ্ছি। প্রয়োজনীয় পরীক্ষা-নিরীক্ষা করানো উচিত এবং রিপোর্ট অনুযায়ী চিকিৎসা শুরু করা যেতে পারে। এই সময়ে পর্যাপ্ত বিশ্রাম নিন, প্রচুর পানি পান করুন এবং স্বাস্থ্যকর খাবার খান। ডাক্তারের পরামর্শ ছাড়া কোনো ওষুধ সেবন করবেন না। যদি সমস্যা বাড়তে থাকে বা তীব্র হয়, তাহলে দেরি না করে দ্রুত ডাক্তারের শরণাপন্ন হন। আশা করি এই উত্তরটি আপনাকে সাহায্য করবে। আরও কোনো প্রশ্ন থাকলে নির্দ্বিধায় জিজ্ঞাসা করতে পারেন। ধন্যবাদ।"
59231,"হেলো, নাসেনিয়া ডকে আপনাকে স্বাগতম। আপনার অনুসন্ধানের জন্য ধন্যবাদ। আমি আপনার প্রশ্নটি দেখেছি এবং আপনার উদ্বেগ বুঝতে পেরেছি। আমি যথাসাধ্য আপনাকে সাহায্য করার চেষ্টা করব। আপনার বর্ণনা করা লক্ষণগুলো বিভিন্ন কারণে হতে পারে এবং এর সঠিক কারণ নির্ণয়ের জন্য একটি বিস্তারিত পরীক্ষা প্রয়োজন। তাই আমি আপনাকে একজন বিশেষজ্ঞ ডাক্তারের সাথে সরাসরি পরামর্শ করার পরামর্শ দিচ্ছি। প্রয়োজনীয় পরীক্ষা-নিরীক্ষা করানো উচিত এবং রিপোর্ট অনুযায়ী চিকিৎসা শুরু করা যেতে পারে। এই সময়ে পর্যাপ্ত বিশ্রাম নিন, প্রচুর পানি পান করুন এবং স্বাস্থ্যকর খাবার খান। ডাক্তারের পরামর্শ ছাড়া কোনো ওষুধ সেবন করবেন না। যদি সমস্যা বাড়তে থাকে বা তীব্র হয়, তাহলে দেরি না করে দ্রুত ডাক্তারের শরণাপন্ন হন। আশা করি এই উত্তরটি আপনাকে সাহায্য করবে। আরও কোনো প্রশ্ন থাকলে নির্দ্বিধায় জিজ্ঞাসা করতে পারেন। ধন্যবাদ।"
98674,"হেলো, নাসেনিয়া ডকে আপনাকে স্বাগতম। আপনার অনুসন্ধানের জন্য ধন্যবাদ। আমি আপনার প্রশ্নটি দেখেছি এবং আপনার উদ্বেগ বুঝতে পেরেছি। আমি যথাসাধ্য আপনাকে সাহায্য করার চেষ্টা করব। আপনার বর্ণনা করা লক্ষণগুলো বিভিন্ন কারণে হতে পারে এবং এর সঠিক কারণ নির্ণয়ের জন্য একটি বিস্তারিত পরীক্ষা প্রয়োজন। তাই আমি আপনাকে একজন বিশেষজ্ঞ ডাক্তারের সাথে সরাসরি পরামর্শ করার পরামর্শ দিচ্ছি। প্রয়োজনীয় পরীক্ষা-নিরীক্ষা করানো উচিত এবং রিপোর্ট অনুযায়ী চিকিৎসা শুরু করা যেতে পারে। এই সময়ে পর্যাপ্ত বিশ্রাম নিন, প্রচুর পানি পান করুন এবং স্বাস্থ্যকর খাবার খান। ডাক্তারের পরামর্শ ছাড়া কোনো ওষুধ সেবন করবেন না। যদি সমস্যা বাড়তে থাকে বা তীব্র হয়, তাহলে দেরি না করে দ্রুত ডাক্তারের শরণাপন্ন হন। আশা করি এই উত্তরটি আপনাকে সাহায্য করবে। আরও কোনো প্রশ্ন থাকলে নির্দ্বিধায় জিজ্ঞাসা করতে পারেন। ধন্যবাদ।"
93487,"হেলো, নাসেনিয়া ডকে আপনাকে স্বাগতম। আপনার অনুসন্ধানের জন্য ধন্যবাদ। আমি আপনার প্রশ্নটি দেখেছি এবং আপনার উদ্বেগ বুঝতে পেরেছি। আমি যথাসাধ্য আপনাকে সাহায্য করার চেষ্টা করব। আপনার বর্ণনা করা লক্ষণগুলো বিভিন্ন কারণে হতে পারে এবং এর সঠিক কারণ নির্ণয়ের জন্য একটি বিস্তারিত পরীক্ষা প্রয়োজন। তাই আমি আপনাকে একজন বিশেষজ্ঞ ডাক্তারের সাথে সরাসরি পরামর্শ করার পরামর্শ দিচ্ছি। প্রয়োজনীয় পরীক্ষা-নিরীক্ষা করানো উচিত এবং রিপোর্ট অনুযায়ী চিকিৎসা শুরু করা যেতে পারে। এই সময়ে পর্যাপ্ত বিশ্রাম নিন, প্রচুর পানি পান করুন এবং স্বাস্থ্যকর খাবার খান। ডাক্তারের পরামর্শ ছাড়া কোনো ওষুধ সেবন করবেন না। যদি সমস্যা বাড়তে থাকে বা তীব্র হয়, তাহলে দেরি না করে দ্রুত ডাক্তারের শরণাপন্ন হন। আশা করি এই উত্তরটি আপনাকে সাহায্য করবে। আরও কোনো প্রশ্ন থাকলে নির্দ্বিধায় জিজ্ঞাসা করতে পারেন। ধন্যবাদ।"
79574,"হেলো, নাসেনিয়া ডকে আপনাকে স্বাগতম। আপনার অনুসন্ধানের জন্য ধন্যবাদ। আমি আপনার প্রশ্নটি দেখেছি এবং আপনার উদ্বেগ বুঝতে পেরেছি। আমি যথাসাধ্য আপনাকে সাহায্য করার চেষ্টা করব। আপনার বর্ণনা করা লক্ষণগুলো বিভিন্ন কারণে হতে পারে এবং এর সঠিক কারণ নির্ণয়ের জন্য একটি বিস্তারিত পরীক্ষা প্রয়োজন। তাই আমি আপনাকে একজন বিশেষজ্ঞ ডাক্তারের সাথে সরাসরি পরামর্শ করার পরামর্শ দিচ্ছি। প্রয়োজনীয় পরীক্ষা-নিরীক্ষা করানো উচিত এবং রিপোর্ট অনুযায়ী চিকিৎসা শুরু করা যেতে পারে। এই সময়ে পর্যাপ্ত বিশ্রাম নিন, প্রচুর পানি পান করুন এবং স্বাস্থ্যকর খাবার খান। ডাক্তারের পরামর্শ ছাড়া কোনো ওষুধ সেবন করবেন না। যদি সমস্যা বাড়তে থাকে বা তীব্র হয়, তাহলে দেরি না করে দ্রুত ডাক্তারের শরণাপন্ন হন। আশা করি এই উত্তরটি আপনাকে সাহায্য করবে। আরও কোনো প্রশ্ন থাকলে নির্দ্বিধায় জিজ্ঞাসা করতে পারেন। ধন্যবাদ।"
49072,"হেলো, নাসেনিয়া ডকে আপনাকে স্বাগতম। আপনার অনুসন্ধানের জন্য ধন্যবাদ। আমি আপনার প্রশ্নটি দেখেছি এবং আপনার উদ্বেগ বুঝতে পেরেছি। আমি যথাসাধ্য আপনাকে সাহায্য করার চেষ্টা করব। আপনার বর্ণনা করা লক্ষণগুলো বিভিন্ন কারণে হতে পারে এবং এর সঠিক কারণ নির্ণয়ের জন্য একটি বিস্তারিত পরীক্ষা প্রয়োজন। তাই আমি আপনাকে একজন বিশেষজ্ঞ ডাক্তারের সাথে সরাসরি পরামর্শ করার পরামর্শ দিচ্ছি। প্রয়োজনীয় পরীক্ষা-নিরীক্ষা করানো উচিত এবং রিপোর্ট অনুযায়ী চিকিৎসা শুরু করা যেতে পারে। এই সময়ে পর্যাপ্ত বিশ্রাম নিন, প্রচুর পানি পান করুন এবং স্বাস্থ্যকর খাবার খান। ডাক্তারের পরামর্শ ছাড়া কোনো ওষুধ সেবন করবেন না। যদি সমস্যা বাড়তে থাকে বা তীব্র হয়, তাহলে দেরি না করে দ্রুত ডাক্তারের শরণাপন্ন হন। আশা করি এই উত্তরটি আপনাকে সাহায্য করবে। আরও কোনো প্রশ্ন থাকলে নির্দ্বিধায় জিজ্ঞাসা করতে পারেন। ধন্যবাদ।"
69076,"হেলো, নাসেনিয়া ডকে আপনাকে স্বাগতম। আপনার অনুসন্ধানের জন্য ধন্যবাদ। আমি আপনার প্রশ্নটি দেখেছি এবং আপনার উদ্বেগ বুঝতে পেরেছি। আমি যথাসাধ্য আপনাকে সাহায্য করার চেষ্টা করব। আপনার বর্ণনা করা লক্ষণগুলো বিভিন্ন কারণে হতে পারে এবং এর সঠিক কারণ নির্ণয়ের জন্য একটি বিস্তারিত পরীক্ষা প্রয়োজন। তাই আমি আপনাকে একজন বিশেষজ্ঞ ডাক্তারের সাথে সরাসরি পরামর্শ করার পরামর্শ দিচ্ছি। প্রয়োজনীয় পরীক্ষা-নিরীক্ষা করানো উচিত এবং রিপোর্ট অনুযায়ী চিকিৎসা শুরু করা যেতে পারে। এই সময়ে পর্যাপ্ত বিশ্রাম নিন, প্রচুর পানি পান করুন এবং স্বাস্থ্যকর খাবার খান। ডাক্তারের পরামর্শ ছাড়া কোনো ওষুধ সেবন করবেন না। যদি সমস্যা বাড়তে থাকে বা তীব্র হয়, তাহলে দেরি না করে দ্রুত ডাক্তারের শরণাপন্ন হন। আশা করি এই উত্তরটি আপনাকে সাহায্য করবে। আরও কোনো প্রশ্ন থাকলে নির্দ্বিধায় জিজ্ঞাসা করতে পারেন। ধন্যবাদ।"
69209,"হেলো, নাসেনিয়া ডকে আপনাকে স্বাগতম। আপনার অনুসন্ধানের জন্য ধন্যবাদ। আমি আপনার প্রশ্নটি দেখেছি এবং আপনার উদ্বেগ বুঝতে পেরেছি। আমি যথাসাধ্য আপনাকে সাহায্য করার চেষ্টা করব। আপনার বর্ণনা করা লক্ষণগুলো বিভিন্ন কারণে হতে পারে এবং এর সঠিক কারণ নির্ণয়ের জন্য একটি বিস্তারিত পরীক্ষা প্রয়োজন। তাই আমি আপনাকে একজন বিশেষজ্ঞ ডাক্তারের সাথে সরাসরি পরামর্শ করার পরামর্শ দিচ্ছি। প্রয়োজনীয় পরীক্ষা-নিরীক্ষা করানো উচিত এবং রিপোর্ট অনুযায়ী চিকিৎসা শুরু করা যেতে পারে। এই সময়ে পর্যাপ্ত বিশ্রাম নিন, প্রচুর পানি পান করুন এবং স্বাস্থ্যকর খাবার খান। ডাক্তারের পরামর্শ ছাড়া কোনো ওষুধ সেবন করবেন না। যদি সমস্যা বাড়তে থাকে বা তীব্র হয়, তাহলে দেরি না করে দ্রুত ডাক্তারের শরণাপন্ন হন। আশা করি এই উত্তরটি আপনাকে সাহায্য করবে। আরও কোনো প্রশ্ন থাকলে নির্দ্বিধায় জিজ্ঞাসা করতে পারেন। ধন্যবাদ।"
21078,"হেলো, নাসেনিয়া ডকে আপনাকে স্বাগতম। আপনার অনুসন্ধানের জন্য ধন্যবাদ। আমি আপনার প্রশ্নটি দেখেছি এবং আপনার উদ্বেগ বুঝতে পেরেছি। আমি যথাসাধ্য আপনাকে সাহায্য করার চেষ্টা করব। আপনার বর্ণনা করা লক্ষণগুলো বিভিন্ন কারণে হতে পারে এবং এর সঠিক কারণ নির্ণয়ের জন্য একটি বিস্তারিত পরীক্ষা প্রয়োজন। তাই আমি আপনাকে একজন বিশেষজ্ঞ ডাক্তারের সাথে সরাসরি পরামর্শ করার পরামর্শ দিচ্ছি। প্রয়োজনীয় পরীক্ষা-নিরীক্ষা করানো উচিত এবং রিপোর্ট অনুযায়ী চিকিৎসা শুরু করা যেতে পারে। এই সময়ে পর্যাপ্ত বিশ্রাম নিন, প্রচুর পানি পান করুন এবং স্বাস্থ্যকর খাবার খান। ডাক্তারের পরামর্শ ছাড়া কোনো ওষুধ সেবন করবেন না। যদি সমস্যা বাড়তে থাকে বা তীব্র হয়, তাহলে দেরি না করে দ্রুত ডাক্তারের শরণাপন্ন হন। আশা করি এই উত্তরটি আপনাকে সাহায্য করবে। আরও কোনো প্রশ্ন থাকলে নির্দ্বিধায় জিজ্ঞাসা করতে পারেন। ধন্যবাদ।"
3825,"হেলো, নাসেনিয়া ডকে আপনাকে স্বাগতম। আপনার অনুসন্ধানের জন্য ধন্যবাদ। আমি আপনার প্রশ্নটি দেখেছি এবং আপনার উদ্বেগ বুঝতে পেরেছি। আমি যথাসাধ্য আপনাকে সাহায্য করার চেষ্টা করব। আপনার বর্ণনা করা লক্ষণগুলো বিভিন্ন কারণে হতে পারে এবং এর সঠিক কারণ নির্ণয়ের জন্য একটি বিস্তারিত পরীক্ষা প্রয়োজন। তাই আমি আপনাকে একজন বিশেষজ্ঞ ডাক্তারের সাথে সরাসরি পরামর্শ করার পরামর্শ দিচ্ছি। প্রয়োজনীয় পরীক্ষা-নিরীক্ষা করানো উচিত এবং রিপোর্ট অনুযায়ী চিকিৎসা শুরু করা যেতে পারে। এই সময়ে পর্যাপ্ত বিশ্রাম নিন, প্রচুর পানি পান করুন এবং স্বাস্থ্যকর খাবার খান। ডাক্তারের পরামর্শ ছাড়া কোনো ওষুধ সেবন করবেন না। যদি সমস্যা বাড়তে থাকে বা তীব্র হয়, তাহলে দেরি না করে দ্রুত ডাক্তারের শরণাপন্ন হন। আশা করি এই উত্তরটি আপনাকে সাহায্য করবে। আরও কোনো প্রশ্ন থাকলে নির্দ্বিধায় জিজ্ঞাসা করতে পারেন। ধন্যবাদ।"
74561,"হেলো, নাসেনিয়া ডকে আপনাকে স্বাগতম। আপনার অনুসন্ধানের জন্য ধন্যবাদ। আমি আপনার প্রশ্নটি দেখেছি এবং আপনার উদ্বেগ বুঝতে পেরেছি। আমি যথাসাধ্য আপনাকে সাহায্য করার চেষ্টা করব। আপনার বর্ণনা করা লক্ষণগুলো বিভিন্ন কারণে হতে পারে এবং এর সঠিক কারণ নির্ণয়ের জন্য একটি বিস্তারিত পরীক্ষা প্রয়োজন। তাই আমি আপনাকে একজন বিশেষজ্ঞ ডাক্তারের সাথে সরাসরি পরামর্শ করার পরামর্শ দিচ্ছি। প্রয়োজনীয় পরীক্ষা-নিরীক্ষা করানো উচিত এবং রিপোর্ট অনুযায়ী চিকিৎসা শুরু করা যেতে পারে। এই সময়ে পর্যাপ্ত বিশ্রাম নিন, প্রচুর পানি পান করুন এবং স্বাস্থ্যকর খাবার খান। ডাক্তারের পরামর্শ ছাড়া কোনো ওষুধ সেবন করবেন না। যদি সমস্যা বাড়তে থাকে বা তীব্র হয়, তাহলে দেরি না করে দ্রুত ডাক্তারের শরণাপন্ন হন। আশা করি এই উত্তরটি আপনাকে সাহায্য করবে। আরও কোনো প্রশ্ন থাকলে নির্দ্বিধায় জিজ্ঞাসা করতে পারেন। ধন্যবাদ।"
28647,"হেলো, নাসেনিয়া ডকে আপনাকে স্বাগতম। আপনার অনুসন্ধানের জন্য ধন্যবাদ। আমি আপনার প্রশ্নটি দেখেছি এবং আপনার উদ্বেগ বুঝতে পেরেছি। আমি যথাসাধ্য আপনাকে সাহায্য করার চেষ্টা করব। আপনার বর্ণনা করা লক্ষণগুলো বিভিন্ন কারণে হতে পারে এবং এর সঠিক কারণ নির্ণয়ের জন্য একটি বিস্তারিত পরীক্ষা প্রয়োজন। তাই আমি আপনাকে একজন বিশেষজ্ঞ ডাক্তারের সাথে সরাসরি পরামর্শ করার পরামর্শ দিচ্ছি। প্রয়োজনীয় পরীক্ষা-নিরীক্ষা করানো উচিত এবং রিপোর্ট অনুযায়ী চিকিৎসা শুরু করা যেতে পারে। এই সময়ে পর্যাপ্ত বিশ্রাম নিন, প্রচুর পানি পান করুন এবং স্বাস্থ্যকর খাবার খান। ডাক্তারের পরামর্শ ছাড়া কোনো ওষুধ সেবন করবেন না। যদি সমস্যা বাড়তে থাকে বা তীব্র হয়, তাহলে দেরি না করে দ্রুত ডাক্তারের শরণাপন্ন হন। আশা করি এই উত্তরটি আপনাকে সাহায্য করবে। আরও কোনো প্রশ্ন থাকলে নির্দ্বিধায় জিজ্ঞাসা করতে পারেন। ধন্যবাদ।"
102625,"হেলো, নাসেনিয়া ডকে আপনাকে স্বাগতম। আপনার অনুসন্ধানের জন্য ধন্যবাদ। আমি আপনার প্রশ্নটি দেখেছি এবং আপনার উদ্বেগ বুঝতে পেরেছি। আমি যথাসাধ্য আপনাকে সাহায্য করার চেষ্টা করব। আপনার বর্ণনা করা লক্ষণগুলো বিভিন্ন কারণে হতে পারে এবং এর সঠিক কারণ নির্ণয়ের জন্য একটি বিস্তারিত পরীক্ষা প্রয়োজন। তাই আমি আপনাকে একজন বিশেষজ্ঞ ডাক্তারের সাথে সরাসরি পরামর্শ করার পরামর্শ দিচ্ছি। প্রয়োজনীয় পরীক্ষা-নিরীক্ষা করানো উচিত এবং রিপোর্ট অনুযায়ী চিকিৎসা শুরু করা যেতে পারে। এই সময়ে পর্যাপ্ত বিশ্রাম নিন, প্রচুর পানি পান করুন এবং স্বাস্থ্যকর খাবার খান। ডাক্তারের পরামর্শ ছাড়া কোনো ওষুধ সেবন করবেন না। যদি সমস্যা বাড়তে থাকে বা তীব্র হয়, তাহলে দেরি না করে দ্রুত ডাক্তারের শরণাপন্ন হন। আশা করি এই উত্তরটি আপনাকে সাহায্য করবে। আরও কোনো প্রশ্ন থাকলে নির্দ্বিধায় জিজ্ঞাসা করতে পারেন। ধন্যবাদ।"
35686,"হেলো, নাসেনিয়া ডকে আপনাকে স্বাগতম। আপনার অনুসন্ধানের জন্য ধন্যবাদ। আমি আপনার প্রশ্নটি দেখেছি এবং আপনার উদ্বেগ বুঝতে পেরেছি। আমি যথাসাধ্য আপনাকে সাহায্য করার চেষ্টা করব। আপনার বর্ণনা করা লক্ষণগুলো বিভিন্ন কারণে হতে পারে এবং এর সঠিক কারণ নির্ণয়ের জন্য একটি বিস্তারিত পরীক্ষা প্রয়োজন। তাই আমি আপনাকে একজন বিশেষজ্ঞ ডাক্তারের সাথে সরাসরি পরামর্শ করার পরামর্শ দিচ্ছি। প্রয়োজনীয় পরীক্ষা-নিরীক্ষা করানো উচিত এবং রিপোর্ট অনুযায়ী চিকিৎসা শুরু করা যেতে পারে। এই সময়ে পর্যাপ্ত বিশ্রাম নিন, প্রচুর পানি পান করুন এবং স্বাস্থ্যকর খাবার খান। ডাক্তারের পরামর্শ ছাড়া কোনো ওষুধ সেবন করবেন না। যদি সমস্যা বাড়তে থাকে বা তীব্র হয়, তাহলে দেরি না করে দ্রুত ডাক্তারের শরণাপন্ন হন। আশা করি এই উত্তরটি আপনাকে সাহায্য করবে। আরও কোনো প্রশ্ন থাকলে নির্দ্বিধায় জিজ্ঞাসা করতে পারেন। ধন্যবাদ।"
5556,"হেলো, নাসেনিয়া ডকে আপনাকে স্বাগতম। আপনার অনুসন্ধানের জন্য ধন্যবাদ। আমি আপনার প্রশ্নটি দেখেছি এবং আপনার উদ্বেগ বুঝতে পেরেছি। আমি যথাসাধ্য আপনাকে সাহায্য করার চেষ্টা করব। আপনার বর্ণনা করা লক্ষণগুলো বিভিন্ন কারণে হতে পারে এবং এর সঠিক কারণ নির্ণয়ের জন্য একটি বিস্তারিত পরীক্ষা প্রয়োজন। তাই আমি আপনাকে একজন বিশেষজ্ঞ ডাক্তারের সাথে সরাসরি পরামর্শ করার পরামর্শ দিচ্ছি। প্রয়োজনীয় পরীক্ষা-নিরীক্ষা করানো উচিত এবং রিপোর্ট অনুযায়ী চিকিৎসা শুরু করা যেতে পারে। এই সময়ে পর্যাপ্ত বিশ্রাম নিন, প্রচুর পানি পান করুন এবং স্বাস্থ্যকর খাবার খান। ডাক্তারের পরামর্শ ছাড়া কোনো ওষুধ সেবন করবেন না। যদি সমস্যা বাড়তে থাকে বা তীব্র হয়, তাহলে দেরি না করে দ্রুত ডাক্তারের শরণাপন্ন হন। আশা করি এই উত্তরটি আপনাকে সাহায্য করবে। আরও কোনো প্রশ্ন থাকলে নির্দ্বিধায় জিজ্ঞাসা করতে পারেন। ধন্যবাদ।"
49380,"হেলো, নাসেনিয়া ডকে আপনাকে স্বাগতম। আপনার অনুসন্ধানের জন্য ধন্যবাদ। আমি আপনার প্রশ্নটি দেখেছি এবং আপনার উদ্বেগ বুঝতে পেরেছি। আমি যথাসাধ্য আপনাকে সাহায্য করার চেষ্টা করব। আপনার বর্ণনা করা লক্ষণগুলো বিভিন্ন কারণে হতে পারে এবং এর সঠিক কারণ নির্ণয়ের জন্য একটি বিস্তারিত পরীক্ষা প্রয়োজন। তাই আমি আপনাকে একজন বিশেষজ্ঞ ডাক্তারের সাথে সরাসরি পরামর্শ করার পরামর্শ দিচ্ছি। প্রয়োজনীয় পরীক্ষা-নিরীক্ষা করানো উচিত এবং রিপোর্ট অনুযায়ী চিকিৎসা শুরু করা যেতে পারে। এই সময়ে পর্যাপ্ত বিশ্রাম নিন, প্রচুর পানি পান করুন এবং স্বাস্থ্যকর খাবার খান। ডাক্তারের পরামর্শ ছাড়া কোনো ওষুধ সেবন করবেন না। যদি সমস্যা বাড়তে থাকে বা তীব্র হয়, তাহলে দেরি না করে দ্রুত ডাক্তারের শরণাপন্ন হন। আশা করি এই উত্তরটি আপনাকে সাহায্য করবে। আরও কোনো প্রশ্ন থাকলে নির্দ্বিধায় জিজ্ঞাসা করতে পারেন। ধন্যবাদ।"
46732,"হেলো, নাসেনিয়া ডকে আপনাকে স্বাগতম। আপনার অনুসন্ধানের জন্য ধন্যবাদ। আমি আপনার প্রশ্নটি দেখেছি এবং আপনার উদ্বেগ বুঝতে পেরেছি। আমি যথাসাধ্য আপনাকে সাহায্য করার চেষ্টা করব। আপনার বর্ণনা করা লক্ষণগুলো বিভিন্ন কারণে হতে পারে এবং এর সঠিক কারণ নির্ণয়ের জন্য একটি বিস্তারিত পরীক্ষা প্রয়োজন। তাই আমি আপনাকে একজন বিশেষজ্ঞ ডাক্তারের সাথে সরাসরি পরামর্শ করার পরামর্শ দিচ্ছি। প্রয়োজনীয় পরীক্ষা-নিরীক্ষা করানো উচিত এবং রিপোর্ট অনুযায়ী চিকিৎসা শুরু করা যেতে পারে। এই সময়ে পর্যাপ্ত বিশ্রাম নিন, প্রচুর পানি পান করুন এবং স্বাস্থ্যকর খাবার খান। ডাক্তারের পরামর্শ ছাড়া কোনো ওষুধ সেবন করবেন না। যদি সমস্যা বাড়তে থাকে বা তীব্র হয়, তাহলে দেরি না করে দ্রুত ডাক্তারের শরণাপন্ন হন। আশা করি এই উত্তরটি আপনাকে সাহায্য করবে। আরও কোনো প্রশ্ন থাকলে নির্দ্বিধায় জিজ্ঞাসা করতে পারেন। ধন্যবাদ।"
91071,"হেলো, নাসেনিয়া ডকে আপনাকে স্বাগতম। আপনার অনুসন্ধানের জন্য ধন্যবাদ। আমি আপনার প্রশ্নটি দেখেছি এবং আপনার উদ্বেগ বুঝতে পেরেছি। আমি যথাসাধ্য আপনাকে সাহায্য করার চেষ্টা করব। আপনার বর্ণনা করা লক্ষণগুলো বিভিন্ন কারণে হতে পারে এবং এর সঠিক কারণ নির্ণয়ের জন্য একটি বিস্তারিত পরীক্ষা প্রয়োজন। তাই আমি আপনাকে একজন বিশেষজ্ঞ ডাক্তারের সাথে সরাসরি পরামর্শ করার পরামর্শ দিচ্ছি। প্রয়োজনীয় পরীক্ষা-নিরীক্ষা করানো উচিত এবং রিপোর্ট অনুযায়ী চিকিৎসা শুরু করা যেতে পারে। এই সময়ে পর্যাপ্ত বিশ্রাম নিন, প্রচুর পানি পান করুন এবং স্বাস্থ্যকর খাবার খান। ডাক্তারের পরামর্শ ছাড়া কোনো ওষুধ সেবন করবেন না। যদি সমস্যা বাড়তে থাকে বা তীব্র হয়, তাহলে দেরি না করে দ্রুত ডাক্তারের শরণাপন্ন হন। আশা করি এই উত্তরটি আপনাকে সাহায্য করবে। আরও কোনো প্রশ্ন থাকলে নির্দ্বিধায় জিজ্ঞাসা করতে পারেন। ধন্যবাদ।"
82285,"হেলো, নাসেনিয়া ডকে আপনাকে স্বাগতম। আপনার অনুসন্ধানের জন্য ধন্যবাদ। আমি আপনার প্রশ্নটি দেখেছি এবং আপনার উদ্বেগ বুঝতে পেরেছি। আমি যথাসাধ্য আপনাকে সাহায্য করার চেষ্টা করব। আপনার বর্ণনা করা লক্ষণগুলো বিভিন্ন কারণে হতে পারে এবং এর সঠিক কারণ নির্ণয়ের জন্য একটি বিস্তারিত পরীক্ষা প্রয়োজন। তাই আমি আপনাকে একজন বিশেষজ্ঞ ডাক্তারের সাথে সরাসরি পরামর্শ করার পরামর্শ দিচ্ছি। প্রয়োজনীয় পরীক্ষা-নিরীক্ষা করানো উচিত এবং রিপোর্ট অনুযায়ী চিকিৎসা শুরু করা যেতে পারে। এই সময়ে পর্যাপ্ত বিশ্রাম নিন, প্রচুর পানি পান করুন এবং স্বাস্থ্যকর খাবার খান। ডাক্তারের পরামর্শ ছাড়া কোনো ওষুধ সেবন করবেন না। যদি সমস্যা বাড়তে থাকে বা তীব্র হয়, তাহলে দেরি না করে দ্রুত ডাক্তারের শরণাপন্ন হন। আশা করি এই উত্তরটি আপনাকে সাহায্য করবে। আরও কোনো প্রশ্ন থাকলে নির্দ্বিধায় জিজ্ঞাসা করতে পারেন। ধন্যবাদ।"
35842,"হেলো, নাসেনিয়া ডকে আপনাকে স্বাগতম। আপনার অনুসন্ধানের জন্য ধন্যবাদ। আমি আপনার প্রশ্নটি দেখেছি এবং আপনার উদ্বেগ বুঝতে পেরেছি। আমি যথাসাধ্য আপনাকে সাহায্য করার চেষ্টা করব। আপনার বর্ণনা করা লক্ষণগুলো বিভিন্ন কারণে হতে পারে এবং এর সঠিক কারণ নির্ণয়ের জন্য একটি বিস্তারিত পরীক্ষা প্রয়োজন। তাই আমি আপনাকে একজন বিশেষজ্ঞ ডাক্তারের সাথে সরাসরি পরামর্শ করার পরামর্শ দিচ্ছি। প্রয়োজনীয় পরীক্ষা-নিরীক্ষা করানো উচিত এবং রিপোর্ট অনুযায়ী চিকিৎসা শুরু করা যেতে পারে। এই সময়ে পর্যাপ্ত বিশ্রাম নিন, প্রচুর পানি পান করুন এবং স্বাস্থ্যকর খাবার খান। ডাক্তারের পরামর্শ ছাড়া কোনো ওষুধ সেবন করবেন না। যদি সমস্যা বাড়তে থাকে বা তীব্র হয়, তাহলে দেরি না করে দ্রুত ডাক্তারের শরণাপন্ন হন। আশা করি এই উত্তরটি আপনাকে সাহায্য করবে। আরও কোনো প্রশ্ন থাকলে নির্দ্বিধায় জিজ্ঞাসা করতে পারেন। ধন্যবাদ।"
42730,"হেলো, নাসেনিয়া ডকে আপনাকে স্বাগতম। আপনার অনুসন্ধানের জন্য ধন্যবাদ। আমি আপনার প্রশ্নটি দেখেছি এবং আপনার উদ্বেগ বুঝতে পেরেছি। আমি যথাসাধ্য আপনাকে সাহায্য করার চেষ্টা করব। আপনার বর্ণনা করা লক্ষণগুলো বিভিন্ন কারণে হতে পারে এবং এর সঠিক কারণ নির্ণয়ের জন্য একটি বিস্তারিত পরীক্ষা প্রয়োজন। তাই আমি আপনাকে একজন বিশেষজ্ঞ ডাক্তারের সাথে সরাসরি পরামর্শ করার পরামর্শ দিচ্ছি। প্রয়োজনীয় পরীক্ষা-নিরীক্ষা করানো উচিত এবং রিপোর্ট অনুযায়ী চিকিৎসা শুরু করা যেতে পারে। এই সময়ে পর্যাপ্ত বিশ্রাম নিন, প্রচুর পানি পান করুন এবং স্বাস্থ্যকর খাবার খান। ডাক্তারের পরামর্শ ছাড়া কোনো ওষুধ সেবন করবেন না। যদি সমস্যা বাড়তে থাকে বা তীব্র হয়, তাহলে দেরি না করে দ্রুত ডাক্তারের শরণাপন্ন হন। আশা করি এই উত্তরটি আপনাকে সাহায্য করবে। আরও কোনো প্রশ্ন থাকলে নির্দ্বিধায় জিজ্ঞাসা করতে পারেন। ধন্যবাদ।"
43888,"হেলো, নাসেনিয়া ডকে আপনাকে স্বাগতম। আপনার অনুসন্ধানের জন্য ধন্যবাদ। আমি আপনার প্রশ্নটি দেখেছি এবং আপনার উদ্বেগ বুঝতে পেরেছি। আমি যথাসাধ্য আপনাকে সাহায্য করার চেষ্টা করব। আপনার বর্ণনা করা লক্ষণগুলো বিভিন্ন কারণে হতে পারে এবং এর সঠিক কারণ নির্ণয়ের জন্য একটি বিস্তারিত পরীক্ষা প্রয়োজন। তাই আমি আপনাকে একজন বিশেষজ্ঞ ডাক্তারের সাথে সরাসরি পরামর্শ করার পরামর্শ দিচ্ছি। প্রয়োজনীয় পরীক্ষা-নিরীক্ষা করানো উচিত এবং রিপোর্ট অনুযায়ী চিকিৎসা শুরু করা যেতে পারে। এই সময়ে পর্যাপ্ত বিশ্রাম নিন, প্রচুর পানি পান করুন এবং স্বাস্থ্যকর খাবার খান। ডাক্তারের পরামর্শ ছাড়া কোনো ওষুধ সেবন করবেন না। যদি সমস্যা বাড়তে থাকে বা তীব্র হয়, তাহলে দেরি না করে দ্রুত ডাক্তারের শরণাপন্ন হন। আশা করি এই উত্তরটি আপনাকে সাহায্য করবে। আরও কোনো প্রশ্ন থাকলে নির্দ্বিধায় জিজ্ঞাসা করতে পারেন। ধন্যবাদ।"
27843,"হেলো, নাসেনিয়া ডকে আপনাকে স্বাগতম। আপনার অনুসন্ধানের জন্য ধন্যবাদ। আমি আপনার প্রশ্নটি দেখেছি এবং আপনার উদ্বেগ বুঝতে পেরেছি। আমি যথাসাধ্য আপনাকে সাহায্য করার চেষ্টা করব। আপনার বর্ণনা করা লক্ষণগুলো বিভিন্ন কারণে হতে পারে এবং এর সঠিক কারণ নির্ণয়ের জন্য একটি বিস্তারিত পরীক্ষা প্রয়োজন। তাই আমি আপনাকে একজন বিশেষজ্ঞ ডাক্তারের সাথে সরাসরি পরামর্শ করার পরামর্শ দিচ্ছি। প্রয়োজনীয় পরীক্ষা-নিরীক্ষা করানো উচিত এবং রিপোর্ট অনুযায়ী চিকিৎসা শুরু করা যেতে পারে। এই সময়ে পর্যাপ্ত বিশ্রাম নিন, প্রচুর পানি পান করুন এবং স্বাস্থ্যকর খাবার খান। ডাক্তারের পরামর্শ ছাড়া কোনো ওষুধ সেবন করবেন না। যদি সমস্যা বাড়তে থাকে বা তীব্র হয়, তাহলে দেরি না করে দ্রুত ডাক্তারের শরণাপন্ন হন। আশা করি এই উত্তরটি আপনাকে সাহায্য করবে। আরও কোনো প্রশ্ন থাকলে নির্দ্বিধায় জিজ্ঞাসা করতে পারেন। ধন্যবাদ।"
43600,"হেলো, নাসেনিয়া ডকে আপনাকে স্বাগতম। আপনার অনুসন্ধানের জন্য ধন্যবাদ। আমি আপনার প্রশ্নটি দেখেছি এবং আপনার উদ্বেগ বুঝতে পেরেছি। আমি যথাসাধ্য আপনাকে সাহায্য করার চেষ্টা করব। আপনার বর্ণনা করা লক্ষণগুলো বিভিন্ন কারণে হতে পারে এবং এর সঠিক কারণ নির্ণয়ের জন্য একটি বিস্তারিত পরীক্ষা প্রয়োজন। তাই আমি আপনাকে একজন বিশেষজ্ঞ ডাক্তারের সাথে সরাসরি পরামর্শ করার পরামর্শ দিচ্ছি। প্রয়োজনীয় পরীক্ষা-নিরীক্ষা করানো উচিত এবং রিপোর্ট অনুযায়ী চিকিৎসা শুরু করা যেতে পারে। এই সময়ে পর্যাপ্ত বিশ্রাম নিন, প্রচুর পানি পান করুন এবং স্বাস্থ্যকর খাবার খান। ডাক্তারের পরামর্শ ছাড়া কোনো ওষুধ সেবন করবেন না। যদি সমস্যা বাড়তে থাকে বা তীব্র হয়, তাহলে দেরি না করে দ্রুত ডাক্তারের শরণাপন্ন হন। আশা করি এই উত্তরটি আপনাকে সাহায্য করবে। আরও কোনো প্রশ্ন থাকলে নির্দ্বিধায় জিজ্ঞাসা করতে পারেন। ধন্যবাদ।"
104256,"হেলো, নাসেনিয়া ডকে আপনাকে স্বাগতম। আপনার অনুসন্ধানের জন্য ধন্যবাদ। আমি আপনার প্রশ্নটি দেখেছি এবং আপনার উদ্বেগ বুঝতে পেরেছি। আমি যথাসাধ্য আপনাকে সাহায্য করার চেষ্টা করব। আপনার বর্ণনা করা লক্ষণগুলো বিভিন্ন কারণে হতে পারে এবং এর সঠিক কারণ নির্ণয়ের জন্য একটি বিস্তারিত পরীক্ষা প্রয়োজন। তাই আমি আপনাকে একজন বিশেষজ্ঞ ডাক্তারের সাথে সরাসরি পরামর্শ করার পরামর্শ দিচ্ছি। প্রয়োজনীয় পরীক্ষা-নিরীক্ষা করানো উচিত এবং রিপোর্ট অনুযায়ী চিকিৎসা শুরু করা যেতে পারে। এই সময়ে পর্যাপ্ত বিশ্রাম নিন, প্রচুর পানি পান করুন এবং স্বাস্থ্যকর খাবার খান। ডাক্তারের পরামর্শ ছাড়া কোনো ওষুধ সেবন করবেন না। যদি সমস্যা বাড়তে থাকে বা তীব্র হয়, তাহলে দেরি না করে দ্রুত ডাক্তারের শরণাপন্ন হন। আশা করি এই উত্তরটি আপনাকে সাহায্য করবে। আরও কোনো প্রশ্ন থাকলে নির্দ্বিধায় জিজ্ঞাসা করতে পারেন। ধন্যবাদ।"
68773,"হেলো, নাসেনিয়া ডকে আপনাকে স্বাগতম। আপনার অনুসন্ধানের জন্য ধন্যবাদ। আমি আপনার প্রশ্নটি দেখেছি এবং আপনার উদ্বেগ বুঝতে পেরেছি। আমি যথাসাধ্য আপনাকে সাহায্য করার চেষ্টা করব। আপনার বর্ণনা করা লক্ষণগুলো বিভিন্ন কারণে হতে পারে এবং এর সঠিক কারণ নির্ণয়ের জন্য একটি বিস্তারিত পরীক্ষা প্রয়োজন। তাই আমি আপনাকে একজন বিশেষজ্ঞ ডাক্তারের সাথে সরাসরি পরামর্শ করার পরামর্শ দিচ্ছি। প্রয়োজনীয় পরীক্ষা-নিরীক্ষা করানো উচিত এবং রিপোর্ট অনুযায়ী চিকিৎসা শুরু করা যেতে পারে। এই সময়ে পর্যাপ্ত বিশ্রাম নিন, প্রচুর পানি পান করুন এবং স্বাস্থ্যকর খাবার খান। ডাক্তারের পরামর্শ ছাড়া কোনো ওষুধ সেবন করবেন না। যদি সমস্যা বাড়তে থাকে বা তীব্র হয়, তাহলে দেরি না করে দ্রুত ডাক্তারের শরণাপন্ন হন। আশা করি এই উত্তরটি আপনাকে সাহায্য করবে। আরও কোনো প্রশ্ন থাকলে নির্দ্বিধায় জিজ্ঞাসা করতে পারেন। ধন্যবাদ।"
3419,"হেলো, নাসেনিয়া ডকে আপনাকে স্বাগতম। আপনার অনুসন্ধানের জন্য ধন্যবাদ। আমি আপনার প্রশ্নটি দেখেছি এবং আপনার উদ্বেগ বুঝতে পেরেছি। আমি যথাসাধ্য আপনাকে সাহায্য করার চেষ্টা করব। আপনার বর্ণনা করা লক্ষণগুলো বিভিন্ন কারণে হতে পারে এবং এর সঠিক কারণ নির্ণয়ের জন্য একটি বিস্তারিত পরীক্ষা প্রয়োজন। তাই আমি আপনাকে একজন বিশেষজ্ঞ ডাক্তারের সাথে সরাসরি পরামর্শ করার পরামর্শ দিচ্ছি। প্রয়োজনীয় পরীক্ষা-নিরীক্ষা করানো উচিত এবং রিপোর্ট অনুযায়ী চিকিৎসা শুরু করা যেতে পারে। এই সময়ে পর্যাপ্ত বিশ্রাম নিন, প্রচুর পানি পান করুন এবং স্বাস্থ্যকর খাবার খান। ডাক্তারের পরামর্শ ছাড়া কোনো ওষুধ সেবন করবেন না। যদি সমস্যা বাড়তে থাকে বা তীব্র হয়, তাহলে দেরি না করে দ্রুত ডাক্তারের শরণাপন্ন হন। আশা করি এই উত্তরটি আপনাকে সাহায্য করবে। আরও কোনো প্রশ্ন থাকলে নির্দ্বিধায় জিজ্ঞাসা করতে পারেন। ধন্যবাদ।"
31978,"হেলো, নাসেনিয়া ডকে আপনাকে স্বাগতম। আপনার অনুসন্ধানের জন্য ধন্যবাদ। আমি আপনার প্রশ্নটি দেখেছি এবং আপনার উদ্বেগ বুঝতে পেরেছি। আমি যথাসাধ্য আপনাকে সাহায্য করার চেষ্টা করব। আপনার বর্ণনা করা লক্ষণগুলো বিভিন্ন কারণে হতে পারে এবং এর সঠিক কারণ নির্ণয়ের জন্য একটি বিস্তারিত পরীক্ষা প্রয়োজন। তাই আমি আপনাকে একজন বিশেষজ্ঞ ডাক্তারের সাথে সরাসরি পরামর্শ করার পরামর্শ দিচ্ছি। প্রয়োজনীয় পরীক্ষা-নিরীক্ষা করানো উচিত এবং রিপোর্ট অনুযায়ী চিকিৎসা শুরু করা যেতে পারে। এই সময়ে পর্যাপ্ত বিশ্রাম নিন, প্রচুর পানি পান করুন এবং স্বাস্থ্যকর খাবার খান। ডাক্তারের পরামর্শ ছাড়া কোনো ওষুধ সেবন করবেন না। যদি সমস্যা বাড়তে থাকে বা তীব্র হয়, তাহলে দেরি না করে দ্রুত ডাক্তারের শরণাপন্ন হন। আশা করি এই উত্তরটি আপনাকে সাহায্য করবে। আরও কোনো প্রশ্ন থাকলে নির্দ্বিধায় জিজ্ঞাসা করতে পারেন। ধন্যবাদ।"
84226,"হেলো, নাসেনিয়া ডকে আপনাকে স্বাগতম। আপনার অনুসন্ধানের জন্য ধন্যবাদ। আমি আপনার প্রশ্নটি দেখেছি এবং আপনার উদ্বেগ বুঝতে পেরেছি। আমি যথাসাধ্য আপনাকে সাহায্য করার চেষ্টা করব। আপনার বর্ণনা করা লক্ষণগুলো বিভিন্ন কারণে হতে পারে এবং এর সঠিক কারণ নির্ণয়ের জন্য একটি বিস্তারিত পরীক্ষা প্রয়োজন। তাই আমি আপনাকে একজন বিশেষজ্ঞ ডাক্তারের সাথে সরাসরি পরামর্শ করার পরামর্শ দিচ্ছি। প্রয়োজনীয় পরীক্ষা-নিরীক্ষা করানো উচিত এবং রিপোর্ট অনুযায়ী চিকিৎসা শুরু করা যেতে পারে। এই সময়ে পর্যাপ্ত বিশ্রাম নিন, প্রচুর পানি পান করুন এবং স্বাস্থ্যকর খাবার খান। ডাক্তারের পরামর্শ ছাড়া কোনো ওষুধ সেবন করবেন না। যদি সমস্যা বাড়তে থাকে বা তীব্র হয়, তাহলে দেরি না করে দ্রুত ডাক্তারের শরণাপন্ন হন। আশা করি এই উত্তরটি আপনাকে সাহায্য করবে। আরও কোনো প্রশ্ন থাকলে নির্দ্বিধায় জিজ্ঞাসা করতে পারেন। ধন্যবাদ।"
13730,"হেলো, নাসেনিয়া ডকে আপনাকে স্বাগতম। আপনার অনুসন্ধানের জন্য ধন্যবাদ। আমি আপনার প্রশ্নটি দেখেছি এবং আপনার উদ্বেগ বুঝতে পেরেছি। আমি যথাসাধ্য আপনাকে সাহায্য করার চেষ্টা করব। আপনার বর্ণনা করা লক্ষণগুলো বিভিন্ন কারণে হতে পারে এবং এর সঠিক কারণ নির্ণয়ের জন্য একটি বিস্তারিত পরীক্ষা প্রয়োজন। তাই আমি আপনাকে একজন বিশেষজ্ঞ ডাক্তারের সাথে সরাসরি পরামর্শ করার পরামর্শ দিচ্ছি। প্রয়োজনীয় পরীক্ষা-নিরীক্ষা করানো উচিত এবং রিপোর্ট অনুযায়ী চিকিৎসা শুরু করা যেতে পারে। এই সময়ে পর্যাপ্ত বিশ্রাম নিন, প্রচুর পানি পান করুন এবং স্বাস্থ্যকর খাবার খান। ডাক্তারের পরামর্শ ছাড়া কোনো ওষুধ সেবন করবেন না। যদি সমস্যা বাড়তে থাকে বা তীব্র হয়, তাহলে দেরি না করে দ্রুত ডাক্তারের শরণাপন্ন হন। আশা করি এই উত্তরটি আপনাকে সাহায্য করবে। আরও কোনো প্রশ্ন থাকলে নির্দ্বিধায় জিজ্ঞাসা করতে পারেন। ধন্যবাদ।"
12549,"হেলো, নাসেনিয়া ডকে আপনাকে স্বাগতম। আপনার অনুসন্ধানের জন্য ধন্যবাদ। আমি আপনার প্রশ্নটি দেখেছি এবং আপনার উদ্বেগ বুঝতে পেরেছি। আমি যথাসাধ্য আপনাকে সাহায্য করার চেষ্টা করব। আপনার বর্ণনা করা লক্ষণগুলো বিভিন্ন কারণে হতে পারে এবং এর সঠিক কারণ নির্ণয়ের জন্য একটি বিস্তারিত পরীক্ষা প্রয়োজন। তাই আমি আপনাকে একজন বিশেষজ্ঞ ডাক্তারের সাথে সরাসরি পরামর্শ করার পরামর্শ দিচ্ছি। প্রয়োজনীয় পরীক্ষা-নিরীক্ষা করানো উচিত এবং রিপোর্ট অনুযায়ী চিকিৎসা শুরু করা যেতে পারে। এই সময়ে পর্যাপ্ত বিশ্রাম নিন, প্রচুর পানি পান করুন এবং স্বাস্থ্যকর খাবার খান। ডাক্তারের পরামর্শ ছাড়া কোনো ওষুধ সেবন করবেন না। যদি সমস্যা বাড়তে থাকে বা তীব্র হয়, তাহলে দেরি না করে দ্রুত ডাক্তারের শরণাপন্ন হন। আশা করি এই উত্তরটি আপনাকে সাহায্য করবে। আরও কোনো প্রশ্ন থাকলে নির্দ্বিধায় জিজ্ঞাসা করতে পারেন। ধন্যবাদ।"
31803,"হেলো, নাসেনিয়া ডকে আপনাকে স্বাগতম। আপনার অনুসন্ধানের জন্য ধন্যবাদ। আমি আপনার প্রশ্নটি দেখেছি এবং আপনার উদ্বেগ বুঝতে পেরেছি। আমি যথাসাধ্য আপনাকে সাহায্য করার চেষ্টা করব। আপনার বর্ণনা করা লক্ষণগুলো বিভিন্ন কারণে হতে পারে এবং এর সঠিক কারণ নির্ণয়ের জন্য একটি বিস্তারিত পরীক্ষা প্রয়োজন। তাই আমি আপনাকে একজন বিশেষজ্ঞ ডাক্তারের সাথে সরাসরি পরামর্শ করার পরামর্শ দিচ্ছি। প্রয়োজনীয় পরীক্ষা-নিরীক্ষা করানো উচিত এবং রিপোর্ট অনুযায়ী চিকিৎসা শুরু করা যেতে পারে। এই সময়ে পর্যাপ্ত বিশ্রাম নিন, প্রচুর পানি পান করুন এবং স্বাস্থ্যকর খাবার খান। ডাক্তারের পরামর্শ ছাড়া কোনো ওষুধ সেবন করবেন না। যদি সমস্যা বাড়তে থাকে বা তীব্র হয়, তাহলে দেরি না করে দ্রুত ডাক্তারের শরণাপন্ন হন। আশা করি এই উত্তরটি আপনাকে সাহায্য করবে। আরও কোনো প্রশ্ন থাকলে নির্দ্বিধায় জিজ্ঞাসা করতে পারেন। ধন্যবাদ।"
73084,"হেলো, নাসেনিয়া ডকে আপনাকে স্বাগতম। আপনার অনুসন্ধানের জন্য ধন্যবাদ। আমি আপনার প্রশ্নটি দেখেছি এবং আপনার উদ্বেগ বুঝতে পেরেছি। আমি যথাসাধ্য আপনাকে সাহায্য করার চেষ্টা করব। আপনার বর্ণনা করা লক্ষণগুলো বিভিন্ন কারণে হতে পারে এবং এর সঠিক কারণ নির্ণয়ের জন্য একটি বিস্তারিত পরীক্ষা প্রয়োজন। তাই আমি আপনাকে একজন বিশেষজ্ঞ ডাক্তারের সাথে সরাসরি পরামর্শ করার পরামর্শ দিচ্ছি। প্রয়োজনীয় পরীক্ষা-নিরীক্ষা করানো উচিত এবং রিপোর্ট অনুযায়ী চিকিৎসা শুরু করা যেতে পারে। এই সময়ে পর্যাপ্ত বিশ্রাম নিন, প্রচুর পানি পান করুন এবং স্বাস্থ্যকর খাবার খান। ডাক্তারের পরামর্শ ছাড়া কোনো ওষুধ সেবন করবেন না। যদি সমস্যা বাড়তে থাকে বা তীব্র হয়, তাহলে দেরি না করে দ্রুত ডাক্তারের শরণাপন্ন হন। আশা করি এই উত্তরটি আপনাকে সাহায্য করবে। আরও কোনো প্রশ্ন থাকলে নির্দ্বিধায় জিজ্ঞাসা করতে পারেন। ধন্যবাদ।"
72254,"হেলো, নাসেনিয়া ডকে আপনাকে স্বাগতম। আপনার অনুসন্ধানের জন্য ধন্যবাদ। আমি আপনার প্রশ্নটি দেখেছি এবং আপনার উদ্বেগ বুঝতে পেরেছি। আমি যথাসাধ্য আপনাকে সাহায্য করার চেষ্টা করব। আপনার বর্ণনা করা লক্ষণগুলো বিভিন্ন কারণে হতে পারে এবং এর সঠিক কারণ নির্ণয়ের জন্য একটি বিস্তারিত পরীক্ষা প্রয়োজন। তাই আমি আপনাকে একজন বিশেষজ্ঞ ডাক্তারের সাথে সরাসরি পরামর্শ করার পরামর্শ দিচ্ছি। প্রয়োজনীয় পরীক্ষা-নিরীক্ষা করানো উচিত এবং রিপোর্ট অনুযায়ী চিকিৎসা শুরু করা যেতে পারে। এই সময়ে পর্যাপ্ত বিশ্রাম নিন, প্রচুর পানি পান করুন এবং স্বাস্থ্যকর খাবার খান। ডাক্তারের পরামর্শ ছাড়া কোনো ওষুধ সেবন করবেন না। যদি সমস্যা বাড়তে থাকে বা তীব্র হয়, তাহলে দেরি না করে দ্রুত ডাক্তারের শরণাপন্ন হন। আশা করি এই উত্তরটি আপনাকে সাহায্য করবে। আরও কোনো প্রশ্ন থাকলে নির্দ্বিধায় জিজ্ঞাসা করতে পারেন। ধন্যবাদ।"
98077,"হেলো, নাসেনিয়া ডকে আপনাকে স্বাগতম। আপনার অনুসন্ধানের জন্য ধন্যবাদ। আমি আপনার প্রশ্নটি দেখেছি এবং আপনার উদ্বেগ বুঝতে পেরেছি। আমি যথাসাধ্য আপনাকে সাহায্য করার চেষ্টা করব। আপনার বর্ণনা করা লক্ষণগুলো বিভিন্ন কারণে হতে পারে এবং এর সঠিক কারণ নির্ণয়ের জন্য একটি বিস্তারিত পরীক্ষা প্রয়োজন। তাই আমি আপনাকে একজন বিশেষজ্ঞ ডাক্তারের সাথে সরাসরি পরামর্শ করার পরামর্শ দিচ্ছি। প্রয়োজনীয় পরীক্ষা-নিরীক্ষা করানো উচিত এবং রিপোর্ট অনুযায়ী চিকিৎসা শুরু করা যেতে পারে। এই সময়ে পর্যাপ্ত বিশ্রাম নিন, প্রচুর পানি পান করুন এবং স্বাস্থ্যকর খাবার খান। ডাক্তারের পরামর্শ ছাড়া কোনো ওষুধ সেবন করবেন না। যদি সমস্যা বাড়তে থাকে বা তীব্র হয়, তাহলে দেরি না করে দ্রুত ডাক্তারের শরণাপন্ন হন। আশা করি এই উত্তরটি আপনাকে সাহায্য করবে। আরও কোনো প্রশ্ন থাকলে নির্দ্বিধায় জিজ্ঞাসা করতে পারেন। ধন্যবাদ।"
96905,"হেলো, নাসেনিয়া ডকে আপনাকে স্বাগতম। আপনার অনুসন্ধানের জন্য ধন্যবাদ। আমি আপনার প্রশ্নটি দেখেছি এবং আপনার উদ্বেগ বুঝতে পেরেছি। আমি যথাসাধ্য আপনাকে সাহায্য করার চেষ্টা করব। আপনার বর্ণনা করা লক্ষণগুলো বিভিন্ন কারণে হতে পারে এবং এর সঠিক কারণ নির্ণয়ের জন্য একটি বিস্তারিত পরীক্ষা প্রয়োজন। তাই আমি আপনাকে একজন বিশেষজ্ঞ ডাক্তারের সাথে সরাসরি পরামর্শ করার পরামর্শ দিচ্ছি। প্রয়োজনীয় পরীক্ষা-নিরীক্ষা করানো উচিত এবং রিপোর্ট অনুযায়ী চিকিৎসা শুরু করা যেতে পারে। এই সময়ে পর্যাপ্ত বিশ্রাম নিন, প্রচুর পানি পান করুন এবং স্বাস্থ্যকর খাবার খান। ডাক্তারের পরামর্শ ছাড়া কোনো ওষুধ সেবন করবেন না। যদি সমস্যা বাড়তে থাকে বা তীব্র হয়, তাহলে দেরি না করে দ্রুত ডাক্তারের শরণাপন্ন হন। আশা করি এই উত্তরটি আপনাকে সাহায্য করবে। আরও কোনো প্রশ্ন থাকলে নির্দ্বিধায় জিজ্ঞাসা করতে পারেন। ধন্যবাদ।"
107470,"হেলো, নাসেনিয়া ডকে আপনাকে স্বাগতম। আপনার অনুসন্ধানের জন্য ধন্যবাদ। আমি আপনার প্রশ্নটি দেখেছি এবং আপনার উদ্বেগ বুঝতে পেরেছি। আমি যথাসাধ্য আপনাকে সাহায্য করার চেষ্টা করব। আপনার বর্ণনা করা লক্ষণগুলো বিভিন্ন কারণে হতে পারে এবং এর সঠিক কারণ নির্ণয়ের জন্য একটি বিস্তারিত পরীক্ষা প্রয়োজন। তাই আমি আপনাকে একজন বিশেষজ্ঞ ডাক্তারের সাথে সরাসরি পরামর্শ করার পরামর্শ দিচ্ছি। প্রয়োজনীয় পরীক্ষা-নিরীক্ষা করানো উচিত এবং রিপোর্ট অনুযায়ী চিকিৎসা শুরু করা যেতে পারে। এই সময়ে পর্যাপ্ত বিশ্রাম নিন, প্রচুর পানি পান করুন এবং স্বাস্থ্যকর খাবার খান। ডাক্তারের পরামর্শ ছাড়া কোনো ওষুধ সেবন করবেন না। যদি সমস্যা বাড়তে থাকে বা তীব্র হয়, তাহলে দেরি না করে দ্রুত ডাক্তারের শরণাপন্ন হন। আশা করি এই উত্তরটি আপনাকে সাহায্য করবে। আরও কোনো প্রশ্ন থাকলে নির্দ্বিধায় জিজ্ঞাসা করতে পারেন। ধন্যবাদ।"
82760,"হেলো, নাসেনিয়া ডকে আপনাকে স্বাগতম। আপনার অনুসন্ধানের জন্য ধন্যবাদ। আমি আপনার প্রশ্নটি দেখেছি এবং আপনার উদ্বেগ বুঝতে পেরেছি। আমি যথাসাধ্য আপনাকে সাহায্য করার চেষ্টা করব। আপনার বর্ণনা করা লক্ষণগুলো বিভিন্ন কারণে হতে পারে এবং এর সঠিক কারণ নির্ণয়ের জন্য একটি বিস্তারিত পরীক্ষা প্রয়োজন। তাই আমি আপনাকে একজন বিশেষজ্ঞ ডাক্তারের সাথে সরাসরি পরামর্শ করার পরামর্শ দিচ্ছি। প্রয়োজনীয় পরীক্ষা-নিরীক্ষা করানো উচিত এবং রিপোর্ট অনুযায়ী চিকিৎসা শুরু করা যেতে পারে। এই সময়ে পর্যাপ্ত বিশ্রাম নিন, প্রচুর পানি পান করুন এবং স্বাস্থ্যকর খাবার খান। ডাক্তারের পরামর্শ ছাড়া কোনো ওষুধ সেবন করবেন না। যদি সমস্যা বাড়তে থাকে বা তীব্র হয়, তাহলে দেরি না করে দ্রুত ডাক্তারের শরণাপন্ন হন। আশা করি এই উত্তরটি আপনাকে সাহায্য করবে। আরও কোনো প্রশ্ন থাকলে নির্দ্বিধায় জিজ্ঞাসা করতে পারেন। ধন্যবাদ।"
