id,output
34654,"হেলো, ডেইরি, আমি আপনার প্রশ্নটি দেখেছি। আমি আপনার উদ্বেগ বুঝতে পারছি। স্বাভাবিক অ্যামাইলেজ লেভেলের সাথে আপনার লাইপেজ লেভেল বেশি। তবে গত ১১ বছর ধরে পেটে ব্যথা বা অন্য কোনো উপসর্গ ছাড়াই এটি এভাবেই চলছে। তাই এনজাইমের মাত্রা নিয়ে চিন্তার কিছু নেই। গম, রাই, বার্লি এবং আপনার অ্যালার্জি আছে এমন অন্যান্য দুগ্ধজাত খাবার এড়িয়ে চলুন। এই মুহূর্তে অন্য কোনো চিকিৎসার প্রয়োজন নেই। শুধু নিশ্চিন্ত থাকুন। আশা করি আমি আপনার প্রশ্নের উত্তর দিতে পেরেছি, যদি আপনার কোনো সন্দেহ থাকে তবে আমি উত্তর দিতে পেরে খুশি হব। নাসেনিয়া ডক ব্যবহার করার জন্য ধন্যবাদ। আপনার সুস্বাস্থ্য কামনা করি।"
3116,"হেলো, নাসেনিয়া ডকের সাথে পরামর্শ করার জন্য আপনাকে ধন্যবাদ। আপনি যেহেতু উল্লেখ করেছেন যে তিন সপ্তাহ আগে আপনি ৫০০ মিগ্রা অ্যামোক্সিসিলিন গ্রহণ করেছিলেন এবং এখন আপনি খারাপ স্বাদ অনুভব করছেন, তাই মনে হচ্ছে এটি শুধুমাত্র অ্যান্টিবায়োটিকের কারণে হতে পারে। আসলে অ্যান্টিবায়োটিকের কারণে স্বাদে পরিবর্তন আসে, তবে তা খুব বেশি প্রসারিত হয় না। তবে বমি বমি ভাব এবং শ্বাসকষ্টের মতো অন্যান্য উপসর্গের সাথে এর কোনো সম্পর্ক নেই। এটি ভালো যে আপনার একবার একজন জেনারেল ফিজিশিয়ানের সাথে দেখা করা উচিত যাতে অবস্থার সম্পূর্ণ পরীক্ষা করা যায়। আশা করি এটি আপনাকে সাহায্য করবে।"
59478,"আপনার উদ্বেগ আমি বুঝতে পারছি। আমি আপনার দেওয়া বিস্তারিত তথ্যগুলো দেখেছি। আপনার স্বামীর আচরণ দুটি কারণে হতে পারে। হয় তিনি আপনার প্রতি আচ্ছন্ন এবং কখনোই আপনাকে বা আপনার ভালোবাসা হারাতে চান না। দ্বিতীয়টি হলো প্যারানয়েড পার্সোনালিটি ডিসঅর্ডার। উভয়ই একজন মনোবিজ্ঞানীর সহায়তায় নিরাময়যোগ্য। আপনার স্বামীর সমস্যাটি কী তা নির্ধারণ করার জন্য প্রদত্ত বিবরণ যথেষ্ট নয়। অনুগ্রহ করে আপনি যা কিছু তথ্য দিতে পারেন, যেমন তার আচরণ, জীবনধারা, স্বাভাবিক দৃষ্টিভঙ্গি এবং ব্যক্তিগত কোনো কিছুর উদাহরণ দিন। অথবা সঠিকভাবে রোগ নির্ণয়ের জন্য আপনার স্বামীকে একজন মনোবিজ্ঞানীর কাছে নিয়ে যান। আপনি যদি আমার সাহায্যের কথা বিবেচনা করেন, তবে বিস্তারিত তথ্যসহ সরাসরি প্রশ্ন করুন। আমি কিছু সাইকোথেরাপি কৌশল লিখে দেব। আমি ভালো উপশমের নিশ্চয়তা দিচ্ছি। আশা করি এটি আপনার প্রশ্নের উত্তর দিয়েছে। আরও স্পষ্টীকরণের জন্য আমি আছি। শুভকামনা।"
56450,"হেলো, মেডিকেলে আমাদের দল আপনাকে সাহায্য করতে পারেনি শুনে দুঃখিত। আপনি যদি এমআরআই রিপোর্টের বিস্তারিত উল্লেখ করতেন তবে তা সঠিক হতো, কারণ আমরা তা থেকে কিছু বুঝতে পারতাম। ইন্টারভার্টিব্রাল ডিস্ক এবং নার্ভ এনট্র্যাপমেন্ট নিয়ে আপনার যদি কোনো সমস্যা থাকে, তবে আমি তা জানতে চাইতাম। যেহেতু আপনি নিতম্ব, উরু, পা এবং পিঠের ব্যথার কথা বলছেন, তাই আমি জানতে চাই ব্যথার লক্ষণগুলো কি ছড়িয়ে পড়ছে? এছাড়া, পিঠের ব্যথা কেমন? ব্যথা কি ধারালো হয় নাকি হালকা ব্যথা হয়? যদি ব্যথা মৃদু হয় তবে তা পেশীর সাথে সম্পর্কিত, তবে এটি পেশীর সমস্যার চেয়ে স্নায়ুর সমস্যা হতে পারে। এখন আপনার বিশ্লেষণের কথায় আসি, আপনি আপনার বয়স উল্লেখ করেছেন ৩৮ বছর, তাই আমরা লাম্বার স্পাইনে কিছু ডিজেনারেটিভ পরিবর্তন দেখতে পারি। যার ফলে পিঠের ব্যথা এবং স্নায়ু চাপে পড়ার মতো পরিবর্তন হতে পারে। এর জন্য আমি আপনাকে কোর, পিঠ এবং উভয় পাশের নিচের অঙ্গের জন্য ব্যায়াম করার পরামর্শ দেব। পিঠের ব্যথা বা ছড়িয়ে পড়া ব্যথার ক্ষেত্রে ব্যায়াম করা বাধ্যতামূলক, কারণ ব্যথার কারণে পেশীর দুর্বলতা তৈরি হয় যা সময়ের সাথে সাথে তৈরি হয় এবং পেশী দুর্বল হয়ে গেলে মেরুদণ্ডের অস্থিরতা দেখা দেয়। আমি চাই আপনি ইউরিক অ্যাসিডের পাশাপাশি আপনার রক্তে গ্লুকোজের মাত্রাও পরীক্ষা করুন, যাতে আমরা সম্ভাব্য কারণগুলো নিশ্চিত করতে পারি। আপনি যদি এমআরআই সম্পর্কে বিস্তারিত উল্লেখ করতে পারেন, তবে এটি আপনার জন্য সত্যিই সহায়ক হবে। আমার ১২ বছরেরও বেশি ক্লিনিকাল অনুশীলনে, পায়ের ব্যথার সাথে সম্পর্কিত অনেক রোগী রক্ষণশীল চিকিৎসার মাধ্যমে ভালো কাজ করছেন। যেমন - ব্যায়াম, ফিজিওথেরাপি এবং যোগব্যায়াম। ফলাফলের স্কোর প্রায় আশাব্যঞ্জক। অনুগ্রহ করে ব্যায়াম শুরু করুন, আপনি সামগ্রিক শারীরিক সুস্থতার মধ্যে পার্থক্য"
86380,"হেলো, আপনি যে টিবি টেস্টের কথা উল্লেখ করছেন তা যদি ম্যানটু টেস্ট হয়, তবে পজিটিভিটি অতীতের টিকাদান বা সংস্পর্শের ইঙ্গিত দেয়। সাধারণত আপনার ক্ষেত্রে এটি এতবার পুনরাবৃত্তি করার প্রয়োজন নেই। যদি প্রশ্নটি সুপ্ত যক্ষ্মা হয় (অর্থাৎ, ডাক্তাররা মনে করেন আপনার যক্ষ্মা থাকতে পারে, কিন্তু নিশ্চিত নন), তবে টিবি-স্পট বা কোয়ান্টিফায়ার অ্যাস নামক একটি নতুন রক্ত পরীক্ষা পাওয়া যায়। ফ্লু শটটি সম্ভবত আপনার সিজনাল ইনফ্লুয়েঞ্জা জ্যাব এবং যদি কয়েক ঘণ্টার মধ্যে উপসর্গ দেখা দেয়, তবে জ্যাবের প্রতি আপনার সংবেদনশীলতা থাকতে পারে। দুটির মধ্যে সাধারণ বিষয় হলো অ্যারিওমাইসিনের মতো অ্যান্টিবায়োটিক, তবে আপনাকে এটি পরীক্ষা করতে হবে। ডিমের তীব্র অ্যালার্জিতে আক্রান্ত ব্যক্তিরা ফ্লু জ্যাবের প্রতি প্রতিক্রিয়া দেখায়, তাই অনুগ্রহ করে নিশ্চিত করুন যে আপনার যদি ডিমের প্রতি অ্যালার্জির কোনো লক্ষণ থাকে তবে আপনি নির্দিষ্ট আইজিই রক্ত পরীক্ষা বা স্কিন টেস্টের মাধ্যমে এটি পরীক্ষা করিয়েছেন। ধন্যবাদ।"
77109,"হেলো, আমাদের সাথে যোগাযোগ করার জন্য ধন্যবাদ। আমি আপনার উদ্বেগ বুঝতে পারছি। আমি যদি আপনার ডাক্তার হতাম, তবে আমি আপনাকে পরামর্শ দিতাম যে এটি সম্ভবত কোনো সংক্রমণ নয়। সংক্রমণটি ফোলাভাব, নিঃসরণ এবং রঙের পরিবর্তনের সাথে সম্পর্কিত। আপনার ক্ষেত্রে এই ধরনের সমস্ত লক্ষণ দেখা যায়নি, তাই এটি কোনো সংক্রমণ নয়। এমনকি যদি আপনার মনে হয় এটি সংক্রমণ, তবে আপনি আপনার ডাক্তারের পরামর্শ অনুযায়ী নির্দিষ্ট অ্যান্টিবায়োটিক শুরু করতে পারেন। আপনার আরও কোনো উদ্বেগ থাকলে আমি তার উত্তর দিতে পারলে খুশি হব, অনুগ্রহ করে আমাকে জানান। নাসেনিয়া ডকের পক্ষ থেকে আপনার সুস্বাস্থ্য কামনা করি। নাসেনিয়া ডক। সংক্রামক রোগ বিশেষজ্ঞ।"
102215,"হেলো, পোস্ট করার জন্য ধন্যবাদ। আপনার মা স্লিপ ডিস্কে ভুগছেন যা স্নায়ুর গোড়ায় চাপ সৃষ্টি করছে। ওষুধ, ফিজিওথেরাপি এবং এপিডিউরাল ইনজেকশনের মতো চিকিৎসার বিভিন্ন পদ্ধতি রয়েছে। যদি রক্ষণশীল চিকিৎসায় কোনো উন্নতি না হয়, তবে অস্ত্রোপচার আরেকটি বিকল্প, যার মাধ্যমে বালজিং ডিস্ক (ডিসেক্টমি) অপসারণের মাধ্যমে স্নায়ুর গোড়ায় চাপ কমানো হয়। আশা করি এটি সাহায্য করবে। শুভেচ্ছা, নাসেনিয়া ডক।"
105223,"প্রিয় জনাব খান, আস্সালামো অ্যালবাম। নাসেনিয়া ডকে আপনার প্রশ্নটি পোস্ট করার জন্য ধন্যবাদ। সম্ভবত আপনি একজন ক্যারিয়ার। এইচবিএসএজি (HBsAg) পজিটিভ, তবে ভাইরাসের প্রতিলিপিকারী অ্যান্টিজেনের বিরুদ্ধে আপনার অ্যান্টিবডি রয়েছে। তাছাড়া, ভাইরাল লোড যথেষ্ট বেশি নয় যার জন্য চিকিৎসার প্রয়োজন। ভাইরাসটি ""সুপ্ত"" পর্যায়ে আছে। আপনার এখন চিকিৎসার প্রয়োজন নেই। তবে, আপনার সংক্রমিত অবস্থা (HBsAg পজিটিভ) পুরোপুরি নিরাময় করা সম্ভব নয় (চিকিৎসা করা হয়েছে)। এটি সম্ভব যে ভাইরাসটি সারা জীবন সুপ্ত অবস্থায় থাকে এবং লিভারের কোনো ক্ষতি করে না। হার্ব ভাইরাসে আক্রান্ত রোগীদের মাত্র এক-চতুর্থাংশের লিভার সিরোসিসে আক্রান্ত হন। তাই, তার শারীরিক অবস্থা সম্পর্কে নিশ্চিত হওয়া সম্ভব নয়। ভাইরাল লোড পর্যবেক্ষণ করা উচিত এবং প্রতি ৬ মাস বা বছরে অন্তত একবার পরীক্ষাটি পুনরায় করা উচিত। আপনি যদি বিবাহিত হন এবং সন্তান নেওয়ার পরিকল্পনা করতে চান, তবে আপনার চিকিৎসকের সাথেও কথা বলা উচিত। হার্ব ভাইরাসের কোনো স্থায়ী চিকিৎসা নেই। তবে, আপনাকে টিকা দেওয়া নাও দেওয়া হতে পারে, তবে সমস্ত আত্মীয়দের হার্বের বিরুদ্ধে টিকা নিতে হবে (যদি এখনও না করা হয়ে থাকে)। আপনার সুস্বাস্থ্য কামনা করি। আরও প্রশ্ন থাকলে করতে পারেন। স্বাস্থ্য পেশাজীবীরা তাদের সীমিত জ্ঞান অনুযায়ী রোগীদের সঠিকভাবে রোগ নির্ণয় ও চিকিৎসা করার চেষ্টা করেন। নিরাময় আমাদের সৃষ্টিকর্তার কাছ থেকে পাওয়া"
75735,"হেলো, আমাদের কাছে লেখার জন্য ধন্যবাদ। যেহেতু আপনি বলেছেন যে সমস্যাটি গত এক বছর ধরে চলছে, তাই তার ব্যক্তিত্বের সাথে এর কোনো সমস্যা থাকার সম্ভাবনা নেই। এটি মানসিক রোগের হওয়ার সম্ভাবনাই বেশি। আপনি যে ইতিহাস দিয়েছেন তা সমস্যাটি নির্ণয়ের জন্য অপর্যাপ্ত, এর সম্ভাবনা কনস্টিটিউশনাল সমস্যা থেকে শুরু করে অনুভূতিজনিত ব্যাধি পর্যন্ত হতে পারে। তবে উপরের বিষয়টি নিশ্চিত করার জন্য তার বিস্তারিত মানসিক মূল্যায়নের প্রয়োজন হবে। আশা করি এটি সাহায্য করবে, নাসেনিয়া ডক।"
48142,"আপনার উদ্বেগগুলো আমি বুঝতে পেরেছি এবং আপনার বর্ণনা পড়েছি। এডিডি (ADD) মানে মনোযোগের অভাবজনিত ব্যাধি। আমি আপনাকে জানাতে চাই যে এডিডি কোনো রোগ নয়, এটি কেবল একটি মানসিক ব্যাধি যা স্নায়ুর কার্যকলাপ সংশোধন করে দূর করা প্রয়োজন। সাইকোট্রপিক ওষুধ কখনোই স্নায়ুর কার্যকলাপ সংশোধন করে না, বরং এটি আংশিকভাবে বন্ধ করে দেয়। তাই, আমার মনে হয়, ওষুধ সেবনের পরিবর্তে সম্পূর্ণ নিরাময়ের জন্য সাইকোথেরাপির কৌশল অবলম্বন করুন। এছাড়া আপনার স্নায়বিক কার্যকলাপকে সচল রাখতে যোগব্যায়াম এবং ধ্যান অনুশীলন করুন। আশা করি এটি আপনার প্রশ্নের আংশিক উত্তর দিয়েছে। আরও স্পষ্টীকরণের জন্য আমি আছি। দ্রুত সুস্থ হয়ে উঠুন।"
108231,"হেলো, অনুসন্ধানের জন্য ধন্যবাদ। আপনার উপসর্গের প্রোফাইলের ওপর ভিত্তি করে আপনার প্রধান অন্তর্নিহিত সমস্যা হলো সামাজিক উদ্বেগ বা অন্য কোনো ব্যক্তি বা ঊর্ধ্বতন ব্যক্তিদের দ্বারা প্রতিকূল যাচাই-নিরীক্ষার অতিরিক্ত অযৌক্তিক ভয়। এর চিকিৎসা সাধারণত এসএসআরআই (SSRI) ধরনের ওষুধ, অ্যাক্সিওলাইটিক (ক্লোনাজেপাম, মিজোরাম ইত্যাদি) দিয়ে বহুমুখী হয় (এসসিটালোপ্রাম থেরাপির একটি ধরন/শিক্ষা) (সিবিটি)। সিবিটি-তে আপনাকে আপনার উদ্বেগ মোকাবিলা এবং কাটিয়ে ওঠার জন্য বিভিন্ন পদ্ধতি শেখানো হবে, যেমন এক্সপোজার অ্যান্ড রেসপন্স প্রিভেনশন (ERP), কল্পনামূলক এক্সপোজার, ভূমিকা পালন, মাইন্ডফুলনেস ভিত্তিক হস্তক্ষেপ, অ্যান্টিজেনিক রিলাক্সেশন ট্রেনিং ইত্যাদি। আপনার একজন মনোবিজ্ঞানীর সাথে পরামর্শ করা বা আপনার বর্তমান মনোরোগ বিশেষজ্ঞের সাহায্য নেওয়া প্রয়োজন। শিথিল থাকার জন্য যোগব্যায়াম এবং প্রাণায়াম অনুশীলন করার চেষ্টা করুন। শুভকামনা।"
40105,"হেলো, নাসেনিয়া ডকে আপনাকে স্বাগতম! প্রিয়, আপনি যেমনটি জানিয়েছেন, আপনার এলএমপি (LMP) ২৫ ডিসেম্বর ছিল, তাই আমরা যদি নিয়মিত ৩০ দিনের চক্র মেনে চলি, তবে আপনার ডিম্বস্ফোটন ৯-১০ জানুয়ারির মধ্যে হতে পারে। ডিম্বাণু (ডিম্বাণু) ডিম্বস্ফোটনের ৪৮ ঘণ্টা পর নিষিক্ত হওয়ার জন্য কার্যকর থাকে না, তাই যৌন মিলনের সময় আপনার ডিম্বাণু নিষিক্ত হওয়ার সম্ভাবনা খুবই কম। সুতরাং, গর্ভধারণের সম্ভাবনা খুবই কম। তবুও, সম্ভাবনা পুরোপুরি দূর করার জন্য আপনি আই-পিল (I-pill) নিতে পারেন, তবে এটি প্রয়োজনীয় নয়। এটি কেবল হতে পারে যে এই সময়ে আপনার মাসিক চক্র কিছুটা অনিয়মিত।"
6451,"হেলো, ডেইরি, আমি আপনার প্রশ্নটি দেখেছি। আমি আপনার উদ্বেগ বুঝতে পারছি। তার লাইম ডিজিজ আছে যার সাথে দুটি যুক্ত। সংক্রমণের ক্ষেত্রে হাইপোটেনশন একটি সাধারণ বিষয়। হাইপোটেনশন দৃষ্টিশক্তি হ্রাস এবং অবসাদের দিকে নিয়ে যায়। তার শিরায় স্যালাইন এবং অ্যান্টিবায়োটিক গ্রহণ করা উচিত। প্রচুর পরিমাণে তরল খাবার গ্রহণ করুন। আপনার ডাক্তারের সাথে পরামর্শ করুন এবং সেই অনুযায়ী চিকিৎসা নিন। আশা করি আমি আপনার প্রশ্নের উত্তর দিতে পেরেছি, যদি আপনার কোনো সন্দেহ থাকে তবে আমি উত্তর দিতে পেরে খুশি হব। নাসেনিয়া ডক ব্যবহার করার জন্য ধন্যবাদ। আপনার সুস্বাস্থ্য কামনা করি।"
50817,"হেলো! শুভ সন্ধ্যা। আমি নাসেনিয়া ডক, আপনার প্রশ্নের উত্তর দিচ্ছি। হ্যাঁ, আপনার ইতিহাস থেকে এটি হার্নিয়া বলে মনে হচ্ছে, যা শুধুমাত্র ক্লিনিকাল মূল্যায়নের মাধ্যমেই নিশ্চিত করা সম্ভব। আমি আপনাকে পরামর্শ দেব যে পিণ্ডটির সঠিক চিকিৎসার জন্য আপনার এলাকার একজন জেনারেল সার্জনের সাথে পরামর্শ করুন। ততক্ষণ পর্যন্ত, উপসর্গের উপশমের জন্য আপনি একটি অ্যান্টি-স্পাসমোডিক এবং একটি প্রোটন পাম্প ইনহিবিটর গ্রহণ করতে পারেন। আমি আশা করি এই তথ্যটি আপনার সমস্যার পরবর্তী ব্যবস্থাপনার বিষয়ে আপনার পারিবারিক চিকিৎসক বা আপনার চিকিৎসা প্রদানকারী ডাক্তারের সাথে আলোচনা করতে সাহায্য করবে। কোনো সন্দেহ থাকলে নির্দ্বিধায় জিজ্ঞাসা করবেন। আপনার স্বাস্থ্য সমস্যার বিষয়ে সন্দেহ দূর করতে নাসেনিয়া ডককে বেছে নেওয়ার জন্য ধন্যবাদ। আমি আপনার দ্রুত আরোগ্য কামনা করি। নাসেনিয়া ডক।"
104398,"নাসেনিয়া ডকে আপনার প্রশ্নের জন্য ধন্যবাদ। আমি আপনার পরিস্থিতি এবং সমস্যাটি বুঝতে পারছি। আমার মতে আপনার একজন পালমোনোলজিস্টের (ফুসফুস বিশেষজ্ঞ) পরামর্শ নেওয়া উচিত এবং নিচের পরীক্ষাগুলো করানো উচিত: ১. শ্বাসতন্ত্রের ক্লিনিকাল পরীক্ষা। ২. বুকের এক্স-রে। ৩. পিএফটি (পালমোনারি ফাংশন টেস্ট)। আপনার দীর্ঘস্থায়ী কাশির সাথে কফযুক্ত ওষুধ রয়েছে। এটি ফুসফুসের সংক্রমণ এবং ব্রঙ্কাইটিসে দেখা যায়। তাই ফুসফুসের সংক্রমণ আছে কি না তা নিশ্চিত হতে বুকের এক্স-রে করান। ব্রঙ্কাইটিস আছে কি না তা নিশ্চিত হতে পিএফটি প্রয়োজন। তাই প্রথমে রোগ নির্ণয় করা এবং তারপর সঠিক চিকিৎসা শুরু করা ভালো। চিন্তা করবেন না, আপনি সুস্থ হয়ে উঠবেন।"
33531,"১. এমডিএস মাইলোডিস্প্লাসিয়া সিনড্রোম নাসেনিয়া ডক। ২. লোহিত রক্তকণিকা (red blood cells)-এর জন্য এমডিএস (MDS) মাইলোডিস্প্লাসিয়া সিনড্রোম। ৩. লোহিত রক্তকণিকা - যা রক্তাল্পতার কারণ হতে পারে, যার জন্য শ্বাসকষ্ট, অস্বাভাবিক ফ্যাকাশে ভাব এবং দুর্বলতার দিকে নজর দেওয়া প্রয়োজন। যেহেতু এই ধরনের অবস্থায় রক্তাল্পতা যেকোনো চিকিৎসায় বাধা সৃষ্টি করে, তাই এরিথ্রোপোয়েটিন ইনজেকশনই চিকিৎসার প্রধান ভিত্তি। শ্বেত রক্তকণিকা"
83671,"হেলো, আপনার অনুসন্ধানের জন্য ধন্যবাদ। আপনার অনুসন্ধানটি পর্যালোচনা করার পর আমি জানতে পেরেছি যে আপনার সি৬-সি৭ (C6-C7)-এর জন্য হার্নিয়েটেড ডিস্ক দিয়ে অস্ত্রোপচার করা হয়েছে। আপনার ককসিক্সডিনিয়া (Coccyxdynia) হয়েছে। ব্যথা উপশমের জন্য আপনাকে ডাইক্লোফেনাকের মতো ব্যথানাশক ওষুধ সেবন করতে হবে। টেলবোনের ব্যথার জন্য ব্যথা হলে ব্যথানাশকের পাশাপাশি নরম কুশন ব্যবহার করা এবং গরম সিট বাথ নেওয়ার পরামর্শ দেওয়া হচ্ছে। শ্বাসকষ্ট এবং ঘুমের জন্য আপনার এক্স-রে এবং এমআরআই (MRI) মাধ্যমে বিস্তারিত পরীক্ষা করা প্রয়োজন। আপনি আপনার চিকিৎসকের সাথে এ বিষয়ে আলোচনা করতে পারেন। আমি আশা করি আপনি কিছু সহায়ক তথ্য পেয়েছেন। আপনার যদি আরও কোনো প্রশ্ন বা ফলো-আপ জিজ্ঞাসা থাকে, তবে আমাদের লিখতে দ্বিধা করবেন না। আমি আপনার প্রশ্নের উত্তর দিতে পেরে খুশি হব। আপনার সুস্বাস্থ্য কামনা করছি। ভালো থাকবেন।"
33103,"হেলো এবং এই ফোরামটি ব্যবহার করার জন্য ধন্যবাদ। আপনার প্রশ্নটি পর্যালোচনা করার পর আমার মনে হচ্ছে আপনার ছেলে ডিসমরফিয়া নামক একটি শেখার সমস্যায় ভুগছে। (সাধারণত বানান পুনরুদ্ধার বা নামকরণের সমস্যা খুব খারাপ হয়, যেমন আয়না লেখা ইত্যাদি)। এটি এমন একটি অবস্থা যা শুধুমাত্র ওষুধের ওপর নির্ভর না করে একাডেমিক হস্তক্ষেপ এবং থেরাপির মাধ্যমে আরও ভালোভাবে সাহায্য করা সম্ভব। আপনার সন্তানকে আরও ভালোভাবে বুঝতে এবং তার সম্ভাব্যতা অর্জনে সাহায্য করার জন্য আমি আপনাকে হেল্প গ্রুপের কাছ থেকে আরও তথ্যের অনুরোধ করছি। আশা করি এটি আপনাকে সাহায্য করবে। ভালো থাকবেন। নাসেনিয়া ডক।"
105245,"হেলো, জিজ্ঞাসা করার জন্য ধন্যবাদ। আপনার প্রশ্নের ভিত্তিতে আমার মতামত নিচে দেওয়া হলো। কোলচিসিন এবং অ্যালোপিউরিনল উভয়ই খুব বিরল ক্ষেত্রে থ্রম্বোসাইটোপেনিয়া হতে পারে। বোন ম্যারো বায়োপসি সঠিক কারণ শনাক্ত করতে সাহায্য করবে। যদি মেগাকারিওসাইট কম থাকে, তবে ওষুধগুলো এর ওপর প্রভাব ফেলছে। এক মাস ওষুধ বন্ধ রাখুন এবং প্লেটলেট কাউন্ট পরীক্ষা করান। যদি উন্নতি হয়, তবে চেরি দিয়ে তৈরি খাবার চালিয়ে যান। মাংস, অ্যালকোহল এবং ক্যাফেইন এড়িয়ে চলুন। আশা করি এটি সাহায্য করবে। আরও কোনো প্রশ্ন থাকলে, সাহায্য করতে পারলে খুশি হব।"
88621,"হেলো। নাসেনিয়া ডকে আপনাকে স্বাগতম। আমি আপনার প্রশ্নটি দেখেছি এবং আপনার উদ্বেগ বুঝতে পারছি... আপনার অভিযোগ অনুযায়ী এটি গ্যাংগ্রিন বা কোনো সংক্রমণ বলে মনে হচ্ছে না, যদিও দাঁত তোলার পর আপনি যে ওষুধগুলো খাচ্ছেন তাতে অ্যালার্জির প্রতিক্রিয়া রয়েছে এবং বিবর্ণতা ক্ষত বা র‍্যাশের কারণে হচ্ছে। চিন্তার কিছু নেই, আপনার ডেন্টিস্টের সাথে পরামর্শ করুন এবং পরীক্ষা করান। যদি এটি অ্যালার্জির প্রতিক্রিয়া হয়, তবে এটি সাধারণত পেনিসিলিনের কারণে হয়, যা একটি অ্যান্টিবায়োটিক এবং সংক্রমণ নিশ্চিত বা প্রতিরোধ করতে ব্যবহৃত হয়। ডেন্টিস্ট অবস্থার মূল্যায়ন করতে পারেন এবং ক্লিনডামাইসিন, সেফালোস্পোরিন ইত্যাদির মতো অন্য কোনো অ্যান্টিবায়োটিক দিয়ে ওষুধ পরিবর্তন করতে পারেন। আশা করি এই তথ্যটি আপনাকে সাহায্য করবে। ধন্যবাদ এবং শুভেচ্ছা। নাসেনিয়া ডক।"
89648,"হেলো, নাসেনিয়া ডকে আপনাকে স্বাগতম। আমি আপনার উদ্বেগ বুঝতে পারছি। আপনার সমস্যাটি পিত্তথলির প্রদাহের কারণে হচ্ছে বলে মনে হচ্ছে। পিত্তথলিতে পাথরও থাকতে পারে। তাই, আপনার পরীক্ষা করানো উচিত কারণ পিত্তথলির প্রদাহের জটিলতাগুলো সমস্যাজনক হতে পারে। আপনি যদি কয়েক দিন অপেক্ষা করতে চান, তবে জ্বর, জন্ডিস এবং ব্যথা বেড়ে যাওয়ার বিষয়ে সতর্ক থাকুন, যা আপনাকে উল্লেখযোগ্যভাবে অস্বস্তিতে ফেলে। তবে পরীক্ষা করিয়ে নেওয়া ভালো। আশা করি এটি সহায়ক হবে। আরও কোনো প্রশ্ন থাকলে জিজ্ঞাসা করতে পারেন। ভালো থাকবেন।"
111188,"হেলো, আপনার উপসর্গগুলো বুঝতে পেরেছি। আপনার কাঁধ থেকে হাত ও আঙুলে ছড়িয়ে পড়া ব্যথা হচ্ছে। সাধারণত সার্ভিকাল ডিস্ক বাল্জ স্নায়ুর ওপর চাপ সৃষ্টি করে এবং পরবর্তীতে আপনার হাত ও আঙুলে জয়েন্টে ব্যথার সৃষ্টি করে। দ্রুত সুস্থতার জন্য আমি আপনাকে ইনফারেনশিয়াল থেরাপি এবং অটো ট্র্যাকশনের মতো ফিজিওথেরাপির পরামর্শ দেব। স্ট্যাটিক এবং রেজিস্ট্যান্সের বিরুদ্ধে নির্দেশিত ব্যায়াম থেরাপি এই ক্ষেত্রে সাহায্য করতে পারে। এর জন্য আপনি একজন ফিজিওথেরাপিস্টের পরামর্শ নিতে পারেন। সার্ভিকাল মেরুদণ্ডের এমআরআই (MRI) স্নায়ুর ওপর চাপের তীব্রতা বুঝতে সাহায্য করবে। আমি আপনাকে ভিটামিন বি১২ এবং ভিটামিন ডি৩-এর মাত্রা পরীক্ষা করার পরামর্শ দেব। আশা করি এটি আপনার প্রশ্নের উত্তর দিয়েছে। আপনার যদি আরও কোনো প্রশ্ন বা ফলো-আপ জিজ্ঞাসা থাকে, তবে আমাদের লিখতে দ্বিধা করবেন না। আমি আপনার প্রশ্নের উত্তর দিতে পেরে খুশি হব। ভালো থাকবেন।"
22726,"হেলো। আপনার প্রশ্নটি পোস্ট করার জন্য ধন্যবাদ। আপনার শ্বশুর বর্তমানে যে পরিস্থিতির মধ্য দিয়ে যাচ্ছেন তার জন্য আমি অত্যন্ত দুঃখিত। যেকোনো চিকিৎসা প্রোটোকল নির্বিশেষে ক্যান্সারের কারণে খাদ্যনালীতে অত্যন্ত খারাপ ফলাফল দেখা দেয়। এটি কিছু জটিলতার মধ্য দিয়ে যেতে থাকে, যার মধ্যে সবচেয়ে গুরুত্বপূর্ণ হলো ডিসফ্যাগিয়া বা গিলতে অসুবিধা। আপনি যে রক্ত এবং ত্বকের বলের কথা উল্লেখ করেছেন, তা ক্যান্সারজনিত নেক্রোটিক বৃদ্ধি, রক্ত, শ্লেষ্মা, ফু কণা ইত্যাদির মিশ্রণ। এগুলো ক্রমাগত প্রগতিশীল রোগ প্রক্রিয়ার অংশ হিসেবে উৎপন্ন হয়, যা মাঝে মাঝে শ্বাসনালীতে বাধা সৃষ্টি করে খাওয়ানোর টিউব এবং শ্বাস-প্রশ্বাসের টিউব বন্ধ করে দিতে পারে। এটি আসলে ভালো লক্ষণ হিসেবে গণ্য করা হয় না। এর সাথে রেডিয়েশনের কারণেও এটি আরও খারাপ হতে পারে। রোগাক্রান্ত খাদ্যনালীর স্টেন্টিং টিস্যুর রোগাক্রান্ত বলগুলো পরিষ্কার করতে সাহায্য করতে পারে। আরও তথ্যের জন্য একজন বিশেষজ্ঞ অনকোসার্জনের সাথে পরামর্শ করুন। ধন্যবাদ।"
22686,"হেলো, নাসেনিয়া ডকে আপনাকে স্বাগতম। ধূমপান নিউমোনিয়ার অন্যতম একটি প্রবণতা। অ্যান্টিবায়োটিক এবং স্টেরয়েডের কোর্সটি সম্পন্ন করুন। একজন ডাক্তার হিসেবে আমি আপনাকে ধূমপান না করার পরামর্শ দেব কারণ নিউমোনিয়ার কারণে আপনার ফুসফুস ক্ষতিগ্রস্ত হয়েছে। অন্তত ক্লিনিক্যাল লক্ষণগুলো পুরোপুরি সেরে না ওঠা পর্যন্ত এবং বুকের এক্স-রে করে স্বাস্থ্যকর খাবার গ্রহণ করুন, ভারসাম্যহীন খাবার এড়িয়ে চলুন। নিজের যত্ন নেবেন। নাসেনিয়া ডক।"
81056,"হেলো, আপনার প্রশ্নের উত্তর দিতে পারলে আমি খুশি হব। অস্বাভাবিক রক্তপাতের ক্ষেত্রে যা হরমোন থেরাপির মাধ্যমে সহজে নিয়ন্ত্রণ করা যায় না, তা আরও পুঙ্খানুপুঙ্খভাবে মূল্যায়ন করা উপযুক্ত, যার মধ্যে অন্তর্ভুক্ত থাকতে পারে যা নিচে উল্লেখ করা হলো: ১. একটি পরীক্ষা। ২. একটি আল্ট্রাসাউন্ড। ৩. থাইরয়েড রোগ, ডায়াবেটিস এবং প্রোল্যাকটিন লেভেল পরীক্ষা। ৪. একটি প্রেগন্যান্সি টেস্ট। আশা করি এটি সাহায্য করবে। আপনার যদি আরও কোনো প্রশ্ন থাকে, তবে আমাকে প্রশ্ন করার জন্য উপরের ""Ask me a question"" লিঙ্কে ক্লিক করুন!"
38070,"হেলো! শুভ সন্ধ্যা। আমি নাসেনিয়া ডক, আপনার প্রশ্নের উত্তর দিচ্ছি। আমি যদি আপনার ডাক্তার হতাম, তবে পেটের কোনো অস্ত্রোপচারজনিত ক্ষয় আছে কি না তা নিশ্চিত করার জন্য আমি আপনাকে পেটের আল্ট্রাসাউন্ড, সিরাম নাসেনিয়া ডক এবং প্রস্রাবের রুটিন ও মাইক্রোস্কোপিক পরীক্ষা করার পরামর্শ দিতাম। রিপোর্ট না আসা পর্যন্ত, আমি আপনার প্রেমিকাকে উপসর্গ থেকে আরাম পাওয়ার জন্য একটি অ্যান্টি-স্পাসমোডিক এবং একটি প্রোটন পাম্প ইনহিবিটর প্রেসক্রাইব করতাম। যদি শারীরিক পরীক্ষার ফলাফলসহ সমস্ত রিপোর্ট স্বাভাবিক থাকে, তবে আমি তাকে পুনরায় মনোরোগ বিশেষজ্ঞের মাধ্যমে মূল্যায়ন করার পরামর্শ দিতাম। আমি আশা করি এই তথ্যটি আপনার সমস্যার পরবর্তী ব্যবস্থাপনার বিষয়ে আপনার পারিবারিক চিকিৎসক বা আপনার চিকিৎসা প্রদানকারী ডাক্তারের সাথে আলোচনা করতে সাহায্য করবে। কোনো সন্দেহ থাকলে নির্দ্বিধায় জিজ্ঞাসা করবেন। আপনার স্বাস্থ্য সমস্যার বিষয়ে সন্দেহ দূর করতে নাসেনিয়া ডককে বেছে নেওয়ার জন্য ধন্যবাদ। আমি আপনার দ্রুত আরোগ্য কামনা করি। নাসেনিয়া ডক।"
33735,"হেলো, ইতিহাস থেকে মনে হচ্ছে সেখানে কোনো ইনগ্রোন হেয়ার ফলিকল সংক্রমণ হয়েছে এবং এখন সেখানে ফোড়া তৈরি হয়েছে। ৫ দিনের জন্য একটি অ্যান্টিবায়োটিক ওষুধের কোর্স সম্পন্ন করুন। পুঁজ তৈরি হওয়া শুরু হলে তা কেটে ফেলা উচিত, তাই পুঁজ তৈরি হওয়ার আগেই যত দ্রুত সম্ভব অ্যান্টিবায়োটিক ওষুধ শুরু করুন। দ্রুত সংক্রমণ কমাতে ৩ দিনের জন্য কিছু প্রদাহরোধী ওষুধ সেবন করুন। ঠিক আছে এবং নিজের যত্ন নেবেন।"
86166,"হেলো, কেলিমক্রিরি, আপনার বমি বমি ভাব এবং পেট ফাঁপার লক্ষণগুলো সম্ভবত আপনার পিত্তথলির অস্ত্রোপচারের সাথে সম্পর্কিত নয়। প্রায়শই, আমরা পিত্তথলির রোগের সাথে সম্পর্কিত জিইআরডি (গ্যাস্ট্রোইসোফেজিয়াল রিফ্লাক্স ডিজিজ) দেখতে পাই। আপনার যদি হাইটাস হার্নিয়া থাকে, তবে আপনারও একই ধরনের উপসর্গ থাকতে পারে। এছাড়া, এই ধরনের উপসর্গের ক্ষেত্রে অন্য যে অবস্থাটি বেশি দেখা যায় তা হলো আইবিএস (ইরিটেবল বাওয়েলস)। গ্লুটেন-মুক্ত ডায়েটের জন্য, এটি কেবল তখনই সহায়ক যদি আপনার গ্লুটেনের প্রতি সংবেদনশীলতা থাকে। প্রকৃত সিলিয়াক ডিজিজ অটোইমিউন মধ্যস্থতা করে এবং ক্ষুদ্রান্ত্রের আস্তরণকে প্রভাবিত করে, যার মধ্যে ম্যালঅ্যাবসর্পশন এবং পরবর্তী ওজন হ্রাস (এসটি এফ) অন্তর্ভুক্ত। ভিটামিন ও খনিজ উপাদানের ঘাটতি, হাড়ের ভঙ্গুরতা, ত্বকের সমস্যা ইত্যাদি অন্তর্ভুক্ত। গম, ওটস এবং বার্লি পণ্যে গ্লুটেন থাকে যারা সিলিয়াক ডিজিজ ছাড়াই গ্লুটেনের প্রতি সংবেদনশীল, আমি আপনাকে একটি পিপিআই (প্রোটন পাম্প ইনহিবিটর) যেমন ওমেপ্রাজল, ওমেপ্রাজল, ল্যানপ্রাজল, ল্যানপ্রাজল। প্রেসক্রিপশন অনুযায়ী, ১-২ সপ্তাহের জন্য দিনে একবার বা দুবার সেবন করুন, খাবারের প্রায় এক ঘণ্টা আগে দেখুন কোনো পার্থক্য আছে কিনা। যদি কোনো উন্নতি না হয়, তবে আপনার এন্ডোস্কোপিক মূল্যায়নের প্রয়োজন হতে পারে। আমি আশা করি আপনি বিশেষ রক্ত পরীক্ষার মাধ্যমে সিলিয়াক পরীক্ষা করিয়েছেন। আপনার সুস্থতা কামনা করি।"
66156,"হেলো, নাসেনিয়া ডকে আপনাকে স্বাগতম। এপিডিউরাল ইনজেকশন আপনাকে কেবল সাময়িক আরাম দেবে এবং ইনজেকশনের প্রভাব শেষ হলে ব্যথা আবার ফিরে আসবে। দীর্ঘমেয়াদী উপশমের জন্য আপনাকে একজন ফিজিওথেরাপিস্টের কাছে যেতে হবে এবং তাকে আপনার মেরুদণ্ডের ব্যায়ামগুলো শেখাতে বলুন, যাতে আপনি বাড়িতে নিয়মিত ব্যায়াম করতে পারেন। পিঠের পেশিগুলো পিঠের খিঁচুনি (পিঠের ব্যথার কারণ) প্রতিরোধ করবে এবং এর ফলে আপনি দীর্ঘ সময়ের জন্য পিঠের ব্যথা থেকে মুক্তি পাবেন। সেই সাথে নাসেনিয়া ডকের পরামর্শ অনুযায়ী লুম্বার বেল্ট পরা শুরু করুন।"
7557,"হেলো, ডেইরি, আমি আপনার প্রশ্নটি দেখেছি। আমি আপনার উদ্বেগ বুঝতে পারছি। আপনার প্রোস্টেট ক্যান্সার নিয়ে চিন্তা করা উচিত নয়। আপনার পিএসএ (PSA) লেভেল খুব বেশি নয়। প্রোস্টাটাইটিস বা অন্যান্য অনেক কারণে পিএসএ লেভেল সামান্য বৃদ্ধি পাওয়া সাধারণ বিষয়। তাই আপনার ক্যান্সার হওয়ার সম্ভাবনা নেই। চিন্তার কোনো কারণ নেই। শুধু নিশ্চিন্ত থাকুন। আশা করি আমি আপনার প্রশ্নের উত্তর দিতে পেরেছি, যদি আপনার কোনো সন্দেহ থাকে তবে আমি উত্তর দিতে পেরে খুশি হব। নাসেনিয়া ডক ব্যবহার করার জন্য ধন্যবাদ। আপনার সুস্বাস্থ্য কামনা করি।"
27594,"প্রিয় রোগী, চিন্তার কিছু নেই। আঘাতের কারণে অভ্যন্তরীণ ক্ষতি হওয়ার কারণে এটি সেরে ওঠার একটি প্রক্রিয়া মাত্র। যেহেতু আঘাতটি লুকিয়ে ছিল, তাই লালভাব তেমন ছিল না। তবে কয়েক দিন পর ধীরে ধীরে সেরে উঠতে শুরু করে এবং এটি পুরোপুরি সেরে উঠতে দুই সপ্তাহ পর্যন্ত সময় লাগবে। গর্ত বা ফোলাভাব নিয়ে চিন্তা করবেন না। এখানে সতর্কতা হলো, যদি কয়েক দিনের মধ্যে আপনার জ্বর আসে, তবে আপনার একজন ডাক্তারের সাথে যোগাযোগ করা উচিত এবং এটি পরীক্ষা করানো উচিত। অন্যথায়, আপনি সুস্থ হয়ে উঠবেন। আশা করি আমি আপনার প্রশ্নের উত্তর দিতে পেরেছি।"
33295,"হেলো, আপনার অসুস্থতার কথা শুনে আমি দুঃখিত। আমি উল্লেখ করতে ভয় পাচ্ছি যে লিভার ট্রান্সপ্ল্যান্ট ছাড়া আপনার গড় আয়ু কয়েক বছর হতে পারে। লিভার ট্রান্সপ্ল্যান্ট অবশ্যই আপনার রোগ নিরাময় করবে এবং আপনার আয়ু বাড়াবে। বর্তমানে আপনার জন্য সর্বোত্তম চিকিৎসা হলো অবিলম্বে আপনার দেশে একটি ভালো ট্রান্সপ্ল্যান্ট সেন্টারে যাওয়া এবং একজন হেপাটোলজিস্টের সাথে দেখা করা। যাতে আপনি এই প্রশ্নের উত্তর দিতে পারেন এবং ট্রান্সপ্ল্যান্টের তালিকা থেকে দূরে থাকতে পারেন। আপনার দ্রুত আরোগ্য কামনা করছি।"
61476,"হেলো ম্যাম, আপনার স্বাস্থ্য সম্পর্কিত জিজ্ঞাসার জন্য নাসেনিয়া ডক চিকিৎসকদের ওপর আস্থা রাখার জন্য ধন্যবাদ। আমার ধারণা আপনার উদ্বেগের বিষয়টি গর্ভবতী হওয়া নিয়ে... ঠিক আছে... আমি ছবি দেখেছি। আপনি যে তথ্যগুলো আমাদের সাথে শেয়ার করেছেন, তার ভিত্তিতে নিচের ছোট আলোচনার মাধ্যমে আপনার প্রশ্নের উত্তর দিচ্ছি। ৫০ বছরের সম্ভাবনা শূন্য... ৪২-৪৫ বছরের ট্রানজিশন জোনে গর্ভধারণের সম্ভাবনা ১৮-৪০ বছরের বেশি বা ৫০ বছরের কম নয়। আমি আশা করি আপনি আপনার বয়সের গুরুত্বের ওপর জোর দিচ্ছেন... নাসা... মানে আপনার গর্ভবতী হওয়ার সম্ভাবনা বেশি... তাই এখন অপ্রয়োজনীয় মানসিক চাপে নিজেকে ব্যস্ত রাখতে চাই না। মাসিকের ১০ম-১৬তম দিন থেকে... এখানে ডিম্বস্ফোটন হয়, এই ডিম্বাণু শুক্রাণুর সাথে মিলিত হয় এবং নারীরা গর্ভবতী হন... এই সময়ে আপনি যদি বেশি শারীরিক মিলন করেন, তবে গর্ভধারণের সম্ভাবনা বেশি থাকে... সাধারণত নারীরা গর্ভবতী হন না, কারণ স্ত্রী বা স্বামী উভয়েরই সমস্যা থাকে... আপনি যে তথ্যগুলো শেয়ার করেছেন তাতে আপনার কোনো ভুল নেই। ঋতুস্রাব... তাই আমি বলতে পারছি না যে আপনার ১০০% ক্ষেত্রে আপনার কোনো সমস্যা নেই। আপনি আপনার স্বামীর সাথে কোনো তথ্য শেয়ার করেননি। তার বয়স কত? ডব্লিউটিএ (WTA) কত? তার বিয়ের বয়স কি দেরিতে হয়েছে? তাই আমি বলতে পারছি না যে স্বামীর কোনো অর্থ আছে কি না... তবে কোনো সমস্যা আছে কি না... চিন্তা করবেন না, এখানে ২১ শতাব্দীর প্রযুক্তির সুবিধা রয়েছে। প্রযুক্তির নাম এআরটি-সহায়তা প্রজনন প্রযুক্তি।"
110947,"হেলো, ভাঙা ফিলিংয়ের সাথে সম্পর্কিত ফোলা অংশটি ভাঙা ফিলিংয়ের পুনরায় সংক্রমণ বা পেরিঅ্যাপিক্যাল সংক্রমণের কারণে হতে পারে। অনুগ্রহ করে একজন ডেন্টিস্টের সাথে দেখা করুন এবং ক্লিনিক্যাল ও এক্স-রে পরীক্ষা করান। যদি এটি ফোড়া হয়, তবে ডাক্তারের সাথে চ্যাট করুন। আক্রান্ত পাল্পটি সম্পূর্ণভাবে অপসারণ করতে হবে। অ্যান্টিবায়োটিক এবং ব্যথানাশক ওষুধের সম্পূর্ণ কোর্স সম্পন্ন করুন। ঘন ঘন হালকা গরম লবণ পানি এবং সোডিয়াম হাইপোক্লোরাইট দিয়ে কুলকুচি করা সাহায্য করতে পারে। দাঁত পুনরুদ্ধার করা দাঁতসহ শক্ত খাবার কামড়ানো থেকে বিরত থাকুন। নিজের যত্ন নিন।"
79063,"প্রিয়, আমাদের সাথে আপনার প্রশ্নটি শেয়ার করার জন্য ধন্যবাদ। পরীক্ষা ছাড়া সেই পিণ্ডটির কারণ খুঁজে বের করা কঠিন। আপনার প্রথম দুটি পরীক্ষা করা উচিত: রক্ত পরীক্ষা এবং ঘাড়ের অঞ্চলের আল্ট্রাসাউন্ড। ফলাফল পাওয়ার পর সম্ভবত আপনার সার্ভিকাল এমআরআই (MRI) করানো উচিত! আপনার চিন্তার কিছু নেই, এটি দাঁতের সংক্রমণের কারণেও হতে পারে, তাই অ্যালার্মের প্রয়োজন নেই, তবে পরীক্ষা করা প্রয়োজন। আশা করি আমি আপনাকে সাহায্য করতে পেরেছি, নাসেনিয়া ডক।"
106062,"হেলো, সাম্প্রতিক পরিবর্তনগুলো জানার জন্য এবং আপনার অস্ত্রোপচারে যাওয়ার প্রয়োজন আছে কিনা তা জানার জন্য আপনার পুনরায় এমআরআই (MRI) করা প্রয়োজন। আপনার চিৎ হয়ে ঘুমানো এড়িয়ে চলা উচিত (আপনার পিঠ মোচড়ানো, দীর্ঘক্ষণ বসে থাকা, দাঁড়িয়ে থাকা, চাপ দেওয়া এবং ভারী ওজন তোলা)। আপনার লাম্বোস্যাক্রাল বেল্ট পরা উচিত। আপনার নিচের ওষুধগুলো গ্রহণ করা উচিত। এগুলো গ্রহণ করুন।"
81842,"হেলো। নাসেনিয়া ডকে আপনার প্রশ্নটি পোস্ট করার জন্য ধন্যবাদ। সাধারণত এএলটি (ALT) বা এএসটি (AST)-এর মান ""স্বাভাবিক ঊর্ধ্বসীমার দ্বিগুণ""-এর বেশি হলে তা অস্বাভাবিক বলে গণ্য করা হয় (কিছু দেশে এএলটি বা এএসটি-এর মান ১০০-এর বেশি হলে তা অস্বাভাবিক ধরা হয়)। ৮৫ বা তার বেশি এএসটি বা এএলটি-এর মান আরও পরীক্ষা করা যেতে পারে। ""৩৬"" আপনার প্রশ্নে কী নির্দেশ করে তা আমি নিশ্চিত নই। যদি এটি টর এএলটি (TOR AST) মান হয়, তবে এটি স্বাভাবিক। নাসেনিয়া ডকের পক্ষ থেকে আপনার সুস্বাস্থ্য কামনা করি।"
95895,"হেলো! অনুসন্ধানের জন্য ধন্যবাদ, আপনি কিছুটা আরাম বোধ করতে পারেন, তবে তা কেবল সাময়িক। পেটের উপরের মাঝখানে ব্যথা এবং অস্বস্তি সম্ভবত পেটের প্রদাহ, পেপটিক আলসার, হেলিকোব্যাক্টার পাইলোরি সংক্রমণসহ পেটের সমস্যার কারণে হচ্ছে। ব্যথা সাধারণত খাওয়ার পর দেখা দেয়। বমি বমি ভাব এবং বমি হতে পারে। যদি ব্যথা বাম পেটে বেশি হয় এবং পিঠে ছড়িয়ে পড়ে, তবে পিত্তথলির পাথর এর কারণ হতে পারে। আমি আপনাকে পরামর্শ দিচ্ছি প্রথমে কারণটি খুঁজে বের করতে এবং তারপর সঠিক চিকিৎসা বেছে নিতে। অন্যথায়, ওষুধ রোগ নির্ণয়ে বিলম্ব ঘটাতে পারে। আপনার পেটের আল্ট্রাসাউন্ড এবং গ্যাস্ট্রোস্কোপি করানো উচিত। এই ধরনের উপসর্গের ক্ষেত্রে পাকস্থলীর ক্যান্সার হওয়ার সম্ভাবনা সবসময় উড়িয়ে দেওয়া উচিত (গ্যাস্ট্রোস্টমি করলে তা নিশ্চিত হওয়া যাবে)। ইতিমধ্যে, অনুগ্রহ করে চর্বিযুক্ত খাবার, মশলাদার খাবার, ভাজা খাবার এবং কফি এড়িয়ে চলুন। আশা করি এটি সাহায্য করবে। শুভেচ্ছা।"
102720,"হেলো, আপনার বাবার হার্টের জন্য পেসমেকার লাগানো হয়েছিল, এটি একটি ছোট বৈদ্যুতিক যন্ত্র যা হৃদপিণ্ডকে পাম্প করার সংকেত দেয়। আপনার কার্ডিওলজিস্টের পরামর্শ অনুযায়ী এটি নিয়মিত পর্যবেক্ষণ করা হয়েছে, সেই চিঠিগুলোতে তারা উল্লেখ করেছেন যে ক্ষতস্থানে কোনো চাপ নেই, যার অর্থ হলো ডিভাইসটি সিগন্যাল তৈরি করছে না। যদি এটি ডিমান্ড পেসমেকার হয়, তবে কোনো সমস্যা নেই কারণ আপনার হৃদপিণ্ড নিজস্ব আবেগ তৈরি করছে। অন্যথায়, পরামর্শ অনুযায়ী আপনাকে একজন ইলেকট্রোফিজিওলজিস্ট বা কার্ডিওলজিস্টের সাথে পরামর্শ করতে হবে।"
75144,"তিনি আপনার অভিযোগগুলো দেখেছেন। দুঃখের সাথে জানাচ্ছি যে এই ইতিহাসের কারণে আপনি এখন গর্ভবতী নাও হতে পারেন। আপনি বলেছেন যে আপনি ইন্টারনেটে পড়েছেন। পিরিয়ড না হওয়া কেবল গর্ভাবস্থার লক্ষণ নয়। যদি পিরিয়ড মিস হওয়া, স্তনে ব্যথা, বমি বমি ভাব এবং বমি হয়, তবে প্রস্রাব/ব্লাড প্রেগন্যান্সি টেস্ট বা আল্ট্রাসনোগ্রাম করান। প্রথমে আমি আপনাকে একটি বিষয় জানাতে চাই যে, আপনি কেন প্রতি ৩ মাসে একবার পিরিয়ড করছেন তা মূল্যায়ন করুন। এর জন্য সম্পূর্ণ পরিশ্রম করা প্রয়োজন এবং তারপর আপনার পিরিয়ড নিয়ন্ত্রণ করা গুরুত্বপূর্ণ। এটি করা হলে গর্ভধারণের সম্ভাবনা অবশ্যই বেড়ে যায়। নাসেনিয়া ডকের সাথে পরামর্শ করুন। ধন্যবাদ। শুভেচ্ছা, বসুন্ধরা।"
400,"হেলো এবং নাসেনিয়া ডকে আপনাকে স্বাগতম। আপনার অনুসন্ধানের জন্য ধন্যবাদ। আমি আপনার উদ্বেগগুলো বুঝতে পারছি এবং আমি আপনাকে যথাসাধ্য সাহায্য করার চেষ্টা করব। বেশিরভাগ কিডনিতে পাথর নিজে থেকেই বেরিয়ে যায় এবং এটি সাধারণত একটি বেদনাদায়ক অভিজ্ঞতা। আপনার ব্যথানাশক, ভাইটাল এবং নাসেনিয়া ডকের পরামর্শ অনুযায়ী ওষুধ চালিয়ে যাওয়া উচিত। যদি ২৪ ঘণ্টার মধ্যে প্রস্রাব না হয়, তবে ইউরেটারের কোনো বাধা আছে কি না তা নিশ্চিত করতে আপনার একজন ইউরোলজিস্টের সাথে দেখা করা উচিত এবং পরীক্ষা করানো উচিত। এছাড়া, আপনাকে কয়েক দিন উচ্চ ক্যালসিয়ামযুক্ত এবং উচ্চ প্রোটিনযুক্ত খাবার এড়িয়ে চলতে হবে। যদি জ্বর বা প্রস্রাবে পুঁজ দেখা দেয়, তবে আপনার ডাক্তারের সাথে দেখা করা উচিত, কারণ এটি কিডনি সংক্রমণের ইঙ্গিত দিতে পারে। আশা করি আমি আপনার প্রশ্নের উত্তর দিতে পেরেছি। আপনার যদি আরও কোনো প্রশ্ন থাকে, তবে আপনি যেকোনো সময় আমাদের সাথে যোগাযোগ করতে পারেন। আন্তরিক শুভেচ্ছা। আপনার সুস্বাস্থ্য কামনা করি।"
15380,"হেলো, পোস্ট করার জন্য আপনাকে ধন্যবাদ। আপনার স্বামীর সমস্যার সমাধান হয়ে গেছে বলে আপনার চিন্তিত হওয়ার প্রয়োজন নেই। আমার মনে হয় আপনার স্বামী গ্যাস্ট্রিক আলসার এবং বাইলিনিয়ার ডিসঅর্ডারে ভুগছেন। এটি নিশ্চিত করার জন্য তার পেটের ক্ষতির কারণ খুঁজে বের করার জন্য ফাইবার গ্যাস্ট্রোস্টমি করা উচিত এবং পরবর্তীতে পিত্তথলি থেকে নিঃসরণ দেখার জন্য ডিউডেনাম ও প্যাপিলা পরীক্ষা করা উচিত। পেটের সিটি স্ক্যানের মাধ্যমে এই প্রক্রিয়াটি অনুসরণ করা যেতে পারে। তার রক্ত পরীক্ষা এবং এরিথ্রোসাইট সেডিমেন্টেশন রেটও প্রয়োজন। এই সময়ে আপনার স্বামীকে অল্প অল্প করে বারবার খাবার খেতে হবে, মশলাদার খাবার, কফি এবং দুধ এড়িয়ে চলতে হবে। তাকে নিতে হবে"
103380,"হেলো, নাসেনিয়া ডকে আপনাকে স্বাগতম। আপনার মেডিকেল ইতিহাস দেখে, একজন নেফ্রোলজিস্ট হিসেবে আমি আপনার উদ্বেগ বুঝতে পারছি। আপনার সিকেডি (CKD) স্টেজ ৩। এর জন্য লবণের পরিমাণ সীমিত করা প্রয়োজন, প্রোটিন গ্রহণ - ০.৬ থেকে ০.৮ গ্রাম/কেজি/দিন, প্রস্রাবের পরিমাণ অনুযায়ী পানি পান করা এবং আপনার কার্যকলাপের মাত্রার ওপর ভিত্তি করে ক্যালোরি গ্রহণ করা প্রয়োজন। অনুগ্রহ করে একজন ডায়েটিশিয়ানের পরামর্শ নিন। ক্যালসিয়াম, ফসফরাস এবং ইউরিক অ্যাসিডের মাত্রা পরীক্ষা করুন। আপনার নেফ্রোলজিস্টের সাথে পরামর্শ করুন, অথবা উপরের রিপোর্টগুলো নিয়ে আমার সাথে যোগাযোগ করতে পারেন। আমার মনে হয় এটি আপনার জন্য সহায়ক হবে। শুভকামনা। নিজের যত্ন নেবেন। নাসেনিয়া ডক।"
66040,"হেলো। জরায়ু এবং ডিম্বাশয় স্বাভাবিক। এন্ডোমেট্রিয়াল পুরুত্ব কিছুটা বেশি। এটি নিয়ন্ত্রণ করার জন্য আপনার অবশ্যই একজন স্ত্রীরোগ বিশেষজ্ঞের পরামর্শ নেওয়া উচিত। সাধারণ কর্টিকাল সিস্ট গুরুত্বপূর্ণ নয়, তবে রেনাল আল্ট্রাসাউন্ডের মাধ্যমে এটি নিয়ন্ত্রণ করা আবশ্যক। ৪.১ মিমি ক্যালকুলাস, বিশেষ করে যদি ঘন ঘন রেনাল কোলিক ব্যথা থাকে, তবে অবশ্যই তা অপসারণ করতে হবে। রক্ষণশীল চিকিৎসা রয়েছে, এক্সট্রাকর্পোরিয়াল শক ওয়েভ লিথোট্রিপসি (ESL), যা পাথরগুলোকে ছোট ছোট টুকরো করে প্রস্রাবের সময় বের করে দেয়। সেই চিকিৎসার মূল্য এবং সিদ্ধান্ত নেওয়ার জন্য একজন ইউরোলজিস্টের সাথে দেখা করুন। আমি আপনার সুস্বাস্থ্য কামনা করি।"
47299,"হেলো, আপনার ঘাড়ের ব্যথা, আঙুলের অসাড়তা এবং অঙ্গের ব্যথা ঘাড়ের সার্ভিকাল মেরুদণ্ডে প্রোল্যাপসড ডিস্কের ইঙ্গিত দেয়। এই স্নায়ুগুলো সি মেরুদণ্ড থেকে হাত পর্যন্ত বিস্তৃত। এর জন্য সি মেরুদণ্ডের একটি এমআরআই (MRI) প্রয়োজন, যা ডিস্কের অবস্থা এবং স্নায়ুর ওপর চাপের প্রমাণ প্রকাশ করবে। ইতিমধ্যে, আপনি ব্যথানাশক (ট্রামাডল/প্যারাসিটামল) এবং মেডিকেলের মতো মাসল রিলাক্স্যান্ট গ্রহণ করতে পারেন। আপনার গ্যাবাফেন্টিন এবং প্রেগাবালিনের মতো ওষুধেরও প্রয়োজন হতে পারে, যা আপনার ডাক্তার এই পদক্ষেপগুলোর পাশাপাশি বিশ্রাম এবং গরম সেঁক দেওয়ার পরামর্শ দেবেন। এমআরআই আপনার ডাক্তারকে সিদ্ধান্ত নিতে সাহায্য করবে যে অস্ত্রোপচারের প্রয়োজন আছে নাকি এই পদ্ধতিগুলো যথেষ্ট হবে। আশা করি আমি আপনার প্রশ্নের উত্তর দিতে পেরেছি। আমি আপনাকে আরও কোনোভাবে সাহায্য করতে পারি কিনা তা জানাবেন।"
96545,"হেলো এবং নাসেনিয়া ডককে জিজ্ঞাসা করার জন্য আপনাকে ধন্যবাদ। আমি আপনার ছেলের মেডিকেল হিস্ট্রি পড়েছি এবং তার শারীরিক অবস্থার কথা শুনে আমি দুঃখিত। প্রতিটি ডাক্তার যখন কোনো রোগীকে দেখেন, তখন তাদের সাথে কথা বলা প্রয়োজন, কারণ এর মাধ্যমে আমরা সম্ভাব্য রোগ নির্ণয় সম্পর্কে আরও সঠিক ধারণা পেতে পারি। এছাড়া, ব্যথার কারণ হলো বেশিরভাগ সময় আমরা জরুরি বিভাগে (ER) যাই। যেহেতু আপনার ছেলে যোগাযোগ করতে পারছে না, তাই তার পিত্তথলি তার লিভারে প্রভাব ফেলছে কি না বা এটি কোলেসিস্টাইটিস (পিত্তথলির সংক্রমণ) সৃষ্টি করছে কি না তা বলা অসম্ভব। নিশ্চিত হওয়ার জন্য আমাদের কিছু রক্ত পরীক্ষা করতে হবে এবং একজন সার্জনের সাথে দেখা করতে হবে। পিত্তথলির অবস্থা সম্পর্কে নিশ্চিত হওয়ার এটিই একমাত্র উপায়। ল্যাব টেস্ট লিভার এনজাইম এবং অগ্ন্যাশয়ের এনজাইমগুলো সাদা রক্তকণিকা (কোলেসিস্টাইটিসে এগুলো বৃদ্ধি পায়) দেখাবে। এমনকি পিত্তথলির আল্ট্রাসাউন্ডও এর দেয়াল সম্পর্কে আমাদের অনেক তথ্য দিতে পারে (দেয়াল পুরু হয়ে যাওয়া মানে বেশিরভাগ সময় সংক্রমণ হয়)। ইতিমধ্যে আপনার ছেলের স্বাস্থ্যকর খাবার খাওয়া প্রয়োজন। কম চর্বিযুক্ত খাবার খান। তাজা শাকসবজি ও ফলমূল, চর্বিহীন মাংস, হাঁস-মুরগি এবং মাছ। আপনার যদি অন্য কোনো প্রশ্ন থাকে, তবে নির্দ্বিধায় আমার সাথে যোগাযোগ করুন। আপনার ছেলের জন্য শুভকামনা রইল এবং সুস্বাস্থ্য কামনা করছি। নাসেনিয়া ডক।"
54738,"হেলো, কপার টি কোনো হরমোন-ভিত্তিক ডিভাইস নয়, তাই এটি পিরিয়ড দেরি করে না। ডিভাইসটি ব্যর্থ হতে পারে অথবা এর সাথে কোনো হরমোনজনিত সমস্যা থাকতে পারে। যদি আপনার পিরিয়ড এক সপ্তাহের বেশি দেরি হয়, তবে একটি প্রেগন্যান্সি টেস্ট করুন। যদি এটি পজিটিভ হয়, তবে অবিলম্বে আপনার ডাক্তারের সাথে দেখা করুন। যদি এটি নেগেটিভ হয়, তবে আপনার ডাক্তার আপনাকে পিরিয়ডের জন্য ওষুধ দিতে পারেন। এছাড়া পিরিয়ড দেরি হওয়ার কারণও খুঁজে বের করা উচিত।"
103136,"হেলো, ডেইরি, আমি আপনার প্রশ্নটি দেখেছি। আমি আপনার উদ্বেগ বুঝতে পারছি। আপনার চুল, পুঁজ বা কোনো ফোড়া হতে পারে। আপনার একটি কমপ্লিট ব্লাড কাউন্ট (CBC) পরীক্ষা করা উচিত। এছাড়া, আপনার সেফালোস্পোরিন বা অগমেন্টিন-এর মতো অ্যান্টিবায়োটিকের একটি কোর্স নেওয়া উচিত। আপনার ডাক্তারের সাথে পরামর্শ করুন এবং সেই অনুযায়ী চিকিৎসা নিন। আশা করি আমি আপনার প্রশ্নের উত্তর দিতে পেরেছি, যদি আপনার কোনো সন্দেহ থাকে তবে আমি উত্তর দিতে পেরে খুশি হব। নাসেনিয়া ডক ব্যবহার করার জন্য ধন্যবাদ। আপনার সুস্বাস্থ্য কামনা করি।"
20362,"হেলো। অনুসন্ধানের জন্য ধন্যবাদ। হ্যাঁ, এটি মাড়ির ফোড়া হতে পারে অথবা দাঁতের মাড়ির ফোড়া হতে পারে, এটি সংক্রমিত নয়। তবে যদি দাঁতে টোকা দেওয়ার সময় ব্যথা হয়, তবে পেরিঅ্যাপিক্যাল সংক্রমণের কারণে দাঁতের ফোড়া হওয়ার সম্ভাবনা থাকে। তাই প্রথমে দাঁতের এক্স-রে করিয়ে দেখুন এটি দাঁত নাকি মাড়ির ফোড়া। যদি এটি দাঁতের সাথে সম্পর্কিত হয়, তবে রুট ক্যানেল চিকিৎসা করতে হবে। যদি এটি মাড়ির ফোড়া হয়, তবে ডিপ স্কেলিং, অ্যান্টিবায়োটিক এবং গাম পেইন্ট ম্যাসাজ সাহায্য করতে পারে। আশা করি এটি সাহায্য করবে। শুভেচ্ছা।"
25318,"হেলো। নাসেনিয়া ডকে লেখার জন্য ধন্যবাদ। আমি আপনার প্রশ্নটি পড়েছি এবং খুব ভালোভাবে বুঝতে পেরেছি। আমি আপনাকে সাহায্য করার জন্য আমার সর্বোচ্চ চেষ্টা করছি। যেহেতু আপনার সাইনাস, মাথা ঘোরা এবং ভার্টিগোর সমস্যা রয়েছে, তাই আমি আপনাকে দিনে দুবার ডায়াটোনিক ডিসিএ (Diatonic DCA) ট্যাবলেট সেবনের পরামর্শ দিচ্ছি। এছাড়া ভার্টিগোর জন্য দিনে দুবার ৪ মিলিগ্রামের ভার্মিন ট্যাবলেট সেবন করুন। আপনার কুঁচকির অংশে ব্যথা আছে, এটি এর সাথে সম্পর্কিত নয়। যদি লক্ষণগুলো না কমে, তবে একজন ভালো ইএনটি (কান, নাক, গলা) সার্জনের সাথে পরামর্শ করুন। আশা করি আমার পরামর্শ আপনাকে অনেক সাহায্য করবে। ধন্যবাদ এবং শুভেচ্ছা। নাসেনিয়া ডক।"
100278,"আপনার অনুসন্ধানের জন্য ধন্যবাদ, আমি আপনার অনুসন্ধানটি দেখেছি। মাড়িতে ব্যথা মাড়ির পকেট তৈরির কারণে মাড়িতে জমে থাকা ময়লার কারণে হতে পারে। মাড়ির ভাঙা অংশের কাছাকাছি ফোলাভাব খাদ্যকণার জ্বালাপোড়ার কারণে হতে পারে। একজন ওরাল ফিজিশিয়ানের সাথে পরামর্শ করুন এবং এটি পরীক্ষা করান, ওরাল প্রফিল্যাক্সিস (স্কেলিং এবং রুট প্ল্যানিং) করান। আপনার ভাঙা ফিলিংটি পুনরুদ্ধার করা উচিত। দিনে দুবার দাঁত ব্রাশ করে ভালো মুখের স্বাস্থ্যবিধি বজায় রাখুন। লবণ পানি দিয়ে কুলকুচি করুন। আমি যদি আপনার চিকিৎসাকারী ডাক্তার হতাম, তবে আমি আপনাকে প্রথম দিনে দুবার ১০০ দিনের জন্য এবং পরবর্তী চার দিন দিনে একবার (যদি আপনার অ্যালার্জি না থাকে) ডক্সিসাইক্লিন ট্যাবলেট প্রেসক্রাইব করতাম। আশা করি আমার উত্তরটি আপনাকে সাহায্য করবে, ভালো থাকবেন।"
23479,"হেলো, আমি আপনার কেসটি পর্যালোচনা করেছি। আমার মনে হয় এটি সম্ভবত গোড়ালির ভেতরে রক্ত জমাট বাঁধা। একে হেমাটোমা বলা হয়। এটি শীঘ্রই গলে যাবে। আমি আপনাকে গরম পানির সেঁক, অ্যান্টিবায়োটিক এবং এনএসএআইডি (NSAID) শুরু করার পরামর্শ দেব। আমি আপনাকে কমপ্রেশন ব্যান্ডেজ ব্যবহার করারও পরামর্শ দেব। এছাড়া, আশা করি এই উত্তরটি আপনার জন্য সহায়ক হবে। আপনার যদি আরও কোনো প্রশ্ন থাকে তবে আমাকে জানাবেন। ধন্যবাদ।"
75132,"নাসেনিয়া ডকে আপনার প্রশ্নের জন্য ধন্যবাদ। আমি আপনার উদ্বেগ বুঝতে পারছি। হ্যাঁ, এই ধরনের চাপা ব্যথা নিয়ে আপনার অবশ্যই চিন্তিত হওয়া উচিত। যেহেতু আপনার আগে এমআই (মায়োকার্ডিয়াল ইস্কেমিয়া) ছিল, তাই হৃদরোগের সম্ভাবনা বেশি। তাই অবিলম্বে একজন ডাক্তারের সাথে পরামর্শ করুন এবং হৃদরোগের সম্ভাবনা যাচাই করতে ইসিজি (ECG), টু-ডি ইকো (2D echo) এবং স্ট্রেস টেস্ট (ট্রেডমিল টেস্ট) করান। যদি এই সব রিপোর্ট স্বাভাবিক থাকে, তবে এটি জিইআরডি (গ্যাস্ট্রোইসোফেজিয়াল রিফ্লাক্স ডিজিজ) হতে পারে। এটি গ্যাস্ট্রোইসোফেজিয়াল স্ফিংটারের শিথিলতার কারণে হয়। এর ফলে পাকস্থলীর অ্যাসিড খাদ্যনালীতে উঠে আসে এবং সেন্ট্রাল স্কুইজিং ধরনের ব্যথা সৃষ্টি করে। তাই প্রোটন পাম্প ইনহিবিটর এবং প্রোকেিনেটিক ওষুধ সেবন করুন। গরম এবং মশলাদার খাবার এড়িয়ে চলুন। চিন্তা করবেন না, আপনি সুস্থ হয়ে উঠবেন, তবে প্রথমে হৃদরোগজনিত বুকের ব্যথা আছে কিনা তা নিশ্চিত করুন। আশা করি আমি আপনার প্রশ্নের সমাধান করতে পেরেছি। আপনাকে আরও সাহায্য করতে পারলে আমি খুশি হব। আপনার সুস্বাস্থ্য কামনা করি। ধন্যবাদ।"
88532,"হেলো, প্রিয়। আমি আপনার প্রশ্নটি দেখেছি। আমি আপনার উদ্বেগ বুঝতে পারছি। আপনার প্লীহা বড় হয়ে গেছে। এটি আপনার সংক্রমণের কারণে হতে পারে। আপনি সঠিক পথেই আছেন। শুধুমাত্র প্লীহার আকার এবং রক্তকণিকা পর্যবেক্ষণ করাই যথেষ্ট। যদি আপনি সুস্থ না হন, তবে আপনার বোন ম্যারো পরীক্ষা করা উচিত। আশা করি আমি আপনার প্রশ্নের উত্তর দিতে পেরেছি, যদি আপনার কোনো সন্দেহ থাকে তবে আমি উত্তর দিতে পেরে খুশি হব। নাসেনিয়া ডক ব্যবহার করার জন্য ধন্যবাদ। আপনার সুস্বাস্থ্য কামনা করি।"
87184,হেলো! নাসেনিয়া ডকে আপনাকে স্বাগতম! আমি আপনার প্রশ্নটি মনোযোগ সহকারে দেখেছি এবং বলতে চাই যে আপনার লক্ষণগুলো কোনো হৃদরোগের সাথে সম্পর্কিত বলে মনে হচ্ছে না। আপনার করা কার্ডিয়াক পরীক্ষা এবং রক্ত পরীক্ষা এই বিষয়টি নিশ্চিত করতে পারে। এই সমস্ত ক্লিনিকাল পরিস্থিতিতে উদ্বেগ একটি গুরুত্বপূর্ণ ভূমিকা পালন করতে পারে। আমি আপনাকে এই বিষয়ে মনোযোগ দেওয়ার পরামর্শ দেব। একটি অ্যান্টিডিপ্রেসেন্ট সহায়ক হতে পারে। আপনার এ বিষয়ে আপনার ডাক্তারের সাথে আলোচনা করা উচিত। আশা করি সাহায্য করতে পেরেছি! শুভেচ্ছা!
78357,"আপনার উদ্বেগগুলো আমি বুঝতে পেরেছি এবং আপনার বিস্তারিত তথ্যগুলো দেখেছি। আমি আপনাকে খুব বেশি চিন্তা না করার পরামর্শ দিচ্ছি। না, আপনি কোনো ভুল করেননি। আপনি কেবল আপনার জন্য চিন্তিত। আপনার জানা উচিত যে এই সমস্যাগুলো মানসিক রোগ নয়, বরং মানসিক ব্যাধি। অনেক গবেষণা এবং গবেষক নিশ্চিত করেছেন যে শুধুমাত্র ওষুধ মানসিক ব্যাধি নিরাময় করতে পারে না। জীবনযাত্রার পরিবর্তন, চিন্তাধারার পরিবর্তন, শিথিলকরণ ইত্যাদি ওষুধের মতোই অপরিহার্য। সাইকোথেরাপি আপনাকে আপনার জীবনযাত্রা এবং চিন্তাধারা পরিবর্তন করতে সাহায্য করতে পারে। যোগব্যায়াম এবং ধ্যান আপনার বিপাক এবং স্নায়বিক ভারসাম্য ঠিক রাখতে সাহায্য করে। আরও তথ্যের জন্য অনুগ্রহ করে একজন মনোবিজ্ঞানীর সাথে পরামর্শ করুন। সাইকোথেরাপির কৌশলগুলো আপনার প্রয়োজনের জন্য উপযুক্ত হতে পারে। এই বিষয়ে যদি আপনার আরও সাহায্যের প্রয়োজন হয়, তবে অনুগ্রহ করে এই ইউআরএল-এ আমাকে সরাসরি প্রশ্ন করুন। http"
52213,"আপনার অনুসন্ধানের জন্য ধন্যবাদ, আমি আপনার অনুসন্ধানটি দেখেছি। আপনি যে দাঁতের ব্যথার বর্ণনা দিচ্ছেন তা পালপাইটিসের মতো মনে হচ্ছে, যখন আপনি ঘুমান বা শুয়ে থাকেন, তখন পিউপাল প্রেশার বেড়ে যাওয়ার কারণে আপনার তীব্র তীব্র, তীব্র ব্যথা হতে পারে। একজন ডেন্টাল সার্জনের সাথে পরামর্শ করুন এবং রুট ক্যানেল চিকিৎসার মাধ্যমে দাঁতটি পুনরুদ্ধার করে ক্রাউন করান। ইতিমধ্যে, আমি যদি আপনার চিকিৎসক হতাম, তবে আমি আপনাকে ৫ দিনের জন্য অ্যামোক্সিসিলিন ৫০০ মিগ্রা এবং মেট্রোনিডাজল ৪০০ মিগ্রা দিনে তিনবার (যদি আপনার অ্যালার্জি না থাকে) এবং ক্রোনিনের মতো সিস্টেমিক ব্যথানাশক যেমন ডাইক্লোফেনাক ৫০ মিগ্রা দিনে তিনবার সেবনের পরামর্শ দিতাম। যত দ্রুত সম্ভব দাঁতের চিকিৎসা করানোর চেষ্টা করুন। আশা করি আমার উত্তরটি আপনাকে সাহায্য করবে, ভালো থাকবেন।"
96423,"হেলো, নাসেনিয়া ডকে জিজ্ঞাসা করার জন্য আপনাকে ধন্যবাদ। আমি আপনার ইতিহাস দেখেছি এবং আপনার জন্য নিম্নলিখিত পরামর্শগুলো দিতে চাই যা নিচে দেওয়া হলো। ১. চুলকানি কোনো রোগ নয়, তবে এটি কোনো না কোনো রোগের লক্ষণ। তাই আপনার চুলকানির কারণটি শনাক্ত করা গুরুত্বপূর্ণ। ২. সাধারণত নাসেনিয়া ডকের মতো কারণে চুলকানি হয়। ৩. তাই কোনো পরীক্ষার পরামর্শ দেওয়ার আগে আমি আপনার সম্পর্কে আরও জানতে চাই। আপনার সম্পর্কে বিস্তারিত তথ্য আমাকে কিছু নির্দিষ্ট শারীরিক অবস্থা সম্পর্কে ভাবতে সাহায্য করবে। ৪. যদি কোনো কারণ না থাকে, তবে সাধারণত আমি আমার রোগীদের কিছু প্রাথমিক পরীক্ষা যেমন কমপ্লিট ব্লাড কাউন্ট, র‍্যান্ডম ব্লাড সুগার, প্রস্রাব ও মল পরীক্ষা, সিরাম এসজিপিটি, সিরাম প্রোটিন ইত্যাদি করার পরামর্শ দিই। কখনও কখনও এগুলো সম্ভাব্য অবস্থার ইঙ্গিত দিতে পারে। ৫. বর্তমানে, চুলকানি থেকে আরাম পাওয়ার জন্য আমি আপনাকে সেটিরিজিন বা লেভোসেটিরিজিনের মতো একটি অ্যান্টিহিস্টামিন সেবনের পরামর্শ দিচ্ছি। ৬."
60994,"হেলো, আপনি যে লক্ষণগুলোর কথা উল্লেখ করেছেন তা পেনিসিলিনের সাথে সম্পর্কিত হওয়ার সম্ভাবনা কম, কারণ আপনি ইতিমধ্যে কিছু প্রাক-বিদ্যমান সমস্যার জন্য ক্লোমিড নিচ্ছেন এবং খিঁচুনি ও স্পটিং একই সমস্যার সাথে সম্পর্কিত হতে পারে। যদিও পেনিসিলিনের পর লক্ষণগুলো কেবল শুরু হয়, তবুও আমি আপনাকে আপনার ডাক্তারের সাথে দেখা করার পরামর্শ দিচ্ছি। ততক্ষণ পর্যন্ত ওষুধ খাওয়া বন্ধ রাখুন এবং আপনার বর্তমান ডাক্তারের সাথে পরামর্শ করুন। যদি তিনি আপনাকে ওষুধ চালিয়ে যেতে বলেন, তবে আতঙ্কিত হওয়ার কোনো কারণ নেই কারণ তিনি আপনার সমস্ত মেডিকেল ইতিহাস সম্পর্কে অবগত আছেন। আশা করি আমি আপনার প্রশ্নের উত্তর দিতে পেরেছি। আমি আপনাকে আরও কোনোভাবে সাহায্য করতে পারি কিনা তা জানাবেন। ভালো থাকবেন।"
58819,"হেলো, ফুসফুসে মেটাস্ট্যাসিসসহ পাকস্থলীর ক্যান্সারের ফলে ফুসফুস ভেঙে যায় এবং রোগীর কালো মলের সাথে রক্তক্ষরণ হয়, এমন পর্যায়ে রোগ নির্ণয় খুবই খারাপ। বেঁচে থাকার হার সীমিত। সঠিক সময়সীমা দেওয়া কঠিন। চিকিৎসকরা আপনাকে আরও ভালো মতামত দেবেন, কারণ ল্যাব রিপোর্ট, অক্সিজেনের ওপর নির্ভরশীলতা, সংক্রমণ ইত্যাদির মতো অন্যান্য প্যারামিটারগুলোও বিবেচনায় নেওয়া প্রয়োজন। আশা করি এটি আপনার প্রশ্নের উত্তর দিয়েছে। আরও কোনো প্রশ্ন থাকলে নির্দ্বিধায় জিজ্ঞাসা করতে পারেন।"
46377,"হেলো এবং! আমি আপনার প্রশ্নটি পড়েছি, আমি বুঝতে পারছি যে আপনার এসিটালোপ্রাম ওষুধে সমস্যা হচ্ছে। বাজারে এসিটালোপ্রাম লবণ অনেক নামে পাওয়া যায়, যার মধ্যে একটি হলো শিখুন। আপনাকে জানানো হয়েছে যে উভয়ই একই, যা সঠিক, কারণ শেখার জন্য শুধুমাত্র এসিটালোপ্রাম রয়েছে। এসিটালোপ্রাম হলো নাসেনিয়া ডকের একটি সক্রিয় উপাদান। আমার মনে হয় সমস্যাটি কোম্পানির সাথে সম্পর্কিত। একটি ভালো কোম্পানি এসিটালোপ্রামকে কাঙ্ক্ষিত প্রভাব দেবে, যা অন্য কোনো ব্র্যান্ডে পরিবর্তন করলে দেখা যায় না। কখনও কখনও কিছু কোম্পানি ভালো মানের কাঁচামাল ব্যবহার করে বা সস্তা পণ্য ব্যবহার করতে পারে, যার ফলে রোগীর কোনো প্রভাব নেই বা কোনো অনাকাঙ্ক্ষিত পার্শ্বপ্রতিক্রিয়া হতে পারে। তাই, আপনার এসকিটালোপ্রামের ব্র্যান্ডটি দেখুন এবং আপনার রোগীরা এতে ভালো আছেন কি না এবং তার সমস্যার অন্য কোনো কারণ আছে কি না তা জানতে শিফট করুন। আরও প্রশ্ন থাকলে নির্দ্বিধায় জিজ্ঞাসা করুন। আশা করি উত্তরটি আপনার জন্য সহায়ক হবে।"
93850,"হেলো! এখানে পোস্ট করার জন্য আপনাকে ধন্যবাদ। দাঁতের ব্যথা ঘাড়, মুখ, মাথা এবং ঘাড় পর্যন্ত ছড়িয়ে পড়তে পারে। আতঙ্কিত হবেন না। সংক্রমিত দাঁতের চিকিৎসা করা হলে এটি কমে যাবে। সংক্রমিত দাঁতের একটি এক্স-রে করান। সংক্রমণ কমাতে অ্যামোক্সিসিলিন ৫০০ এবং মেট্রোনিডাজল গ্রহণ করুন। তবে, সংক্রমণ পুরোপুরি নির্মূল করার জন্য সংক্রমিত দাঁত তুলে ফেলা বা রুট ক্যানেলের মতো চিকিৎসার প্রয়োজন। আমি আপনাকে পরামর্শ দিচ্ছি যে সংক্রমণের আরও অবনতি রোধ করতে অবিলম্বে চিকিৎসা নিন। ৩ দিনের জন্য রিটোল ১০ মিগ্রা দিনে তিনবার সেবন করুন। এটি আপনার ব্যথার যত্ন নেবে। এক গ্লাস পানিতে এটি ছড়িয়ে দিন এবং ডাক্তারের সাথে চ্যাট করুন। এটি হাইপোথাইরয়েডিজমের সাথে সম্পর্কিত নাও হতে পারে। শুভেচ্ছা।"
95147,"হেলো, আপনার লক্ষণগুলো হৃদপিণ্ডের সাথে সম্পর্কিত বলে মনে হচ্ছে না, বরং প্যানিক অ্যাটাকের সাথে সম্পর্কিত। আপনার জানা উচিত যে প্যানিক অ্যাটাক এই সমস্ত ক্লিনিকাল পরিস্থিতির অনুকরণ করতে পারে। এই কারণে, আমি আপনাকে এই ক্ষেত্রের একজন বিশেষজ্ঞের (সাইকিয়াট্রিস্ট, সাইকোথেরাপিস্ট) সাথে পরামর্শ করার পরামর্শ দেব, যাতে আপনার পরিস্থিতির উন্নতি হয়। ইতিমধ্যে, আমি যোগব্যায়াম এবং ধ্যান করার পরামর্শ দেব। ক্যাফেইন এবং অ্যালকোহল গ্রহণ এড়িয়ে চলাও গুরুত্বপূর্ণ। আশা করি আমি আপনার প্রশ্নের উত্তর দিতে পেরেছি। আমি আপনাকে আরও কোনোভাবে সাহায্য করতে পারি কিনা তা জানাবেন। ভালো থাকবেন। নাসেনিয়া ডক।"
80247,"হেলো! আপনার অনুসন্ধানের জন্য ধন্যবাদ! আমি মূলত আরবিসি (RBC) এবং হিমোগ্লোবিনের মাত্রা দেখার জন্য প্রথমে একটি সিবিসি (CBC) পরীক্ষা করার পরামর্শ দেব। আপনি কি অন্য কোনো রোগে ভুগছেন, আপনার কি সম্প্রতি কোনো মানসিক চাপ ছিল? চুল পড়া রোধ করতে আপনি শুধুমাত্র ট্রেইল সাপ্লিমেন্ট ব্যবহার করতে পারেন, শুধুমাত্র মনোপ্লেন শ্যাম্পু এবং আকরিক ফিজিশিয়ান শ্যাম্পুর সাথে। যদি আপনার রক্তাল্পতা থাকে, তবে আপনি ফলিক অ্যাসিড এবং আয়রন অ্যাসারবেট (রেশন) সহ সাপ্লিমেন্ট ব্যবহার করতে পারেন। আপনার জন্য শুভকামনা রইল! কোনো কিছু অস্পষ্ট থাকলে আমার সাথে যোগাযোগ করুন!"
6253,"হেলো... চেন্নাই থেকে শুভেচ্ছা। হেলো... নাসেনিয়া ডকে পরামর্শের জন্য আপনাকে ধন্যবাদ। মনে হচ্ছে আপনার শিশুর ভাইরাল ডায়রিয়া হয়েছে। একবার শুরু হলে এটি পুরোপুরি সেরে উঠতে ৫-৭ দিন সময় লাগবে। যদি না শিশুর প্রস্রাব কমে যায়, খুব নিস্তেজ বা অতিরিক্ত ঘুম পায়, মলত্যাগের সাথে রক্ত যায় বা সবুজ পিত্তযুক্ত বমি হয়... তবে আপনার চিন্তার কিছু নেই। মলের সাথে রক্ত না থাকলে অ্যান্টিবায়োটিক ব্যবহারের প্রয়োজন নেই। অপ্রয়োজনে অ্যান্টিবায়োটিক ব্যবহার করলে তা অ্যান্টিবায়োটিক-জনিত ডায়রিয়া ঘটিয়ে পরিস্থিতি আরও খারাপ করতে পারে। আমি আপনাকে জিঙ্ক সাপ্লিমেন্ট (জেড অ্যান্ড ডি নাসেনিয়া ডক) ব্যবহার করার পরামর্শ দিচ্ছি।"
61385,"হেলো, আমি আপনার ইতিহাস পড়েছি। আপনার লিভার এনজাইম সামান্য বেশি, এগুলো ফ্যাটি লিভারের সাথে সম্পর্কিত হতে পারে। আমি আপনাকে হেপাটাইটিস বি এবং হেপাটাইটিস সি পরীক্ষা করার পরামর্শ দিচ্ছি। যদি উপরের পরীক্ষাগুলো নেগেটিভ আসে, তবে আমি আপনাকে ডায়াবেটিস নিয়ন্ত্রণে রাখতে এবং ডায়াবেটিস নিয়ন্ত্রণে রাখার পরামর্শ দেব। এছাড়া, আমি আপনাকে প্রতিদিন ২০ থেকে ৪০ মিনিট নিয়মিত ব্যায়াম করার পরামর্শ দিচ্ছি। এছাড়া, আমি আপনাকে ৩ মাস পর পুনরায় ইনজেকশন নেওয়ার পরামর্শ দেব এবং যদি এটি ভারী হয় তবে ৩ মাস পর পুনরায় ইনজেকশন নেওয়ার পরামর্শ দেব। একজন গ্যাস্ট্রোএন্টারোলজিস্টের সাথে পরামর্শ করুন, যিনি আপনাকে পরবর্তী নির্দেশনা দেবেন।"
103918,"এটি অ্যালার্জি, এবং আপনাকে অ্যালার্জির কারণগুলোর সাথে মিলিয়ে দেখতে হবে। যেকোনো কিছু অ্যালার্জির কারণ হতে পারে, যার ফলে প্রতিক্রিয়া শুরু হতে পারে, যেমন বেত, সাবান, শ্যাম্পু, ক্রিম, শরীরের অন্যান্য উপাদান। অন্যান্য অসুস্থতার জন্য ওষুধ সেবন করতে হতে পারে। শুরুতে এটি পরিষ্কার করতে ৩-৪ সপ্তাহ সময় লাগতে পারে। এটি এমন আচরণ করে। স্টেরয়েড বন্ধ করার পর অল্প সময়ের জন্য অ্যান্টি-অ্যালার্জিক মলম এবং পি-৪ (P-4)-এর জন্য কম প্রোটিনযুক্ত মলম যোগ করুন।"
26574,"হেলো, আমি আপনার প্রশ্নটি মনোযোগ সহকারে পড়েছি এবং ব্যাখ্যা করতে চাই যে উদ্বেগ হাইপারভেন্টিলেশনের দিকে পরিচালিত করে এই সম্পূর্ণ ক্লিনিকাল পরিস্থিতির সৃষ্টি করতে পারে। তবে, আমি এই ক্লিনিকাল পরিস্থিতির পেছনে অন্যান্য সম্ভাব্য কারণগুলো খতিয়ে দেখার জন্য আরও কিছু পরীক্ষা করার পরামর্শ দেব, যা এই ক্লিনিকাল পরিস্থিতির কারণ হতে পারে এমন অন্যান্য সম্ভাব্য কারণগুলো অনুসন্ধান করতে সাহায্য করবে বলে আমি পরামর্শ দেব। আপনি যে পরীক্ষাগুলো করিয়েছেন তা হলো"
50265,"হেলো প্রিয়, আপনার অনুসন্ধানের জন্য ধন্যবাদ। আমেরিকান রেড ক্রস ব্লাড নাসেনিয়া ডকে রক্তদানের জন্য আপনাকে প্রত্যাখ্যান করা হয়েছে। ১ গ্রাম/ডেসিলিটার। হ্যাঁ, এটি রক্তদানের জন্য নির্ধারিত স্ট্যান্ডার্ড লেভেলের চেয়ে কম, অর্থাৎ ১২.৫ গ্রাম/ডেসিলিটার। হ্যাঁ, আপনার নাক দিয়ে ঘন ঘন রক্তপাত হচ্ছে এবং তা সহজে ফিরে আসছে, যেখানে রক্তও শেষ হয়ে যাচ্ছে, কারণ এটি কম এইচই (HE)-এর কারণে হতে পারে। রক্তাল্পতার ধরন জানার জন্য আপনার পেরিফেরাল ব্লাড ফিল্মকে পিবিএফ (PBF) নামে পরিচিত করুন, যাতে সেই অনুযায়ী চিকিৎসা করা যায়।"
96771,"শুভ দিন, এবং নাসেনিয়া ডকের সাথে থাকার জন্য আপনাকে ধন্যবাদ! এটি সম্পূর্ণ কিডনির পাথরের আকার এবং অবস্থানের ওপর নির্ভর করবে। যদি এটি ৪ মিমি-এর চেয়ে ছোট হয়, তবে আপনার মা প্রতিদিন ২ লিটার তরল এবং আলফা-ব্লকার (যেমন ট্যামসুলোসিন আলফুসোজিন) সেবনের মাধ্যমে পাথরটি নিজে থেকেই বের করে দিতে পারেন। ৪ মিমি-এর চেয়ে ছোট পাথরের ক্ষেত্রে নিজে থেকে বেরিয়ে আসার সম্ভাবনা ৮০-৯০%। যদি পাথরটি বড় হয়, তবে বিকল্পগুলোর মধ্যে রয়েছে কিডনির পাথর টুকরো করার জন্য ইএসএল (শকওয়েভ থেরাপি) এবং ইউরেটেরোস্কোপি (পাথর অপসারণের জন্য প্রস্রাবের ছিদ্রে ছোট একটি ছিদ্র প্রবেশ করানো)। পরবর্তী পদক্ষেপ নির্ধারণের জন্য পাথরের আকার ও অবস্থান দেখার জন্য একটি সিটি সোনোগ্রাম প্রয়োজন হবে। আমি আশা করি আপনি যে তথ্য খুঁজছিলেন তা দিতে পেরেছি। আরও কোনো স্পষ্টীকরণের জন্য নির্দ্বিধায় আমাকে আবার লিখুন।"
33653,"নাসেনিয়া ডকে আপনার প্রশ্নের জন্য ধন্যবাদ। আমি আপনার উদ্বেগ বুঝতে পারছি। হ্যাঁ, মারিজুয়ানা ধূমপান বারবার পালমোনারি এমবোলিজমের ঝুঁকি বাড়ায়। প্রকৃতপক্ষে, যেকোনো ধরনের ধোঁয়া শরীরের জন্য ক্ষতিকর। ধোঁয়া প্রদাহ এবং ভাস্কুলাইটিস সৃষ্টি করে। এই ভাস্কুলাইটিস থার্মোজেনিক পদার্থ তৈরি করে। এই পদার্থগুলো ইতিমধ্যে ক্ষতিগ্রস্ত পালমোনারি রক্তনালীগুলোকে ক্ষতিগ্রস্ত করে থ্রম্বাস এবং এমবোলিজম তৈরি করে। তাই আপনার স্বামী যদি ধূমপান চালিয়ে যান, তবে বারবার পালমোনারি এমবোলিজম হওয়ার সম্ভাবনা বেশি থাকে। তাই তাকে এ বিষয়ে পরামর্শ দেওয়া ভালো। আপনি তাকে ডেড ডিকশন সেন্টারে ভর্তি করতে পারেন যেখানে কাউন্সেলিংয়ের জন্য কাউন্সেলর পাওয়া যায়। আশা করি আমি আপনার প্রশ্নের সমাধান করতে পেরেছি। আপনাকে আরও সাহায্য করতে পারলে আমি খুশি হব। আপনার স্বামীর সুস্বাস্থ্য কামনা করছি। ধন্যবাদ।"
112088,"হেলো, পিরিয়ডের তারিখের মাত্র কয়েক দিন আগে টানা পদ্ধতিতে অনিরাপদ যৌন মিলন অত্যন্ত নিরাপদ। এছাড়া, তিনি ২৬-২৭ ঘণ্টার মধ্যে আই-পিল গ্রহণ করেন, যা ৮৫%-এরও বেশি সুরক্ষা প্রদান করে। এখানে গর্ভধারণের সম্ভাবনা খুবই কম। উপরের ক্লিনিকাল বৈশিষ্ট্যগুলো মূলত আই-পিল বা মাসিক পূর্ববর্তী লক্ষণগুলোর পার্শ্বপ্রতিক্রিয়ার কারণে হয়ে থাকে। তবে, হরমোনের ভারসাম্যহীনতা এবং মানসিক চাপের কারণে পিরিয়ড ১-২ সপ্তাহ দেরি হতে পারে। তাকে পিরিয়ডের জন্য অপেক্ষা করতে হবে। ইতিমধ্যে সে সুষম খাবার গ্রহণ করবে, ডাক্তারের সাথে চ্যাট করুন।"
48931,"হেলো, আমি আপনার কেসটি পর্যালোচনা করেছি। আপনার হাঁটুর অস্টিওআর্থ্রাইটিসের জন্য। ভিসকোসপ্লিমেন্টেশন গ্রহণ করুন। * আর্থ্রাইটিক জয়েন্টে (বিশেষ করে হাঁটুর জয়েন্টের মতো বড় জয়েন্ট) নির্ধারিত মাত্রায় ১-২ বছর পর্যন্ত দেওয়া হলে স্বল্পমেয়াদী ব্যথা উপশম হবে। * কার্টিলেজ ইনজুরির জন্য নতুন পদ্ধতির মধ্যে রয়েছে অটোলোগাস চেন। ডাক্তারের সাথে চ্যাট করুন। আশা করি এটি আপনার প্রশ্নের উত্তর দিয়েছে। আপনার যদি আরও কোনো প্রশ্ন বা ফলো-আপ জিজ্ঞাসা থাকে, তবে আমাদের লিখতে দ্বিধা করবেন না। আমি আপনার প্রশ্নের উত্তর দিতে পেরে খুশি হব। আপনার সুস্বাস্থ্য কামনা করছি। ভালো থাকবেন।"
24763,"হেলো, প্রিয়, নাসেনিয়া ডক ভার্চুয়াল ক্লিনিকে আপনার জিজ্ঞাসার জন্য ধন্যবাদ। আপনার দেওয়া তথ্যের ভিত্তিতে আমি আপনার জিজ্ঞাসাটি পর্যালোচনা করেছি। আমি আপনার স্বাস্থ্য সংক্রান্ত উদ্বেগগুলো বুঝতে পেরেছি। ব্যথাহীন মলদ্বারের পিণ্ডের কারণ - আপনার দেওয়া তথ্য অনুযায়ী, আপনার এটি সেবাসিয়াস সিস্ট বা এপিডার্মিস সিস্ট বলে মনে হচ্ছে, যা মলদ্বারের উপরে ১ সেমি এবং মলদ্বারের ত্বকে অবস্থিত। আমি প্রয়োজনে এফএনএসি (FNAC) বায়োপসি করার পর এক্সিশন বায়োপসি করার পরামর্শ দেব, যাতে এটি ক্যান্সার কি না তা নিশ্চিত হওয়া যায়, যা আপনার ক্ষেত্রে হওয়ার সম্ভাবনা কম। এফএনএসি বায়োপসি এবং এইচপিআর (HPR) রিপোর্ট নিশ্চিত না হওয়া পর্যন্ত আপনার পেরিয়ানাল পিণ্ডটি ক্যান্সার কি না তা নিয়ে চিন্তা করবেন না। আপনার ক্ষেত্রে নিজে নিজে চিকিৎসা বা ওষুধ সেবন করবেন না, কারণ এতে জটিলতা বাড়তে পারে। আশা করি এই উত্তরটি আপনার জিজ্ঞাসার সমাধান করবে এবং আপনার ডাক্তারের সাথে চিকিৎসার পরিকল্পনা করতে সাহায্য করবে। আশা করি এটি আপনার স্বাস্থ্য সংক্রান্ত উদ্বেগ দূর করবে। চূড়ান্ত পরামর্শ দেওয়ার আগে এই বিষয়ে আরও কোনো প্রশ্ন থাকলে স্বাগতম। আপনার দ্রুত আরোগ্য কামনা করছি। আপনার দিনটি ভালো কাটুক। নাসেনিয়া ডক। এন. সিনিয়র সার্জিক্যাল স্পেশালিস্ট।"
106947,"হেলো! শুভ সকাল। আমি নাসেনিয়া ডক, আপনার প্রশ্নের উত্তর দিচ্ছি। আমি যদি আপনার ডাক্তার হতাম, তবে আমি আপনাকে পেটের আল্ট্রাসাউন্ড করার পরামর্শ দিতাম, কারণ ইউরেটারিক ক্যালকুলাস এই তীব্র ব্যথার কারণ হতে পারে, অথবা পেটের ভেতরের অন্য কোনো সমস্যার কারণেও এমনটা হতে পারে। রিপোর্ট না আসা পর্যন্ত, আমি আপনাকে কিছু অ্যান্টি-ইনফ্ল্যামেটরি ওষুধ সেবনের পরামর্শ দিতাম। আমি আশা করি এই তথ্যটি আপনার সমস্যার পরবর্তী ব্যবস্থাপনার বিষয়ে আপনার পারিবারিক চিকিৎসক বা আপনার চিকিৎসা প্রদানকারী ডাক্তারের সাথে আলোচনা করতে সাহায্য করবে। কোনো সন্দেহ থাকলে নির্দ্বিধায় জিজ্ঞাসা করবেন। আপনার স্বাস্থ্য সমস্যার বিষয়ে সন্দেহ দূর করতে নাসেনিয়া ডককে বেছে নেওয়ার জন্য ধন্যবাদ। আমি আপনার দ্রুত আরোগ্য কামনা করি। নাসেনিয়া ডক।"
74799,"হেলো, আমি আপনার প্রশ্নটি দেখেছি এবং আপনার উদ্বেগগুলো বুঝতে পেরেছি। আমার মনে হয় আপনি বিনাইন প্যারোক্সিসমাল পজিশনাল ভার্টিগোর সম্মুখীন হচ্ছেন। এই পরিস্থিতিটি ভেস্টিবুলার নার্ভের ভাইরাল সংক্রমণের বিপরীতে দীর্ঘস্থায়ী হয় এবং বারবার ফিরে আসে। এই কারণেই আপনার জিপি বিটাহাইস্টিন প্রেসক্রাইব করেছেন। আপনি একজন স্নায়ুরোগ বিশেষজ্ঞের (নিউরোলজিস্ট) সাথে এলা টেকনিক (Ela technique) ব্যবহার করতে পারেন, যা মাথা ঘোরার সমাধান করতে পারে। যদি এতে কাজ না হয় এবং সাধারণ ফ্রিকোয়েন্সি (১০ মাস অন্তর ৩ বার), তবে আমি একটি এমআরআই (MRI) করার পরামর্শ দেব, যা বিপিপিভি নির্ণয়ের পরিবর্তে অন্যান্য কারণগুলো (ভেস্টিবুলার নার্ভের ভাইরাল সংক্রমণসহ) বাদ দেবে। বেটাহাইস্টিনের বেশ কিছু পার্শ্বপ্রতিক্রিয়া রয়েছে। তবে কিছু রিপোর্টে বিবিবিভিপির ওপর উপকারী প্রভাব দেখা গেছে। তাই এটি সম্পূর্ণ নিরাপদ নয়, তবে আপনার যদি নিশ্চিত বিবিবিপি থাকে তবে আমি এই থেরাপি চালিয়ে যাওয়ার পরামর্শ দেব। আপনার সুস্বাস্থ্য কামনা করি, আরও কোনো প্রশ্ন থাকলে নির্দ্বিধায় জিজ্ঞাসা করুন।"
23896,"হেলো, আপনার মেডিকেল সংক্রান্ত প্রশ্নটি পর্যালোচনা করার পর আমি আপনার উদ্বেগ বুঝতে পেরেছি এবং আপনাকে জানাতে চাই যে সম্ভবত আপনার কার্ডিয়াক অ্যারিথমিয়া হয়েছে, যা কোনো অনাকাঙ্ক্ষিত কার্ডিয়াক ঘটনা এড়াতে মূল্যায়ন করা উচিত। আপনার জন্য একটি প্রাথমিক কার্ডিয়াক মূল্যায়ন করা বাঞ্ছনীয়, যার মধ্যে ইসিজি (ECG), ইকোকার্ডিওগ্রাফি (Echocardiography) এবং হোল্টার টেস্ট অন্তর্ভুক্ত এবং পরবর্তী চিকিৎসার জন্য একজন হৃদরোগ বিশেষজ্ঞের পরামর্শ নেওয়া উচিত। আশা করি আমি আপনার প্রশ্নের উত্তর দিতে পেরেছি। আমি আপনাকে আরও কোনোভাবে সাহায্য করতে পারি কিনা তা জানাবেন।"
3185,"হেলো। আপনার অনুসন্ধানের জন্য ধন্যবাদ। পেশিতে টান লাগা এবং উচ্চ রক্তচাপের মধ্যে সরাসরি কোনো সম্পর্ক নাও থাকতে পারে। আপনার উদ্বেগ/ব্যথা/ভয় সাময়িকভাবে রক্তচাপ বাড়িয়ে দিতে পারে। আপনাকে তিনটি ভিন্ন দিনে রক্তচাপ পরীক্ষা করার পরামর্শ দেওয়া হচ্ছে, এই সময়ের মধ্যে এটি ঠিক হয়ে যেতে পারে। যদি রক্তচাপ না কমে, তবে একজন হৃদরোগ বিশেষজ্ঞের পরামর্শ নিন এবং এর জন্য চিকিৎসা নিন। পেটে ব্যথা আপনার সন্দেহ অনুযায়ী পেশিতে টান লাগার কারণে হতে পারে। একটি ব্যথানাশক এবং পেশী শিথিলকারী ওষুধ এবং কঠোর ব্যায়াম আপনাকে সম্পূর্ণ সুস্থ হতে সাহায্য করবে, যদি না ফুসফুসের সংক্রমণ এবং পেটের উপরের বা নিচের বুকে প্রদাহজনিত সমস্যা থাকে। তবুও নিশ্চিত হওয়া বা বাতিল করা সবসময়ই ভালো -"
65749,"হেলো। আপনার অনুসন্ধানের জন্য ধন্যবাদ। আপনার ইতিহাস অত্যন্ত ধ্রুপদী। আপনার ইতিহাস নিচে দেওয়া হলো: ১. পেটের ডান দিকে ব্যথা এবং বসা অবস্থায় ব্যথা বৃদ্ধি। এটি সাধারণত এমন একটি সাধারণ অবস্থার ক্ষেত্রে ঘটে যেখানে ইলিও-পোসাস নামক পেশী ক্ষতিগ্রস্ত হয় এবং সেখানে ফোড়া থাকে। ২. রোগ নির্ণয়ের সর্বোত্তম উপায় হলো একটি ধ্রুপদী শারীরিক লক্ষণ যা একজন সার্জন সহজেই নির্ণয় করতে পারেন। ৩. পুরো পেটের সিটি স্ক্যান এবং লাম্বো-থোরাসিক স্পাইনের মাধ্যমে রোগ নির্ণয় নিশ্চিত করুন যে মেরুদণ্ডে কোনো প্রকৃত সমস্যা আছে কি না যা এই ধরনের সমস্যার সৃষ্টি করেছে। চিকিৎসা ফলাফলের ওপর নির্ভর করবে। যদি ছেলের ফোড়া থাকে, তবে পুঁজ পরিষ্কার করার জন্য আপনার অস্ত্রোপচারের প্রয়োজন হবে, এটি পরীক্ষা করিয়ে নিন। যক্ষ্মা একটি সাধারণ কারণ।"
7900,"হেলো, আস্ক আ ডক্টর সার্ভিসে আপনাকে স্বাগতম। আমি আপনার প্রশ্নটি পড়েছি। এই ধরনের লক্ষণ সাধারণত মানসিক চাপ, উদ্বেগজনিত ব্যাধি, প্যানিক অ্যাটাক বা নাসেনিয়া ডককে অস্বীকার করার কারণে হয়ে থাকে। আপনাকে জরুরি বিভাগে (ER) যাওয়ার পরামর্শ দেওয়া হচ্ছে, একটি পুঙ্খানুপুঙ্খ মেডিকেল চেক-আপ করান। রক্ত পরীক্ষা, প্রস্রাব পরীক্ষা এবং ইমেজিং পরীক্ষা করান। মূল্যায়ন করান এবং যত দ্রুত সম্ভব চিকিৎসা নিন। আপনার চিকিৎসা নির্ভর করবে শনাক্ত করা রোগের ওপর। বাড়িতে তৈরি খাবার খান, তেল ও মশলাযুক্ত খাবার এড়িয়ে চলুন এবং কোনো আসক্তি থাকলে তা থেকে দূরে থাকুন। ভালো থাকুন।"
3513,"প্রিয়...!! মেইলের জন্য অনেক ধন্যবাদ। আমি আপনার মেইলের বিস্তারিত পড়েছি এবং এর বিষয়বস্তু বুঝতে পেরেছি। আপনার পেটে ব্যথা আপনার পিত্তথলির পাথর অপারেশনের সাথে সম্পর্কিত হতেও পারে আবার নাও হতে পারে। আপনার অস্ত্রোপচারের সাথে সম্পর্কিত কারণগুলো হতে পারে সাধারণ পিত্তনালীতে পাথর, সিবিডি (CBD) সরু হয়ে যাওয়া, সিস্টিক নালীর অবশিষ্টাংশে পাথর ইত্যাদি। অস্ত্রোপচারের সাথে সম্পর্কিত নয় এমন কেসগুলোর মধ্যে রয়েছে ক্রনিক প্যানক্রিয়াটাইটিস, আলসার রোগ, অড ডিসফাংশনের স্ফিংটার ইত্যাদি। যাই হোক, আপনার চূড়ান্ত পরীক্ষা-নিরীক্ষা করা প্রয়োজন। অনুগ্রহ করে একজন গ্যাস্ট্রোএন্টারোলজিস্টের সাথে দেখা করুন এবং পরীক্ষাগুলো করিয়ে নিন। শুভেচ্ছা।"
27473,"প্রিয় গ্রাহক, আপনার উদ্বেগগুলো বুঝতে পেরেছি এবং আপনার বিস্তারিত তথ্যগুলো দেখেছি। একটি এনআইজিএইচটি (NIGHT FALL) / নিশাচর নিঃসরণ / ভেজা নাসেনিয়া ডক। গবেষণায় দেখা গেছে যে, প্রায় ৮৩% পুরুষ তাদের জীবনের কোনো না কোনো সময়ে নিশাচর নিঃসরণ বা নিঃসরণ অনুভব করেন। একজন ব্যক্তি যদি নিশাচর তীব্র উত্তেজনা বা নিশাচর নিঃসরণ বা নিঃসরণ অনুভব করেন, তবে তাতে কোনো দোষ নেই, কারণ এগুলো স্বাভাবিক এবং স্বাস্থ্যকর অভিজ্ঞতা। আপনার একটি ভেজা অভিজ্ঞতা হয়েছে।"
63448,"হেলো, আপনার অনুসন্ধানের জন্য ধন্যবাদ। এই বয়সের শিশুদের ক্ষেত্রে কাইফোসিস সাধারণত অঙ্গবিন্যাসের কারণে হয়ে থাকে। ব্রাচিয়াল প্লেক্সাস ইনজুরি কিফোসিসের কারণ হিসেবে বর্ণনা করা হয়নি। স্কোলিওসিস এবং কিফোসিসের সংমিশ্রণ হতে পারে, তবে একটি অন্যটির কারণ হয় না। পোস্টুরাল কাইফোসিসের চিকিৎসা পিঠের পেশি শক্তিশালী করা এবং সঠিক অঙ্গবিন্যাসের জন্য প্রশিক্ষণের মাধ্যমে করা হয়। আশা করি এটি সহায়ক হবে। আপনার যেকোনো প্রশ্নের উত্তর দিতে পারলে আমি খুশি হব।"
10736,"হেলো প্রিয়, নাসেনিয়া ডকে আপনাকে স্বাগতম, আপনার উদ্বেগটি বুঝতে পারছি। আপনার প্রশ্ন অনুযায়ী, আপনার ঘাড়ে পেশীর ব্যথাসহ লিম্ফ নোড রয়েছে। আপনি যে লক্ষণগুলোর কথা উল্লেখ করেছেন তা গলা ব্যথা, ফোলা লিম্ফ নোড, রিজিওনাল লিম্ফ্যাডেনোপ্যাথি বা টনসিলাইটিসের মতো অবস্থার দিকে নির্দেশ করে। কখনও কখনও শরীরে সংক্রমণের কারণে রোগ প্রতিরোধ ক্ষমতা কমে যায়, যা এটিকে ভাইরাল সংক্রমণের মতো অন্যান্য সংক্রমণের প্রতি সংবেদনশীল করে তোলে। আপনি যে সাদা জিহ্বার কথা উল্লেখ করেছেন তা ওরাল থ্রাশের কারণে হয়েছে, যা রোগ প্রতিরোধ ক্ষমতা কমে যাওয়ার কারণে হতে পারে। আপনি উল্লেখ করেছেন যে আপনি ইতিমধ্যে একজন ডাক্তারের পরামর্শ নিয়েছেন। নির্ধারিত ওষুধ দিয়ে এটি স্বাভাবিক হতে প্রায় এক বা দুই সপ্তাহ সময় লাগবে এবং অবস্থার উন্নতি হলে সাদা জিহ্বাও চলে যাবে। গরম এবং মশলাদার খাবার এড়িয়ে চলুন এবং মুখের সঠিক পরিচ্ছন্নতা বজায় রাখুন। এছাড়া বাইরের ঘাড়ে গরম সেঁক দিন। আশা করি আপনার সমস্যার সমাধান হয়েছে। দ্রুত সুস্থ হয়ে উঠুন। শুভকামনা।"
78850,"হেলো। অনুসন্ধানের জন্য ধন্যবাদ। দাঁতের উভয় পাশে হালকা বাদামী রেখা দাঁতের ওপর দাগ হতে পারে, অথবা পাশের বা প্রক্সিমাল পৃষ্ঠে দাঁতের ক্ষয়ের কারণেও হতে পারে। এটি শুধুমাত্র ক্লিনিকাল মূল্যায়নের মাধ্যমেই নিশ্চিত করা সম্ভব। যদি এটি দাগ থেকে যায়, তবে দাঁতের স্কেলিং এটি অপসারণে সাহায্য করতে পারে। যদি এটি ক্ষয়ের কারণে হয়, তবে দাঁতের কালার রজন ভিত্তিক সিমেন্ট দিয়ে ফিলিং করা সাহায্য করতে পারে। আশা করি এই তথ্যটি সাহায্য করবে। শুভেচ্ছা।"
90138,"নাসেনিয়া ডকে আপনার প্রশ্নের জন্য ধন্যবাদ। আমি আপনার উদ্বেগ বুঝতে পারছি। লিউকেমিয়া বংশগত হতে পারে। আপনার রক্তাল্পতা, জয়েন্টে ব্যথা, হাড়ের ব্যথা, লিম্ফ নোড ফুলে যাওয়া, শ্বাসকষ্ট, পেটে ব্যথা ইত্যাদির মতো সমস্ত লক্ষণ লিউকেমিয়ায় দেখা যায়। আপনার পরিবারে লিউকেমিয়ার ইতিহাসও রয়েছে। তাই লিউকেমিয়া নির্ণয়ের জন্য একজন অনকোলজিস্টের সাথে পরামর্শ করা এবং লিম্ফ নোড বায়োপসি ও বোন ম্যারো বায়োপসি করানো ভালো। আশা করি আমি আপনার প্রশ্নের সমাধান করতে পেরেছি। আপনার সুস্বাস্থ্য কামনা করি। ধন্যবাদ।"
53185,"আপনার মেরুদণ্ডের নিচে এবং কাঁধের হাড়ের মাঝে টক এবং তীব্র ঠান্ডা অনুভূতির লক্ষণগুলো সম্ভবত সার্ভিকাল ডিস্কের সমস্যার ইঙ্গিত দেয়, বিশেষ করে সি৬/সি৭ অঞ্চলে। এটি নির্দেশ করে যে ঘাড় নাড়াচাড়া করলে বা বাঁকালে আপনার পিঠের মেরুদণ্ডের রঙ এবং স্পাইনাল ট্র্যাক্টের এয়ারব্যাগ সংকুচিত হয়ে যায়। আপনার কি ঘাড়ে ব্যথা এবং উপরের অঙ্গের দুর্বলতা বা হাত বরাবর ব্যথা ছড়িয়ে পড়ে? প্রাথমিকভাবে আপনার সার্ভিকাল মেরুদণ্ডের এপি এবং ল্যাটারাল ভিউয়ের এক্স-রে প্রয়োজন হতে পারে এবং যদি এতে কোনো অস্বাভাবিকতা ধরা পড়ে, তবে আরও মূল্যায়নের জন্য আপনার সার্ভিকাল স্পাইনের এমআরআই (MRI) করার প্রয়োজন হতে পারে। ইতিমধ্যে আপনার পরামর্শ হলো সার্ভিকাল কলার পরা এবং অন্তত এক সপ্তাহ ধরে দিনে একবার রিটুনড প্লাস ট্যাবলেট খাওয়া।"
98253,"হেলো এবং নাসেনিয়া ডকে আপনাকে স্বাগতম। একজন ইউরোলজিস্ট হিসেবে, আমি আপনাকে পরামর্শ দিচ্ছি যে, নাসেনিয়া ডক ইনজেকশন সুস্থ কিডনির কিডনির ক্ষতি করে বলে জানা যায়নি। নাসেনিয়া ডকের চিকিৎসা শুরু করার আগে আপনি কি কিডনির কার্যকারিতা পরীক্ষা করেছেন? আপনার প্রশ্ন কিডনির কার্যকারিতা এবং জিএফআর (GFR) সম্পর্কে স্পষ্ট নয়। শব্দচয়নে একটি টাইপোগ্রাফিক ত্রুটি রয়েছে। অনুগ্রহ করে এটি পরীক্ষা করে দেখুন। বিশেষজ্ঞ মতামতের জন্য আপনি এখানে আমার নামে এই প্রশ্নটি করতে পারেন। নাসেনিয়া ডক। মাঙ্গা।"
41018,"হেলো, নাসেনিয়া ডক ভার্চুয়াল ক্লিনিকে আপনার জিজ্ঞাসার জন্য স্বাগতম। আপনার জিজ্ঞাসার বিস্তারিত তথ্যগুলো পর্যালোচনা করেছি। আপনার ডান পায়ে গ্যাংলিয়ন সিস্ট হয়েছে বলে মনে হচ্ছে। ভারী পরিশ্রমের পর এই পিণ্ডে ব্যথা হয়, যা হাড়ের চারপাশের হাড় এবং ক্লান্তিকর অংশের ঘর্ষণজনিত প্রদাহের কারণে হয়। এই পিণ্ডটি মূলত হিস্টিওসাইটোমা এবং ডান পায়ের ছোট হাড়ের জয়েন্টের সাইনোভিয়াল খাপ থেকে উদ্ভূত একটি বিনাইন হ্যামারটোমাট টিউমার। সিটি গাইডেড আর্থ্রোস্কোপিক লেজার অ্যাবলেশন বর্তমানে সবচেয়ে ভালো এবং সবচেয়ে ভালো চিকিৎসা পদ্ধতি। তাই ক্যান্সার নিয়ে চিন্তা করবেন না। এবং এটি খুব ভালো নিরাময়যোগ্য একটি পিণ্ড। এই উত্তরটি আপনাকে আপনার ডাক্তারের সাথে চিকিৎসার পরিকল্পনা করতে সাহায্য করবে। ২ সপ্তাহ পর আমার সাথে ফলোআপ প্রিমিয়াম প্রশ্ন নিয়ে যোগাযোগ করুন। আপনার আঘাতের জন্য ধন্যবাদ। আপনার চমৎকার রিভিউ দিলে কৃতজ্ঞ থাকব। প্রয়োজনে এই বিষয়ে অন্য কোনো প্রশ্ন থাকলে স্বাগতম। দিনটি ভালো কাটুক!! নাসেনিয়া ডক। এস. জেনল-সিভিটিএস"
23303,"হেলো, আপনার জিজ্ঞাসা অনুযায়ী, আপনার সন্তানের বারবার কাশির লক্ষণ রয়েছে যা আপার রেসপিরেটরি ট্র্যাক্ট ইনফেকশনের কারণে ব্রঙ্কাইটিস বা গ্র্যানুলার ফ্যারিঞ্জাইটিস হতে পারে। চিন্তার কিছু নেই। যেহেতু সে ইতিমধ্যে অনেক ওষুধ খাচ্ছে এবং এখনও আক্রান্ত হয়নি, তাই আমি আপনাকে হালকা গরম লবণ পানি দিয়ে গড়গড়া করার এবং দিনে দুবার ভাপ নেওয়ার পরামর্শ দেব। কড়া এবং মশলাদার খাবার এড়িয়ে চলুন। ঠান্ডা কার্বনেটেড পানীয় এড়িয়ে চলুন। ১ সপ্তাহের মধ্যে আপনার লক্ষণগুলো সেরে যাবে। যদি লক্ষণগুলো থেকে যায়, তবে আপনার একবার শিশু বিশেষজ্ঞের সাথে পরামর্শ করা উচিত এবং সঠিক চিকিৎসা নেওয়া উচিত। আপনার বুকের এক্স-রে এবং পালমোনারি ফাংশন টেস্ট করানো উচিত। ডাক্তার আপনাকে অ্যান্টিবায়োটিক (অ্যামোক্সিসিলিন বা পেনিসিলিন) এবং ডিকনজেস্ট্যান্ট প্রেসক্রাইব করতে পারেন। আশা করি আমি আপনার প্রশ্নের উত্তর দিতে পেরেছি। আমি আপনাকে আরও কোনোভাবে সাহায্য করতে পারি কিনা তা জানাবেন।"
65363,"হেলো, প্রিয়, নাসেনিয়া ডক ভার্চুয়াল ক্লিনিকে আপনার অনুসন্ধানের জন্য ধন্যবাদ। আপনি যে বিস্তারিত তথ্য দিয়েছেন তা আমি পড়েছি। আমি আপনার স্বাস্থ্য সংক্রান্ত উদ্বেগগুলো বুঝতে পেরেছি। আপনার জিজ্ঞাসা করা স্বাস্থ্য সমস্যার কারণ- পায়ের আঙুলে পিণ্ডের অনেক কারণ থাকতে পারে। সীমিত তথ্যের ভিত্তিতে, গোড়ালির পিণ্ড নিয়ে কিছুটা বিভ্রান্তি রয়েছে? যা আপনার প্রশ্ন থেকে স্পষ্ট নয়। আপনার দেওয়া তথ্য অনুযায়ী, আপনার পায়ের আঙুলের পেছনে টেনিস বলের আকারের পিণ্ড, চারপাশে প্রচুর সংক্রমণ এবং সেলুলাইটিস রয়েছে বলে মনে হচ্ছে। আর মনে হচ্ছে এই পিণ্ডটি প্রায় ১ বছর ধরে রয়েছে। আপনার ক্ষেত্রে কারণ - তাই নিজে থেকে এর চিকিৎসা করবেন না, কারণ এটি বড় পায়ের আঙুলের গ্র্যানুলোমাসহ প্যারোনিচিয়া হতে পারে, অথবা এটি ইনগ্রোয়িং নেল (গ্রানুলোমাসহ পাইডার্মা) বা দীর্ঘস্থায়ী সংক্রমণের কারণে বিনাইন বা ম্যালিগন্যান্ট টিউমার হতে পারে। যারা আপনাকে পরামর্শ দেবেন, অন্য কেউ আপনাকে পরামর্শ দেবেন। একটি পিণ্ড এবং মুষ্টিবদ্ধ হাতের তথ্য আপনাকে সাহায্য করবে। তাই উপরের পরামর্শ অনুযায়ী তার দ্বিতীয় মতামত নিন, কারণ তিনি আপনাকে মুষ্টিবদ্ধ ক্লিনিকাল তথ্য দিয়ে পরামর্শ দেবেন। প্রতিকার- তাই যতক্ষণ না আপনি ইআর বা থোরাসিক সার্জনের সাথে পরামর্শ করবেন এবং উপরের পরীক্ষাগুলোর পর তার চূড়ান্ত মতামত না পাওয়া পর্যন্ত চিন্তা করবেন না, তবে আপনার চিন্তিত হওয়া উচিত কারণ এটি এর সাথে সম্পর্কিত অন্য কোনো সমস্যার জটিলতা সৃষ্টি করতে পারে। ইতিমধ্যে, নাসেনিয়া ডক। অ্যান্টি-ইনফ্ল্যামেটরি ওষুধ গ্রহণ করুন।"
109663,"হেলো, মনে হচ্ছে আপনার মায়ের হাঁটুর জয়েন্টের কাছে সম্ভবত ফ্র্যাকচার হয়েছে। আপনার স্থানীয় বা ডাক্তার ট্র্যাকশন এবং প্লাস্টার ব্যবহার করেছেন। তিনি তার বয়স এবং কম ওজনের কারণে চিকিৎসার এই রক্ষণশীল পদ্ধতিটি বেছে নিয়েছিলেন। সেই সময়ের প্রয়োজন ছিল কারণ তিনি অস্ত্রোপচার বা অন্য কোনো চিকিৎসার জন্য উপযুক্ত ছিলেন না। সম্ভবত তার ফ্র্যাকচারটি সামান্য মিসলাইনড হতে পারে। এটি তার ব্যথার অন্যতম কারণ হতে পারে অথবা তার হাড় ও পেশিতে দুর্বলতা থাকতে পারে। আমার রুটিন চিকিৎসায়, জয়েন্টের গঠনগত কোনো সমস্যা আছে কি না তা নিশ্চিত করার জন্য আমি আক্রান্ত অংশের এক্স-রে করতাম। সেক্ষেত্রে তিনি কাস্টম-মেড ব্রেস ব্যবহার করতে পারেন। আপনি এর জন্য একজন অর্থোপেডিক বিশেষজ্ঞের সাহায্য নিতে পারেন। বিস্তারিত পরীক্ষার পর আপনার অর্থোপেডিক ডাক্তার এটি প্রেসক্রাইব করতে পারেন। পেশীর দুর্বলতার জন্য, একজন ফিজিওথেরাপিস্ট তাকে কোয়াড্রিসেপসের মতো ব্যায়াম দিয়ে সাহায্য করতে পারেন। আশা করি আমি আপনার প্রশ্নের উত্তর দিতে পেরেছি। আমি আপনাকে আরও কোনোভাবে সাহায্য করতে পারি কি না তা জানাবেন।"
32945,"নাসেনিয়া ডকে আপনাকে স্বাগতম। শুধুমাত্র সমস্যা থাকলেই আপনার ওষুধ খাওয়া উচিত। ইতিমধ্যে আপনি আপনার অ্যালার্জির উৎস শনাক্ত করতে পারবেন। আপনার রুটিন, খাদ্যাভ্যাস, পরিবেশ, পোশাক, রঙ, কোনো নির্দিষ্ট শারীরিক অবস্থা, কোনো নির্দিষ্ট দিন বা রাতের সময়, আবহাওয়ার সাথে সম্পর্কিত অ্যালার্জির উৎস সম্পর্কে জেনে নিন। তাই উৎসটি শনাক্ত করুন, এটি ভবিষ্যতে আক্রমণ প্রতিরোধ করতে সাহায্য করবে। আপনি অ্যালার্জি পরীক্ষা করতে পারেন এবং উৎস খুঁজে বের করতে পারেন। নাসেনিয়া ডক।"
70905,"হেলো, নাসেনিয়া ডকে লেখার জন্য আপনাকে ধন্যবাদ। গর্ভাবস্থার কারণে যোনি এবং বগলের চারপাশের ত্বকের কালো হয়ে যাওয়া সম্পূর্ণ শারীরবৃত্তীয়, কারণ সেখানে প্রধান হরমোনের ওঠানামা থাকে। তাই, কালোভাব নিয়ে চিন্তার কিছু নেই। স্ট্রেচ মার্ক যা স্ট্রেচ নামেও পরিচিত, তা প্রায়শই দ্রুত বৃদ্ধি বা দ্রুত ওজন পরিবর্তনের সাথে যুক্ত ত্বকের দ্রুত প্রসারণের ফলাফল। স্ট্রেচ মার্ক হরমোনের পরিবর্তনের কারণেও প্রভাবিত হয় এবং আপনার ক্ষেত্রে এটি গর্ভাবস্থার কারণে হয়েছে। স্ট্রেচ মার্ক চিকিৎসার জন্য কুখ্যাত এবং এর ফলাফল অত্যন্ত পরিবর্তনশীল। আপাতত, আমি দিনে দুবার ভিটামিন ই সমৃদ্ধ তেল ব্যবহারের মাধ্যমে ন্যূনতম চিকিৎসার পরামর্শ দেব। পরবর্তীতে গর্ভাবস্থার পর আপনি রাতে ঘুমানোর আগে ০.১% রেটিনয়েড জেল (পরবর্তী ০.১%) এবং সন্ধ্যায় ১২% গ্লাইকোলিক অ্যাসিড (গ্লাইকোলিক অ্যাসিড) ক্রিমের মতো বিস্তৃত চিকিৎসা নিতে পারেন। এছাড়া, বর্ধিত ফলাফলের জন্য হলুদ পিল বা রাসায়নিক পিলিং, মাইক্রোডার্মাব্রেশন, লেজার থেরাপি এবং মনোথেরাপির মতো প্রসাধনী পদ্ধতিগুলো চেষ্টা করা যেতে পারে। আশা করি এটি আপনার প্রশ্নের সমাধান করবে। ধন্যবাদ নাসেনিয়া ডক।"
50472,"ফলিকুলার লিম্ফোমার পূর্বাভাস হিস্টোলজিক্যাল গ্রেড এবং প্রসারণ ফ্র্যাকশনের ওপর নির্ভর করে। গ্রেড ১ এবং ২-এ অলসতা থাকে এবং গ্রেড ৩-এ আরও আক্রমণাত্মক কোর্স থাকে। ৬-এর বেশি ক্রোমোজোমাল ফ্র্যাকশনের উপস্থিতি এবং খারাপ ফলাফলের সাথে একটি জটিল ক্যারিওটাইপ রয়েছে। আপনি আপনার পরীক্ষার ফলাফলের সাথে এর সম্পর্ক খুঁজে বের করুন, কোনো রোগের নির্দিষ্ট সময়কাল বলা সম্ভব নয়, তবে আপনি রোগের তীব্রতা সম্পর্কে জানতে পারবেন। আশা করি আপনি যা চান তা পাবেন।"
52745,"হেলো, নাসেনিয়া ডক ফোরামে আপনাকে স্বাগতম। পর্যায় ৩ মানে হলো টিউমারটি কোলনের দেয়াল এবং আশেপাশের লিম্ফ নোডগুলোতে ছড়িয়ে পড়েছে - এর অর্থ হলো অস্ত্রোপচার সম্ভব, তবে এটি শুধুমাত্র অণুবীক্ষণ যন্ত্রের মাধ্যমে ক্যান্সার এবং আক্রান্ত কোলনকে অপসারণ করতে পারে। এটি লিম্ফ নোডও অপসারণ করতে পারে, তবে ক্যান্সার এখনও ছড়িয়ে পড়েনি তা নিশ্চিত করা সম্ভব নয়। তাই যদি সিটি স্ক্যান এবং পিই (PE) পরীক্ষায় কোনো মেটাস্ট্যাসিসের উপস্থিতি দেখা যায়, তবে অবশ্যই অস্ত্রোপচার করা উচিত। অস্ত্রোপচারের পর কেমোথেরাপি শুরু করা যেতে পারে। যদি কোলনের বাইরে ক্যান্সারের প্রমাণ থাকে, তবে প্রথমে বেহেমথ পরীক্ষা করা উচিত। আশা করি আমি আপনার প্রশ্নের উত্তর দিতে পেরেছি। আপনার সুস্বাস্থ্য কামনা করি। শুভেচ্ছা।"
64254,"নাসেনিয়া ডক ফোরামে জিজ্ঞাসা করার জন্য ধন্যবাদ। সংক্ষেপে বলতে গেলে, বীর্যপাতের সময় ১-৫ মিলি সেমিনাল ফ্লুইড স্বাভাবিক। ব্যাখ্যা করা হয়েছে যে, আপনি ভ্যাসেক্টমি করিয়েছেন। সাধারণত সেমিনাল ফ্লুইডের বেশিরভাগ অংশ সেমিনাল ভেসিকল এবং প্রোস্টেট থেকে আসে, শুক্রাণু থেকে নয়। তাই, আপনার ভ্যাসেক্টমি আপনার সেমিনাল ফ্লুইডের পরিমাণকে খুব বেশি প্রভাবিত করেনি। আমি আপনাকে বলেছি ১-৫ মিলি বীর্যপাত স্বাভাবিক। তাই আপনার লিঙ্গোত্থান বা অর্গাজমের সমস্যা না থাকলে ভলিউম নিয়ে চিন্তা করা বন্ধ করুন। উপভোগ করুন, শুভকামনা।"
107215,"হেলো, নাসেনিয়া ডক ব্যবহার করার জন্য ধন্যবাদ। এটি দানার মতো মনে হচ্ছে, এটি বারবার বেদনাদায়ক র‍্যাশ হওয়ার সবচেয়ে সাধারণ কারণ। এর সাথে সম্পর্কিত ব্যথা নিরাময় করা কঠিন হতে পারে, সাধারণ ব্যথানাশক ওষুধ সাধারণত কার্যকর হয় না। তার গাবাপেন্টিন, লিরিকা, অ্যামিট্রিপটাইলিনের মতো ওষুধের প্রয়োজন হতে পারে। এগুলো স্নায়ুজনিত ব্যথার জন্য ব্যবহৃত হয়। র‍্যাশ পুনরায় হওয়া রোধ করার জন্য তিনি শিংলস ভ্যাকসিনের কথা বিবেচনা করতে পারেন। আশা করি এটি সাহায্য করবে।"
104965,"হেলো, নাসেনিয়া ডকে প্রশ্ন করার জন্য আপনাকে ধন্যবাদ। সব শিশুর জন্মের সময় লাল ঠোঁট গোলাপি রঙের হয়। শিশুর রঙের জিনের ওপর নির্ভর করে জন্মের ২-৩ সপ্তাহের মধ্যে ত্বকের পিগমেন্টেশন শুরু হয়। যদি আপনার ঠোঁট কালো হয়, তবে স্বাভাবিকভাবেই আপনার শিশুর ঠোঁটও মায়ের মতোই কালো হয়ে যায়। ওষুধের মাধ্যমে ঠোঁটের রঙ পরিবর্তন করা সম্ভব নয়। আশা করি এই উত্তরটি আপনার কাজে আসবে, প্রয়োজনে আরও প্রশ্ন করতে দ্বিধা করবেন না। ভালো থাকবেন। নাসেনিয়া ডক। ভি. সুব্রহ্মণ্যম এমডি; পেডিয়াট্রিক্সের সহযোগী অধ্যাপক।"
55208,"হেলো, ফলিকলের আকার ১৮ মিমি হলে ফলিকল ফেটে যাওয়ার সম্ভাবনা বেশি থাকে। বড় আকারের সিস্ট তৈরি হতে পারে। আইইউআই (IUI)-এর প্রথম চক্রে গর্ভধারণের হার ১০-২০%, যা ৩৫ বছরের বেশি বয়সীদের তুলনায় ৩৫ বছরের কম বয়সীদের ক্ষেত্রে বেশি থাকে। যদি উভয় ফলিকল একই সময়ে ডিম্বাণু নিঃসরণ করে, তবে উভয়ই নিষিক্ত হতে পারে। আশা করি আপনার প্রশ্নের উত্তর পেয়েছেন। ভালো থাকবেন।"
61318,"হেলো, লক্ষণগুলো একজন সম্ভাব্য চ্যাট ডাক্তারের ইঙ্গিত দেয়। একে হাইপোটেনশন বলা হয়। এতে আপনার রক্তচাপ ছাড়া বাকি সব রিপোর্ট স্বাভাবিক থাকবে। যদি এমনটা ঘটে, তবে আপনাকে যত দ্রুত সম্ভব রক্তচাপ পরীক্ষা করতে হবে। হাসপাতালে পৌঁছানোর সময় এটি আরও ভালো বা সংশোধনযোগ্য হতে পারে। তাই যখন এমনটা ঘটবে, তখন যত দ্রুত সম্ভব কাউকে বাড়িতে রক্তচাপ পরীক্ষা করতে বলুন। আশা করি আমি আপনার প্রশ্নের উত্তর দিতে পেরেছি। আমি আপনাকে আরও কোনোভাবে সাহায্য করতে পারি কিনা তা জানাবেন। ভালো থাকবেন।"
105765,"হেলো, যেহেতু আপনি ডাইইউরেটিক পিল খেতে ভুলে গেছেন, তাই আপনার পেরিটোনিয়াল ক্যাভিটিতেও তরল জমা হতে পারে, যার ফলে ফোলাভাব অনুভব করা সম্ভব। ওষুধ পুনরায় শুরু করার পরেও যদি অবস্থার উন্নতি না হয়, তবে কোনো শান্টিং ত্রুটি আছে কিনা তা মূল্যায়ন করার জন্য আপনার একটি চেকআপ (প্রাথমিকভাবে পেটের আল্ট্রাসাউন্ড) করানো উচিত। এমনকি ভেন্ট্রিকুলোপেরিটোনিয়াল শান্টিংয়ের পরেও দীর্ঘ সময় ধরে ফোলাভাব থাকা উচিত নয়। আশা করি উত্তরটি আপনার জন্য সহায়ক হয়েছে। আমি আপনাকে আরও কোনোভাবে সাহায্য করতে পারি কিনা তা জানাবেন।"
84862,"হেলো, নাসেনিয়া ডক ব্যবহার করার জন্য ধন্যবাদ। ফোলাভাব সাধারণত কামড়ের স্থানটিকে প্রভাবিত করে। যেহেতু আপনাকে বাম পায়ে কামড় দেওয়া হয়েছে, তাই ফোলাভাবটি বাম হাতে হওয়া উচিত নয়, যদি না এই জায়গায় অন্য কোনো কামড় বা হুল ফোটানোর ঘটনা ঘটে। বমি বমি ভাব, জ্বর এবং ঘাম সাধারণত অ্যালার্জি বা প্রদাহজনিত প্রতিক্রিয়া। অ্যান্টিহিস্টামিন এবং প্রদাহরোধী ওষুধ ব্যবহার করা সহায়ক হবে। এগুলো উভয়ই প্রেসক্রিপশন ছাড়াই পাওয়া যায়, প্রদাহরোধী ওষুধের মধ্যে রয়েছে ক্যাটালান, নেপ্রোক্সেন, আইবুপ্রোফেন ইত্যাদি। আশা করি এটি সাহায্য করবে।"
15997,"আপনার অনুসন্ধানের জন্য ধন্যবাদ, আমি আপনার অনুসন্ধানটি দেখেছি। সাপোর্ট হিসেবে নেওয়া দাঁতে ব্যথা দুটি কারণে হতে পারে। প্রথম কারণটি হতে পারে ব্রিজের উঁচু অংশ, যা দাঁতের ওপর অতিরিক্ত চাপ সৃষ্টি করে এবং এর ফলে ব্যথা হয়। দ্বিতীয় কারণটি হতে পারে ক্রাউন কাটার সময় পিউপাল (Puppal) আটকে যাওয়ার কারণে। যদি এটি উঁচু অংশ হয়, তবে একজন ডেন্টাল সার্জনের সাথে পরামর্শ করে সেই উঁচু অংশটি কমানোর চেষ্টা করুন। যদি এটি পালপাইটিসযুক্ত দাঁত হয়, তবে আরসিটি (RCT) দিয়ে দাঁতটি পুনরুদ্ধার করুন এবং ব্রিজটি পুনরায় করতে হবে। আপনার আর্থিক সমস্যার বিষয়ে, আমি আপনাকে একটি শিক্ষামূলক ডেন্টাল ইনস্টিটিউটে যাওয়ার পরামর্শ দিতে পারি যেখানে আপনি নামমাত্র মূল্যে চিকিৎসা নিতে পারেন। আশা করি আমার উত্তরটি আপনাকে সাহায্য করবে, ভালো থাকবেন।"
56849,"হেলো... আপনার প্রশ্নটি পড়েছি... এটি গালের মিউকোসায় কোনো আঘাতের কারণে হতে পারে, যার ফলে মিউকাস মেমব্রেনের নিচে রক্ত জমা হতে পারে অথবা কোনো প্রদাহযুক্ত ছোট লালা গ্রন্থি ফুলে যেতে পারে, যা হঠাৎ গাল কামড়ানোর কারণে হতে পারে... চিন্তার কিছু নেই... শুধু হালকা গরম পানিতে লবণ মিশিয়ে ভালোভাবে কুলকুচি করুন... কুলকুচি করার সময়... যদি গিলতে ব্যথা হয় তবে খাওয়ার আগে তা উপেক্ষা করুন... এক বা দুই সপ্তাহ অপেক্ষা করুন। যদি এরপরও ব্যথা না কমে এবং ব্যথা থাকে, তবে একজন ওরাল সার্জনের সাথে দেখা করুন... তিনি প্রয়োজনীয় চিকিৎসা দেবেন (প্রয়োজনে ছোট লালা গ্রন্থি অস্ত্রোপচারের মাধ্যমে অপসারণ)। শান্ত থাকুন। আশা করি এই উত্তরে আপনার উপকার হবে। এক সপ্তাহ সুস্থ থাকুন!!"
73391,"প্রিয় মহোদয়/মহোদয়া, কিডনিতে সংক্রমণ কী তা আপনি উল্লেখ করেননি। এটি ইউরেথ্রাইটিস/সিস্টাইটিস/পাইলোনেফ্রাইটিস/প্রোস্টাটাইটিস কি না তা আপনি উল্লেখ করেননি। তাই যদি আপনার আবার একই সমস্যা হয়, তবে ইউরিনালাইসিস, ইউরিন কালচার ও সেনসিটিভিটি এবং পেটের আল্ট্রাসাউন্ড করিয়ে নিন। এর ওপর ভিত্তি করে আপনি অ্যান্টিবায়োটিক শুরু করতে পারেন, যা সংবেদনশীল (ইউরিন কালচার এবং সেনসিটিভিটি রিপোর্টের ওপর নির্ভর করে) যদি পরীক্ষায় মূত্রনালীর সংক্রমণ ধরা পড়ে। তাই একজন নেফ্রোলজিস্ট বা ইউরোলজিস্টের পরামর্শ নেওয়া ভালো।"
29188,"হেলো, আমাদের কাছে লেখার জন্য ধন্যবাদ। আমি আপনার আল্ট্রাসাউন্ডের ফলাফলগুলো সহজ ভাষায় ব্যাখ্যা করছি। আপনি যে ফলাফলগুলো পেয়েছেন তা নিচে দেওয়া হলো। ১. উভয় কিডনিই স্বাভাবিক এবং প্যারেনকাইমাল ইকোজেনিসিটি। উভয় কিডনিই স্বাভাবিক এবং আল্ট্রাসাউন্ডে কাঠামোগত চেহারা দেখা যায়। ২. পেলভোক্যালিসিয়াল পূর্ণতা, উভয় কিডনির ইউরেটারের সংযোগস্থল এবং কিডনিতে ক্যালিক্স ভালোভাবে দেখা যায়। ৩. লিথিয়াসিস নেই, কিডনিতে পাথর নেই। ৪. কোনো ফোকাল সলিড বা সিস্টিক মাস নেই, কিডনিতে কোনো অস্বাভাবিক এলাকা দেখা যায় না। ৫. মূত্রনালীর কথা উল্লেখ করেননি, এটি স্বাভাবিক, কারণ আল্ট্রাসাউন্ড স্ক্যানে ইউরেটার দেখা যায় শুধুমাত্র বাধার কারণে। ৬. ভাসমান সূক্ষ্ম অভ্যন্তরীণ প্রতিধ্বনি এটি মৃদু মূত্রাশয় সংক্রমণের ইঙ্গিত দেয়।"
71249,"হেলো, বিকাশ। সিভিল, আপনি উল্লেখ করেছেন যে আপনার দুবার জন্ডিস হয়েছিল। আমি নিশ্চিত নই যে সেই সময়ে আপনার হেপাটাইটিস টাইপ-বি এবং টাইপ-সি পরীক্ষা করা হয়েছিল কিনা। আমি টাইপ-বি উল্লেখ করছি না কারণ সেই ভাইরাস দীর্ঘস্থায়ী পর্যায়ে যায় না। বাকি দুটি হলো। আপনার এসজিপিটি (SGPT) মাত্রা বেশ বেশি এবং আপনার আল্ট্রাসাউন্ড রিপোর্টে ফ্যাটি লিভার দেখা গেছে। আমি চাই আপনি লিভার টেস্ট, মেটাবলিক প্যানেল এবং থাইরয়েড রক্ত পরীক্ষার একটি সম্পূর্ণ সেট করান। টাইপ-বি এবং সি হেপাটাইটিসের স্ক্রিনিং করান। যদি এটি পজিটিভ হয়, তবে আপনার বিশেষজ্ঞের কাছ থেকে বিশেষ চিকিৎসার প্রয়োজন। আপনি যে ওষুধগুলো খাচ্ছেন তা লিভারের ক্ষতির অগ্রগতি ধীর করতে পারে, কিন্তু যদি এটি হেপাটাইটিস সম্পর্কিত হয় তবে এটি নিরাময়যোগ্য নয়। আপনার ডাক্তারের সাথে এই বিষয়গুলো নিয়ে আলোচনা করুন এবং সঠিকভাবে পরীক্ষা করান। আপনার ডক্টরেট ডিগ্রির জন্য আমি আপনার জন্য শুভকামনা জানাই।"
55072,"হেলো। আপনার উচ্চ রক্তচাপের ইতিহাস লক্ষ্য করেছি। এটি ভালো যে নতুন সংযোজনের মাধ্যমে এটি ভালোভাবে নিয়ন্ত্রণে আছে। ওষুধ আপনার এই অনুভূতির কারণ হওয়ার সম্ভাবনা কম। আপনি পেটের ডান দিকে ধড়ফড়ানির কারণ হিসেবে কোলাইটিস, অ্যাসেন্ডিং কোলন (বৃহদন্ত্র), রেট্রোসেকাল অ্যাপেন্ডিসাইটিস, ডান ইউরেটারিক স্টোন, ডান কিডনির সংক্রমণ ইত্যাদি উল্লেখ করেছেন। চিকিৎসা নির্ভর করবে রোগ নির্ণয়ের ওপর। উচ্চ রক্তচাপের জন্য আপনার ওষুধ চালিয়ে যান। অ্যান্টিবায়োটিক এবং মেট্রোনিডাজলের একটি কোর্স ভালো বুদ্ধি।"
26335,"হেলো! নাসেনিয়া ডকে জিজ্ঞাসা করার জন্য আপনাকে ধন্যবাদ! আপনার উদ্বেগের বিষয়ে আমি বলতে চাই যে, প্রথমে কার্ডিয়াক অস্কল্টেশনের মাধ্যমে ডাল বিটুমিনাস ফর্মের মধ্যে পার্থক্য করা গুরুত্বপূর্ণ, কারণ এগুলোর মধ্যে অনেক বিভ্রান্তি রয়েছে। এটি হাইপারট্রফিক অবস্ট্রাক্টিভ কার্ডিওমায়োপ্যাথি বা অন্যান্য রোগের লক্ষণ হতে পারে, যেমন বিটা-ব্লকার ব্যবহারের সম্ভাব্য প্রভাব, ডিসলেক্সিয়া, হাইপোথাইরয়েডিজম, কার্ডিয়াক কন্ডাক্টেন্স সিস্টেমের ব্যাধি ইত্যাদি। আমি আপনাকে আতঙ্কিত না হওয়ার পরামর্শ দিচ্ছি! যতক্ষণ না আপনি কোনো বিরক্তিকর উপসর্গ থেকে মুক্ত থাকেন এবং হার্ট ফেইলিউরের ক্লিনিকাল লক্ষণ ও উপসর্গ প্রয়োগ না করেন, ততক্ষণ আপনার খুব বেশি চিন্তার প্রয়োজন নেই! সম্ভবত কোনো ক্লিনিকাল গুরুত্ব ছাড়াই আমাদের কেবল কিছু এক্সট্রাসিস্টোল দিয়ে পরীক্ষা করতে হবে। তবুও, আমি আপনাকে আপনার কার্ডিওলজিস্টের সাথে পরামর্শ করার পরামর্শ দিচ্ছি, যাতে তিনি সতর্কতার সাথে শারীরিক পরীক্ষা (কার্ডিয়াক অস্কল্টেশন সহ), এবং আপনার কার্ডিয়াক অবস্থার একটি বিস্তারিত পর্যালোচনা করান, যাতে কোনো সম্ভাব্য অন্তর্নিহিত কারণ আছে কি না তা নিশ্চিত হওয়া যায়। আশা করি আমি আপনাকে সাহায্য করতে পেরেছি! শুভেচ্ছা!"
9972,"হেলো, আমি নাসেনিয়া ডক। আমার মতে, আপনি দীর্ঘস্থায়ী সময় এড়িয়ে চলতে পারেন, আরামদায়ক জুতো বা চম্পল পরার চেষ্টা করুন এবং ভ্রমণের সময় পা যতটা সম্ভব উঁচুতে রাখুন। আপনি টাইলেনল ট্যাবলেট বা মাসল রিলাক্স্যান্টের মতো এনএসএআইডি (NSAIDs) ব্যথানাশক ওষুধ খেতে পারেন, যা তীব্র ব্যথা বা জরুরি অবস্থার ক্ষেত্রে কাজ করবে। এই তথ্যটি সহায়ক হলে অনুগ্রহ করে ক্লিক করুন এবং কিছু ইতিবাচক মতামতসহ ৫-স্টার রেটিং দেওয়ার বিষয়টি বিবেচনা করুন। আপনার সুস্বাস্থ্য কামনা করি, আরও কোনো কিছু জানার থাকলে নির্দ্বিধায় জিজ্ঞাসা করুন।"
102949,"হেলো এবং নাসেনিয়া ডকে আপনাকে স্বাগতম। আপনার ইতিহাস থেকে আমি বুঝতে পেরেছি যে আপনি ডিম্বাশয়ের সিস্টে ভুগছেন। ৮ বছর ধরে থাকা একটি ডিম্বাশয়ের সিস্ট বিনাইন বা ক্ষতিকর নয়। যদি উপসর্গ (পেটে ব্যথা, রক্তপাত ইত্যাদি) এবং অস্বস্তির কারণ হয়, তবে বিনাইন সিস্টটি অপসারণ করা উচিত। সংক্রমণ এবং লিউকেমিয়ার ক্ষেত্রে শ্বেত রক্তকণিকার (ABCs) আধিক্য দেখা যায়। লিউকেমিয়ার ক্ষেত্রে শ্বেত রক্তকণিকার সংখ্যা খুব বেশি (৫০,০০০ এবং তার বেশি)। শ্বেত রক্তকণিকার সংখ্যা বৃদ্ধি এবং কোষের গঠনও লিউকেমিয়ার ইঙ্গিত দেয়। ডব্লিউবিসি (WBC) সংখ্যা বৃদ্ধির জন্য সংক্রমণই সবচেয়ে সাধারণ কারণ। ডিফারেনশিয়াল কাউন্ট সংক্রমণের প্রকৃতি - তীব্র নাকি দীর্ঘস্থায়ী তা নির্ধারণ করতে সাহায্য করে। আপনার যদি আরও কোনো প্রশ্ন থাকে, তবে নির্দ্বিধায় আপনার প্রশ্নটি পোস্ট করুন। আমি উত্তর দিতে পারলে খুশি হব। ধন্যবাদ এবং ভালো থাকবেন, নাসেনিয়া ডক।"
96201,"হেলো, নাসেনিয়া ডকে আপনাকে স্বাগতম। কিছু বিষয় জানা প্রয়োজন। আপনার কি জ্বর, সংক্রমণ, রক্তপাতের প্রবণতা, ওজন কমে যাওয়া, দুর্বলতা ইত্যাদির মতো কোনো শারীরিক সমস্যা আছে? আপনি কেন রক্ত পরীক্ষা করতে যাচ্ছিলেন? মাত্র ১০০০০ প্লেটলেট লেভেল খুব কম। এই লেভেলে ত্বকের র‍্যাশসহ কিছু শারীরিক লক্ষণ থাকতে হবে। যদি আপনার কোনো শারীরিক সমস্যা না থাকে, তবে পরীক্ষাটি পুনরায় করুন। যদি এটি আবার অস্বাভাবিক হয়, তবে আপনার ডাক্তারের সাথে পরামর্শ করুন। ভালো থাকবেন।"
80156,"হেলো। পেটের উপস্থাপনা গর্ভপাত বা এই ধরনের কোনো ইঙ্গিতের সাথে সম্পর্কিত নয়। তবে, এটি মনে রাখা গুরুত্বপূর্ণ যে যদিও গর্ভাবস্থা নিশ্চিত হয়েছে যে আপনার বাড়ির সমস্ত প্রেগন্যান্সি টেস্টে নেগেটিভ ফলাফল এসেছে, তবে এটি আপনার নাসেনিয়া ডকের মাত্রা যথেষ্ট স্বাস্থ্যকর না হওয়ার কারণে হতে পারে। এমন পরিস্থিতিতে গর্ভাবস্থাকে সহায়তা করার জন্য এবং গর্ভপাত রোধ করার জন্য আপনার ডাক্তারের সাথে দেখা করা এবং নাসেনিয়া ডক ইনজেকশন নেওয়া ভালো। ঝুঁকি বিদ্যমান, তবে এখন এটি হওয়ার কোনো নিশ্চিত লক্ষণ নেই। পরিশেষে, জরুরি বিভাগে (ER) যাওয়াই সবচেয়ে ভালো হবে। আপনার ভেতরে যে মূল্যবান জীবন গড়ে উঠছে তার মতো অর্থের কোনো মূল্য নেই।"
24745,"হেলো, আপনি ২৯ বছর বয়সী একজন নারী, ৫ বছর বয়সী একটি ছেলে আছে। তার আগে ৪টি গর্ভপাত হয়েছে, মনে হচ্ছে আইরেনা (IRENA) কমে গেছে। যদি এটি গর্ভপাত হয়, তবে গর্ভপাতের কয়েক দিন পর আপনার এইচপিটি (HPT) পজিটিভ আসতে পারে। মেরিনার আয়ু ৩ বছর এবং এর পরে এটি পরিবর্তন করতে হবে, অন্যথায় এর কার্যকারিতা নষ্ট হয়ে যেতে পারে। এটি আছে কিনা তা নিশ্চিত করতে আপনার ডাক্তারের সাথে পরামর্শ করুন এবং যদি এটি এখনও থাকে তবে তা পরিবর্তন করুন। ধন্যবাদ।"
100052,"হেলো, নাসেনিয়া ডক ব্যবহার করার জন্য ধন্যবাদ। আপনি যদি নিশ্চিত না হন যে কোন উপাদানটি আপনার এই প্রতিক্রিয়ার কারণ, তবে খাবার পুরোপুরি এড়িয়ে চলাই ভালো। আপনি যে লক্ষণগুলো অনুভব করছেন তা নির্দেশ করে যে আপনি মেক্সিকান খাবারের কোনো নির্দিষ্ট উপাদানের প্রতি অ্যালার্জিক বা অসহিষ্ণু হতে পারেন। এই ধরনের খাবারের একজন বিশেষজ্ঞের সাথে কথা বলে কোন নির্দিষ্ট উপাদানটি ব্যবহার করা যেতে পারে তা নির্ধারণ করা যেতে পারে। এর মাধ্যমে আপনি সিস্টেমিকভাবে নির্ধারণ করতে পারবেন যে কোন উপাদানটি আপনার এই প্রতিক্রিয়ার কারণ। আশা করি এটি আপনাকে সাহায্য করবে।"
22884,"নাসেনিয়া ডকে আপনার প্রশ্নের জন্য ধন্যবাদ। আমি আপনার উদ্বেগ বুঝতে পারছি। আপনার মেয়ের দীর্ঘস্থায়ী কাশি (১৫ দিনের বেশি কাশি) হচ্ছে এবং নিয়মিত কাশির ওষুধে তার অবস্থার উন্নতি হচ্ছে না। তাই আমাদের অবশ্যই তার ক্ষেত্রে ফুসফুসের সংক্রমণ আছে কি না তা নিশ্চিত করতে হবে। শিশুদের ক্ষেত্রে সর্দির পরে ফুসফুসের সংক্রমণ হওয়া সাধারণ বিষয়। তাই একজন ভালো শিশু বিশেষজ্ঞের সাথে পরামর্শ করা এবং ফুসফুসের সংক্রমণ আছে কি না তা নিশ্চিত হতে বুকের এক্স-রে করানো ভালো। তার উচ্চতর অ্যান্টিবায়োটিক এবং অন্যান্য সহায়ক চিকিৎসার প্রয়োজন হতে পারে। চিন্তা করবেন না, সে যথাযথভাবে সুস্থ হয়ে উঠবে।"
51448,"নাসেনিয়া ডকে এক বছরেরও বেশি সময় ধরে পিত্তথলির পাথরের ইতিহাস লক্ষ্য করা গেছে। হ্যাঁ, তার উপসর্গগুলো পিত্তথলির রোগের কারণে হতে পারে। শারীরিক পরীক্ষা এবং ক্লিনিক্যাল মূল্যায়নের জন্য আপনার মাকে একজন ডাক্তারের কাছে, বিশেষ করে একজন জেনারেল সার্জনের কাছে নিয়ে যাওয়া সবচেয়ে ভালো। অন্যান্য যে বিষয়গুলো অবশ্যই বাদ দিতে হবে তা হলো পেশীর টান এবং পাকস্থলী বা অন্ত্রের সমস্যা। রোগ নির্ণয় (যেমন আল্ট্রাসাউন্ড, লিভার ফাংশন টেস্ট, ব্লাড কাউন্ট ইত্যাদি) এবং ব্যবস্থাপনা (ওষুধ ও অস্ত্রোপচার) সেই অনুযায়ী পরিচালিত হবে। যদি এটি সত্যিই পিত্তথলির পাথরের কারণে হয়, তবে নিশ্চিত চিকিৎসা হলো কোলেসিস্টেক্টমি (পিত্তথলি অস্ত্রোপচারের মাধ্যমে অপসারণ), যা ল্যাপারোস্কোপিকভাবে (গোল্ড স্ট্যান্ডার্ড) বা ওপেন টেকনিকের মাধ্যমে করা যেতে পারে। কম চর্বিযুক্ত এবং কম লবণযুক্ত খাবার খাওয়ার পরামর্শ দেওয়া হচ্ছে। আশা করি এটি সাহায্য করবে। দিনটি ভালো কাটুক!!~ নাসেনিয়া ডক।"
74554,"হেলো, শুভ সকাল। আমি নাসেনিয়া ডক। এস.সিইউটিএস (S.CUTS) - সুপার-স্পেশালিস্ট-ভারত থেকে, আপনার স্বাস্থ্য সংক্রান্ত জিজ্ঞাসার জন্য নাসেনিয়া ডক ভার্চুয়াল-অনলাইন ক্লিনিকে যোগ দেওয়ার জন্য ধন্যবাদ। আমি আপনার প্রশ্নটি গভীরভাবে পর্যালোচনা করেছি এবং আপনার উদ্বেগগুলো বুঝতে পেরেছি। আমার মতে, এর প্রতিকার হলো- একজন সার্জনের সাথে পরামর্শ করা, যিনি এর কারণ খুঁজে বের করবেন- পিত্তথলির রোগ? হেপাটাইটিস- যেহেতু এই পিণ্ডটি ডান পাঁজরের নিচে থাকে এবং ঘুমের সময় বৃদ্ধি পায় এবং আপনার শ্বাস-প্রশ্বাসে চাপ সৃষ্টি করে। ক- আমি পরামর্শ দেব - ব্যথার কারণ নির্ণয়ের জন্য এক্স-রে, ইউএসজি (USG)/এমআরআই (MRI) এবং এমআরআই (MRI) করার পরামর্শ দেব। খ- পিঠের ব্যথা থেকে আলাদা করার জন্য, এনএসএআইডি (NSAIDs) এবং এনএসএআইডি (NSAIDs) দিয়ে ট্রায়াল চিকিৎসা। যদি ব্যথা কম থাকে, তবে পিঠের ব্যথা মেরুদণ্ডের সাথে সম্পর্কিত হওয়ার সম্ভাবনা বেশি। যদি ব্যথা এখনও থেকে যায়, তবে লিভার, পিত্তথলি বা ফুসফুসের রোগ হওয়ার সম্ভাবনা বেশি। আপনার দ্রুত আরোগ্য কামনা করি। যদি এটি আপনাকে এখনও চিন্তিত করে, তবে যেকোনো প্রশ্নের জন্য স্বাগতম।"
86781,"আপনার অনুসন্ধানের জন্য ধন্যবাদ। আমি আপনার অনুসন্ধানটি দেখেছি। দাঁতে ব্যথা দাঁত বা মাড়ির সংক্রমণের কারণে হতে পারে। জ্বালাপোড়া আলসার বা দাঁত ব্রাশের আঘাতের কারণে মাড়ির ক্ষতির কারণে হতে পারে। একজন ওরাল ফিজিশিয়ানের সাথে পরামর্শ করুন এবং এটি নিশ্চিত করুন। যদি দাঁতে সংক্রমণ থাকে, তবে আরসিটি (RCT) দিয়ে চিকিৎসা করাতে হবে। যদি আলসার থাকে, তবে আপনি অ্যানাবেল জেলের মতো টপিক্যাল অ্যানেস্থেটিক এবং ব্যথানাশক ওষুধ খেতে পারেন। ব্যথার জন্য আপনি ৩ দিন ধরে দিনে তিনবার ফ্লেক্সন (আইবুপ্রোফেন ৪০০ মিগ্রা এবং প্যারাসিটামল ৫০০ মিগ্রা) ট্যাবলেট খেতে পারেন। অ্যামোক্সিসিলিন ৫০০ মিগ্রা ট্যাবলেট দিনে ৩ বার (যদি আপনার অ্যালার্জি না থাকে)। লবণ পানি দিয়ে কুলকুচি করুন। তিনবারের বেশি নেবেন না। আশা করি আমার উত্তরটি আপনাকে সাহায্য করবে, ভালো থাকবেন।"
61934,"নাসেনিয়া ডকে আপনাকে স্বাগতম। আমি আপনার উদ্বেগ বুঝতে পারছি তবে চিন্তা করবেন না। এই বয়সের শিশুদের জ্বরের সম্ভাব্য কারণ হলো নিজে থেকেই সেরে যাওয়া ভাইরাল সংক্রমণ। লক্ষণভিত্তিক চিকিৎসার মাধ্যমে কয়েক দিনের মধ্যেই এটি ভালো হয়ে যায়। খেয়াল রাখবেন, জ্বরের তীব্রতার জন্য ক্যালপল চালিয়ে যান। যদি জ্বর তিন দিনের বেশি স্থায়ী হয় বা আরও খারাপ হয়, তবে সঠিক ক্লিনিকাল পরীক্ষা এবং নির্দিষ্ট চিকিৎসার জন্য একজন শিশু বিশেষজ্ঞের পরামর্শ নিন। নিজের যত্ন নেবেন।"
57081,"হেলো, প্যালপিটেশন দুই ধরনের সাইনাস ট্যাকিকার্ডিয়া হতে পারে - হৃদস্পন্দন বেশি কিন্তু হৃদস্পন্দনের ছন্দ স্বাভাবিক... একটি বিষয় খুব গুরুতর নয়, দ্বিতীয়টি হলো অ্যারিথমিয়া... বিভিন্ন ধরনের অ্যারিথমিয়া রয়েছে এবং সেগুলো অত্যন্ত বিপজ্জনক। পরামর্শ দেওয়ার আগে আপনাকে একটি ইসিজি হোল্ডার (ECG Holder) করার পরামর্শ দেওয়া হবে। ডাক্তারের পরামর্শ ছাড়া ইসিজি হোল্ডারে যাওয়া উচিত (২৪ ঘণ্টা হৃদস্পন্দন রোধ করার নিয়ম)। আরামের জন্য ডায়াজেপাম ট্যাবলেট এবং প্রোপানোললও যোগ করা যেতে পারে। যদি পরীক্ষায় দেখা যায় যে এটি স্বাভাবিক ট্যাকিকার্ডিয়া।"
14618,"নাসেনিয়া ডকে আপনাকে স্বাগতম। আপনার সমস্যাটি পড়েছি, ফাইব্রয়েডের চিকিৎসার বিকল্প হলো অস্ত্রোপচারের মাধ্যমে জরায়ু অপসারণ করা, তবে আপনি যদি গর্ভধারণ করতে চান তবে আপনাকে এমন ওষুধ সেবন করতে হবে যা ফাইব্রয়েডের আকার কমাতে পারে, এটি কমিয়ে দেবে না। এর চিকিৎসা হলো হরমোন রিপ্লেসমেন্ট থেরাপি। এটি আপনাকে গর্ভধারণে সাহায্য করে। গর্ভাবস্থায় ফাইব্রয়েডের জটিলতা হলো গর্ভপাত এবং অকাল প্রসব, তাই আপনার ডাক্তারের সাথে পরামর্শ করুন এবং আপনার ডাক্তারের পরামর্শ অনুযায়ী চিকিৎসা শুরু করুন।"
37140,"হেলো, সুপারিশকৃত ডোজ হলো দুই টেবিল চামচ করে দিনে দুবার, বিশেষ করে দুধের সাথে। পণ্যটি ৬০ ক্যাপসুলের প্যাক হিসেবে পাওয়া যায়। সুপারিশকৃত ডোজ হলো দিনে দুবার (সকাল ও সন্ধ্যায়) একটি করে ক্যাপসুল, বিশেষ করে দুধের সাথে। এটি এক মাস ধরে সেবন করা যেতে পারে এবং প্রতি ১৫ দিন অন্তর ওজন পরীক্ষা করা যেতে পারে। ওজন বৃদ্ধির জন্য স্বাস্থ্যকর খাবার সবচেয়ে গুরুত্বপূর্ণ। ভালো ফলাফল পেতে প্রতিদিন প্রোটিন গ্রহণের পরিমাণ বাড়ান। আশা করি আমি আপনার প্রশ্নের উত্তর দিতে পেরেছি। আমি আপনাকে আরও কোনোভাবে সাহায্য করতে পারি কিনা তা জানাবেন।"
77025,"হেলো, এএসটি (জিওটি) এবং এএলটি (এসজিপিটি) হলো বিভিন্ন ধরনের রোগ থেকে লিভারের ক্ষতির সংবেদনশীল নির্দেশক। তবে এটি অবশ্যই জোর দিয়ে বলা উচিত যে, এই লিভার এনজাইমের মাত্রা স্বাভাবিকের চেয়ে বেশি হলে তা লিভারের রোগের সাথে সামঞ্জস্যপূর্ণ হওয়া উচিত নয়। এগুলো লিভারের সমস্যা হতেও পারে আবার নাও হতে পারে। যদি চিকিৎসা কাজ করে, তবে এএলটি-এর মাত্রা প্রায়শই স্বাভাবিক থাকে। যদি চিকিৎসার প্রক্রিয়ায় এএলটি-এর মাত্রা দ্রুত কমে যায়, তবে এটি চিকিৎসার প্রতিক্রিয়ার একটি ইতিবাচক কারণ। এএসটি এবং এএলটি-এর মাত্রা বেড়ে যাওয়ার কারণ সম্পূর্ণ ক্লিনিকাল চিত্রের ওপর নির্ভর করে এবং তাই লিভারের রোগ মূল্যায়নে অভিজ্ঞ চিকিৎসকদের মাধ্যমে এটি করানো ভালো। চিকিৎসার পর আপনার ওজন বৃদ্ধির বিষয়ে বলতে গেলে - চিকিৎসার সময় মানুষ ওজন কমায় এবং চিকিৎসা শেষ হওয়ার সাথে সাথে ক্ষতিপূরণমূলক প্রতিক্রিয়া হিসেবে তাদের ওজন বৃদ্ধি পায়। ধন্যবাদ।"
103939,"হেলো, নাসেনিয়া ডকে পোস্ট করার জন্য ধন্যবাদ। হেপাটাইটিস বি ভাইরাসের (HBV) পৃষ্ঠের একটি অ্যান্টিজেন। পজিটিভ টেস্ট নির্দেশ করে যে আপনি বর্তমানে হেপাটাইটিস বি সংক্রমণে ভুগছেন। হেপাটাইটিস বি ভাইরাসের বিরুদ্ধে সাম্প্রতিক টিকার কারণে হেপাটাইটিস বি পজিটিভ হতে পারে। তবে, টিকা নেওয়ার ১৪ দিন পরেও এই পজিটিভিটি থেকে যাওয়ার সম্ভাবনা কম। হেপাটাইটিস বি হলো এনভেলপ অ্যান্টিজেন এবং একটি হেপাটাইটিস বি ভাইরাল প্রোটিন। পজিটিভ টেস্টটি সক্রিয় ভাইরাল প্রতিলিপির একটি নির্দেশক এবং এটি নির্দেশ করে যে ব্যক্তিটি সংক্রামক। এর অর্থ হলো হেপাটাইটিস বি-তে আক্রান্ত ব্যক্তি সম্ভবত অন্য কারো মধ্যে ভাইরাসটি ছড়িয়েছে। আপনার পরীক্ষার ফলাফল থেকে বোঝা যায় যে আপনি হেপাটাইটিস বি পজিটিভ কিন্তু সংক্রামক অবস্থায় নেই। আপনার অ্যান্টিভাইরাল ওষুধ এবং ইন্টারফেরন দিয়ে চিকিৎসা করা সম্ভব। অনুগ্রহ করে রিপোর্টগুলো নিয়ে একজন চিকিৎসকের সাথে পরামর্শ করুন এবং পরবর্তী চিকিৎসার মূল্যায়ন করুন। আশা করি প্রদত্ত তথ্যগুলো সহায়ক হবে। আপনার জন্য শুভকামনা রইল।"
50645,"হেলো... নাসেনিয়া ডকে আপনাকে স্বাগতম। আমি আপনার প্রশ্নটি দেখেছি এবং আপনার উদ্বেগ বুঝতে পেরেছি... আপনার অভিযোগ অনুযায়ী, শরীরে ইনজেকশন দেওয়া টক্সিন রাসায়নিকের প্রতি অ্যালার্জিক প্রতিক্রিয়ার কারণে হয়েছে এবং যেহেতু বিষক্রিয়ার সংখ্যা বেশি, তাই টক্সিনের ঘনত্ব বেশি এবং এর কারণেই আপনার চুলকানি ও র‍্যাশ হয়েছে। আপাতত আপনি লেভোসেটিরিজিন এবং ফেক্সোফেনাডিন অ্যালেগ্রার মতো অ্যান্টি-অ্যালার্জিক ওষুধ সেবন করতে পারেন, র‍্যাশের ওপর স্টেরয়েড মলম লাগাতে পারেন, ঠান্ডা সেঁক দিতে পারেন এবং ক্যালামাইন লোশন ব্যবহার করতে পারেন, যা ত্বককে আরাম দেবে এবং চুলকানি কমাতে সাহায্য করবে। যদি আপনার অবস্থার উন্নতি না হয়, তবে একজন অ্যালার্জি বিশেষজ্ঞের পরামর্শ নিন এবং তিনি ইনজেকশনযোগ্য অ্যান্টি-অ্যালার্জিক ও স্টেরয়েডও দিতে পারেন। আশা করি এই তথ্যটি আপনার উপকারে আসবে। ধন্যবাদ ও শুভেচ্ছা। নাসেনিয়া ডক।"
111774,"না শুকানোর প্রক্রিয়ার মধ্যে গোড়ালিতে কালশিটে পড়া এবং ফ্র্যাকচার আমাদের ব্যথা। যদি আপনার এগুলোর প্রতি অ্যালার্জি না থাকে, তবে আপনার অ্যান্টি-ইনফ্ল্যামেটরি এবং ব্যথানাশক ওষুধ সেবন করা উচিত। আমার রোগীদের ক্ষেত্রে দীর্ঘমেয়াদী পরামর্শ হলো নাসেনিয়া ডক শুরু করা। এটি প্রাকৃতিক অ্যান্টি-ইনফ্ল্যামেটরি, ব্যথানাশক এবং ব্যাকটেরিওস্ট্যাটিক ওষুধ। দ্রুত ফ্র্যাকচার নিরাময় এবং কালশিটে পড়ার জন্য আপনি লানাই জিজিউল (ভারতে সাধারণ, ইন্টারনেটে খুঁজে পাওয়া যায়) নিতে পারেন। এটি সম্পূর্ণ নিরাপদ আয়ুর্বেদিক ওষুধ। আপনার ফ্র্যাকচারটি অবশ্যই সঠিকভাবে সেট করা উচিত কারণ এটি শুধুমাত্র প্রদত্ত নিয়মেই সেরে যাবে। আশা করি এটি সাহায্য করবে।"
58574,"হেলো, নাসেনিয়া ডকে আপনাকে স্বাগতম। আপনি যে বদহজমে ভুগছেন তা সাধারণত বেশিরভাগ রোগীর পিত্তথলি অপসারণের পর দেখা যায়। বিশেষ করে চর্বিযুক্ত খাবার খাওয়ার পর রোগীর পিত্তথলি অপসারণের আগের ব্যথার মতোই তীব্র ব্যথা হতে পারে। উচ্চ ফাইবারযুক্ত খাবার এবং প্রচুর পরিমাণে তরল খাবার খেলে কোষ্ঠকাঠিন্য নিরাময় করা সম্ভব। গ্যাস্ট্রিক আলসার, পিঠের সমস্যা, নিউমোনিয়া, হার্টের ব্যথা এবং কিডনিতে পাথরের কারণেও রোগীদের ব্যথা হতে পারে। তাই ব্যথাকে হালকাভাবে নেওয়া উচিত নয়। অবিলম্বে একজন ডাক্তারের সাথে যোগাযোগ করুন। আপনার সুস্বাস্থ্য কামনা করি।"
2625,"হেলো, নাসেনিয়া ডকে লেখার জন্য ধন্যবাদ, আমি নাসেনিয়া ডক। হার্ট ফেইলিউরের ক্ষেত্রে একজন ডাক্তারের কাছে ডেভোটেড আসলে শেষ অবলম্বনগুলোর মধ্যে একটি, যখন হৃদপিণ্ড খুব দুর্বল হয়ে পড়ে তখন প্রয়োজনীয় পরিমাণে পাম্প করা সম্ভব হয়। এমন খুব বেশি বিকল্প নেই যা ডেভোটেড হিসেবে কার্যকর হতে পারে। তবে আপনি আপনার ডাক্তারদের সাথে ডিগক্সিন নিয়ে আলোচনা করতে পারেন, তবে সাধারণত ডিগক্সিনে পরিবর্তন করা কঠিন কারণ ডিগক্সিনের পার্শ্বপ্রতিক্রিয়া কম এবং এর প্রভাবও কম। আপনার মায়ের একমাত্র উপায় হলো ডাইইউরেটিক বিটা ব্লকার, এসিই ইনহিবিটর ইত্যাদি ব্যবহার করে দীর্ঘস্থায়ী ব্যর্থতা থেকে বেরিয়ে আসা, যদি ইজেকশন ফ্র্যাকশন খুব কম হয় এবং তিনি আইসোটোপের চেয়ে দীর্ঘস্থায়ী ফেইলিউরের মধ্যে থাকেন। আশা করি এটি আপনার প্রশ্নের উত্তর দিয়েছে, আপনার আরও কোনো প্রশ্ন থাকলে আমি আনন্দের সাথে উত্তর দেব। শুভেচ্ছা।"
12900,"হেলো, প্রশ্নটি করার জন্য ধন্যবাদ। ফিলিং করা দাঁতে ব্যথা দুটি কারণে হতে পারে, ফিলিং করা দাঁতের নিচে দাঁতের ক্ষয় হতে পারে, যখন এটি পাল্প টিস্যুতে পৌঁছায় তখন পাল্পে প্রদাহ হয়, যাকে পালপাইটিস বলা হয়। অথবা চিবানো বা অন্য কোনো দাঁত নাড়াচাড়ার সময় ব্যথা অনুভব করলে সেখানে উঁচু অংশ দেখা দিতে পারে। আমি আপনাকে একজন ডেন্টিস্টের কাছে যাওয়ার এবং এক্স-রে করানোর পরামর্শ দেব, সেই অনুযায়ী ফিলিংটি রুট ক্যানেল চিকিৎসার মাধ্যমে প্রতিস্থাপন করুন। ব্যথানাশক হিসেবে দিনে দুবার ৫০০ মিগ্রা কোকুইটলাম ট্যাবলেট সেবন করুন। আশা করি এটি সাহায্য করবে। শুভেচ্ছা।"
17588,"হেলো, নাসেনিয়া ডকের সাথে পরামর্শ করার জন্য ধন্যবাদ। আপনার প্রশ্নটি পড়েছি, যেহেতু আপনার মাথাব্যথা এবং কানের ব্যথা এক সপ্তাহ পর দাঁত তোলার কারণে হচ্ছে, তাই এটি ভাইরাল সংক্রমণের কারণে হতে পারে, অথবা এটি দুর্বলতার কারণে হতে পারে, অথবা বিপরীত দিকের দাঁত বা ইমপ্যাক্টেড দাঁতে দাঁতের ক্ষয়ের কারণেও হতে পারে। খুব বেশি চিন্তিত হবেন না, এই লক্ষণগুলোর জন্য আপনার একজন চিকিৎসকের পরামর্শ নেওয়া উচিত। মাথাব্যথা এবং কানের ব্যথা এবং যদি উপশম না হয়, তবে মুখগহ্বর পরীক্ষা করার জন্য একজন ডেন্টিস্টের পরামর্শ নিন। ইতিমধ্যে, সঠিক পুষ্টিকর ও স্বাস্থ্যকর খাবার খান, পর্যাপ্ত ঘুমান এবং মানসিক চাপ নেবেন না। আশা করি এটি আপনাকে সাহায্য করবে। আপনার সুস্বাস্থ্য কামনা করছি।"
6404,"হেলো, আপনার প্রশ্নটি পোস্ট করার জন্য ধন্যবাদ। এটি দুর্ভাগ্যজনক যে আপনি এখনও সুস্থ হননি। কখনও কখনও সুস্থ হতে দেরি হয়। আমি আপনাকে আপনার ডাক্তারদের সাথে আলোচনা করে আরও আক্রমণাত্মক ফিজিওথেরাপি এবং ব্যথা উপশমের পরামর্শ দেব। এটি নিশ্চিত করবে যে আপনি দ্রুত সুস্থ হয়ে উঠবেন। আশা করি এটি আপনাকে সাহায্য করবে। আপনার আরও কোনো তথ্যের প্রয়োজন হলে অনুগ্রহ করে জানাবেন। শুভকামনা, নাসেনিয়া ডক।"
2977,"হেলো, অনুসন্ধানের জন্য ধন্যবাদ। প্রস্রাবে রক্ত (হেমাচুরিয়া) মূত্রনালীর সাথে সম্পর্কিত একটি বিষয় এবং রক্তপাতের উৎস খুঁজে বের করার জন্য বিস্তারিত পরীক্ষা-নিরীক্ষা প্রয়োজন। ক্লিনিকাল এবং ডিজিটাল রেক্টাল পরীক্ষার জন্য একজন যোগ্য ইউরোলজিস্টের সাথে পরামর্শ করুন এবং রোগ নির্ণয়ের জন্য নিম্নলিখিত প্রাথমিক পরীক্ষাগুলো করান: ১) প্রস্রাবের রুটিন এবং কালচার পরীক্ষা। ২) পেট এবং পেলভিসের আল্ট্রাসাউন্ড স্ক্যান। ৩) সিরাম পিএসএ (PSA)। ৪) মূত্রাশয়ের এন্ডোস্কোপিক পরীক্ষা (সিস্টোস্কোপি)। ৫) প্রস্রাবের কালচার (প্রয়োজন হলে)। পরবর্তী চিকিৎসা এই পরীক্ষাগুলোর ফলাফল এবং চূড়ান্ত রোগ নির্ণয়ের ওপর নির্ভর করবে। নাসেনিয়া ডক।"
8980,"হেলো, আপনি বলেছেন যে আপনার পিঠের ডান দিকে ব্যথা হচ্ছে, কিছু প্রশ্নের উত্তর দেওয়া প্রয়োজন। এটি কি প্রস্রাবের লক্ষণের সাথে সম্পর্কিত? ব্যথার তীব্রতা কত? ব্যথা কি পিঠ থেকে সামনের দিকে ছড়িয়ে পড়ছে? এটি কি পায়ের নিচের দিকে বেশি? পিঠের ব্যথা পেশীর ব্যথা বা পাথরের কারণে হতে পারে। উপরের প্রশ্নগুলোর উত্তর কারণ নির্ণয়ে সাহায্য করবে। কারণটি শনাক্ত করার জন্য আপনাকে একটি ইমেজিং স্টাডি করাতে হতে পারে। এমন কিছু রিপোর্ট রয়েছে যা নির্দেশ করে যে টপিরামেট দীর্ঘমেয়াদী সেবনের ফলে কিডনিতে পাথর তৈরি হতে পারে। এমনকি দীর্ঘমেয়াদী ভিটামিন ডি গ্রহণও এর কারণ হতে পারে। আপনার চিকিৎসকের সাথে দেখা করা ভালো, যিনি আপনার সন্দেহ দূর করতে পারবেন। ভালো থাকবেন।"
44380,"হেলো, নাসেনিয়া ডক ফোরামে আপনাকে স্বাগতম। কোমরের নিচের বাম দিকে ব্যথা ক্লিও স্যাক্রাল জয়েন্ট বা হিপ জয়েন্টের আর্থ্রাইটিসের কারণে হতে পারে। এটি মূত্রাশয়ের কাছে মূত্রনালীতে পাথরও হতে পারে। আমি আপনাকে রোগ নির্ণয় এবং চিকিৎসার জন্য একজন অর্থোপেডিক সার্জনের সাথে পরামর্শ করার পরামর্শ দিচ্ছি। রোগ নির্ণয়ের জন্য আপনার এমআরআই (M.R.I.) করার প্রয়োজন হতে পারে। ব্যথা না কমা পর্যন্ত আলু, অন্যান্য কন্দজাতীয় সবজি, টমেটো, ডিম, মুরগির মাংস এবং সামুদ্রিক খাবার এড়িয়ে চলুন। দ্রুত সুস্থতার জন্য প্রচুর পরিমাণে সবুজ শাকসবজি, ডাল, অঙ্কুরিত শস্য এবং প্রোটিন সমৃদ্ধ খাবার গ্রহণ করুন। আপনার দ্রুত এবং সম্পূর্ণ সুস্থতা কামনা করছি। ধন্যবাদ।"
99593,"হেলো, নাসেনিয়া ডকের সাথে যোগাযোগ করার জন্য ধন্যবাদ। আপনার ফ্যাটি লিভার আছে বলে উল্লেখ করেছেন। তাই প্রথম সম্ভাবনা হলো এটি লিভার বা গ্যাস্ট্রিকের কারণে হওয়া ব্যথা হতে পারে। দ্বিতীয় ব্যথাটি পেশীজনিত হতে পারে কারণ ভারী ব্যায়াম, ভারী ওজন তোলা বা কোনো অভ্যস্ত শারীরিক অবস্থার কারণে পেশিতে টান লাগতে পারে। তৃতীয় ব্যথা কস্টোকন্ড্রাইটিসের কারণে হতে পারে। বিশ্রাম নিন। ব্যথার জন্য ব্যথানাশক ওষুধ সেবন করুন। কয়েকদিন ভারী কাজ থেকে বিরত থাকুন। ব্যথার জন্য গরম সেঁক দিতে পারেন। কয়েক দিনের মধ্যেই আপনি সুস্থ হয়ে উঠবেন। যদি সমস্যাটি বাড়তে থাকে, তবে পাঁজরের হাড় ভাঙার মতো কোনো অবস্থা আছে কি না তা নিশ্চিত করতে এক্স-রে করিয়ে নিন। আশা করি আপনার সমস্যার সমাধান হয়েছে। ভালো থাকবেন।"
89414,"হেলো এবং নাসেনিয়া ডকে আপনাকে স্বাগতম। আপনার অনুসন্ধানের জন্য ধন্যবাদ। আপনার গ্যাস্ট্রোস্টমি করানো উচিত এবং খাদ্যনালীর ক্যান্সার আছে কি না তা নিশ্চিত হওয়া উচিত। এটি কেবল ""বোল"" হতে পারে না। এটি গুরুতর এবং এর অবিলম্বে চিকিৎসা করা আবশ্যক। তাই আমার মনে হয় না আপনার ক্যান্সার আছে। আপনার গুরুতর গ্যাস্ট্রাইটিস রয়েছে যা আলসার থেকে রক্তপাত এবং গাঢ় মলের কারণ হতে পারে। আপনার অন্যান্য উপসর্গগুলো এর সাথে সম্পর্কিত বা উদ্বেগের কারণে হতে পারে। তাই আপনার অবশ্যই অ্যান্টাসিড ওষুধ খাওয়া উচিত, গ্যাস্ট্রোপ্রোটেকটিভ ডায়েট মেনে চলা উচিত এবং ঘন ঘন গ্যাস্ট্রোস্টমি চেক-আপ করা উচিত। আপনার সুস্বাস্থ্য কামনা করি।"
5993,"নাসেনিয়া ডকে আপনার প্রশ্নের জন্য ধন্যবাদ। আমি আপনার পরিস্থিতি এবং সমস্যাটি বুঝতে পারছি। আমার মতে, আপনার ছেলের অ্যালার্জির প্রতিক্রিয়া নিচের যেকোনো একটির কারণে হচ্ছে। ১. অ্যাজিথ্রোমাইসিন (জেড প্যাক) এর তাৎক্ষণিক অ্যালার্জিক প্রতিক্রিয়া। ২. অ্যামোক্সিসিলিনের অ্যালার্জিক প্রতিক্রিয়ার বিলম্বিত সময়। নিশ্চিতভাবেই তার অ্যালার্জি আছে। অ্যালার্জিক প্রতিক্রিয়া দুই ধরনের হয়। ১. তাৎক্ষণিক ধরনের প্রতিক্রিয়া কয়েক মিনিট থেকে কয়েক ঘণ্টার মধ্যে ঘটে। ২. বিলম্বিত (বিলম্বিত) ধরনের প্রতিক্রিয়া ২-৩ দিন পর ঘটে। তাই একজন চর্মরোগ বিশেষজ্ঞের সাথে পরামর্শ করে উপযুক্ত চিকিৎসা শুরু করা ভালো। অ্যালার্জি নাসেনিয়া ডকের চিকিৎসা। সন্দেহভাজন ব্যক্তিদের থামানো।"
71496,"হেলো, নাসেনিয়া ডকে আপনাকে স্বাগতম, আপনার জিজ্ঞাসার জন্য ধন্যবাদ। ফিমারে টাইটানিয়াম রড বসানো এবং বর্তমানে উপলব্ধ সাহিত্য থেকে আমরা যা জানি, তার সাথে ক্লান্তির অনুভূতির কোনো সম্পর্ক নেই। তবে, এটি সম্ভব যে এই ধরনের আঘাত এবং অস্ত্রোপচারের পর আপনি আপনার পায়ে কয়েক সপ্তাহ ধরে ব্যথা অনুভব করতে পারেন। এটি অ্যাবডোমিনাল অ্যাট্রোফির মতো কিছু। আপনার চিকিৎসক এবং একজন প্রশিক্ষিত ফিজিওথেরাপিস্টের তত্ত্বাবধানে আপনার নিচের অঙ্গের চারপাশের সমস্ত পেশী শক্তিশালী করার ব্যায়াম করার পরামর্শ দেওয়া হচ্ছে। এটি সম্ভব যে ৩ থেকে ৬ মাসের মধ্যে আপনি ভালো শক্তি অনুভব করতে শুরু করবেন, যা এই ধরনের ব্যায়াম। অন্যদিকে, যদি আপনি পুরো শরীরে সাধারণ ক্লান্তি অনুভব করেন, তবে রক্তাল্পতার মতো সাধারণ কারণগুলো বিবেচনা করা উচিত। এমনও হতে পারে যে আঘাতের সময় এবং অস্ত্রোপচারের সময় আপনি পর্যাপ্ত রক্ত হারিয়েছেন, যার ফলে রক্তাল্পতা হতে পারে। নির্দিষ্ট রক্ত পরীক্ষার ওপর ভিত্তি করে এই ধরনের পরিস্থিতি থেকে সেরে উঠতে সাহায্য করার জন্য সাপ্লিমেন্টের প্রয়োজন হতে পারে। ঠান্ডা লাগার বিষয়ে বলতে গেলে, হালকা গরম সেঁক দিলে কখনও কখনও ঠান্ডা অনুভূত হতে পারে। যেহেতু আপনার শরীরে একটি ইমপ্ল্যান্ট রয়েছে, তাই এটি নিশ্চিত হওয়ার জন্য আপনার শারীরিক পরীক্ষা করানো ভালো হবে। পরীক্ষা এবং কিছু রক্ত পরীক্ষা এই বিষয়ে প্রমাণ দিতে পারে। আশা করি এটি আপনার প্রশ্নের উত্তর দিয়েছে। আপনার জন্য শুভকামনা রইল, ধন্যবাদ। শুভেচ্ছান্তে, নাসেনিয়া ডক।"
44533,"হেলো ম্যাডাম, আপনার কব্জিতে যে ফোলাভাব হচ্ছে তা আঘাতের জায়গায় তরল জমার কারণে হচ্ছে। যেহেতু আপনার ডাক্তার আপনার শারীরিক অবস্থা মূল্যায়ন করেছেন এবং আপনাকে আশ্বস্ত করেছেন যে কোনো সমস্যা নেই, তাই আমার ধারণা হাড়ের কোনো আঘাত নেই এবং ফোলাভাবটি কেবল সফট টিস্যু এডিমা, যা কয়েক দিন পর কমে যাবে। ২-৩ দিন প্রতি ঘণ্টায় ৫ মিনিট করে গরম সেঁক দিন, এটি কমে যেতে পারে। এটি নিয়ে চিন্তিত হবেন না, এটি ঠিক হয়ে যাবে। ধন্যবাদ।"
37862,"হেলো, অ্যান্টিটিবি ওষুধগুলো ভুল নেগেটিভ ট্রাইমেস্টার বা ওয়েস্টার্ন ব্লট টেস্ট তৈরি করার জন্য পরিচিত নয়। জিহ্বায় সাদা রঙের দাগ ক্যানডিডিয়াসিস হতে পারে। একজন ওরাল মেডিসিন বিশেষজ্ঞের পরামর্শ নিন। ইওসিনোফিলিকের অনেক কারণ থাকতে পারে, যেমন অ্যালার্জিক প্রতিক্রিয়া, ত্বকের সমস্যা, অন্ত্রের কৃমি ইত্যাদি। অনুগ্রহ করে সিরাম আইজিই (IGE) লেভেল পরীক্ষা করুন এবং সিস্ট বা ওভার-দ্য-কাউন্টার পরীক্ষার জন্য আপনার মল পরীক্ষা করান। আশা করি আমি আপনার প্রশ্নের উত্তর দিতে পেরেছি। আপনার আরও কোনো প্রশ্ন থাকলে আমি সাহায্য করতে পারলে খুশি হব। শুভেচ্ছান্তে।"
57131,"হেলো, আপনার ফুসফুসের বাম দিকে সংক্রমণ হয়েছে। ফুসফুসকে ঢেকে রাখা পাতলা স্তর প্লুরাতেও প্রদাহ রয়েছে এবং এটি একটি সংবেদনশীল গঠন, তাই কাশি দিলে বা হাঁচি দিলেও ব্যথা হতে পারে। তবে এর স্থায়িত্ব ১ মাস। প্রতিটি নিউমোনিয়া এই সময়ের মধ্যে পুরোপুরি সেরে যায়। নিউমোনিয়া পুরোপুরি সেরে গেছে কিনা এবং অন্য কোনো সমস্যা নেই তা দেখার জন্য আপনাকে পুনরায় চেকআপ করাতে হবে। এটি কি প্লুরা বা পাঁজরের কারণে এত ব্যথা হচ্ছে? প্রয়োজনে ব্যথার কারণ জানার জন্য আল্ট্রাসাউন্ড বা সিটি স্ক্যান করান। আমার মনে হয় আপনার একজন বিশেষজ্ঞের পরামর্শ নেওয়া উচিত। আশা করি আপনি শীঘ্রই সুস্থ হয়ে উঠবেন।"
6569,"হেলো। আপনার অনুসন্ধানের জন্য ধন্যবাদ। আপনার ব্যথার ইতিহাস - পেটে ফোলাভাব, অস্বস্তি এবং হঠাৎ ব্যথাসহ পেট ফাঁপা এবং এখন পিঠে ব্যথা অন্ত্রের বাধার ইঙ্গিত দেয়, যা অন্ত্রের কোনো কিছুকে ঠেলে দেওয়ার চেষ্টা করে, যার ফলে হঠাৎ ব্যথা হয়, যাকে স্প্যাজমও বলা হয়। আমি আপনাকে নিম্নলিখিত পরামর্শ দিচ্ছি। অনুগ্রহ করে দাঁড়িয়ে পেটের এক্স-রে করান। পেটের আল্ট্রাসনোগ্রাফি করান। যদি অন্ত্রে কোনো বাধা থাকে, তবে আপনাকে পরীক্ষা-নিরীক্ষা ও চিকিৎসার জন্য হাসপাতালে ভর্তি হতে হবে, সেই সাথে স্যালাইন এবং ইলেক্ট্রোলাইটসহ রক্ত পরীক্ষা করতে হবে। এটি অ্যাসিড রিফ্লাক্সের ক্ষেত্রে নয়। যদি ৩ দিনের মধ্যে আপনি আরাম না পান, তবে আপনার অস্ত্রোপচারের প্রয়োজন হতে পারে। অস্ত্রোপচারের জন্য প্রস্তুত থাকুন।"
79899,"হেলো। এটি জানা গুরুত্বপূর্ণ যে তিনি কেন অনিদ্রার সম্মুখীন হচ্ছেন বা তিনি কোনো ঘুমের ওষুধ সেবন করছেন কি না। যদি ওসিডি (OCD) বিষণ্নতার সাথে সম্পর্কিত হয়, তবে এটি অনিদ্রার কারণ হতে পারে। অথবা ওসিডি আচ্ছন্ন চিন্তা এবং বাধ্যতামূলক কাজের কারণে উদ্বেগের কারণেও অনিদ্রা হতে পারে। তাই এই সমস্ত বিষয়ে তার মনোরোগ বিশেষজ্ঞকে জানান এবং চিকিৎসা শুরু করার জন্য চিকিৎসা শুরু করুন। আপনার সুস্বাস্থ্য কামনা করি।"
44635,"হেলো, যদি এটি কেবল একটি সাধারণ রক্ত জমাট বাঁধা হয়, তবে একজন নিউরোসার্জন সিদ্ধান্ত নেবেন যে এর কারণে সৃষ্ট চাপের লক্ষণগুলোর ওপর ভিত্তি করে এটি পরীক্ষা করা হবে কি না। যদি এটি কোনো চাপের লক্ষণ সৃষ্টি না করে, তবে আমরা এটি নিজে থেকেই সেরে যাওয়ার জন্য অপেক্ষা করতে পারি। তবে মস্তিষ্কের এমআরআই (MRI) বা সিটি স্ক্যান করলে মস্তিষ্কে কোনো তরল জমার লক্ষণ দেখা যেতে পারে। আশা করি আমি আপনার প্রশ্নের উত্তর দিতে পেরেছি। আমি আপনাকে আরও কোনোভাবে সাহায্য করতে পারি কি না জানাবেন। ভালো থাকবেন।"
25365,"আপনার উদ্বেগগুলো আমি বুঝতে পেরেছি এবং আপনার বিস্তারিত তথ্যগুলো দেখেছি। আমি আপনাকে খুব বেশি চিন্তা না করার পরামর্শ দিচ্ছি। প্রত্যেকের নিজস্ব ব্যক্তিত্ব এবং চিন্তাধারা থাকে, তাই বিভিন্ন ডাক্তার ভিন্ন ভিন্নভাবে চিন্তা করেন। আপনার ধরনে অভ্যস্ত না হয়ে আপনার ডাক্তারের পরামর্শ অনুযায়ী চলাই ভালো। আরও ভালো হয় যদি কঠোর ব্যায়াম এবং শিথিলকরণ পদ্ধতি, যার মধ্যে মনোচিকিৎসা অন্তর্ভুক্ত রয়েছে, তা উদ্বেগ এবং বিষণ্নতাজনিত অনিদ্রা নিরাময়ে প্রমাণিত হয়। আপনি এই ওয়েবসাইটে আমাকে সরাসরি প্রশ্ন করতে পারেন। যতটা সম্ভব বিস্তারিত তথ্য অন্তর্ভুক্ত করুন। আমি আপনার অবস্থা নিয়ন্ত্রণের জন্য কিছু সাইকোথেরাপি কৌশল লিখে দেব। আমি নিশ্চিত যে এই কৌশলগুলো সফল হবে। আশা করি এটি আপনার প্রশ্নের উত্তর দিয়েছে। আরও স্পষ্টীকরণের জন্য আমি আছি। শুভকামনা।"
36369,"হেলো। এটি একটি বারবার হওয়া সিস্ট (সম্ভবত সেবাসিয়াস বা জেলাটিনাস) হওয়ার সম্ভাবনা রয়েছে। দুর্ভাগ্যবশত, এই সিস্টগুলো একই বা ভিন্ন স্থানে পুনরায় ফিরে আসতে পারে। আপনি যদি অস্ত্রোপচারের জন্য একজন জেনারেল সার্জনের সাথে পরামর্শ করতে চান, তবে সেটিই সবচেয়ে ভালো। যদি এটি সত্যিই একটি সিস্ট হয়, তবে পুনরায় ফিরে আসার ঝুঁকি কম রাখার জন্য অস্ত্রোপচারের সময় এর সাথে যে ক্যাপসুলটি থাকে তা সম্পূর্ণভাবে অপসারণ করা উচিত। সেই অনুযায়ী অ্যান্টিবায়োটিক চিকিৎসা দেওয়া হবে, বিশেষ করে যদি সিস্টটি সংক্রমিত হয়। আশা করি এটি সাহায্য করবে। দিনটি ভালো কাটুক!!~ নাসেনিয়া ডক।"
7309,"হেলো, সাধারণত লিভার বড় হয়ে যাওয়া হেপাটাইটিস বা ফ্যাটি লিভারের কোনো ধরনের লক্ষণ হতে পারে এবং বেশিরভাগ ক্ষেত্রে এর জন্য কোনো নির্দিষ্ট চিকিৎসার প্রয়োজন হয় না। যদি এটি খাদ্যাভ্যাস, স্থূলতা এবং ডায়াবেটিসের কারণে হয়ে থাকে, তবে খাদ্যাভ্যাস ও জীবনযাত্রার পরিবর্তন প্রতিটি ক্ষেত্রেই উপকারী হবে। অ্যালকোহল এবং ভাইরাল হেপাটাইটিস এর সবচেয়ে সাধারণ কারণ এবং এই ক্ষেত্রে চিকিৎসার মূল্যায়ন প্রয়োজন। এছাড়া, যদি কোনো সংক্রামক রোগ বা পিত্তনালীর সমস্যা থাকে, তবে আরও গুরুতর সমস্যাগুলো বাদ দেওয়ার জন্য কিছু পরীক্ষা করা প্রয়োজন, যার জন্য নির্দিষ্ট চিকিৎসার প্রয়োজন। আপনাকে আপনার ভাইরাল মার্কারগুলো পরীক্ষা করতে হবে এবং প্রয়োজনে লিভার বায়োপসি করতে হবে। আশা করি আমি আপনার প্রশ্নের উত্তর দিতে পেরেছি। আমি আপনাকে আরও কোনোভাবে সাহায্য করতে পারি কিনা তা জানাবেন। ভালো থাকবেন। নাসেনিয়া ডক। রামস্টাইন, জেনারেল সার্জন।"
59285,"হেলো হরিশ, ক্লিনিকাল ইতিহাস এবং অতিরিক্ত ইনডাইরেক্ট বিলিরুবিনের দিকে তাকালে, আমি হিমোলাইসিসকে প্রধান কারণ হিসেবে বিবেচনা করব। লোহিত রক্তকণিকার মাত্রা বেড়ে যাচ্ছে, যা লিভারের লোডের চেয়ে বেশি এবং তাই আপনার ইনডাইরেক্ট বিলিরুবিন বেশি। যদি আপনি একটি ""রেটিকুলোসাইট কাউন্ট"" পরীক্ষা করে দেখেন এবং এটি বেশি থাকে, তবে আমরা হিমোলাইসিসের সন্দেহ করতে পারি। আপনি প্রথমে রেটিকুলোসাইট কাউন্ট পরীক্ষা করতে পারেন এবং তারপর পরবর্তী মূল্যায়নের কথা ভাবা যেতে পারে। পুরো রিপোর্টটি সংযুক্ত করুন, আরও কোনো প্রশ্ন থাকলে, সাহায্য করতে পারলে খুশি হব।"
82716,"তিনি আপনার উদ্বেগ বুঝতে পেরেছেন। ছত্রাকজনিত সংক্রমণের জন্য বিশেষ করে গোপনাঙ্গের সঠিক পরিচ্ছন্নতা ও যত্ন প্রয়োজন। আমার ক্লিনিকে ছত্রাকজনিত সংক্রমণ নিয়ে কোনো রোগী এলে আমি স্থানীয়ভাবে ব্যবহারের জন্য ৩ মাসের জন্য দিনে দুবার ১৫০ মিগ্রা ফ্লুকোনাজল ট্যাবলেট সেবনের পরামর্শ দিই। চুলকানি কমানোর জন্য সেটিরিজিনের মতো অ্যান্টিহিস্টামিন দিনে দুবার ১৫ দিনের জন্য সেবন করতে পারেন। গরম পানি দিয়ে ওই জায়গাটি ধুয়ে ফেলুন এবং চুলকাবেন না। যদি কোনো উন্নতি না হয়, তবে প্রয়োজনে চর্মরোগ বিশেষজ্ঞের পরামর্শ নিন। আপনার যদি আরও কোনো প্রশ্ন থাকে, তবে নির্দ্বিধায় জিজ্ঞাসা করতে পারেন। আপনাকে সাহায্য করতে পেরে আমি আনন্দিত। ধন্যবাদ।"
47331,"হেলো, নাসেনিয়া ডকের সাথে যোগাযোগ করার জন্য আপনাকে ধন্যবাদ। আমি যদি আপনার চিকিৎসাকারী ডাক্তার হতাম, তবে আমি আপনাকে জানাতে চাইতাম যে আপনি একটি সিম্বিকোর্ট ইনহেলার ব্যবহার করছেন যা আপনাকে ছত্রাক সংক্রমণের ঝুঁকিতে ফেলছে। তাই সম্ভবত আপনার সংক্রমণটি ছত্রাকজনিত হতে পারে। তবে আপনি ক্ষত থেকে গ্রাম স্টেইনিংয়ের মাধ্যমে এটি নিশ্চিত করতে পারেন। এছাড়া, সম্ভব হলে ছত্রাক কালচার এবং সেনসিটিভিটি পরীক্ষা করান। রিপোর্টের ভিত্তিতে আপনার চিকিৎসা শুরু করুন। সেনসিটিভিটি নাসেনিয়া ডক শুরু করার এক সপ্তাহের মধ্যে আপনি সুস্থ হয়ে উঠবেন। আপনি যদি আমাকে অন্য কিছু জিজ্ঞাসা করতে চান, তবে অনুগ্রহ করে আমার সাথে নাসেনিয়া ডকের সাথে যোগাযোগ করুন। সংক্রামক রোগ বিশেষজ্ঞ।"
97995,"হেলো, যেহেতু এটি সম্প্রতি শুরু করা হয়েছিল এবং ওষুধের কারণে আপনার মানসিক চাপ স্বাভাবিক, তাই হঠাৎ এটি বন্ধ করলে তা আগের চেয়ে আরও বেড়ে যাবে। সবচেয়ে ভালো উপায় হলো এক বা দুই মাস এটি চালিয়ে যাওয়া, ১১০-১২০ সীমার মধ্যে মানসিক চাপ রাখুন এবং তারপর ডোজ কমিয়ে ২০ মিগ্রা রাইটারে নিয়ে আসা। একই সাথে, খাদ্যতালিকায় লবণের পরিমাণ কমিয়ে দিন, খেলাধুলা চালিয়ে যান, শরীরের আদর্শ ওজন অর্জন করুন এবং ধীরে ধীরে আমরা আপনাকে ওষুধ পুরোপুরি বন্ধ করতে সক্ষম হব। তবে, একজন হৃদরোগ বিশেষজ্ঞ হিসেবে, আমি আপনাকে হঠাৎ ওষুধ বন্ধ না করার জন্য কঠোরভাবে সতর্ক করব, কারণ এক সপ্তাহের মধ্যে আপনার মানসিক চাপ আগের চেয়ে বেড়ে যাবে এবং উচ্চ রক্তচাপের কারণে হার্ট অ্যাটাক বা স্ট্রোকের ঝুঁকি ছাড়াও দীর্ঘমেয়াদে প্রয়োজনীয় ওষুধের মাত্রা বেশি থাকবে। শুভেচ্ছা, নাসেনিয়া ডক।"
8357,"হেলো, নাসেনিয়া ডকের সাথে যোগাযোগ করার জন্য আপনাকে ধন্যবাদ। আমি আপনার এমআরআই রিপোর্টগুলো পর্যালোচনা করেছি। এই ফলাফলগুলো নির্দেশ করে যে লাম্বার নার্ভে (পিঠের নিচের অংশে মেরুদণ্ড থেকে উৎপন্ন স্নায়ু, যা পায়ে ভ্রমণ করে), ডিস্ক ফুলে যাওয়া এবং লিগামেন্ট পুরু হয়ে যাওয়ার কারণে সেখানে চাপ সৃষ্টি হচ্ছে। এটি সাধারণত পায়ে এবং কোমরের নিচের অংশে ব্যথার সৃষ্টি করে। চিকিৎসা না করা হলে ব্যথার তীব্রতা বাড়তে পারে। হাঁটার সময় ব্যথা আরও বেড়ে যেতে পারে। এছাড়া, পায়ে দুর্বলতা বা অসাড়তা থাকতে পারে। লাম্বার নার্ভের গুরুতর সংকোচনের ক্ষেত্রে প্রস্রাব নিয়ন্ত্রণে সমস্যা হতে পারে। আশা করি এটি স্পষ্ট হয়েছে। শুভকামনা, নাসেনিয়া ডক।"
64283,"হেলো, আমবাত বা ত্বকের র‍্যাশ সম্ভবত অ্যালার্জির প্রতিক্রিয়ার কারণে হয়েছে, যা যেকোনো খাবার বা ওষুধ, ত্বকের প্রসাধনী, ডিটারজেন্ট, চামড়া, ল্যাটেক্স, যেকোনো ধাতু ইত্যাদির প্রতি অ্যালার্জির কারণে হতে পারে। আমি আপনাকে একজন অ্যালার্জি বিশেষজ্ঞের সাথে পরামর্শ করার এবং একটি পুঙ্খানুপুঙ্খ ক্লিনিকাল মূল্যায়ন করার পরামর্শ দেব, যেমন ফুড টেস্ট, প্যাট টেস্ট এবং প্যাট টেস্টের মতো সমস্ত পরীক্ষা। পরীক্ষা ইত্যাদি রোগ নির্ণয়ে সাহায্য করতে পারে এবং সেই অনুযায়ী চিকিৎসা করা যেতে পারে। পরীক্ষাগুলো অ্যালার্জেনের সঠিক কারণ নির্ণয়ে সাহায্য করবে এবং অ্যালার্জির কারণ জানা গেলে, অ্যালার্জির আক্রমণ প্রতিরোধ করতে আপনি এর সংস্পর্শ এড়িয়ে চলতে পারবেন। অ্যালার্জিস্ট আরামের জন্য মুখে খাওয়ার অ্যান্টি-অ্যালার্জিক এবং ইনজেকশনযোগ্য স্টেরয়েড দিতে পারেন। ঠান্ডা সেঁক দিন। ক্যালামাইন লোশন ব্যবহার করলে ত্বক আরাম পেতে সাহায্য করতে পারে। আপনাকে ইমিউনোথেরাপিও দেওয়া হতে পারে যা অ্যালার্জির আক্রমণের তীব্রতা ও পুনরাবৃত্তি কমাতে সাহায্য করবে। আশা করি আমি আপনার প্রশ্নের উত্তর দিতে পেরেছি। আমি আপনাকে আরও কোনোভাবে সাহায্য করতে পারি কিনা তা জানাবেন।"
62517,"হেলো প্রিয়, নাসেনিয়া ডকের সাথে যোগাযোগ করার জন্য আপনাকে ধন্যবাদ। আমি আপনার উদ্বেগ পড়েছি এবং বুঝতে পেরেছি। আমি নাসেনিয়া ডক, আপনার উদ্বেগের উত্তর দিচ্ছি। হ্যাঁ, আপনার ক্ষেত্রে গুরুতর কার্যকলাপ এবং স্টেরয়েড উভয়ই জটিলতা সৃষ্টি করেছে। হারপিস সংক্রমণের কিছু ক্ষেত্রে কর্নিয়াল আলসার বা কেরাটাইটিস হতে পারে, যা আরও জটিল হতে পারে। আমি আপনাকে স্টেরয়েড চিকিৎসা না করার পরামর্শ দিচ্ছি। কারণ এটি নীরবে আরও আলসার সৃষ্টি করতে পারে। স্টেরয়েড শুরুতে আপনার সমস্যার সমাধান করতে পারে, কিন্তু পরবর্তীতে তা আরও খারাপ হতে পারে। তাই স্টেরয়েড এড়িয়ে চলার চেষ্টা করুন। আপনি এসাইক্লোভির আই নাসেনিয়া ডক নিতে পারেন। এটি আপনার সংক্রমণের চিকিৎসা করতে পারে। ব্যথার জন্য গ্যাবাফেন্টিন এবং ভালো স্নায়ু পুনরুদ্ধারের জন্য ভিটামিন বি কমপ্লেক্স গ্রহণ করুন। অনুগ্রহ করে ঘন ঘন জীবাণুমুক্ত সাধারণ স্যালাইন দিয়ে চোখের ভালো স্বাস্থ্যবিধি বজায় রাখুন। এটি আপনাকে সংক্রমণের বিরুদ্ধে আরও ভালোভাবে লড়াই করতে সাহায্য করতে পারে। অনুগ্রহ করে চোখের ওপর সানগ্লাস পরুন কারণ এটি চোখের চাপ কমায় এবং কর্নিয়ার আরও ক্ষতি রোধ করে। আপনার পরবর্তী যেকোনো প্রশ্নের উত্তর দিতে আমি খুশি হব bit.ly/ তে।"
70920,"হেলো, মনে হচ্ছে নতুন ফ্লোরিং বসানোর পর আপনার ধুলোর অ্যালার্জি আরও বেড়ে গেছে এবং আপনি যদি ইনস্টলেশনের সময় আশেপাশে থাকেন, তবে এটি অস্বাভাবিক যে এত উচ্চ ধুলোর অ্যালার্জেন লোড আপনার শ্বাসনালীকে বিপর্যস্ত করেছে। যদি আপনার পিক ফ্লো আপনার রিডিংয়ের ৫০%-এর নিচে থাকে, তবে ফুসফুস পরীক্ষা করার জন্য আপনাকে হাসপাতালে থাকতে হবে। আপনার একাধিক সংবেদনশীলতা রয়েছে এবং এই সবকিছুর সংমিশ্রণ লক্ষণগুলোর হঠাৎ অবনতির কারণ হয়েছে। এর মধ্যে রয়েছে পুরনো কার্পেটের ধুলো, মোল্ড (যা সবসময় দেখা যায় না), মেঝেতে শুয়ে থাকার জন্য ব্যবহৃত রাসায়নিক ইত্যাদি। কোনো স্পষ্ট নিউমোনিয়া বা প্লুরিসি নেই তা নিশ্চিত করার জন্য বুকের এক্স-রে করার পরামর্শ দেওয়া হচ্ছে।"
51375,"হেলো, বারবার র‍্যাশ হওয়ার একাধিক সম্ভাবনা থাকতে পারে। আপনি আপনার ইতিহাসে আপনার বয়স, লিঙ্গ এবং পেশা উল্লেখ করেননি যাতে আমি আপনাকে আরও ভালোভাবে সাহায্য করতে পারতাম। আপনার ইতিহাস পড়ার পর আমি অ্যালার্জির র‍্যাশ থেকে ফোস্কা হওয়ার প্রাথমিক রোগ নির্ণয় করতে পারব। এটি হওয়ার আগে কোনো নির্দিষ্ট কারণ খুঁজে বের করুন। সিপ্রোফ্লক্সাসিন বা সিইএ চ্যাট ডাক্তারের মতো অ্যান্টিবায়োটিকের একটি কোর্স সম্পন্ন করুন। আক্রান্ত পাকে পর্যাপ্ত বিশ্রাম দিন এবং উঁচু করে রাখুন। ব্যথার জায়গায় আপনি প্যারাসিটামল বা ডাইক্লোফেনাক ট্যাবলেট দিনে দুবার খেতে পারেন। যদি এটি বারবার হয়, তবে সর্বোত্তম সম্ভাব্য রোগ নির্ণয়ের জন্য আপনি একজন চর্মরোগ বিশেষজ্ঞের সাথে দেখা করতে পারেন। নিজের যত্ন নেবেন।"
65358,"হেলো, এখানে পরামর্শের ভিত্তিতে আপনি কী চাইছেন সে বিষয়ে আমি নিশ্চিত নই। তবে, আমি বুঝতে পারছি আপনি অনেক কিছুর মধ্য দিয়ে যাচ্ছেন। বিষণ্নতা থাকলে মানসিক চাপ হতে পারে। ঘাড়ের ব্যথা এবং পিঠের উপরের বা মাঝের অংশের ব্যথার মতো শারীরিক সমস্যাগুলো বিবাহবিচ্ছেদের চাপের সাথে আপনার মানসিক চাপের কারণ হতে পারে। এটি শেখার ডোজ বাড়াতে সাহায্য করতে পারে, তবে এর জন্য আপনাকে একজন যোগ্য মনোরোগ বিশেষজ্ঞের সাথে দেখা করতে হবে। অথবা, ব্যথার সাথে সহায়ক হলেও, এটি আপনার মেজাজের পরিবর্তন ঘটাতে পারে। আপনার মনোরোগ বিশেষজ্ঞের সাথে পরামর্শ করা ভালো হবে, যিনি আপনার সম্পূর্ণ মেডিকেল ইতিহাস জানেন। আশা করি এটি আপনাকে সাহায্য করবে। ভালো থাকবেন।"
25896,"নাসেনিয়া ডকে আপনার প্রশ্নের জন্য ধন্যবাদ। আমি আপনার শাশুড়ির পরিস্থিতি এবং সমস্যাটি বুঝতে পারছি। অস্ত্রোপচার না করা হলে অ্যানিউরিজম লিকেজ জীবন-হুমকিপূর্ণ হতে পারে। রোগীর ধীরে ধীরে হাইপোটেনশন এবং তারপর কার্ডিয়াক অ্যারেস্ট হতে পারে। তার ফুসফুসের অবস্থা অস্ত্রোপচারের অনুমতি দিচ্ছে না, তবে আপনাকে অস্ত্রোপচারের ঝুঁকি নিতে হবে কারণ অস্ত্রোপচার ছাড়াই তিনি ২-৩ মাসের মধ্যে মারা যাবেন। তবে অস্ত্রোপচার সফল হলে তিনি সহজেই ৫-৬ বছর বেঁচে থাকতে পারবেন। তাই একজন সার্জনের সাথে ঝুঁকি-সুবিধার অনুপাত নিয়ে আলোচনা করুন এবং সেই অনুযায়ী পরিকল্পনা করুন। আশা করি আমি আপনার প্রশ্নের সমাধান করতে পেরেছি। আপনার শাশুড়ির সুস্বাস্থ্য কামনা করছি। ধন্যবাদ।"
65966,"হেলো, যদি আপনার মাথা ঘোরা (অথবা স্থির থাকা সত্ত্বেও নড়াচড়ার অনুভূতি) এর সাথে সম্পর্কিত হয় এবং এর সাথে দুর্বলতা, অসাড়তা, শ্রবণশক্তিতে সমস্যা ইত্যাদির মতো অন্য কোনো উপসর্গ না থাকে, তবে মেক্লিজিনের একটি ট্রায়াল (দিনে দুবার ১২.৫ মিগ্রা দিয়ে শুরু করা) সহায়ক হতে পারে। আপনার চিকিৎসকের স্কোপোলামিন প্যাচও সাহায্য করতে পারে। যদি মাথা ঘোরার সময় মাথা ঘোরার লক্ষণ দেখা দেয়, তবে আমি আপনাকে আপনার ডাক্তারের (বা কান-নাক-গলা বিশেষজ্ঞ) সাথে দেখা করার পরামর্শ দিচ্ছি, যাতে তারা ডিক্স-হ্যালপাইক কৌশলগুলো করতে পারেন, কারণ আপনি বিপিপিডি (বিপিপিডি) ভুগছেন। যদি দাঁড়ানোর সময় আপনার মাথা হালকা থাকে কিন্তু ঘর ঘোরে না এবং অস্বাভাবিক নড়াচড়ার অনুভূতি না থাকে, তবে সম্ভবত আপনি অর্থোস্ট্যাটিক হাইপোটেনশনে ভুগছেন এবং এই মুহূর্তে আমি আপনাকে সুস্থ থাকার চেষ্টা করার পরামর্শ দেব।"
107938,"আপনার অনুসন্ধানের জন্য ধন্যবাদ, আমি আপনার অনুসন্ধানটি দেখেছি। গালের ফোলাভাব দাঁত বা মাড়ির সংক্রমণের কারণে ফোলাভাব বা পুঁজ জমার কারণে হতে পারে। একজন ওরাল ফিজিশিয়ানের সাথে পরামর্শ করুন এবং এটি পরীক্ষা করান। আমি যদি আপনার চিকিৎসাকারী ডাক্তার হতাম, তবে মাড়ি এবং দাঁতের সংক্রমণ নিশ্চিত করার জন্য আমি আপনাকে আরভিজি (RVG) বা আইওপিএআর (IOPAR)-এর মতো রেডিওগ্রাফ করার পরামর্শ দিতাম। যদি এটি মাড়ি বা দাঁতের সংক্রমণ হয়, তবে আমি ৫ দিনের জন্য অ্যামোক্সিসিলিন এবং মেট্রোনিডাজলের মতো অ্যান্টিবায়োটিকের একটি কোর্স প্রেসক্রাইব করতাম (যদি আপনার অ্যালার্জি না থাকে)। সেক্ষেত্রে আমি মাড়ির সংক্রমণের জন্য স্কেলিং এবং রুট প্ল্যানিং করার পরামর্শ দিতাম। যদি এটি দাঁতের সংক্রমণ হয়, তবে রুট ক্যানেল চিকিৎসা বা দাঁত তোলার পরামর্শ দিতাম। অ্যান্টিবায়োটিক ব্যবহারের পর ফোলাভাব কমতে দুই দিন সময় লাগে। আশা করি আমার উত্তরটি আপনাকে সাহায্য করবে, ভালো থাকবেন।"
42716,"হেলো! অনুসন্ধানের জন্য ধন্যবাদ। এই চাকাটি হার্নিয়া নয়। যেহেতু আঘাতের সাথে এটি নীল ছিল এবং আঘাতের পরে দেখা দিয়েছে, তাই এটি সম্ভবত একটি হেমাটোমা। এটি শিরা ফেটে যাওয়ার কারণে (আঘাতের কারণে) দেখা দিয়েছে। রক্ত নরম টিস্যুতে জমা হয়। যদি একটি হেমাটোমা বেশ বড় হয়, তবে এটি নিজে থেকে মিলিয়ে যাবে না। আমি আপনাকে একজন জেনারেল সার্জনের সাথে পরামর্শ করার পরামর্শ দিচ্ছি। হেমাটোমা চ্যাট ডাক্তারের সাথে কথা বলা উচিত। সন্দেহের ক্ষেত্রে, নরম টিস্যুর আল্ট্রাসাউন্ড করা যেতে পারে। আশা করি এটি সাহায্য করবে। শুভেচ্ছা।"
68293,"হেলো, নাসেনিয়া ডক ব্যবহার করার জন্য ধন্যবাদ। যদি পরিবর্তনগুলো শুধুমাত্র আক্রান্ত স্থানেই ঘটে থাকে, তবে ইনজেকশনের প্রতি আপনার অ্যালার্জিক প্রতিক্রিয়া হওয়ার সম্ভাবনা রয়েছে। মুখে খাওয়ার অ্যান্টি-হিস্টামিন ব্যবহার করলে যেকোনো অ্যালার্জিক প্রতিক্রিয়া কমাতে সাহায্য করবে। এগুলো আপনার স্থানীয় ফার্মেসিতে প্রেসক্রিপশন ছাড়াই পাওয়া যায়। আপনার ডাক্তারকে এই প্রতিক্রিয়া সম্পর্কে জানানো উচিত যাতে তিনি এটি লক্ষ্য করতে পারেন। আশা করি এটি আপনাকে সাহায্য করবে।"
106189,"হেলো। নাসেনিয়া ডকে আপনাকে স্বাগতম। আমি আপনার প্রশ্নটি দেখেছি। যেহেতু আপনার কালার ডপলার স্ক্যান স্বাভাবিক, তাই এটি কম হরমোন বা হরমোনের ভারসাম্যহীনতার কারণে শুক্রাণুর সংখ্যা কম হতে পারে। টেস্টোস্টেরনে প্রধান হরমোন থাকে। তাই এটি অবশ্যই শুক্রাণুর সংখ্যা বাড়াতে সাহায্য করবে। টেস্টোস্টেরন ইনজেকশন নেওয়ার ৩ মাস পর একই রিপোর্ট করুন। আশা করি আমি আপনার প্রশ্নের উত্তর দিতে পেরেছি। আপনাকে আরও সাহায্য করতে পারলে খুশি হব। ভালো থাকবেন।"
27690,"হেলো! শুভ সন্ধ্যা। আমি নাসেনিয়া ডক, আপনার প্রশ্নের উত্তর দিচ্ছি। সম্ভবত আপনার চিবুকে একটি অর্গানাইজড হেমাটোমা হয়েছে। এটি শোষিত হতে দীর্ঘ সময় লাগতে পারে। তবে, কখনও কখনও এটি ক্যালসিফাইড হয়ে যায় এবং সেই ক্ষেত্রে এটি আজীবন থেকে যেতে পারে। আমি আপনাকে পরবর্তী মতামত এবং প্রয়োজনীয়তার জন্য একজন ম্যাক্সিলোফেসিয়াল সার্জনের সাথে দেখা করার পরামর্শ দেব। আমি আশা করি এই তথ্যটি আপনার সমস্যার পরবর্তী ব্যবস্থাপনার বিষয়ে আপনার পারিবারিক চিকিৎসক বা আপনার চিকিৎসা প্রদানকারী ডাক্তারের সাথে আলোচনা করতে সাহায্য করবে। কোনো সন্দেহ থাকলে নির্দ্বিধায় জিজ্ঞাসা করুন। আপনার স্বাস্থ্য সমস্যার বিষয়ে সন্দেহ দূর করতে নাসেনিয়া ডককে বেছে নেওয়ার জন্য ধন্যবাদ। আপনার দ্রুত আরোগ্য কামনা করছি। নাসেনিয়া ডক।"
85846,"হেলো। অনুসন্ধানের জন্য ধন্যবাদ। এটি আঠার একটি অংশ বলে মনে হচ্ছে যা সেলাইয়ের সাথে সংযুক্ত না হয়ে পড়ে থাকতে পারে এবং ঝুলে থাকতে পারে। তাই আমার পরামর্শ হলো আপনার ডেন্টিস্টের সাথে পরামর্শ করুন এবং একটি ক্লিনিকাল পরীক্ষা করান। যদি মাড়ি অতিরিক্ত থাকে এবং ঝুলে থাকে, তবে তিনি এটি অপসারণ করতে পারেন যাতে এটি কোনো সমস্যা সৃষ্টি না করে। আর যদি এটি ঝুলে থাকে এবং বিরক্ত হয়, তবে এটি প্রদাহযুক্ত এবং বেদনাদায়ক হতে পারে। তাই হয় অন্য মাড়িতে সেলাই করা বা অপসারণ করা ভালো। আশা করি এটি সাহায্য করবে। শুভেচ্ছা।"
85062,"হেলো। নাসেনিয়া ডকে আপনাকে স্বাগতম। প্রথমে আমি আপনাকে আপনার সমস্যার মূল কারণ যেমন ডিস্টাল নেজাল সেপ্টাম সংশোধন করার পরামর্শ দেব এবং আমার মনে হয় আপনি এতদিনে এটি জেনে গেছেন যে এর চিকিৎসা হলো সার্জারি। ডিসপ্রুফস হলো একটি স্টেরয়েড (ডেক্সামেথাসোন) যা দীর্ঘ সময় ধরে সেবন করলে অনেক পার্শ্বপ্রতিক্রিয়া সৃষ্টি করে। স্বল্পমেয়াদী পার্শ্বপ্রতিক্রিয়াগুলোর মধ্যে রয়েছে ক্ষুধা বৃদ্ধি, ওজন বৃদ্ধি এবং উদ্বেগ ও নড়াচড়ার মতো মানসিক পরিবর্তন। এটি গ্যাস্ট্রাইটিসের মতো গ্যাস্ট্রোইনটেস্টাইনাল পার্শ্বপ্রতিক্রিয়া সৃষ্টি করতে পারে। স্টেরয়েডের স্থানীয় নেজাল স্প্রে পাওয়া যায়, যার ইনজেকশনের তুলনায় পার্শ্বপ্রতিক্রিয়া কম। আমি আপনাকে এ বিষয়ে আপনার চিকিৎসকের সাথে কথা বলার পরামর্শ দেব। আপনার জন্য শুভকামনা রইল।"
42982,"হেলো। এটি বিশ্বাস করা কঠিন মনে হতে পারে, তবে যে স্নায়ুগুলো আপনার হাত ও বাহুতে রক্ত সরবরাহ করে, সেগুলো মেরুদণ্ডের স্তর থেকে শুরু হয় এবং হাত ও বাহুর যে অংশে এগুলো রক্ত সরবরাহ করে, সেই পথ দিয়ে এই স্নায়ুগুলোর গতিপথ ভিন্ন মুখ ও পেশীবহুল সমতলের মধ্য দিয়ে যায়, যা তাদের প্রাকৃতিক চিকিৎসায় এনট্র্যাপমেন্টের প্রতি সংবেদনশীল করে তুলতে পারে। এটি এমন একটি অবস্থা যেখানে একটি স্নায়ু একটি পেশী এবং হাড়ের মধ্যে বা পেশীর তন্তুর মধ্যে সংকুচিত হয় যা এটি ভেদ করে বা অতিক্রম করে। এছাড়া, স্নায়ুগুলো রক্তনালীর চারপাশে ভ্রমণ করলে যান্ত্রিকভাবে তাদের ওপর চাপ সৃষ্টি করতে পারে। সাধারণত যে রোগীদের এই ধরনের সমস্যা হয়, তাদের হাত ও বাহুতে হালকা ব্যথা থাকে। যদি এটি খুব বেশি গুরুতর না হয় এবং কোনো স্নায়বিক ঘাটতি না থাকে, তবে প্রেগাবালিন এবং ভিটামিন বি কমপ্লেক্স ট্যাবলেটের পাশাপাশি রক্ষণশীল চিকিৎসা, কার্যকলাপে পরিবর্তন এবং ফিজিওথেরাপি শুরু করা যেতে পারে, যা আরাম দেবে। আপনার সমস্যাকে আরও বাড়িয়ে তোলে এমন কাজ এড়িয়ে চলুন।"
105479,"হেলো, আমাদের সাথে যোগাযোগ করার জন্য ধন্যবাদ। আমি আপনার উদ্বেগ বুঝতে পারছি। আমি যদি আপনার চিকিৎসাকারী ডাক্তার হতাম, তবে আমি আপনাকে পরামর্শ দিতাম যে নিউস্প্রিন পাউডার স্থানীয় চিকিৎসার জন্য একটি ভালো বিকল্প। তবে যদি ই. কোলাই একাধিক সংক্রমণের বিরুদ্ধে প্রতিরোধী হয়, তবে আমি নির্দিষ্ট কিছু ওরাল অ্যান্টিবায়োটিক শুরু করার পরামর্শ দিচ্ছি। ভালো স্থানীয় স্বাস্থ্যবিধি বজায় রাখুন। আপনার যদি আরও কিছু জিজ্ঞাসা থাকে, তবে অনুগ্রহ করে আমার সাথে যোগাযোগ করুন। নাসেনিয়া ডকের পক্ষ থেকে আপনার সুস্বাস্থ্য কামনা করি। নাসেনিয়া ডক। সংক্রামক রোগ বিশেষজ্ঞ।"
68273,"হেলো, এটি একটি সংক্রমণ বলে মনে হচ্ছে। ক্লিনডামাইসিনও ভালো শোনাচ্ছে। দাঁতের সংক্রমণের জন্য যে ডোজ দেওয়া হয়েছে, আপনার সেই ডোজই নেওয়া উচিত। এ বিষয়ে খুব সতর্ক থাকুন। অ্যান্টিবায়োটিক শুরু করার ২ দিন পরেও যদি ব্যথা এবং ফোলাভাব না কমে, তবে আপনার অবশ্যই দ্রুত একজন ডাক্তারের সাথে দেখা করা উচিত, কারণ এমনও হতে পারে যে এর নিচে পুঁজ জমেছে যার জন্য ডাক্তারের পরামর্শ প্রয়োজন। শুধু পরীক্ষা করে দেখুন যে আপনার ক্লিনডামাইসিনের মেয়াদ শেষ হয়নি।"
4916,"হেলো, আমি আপনার প্রশ্নটি দেখেছি এবং বিষয়টি বুঝতে পেরেছি। প্রথমত, আমি আপনাকে জানাতে চাই যে মানসিক চাপ গর্ভধারণে বাধা সৃষ্টি করে। আপনি যত বেশি সাধারণ হবেন, আপনার সফল হওয়ার সম্ভাবনা তত বেশি থাকবে। যেহেতু আপনারা মাত্র পাঁচ মাস একসাথে আছেন, তাই চিন্তার কোনো কারণ নেই। আপনার স্ত্রী স্থায়ীভাবে আপনার সাথে থাকার পর আপনি চেষ্টা করতে পারেন। ইতিমধ্যে, অনুগ্রহ করে আপনার ডাক্তারের পরামর্শ অনুযায়ী ওষুধ চালিয়ে যান। ডাক্তারের সাথে কথা বলা এড়িয়ে চলুন। যদি নিয়মিত ডিম্বস্ফোটন হয়, তবে বীর্যের ঘনত্বের কারণে স্বাভাবিক পদ্ধতি ব্যর্থ হলে আইইউআই (IUI) চেষ্টা করা যেতে পারে। আশা করি এটি আপনাকে সাহায্য করবে।"
53117,"হেলো, আপনার প্রশ্নটি পোস্ট করার জন্য নাসেনিয়া ডককে বেছে নেওয়ার জন্য ধন্যবাদ। আমি আপনার প্রশ্নটি বিস্তারিতভাবে দেখেছি এবং আপনি কীসের মধ্য দিয়ে যাচ্ছেন তা আমি বুঝতে পারছি। এই তিনটি সরাসরি একে অপরের সাথে সম্পর্কিত নয়। তবে, টেস্টোস্টেরনের মাত্রা কমে গেলে ক্লান্তি এবং বিষণ্নতার মতো উপসর্গ দেখা দিতে পারে। যদি টেস্টোস্টেরনের মাত্রা কম পাওয়া যায়, তবে তা সংশোধন করা বুদ্ধিমানের কাজ হবে। আশা করি আমি আপনার উদ্বেগের উত্তর দিতে পেরেছি। আপনার যদি আরও কোনো প্রশ্ন থাকে, তবে আমি আপনাকে সাহায্য করতে পারলে খুশি হব। ভবিষ্যতে যদি আপনি সরাসরি আমার সাথে যোগাযোগ করতে চান, তবে আপনি নিচে উল্লিখিত লিঙ্কটি ব্যবহার করতে পারেন।"
100443,"নাসেনিয়া ডকে আপনার প্রশ্নের জন্য ধন্যবাদ। আমি আপনার উদ্বেগ বুঝতে পারছি। আদর্শগতভাবে আপনার ক্ষেত্রে প্রথমে ইসিজি (ECG) এবং টু-ডি ইকো (2D echo) করানো উচিত। যদি উভয়ই স্বাভাবিক থাকে, তবে হৃদরোগ নিয়ে চিন্তার কোনো কারণ নেই। জিইআরডি (গ্যাস্ট্রোইসোফেজিয়াল রিফ্লাক্স ডিজিজ) একই ধরনের বুকে ব্যথার কারণ হতে পারে। গ্যাস্ট্রোইসোফেজিয়াল স্ফিংটারের শিথিলতার কারণে জিইআরডি হয়। এর ফলে পাকস্থলীর অ্যাসিড খাদ্যনালীতে উঠে আসে এবং বুকের মাঝখানে ব্যথা ও বমি বমি ভাব সৃষ্টি করে। আপনি প্রোটন পাম্প ইনহিবিটর (পেপসিড) নিচ্ছেন। তবে নাসেনিয়া ডকের পরামর্শ নিন। মানসিক চাপ ও উত্তেজনা এড়িয়ে চলুন। অতিরিক্ত গরম ও মশলাযুক্ত খাবার এড়িয়ে চলুন। জাঙ্ক ফুড খাবেন না। একবারে বেশি খাবার না খেয়ে অল্প অল্প করে বারবার খাবার খান। খাওয়ার পর হাঁটাহাঁটি করুন। রিফ্লাক্স রোধ করতে বিছানায় মাথার নিচে ২-৩টি বালিশ ব্যবহার করুন। ওজন বেশি হলে তা কমান। চিন্তা করবেন না, আপনি সুস্থ হয়ে উঠবেন। আশা করি আমি আপনার প্রশ্নের সমাধান দিতে পেরেছি। আপনার সুস্বাস্থ্য কামনা করি। ধন্যবাদ।"
40312,"আমি আপনার উদ্বেগ বুঝতে পারছি। আপনার বর্ণিত ইতিহাস খিঁচুনির সাথে সামঞ্জস্যপূর্ণ। তবে, মৃগীরোগের ক্ষেত্রে আমাদের অন্তত ২৪ ঘণ্টার ব্যবধানে ২টি খিঁচুনির প্রয়োজন হয়। আপনি যদি স্মার্টফোন দিয়ে এমন একটি দৃশ্য রেকর্ড করেন তবে তা দারুণ সহায়ক হবে। এটি শিশুর শারীরিক অবস্থা সম্পর্কে চিকিৎসকের ধারণা পেতে সাহায্য করবে। অন্যথায়, শিশুর ইলেক্ট্রোএনসেফালোগ্রাম (EEG) করা যেতে পারে। খিঁচুনির জন্য দেওয়া অ্যান্টি-কনভালসিভ ওষুধ শুধুমাত্র উপরের পরীক্ষা এবং আপনার শিশুরোগ বিশেষজ্ঞের মতামতের পরেই দেওয়া হয়। শুভেচ্ছা।"
100189,"হেলো, সিসিকিউ ট্যাবলেট সেবন করা নিরাপদ, তবে আপনার ডাক্তারের তত্ত্বাবধানে এটি গ্রহণ করা উচিত। বারবার আল্ট্রাসাউন্ডের মাধ্যমে আপনার ফলিকলের বৃদ্ধি ট্র্যাক করুন এবং যখন আপনার ফলিকল ১৭ থেকে ১৮ মিমি-এর বেশি হবে, তখন ফলিকল ফাটার জন্য ইনজেকশন নিন। ইনজেকশনের পর ২ থেকে ৩ দিন আপনার স্বামীর সাথে শারীরিক সম্পর্কে লিপ্ত থাকুন। পরবর্তী ২ সপ্তাহ প্রজেস্টেরন গ্রহণ করুন। এরপর বাড়িতে প্রস্রাবের মাধ্যমে প্রেগন্যান্সি টেস্ট করুন। আপনি এভাবে ৩ থেকে ৬ মাস চেষ্টা করতে পারেন। আশা করি আমি আপনার প্রশ্নের উত্তর দিতে পেরেছি। শুভেচ্ছা, নাসেনিয়া ডক।"
54761,"হেলো, প্রিয়। আমি আপনার প্রশ্নটি দেখেছি। আমি আপনার উদ্বেগ বুঝতে পারছি। আপনার রক্তাল্পতা আছে, তবে শুধুমাত্র এই রিপোর্টের ভিত্তিতে আমরা বলতে পারি না যে এটি সবসময় আয়রনের ঘাটতির কারণে হচ্ছে। এর আরও অনেক কারণ থাকতে পারে। এমনকি ভিটামিন বি১২-এর ঘাটতির কারণেও একই সমস্যা হতে পারে। আপনার পেরিফেরাল স্মিয়ার পরীক্ষা এবং সিরাম আয়রন ও ফেরিটিন লেভেল পরীক্ষা করা উচিত। যদি আপনার আয়রন এবং ফেরিটিন লেভেল কম থাকে, তবে আপনাকে আয়রন চিকিৎসা নিতে হবে। অন্যথায়, কারণ অনুযায়ী চিকিৎসা করা হবে। আশা করি আমি আপনার প্রশ্নের উত্তর দিতে পেরেছি, যদি আপনার কোনো সন্দেহ থাকে তবে আমি উত্তর দিতে পেরে খুশি হব। নাসেনিয়া ডক ব্যবহার করার জন্য ধন্যবাদ। আপনার সুস্বাস্থ্য কামনা করি।"
99592,"হেলো এবং নাসেনিয়া ডকে আপনাকে স্বাগতম। এর কয়েকটি সম্ভাব্য কারণ থাকতে পারে যা নিচে দেওয়া হলো। এটি জয়েন্টের ডিজেনারেটিভ পরিবর্তন বা লিম্বোসিচিয়ালজিয়ার কারণে হতে পারে, তবে রক্তনালীর সরবরাহে ঘাটতিও থাকতে পারে, তাই এমআরআই-এর পাশাপাশি ডপলার আল্ট্রাসাউন্ড করা উচিত। ইএসআর (ESR) যেকোনো প্রদাহজনিত প্রক্রিয়ার লক্ষণ হতে পারে। যদি এটি আর্থ্রাইটিসের লক্ষণ হয়, তবে আপনার কিছু নির্দিষ্ট অ্যান্টি-ইনফ্ল্যামেটরি ওষুধ সেবন করা উচিত, কারণ ইনজেকশন সাধারণত কার্যকর হয় না। তলপেটে ব্যথাও একটি অনির্দিষ্ট লক্ষণ। এটি বন্দুকের সমস্যার কারণে হতে পারে, তবে আরও অনেক কারণেও হতে পারে। প্রথম ধাপ হলো পেলভিক আল্ট্রাসাউন্ড এবং পরবর্তী পদক্ষেপ হিসেবে পেলভিক আল্ট্রাসাউন্ড করা। আপনার সুস্বাস্থ্য কামনা করি।"
1385,"হেলো, আপনার অনুসন্ধানের জন্য ধন্যবাদ। আমি আপনার অনুসন্ধানটি পড়েছি এবং আপনার উদ্বেগগুলো বুঝতে পেরেছি। দুর্ভাগ্যবশত, আপনি গর্ভবতী হননি। আপনি যদি গর্ভবতী হতেন, তবে এতক্ষণে বিটা এইচসিজি (Beta hCG) পরীক্ষা করাতাম। ২০শে জুলাইয়ের স্পটিং এপিসোডে আপনার পিরিয়ড বেশি দেখা যাচ্ছে। এখন আপনার পরবর্তী পিরিয়ডের মাঝামাঝি সময় হওয়া উচিত। এই চক্রের ডিম্বস্ফোটন নিশ্চিত করতে একটি ফলিকুলার গ্রোথ স্ক্যান করান। আপনার জন্য শুভকামনা রইল। আশা করি আমি আপনার প্রশ্নের উত্তর দিতে পেরেছি। আপনার পরবর্তী যেকোনো প্রশ্নের জন্য আমি উপলব্ধ থাকব। নাসেনিয়া ডক।"
1257,"প্রিয় রোগী, পিঠের ব্যথা এবং ইউটিআই (UTI) পেলভিক অঙ্গের প্রদাহের কারণে হতে পারে। তবে যেহেতু আপনার উভয় পায়ে ব্যথা হচ্ছে, তাই ডিস্ক প্রোল্যাপস বা ক্যানাল স্টেনোসিসের সম্ভাবনা বেশি এবং এটি ইউটিআই-এর চেয়ে ভিন্ন একটি অবস্থা বলে মনে হচ্ছে। উভয় পায়ে হাঁটতে বা কাঁপুনি ও অসাড়তায় কি কোনো অসুবিধা হচ্ছে? যদি থাকে, তবে এটি ক্যানাল স্টেনোসিসের দিকেই নির্দেশ করে। আপনার পুরো মেরুদণ্ডের স্ক্রিনিং সহ লাম্বোস্যাক্রাল মেরুদণ্ডের এমআরআই (MRI) করা প্রয়োজন, কারণ এটি ডিস্ক, স্নায়ু এবং হাড় সম্পর্কে বিস্তারিত তথ্য দেয়। আপনার নিকটস্থ রেডিওলজি সেন্টারে গিয়ে এটি করিয়ে নিন। রিপোর্টসহ একজন স্পাইন সার্জনের সাথে দেখা করুন। ইতিমধ্যে, ব্যথানাশক হিসেবে ডাইক্লোফেনাক এবং থিওকোলকিকোসাইড কম্বিনেশন ট্যাবলেট দিনে দুবার এবং রাতে ঘুমানোর আগে ৭৫ মিগ্রা ট্যাবলেট শুরু করুন। এছাড়া বারবার ইউটিআই হওয়ার কারণ খুঁজে বের করুন।"
85460,"হেলো, আমি আপনার উদ্বেগ বুঝতে পারছি। আমি নাসেনিয়া ডক, সংক্রামক রোগ বিশেষজ্ঞ, আপনার উদ্বেগের উত্তর দিচ্ছি। আমি আপনাকে টাইফুন টেস্টের জন্য পরীক্ষা করার পরামর্শ দিচ্ছি। এটি টাইডাল টেস্টের চেয়ে বেশি সংবেদনশীল এবং সুনির্দিষ্ট পরীক্ষা। যদি এই পরীক্ষাগুলোতেও আপনাকে পজিটিভ দেখা যায়, তবে আপনি বলতে পারেন যে আপনি সালমোনেলা জাতীয় বাহক। যারা অ্যান্টিবায়োটিক থেরাপিতে সাড়া দেন না এবং অনেক চিকিৎসার পরেও বাহক হিসেবে থেকে যান, তাদের জন্য কোলেসিস্টেক্টমির মতো চিকিৎসার বিকল্প রয়েছে। আপনার পরবর্তী যেকোনো প্রশ্নের উত্তর দিতে পারলে খুশি হব। আমরা নাসেনিয়া ডকের পক্ষ থেকে আপনার সুস্বাস্থ্য কামনা করি। ধন্যবাদ, নাসেনিয়া ডক। আপনি যদি আমার উত্তরে সন্তুষ্ট হন তবে আমাকে পাঁচ তারকা রেটিং দিন এবং উত্তরটি বন্ধ করুন।"
25499,"হেলো। পিরিয়ড হরমোনের ওঠানামা ঘটাতে পারে, যার ফলে এই ধরনের উপসর্গ দেখা দিতে পারে, যদিও গর্ভাবস্থায় এটি হওয়ার সম্ভাবনা বেশি থাকে। তবে যদি আপনার পিরিয়ড ৩ দিনের বেশি স্থায়ী হয়, তবে গর্ভবতী হওয়ার সম্ভাবনা কম, তবুও তা উড়িয়ে দেওয়া যায় না। আমি আপনাকে সকালের প্রস্রাবের নমুনা দিয়ে বাড়িতে প্রেগন্যান্সি টেস্ট করার পরামর্শ দিচ্ছি, তবে এখন পর্যন্ত আমার কাছে এটি হওয়ার সম্ভাবনা কম, তবে আপনি নিশ্চয়ই জানেন না ম্যাম। শুভকামনা।"
75316,"হেলো। নাসেনিয়া ডকে আপনাকে স্বাগতম। আমি আপনার প্রশ্নটি দেখেছি এবং আপনার উদ্বেগ বুঝতে পারছি। আপনার অভিযোগ অনুযায়ী, সামনের বাম দাঁতের গোড়ার উপরে একটি কালো দাগ সম্ভবত সিস্ট গঠনের একটি ফোড়া এবং দীর্ঘস্থায়ী বা দীর্ঘস্থায়ী ক্ষেত্রে দাঁতটি ব্যথামুক্ত হতে পারে বলে মনে হচ্ছে। যদি এটি দাঁতের ঠিক উপরে না থাকে, তবে এটি ইনসিশনাল ক্যানেল ওপেনিংও হতে পারে। তাই আমার পরামর্শ হলো, একজন ওরাল ফিজিশিয়ান বা এন্ডোডনটিস্টের সাথে পরামর্শ করুন এবং আপনার এক্স-রে পুনরায় পরীক্ষা করান। এমনকি এক্স-রেগুলোর কোণ পরিবর্তন করে এক্স-রে করা যেতে পারে। যদি ফোড়া বা সিস্ট তৈরি হয়, তবে রুট ক্যানেল চিকিৎসাই সবচেয়ে উপযুক্ত বিকল্প। আপনি আমার প্রোফাইলে ""Ask me a Question"" বোতামে ক্লিক করে আমাকে আপনার এক্স-রে পাঠাতে পারেন। আমি এটি মূল্যায়ন করব এবং আপনাকে আরও উপযুক্ত পরামর্শ দেব। আশা করি এই তথ্যটি আপনার উপকারে আসবে। শুভেচ্ছা। নাসেনিয়া ডক।"
27519,"হেলো প্রিয়, আপনার প্রশ্নে উল্লিখিত লক্ষণগুলো অ্যালার্জির প্রতিক্রিয়ার মতো অবস্থার দিকে নির্দেশ করছে। কখনও কখনও শরীরের কোনো বহিরাগত কণার প্রতি প্রতিক্রিয়া দেখা দেয়। এই ধরনের প্রতিক্রিয়া কখনও কখনও আরও খারাপ হয় এবং অ্যানাফিল্যাকটিক শকে পরিণত হয়। যদিও আপনার লক্ষণগুলো কমে গেছে, তবুও সঠিক পরীক্ষার জন্য আপনাকে একজন ডাক্তার বা অ্যালার্জি বিশেষজ্ঞের পরামর্শ নিতে হবে। ডাক্তার এই ধরনের প্রতিক্রিয়ার জন্য দায়ী কোন কারণটি দায়ী তা খুঁজে বের করার জন্য রোগীর ইতিহাস নিতে পারেন, যা পরবর্তী প্রতিরোধের জন্য অত্যন্ত গুরুত্বপূর্ণ। ডাক্তার ইমিউনোসাপ্রেসেন্ট প্রেসক্রাইব করতে পারেন। আশা করি আপনার সমস্যার সমাধান হয়েছে। দ্রুত সুস্থ হয়ে উঠুন। শুভকামনা।"
50936,"হেলো, আমি ব্যাখ্যা করতে চাই যে আপনার কাঁধের অসাড়তা আপনার স্তনের ফোলা নালীর কোষের সাথে সম্পর্কিত বলে মনে হচ্ছে না। তবুও, আমি স্তনের আল্ট্রাসাউন্ড এবং প্রোল্যাকটিন লেভেল পরীক্ষা করার পরামর্শ দিচ্ছি। কাঁধের অসাড়তার বিষয়ে, আমি সার্ভিকাল স্পাইনের এমআরআই (MRI) বা সিটি স্ক্যান করার পরামর্শ দেব, যাতে কোনো বালজিং ডিস্ক আছে কিনা তা পরীক্ষা করা যায়। আশা করি আমি আপনার প্রশ্নের উত্তর দিতে পেরেছি। আমি আপনাকে আরও কোনোভাবে সাহায্য করতে পারি কিনা তা জানাবেন।"
52787,"হেলো! অনুসন্ধানের জন্য ধন্যবাদ। এটি না দেখে সঠিক উত্তর দেওয়া সত্যিই কঠিন। শক্ত পিণ্ড সাধারণত কোনো প্রদাহের ইঙ্গিত দেয়। যদি পিণ্ডের জায়গায় লালভাব এবং ব্যথা থাকে, তবে ছোট কোনো ফোড়াও এর কারণ হতে পারে। যদি এটি কেবল শক্ত হয় কিন্তু ব্যথাহীন হয়, তবে এটি আসলে কোনো কামড়ের প্রতি অ্যালার্জিক প্রতিক্রিয়া হতে পারে। সবচেয়ে ভালো উপায় হলো এই পিণ্ডটি নিয়ে একজন চর্মরোগ বিশেষজ্ঞ বা সার্জনের পরামর্শ নেওয়া। যদি এটি ফোড়া হয়, তবে আপনার এটি কেটে ফেলা উচিত এবং ডাক্তারের সাথে কথা বলা উচিত। যেহেতু এটি আপনার আগের পিণ্ডের মতোই, তাই এর সোয়াব টেস্টও করা উচিত। আশা করি এটি সাহায্য করবে। শুভেচ্ছা।"
86529,"হেলো, অনুসন্ধানের জন্য অনেক ধন্যবাদ! সাধারণত পাথর বা মূত্রনালীর সংক্রমণের কারণে ব্যথা বিভিন্ন কারণে হতে পারে। সাধারণত সংক্রমণ হলে জ্বর আসে, তবে সাবক্লিনিক্যাল সংক্রমণ হলে জ্বর হয় না। আপনার সিবিসি (CBC), এফটি (FT), প্রস্রাব (কালচার এবং সেনসিটিভিটি), র‍্যান্ডম ব্লাড সুগার লেভেল এবং ইউএসজি পিইউবি (USG PUB) পরীক্ষা করা প্রয়োজন। রিপোর্টের ভিত্তিতে উপযুক্ত অ্যান্টিবায়োটিক শুরু করুন, আপনার ইউরোলজিস্টের পরামর্শ অনুযায়ী অ্যান্টিস্পাসমোডিক এবং ব্যথানাশক ওষুধ সেবন করুন। ডাক্তারের সাথে চ্যাট করুন। ডায়াবেটিস থাকলে রক্তে শর্করার মাত্রা নিয়ন্ত্রণে রাখতে হবে। আপনার সুস্বাস্থ্য কামনা করি। ভালো থাকবেন। শুভেচ্ছা।"
24883,"নাসেনিয়া ডকে আপনার প্রশ্নের জন্য ধন্যবাদ। আমি আপনার উদ্বেগ বুঝতে পারছি। ফুসফুসের ক্যান্সারের সম্ভাবনা খুবই কম। ধূমপায়ীদের বুকের অস্বস্তি মূলত ব্রঙ্কোস্পাজম (ব্রঙ্কাইটিস)-এর কারণে হয়ে থাকে। তাই একজন পালমোনোলজিস্টের (ফুসফুস বিশেষজ্ঞ) সাথে পরামর্শ করুন এবং শ্বাসযন্ত্রের ক্লিনিকাল পরীক্ষা, বুকের এক্স-রে এবং পিএফটি (পালমোনারি ফাংশন টেস্ট) করান। যদি বুকের এক্স-রে স্বাভাবিক থাকে, তবে ফুসফুসের ক্যান্সার নিয়ে চিন্তার কিছু নেই। যদি পিএফটি-তে অবস্ট্রাক্টিভ ডিফেক্ট দেখা যায়, তবে ইনহেলড ব্রঙ্কোডাইলেটর (ফর্মোটেরল বা অ্যালবিউটেরল) এবং ইনহেলড কর্টিকোস্টেরয়েড (আইসিএস) (বুডেসোনাইড বা ফ্লুটিকাসোন) ব্যবহারে আপনি বেশিরভাগ ক্ষেত্রে সুস্থ হয়ে উঠবেন। চিন্তা করবেন না, এসবের মাধ্যমে আপনি সুস্থ হয়ে উঠবেন। আশা করি আমি আপনার প্রশ্নের সমাধান করতে পেরেছি। আপনাকে আরও সাহায্য করতে পারলে আমি খুশি হব। আপনার সুস্বাস্থ্য কামনা করি। ধন্যবাদ।"
73206,"হেলো, আমাদের সাথে যোগাযোগ করার জন্য ধন্যবাদ। এনএইচএল (NHL) মানে নন-হজকিন লিম্ফোমা। এলসিএ (LCA) হলো লিউকোসাইট জেনারালাইজড অ্যান্টিজেন এবং এটি এনএইচএল-এর রোগের ধরন নির্দেশক। বিশ্ব স্বাস্থ্য সংস্থা লিম্ফোমাকে হজকিন লিম্ফোমা (HL) এবং নন-হজকিন লিম্ফোমা (NHL)-এর মধ্যে বিস্তৃতভাবে শ্রেণীবদ্ধ করে। নন-হজকিন লিম্ফোমাকে পরিপক্কতার পর্যায় (অপরিপক্ক বনাম পরিপক্ক) এবং উৎপত্তি বি কোষ, টি কোষ বা ন্যাচারাল কিলার সেল (NK) কোষের ওপর ভিত্তি করে আরও উপশ্রেণীবদ্ধ করা হয়। মার্ফোলজিক্যাল ডিফারেনশিয়াল ডায়াগনোসিসের ওপর ভিত্তি করে মার্কারের একটি প্যানেল নির্ধারণ করা হয় (কোনো একক মার্কার নির্দিষ্ট নয়) যার মধ্যে লিউকোসাইট কমন অ্যান্টিজেন (এলসিএ), বি-সেল মার্কার (সিডি২০ এবং সিডি৭৯এ), টি-সেল মার্কার (সিডি৩ এবং সিডি৫) অন্তর্ভুক্ত। এলসিএ এনএইচএলকে একটি নির্দিষ্ট ধরনের এবং চিকিৎসার নির্দেশনা দেওয়ার জন্য ব্যবহৃত হয়। হাঁটু প্রতিস্থাপন বা হাড় গ্রাফটিং আক্রান্ত স্থানের ওপর নির্ভর করে। হাঁটু প্রতিস্থাপন এবং আর্থ্রোসিস দুটি ভিন্ন পদ্ধতি। হাঁটু প্রতিস্থাপন এবং আর্থ্রোসিস"
25625,"হেলো। আমি আপনার উদ্বেগ বুঝতে পারছি। আপনার ব্রণের সমস্যা রয়েছে বলে মনে হচ্ছে এবং অনুগ্রহ করে এর জন্য একজন চর্মরোগ বিশেষজ্ঞের পরামর্শ নিন। যখন আপনার ব্রণ সেরে যাবে, তখন এটি আপনার সামগ্রিক আত্মবিশ্বাস এবং আত্ম-সম্মান উন্নত করতে সাহায্য করবে। তাছাড়া, এটি এমন একটি বিষয় যা বেশিরভাগ মানুষই তাদের যৌবনের মধ্য দিয়ে যায়। আমার মনে হয় একজন মনোরোগ বিশেষজ্ঞের সাথে দেখা করা উচিত। আশা করি এটি আপনার উদ্বেগের বিষয়ে সাহায্য করবে। নিজের যত্ন নেবেন এবং আপনার দিনটি সুন্দর কাটুক!"
15719,"হেলো। স্বাগতম। হাঁপানি রোগীদের বারবার বুকে সংক্রমণ হওয়ার প্রবণতা থাকে। সংক্রমণ এড়িয়ে চলার চেষ্টা করুন, সংক্রমণ আছে এমন ব্যক্তিদের থেকে দূরে থাকুন, বাইরে বের হওয়ার সময় নাকে-মুখে রুমাল ব্যবহার করুন এবং সবচেয়ে বড় কথা হলো, যখনই তার গলা বা বুকে সংক্রমণ হয়, তখনই আপনার চিকিৎসকের পরামর্শ অনুযায়ী তাকে অ্যান্টিবায়োটিক দেওয়া উচিত। দ্রুত সংক্রমণ থেকে মুক্তি পাওয়ার চেষ্টা করুন, যাতে এটি আরও বড় না হয়। শুভকামনা।"
67399,"হেলো, অনুসন্ধানের জন্য ধন্যবাদ। বাদামী রঙের বীর্য সাধারণত সেমিনাল ভেসিকল বা প্রোস্টেটের সংক্রমণের কারণে হয়ে থাকে এবং এটি পরীক্ষা করা প্রয়োজন। ক্লিনিকাল এবং ডিজিটাল রেক্টাল পরীক্ষার জন্য অনুগ্রহ করে একজন যোগ্য ইউরোলজিস্টের সাথে পরামর্শ করুন এবং রোগ নির্ণয়ের জন্য নিম্নলিখিত প্রাথমিক পরীক্ষাগুলো করান: ১) প্রস্রাবের রুটিন এবং কালচার পরীক্ষা। ২) পেট এবং পেলভিসের আল্ট্রাসাউন্ড স্ক্যান। ৩) সিরাম পিএসএ (PSA)। পরবর্তী চিকিৎসা এই পরীক্ষাগুলোর ফলাফল এবং চূড়ান্ত রোগ নির্ণয়ের ওপর নির্ভর করবে।"
51651,"হেলো, আমাদের কাছে লেখার জন্য ধন্যবাদ। আপনার গর্ভাবস্থা এক বছরেরও বেশি সময় আগে হয়ে গেছে এবং সেই সময়ে অস্ত্রোপচারের ফলে সৃষ্ট যেকোনো সমস্যা থেকে আপনার সম্পূর্ণ সুস্থ হয়ে ওঠার কথা ছিল। মেরুদণ্ড একে অপরের উপরে সারিবদ্ধ ছোট হাড় এবং মেরুদণ্ড থেকে উৎপন্ন স্নায়ু দ্বারা গঠিত, যা দুটি হাড়ের মধ্যবর্তী ছিদ্র দিয়ে বেরিয়ে আসে। প্রতিটি হাড়ের মাঝে একটি ডিস্ক থাকে যা কুশন প্রদান করে। যখন ডিস্ক স্থানচ্যুত হয় এবং স্নায়ুর ওপর চাপ সৃষ্টি করে, তখন ব্যথা অনুভূত হয়। আপনার বয়সে পিঠের ব্যথার সবচেয়ে সাধারণ কারণ হলো পেশীর খিঁচুনি, তবে ক্লিনিকাল পরীক্ষা ছাড়া স্নায়ুজনিত ব্যথা উড়িয়ে দেওয়া যায় না। এক্স-রে হলো প্রাথমিক পরীক্ষা এবং এটি পেশীর খিঁচুনি বা ডিস্কের স্থান সংকুচিত হওয়া দেখাবে। যদি দৃঢ়ভাবে সন্দেহ করা হয়, তবে কোনো স্তরে স্নায়ু চাপে আছে কিনা তা জানার জন্য আপনার এমআরআই (MRI) প্রয়োজন হতে পারে। আপনি হিট প্যাড ব্যবহার করে দেখতে পারেন এবং পিঠের যে অংশে ব্যথা হচ্ছে সেখানে ব্যথানাশক ও মাসল রিলাক্স্যান্ট মলম আলতো করে লাগাতে পারেন।"
3950,"নাসেনিয়া ডকে আপনার প্রশ্নের জন্য ধন্যবাদ। আমি আপনার উদ্বেগ বুঝতে পারছি। আপনার ইতিহাস এবং বর্ণনা অনুযায়ী, ইসোফেজিয়াল মোটিলিটি ডিসঅর্ডার বা জিইআরডি (গ্যাস্ট্রোইসোফেজিয়াল রিফ্লাক্স ডিজিজ)-এর সম্ভাবনা বেশি। এই উভয় ক্ষেত্রেই রোগীর শুয়ে থাকা অবস্থায় এবং খাওয়ার সময় উপসর্গ দেখা দেয়। তাই একজন গ্যাস্ট্রোএন্টারোলজিস্টের সাথে পরামর্শ করা এবং আপার জিআই এন্ডোস্কোপি করানো ভালো। প্রোটন পাম্প ইনহিবিটর এবং প্রোকেিনেটিক ওষুধ শুরু করুন। মানসিক চাপ ও উত্তেজনা এড়িয়ে চলুন। অতিরিক্ত গরম ও মশলাযুক্ত খাবার এড়িয়ে চলুন। জাঙ্ক ফুড খাবেন না। একবারে বেশি খাবার না খেয়ে অল্প অল্প করে বারবার খাবার খান। রিফ্লাক্স রোধ করতে বিছানায় মাথার নিচে ২-৩টি বালিশ ব্যবহার করুন। ধূমপান ও মদ্যপানের অভ্যাস থাকলে তা ত্যাগ করুন। চিন্তা করবেন না, আপনি সুস্থ হয়ে উঠবেন। আশা করি আমি আপনার প্রশ্নের সমাধান করতে পেরেছি। আপনাকে আরও সাহায্য করতে পারলে আমি খুশি হব। আপনার সুস্বাস্থ্য কামনা করি। ধন্যবাদ।"
22482,"হেলো, আমার মনে হয় আপনার একজন অর্থোপেডিক ডাক্তারের সাথে দেখা করা উচিত। যদিও আপনি আপনার হাত নাড়াতে পারেন, তবুও কিছু শারীরিক অবস্থার কারণে আপনার নড়াচড়ার কিছুটা পরিসর থাকতে পারে, তবে তা সম্পূর্ণ নয়। উদাহরণস্বরূপ, আপনার রোটেটর কাফ টিয়ার হতে পারে, যা পেশীর একটি গুচ্ছ ছিঁড়ে যাওয়া যা হাতকে কিছুটা উঁচুতে রাখে। এমআরআই (MRI) এই অবস্থাটি দেখাতে পারে এবং সঠিক চিকিৎসা করা উচিত। আশা করি আমি আপনার প্রশ্নের উত্তর দিতে পেরেছি। আমি আপনাকে আরও কোনোভাবে সাহায্য করতে পারি কিনা তা জানাবেন।"
98528,"হেলো, ভিসিও (VCO) এবং মিনোক্সিডিল একসাথে ব্যবহার করা উচিত নয়। ভার্জিন নারিকেল তেল (VCO) চুল পড়ার চিকিৎসায় কার্যকর বলে দাবি করা হয়, কারণ এটি আপনার চুলকে লম্বা, ঘন এবং দ্রুত বৃদ্ধিতে সাহায্য করে। মাথার ত্বকে ২% মিনোক্সিডিল লাগানোর পর অন্তত ২ থেকে ৪ ঘণ্টা অপেক্ষা করুন এবং নাসেনিয়া ডকের পরামর্শ নিন। এরপর আপনি ভিসিও ব্যবহার করতে পারেন। মিনোক্সিডিল ব্যবহার করলে শুরুতে চুল পড়তে পারে, তবে তিন থেকে ছয় মাস পর এর উপকারী প্রভাব দেখা যায়। আশা করি আমি আপনার প্রশ্নের উত্তর দিতে পেরেছি। আমি আপনাকে আরও কোনোভাবে সাহায্য করতে পারি কিনা তা জানাবেন।"
80822,"হেলো। নাসেনিয়া ডকে আপনাকে স্বাগতম। আমি আপনার প্রশ্নটি দেখেছি এবং আপনার উদ্বেগ বুঝতে পারছি। আপনার অভিযোগ অনুযায়ী, নাভিতে ব্যাকটেরিয়াজনিত সংক্রমণের কারণে পুঁজ ভরা ফোড়া তৈরি হয়েছে বলে মনে হচ্ছে। যেহেতু নাভি এমন একটি জায়গা যেখানে আর্দ্রতা জমা হতে পারে, তাই সেখানে ব্যাকটেরিয়া জমা হতে পারে এবং এর ফলে ফোড়া তৈরি হয়। আমি আপনাকে অ্যান্টিসেপটিক সলিউশন দিয়ে জায়গাটি পরিষ্কার করার এবং এর ওপর ট্রিপল অ্যান্টিবায়োটিক মলম ও স্টেরয়েড মলম লাগানোর পরামর্শ দেব। আরামের জন্য আপনি অগমেন্টিন-এর মতো মুখে খাওয়ার অ্যান্টিবায়োটিক নিতে পারেন। আপনি নাভির ওপর হালকা চাপ দিতে পারেন এবং নাসেনিয়া ডকের পরামর্শ নিতে পারেন। যদি তবুও কোনো উপশম না হয়, তবে একজন জেনারেল ফিজিশিয়ান বা সার্জনের সাথে পরামর্শ করুন এবং মূল্যায়ন করান, যাতে সঠিক ক্লিনিক্যাল মূল্যায়ন রোগ নির্ণয়ে সাহায্য করতে পারে এবং সেই অনুযায়ী চিকিৎসার পরিকল্পনা করা যায়। আশা করি এই তথ্যটি আপনার উপকারে আসবে। ধন্যবাদ ও শুভেচ্ছা।"
70192,"হেলো। প্লীহাতে কোনো ফাটল না থাকলে এই ধরনের ব্যথা হওয়ার কথা জানা যায় না। খাওয়ার সময় যে ব্যথা বাড়ে বা নাসেনিয়া ডক। বাম কাঁধে ছড়িয়ে পড়া ব্যথা পেটের আলসার/অগ্ন্যাশয়/স্প্লেনিক অ্যাবসেসের ছিদ্রের কারণে ডায়াফ্রামের নিচের অংশে জ্বালাপোড়ার কারণে হতে পারে। আপনার জরুরি বিভাগে (ER) যাওয়া উচিত, পরামর্শ নেওয়া উচিত, হাসপাতালে ভর্তি হওয়া উচিত, আল্ট্রাসনোগ্রাফি/সিটি স্ক্যানের মতো জরুরি পরীক্ষাগুলো করা উচিত। আপার জিআই এন্ডোস্কোপি/রক্ত পরীক্ষা করা প্রয়োজন।"
73877,"হেলো, আমার মনে হয় আপনার ফলিকল বৃদ্ধির জন্য ক্যামফিনের মতো কিছু ওষুধ খাওয়া উচিত এবং বারবার আল্ট্রাসাউন্ডের মাধ্যমে আপনার ফলিকলের বৃদ্ধি ট্র্যাক করা উচিত। যখন ফলিকল ১৭ থেকে ১৮ মিমি-এর বেশি আকারে পৌঁছাবে, তখন ফলিকল ফাটানোর জন্য ইনজেকশন নিন। ইনজেকশনের পর ২ থেকে ৩ দিন আপনার স্বামীর সাথে শারীরিক সম্পর্কে লিপ্ত থাকুন। পরবর্তী ২ সপ্তাহ প্রজেস্টেরন গ্রহণ করুন। এরপর বাড়িতে প্রস্রাবের মাধ্যমে প্রেগন্যান্সি টেস্ট করুন। আপনি এভাবে ৩ থেকে ৬ মাস চেষ্টা করতে পারেন। আশা করি আমি আপনার প্রশ্নের উত্তর দিতে পেরেছি। শুভেচ্ছা, নাসেনিয়া ডক।"
32333,"হেলো, আমি আপনার উদ্বেগ বুঝতে পারছি। আপনার হেপাটাইটিস সি দীর্ঘস্থায়ী সংক্রমণ বলে উল্লেখ করেছেন। এখানে আমাদের লক্ষ্য হলো সিরোসিস এবং পোর্টাল হাইপারটেনশনের মতো জটিলতা প্রতিরোধ করা। যদি আপনার এইচসিভি আরএনএ (HCV RNA) দ্বারা নির্দেশিত দীর্ঘস্থায়ী সক্রিয় রোগ থাকে, তবে অ্যান্টিভাইরাল ওষুধ সেবন করুন। কম চর্বিযুক্ত এবং কম ভাজা খাবার খান। অ্যালকোহল এড়িয়ে চলুন কারণ এটি হেপাটোসাইটের জন্য বিষাক্ত। প্রতিদিন সকালে পালং শাক এবং গাজরের রস পান করুন। এক চা চামচ লিকোরিস মধুর সাথে খান। পনির, মাখন, পিৎজা এবং মাংস এড়িয়ে চলুন। রাতের খাবারে সবজির স্যুপও রাখুন। দইও উপকারী। কম লবণযুক্ত খাবার খান। যদি অ্যাসাইটিস হয়, তবে অবিলম্বে ডাক্তারের সাথে যোগাযোগ করুন।"
98269,"আপনার উদ্বেগগুলো আমি বুঝতে পেরেছি এবং আপনার বিস্তারিত তথ্যগুলো দেখেছি। উদ্বেগজনিত ব্যাধি হলো মানসিক ব্যাধির একটি শ্রেণি, যা উদ্বেগ এবং ভয়ের অনুভূতির দ্বারা চিহ্নিত। যেখানে উদ্বেগ হলো ভবিষ্যতের ঘটনার জন্য উদ্বেগ এবং ভয় হলো বর্তমান ঘটনার প্রতি প্রতিক্রিয়া। এই অনুভূতিগুলো শারীরিক লক্ষণ যেমন হৃদস্পন্দন বেড়ে যাওয়া এবং কাঁপুনি সৃষ্টি করতে পারে। উদ্বেগজনিত ব্যাধির বেশ কয়েকটি ধরন রয়েছে। আপনি যে বিষয়গুলোর কথা উল্লেখ করেছেন তা নিচে দেওয়া হলো।"
89182,"হেলো, প্রিয়, নাসেনিয়া ডকে আপনার অনুসন্ধানের জন্য ধন্যবাদ। প্রিয়, আমি আপনার অনুসন্ধানের তথ্যগুলো পড়েছি এবং আপনার জমা দেওয়া স্বাস্থ্য সমস্যার প্রেক্ষাপটে তা পর্যালোচনা করেছি। আমি আপনার স্বাস্থ্য সংক্রান্ত উদ্বেগগুলো বুঝতে পেরেছি এবং এ বিষয়ে চিন্তিত। আপনার সম্ভবত অ্যাসোজেগাল আলসার এবং কাঁচের টুকরোর আঘাত লেগেছে, যা ভুলবশত নাসেনিয়া ডকের সাথে কথা বলার কারণে হয়েছে। এটি মূলত কাঁচের টুকরোর আঘাতের কারণে হয়ে থাকে। ইসোফেজিয়াল ইজিডি (EGD) পরীক্ষা এবং গ্লাসের ফরেন বডি অপসারণ করা হলে আপনার স্বাস্থ্য সমস্যার সমাধান হবে।"
34968,"নাসেনিয়া ডক ব্যবহার করার জন্য ধন্যবাদ। আপনার প্রশ্নটি পড়েছি। আপনি যে লক্ষণগুলোর কথা উল্লেখ করেছেন তা মুখ ধোয়ার প্রতিক্রিয়ার ইঙ্গিত দেয়। হ্যাঁ, তিনি স্বাভাবিক স্যালাইন দিয়ে কুলকুচি চালিয়ে যেতে পারেন। প্রয়োজনে তিনি লরাটাডিনের মতো অ্যান্টি-অ্যালার্জিক ট্যাবলেট খেতে পারেন, যা মাউথওয়াশের কারণে অ্যালার্জির প্রতিক্রিয়া কমাতে সাহায্য করবে। (কোনো ওষুধ সেবনের আগে আপনার ডেন্টিস্টের সাথে যোগাযোগ করুন)। মুখের আলসারের জন্য, এটি কমে না যাওয়া পর্যন্ত দিনে দুই বা তিনবার ম্যাকোপিন জেল লাগান। মশলাদার খাবার কমান এবং মানসিক চাপ এড়িয়ে চলুন। দাঁতের ফোড়া এবং মৃত দাঁতের জন্য, এক্স-রে করার পর তার রুট ক্যানেল চিকিৎসা করা প্রয়োজন। আইবুপ্রোফেন ট্যাবলেট ব্যবহার করে ব্যথা কমানো যেতে পারে (যদি তার কোনো ওষুধে অ্যালার্জি না থাকে), এছাড়া ডাক্তারের প্রেসক্রিপশন অনুযায়ী অ্যান্টিবায়োটিকের প্রয়োজন হতে পারে। আশা করি এটি আপনার উপকারে আসবে। ধন্যবাদ ও শুভেচ্ছা।"
75315,"হেলো! অনুসন্ধানের জন্য ধন্যবাদ। হঠাৎ তীব্র পিঠের ব্যথা কিডনিতে পাথরের একটি বৈশিষ্ট্য। এই ব্যথা সাধারণত কুঁচকি বা এমনকি পায়ে ছড়িয়ে পড়ে। এই ধরনের তীব্র ব্যথা সাধারণত কুঁচকি বা পায়ের দিকে ছড়িয়ে পড়ে। পাথরটি মূত্রনালী দিয়ে বেরিয়ে আসে এবং এতে জ্বালাপোড়া সৃষ্টি করে। কখনও কখনও এটি আটকে থাকতে পারে। এমন ক্ষেত্রে, প্রস্রাবে বাধা কিডনিকে ধ্বংস করতে পারে। মসৃণ পেশীর খিঁচুনির (যেমন কিডনির ব্যথা) ক্ষেত্রে মরফিন এবং কোডিন ভালো ওষুধ নয়। কারণ মরফিন এই পেশিতে অতিরিক্ত খিঁচুনি সৃষ্টি করে। তাই তাকে বরং মসৃণ পেশী শিথিল করার ওষুধ দেওয়া উচিত এবং যদি এতে কাজ না হয়, তবে মরফিনের পরিবর্তে টেরিডিন দেওয়া উচিত। আমি পরামর্শ দিচ্ছি যে সিটি স্ক্যানের জন্য অপেক্ষা না করে একজন ইউরোলজিস্টের সাথে পরামর্শ করুন এবং বায়োগ্রাফি বিবেচনা করুন। আশা করি এটি সাহায্য করবে। শুভেচ্ছা।"
16392,"হেলো, প্রিয়, ভারত থেকে শুভ সন্ধ্যা। নাসেনিয়া ডকে আপনার জিজ্ঞাসার জন্য ধন্যবাদ। আমি আপনার জিজ্ঞাসাটি বিস্তারিতভাবে পড়েছি এবং আপনার উদ্বেগগুলো বুঝতে পেরেছি। আপনার ক্ষেত্রে আমার ধারণা - প্রাথমিক ম্যালিগন্যান্ট ফাইব্রাস হিস্টিও-সাইটোমা, যা লিম্ফ (ম্যালিগন্যান্ট ফাইব্রাস হিস্টিও-সাইটোমা) এবং পরবর্তীতে মেরুদণ্ডে মেটাস্ট্যাসিসের সাথে সম্পর্কিত। ইনট্রা-আর্টারিয়াল সিলেক্টিভ চিকিৎসার মাধ্যমে টিউমার কমানোর পরামর্শ দেওয়া হচ্ছে- ক- কেমোথেরাপি, যা বিষাক্ত প্রভাব এবং টিউমারের প্রতিক্রিয়া কমাতে পারে। এই চিকিৎসাটি গ্রহণ করা প্রয়োজন- একজন নিউরো-সার্জন, ফিজিশিয়ান এবং অর্থোপেডিক সার্জন। আশা করি এটি আপনার উদ্বেগজনক প্রশ্নের সমাধান করবে। এই বিষয়ে আরও কোনো প্রশ্ন থাকলে স্বাগতম, এবং আপনার সন্তুষ্টি না হওয়া পর্যন্ত এই সমস্যা সমাধানে আপনাকে সাহায্য করতে পারলে আমি খুশি হব। নাসেনিয়া ডক ক্লিনিকে আমার নতুন এবং পুরনো রোগীদের সুবিধার জন্য আমি আপনাকে আমার পরিষেবার প্রচার করার জন্য জোরালো সুপারিশ লেখার অনুরোধ করব। আপনার দ্রুত আরোগ্য কামনা করছি!! আপনার দিনটি ভালো কাটুক। শুভেচ্ছা, নাসেনিয়া ডক। এন. এনসিসিডি (অ-নিরাময়যোগ্য দীর্ঘস্থায়ী ব্যাধি এবং টিস্যু ও অঙ্গ বিকল হওয়ার ক্ষেত্রে সুপার-স্পেশালিস্ট এবং পুনরুজ্জীবন থেরাপির সুপার-স্পেশালিস্ট।"
74374,"হেলো... কাশি এবং হাঁচির মধ্যবর্তী সময়ে পেশীর টানের কারণে বুকে ব্যথা হতে পারে... অ্যারোসল/ব্রোমিনের মতো মিউকোলাইটিক এজেন্টযুক্ত সিরাপ গ্রহণ করুন, যা পুরু মিউকাস ভেঙে তা বের করে দেবে... তবে আমার আন্তরিক পরামর্শ হলো, আপনি একজন চিকিৎসকের সাথে দেখা করুন এবং নিজেকে পরীক্ষা করান, কারণ আপনার হাতের ব্যথা কম। পেশীর টানের ক্ষেত্রে এটি অস্বাভাবিক এবং এটি হৃদরোগের দিকেই বেশি ইঙ্গিত করে... তাই নিজের পরীক্ষা-নিরীক্ষা করিয়ে নেওয়া ভালো... নিজের যত্ন নেবেন..."
15820,"হেলো। স্বাগতম। পরীক্ষা ছাড়া ত্বকের ক্ষত সম্পর্কে মন্তব্য করা সম্ভব নয়, তাই নির্দিষ্ট পরামর্শের জন্য অনুগ্রহ করে স্থানীয় কোনো ডাক্তারের সাথে দেখা করুন অথবা এখানে ছবি আপলোড করুন। আমার দেওয়া এই সাময়িক পরামর্শটি সম্পূর্ণভাবে আমার দেওয়া তথ্যের ওপর ভিত্তি করে দেওয়া হয়েছে। আমি আপনাকে একজন ডাক্তারের মাধ্যমে পরীক্ষা করানোর পরামর্শ দেব। আশা করি এই পরামর্শটি আপনার কিছুটা উপকারে আসবে। আপনার আরও কোনো প্রশ্ন না থাকলে অনুগ্রহ করে আমার উত্তরটি গ্রহণ করুন। ভালো থাকবেন।"
7225,"হেলো, আমার মনে হয় আপনি বর্তমানে চাকরি হারানোর কারণে তীব্র মানসিক চাপের প্রতিক্রিয়ায় শোকের পর্যায়ে আছেন। যদি এটি ৬ মাসের বেশি হয়, তবে এটি বিষণ্নতা হতে পারে। যদি এটি ৬ মাসের কম হয়, তবে যোগব্যায়াম শুরু করুন। অনুগ্রহ করে গভীর শ্বাস-প্রশ্বাস নিন এবং অন্তত ১৫ মিনিট এতে মনোযোগ দেওয়ার চেষ্টা করুন, যা আপনার মস্তিষ্ককে শান্ত করবে এবং আপনি অন্য কোনো কাজের বিকল্পের কথা ভাবতে পারবেন। যদি এতে কাজ না হয়, তবে আপনার নিকটস্থ একজন মনোরোগ বিশেষজ্ঞের পরামর্শ নিন।"
56078,"হেলো, আপনার অনুসন্ধানের জন্য ধন্যবাদ। আপনি বহু বছর ধরে হস্তমৈথুনে অভ্যস্ত ছিলেন এবং এখন সাধারণ স্বাস্থ্য সংক্রান্ত সমস্যার সম্মুখীন হচ্ছেন। প্রথমত, সাধারণ মানুষের মনে একটি ভ্রান্ত ধারণা আছে যে অতিরিক্ত হস্তমৈথুনই সব সমস্যার কারণ। তবে আমি জানাতে চাই যে, সারা বিশ্বের বৈজ্ঞানিক ফোরামে এটি নিয়ে আলোচনা হয়েছে এবং বৈজ্ঞানিকভাবে প্রমাণিত হয়েছে যে হস্তমৈথুনের শরীরের কোনো অঙ্গ বা সিস্টেমের ওপর কোনো নেতিবাচক প্রভাব নেই। আপনি এখন যে সমস্যাগুলোর সম্মুখীন হচ্ছেন তা মূলত মানসিক এবং উদ্বেগের কারণে হচ্ছে। নিচের পদক্ষেপগুলো আপনার আত্মবিশ্বাস বাড়াতে, ভালো ইরেকশন এবং বীর্যপাত বিলম্বিত করতে সাহায্য করবে: ১) সকালে ৪৫ মিনিট নিয়মিত ব্যায়াম করুন এবং এরপর আধা ঘণ্টা ধ্যান করুন। ২) ডাক্তারের সাথে চ্যাট করুন।"
86807,"হেলো! আপনার অনুসন্ধানের জন্য ধন্যবাদ। আমি আপনার উদ্বেগ বুঝতে পারছি। আমি আপনাকে একজন ডাক্তারের সাথে দেখা করার, একটি ভালো শারীরিক পরীক্ষা করানোর এবং তারপর মাথার সিটি স্ক্যান করানোর পরামর্শ দিচ্ছি। আমার মতে, আপনি যে লক্ষণগুলোর কথা বর্ণনা করেছেন তা আপনার ডান কান বা ডান সেরিবেলাম পাউটিন অ্যাঙ্গেলের কোনো সমস্যার সাথে সম্পর্কিত হতে পারে। সেখানে অবস্থিত আপনার ক্রেনিয়াল নার্ভে কোনো সমস্যা থাকতে পারে। এটি আপনার কানের ভেতরে কোনো সংক্রমণ হতে পারে যা এই সমস্যাগুলোর কারণ হতে পারে। হারপিস ভাইরাস সংক্রমণও একই ধরনের সমস্যার সৃষ্টি করতে পারে। তবে আপনার পূর্বের ইতিহাস অনুযায়ী এটি টিউমার স্ট্রোকও হতে পারে। আশা করি আমি আপনাকে সাহায্য করতে পেরেছি। নাসেনিয়া ডক ব্যবহার করার জন্য আপনাকে ধন্যবাদ!"
12530,"হেলো, আপনার অনুসন্ধানের জন্য ধন্যবাদ। একাধিক বিষয়ের সাথে একজন তরুণীর পুঙ্খানুপুঙ্খভাবে পরীক্ষা করা প্রয়োজন, যার মধ্যে একাধিক বিষয় অন্তর্ভুক্ত থাকতে পারে, যা নিচে দেওয়া হলো ১. হালকা জ্বর। ২. পিঠে ব্যথা। সংক্রমণের একটি দিক থাকতে হবে যা খুঁজে বের করে সেই অনুযায়ী চিকিৎসা করা প্রয়োজন। কখনও কখনও কিডনি সংক্রমণ দীর্ঘস্থায়ী হতে পারে এবং উল্লিখিত উভয় সমস্যার কারণ হতে পারে। তাই, প্রস্রাবের রুটিন এবং কালচার পরীক্ষা শুরু করা বাধ্যতামূলক। আশা করি আমি আপনার প্রশ্নের সন্তোষজনক উত্তর দিতে পেরেছি। তরুণীর সুস্থতা কামনা করছি। রাজীব কে খান্ডেলওয়াল http"
36983,"হেলো, তার ল্যাকটোজ ইনটলারেন্স থাকতে পারে। দুধ এবং দুগ্ধজাত খাবার এড়িয়ে চলুন। তাকে খুব সাধারণ খাবার যেমন রাইস কাঞ্জি, ভেজিটেবল স্যুপ, সুজি বা ওটস ওটমিল এবং প্রচুর পরিমাণে তরল খাবার যেমন ফলের রস ইত্যাদি দিন। তাকে এক সপ্তাহের জন্য এক প্যাকেট ডারলা স্যাশে সেদ্ধ করে ঠান্ডা পানিতে মিশিয়ে দিন। যদি বমি অব্যাহত থাকে, তবে সিরাপ খাওয়ানোর ৫ দিন আগে ৫ দিন আগে তাকে সিরাপ খাওয়ান। অ্যান্টিবায়োটিক পুনরায় ব্যবহার করবেন না। চকলেট এবং ক্রিম বিস্কুট এড়িয়ে চলুন, এক সপ্তাহের জন্য, সে সুস্থ হয়ে উঠবে।"
93550,"হেলো প্রিয়, লক্ষণগুলো অন্তঃকর্ণের ভেস্টিবুলার অ্যাপারেটাসের (যা শরীরের ভঙ্গি এবং ভারসাম্য বজায় রাখার সাথে জড়িত) কোনো সমস্যার কারণে হতে পারে, সম্ভবত ল্যাবিরিনথাইন বা বিনাইন প্যারোক্সিসমাল পজিশনাল ভার্টিগো। বেটাহিস্টিন বা লিনিয়ারাইজিং প্রিপারেশনের মতো ভেস্টিবুলার সিডেটিভ সেবনের মাধ্যমে লক্ষণ থেকে মুক্তি পাওয়া যেতে পারে (তবে তা অবশ্যই চিকিৎসকের পরামর্শ অনুযায়ী নিতে হবে)। তাই, অনুগ্রহ করে আপনার চিকিৎসক বা ইএনটি বিশেষজ্ঞের সাথে পরামর্শ করুন এবং একটি সম্পূর্ণ ক্লিনিকাল পরীক্ষা করান। লক্ষণগুলোর পেছনে কোনো রোগতাত্ত্বিক কারণ আছে কি না তা নিশ্চিত করার জন্য রক্তচাপ, রক্তে শর্করার মাত্রা, সিরাম ইলেক্ট্রোলাইট এবং ভেস্টিবুলার ফাংশন টেস্টের মতো পরীক্ষাগুলো প্রয়োজন। চিন্তার কোনো কারণ নেই, আপনি সুস্থ হয়ে উঠবেন। ততক্ষণ পর্যন্ত পর্যাপ্ত হাইড্রেটেড থাকুন। বিছানা থেকে ওঠার সময় ধীরে উঠুন এবং হঠাৎ মাথা ঘোরানো থেকে বিরত থাকুন। আপনার সুস্বাস্থ্য কামনা করছি। নিজের যত্ন নেবেন।"
94101,"নাসেনিয়া ডক ফোরামে আপনাকে স্বাগতম। তালুর ফোলাভাব যা হঠাৎ দেখা দেয়, তা সাধারণত দাঁতের সমস্যার সাথে সম্পর্কিত একটি তালুর ফোড়া। আপনার দাঁতে গভীর ডেন্টাল ক্যারিস বা পেরিওডন্টাল (মাড়ি) সমস্যা রয়েছে। চিন্তার কিছু নেই। এটি গভীর দাঁতের ক্যারিস বা মাড়ির সমস্যার একটি খুব সাধারণ লক্ষণ। নাসারন্ধ্রের ভেতরে এবং চোখের নিচের অংশে ব্যথা হওয়াকে সাধারণত আপনার সংক্রমিত দাঁতের ব্যথা বলা হয়। আপনি অগমেন্টিন ৬২৫ মিগ্রা বা ক্লিনডামাইসিন ৬০০ মিগ্রা দিনে ৮ ঘণ্টা অন্তর ৫ দিনের জন্য এবং প্রয়োজনে প্যারাসিটামল ১ গ্রাম সেবন শুরু করতে পারেন। তবে যত দ্রুত সম্ভব একজন ডেন্টিস্টের কাছে যাওয়া, ফোলাভাবের কারণ নির্ণয় করা এবং তার প্রেসক্রিপশন অনুযায়ী ওষুধ শুরু করা সবসময়ই ভালো, কারণ এই ধরনের ফোড়ার জন্য নাসেনিয়া ডকের প্রয়োজন হতে পারে। ভবিষ্যতে এই ধরনের সমস্যা এড়াতে দন্তচিকিৎসক এর জন্য দায়ী দাঁতের চিকিৎসাও শুরু করবেন। ধন্যবাদ।"
80024,"১. তার থাইরয়েড প্রোফাইল কি স্বাভাবিক, এবং পাইলসের কারণে কোষ্ঠকাঠিন্য ও মলের সাথে রক্ত যাচ্ছে কি না (পি/আর পরীক্ষা করা হয়েছে কি? ২. অতিরিক্ত মানসিক চাপ বা রক্তভীতির কারণে কোষ্ঠকাঠিন্য হতে পারে, তাই আপনার স্বাস্থ্যসেবা প্রদানকারীর সাথে পরামর্শ করুন। ৩. তার মলের সাথে কি অ্যালুমিনিয়াম আছে? ৪. ১৫ মিনিট বিরতির পর কোনো শারীরিক নিষ্ক্রিয়তা আছে কি? কোলিক রিফ্লেক্সে সবচেয়ে বেশি ফাইবার থাকে।"
43000,"হেলো, এই কাফ মাসলে ব্যথা এবং ফোলাভাব অতিরিক্ত পরিশ্রমের কারণে হতে পারে। মই দিয়ে ওঠা বিশেষ করে হাঁটুর খুব কাছাকাছি থাকা কাফ মাসলগুলোকে প্রসারিত করতে পারে। তাই এটি একটি ক্ষতবিক্ষত এবং প্রসারিত কাফ মাসল হতে পারে, বিশেষ করে প্ল্যান্টার নামক পেশী যা কঠোর খেলাধুলার সময় স্ন্যাপ করার জন্য পরিচিত। এর জন্য বরফ দেওয়া এবং ব্যথানাশক ওষুধ সেবন করা প্রয়োজন। অনুগ্রহ করে অন্তত আরও কয়েক মাস মাঝারি ধরনের শারীরিক কার্যকলাপ বজায় রাখুন। নিজের যত্ন নেবেন। আশা করি আমি আপনার প্রশ্নের উত্তর দিতে পেরেছি। আমি আপনাকে আরও কোনোভাবে সাহায্য করতে পারি কিনা তা জানাবেন।"
10836,"হেলো প্রিয়, নাসেনিয়া ডকে আপনার প্রশ্নের জন্য ধন্যবাদ। আমি আপনার পরিস্থিতি এবং সমস্যাটি বুঝতে পারছি। আপনার বুকে ভোঁতা আঘাত লেগেছে। বুকে ভোঁতা আঘাতের সম্ভাব্য জটিলতাগুলো হলো: ১. পাঁজরের হাড় ভাঙা ২. ফুসফুসে আঘাত ৩. নিউমোথোরাক্স ৪. পেশিতে আঘাত। প্রথমে বুকের এক্স-রে করান। যদি বুকের এক্স-রে স্বাভাবিক থাকে, তবে চিন্তার কিছু নেই, আপনার সম্ভবত পেশিতে আঘাত লেগেছে। তাই ভালো উপশমের জন্য এই নির্দেশাবলী অনুসরণ করুন। ১. ভারী ওজন তোলা থেকে বিরত থাকুন। ২. কঠোর ব্যায়াম এড়িয়ে চলুন। ৩. ঘুমের সময় ভুল অঙ্গভঙ্গি এবং নড়াচড়া এড়িয়ে চলুন। ৪. ব্যথানাশক এবং পেশী শিথিলকারী ওষুধ শুরু করুন। ৫. আক্রান্ত স্থানে গরম পানির সেঁক দিন। চিন্তা করবেন না, আপনি সুস্থ হয়ে উঠবেন।"
62068,"হেলো, আপনি এই ভুল তথ্য কোথা থেকে পেয়েছেন? মায়ের বুকের দুধ খাওয়ানোর জন্য তার সন্তান প্রসব করা উচিত। প্রসবের পর সর্বোচ্চ ৩ বছর পর্যন্ত বুকের দুধ পাওয়া যায়, অথবা বুকের দুধ খাওয়া বন্ধ করার কিছুক্ষণ পরেই তা পূর্ণ হয়ে যায়। যাই হোক, এই বয়সে আপনার রোগ প্রতিরোধ ক্ষমতা বাড়ানোর জন্য আপনার মায়ের বুকের দুধ প্রয়োজন হবে না, আপনার সরাসরি একজন ডাক্তারের সাথে পরামর্শ করা উচিত। আশা করি আমি আপনার প্রশ্নের উত্তর দিতে পেরেছি। আমি আপনাকে আরও কোনোভাবে সাহায্য করতে পারি কিনা তা জানাবেন।"
97122,"হেলো, নাসেনিয়া ডক ব্যবহার করার জন্য ধন্যবাদ। এলেনা কিছু ব্যক্তির হৃদপিণ্ডের বৈদ্যুতিক কার্যকলাপে সমস্যা সৃষ্টি করতে পারে। যাদের হৃদরোগের ইতিহাস রয়েছে বা রক্তে পটাশিয়াম বা ম্যাগনেসিয়ামের অস্বাভাবিক মাত্রা রয়েছে, তাদের ক্ষেত্রে এটি ব্যবহার করা বাঞ্ছনীয় নয়। এটি সম্ভব যে যেহেতু আপনি নিয়মিত আপনার হৃদপিণ্ডের জন্য ফলো-আপ করছেন না, তাই আপনার হৃদরোগের ইতিহাস উল্লেখযোগ্য কোনো প্রভাব ফেলবে না, তবে ওষুধ শুরু করার আগে আপনার ডাক্তারকে জানানো ভালো। আশা করি এটি আপনাকে সাহায্য করবে।"
46348,"হেলো। পরিপক্কতা স্বাভাবিক। প্রায় প্রতিটি পুরুষই এটি করে থাকেন। তাই প্রথমেই মেনে নেওয়া হয় যে এটি একটি স্বাভাবিক এবং স্বাভাবিক কাজ। আপনি যদি এটি দিনে অনেকবার করে থাকেন, তবে তা আপনাকে ক্লান্ত বোধ করাতে পারে। স্বাভাবিক যৌন মিলন সবসময়ই ভালো। হস্তমৈথুনের আসক্তি কাটিয়ে উঠতে, যখনই আপনি হস্তমৈথুন করেন, খুব ধীর গতিতে করুন এবং আপনার শ্বাস-প্রশ্বাসের দিকে মনোযোগ দিন। এতে আপনি ধীরে ধীরে আসক্তি থেকে বেরিয়ে আসতে পারবেন। সান মাসকারা এবং প্রাণায়ামও সহায়ক। হস্তমৈথুনের সাথে আপনার বুকের আকারের কোনো সম্পর্ক নেই।"
15775,"হেলো, হ্যাঁ, এটি এখনও হৃদপিণ্ড হতে পারে এবং এমন কিছু বৈশিষ্ট্য রয়েছে যা এই সম্ভাবনাকে প্রভাবিত করবে। আসুন শুরু করি আপনার স্তন আছে কিনা, এগুলো ইসিজি (ECG) পরিবর্তন করে এবং একটি স্ট্যান্ডার্ড স্ট্রেস টেস্ট কম নির্ভরযোগ্য করে তোলে। ব্যথার অবস্থান এবং নড়াচড়া কী ঘটছে তার ইঙ্গিত দেয়। এবং মূলত এর জন্য একটি পরীক্ষার প্রয়োজন হবে। ব্যথা পেশী, স্নায়ু এবং বিশেষ করে পাঁজরের জয়েন্টগুলোতে হতে পারে। আশা করি আমি আপনার প্রশ্নের উত্তর দিতে পেরেছি। আমি আপনাকে আরও কোনোভাবে সাহায্য করতে পারি কিনা তা জানাবেন।"
98054,"নাসেনিয়া ডককে জিজ্ঞাসা করার জন্য আপনাকে ধন্যবাদ। আমার নাম নাসেনিয়া ডক। প্রাইমারি ইমিউনোডেফিসিয়েন্সি এমন একটি অবস্থা যেখানে ব্যক্তি জন্মগতভাবে শরীরের কিছু রোগ প্রতিরোধ ক্ষমতা হারিয়ে ফেলেন, যা তাদের জীবাণুর প্রতি বেশি সংবেদনশীল করে তোলে, যা সাধারণ মানুষের তুলনায় সংক্রমণ ঘটাতে পারে। প্রাইমারি ইমিউনোডেফিসিয়েন্সি ডিজঅর্ডার সম্পর্কে তথ্যের বিষয়ে, এই বিভাগের অধীনে নাসেনিয়া ডকে এই ধরনের অবস্থার একটি তালিকা রয়েছে... আমি এখানে আপনার তথ্যের জন্য কিছু নাম লিখছি, যেমন- সাধারণ পরিবর্তনশীল ইমিউন ডেফিসিয়েন্সি, -এক্স-লিঙ্কড অ্যাগামাগ্লোবুলিনেমিয়া (ব্রিটন ডিজিজ), -সিলেক্টিভ আইজিএ ডেফিসিয়েন্সি, -সিলেক্টিভ আইজিএ ডেফিসিয়েন্সি, -সিভিয়ার-বোনাফিসিড ডিজিজ। কিছু ব্যাধি বেশ সাধারণ, যা প্রতি ১০০০ জনের মধ্যে ১ থেকে ১০০০ জনের মধ্যে ১ থেকে ১০০০ জনের মধ্যে ঘটে, যেমন সিলেক্টিভ আইজিএ ঘাটতি। যদিও অন্যান্য, যেমন গুরুতর সম্মিলিত ইমিউন ডেফিসিয়েন্সি, প্রতি মিলিয়নে একজন ব্যক্তির ক্ষেত্রে বেশ বিরল হতে পারে। আইভিজি (IVG)-এর বিভিন্ন ইঙ্গিত রয়েছে যা আপনার কেআইডিডি (KIDD)-এর ক্ষেত্রে ব্যবহৃত হয়। আপনার উদ্বেগটি ঠিক কারণ আপনি আপনার ইমিউনোলজিস্ট নিয়ে চিন্তিত, যা এখন দূরে সরে গেছে, তবে আপনার বর্তমান চিকিৎসকের ওপর আস্থা রাখা উচিত, যিনি আপনার উল্লিখিত"
55537,"হেলো প্রিয়, মনে হচ্ছে জরুরি গর্ভনিরোধক পিল খাওয়ার আগে আপনার গর্ভধারণ হয়েছিল। আসলে, এগুলো খুব কার্যকর এবং এই পিলগুলোর পরে আপনার গর্ভধারণ করা উচিত নয়। এই পিলগুলোর মধ্যে মূলত লেভোনরজেস্ট্রেল হরমোন থাকে। বিস্তারিত পর্যালোচনায় জোরালো প্রমাণ পাওয়া গেছে যে, গর্ভাবস্থার শুরুর দিকে যৌন হরমোন বোটকাটোজেনিক উপাদান এবং লেভোনরজেস্ট্রেল-একা পিলের সংস্পর্শে টেরাটোজেনিক কোনো প্রভাব নেই। তাই, এই গর্ভাবস্থা গর্ভপাতের জন্য আপনার কোনো প্রয়োজন নেই। আশা করি এটি আপনাকে সাহায্য করবে।"
68490,"হেলো। অনুসন্ধানের জন্য ধন্যবাদ। আপনার অভিযোগ অনুযায়ী, হাইপারসালিভেশন গ্রন্থি ফুলে যাওয়ার কারণে লালা উৎপাদন বেড়ে যেতে পারে এবং এটি পারকিনসনিজমের ক্ষেত্রে একটি প্রধান লক্ষণ, যা কেন্দ্রীয় স্নায়ুতন্ত্রের সাথে সম্পর্কিত অন্যান্য রোগেও দেখা যায়। এটি জিইআরডি (GERD), প্যানক্রিয়াটাইটিস, লিভারের রোগ, মুখের আলসার, নতুন দাঁত তোলা, পাইলোকারপাইন এবং টক্সিন ইত্যাদির মতো অবস্থার ক্ষেত্রেও দেখা যেতে পারে। এটি লালা গিলে ফেলার ক্ষমতা কমে যাওয়ার কারণেও হতে পারে, যেমন টনসিলাইটিস, পেরিটনসিলার ফোড়া, চোয়ালের ফাটল, এপিডল্যান্ড সংক্রমণ বা প্যাসিডল্যান্ড সংক্রমণ। এটি ফেসিয়াল পালসি, মায়াস্থেনিয়া গ্রেভস, পারকিনসনিজম ইত্যাদির মতো স্নায়ুতন্ত্রের সমস্যাতেও দেখা যায়। বর্তমানে আপনার বাবাকে রক্তচাপ কমানোর কিছু ওষুধ দেওয়া হয়েছে এবং এক মাস পর তাকে ফিরিয়ে আনা হয়েছে, যার কারণে আমি ধরে নিতে পারি যে রক্তচাপ কমানোর ওষুধ মাঝে মাঝে লালা প্রবাহ কমিয়ে দেয় এবং এক মাস সেবনের পর আশা করা যায় যে এটি কমানো সম্ভব। আপনি আপনার বাবাকে ধূমপান ত্যাগ করতে এবং ডাক্তারের সাথে কথা বলতে রাজি করান। ওজন কমানোর জন্য এক মাস ওজন নেওয়া উচিত নয় এবং আপনার চিকিৎসকের সাথে পরামর্শ করুন এবং যথাযথ ডিআই (DI) পরীক্ষা করান। একজন নিবন্ধিত ডায়েটিশিয়ানের মাধ্যমে এবং পরিকল্পনা করুন। তাকে পুষ্টিকর খাবার দিন এবং পর্যাপ্ত বিশ্রাম দিন। হাইপারসালিভেশনের চিকিৎসা শুধুমাত্র অন্তর্নিহিত কারণের চিকিৎসার মাধ্যমেই করা সম্ভব। আশা করি এটি সাহায্য করবে। শুভেচ্ছা।"
42976,"হেলো... ম্যাক্সিলার অস্টিওমাইলাইটিস সাধারণত ম্যাক্সিলারি সাইনোসাইটিস বা প্যান সাইনোসাইটিসের দীর্ঘস্থায়ী ইতিহাসের কারণে দাঁত তোলার রোগীদের মধ্যে দেখা যায়। দীর্ঘস্থায়ী সাইনোসাইটিসে আক্রান্ত রোগীদের অস্টিওমাইলাইটিসের মতো জটিলতা এড়াতে প্রতিরোধমূলক ব্যবস্থা হিসেবে উপযুক্ত অ্যান্টিবায়োটিক দিয়ে চিকিৎসা করতে হয়। আমি সম্প্রতি একই ক্লিনিকাল উপস্থাপনাসহ বাম ম্যাক্সিলার অস্টিওমাইলাইটিসের দুটি ক্ষেত্রে অস্ত্রোপচার করেছি। ম্যাক্সিলারি সাইনাস হলো একটি ফাঁকা জায়গা যা মুখের মাঝখানের অংশকে ভরাট করে, উভয় পাশের ম্যাক্সিলারি হাড়ের ঠিক উপরে, যা বাতাসকে আর্দ্র ও আর্দ্র রাখে এবং মাথার খুলিকে খুব হালকা মনে হয়। এটি একটি এপিথেলিয়াল আস্তরণ দ্বারা আবৃত থাকে যা শ্বাস নেওয়া বাতাসকে বিশুদ্ধ করে। দীর্ঘস্থায়ী সংক্রমণ বা সাইনুসাইটিসের ক্ষেত্রে এই আস্তরণটি পুরু হয়ে যায় এবং স্বাভাবিকভাবে কাজ করা বন্ধ করে দেয়। একইভাবে ইথময়েড, স্ফেনয়েডাল সাইনাসের মতো অন্যান্য সাইনাসও রয়েছে। এগুলোর কার্যকারিতা একই। সংক্রমণের কারণে সেখানে পুঁজ জমা হয় যা মুখের ওই পাশে ভারী অনুভূতির সৃষ্টি করে। এটি ম্যাক্সিলারি দাঁতের ওই পাশে ছড়িয়ে পড়া ব্যথা সৃষ্টি করে। বেশিরভাগ ডেন্টিস্ট রোগ নির্ণয় করতে ব্যর্থ হন এবং শেষ পর্যন্ত ম্যাক্সিলারি দাঁতটি তুলে ফেলতে পারেন। এটি প্রায়শই অস্টিওমাইলাইটিস আকারে প্রকাশ পায়। আপনার দাঁত তোলার কারণ কী ছিল? অনুগ্রহ করে এটি উল্লেখ করুন... অস্টিওমাইলাইটিস হলো হাড়ের প্রদাহ, যেখানে হাড় তার স্বাভাবিক রক্ত সরবরাহ করতে ব্যর্থ হয় এবং শেষ পর্যন্ত হাড়ের নেক্রোসিস হয়। এর জন্য অস্ত্রোপচারের প্রয়োজন হয়। ক্লিনিকাল মূল্যায়নের জন্য অনুগ্রহ করে একজন ওরাল অ্যান্ড ম্যাক্সিলোফেসিয়াল সার্জনের সাথে পরামর্শ করুন।"
23997,"হেলো, নাসেনিয়া ডকের সাথে পরামর্শ করার জন্য আপনাকে ধন্যবাদ। আসলে কোনো ক্যানকার সোরের কারণে মুখ এবং চোয়ালে এমন ফোলাভাব হয় না। এটি সম্ভব যে আপনার চোয়ালের হাড় বা গলায় কোনো সংক্রমণ থাকতে পারে। আপনার একজন ভালো ডেন্টিস্টের কাছে গিয়ে সম্পূর্ণ পরীক্ষা করানো ভালো। ক্যানকার সোরের জন্য আপনি প্রতিদিন একবার মাল্টিভিটামিন ক্যাপসুল এবং টপিক্যাল অ্যানেস্থেটিক মলম ব্যবহার শুরু করতে পারেন। এর জন্য কোনো অ্যান্টিবায়োটিকের প্রয়োজন নেই। আশা করি এটি আপনাকে সাহায্য করবে।"
14552,"ফ্যাটি লিভার এমন একটি অবস্থা যেখানে ট্রাইগ্লিসারাইড (একটি চর্বিযুক্ত উপাদান) লিভারের কোষে জমা হয়। এটি একটি নিরাময়যোগ্য অবস্থা। অতিরিক্ত মদ্যপানের কারণে ফ্যাটি লিভার হতে পারে, অথবা এটি নন-অ্যালকোহলিক (যেমন স্থূল এবং ডায়াবেটিস রোগীদের ক্ষেত্রে) হতে পারে। নির্দিষ্ট কিছু চ্যাট ডাক্তার। গ্রেড ২ ফ্যাটি লিভার মূলত ইউএসজি (USG)-তে দেখা যায়, যেখানে লিভার সম্পূর্ণ সাদা দেখায়। এটি নিরাময়যোগ্য। লিভারে চর্বি জমার কারণে প্রদাহজনিত পরিবর্তন ঘটে এবং যদি এটি বাড়তে থাকে, তবে তা হেপাটোসেলুলার আঘাত এবং দীর্ঘস্থায়ী লিভারের রোগের কারণ হতে পারে। এই সমস্যাটি মোকাবিলা করার সর্বোত্তম উপায় হলো অ্যালকোহল গ্রহণ কমানো (যদি আপনি এটি গ্রহণ করেন), ধীরে ধীরে ওজন কমানো (যদি আপনি স্থূল হন), চর্বি ও রিফাইনড কার্বোহাইড্রেট গ্রহণ কমানো।"
40271,"হেলো... নাসেনিয়া ডকে আপনাকে স্বাগতম। আমি আপনার প্রশ্নটি দেখেছি এবং আপনার উদ্বেগ বুঝতে পারছি... আপনার অভিযোগ অনুযায়ী মনে হচ্ছে আপনি একটি বিষাক্ত পোকা কামড়েছেন যার ফলে তীব্র স্থানীয় অ্যালার্জির প্রতিক্রিয়া হয়েছে এবং এটিই আঙুলে ফোলাভাবের কারণ। আপনার লেভোসেটিরিজিনের মতো অ্যান্টি-অ্যালার্জিক ওষুধ সেবন করা উচিত। প্রদাহ কমাতে ফোলা জায়গায় স্টেরয়েড মলম লাগান, জ্বালা কমাতে এবং ত্বককে আরাম দিতে ক্যালামাইন লোশনও লাগাতে পারেন। ফোলা জায়গায় ঠান্ডা সেঁক দিন। যদি কোনো উন্নতি না হয় বা ফোলা বাড়তে থাকে, তবে একজন সাধারণ চিকিৎসকের পরামর্শ নিন এবং প্রদাহ ও ফোলাভাব দ্রুত কমানোর জন্য তিনি আপনাকে ইনজেকশনযোগ্য অ্যান্টি-অ্যালার্জিক এবং স্টেরয়েডের পরামর্শ দিতে পারেন। আশা করি এই তথ্যটি আপনার উপকারে আসবে। ধন্যবাদ ও শুভেচ্ছা।"
981,"নাসেনিয়া ডকে আপনার প্রশ্নের জন্য ধন্যবাদ। আমি আপনার পরিস্থিতি এবং সমস্যাটি বুঝতে পারছি। হৃদরোগ নিয়ে চিন্তার কোনো কারণ নেই কারণ আপনার স্ট্রেস টেস্ট স্বাভাবিক। আপনার ক্ষেত্রে হারপিস জোস্টারের মতো ত্বকের সংক্রমণের সম্ভাবনা বেশি। এটি ত্বকের সংস্পর্শের কারণে ত্বকের একটি ভাইরাল সংক্রমণ। এটি সাধারণত বুকের অংশে দেখা যায়। হারপিসের কারণে বুকের অংশে ব্যথা, লালভাব, চুলকানি এবং শিরার প্রসারণ (শিরাগুলো প্রসারিত হওয়া) হতে পারে। তাই একজন চর্মরোগ বিশেষজ্ঞের সাথে পরামর্শ করা এবং আপনার স্থানীয় অংশের ক্লিনিকাল পরীক্ষা করানো ভালো। আপনার অ্যান্টিভাইরাল, ব্যথানাশক এবং অ্যান্টি-ইনফ্ল্যামেটরি ওষুধের প্রয়োজন হতে পারে। আশা করি আমি আপনার প্রশ্নের সমাধান করতে পেরেছি। আপনার সুস্বাস্থ্য কামনা করি।"
101238,"হেলো এবং নাসেনিয়া ডকে আপনাকে স্বাগতম। হাঁটুতে শক্ত নড়াচড়া করা পিণ্ডটির উৎপত্তিস্থল জানার জন্য পরীক্ষা করা প্রয়োজন। বারবার আঘাতের কারণে এই পিণ্ড তৈরি হতে পারে। হাড় এবং নরম টিস্যুতে বারবার আঘাতের কারণে এই পিণ্ডটি প্রদাহজনক হতে পারে অথবা নরম টিস্যু বা হাড়ের টিস্যু থেকে উদ্ভূত নিওপ্লাস্টিক হতে পারে। আমি আপনাকে একজন অর্থোপেডিক বিশেষজ্ঞের সাথে পরামর্শ করে জয়েন্টের সিটি স্ক্যান বা এমআরআই করানোর পরামর্শ দিচ্ছি। ইমেজিং ক্ষতটির উৎস নির্ধারণ করবে। ক্ষতটির সঠিক বৈশিষ্ট্যের জন্য অ্যাসপিরেশন সাইটোলজি বা বায়োপসির প্রয়োজন হতে পারে। পরীক্ষার ফলাফল পাওয়ার পর চিকিৎসার পরিকল্পনা করা হবে। ধন্যবাদ এবং ভালো থাকবেন, নাসেনিয়া ডক।"
105077,"হেলো, নাসেনিয়া ডকে পরামর্শের জন্য ধন্যবাদ। মাড়ির ক্ষয়ের কারণে সংবেদনশীলতা তৈরি হয়, দাঁত ব্রাশ করার পর আপনার উভয় আঙুল (দাঁতের বাইরের অংশ) এবং লিঙ্গুয়াল (দাঁতের ভেতরের অংশে) উভয় আঙুল দিয়ে ম্যাসাজ করা উচিত। দাঁত ব্রাশ করার পর ফোলাভাব সিবিসিজেড (CBCZ) হতে পারে, যদি ফোলাভাব থাকে তবে তা দাঁতের ক্ষয় বা র‍্যাশের কারণে হতে পারে। পেরিওডন্টাল সমস্যার কারণেও এমনটা হতে পারে, যেহেতু লবণ দিয়ে কুলকুচি করা কোনো কাজে আসছে না, তাই এক্স-রে, চেক-আপ এবং চিকিৎসার জন্য আপনার ডেন্টিস্টের সাথে পরামর্শ করুন। আশা করি এটি সাহায্য করবে, নিজের যত্ন নেবেন।"
84121,"নাসেনিয়া ডকে আপনার প্রশ্নের জন্য ধন্যবাদ। আমি আপনার উদ্বেগ বুঝতে পারছি। ভারী পরিশ্রমের (ব্যায়াম) পর আপনার বুকে চাপ এবং অস্বস্তি হচ্ছে। তাই আমাদের প্রথমে আপনার ক্ষেত্রে হৃদরোগের সম্ভাবনা বাতিল করা উচিত। তাই প্রথমে ইসিজি (ECG) এবং টু-ডি ইকো (2D echo) করিয়ে নিন। যদি এই দুটি রিপোর্ট স্বাভাবিক থাকে, তবে হৃদরোগ নিয়ে চিন্তার কোনো কারণ নেই। কখনও কখনও ব্যায়ামের কারণে পেশী বা হাড়ের ব্যথার কারণেও বুকে একই ধরনের অস্বস্তি হতে পারে। তাই ভারী ওজন তোলা এবং কঠোর ব্যায়াম এড়িয়ে চলুন। যে নড়াচড়ায় ব্যথা হয় তা এড়িয়ে চলুন। ঘুমের সময় ভুল অঙ্গভঙ্গি এড়িয়ে চলুন। আক্রান্ত স্থানে গরম পানির সেঁক দিন। আইবুপ্রোফেনের মতো ব্যথানাশক ওষুধ সেবন করুন। চিন্তা করবেন না, এই সব মেনে চললে আপনি সুস্থ হয়ে উঠবেন। তবে প্রথমে হৃদরোগের সম্ভাবনা বাতিল করুন। আশা করি আমি আপনার প্রশ্নের সমাধান দিতে পেরেছি। আপনাকে আরও সাহায্য করতে পারলে আমি খুশি হব। আপনার সুস্বাস্থ্য কামনা করি। ধন্যবাদ।"
44433,"হেলো, ডেইরি, আমি আপনার প্রশ্নটি দেখেছি। আমি আপনার উদ্বেগ বুঝতে পারছি। তার ফুসফুস ফুলে গেছে এবং এক্স-রে স্বাভাবিক। তাই তার কোনো সফট টিস্যু টিউমার বা সিস্ট থাকার সম্ভাবনা রয়েছে। তার বায়োপসি এবং হিস্টোপ্যাথলজিক্যাল পরীক্ষা করানো উচিত। তারপর সেই অনুযায়ী চিকিৎসা নিন। আশা করি আমি আপনার প্রশ্নের উত্তর দিতে পেরেছি, যদি আপনার কোনো সন্দেহ থাকে তবে আমি উত্তর দিতে পেরে খুশি হব। নাসেনিয়া ডক ব্যবহার করার জন্য ধন্যবাদ। আপনার সুস্বাস্থ্য কামনা করি।"
37726,"হেলো! আমাদের শরীরের পশ্চাৎভাগের মধ্যরেখায় কিছু প্রাথমিক পিণ্ড নিয়ে আলোচনা করার জন্য আপনাকে আরও একটি সুযোগ দেওয়ার জন্য ধন্যবাদ, কারণ এটি সাধারণত শিশুদের মধ্যে দেখা যায় এবং এটি কারো স্বাস্থ্যের ওপর কোনো প্রভাব ফেলে না! যাই হোক, এগুলো কী? হ্যাঁ, এগুলো সংক্রামক নয়, ক্যান্সার নয় এবং এগুলো আপনাকে মেরে ফেলবে না, তবে এগুলো প্রসাধনী সমস্যা, শারীরিক অসুবিধা এবং সেখানে আঘাত বা সংক্রমণের ভয়ের কারণ হতে পারে... এগুলো ডেসমায়েড/এপিডার্মাল সিস্ট, লিপোমা, নিউরোফাইব্রোমা বা ত্বকের ফাইব্রো-এপিথেলিয়াল পলিপ/স্কিন ট্যাগের মতো কিছু জন্মগত সিস্ট হতে পারে। প্রয়োজনে সরাসরি পরীক্ষা করিয়ে নিন... এবং আপনার উদ্বেগ দূর করতে! শুভেচ্ছা।"
40921,"হেলো এবং অনুসন্ধানের জন্য ধন্যবাদ। অস্ত্রোপচারের পর ওই এলাকায় অসাড়তা এই এলাকার চারপাশের স্নায়ুতে কোনো আঘাতের ইঙ্গিত হতে পারে। যে স্নায়ুগুলো এই নির্দিষ্ট এলাকায় রক্ত সরবরাহ করে, তাদের একটি সাধারণ শাখা রয়েছে যা পুরো যৌনাঙ্গ থেকে উৎপন্ন হয়, যাকে ইউরোজেনিটাল নার্ভ বলা হয়। ঘন ঘন প্রস্রাব হওয়া মূত্রাশয়ে রক্ত সঞ্চালনের সমস্যার ইঙ্গিত হতে পারে। আপনি কখন এই লক্ষণটি অনুভব করছেন তার ওপর নির্ভর করে, এই ধরনের লক্ষণের অন্যান্য সাধারণ কারণগুলো বাদ দেওয়ার প্রয়োজন হতে পারে। ডায়াবেটিস এবং মূত্রনালীর সংক্রমণের জন্যও পরীক্ষা করা উচিত। শুভেচ্ছা রইল।"
50357,"হেলো। পেটে ব্যথার অনেক কারণ থাকতে পারে। দাদিদের ক্ষেত্রে এটি নিচের কারণগুলোর জন্য হতে পারে, যা নিচে দেওয়া হলো: ১. কোষ্ঠকাঠিন্য ২. কিডনি/ইউরেটারিক সংক্রমণ বা পাথর ৩. কোলন ক্যান্সার - বয়স্ক রোগীদের ক্ষেত্রে এটি ঘটে এবং কোষ্ঠকাঠিন্য বা অন্ত্রের অভ্যাসের পরিবর্তন, দীর্ঘস্থায়ী পেটে ব্যথা এবং উল্লেখযোগ্য ওজন হ্রাস হিসেবে প্রকাশ পায়। ৪. পেলভিক ইনফ্ল্যামেটরি ডিজিজ - বয়স্ক রোগীদের ক্ষেত্রে এটি ঘটে এবং কোষ্ঠকাঠিন্য বা অন্ত্রের সমস্ত বা অংশের দীর্ঘস্থায়ী প্রদাহ হিসেবে প্রকাশ পায়। ৫. ইনফ্ল্যামেটরি ডিজিজ - পরিপাকতন্ত্রের সমস্ত বা অংশের দীর্ঘস্থায়ী প্রদাহ। ৬. অন্ত্রের ইস্কেমিয়া, ডাইভার্টিকুলাইটিস ৭. ওষুধের প্রতিক্রিয়া বা পার্শ্বপ্রতিক্রিয়া। এই কারণগুলো মল পরীক্ষা, ইমেজিং এবং নির্দিষ্ট রক্ত পরীক্ষার মাধ্যমে নিশ্চিত করা যেতে পারে। আশা করি এটি সাহায্য করবে। শুভকামনা।"
86628,"হেলো, ডেইরি, আমি আপনার প্রশ্নটি দেখেছি। আমি আপনার উদ্বেগ বুঝতে পারছি। আপনার স্বামীর লিম্ফোপ্লাজম্যাটিক লিম্ফোমা হয়েছে। তার পর্যায় অনুযায়ী কেমোথেরাপি নেওয়া উচিত। তার পায়ের পাতা ফোলা এবং লাল দেখাচ্ছে, তবে এর সাথে তার লিম্ফোমার কোনো সম্পর্ক নেই। তার ব্যথানাশক এবং অ্যান্টি-ইনফ্ল্যামেটরি ওষুধ খাওয়া উচিত। ডাক্তারের সাথে পরামর্শ করুন এবং সেই অনুযায়ী চিকিৎসা নিন। আমি আপনার প্রশ্নের উত্তর দিয়েছি, যদি আপনার কোনো সন্দেহ থাকে তবে আমার সাথে যোগাযোগ করুন bit.ly/ তে।"
101637,"হেলো, কর্টিসল ইনজেকশন নেওয়ার পর কাঁধের জয়েন্টে ব্যথা ও আড়ষ্টতা কমে যায় এবং হৃদস্পন্দন ও কর্টিসল ইনজেকশনের মধ্যে কোনো সম্পর্ক নেই, এটি মানসিক চাপ এবং ভয়ের কারণে হতে পারে। কাঁধের জয়েন্ট শক্ত হওয়ার জন্য কর্টিসল ইনজেকশন স্থায়ীভাবে কাজ করবে না, সর্বোত্তম চিকিৎসার জন্য আপনার একজন ফিজিওথেরাপিস্টের সাথে দেখা করা উচিত। আশা করি আমি আপনার প্রশ্নের উত্তর দিতে পেরেছি। আমি আপনাকে আরও কোনোভাবে সাহায্য করতে পারি কিনা তা জানাবেন। হেম অ্যাং এস জেন, ফিজিক্যাল থেরাপিস্ট বা ফিজিওথেরাপিস্ট। ভালো থাকবেন।"
32693,"প্রিয় বন্ধু। হেলো, আমি নাসেনিয়া ডক, আমি আপনার প্রশ্নটি বিস্তারিত পড়েছি, আমি আপনার উদ্বেগ বুঝতে পারছি। হ্যাঁ, একটি সিস্ট অ্যালকালাইন ফসফেটেসের বৃদ্ধি ঘটাতে পারে। আমি সিস্টটির প্রকৃতি নিয়ে বেশি চিন্তিত। এটি বিনাইন বা ক্ষতিকর নয় এমন হতে পারে, এটি লিভারের ফোড়া এবং আরও অনেক কিছু হতে পারে। আপনি যদি আপনার আল্ট্রাসাউন্ড রিপোর্ট এবং আপনার উপসর্গগুলো আমাদের সাথে শেয়ার করতে পারেন তবে ভালো হয়। এখানে উপলব্ধ তথ্যের ভিত্তিতে এটি আমার ব্যক্তিগত মতামত। আপনি যদি আপনার সমস্যাগুলো নিয়ে আরও আলোচনা করতে চান, তবে আমার নামে নির্দেশিত প্রিমিয়াম কোয়েরির মাধ্যমে আমাকে জিজ্ঞাসা করতে পারেন। আমি আপনাকে আমার সাধ্যমতো সাহায্য করব। সুস্থ থাকুন। নাসেনিয়া ডক, এমডি।"
44939,"প্রিয় জে, আপনার অনুসন্ধানের জন্য ধন্যবাদ। প্রথমেই আমি আপনাকে জানাতে চাই যে, আমি আপনার আঘাত বুঝতে পারছি এবং এই ধরনের পরিস্থিতির মোকাবিলা করা খুব কঠিন, তবে এটি জীবন এবং আমাদের ক্রমাগত হাঁটতে হবে। আপনি হাতে জ্বালাপোড়া, লালভাব এবং অন্ত্রের পরিবর্তন, সুঁই ফোটানোর মতো অনুভূতি অনুভব করতে শুরু করেছেন। এটি উদ্বেগজনিত ব্যাধির একটি অংশ, তবে চিকিৎসা উপলব্ধ থাকায় আপনার চিন্তার কিছু নেই। উদ্বেগজনিত ব্যাধির চিকিৎসার দুটি পদ্ধতি রয়েছে এবং যদি এটি প্রাথমিক পর্যায়ে থাকে তবে এর ফলাফলও খুব ভালো। প্রথমটি হলো নন-ওষুধ চিকিৎসা, যার মধ্যে রয়েছে রিলাক্সেশন ব্যায়াম, গভীর শ্বাস-প্রশ্বাসের ব্যায়াম, মেডিটেশন, প্রগ্রেসিভ মাসল রিলাক্সেশন, বায়োফিড ব্যাক ইত্যাদি। ব্যক্তিকে তার অনিচ্ছাকৃত সিস্টেমকে নিয়ন্ত্রণ করতে শেখানো হয় যা উদ্বেগের জন্য দায়ী। একবার ব্যক্তি গ্রহণযোগ্য হয়ে উঠলে তাকে আচরণগত থেরাপি ইত্যাদির মতো অন্যান্য পদ্ধতিতে অগ্রসর করা হয়। দ্বিতীয়টি হলো ওষুধি চিকিৎসা, যেখানে ব্যক্তিকে এমন পর্যায়ে নিয়ে যাওয়ার জন্য অ্যান্টি-অ্যাংজাইটি ওষুধ ব্যবহার করা হয় যাতে তিনি চিকিৎসার প্রথম ধাপ শুরু করতে পারেন। নাসেনিয়া ডক। বিশেষ পরিস্থিতিতে ব্যক্তিকে শিথিল করার জন্য মৃদু মাত্রার সিডেটিভ ব্যবহার করা হয়। এগুলো অল্প সময়ের জন্য ব্যবহার করা হয়। প্রিয় বন্ধু, আমার মতামত অনুযায়ী, উভয় পদ্ধতির সমন্বয় আপনার জন্য সেরা এবং নিশ্চিত থাকুন যে আপনি খুব অল্প সময়ের মধ্যেই সুস্থ হয়ে উঠবেন। ধন্যবাদ, আশা করি আমি আপনার প্রশ্নের সমাধান করতে পেরেছি। অনুগ্রহ করে হার"
3285,"হেলো, ম্যাক্রো বিড বা নাইট্রোফুরানটোইন গর্ভাবস্থার ৩৮ সপ্তাহ পর মূত্রনালীর সংক্রমণের জন্য প্রস্তাবিত অ্যান্টিবায়োটিক, কারণ এটি শিশুর হিমোলাইটিক অ্যানিমিয়া নামক বিরল ধরনের রক্তজনিত সমস্যার সৃষ্টি করতে পারে। গর্ভাবস্থার বাকি অংশে এটি নিরাপদ এবং এটি বি-বিভাগ (যা ক্ষতিকারক নয় বলে প্রমাণিত)। এটি বুকের দুধে পুনরায় তৈরি হয়, তাই বুকের দুধ খাওয়া মায়েদের জন্য এটি প্রেসক্রাইব করা হয় না। যদি তার স্রাব হয়, তবে তাকে একজন প্রসূতি বিশেষজ্ঞের মাধ্যমে পরীক্ষা করানো উচিত, কারণ গর্ভাবস্থায় যোনিপথে সংক্রমণ হতে পারে এবং দ্রুত প্রসব এড়াতে এগুলোর দ্রুত চিকিৎসা প্রয়োজন। আশা করি এটি সাহায্য করবে। শুভেচ্ছা।"
63425,"হেলো, আমি জানতে চাই যে আপনি কিছু সময়ের জন্য ওরাল কন্ট্রাসেপটিভ পিল ব্যবহার বন্ধ রেখেছিলেন এবং অনিরাপদ মিলনের পর আবার ব্যবহার শুরু করেছেন কিনা। যদি তাই হয়, তবে গর্ভবতী হওয়ার সম্ভাবনা বেশি এবং আপনার একটি প্রেগন্যান্সি টেস্ট করা প্রয়োজন। আপনি যদি নিয়মিত ওষুধ সেবন করেন, তবে আপনার মাসিক চক্র ভালোভাবে সুরক্ষিত থাকে এবং মাসিক শুরুর এই বিলম্ব মানসিক চাপ, সংক্রমণ ইত্যাদির কারণে হতে পারে। তবুও, যেহেতু আপনি হরমোনের ওপর নির্ভরশীল, তাই আরও মূল্যায়নের প্রয়োজন। আশা করি আমি আপনার প্রশ্নের উত্তর দিতে পেরেছি। আমি আপনাকে আরও কোনোভাবে সাহায্য করতে পারি কিনা তা জানাবেন।"
23145,"আপনার অনুসন্ধানের জন্য ধন্যবাদ, আমি আপনার অনুসন্ধানটি দেখেছি। সংক্রমিত দাঁত মাথা এবং ঘাড়ের অংশে ব্যথা সৃষ্টি করতে পারে। ফোড়াসহ সংক্রমিত দাঁত রেডিওগ্রাফের মাধ্যমে নিশ্চিত করা যেতে পারে। সংক্রমণের জন্য আপনি ৫ দিনের জন্য অ্যামোক্সিসিলিন ৫০০ মিগ্রা এবং মেট্রোনিডাজল ৪০০ মিগ্রা দিনে তিনবার (যদি আপনার অ্যালার্জি না থাকে) অ্যান্টিবায়োটিক নিতে পারেন। রেডিওগ্রাফ নেওয়ার পর আমরা সিদ্ধান্ত নিতে পারব যে দাঁতটি বাঁচানো যাবে নাকি তুলে ফেলা হবে। একজন ওরাল ফিজিশিয়ানের সাথে পরামর্শ করুন এবং এটি নিশ্চিত করার জন্য রেডিওগ্রাফ করান। এক বছরের ব্যবধানে দাঁতের কিছু অংশ নষ্ট হয়ে যেতে পারে। হাত ও বুকে ব্যথা একটি আলাদা সমস্যা হতে পারে, এর জন্য একজন হৃদরোগ বিশেষজ্ঞের পরামর্শ নিন। আশা করি আমার উত্তরটি আপনাকে সাহায্য করবে, ভালো থাকবেন।"
109517,"হেলো... আপনার প্রশ্নটি পড়েছি এবং সেই অনুযায়ী আমি বলব যে এটি ভাইরাল সংক্রমণের কারণে হতে পারে, কারণ সমস্ত লক্ষণ একটি নির্দিষ্ট দিকে সীমাবদ্ধ (আপনার ক্ষেত্রে ডান দিকে)। চিন্তার কিছু নেই... আমি আপনাকে একজন ইএনটি (ENT) সার্জন বা চিকিৎসকের সাথে দেখা করে চিকিৎসা নেওয়ার পরামর্শ দিচ্ছি। শান্ত ও নিশ্চিন্ত থাকুন... ভাইরাল সংক্রমণ (যদি থাকে) লক্ষণ অনুযায়ী চিকিৎসা করা সম্ভব... সুখী ও নিশ্চিন্ত মন জীবনের যেকোনো সংক্রমণ ও রোগের বিরুদ্ধে লড়াই করতে পারে... আশা করি এই উত্তরটি আপনার উপকারে আসবে। আপনার দিনটি স্বাস্থ্যকর হোক!!"
93307,"আমি আপনার প্রশ্নটি দেখেছি এবং আপনার উদ্বেগগুলো বুঝতে পেরেছি। আপনি যে চিকিৎসা পেয়েছেন তা চমৎকার। এর মানে হলো আপনি আর কোনো হেমোরেজিক স্ট্রোকের ঝুঁকিতে নেই। যদি ডাক্তাররা সিটি স্ক্যানে কয়েল ছাড়া আর কিছু না দেখে থাকেন, তবে আপনাকে নিশ্চিত হতে হবে যে চিন্তার কিছু নেই। অবশ্যই, ১০০% নিশ্চিত হওয়ার জন্য সিটি স্ক্যানের চেয়ে এমআরআই একটি ভালো পরীক্ষা। আজ পর্যন্ত, অস্ত্রোপচারের জন্য ব্যবহৃত টাইটানিয়াম ক্লিপ বা কয়েলগুলোর সাথে টিউমার রূপান্তরের কোনো সম্পর্ক থাকার প্রমাণ নেই। এর মানে হলো, আপনার মস্তিষ্কের টিউমারের (চিকিৎসা এবং সিটি স্ক্যানের কথা বিবেচনা করে) শতাংশ অন্য কারো সমান। আশা করি এটি আপনার প্রশ্নের উত্তর দিয়েছে। আপনার যদি আরও কোনো প্রশ্ন বা ফলো-আপ প্রশ্ন থাকে, তবে আমাদের লিখতে দ্বিধা করবেন না। আমি আপনার প্রশ্নের উত্তর দিতে পেরে খুশি হব। আপনার সুস্বাস্থ্য কামনা করছি।"
62680,"হেলো, নাসেনিয়া ডকে আসার জন্য ধন্যবাদ। আপনার উদ্বেগের জন্য আমি সত্যিই কৃতজ্ঞ। আমি আপনাকে কিছু বিষয় জানাতে চাই যে, এই ১২ বছর বয়সের মধ্যে ""মিনোক্সিডিল"" ব্যবহার করা উচিত নয়। তবে চুল পড়ার অন্তর্নিহিত কারণ খুঁজে বের করা প্রয়োজন। আমার মতে, এটি পেডিকিউরিস্ট বা ছত্রাকজনিত সংক্রমণ হতে পারে, তাই এটি নিশ্চিত করুন এবং যদি এমন কিছু পাওয়া যায় তবে তার চিকিৎসা করার চেষ্টা করুন। তবে ""মনোক্সাইড"" ব্যবহারের বিষয়টি প্রশ্নবিদ্ধ। আশা করি এই তথ্যটি আপনার উপকারে আসবে, নিজের যত্ন নেবেন এবং আপনার দিনটি ভালো কাটুক এবং আপনার দিনটি ভালো কাটুক।"
83602,"হেলো, নাসেনিয়া ডকের সাথে পরামর্শ করার জন্য আপনাকে ধন্যবাদ। যদি কোনো দাঁতে সংক্রমণ থাকে তবে আপনাকে তা তুলে ফেলতে হবে অথবা রুট ক্যানেল চিকিৎসা করাতে হবে, কারণ সংক্রমণ দাঁতের ওপরের দিকে ছড়িয়ে পড়ে ফোড়া বা সিস্টের সৃষ্টি করতে পারে, যা খুব বেদনাদায়ক হবে। তাই আপনার এটি চিকিৎসা করানো উচিত কারণ শুধুমাত্র ওষুধ দিয়ে সমস্যার সমাধান করা সম্ভব নয়, তাই আপনাকে একজন ডেন্টিস্টের কাছে যেতে হবে। আশা করি এটি আপনাকে সাহায্য করবে।"
60260,"হেলো! শুভ সকাল। আমি নাসেনিয়া ডক, আপনার প্রশ্নের উত্তর দিচ্ছি। শারীরিক পরীক্ষা ছাড়া শুধুমাত্র আপনার শারীরিক ইতিহাসের ওপর ভিত্তি করে পিণ্ডটি নির্ণয় করা সম্ভব নাও হতে পারে। তবে, আমার মনে হয় এটি সম্ভবত হার্নিয়া হতে পারে। সঠিক রোগ নির্ণয় এবং পরবর্তী চিকিৎসার জন্য আমি আপনাকে আপনার এলাকার একজন জেনারেল সার্জনের মাধ্যমে শারীরিকভাবে পরীক্ষা করানোর পরামর্শ দেব। আমি আশা করি এই তথ্যটি আপনার সমস্যার পরবর্তী ব্যবস্থাপনার বিষয়ে আপনার পারিবারিক চিকিৎসক বা আপনার চিকিৎসা প্রদানকারী ডাক্তারের সাথে আলোচনা করতে সাহায্য করবে। আপনার আরও কোনো সন্দেহ থাকলে নির্দ্বিধায় জিজ্ঞাসা করুন। আপনার স্বাস্থ্য সমস্যার বিষয়ে সন্দেহ দূর করতে নাসেনিয়া ডককে বেছে নেওয়ার জন্য ধন্যবাদ। আপনার দ্রুত আরোগ্য কামনা করছি। নাসেনিয়া ডক।"
108357,"হেলো, আমাদের কাছে লেখার জন্য ধন্যবাদ। পিঠের বাম দিকে ব্যথা যদি পেশীজনিত না হয় তবে এটি কিডনি সংক্রমণ বা পাথরের কারণে হতে পারে। আল্ট্রাসাউন্ড স্ক্যান করার পর এটি নিশ্চিত হওয়া যেতে পারে। যদি গভীর শ্বাস-প্রশ্বাস বা কাশির সাথে ব্যথা বাড়তে থাকে, তবে পাঁজরের আঘাত বা পেশিতে টান লাগার সম্ভাবনা থাকে। প্লুরিসির মতো ফুসফুসের সংক্রমণও বাদ দেওয়া প্রয়োজন। আশা করি এটি আপনাকে সাহায্য করবে।"
32329,"হেলো, নাসেনিয়া ডকে লেখার জন্য ধন্যবাদ। হ্যাঁ, কিছু গবেষণায় দেখা গেছে যে এইচ পাইলোরি বন্ধ্যাত্বের কারণ। এটি মূলত পিসিওএস (পলিসিস্টিক ওভারিয়ান ডিজিজ)-এর সাথে সম্পর্কিত। আপনার পিসিওএস আছে কিনা তা নিশ্চিত করার জন্য আমি আপনাকে পেটের আল্ট্রাসাউন্ড করার পরামর্শ দেব। আমি আপনাকে এইচ পাইলোরি পুরোপুরি ছড়িয়ে পড়েছে কিনা তা দেখার জন্য পুনরায় পরীক্ষা করার পরামর্শ দিচ্ছি। যদি না থাকে, তবে চিকিৎসা নিন। যদি পরীক্ষা নেগেটিভ আসে তবে চিন্তা করবেন না। এটি কোনো প্রভাব ফেলবে না। যদি আপনার স্বাভাবিক মাসিক হয়, তবে চিন্তার কিছু নেই। কিছু ক্ষেত্রে এইচ পাইলোরি অ্যান্টিবডি জরায়ুতে উপস্থিত থাকে যা শুক্রাণুর চলাচল রোধ করে। আমি আপনাকে আইইউআই (IUI)-এর পরামর্শ দিচ্ছি। এটি হলো জরায়ুতে শুক্রাণু প্রবেশ করানো। এখানে শুক্রাণু ধুয়ে প্রক্রিয়াজাত করে জরায়ুতে স্থাপন করা হয়। তাই গর্ভধারণের সমস্যাটি মিটে যায়। আশা করি আমি আপনাকে সাহায্য করতে পেরেছি। শুভেচ্ছা, নাসেনিয়া ডক।"
27759,"হেলো, আমি আপনার কেসটি পর্যালোচনা করেছি। এই নার্ভ রুটটি সংকুচিত হওয়ার কারণে আপনার হাতে ব্যথা হচ্ছে। সঠিক রোগ নির্ণয়ের জন্য আমি আপনাকে সার্ভিকাল স্পাইনের এমআরআই (MRI) করার পরামর্শ দেব। এই লক্ষণগুলোর জন্য ব্যথানাশক এবং নিউরোট্রফিক ওষুধ শুরু করা যেতে পারে। আপাতত, ভারী ওজন তোলা থেকে বিরত থাকুন এবং পিঠে সাপোর্ট নিয়ে বসুন। আপনি সাহায্যের জন্য ফিজিওথেরাপিস্টের পরামর্শ নিতে পারেন। আল্ট্রাসাউন্ড এবং ইনফারেনশিয়াল থেরাপির মতো ফিজিওথেরাপি দ্রুত আরাম দেবে। আমি আপনাকে ভিটামিন বি১২ এবং ভিটামিন ডি৩-এর মাত্রা পরীক্ষা করার পরামর্শ দেব। আশা করি এটি আপনার প্রশ্নের উত্তর দিয়েছে। আপনার যদি আরও কোনো প্রশ্ন বা ফলো-আপ জিজ্ঞাসা থাকে, তবে আমাদের লিখতে দ্বিধা করবেন না। আমি আপনার প্রশ্নের উত্তর দিতে পেরে খুশি হব। আপনার সুস্বাস্থ্য কামনা করছি। ভালো থাকবেন।"
32680,"হেলো এবং আপনার প্রশ্নের জন্য ধন্যবাদ। আপনার দাঁতে একটি বড় গহ্বর রয়েছে যা স্নায়ুকে সংক্রমিত করেছে, স্নায়ুটি প্রদাহযুক্ত এবং ফুলে গেছে। ঠান্ডা সেঁক দিলে ব্যথা কমে যায় কারণ এটি এক মিনিটের জন্য চাপ কমায়। স্নায়ুর ক্ষতি অপরিবর্তনীয় এবং যদি এটি পুনরুদ্ধার করা সম্ভব হয়, তবে দাঁতের ক্ষয় অপসারণ করতে হবে, রুট ক্যানেল করতে হবে এবং দাঁতে ক্রাউন বা বড় কোনো ফিলিং করাতে হবে। অথবা যদি দাঁতটি পুনরুদ্ধার করা সম্ভব না হয়, তবে চোয়ালে বড় কোনো সংক্রমণ হওয়ার আগেই দাঁতটি তুলে ফেলতে হবে। শুভেচ্ছা।"
22287,"হেলো, না, আপনার পিরিয়ডের প্রথম এবং দ্বিতীয় দিনে যৌন মিলন করলে গর্ভবতী হওয়ার কোনো সম্ভাবনা নেই, কারণ এটি আপনার ডিম্বস্ফোটনের সময় ছিল না। যদি ৩০শে নভেম্বর আপনার পিরিয়ডের প্রথম দিন হয়, তবে ১লা ডিসেম্বর ছিল আপনার পিরিয়ডের দ্বিতীয় দিন। আনওয়ান্টেড ৭২ আপনার পিরিয়ড বিলম্বিত করতে পারে বা অনিয়মিত পিরিয়ডের কারণ হতে পারে। পিলের পার্শ্বপ্রতিক্রিয়া একেক জনের ক্ষেত্রে একেক রকম হয়, পিলের পার্শ্বপ্রতিক্রিয়া থাকা জরুরি নয়।"
44136,"হেলো প্রিয়, আপনার উদ্বেগ বুঝতে পারছি। আপনার প্রশ্ন অনুযায়ী, আপনার ঘাড়ে র‍্যাশ বা ফুসকুড়ির লক্ষণ রয়েছে, যা খুবই সাধারণ কারণ আপনার পোশাকের ভেতরে ময়লা ও আর্দ্রতা আটকে যায় এবং সেবাসিয়াস গ্রন্থি বন্ধ হয়ে যায়। চিন্তার কিছু নেই। আমি আপনাকে এই জায়গাটি পরিষ্কার রাখার এবং ডাক্তারের সাথে চ্যাট করার পরামর্শ দেব। ভেজা তোয়ালে দিয়ে গরম সেঁক দিন এবং রাতে ভিটামিন সি সিরাম লাগান। আপনার র‍্যাশে হাত দেওয়া বা খোঁচানো এড়িয়ে চলা উচিত। দিনে ২-৩ বার র‍্যাশে বরফের প্যাক লাগান। যদি অবস্থার উন্নতি না হয়, তবে সঠিক পরীক্ষার জন্য চর্মরোগ বিশেষজ্ঞের পরামর্শ নিন। ডাক্তার শারীরিক পরীক্ষা করবেন এবং রক্ত পরীক্ষা ও ল্যাব টেস্টের জন্য নমুনা দেবেন। ডাক্তার প্রদাহরোধী ওষুধের পাশাপাশি ক্লিনডামাইসিনের মতো অ্যান্টিবায়োটিক প্রেসক্রাইব করতে পারেন। আশা করি আপনার সমস্যার সমাধান হয়েছে। শুভকামনা।"
29580,"হেলো। স্লাভিক ইনজেকশনের পর আপনার হাঁটু ফুলে যাওয়া খুবই অস্বাভাবিক। আপনি যদি চ্যাট ডাক্তারের প্রতি সংবেদনশীল হন, তবে সাধারণত এই প্রতিক্রিয়াগুলো দেখা দিতে পারে। আমার মতে, আপনার ক্ষেত্রে আমি বরং অ্যান্টি-অ্যালার্জি, হাঁটু সাপোর্ট, ব্যায়াম এবং অ্যান্টি-ইনফ্ল্যামেটরি ব্যথানাশক ওষুধের ওপর নির্ভর করব। বারবার চেষ্টা করলে খুব একটা উপকার নাও হতে পারে। ভবিষ্যতে, ভালো উপশমের জন্য আমি আপনার হাঁটুতে পিআরপি ইনজেকশন দেওয়ার পরামর্শ দেব।"
51518,"হেলো, নাসেনিয়া ডকে আপনাকে স্বাগতম। আপনার জিজ্ঞাসার তথ্যের ভিত্তিতে, আপনার ক্যাথলিক সিস্ট/এইচপিভি পপুলার প্যাপিলোমা রয়েছে বলে মনে হচ্ছে। আপনার গনের ডাক্তারের দ্বিতীয় মতামতের পর এক্সিশন বায়োপসি করলে অস্পষ্ট রোগ নির্ণয়ের এই দ্বিধা দূর হবে। আশা করি এটি আপনাকে আপনার ডাক্তারের সাথে চিকিৎসার পরিকল্পনা করতে সাহায্য করবে। নাসেনিয়া ডকে আপনার মতো অন্য রোগীদের উপকার করার জন্য ধন্যবাদ জানানো এবং রিভিউ মন্তব্য লিখলে কৃতজ্ঞ থাকব। দিনটি ভালো কাটুক। নাসেনিয়া ডক। এন. সিনিয়র সার্জিক্যাল স্পেশালিস্ট। এম.এস. জেনারেল-সিভিটিএস।"
52774,"হেলো প্রিয়, মিলিয়ন ডলার প্রশ্ন হলো, অস্ত্রোপচার করার পরেও কেন দুটি টিউব খোলা হয়নি? যদি খোলা টিউবে সংক্রমণ হয়ে থাকে, তবে এটি পুনরায় বন্ধ হয়ে যাওয়ার একটি বড় সম্ভাবনা থাকে। প্রথমে সংক্রমণের চিকিৎসা করুন এবং তারপর ল্যাপারোস্কোপি বা হিস্টেরোসালপিঙ্গোগ্রাফির মাধ্যমে টিউবের কার্যকারিতা পুনরায় মূল্যায়ন করুন। যদি টিউবটি তখনও খোলা থাকে, তবে আপনি প্রাকৃতিক গর্ভধারণের সুযোগ পাবেন। তবে, টিউব খোলা থাকা মানেই গর্ভধারণ নয়। আপনাকে নিয়মিত ডিম্বাণু উৎপাদন করতে হবে। আল্ট্রাসনোগ্রাফির মাধ্যমে ওভুলেশন মনিটরিং করলে এই তথ্য পাওয়া সম্ভব। এছাড়া আপনার স্বামীর বীর্য পরীক্ষা করান। যদি সমস্ত পরীক্ষার রিপোর্ট স্বাভাবিক সীমার মধ্যে থাকে, তবে আল্ট্রাসনোগ্রাফির মাধ্যমে পাওয়া ডিম্বাণু নিঃসরণের দিন এবং তার আশেপাশে আপনার যৌন মিলনের পরিকল্পনা করার চেষ্টা করুন। যদি অন্তত ৬ মাস যথাযথ পরীক্ষার পরেও স্বাভাবিক সীমার মধ্যে থাকা সত্ত্বেও আপনি গর্ভধারণ করতে ব্যর্থ হন, তবে আপনাকে কৃত্রিম প্রজনন প্রযুক্তির কথা বিবেচনা করতে হতে পারে, যার জন্য আপনার একজন বন্ধ্যাত্ব বিশেষজ্ঞের পরামর্শ নেওয়া উচিত। আমি নিশ্চিত, এটি আপনাকে প্রাথমিক বিস্তারিত নির্দেশনা দেবে। আরও বিস্তারিত পরামর্শের জন্য, আপনি এই ফোরামে আমাকে সরাসরি প্রশ্ন করতে পারেন।"
5216,"হেলো এবং নাসেনিয়া ডকে আপনাকে স্বাগতম। একটি পজিটিভ আরএ (RA) ফ্যাক্টর সবসময় রিউমাটয়েড আর্থ্রাইটিসের ইঙ্গিত দেয় না। তবে, রিউমাটয়েড আর্থ্রাইটিসের রোগীদের সবসময় পজিটিভ আরএ ফ্যাক্টর থাকে। তাই, রিউমাটয়েড আর্থ্রাইটিস নিয়ে চিন্তা করবেন না। আপনি যে ওষুধগুলো খাচ্ছেন তা চালিয়ে যান। আপনি কোন ওষুধটি প্রেসক্রাইব করেছেন এবং কী উদ্দেশ্যে তা স্পষ্ট নয়। ধন্যবাদ এবং ভালো থাকবেন, নাসেনিয়া ডক।"
877,"নাসেনিয়া ডকে আপনাকে স্বাগতম। ১. এই ক্ষেত্রে পিঠের ব্যথার কয়েকটি কারণ থাকতে পারে, যদি রোগীর চলাফেরা কম থাকে তবে অন্তর্নিহিত প্যারাফ্রেজের কারণে। ২. ডায়াবেটিস - যদি এটি অনিয়ন্ত্রিত থাকে। ৩. বয়সজনিত ক্ষয়জনিত পরিবর্তনও পিঠের ব্যথার কারণ হতে পারে। ডিস্ক এবং কর্ডের অবস্থা জানার জন্য আমি মেরুদণ্ডের এমআরআই (MRI) এবং হাড়ের পরিবর্তনের জন্য একটি প্লেইন রেডিওগ্রাম (এক্স-রে) করার পরামর্শ দেব। আশা করি এটি আপনাকে সাহায্য করবে। কিছু জিজ্ঞাসা করার আছে? দ্বিধা করবেন না। ধন্যবাদ।"
99051,"আপনার উদ্বেগগুলো আমি বুঝতে পেরেছি এবং আপনার বিস্তারিত তথ্যগুলো দেখেছি। আমি আপনাকে খুব বেশি চিন্তা না করার পরামর্শ দিচ্ছি। বুক ধড়ফড় করা (শোষণযোগ্য হৃদস্পন্দন) সমস্ত উদ্বেগজনিত ব্যাধিতে আক্রান্ত ব্যক্তিদের একটি সাধারণ বৈশিষ্ট্য। এটি ব্যাধির পরিবর্তে একটি আচ্ছন্নতা হিসেবে ঘটে। অনেক গবেষণা এবং গবেষক নিশ্চিত করেছেন যে শুধুমাত্র ওষুধ মানসিক ব্যাধি নিরাময় করতে পারে না। জীবনযাত্রার পরিবর্তন, চিন্তাধারার পরিবর্তন, শিথিলকরণ ইত্যাদি ওষুধের মতোই অপরিহার্য। সাইকোথেরাপি আপনাকে আপনার জীবনযাত্রা এবং চিন্তাধারা পরিবর্তন করতে সাহায্য করতে পারে। যোগব্যায়াম এবং ধ্যান আপনার বিপাক এবং স্নায়বিক ভারসাম্য ঠিক রাখতে সাহায্য করে। আরও তথ্যের জন্য অনুগ্রহ করে একজন মনোবিজ্ঞানীর সাথে পরামর্শ করুন। এই বিষয়ে যদি আপনার আরও সাহায্যের প্রয়োজন হয়, তবে অনুগ্রহ করে এই ইউআরএল-এ আমাকে সরাসরি প্রশ্ন করুন। http"
75550,"হেলো, নাসেনিয়া ডকের সাথে পরামর্শ করার জন্য আপনাকে স্বাগতম এবং ধন্যবাদ। আমি আপনার প্রশ্নটি দেখেছি, আপনি যেহেতু জিহ্বায় জ্বালাপোড়া, মুখে ধাতব স্বাদ এবং ঠোঁট অবশ হয়ে যাওয়ার কথা উল্লেখ করেছেন, তাই চিন্তার কিছু নেই। এটি গ্লসাইটিস বা প্যাপিলা ছিঁড়ে যাওয়ার কারণে হতে পারে, যা পুষ্টির অভাবের কারণেও হতে পারে। আপনি এক সপ্তাহের জন্য প্রতিদিন একটি ভিটামিন বি৬ ক্যাপসুল খেতে পারেন। নিয়মিত দিনে দুবার ক্লোরহেক্সিডিন মাউথওয়াশ দিয়ে ব্রাশ করে এবং টাং ক্লিনার ব্যবহার করে মুখের সঠিক স্বাস্থ্যবিধি বজায় রাখুন। যদি আপনি আরাম না পান, তবে একজন ডেন্টিস্টের সাথে পরামর্শ করুন এবং প্রয়োজনে ওরাল প্রফিল্যাক্সিস পরীক্ষা করান। আশা করি এটি আপনাকে সাহায্য করবে। আপনার সুস্বাস্থ্য কামনা করছি।"
72124,"হেলো প্রিয়, নাসেনিয়া ডক পরিবারে আপনাকে স্বাগতম। আমি আপনার উদ্বেগটি গভীরভাবে পর্যালোচনা করেছি। যৌন মিলনের পর যোনিপথে সংক্রমণের উদ্দীপনা খুব সাধারণ একটি বিষয়। দ্রুত সুস্থতার জন্য পরামর্শগুলো হলো: হালকা গরম পানিতে ভরা একটি টবে বসুন এবং দিনে ৩ বার ১০ মিলি অ্যান্টিসেপটিক ফ্লুইড যোগ করুন। আপনার ডাক্তারের পরামর্শ অনুযায়ী সাপোজিটরি ব্যবহার চালিয়ে যান। পরবর্তী ৩ সপ্তাহ যোনিপথে যৌন মিলন করা যাবে না। ঢিলেঢালা, পরিষ্কার সুতির অন্তর্বাস পরুন। অ্যান্টিবায়োটিকের মতো সিস্টেমিক অণু এবং অ্যান্টিফাঙ্গাল ওষুধ সরাসরি পরীক্ষা করা প্রয়োজন। আশা করি এটি আপনাকে নিশ্চিতভাবে সাহায্য করবে। যেকোনো প্রয়োজনে নির্দ্বিধায় আরও প্রশ্ন করতে পারেন। আমার উত্তর মূল্যায়নের জন্য ধন্যবাদ। শুভেচ্ছা প্রিয়।"
80510,"হেলো। প্রথমে আপনার সমস্ত পেশী ঠিক কাজ করছে কি না তা পরীক্ষা করুন, একইভাবে সমস্ত জয়েন্টের নড়াচড়াও পরীক্ষা করুন। আপনার পায়ের আঙুলের রঙও পরীক্ষা করুন। যদি এই সব রিপোর্ট স্বাভাবিক থাকে, তবে সম্ভাবনা রয়েছে যে আপনার গুরুতর কোনো ক্ষতি হয়নি। এরপর ক্ষতস্থানটি দেখুন - ভালোভাবে ধুয়ে ফেলুন - যদি এটি বড় হয় তবে মেরামতের জন্য জরুরি বিভাগে যান, যদি বড় কাটা না থাকে তবে ডাক্তারের সাথে কথা বলুন। প্রয়োজনে ব্যথানাশক ওষুধ সেবন করুন। যদি কোনো পর্যায়ে আপনি স্বাচ্ছন্দ্য বোধ না করেন, তবে জরুরি বিভাগে যান অথবা আপনার ডাক্তারের সাথে দেখা করুন।"
47374,"হেলো। আপনার অনুসন্ধানের জন্য ধন্যবাদ। হ্যাঁ, এটি তাপের ক্লান্তির কারণে হয়েছে বলে মনে হচ্ছে। শরীরের মূল তাপমাত্রা বেড়ে যাওয়ার কারণে সমস্ত সিস্টেম পরিবর্তিত প্রতিক্রিয়া দেখায়। হোমিওস্ট্যাসিস (এই ধরনের চ্যালেঞ্জের বিরুদ্ধে শরীরের ভারসাম্য বজায় রাখার স্বাভাবিক প্রক্রিয়া) ক্ষতিগ্রস্ত হয় এবং আপনি যা অনুভব করছেন তা ঘটে। এই ধরনের পরিস্থিতিতে মূল তাপমাত্রা কমানো অত্যন্ত গুরুত্বপূর্ণ এবং শুধুমাত্র লক্ষণভিত্তিক চিকিৎসাই পাওয়া যায়। হাইড্রেটেড থাকুন। নাসেনিয়া ডক।"
26276,"হেলো... নাসেনিয়া ডকে পরামর্শের জন্য আপনাকে ধন্যবাদ। আমার মনে হয় আপনার শিশুর অভ্যাসগত কোষ্ঠকাঠিন্য রয়েছে। আপনার জন্য আমার কিছু প্রশ্ন এবং পরামর্শ আছে। প্রশ্নসমূহ। প্রশ্নসমূহ। ১. আপনার শিশু কি জন্মের প্রথম দিনে মলত্যাগ করেছিল বা মেকোনিয়াম নির্গত হয়েছিল? ২. কতদিন ধরে শিশুর কোষ্ঠকাঠিন্য ছিল? ৩. বাচ্চার কি মল শক্ত হয়ে যাওয়ার সাথে কোনো রক্তপাত হয়েছিল? ৪. শিশু প্রতিদিন কত পরিমাণে দুধ পান করে? ৫. শিশু কি ফল ও শাকসবজি (ফাইবার ডায়েট) সঠিকভাবে খায়? আপনি নিচের লিঙ্কে উত্তরগুলো নিয়ে পুনরায় যোগাযোগ করতে পারেন - www.নাসেনিয়া ডক.com/doctors/ নাসেনিয়া ডক. কোষ্ঠকাঠিন্য দূর করার প্রাকৃতিক পদ্ধতিই সবচেয়ে ভালো। ২. কোষ্ঠকাঠিন্য ইউটিআই (UTI)-এর একটি ঝুঁকির কারণ। প্রতিদিন সর্বোচ্চ ৩০০-৪০০ মিলিলিটারের বেশি দুধ খাওয়া উচিত নয়। প্রতিদিন অন্তত ৩-৪ কাপ ফল ও শাকসবজি খাওয়া উচিত। ৫. টয়লেট ট্রেনিং- অর্থাৎ প্রতিদিন একই সময়ে ভারতীয় ল্যাভেটরিতে বসা অনেক সাহায্য করবে। আশা করি আমার উত্তরটি আপনার জন্য সহায়ক ছিল। আমি যেকোনো সময় সাহায্য করতে পেরে খুশি। নাসেনিয়া ডকে আরও স্পষ্টীকরণ এবং পরামর্শের জন্য স্বাগত। যদি আপনার আর কোনো প্রশ্ন না থাকে, তবে আপনি আলোচনাটি বন্ধ করতে পারেন এবং উত্তরটিকে রেটিং দিতে পারেন। আপনার শিশুর সুস্বাস্থ্য কামনা করি।"
43925,"১. নিতম্বের ব্যথার সাথে সম্পর্কিত সমস্ত উপসর্গের তীব্রতা, স্থায়িত্ব, অবস্থান, উত্তেজক বা উপশমকারী কারণের ওপর ভিত্তি করে মূল্যায়ন করা উচিত। ২. হার্নিয়েটেড ডিস্ক, সায়াটিকার উপস্থিতি বা অনুপস্থিতির কারণে কারণটি সঠিকভাবে শনাক্ত করার জন্য একজন অর্থোপেডিক বিশেষজ্ঞের পরামর্শ নেওয়া অত্যন্ত জরুরি। যেহেতু আপনার শারীরিক অবস্থা নির্ণয় এবং চিকিৎসার জন্য শারীরিক পরীক্ষার প্রয়োজন হবে, তাই ব্যথা অব্যাহত থাকলে অ্যাপয়েন্টমেন্টের সময় নির্ধারণ করা অত্যন্ত বাঞ্ছনীয়। ১. ১ মাস ধরে প্রতিদিন ২ টেবিল চামচ তুলসীর রস, ৪ টেবিল চামচ আদার রস, ৪ টেবিল চামচ মধু খান। ২. স্থানীয়ভাবে ম্যাসাজের জন্য অলিভ অয়েল জৈন টেল ব্যবহার করুন। ৩. বেগুনের স্যুপ তৈরি করে রেড়ির তেলে ভেজে নিন।"
90634,"হেলো প্রিয়, আপনার গর্ভাবস্থা কীভাবে এবং কার দ্বারা নির্ণয় করা হয়েছিল? যদি এটি নিশ্চিত গর্ভাবস্থা হয়, তবে আপনি এই রক্তপাতকে হালকাভাবে নিতে পারবেন না। গর্ভাবস্থার যেকোনো পর্যায়ে যেকোনো পরিমাণ রক্তপাত উদ্বেগের বিষয়, এটি ভালো লক্ষণ নয়। ইমপ্লান্টেশন ব্লিডিং কখনোই এত ভারী হয় না এবং তাছাড়া, গর্ভাবস্থার জন্য হুমকি হতে পারে এমন অন্যান্য কারণগুলো বাদ দেওয়ার পরেই কেবল এটিকে ইমপ্লান্টেশন ব্লিডিং হিসেবে চিহ্নিত করা উচিত। সৌভাগ্যবশত, আপনার কোনো ব্যথা নেই। তাই এমনকি যদি এটি গর্ভপাতের ঝুঁকিও তৈরি করে, তবে তা প্রজেস্টেরনের মাধ্যমে নিয়ন্ত্রণ করা সম্ভব। এই ধরনের রক্তপাতের আরেকটি সম্ভাব্য কারণ হতে পারে মোলার প্রেগন্যান্সি, যা চ্যাট ডাক্তারের পরামর্শ এবং/অথবা আল্ট্রাসনোগ্রাফির মাধ্যমে নির্ণয় করা সম্ভব। জরায়ুমুখের যেকোনো ক্ষতও রক্তপাতের কারণ হতে পারে, তবে এটি এত ভারী এবং দীর্ঘস্থায়ী রক্তপাত হবে না। অনুগ্রহ করে নিজেকে বিছানায় সীমাবদ্ধ রাখুন, স্যানিটারি ন্যাপকিন ব্যবহার করুন এবং ডাক্তারের সাথে দেখা করার জন্য সেগুলো সংরক্ষণ করুন। আমি আপনাকে পরামর্শ দিচ্ছি যে, আপনার নির্ধারিত অ্যাপয়েন্টমেন্টের জন্য অপেক্ষা করবেন না এবং পরবর্তী সপ্তাহে একজন স্ত্রীরোগ বিশেষজ্ঞের সাথে যোগাযোগ করুন যাতে সঠিক রোগ নির্ণয় এবং গর্ভাবস্থা বাঁচানোর জন্য উপযুক্ত চিকিৎসা নেওয়া যায়। আশা করি এটি আপনাকে সাহায্য করবে।"
103466,"হেলো প্রিয়, নাসেনিয়া ডকে আপনাকে স্বাগতম। আপনার উদ্বেগটি বুঝতে পারছি। আপনার প্রশ্ন অনুযায়ী, আপনার গোড়ালিতে ফোলাভাব রয়েছে। আপনার উল্লিখিত লক্ষণগুলোর পেছনে পেরিফেরাল নিউরোপ্যাথি, উচ্চ রক্তচাপ, গেঁটে বাত, কিডনি রোগ, ডিভিটি (DVT) বা ভেনাস ইনসাফিসিয়েন্সির মতো অনেক কারণ থাকতে পারে। তবে আপনার ক্ষেত্রে লক্ষণগুলো সম্ভবত ফ্র্যাকচার, হেমাটোমা বা নরম কলার আঘাতের কারণে হচ্ছে। আমি আপনাকে সঠিক পরীক্ষার জন্য একজন অর্থোপেডিক সার্জনের সাথে পরামর্শ করার পরামর্শ দেব। ডাক্তার সিটি স্ক্যান বা এক্স-রে এবং রক্ত পরীক্ষা ও প্রস্রাব পরীক্ষার পরামর্শ দিতে পারেন। ডাক্তার প্লাস্টার দিতে পারেন, ফিজিওথেরাপি বা নাসেনিয়া ডকের পরামর্শ দিতে পারেন। আপাতত প্রতিদিন ১৫ মিনিট ইপসম লবণ মেশানো গরম পানিতে পা ডুবিয়ে রাখুন এবং শুয়ে থাকার সময় পা উঁচুতে রাখুন। ডাক্তার অ্যালোপিউরিনলও লিখে দিতে পারেন। আশা করি আপনার সমস্যার সমাধান হয়েছে। দ্রুত সুস্থ হয়ে উঠুন। শুভকামনা।"
3919,"হেলো, নাসেনিয়া ডকের সাথে পরামর্শ করার জন্য আপনাকে স্বাগতম এবং ধন্যবাদ। আমি আপনার প্রশ্নটি দেখেছি, দাঁতের ক্ষয়ের কারণে আপনার দাঁতে ব্যথা হচ্ছে, তাই চিন্তা করবেন না কারণ আপনি ওষুধ চাইছেন। হ্যাঁ, এটি আপনার জন্য সঠিক এবং ব্যথার জন্য আপনি এক সপ্তাহের জন্য দিনে দুবার ইউজিনিক প্লাস ট্যাবলেটের মতো ব্যথানাশক ওষুধ খেতে পারেন। আশা করি এটি আপনাকে সাহায্য করবে। আপনার দিনটি ভালো কাটুক।"
87856,"হেলো প্রিয়, আমি আপনার উদ্বেগ বুঝতে পারছি। আমার মতে হাইপারথাইরয়েডিজমের কারণে অতিরিক্ত রক্তপাত এবং অনিয়মিত পিরিয়ড হতে পারে। অনিয়মিত পিরিয়ড বন্ধ্যাত্বের দিকে নিয়ে যায়। থাইরয়েডের সমস্যা বন্ধ্যাত্বের অন্যতম কারণ। এছাড়া, জরায়ুর কোনো অস্বাভাবিকতা যেমন ফাইব্রয়েড আছে কিনা তা নিশ্চিত করার জন্য আমি আপনাকে একটি আল্ট্রাসাউন্ড করার পরামর্শ দিচ্ছি। থাইরয়েডের অস্বাভাবিকতার কারণে অনিয়মিত এবং অতিরিক্ত রক্তপাত হয়। তাই অনুগ্রহ করে একজন ডাক্তারের সাথে দেখা করুন এবং হাইপারথাইরয়েডিজমের জন্য অ্যান্টিথাইরয়েড ওষুধ সেবন করুন। থাইরয়েড নিয়ন্ত্রণে এলে গর্ভধারণের সম্ভাবনা বেড়ে যায়। চিন্তার কিছু নেই। শান্ত থাকুন। এটি একটি নিরাময়যোগ্য অবস্থা। আশা করি এটি আপনাকে সাহায্য করবে। শুভেচ্ছা রইল।"
25224,"হেলো, নাসেনিয়া ডকে পোস্ট করার জন্য আপনাকে ধন্যবাদ। যেকোনো ব্যক্তির গায়ের রঙের দুটি উপাদান থাকে, একটি হলো গঠনগত, যা বংশগতি এবং জাতিগত কারণ দ্বারা পূর্বনির্ধারিত এবং সাধারণত কোনো চিকিৎসার মাধ্যমে পরিবর্তন করা যায় না। অন্য উপাদানটি হলো বাহ্যিক কারণ যেমন পরিবেশের প্রভাব, সূর্যালোক, প্রসাধনীর ব্যবহার ইত্যাদির কারণে হয় এবং এটি চিকিৎসার মাধ্যমে পরিবর্তনযোগ্য। আপনি কেমিক্যাল পিল নিতে পারেন, যা ত্বকের উপরের মৃত স্তরগুলোকে অপসারণ করে এবং কোলাজেন পুনর্গঠনকে উদ্দীপিত করে, যার ফলে ত্বকের নতুন স্তর তৈরি হয়। ত্বকের ধরন এবং প্রয়োজনীয়তা অনুযায়ী কেমিক্যাল পিলের অনেক বিকল্প রয়েছে (গ্লাইকোলিক পিল, রেটিনল পিল, ককটেল পিল ইত্যাদি)। এছাড়া, কেমিক্যাল পিলিংয়ের আগে মাইক্রোডার্মাব্রেশন বা সাধারণত স্কিন পলিশিং নামক একটি সাধারণ পদ্ধতি ব্যবহার করা যেতে পারে, যা ফলাফলকে আরও উন্নত করে। বাড়িতে আপনি কোজিক অ্যাসিডযুক্ত ক্রিম ব্যবহার করে দেখতে পারেন। রোদে বের হওয়ার আগে সবসময় ব্রড স্পেকট্রাম সানস্ক্রিন ব্যবহার করুন। স্বাস্থ্যকর এবং আর্দ্র ত্বকের জন্য প্রতিদিন ডিটেইল ডিএএম-এর মতো সাধারণ ময়েশ্চারাইজার ব্যবহার করুন।"
92736,"হেলো, এখানে সিস্টোলিক হার্ট ডিজিজের মতো কোনো বিষয় নেই, আমার মনে হয় আপনি সিস্টোলিক হার্ট ডিজিজ বলতে সিস্টোলিক হাইপারটেনশনকে বুঝিয়েছেন। দেখুন, সিস্টোলিক হাইপারটেনশনের একটি শ্রেণিবিন্যাস রয়েছে। যদি এটি গ্রেড ১ হয়, অর্থাৎ তার রক্তচাপ ১৪০ থেকে ১৫৯ মিমি এইচজি-এর মধ্যে থাকে, তবে জীবনযাত্রার পরিবর্তন খুব উপকারী হতে পারে। তাকে সপ্তাহে অন্তত ৪৫ দিন কঠোর ব্যায়াম এড়িয়ে চলতে বলুন। মাখন, স্যাচুরেটেড ফ্যাট এবং ফাস্ট ফুডের পরিবর্তে প্রাকৃতিক নিরামিষ খাবার খাওয়ার চেষ্টা করুন। প্রতিদিন লবণের পরিমাণ ২ থেকে ৩ গ্রামের মধ্যে সীমাবদ্ধ রাখুন। হাই, নাসেনিয়া ডক।"
42433,"হেলো। আপনার অনুসন্ধানের জন্য ধন্যবাদ। আপনার ইতিহাস পড়েছি এবং সমস্যাটি বুঝতে পেরেছি। মুখের তালুতে ক্রমবর্ধমান ফোলাভাবটি আগে থেকেই বিদ্যমান অ্যাডেনয়েড অ্যাবসেস বা ছোট লালা গ্রন্থির সিস্ট হতে পারে। আমি আপনাকে নিম্নলিখিত পরামর্শ দিচ্ছি যা অনুসরণ করার পরামর্শ দিচ্ছি। -প্রথমত, এটি দিয়ে খোঁচাবেন না বা খোঁচাবেন না কারণ এটি সেকেন্ডারি ইনফেকশন তৈরি করতে পারে এবং আরও সমস্যার সৃষ্টি করতে পারে। -যথাযথ ক্লিনিকাল রোগ নির্ণয়ের জন্য যত দ্রুত সম্ভব একজন ইএনটি (ENT) বা ওরাল সার্জনের সাথে পরামর্শ করুন। -রক্ত, প্রস্রাব এবং মলের পরিমাণ এবং অন্যান্য প্রাসঙ্গিক পরীক্ষা দেখার জন্য ওই এলাকার সিটি স্ক্যান করান। - দ্রুত সুস্থতার জন্য অস্ত্রোপচার করান।"
63434,"হেলো, নাসেনিয়া ডকের সাথে যোগাযোগ করার জন্য ধন্যবাদ। আপনার স্ত্রীর কোলেসিস্টেক্টমির পর ব্যথা হচ্ছে। এটি পার্শ্ববর্তী এলাকায় পিত্ত নিঃসরণের কারণে হতে পারে, যার ফলে ব্যথা হচ্ছে। কখনও কখনও এই ধরনের ব্যথা কয়েক মাস পর্যন্ত থাকতে পারে। আপনার স্ত্রীর বিটা থ্যালাসেমিয়া মাইনর, যা জন্মগত হিমোগ্লোবিনোপ্যাথি। সাধারণত এর কোনো উপসর্গ থাকে না, তবে যদি কোনো কারণে হিমোলাইসিস হয়ে থাকে, তবে এরিথ্রোপোয়েটিন হিসেবে হেপাটোমেগালি হতে পারে। কম চর্বিযুক্ত খাবার খান। বেশি করে ফল খান। ভাজা এবং জাঙ্ক ফুড এড়িয়ে চলুন। নিজের যত্ন নেবেন।"
19890,"হেলো, প্রশ্নটি পোস্ট করার জন্য ধন্যবাদ। দাঁত ব্রাশ করার সময় রক্তপাত মাড়ির প্রদাহের কারণে হতে পারে, যাকে জিঞ্জিভাইটিস বলা হয়। এটি মুখের সঠিক পরিচ্ছন্নতার অভাব, পুষ্টির অভাব বা হরমোনের পরিবর্তনের কারণে হতে পারে। আমি আপনাকে একজন ডেন্টিস্টের সাথে পরামর্শ করার এবং সম্পূর্ণ মুখের স্কেলিং ও পলিশ করানোর পরামর্শ দেব। বাড়িতে হালকা গরম লবণ পানি এবং অ্যান্টিসেপটিক মাউথওয়াশ দিয়ে কুলকুচি করুন। একটি নরম ব্রিসলযুক্ত টুথব্রাশ ব্যবহার করুন এবং দিনে দুবার ছোট বৃত্তাকার গতিতে দাঁত ব্রাশ করুন। মাল্টিভিটামিন সাপ্লিমেন্ট গ্রহণ করুন। লেবু, কমলার মতো ভিটামিন সি সমৃদ্ধ প্রচুর পরিমাণে তরল পান করুন। নিজের যত্ন নিন!"
37996,"হেলো, আমি আপনার প্রশ্নটি দেখেছি এবং আপনার উদ্বেগগুলো বুঝতে পেরেছি। প্রথমত, এত অল্প বয়সে এবং এই উদ্দেশ্যে স্টেরয়েড গ্রহণ করা অবশ্যই যুক্তিসঙ্গত নয়। আপনার স্বাস্থ্যের জন্য আইআরটি (Irt)-এর মারাত্মক পার্শ্বপ্রতিক্রিয়া এবং নেতিবাচক প্রভাব থাকতে পারে। দ্বিতীয়ত, এটি পেশী বৃদ্ধির জন্য মোটেও কার্যকর নাও হতে পারে এবং এর মাত্রা বাড়াতে কয়েক সপ্তাহ সময় লাগতে পারে। আমি পেশী তৈরির জন্য প্রাকৃতিক পদ্ধতি ব্যবহার করার এবং এই ধরনের পদ্ধতি ও স্টেরয়েড এড়িয়ে চলার পরামর্শ দিচ্ছি, কারণ এগুলো প্রয়োজনীয় নয়। আশা করি এটি আপনার প্রশ্নের উত্তর দিয়েছে। আপনার যদি আরও কোনো প্রশ্ন বা ফলো-আপ জিজ্ঞাসা থাকে, তবে আমাদের লিখতে দ্বিধা করবেন না। আমি আপনার প্রশ্নের উত্তর দিতে পেরে খুশি হব। আপনার সুস্বাস্থ্য কামনা করছি।"
6812,"হেলো প্রিয়, আমি আপনার উদ্বেগ বুঝতে পারছি। আমার মতে গর্ভাবস্থায় রক্তপাত, স্পটিং বা বাদামী রঙের স্রাবের বিভিন্ন কারণ থাকতে পারে, যেমন - ১) থাইরয়েডের সমস্যা। ২) প্রজেস্টেরনের ঘাটতি। ৩) গর্ভপাত বা একটোপিক প্রেগন্যান্সির মতো অস্বাভাবিক গর্ভাবস্থা। ৪) জরায়ুমুখ থেকে রক্তপাত ইত্যাদি। তাই শারীরিক পরীক্ষা এবং প্রয়োজনীয় পরীক্ষার মাধ্যমে উপরের সমস্ত কারণগুলো নিশ্চিত হওয়া উচিত। বাদামী রঙের স্রাব মিউকাসের সাথে রক্ত মিশ্রিত হওয়ার কারণে হয়। আমি জেনে খুশি হলাম যে আল্ট্রাসাউন্ড স্বাভাবিক এবং সমস্ত সম্ভাব্য কারণগুলো বাদ দেওয়া হয়েছে। কিছু ক্ষেত্রে চিন্তা করবেন না, যদিও বাদামী রঙের স্রাবের উপস্থিতিসহ সবকিছু স্বাভাবিক থাকবে এবং গর্ভাবস্থার মেয়াদ পর্যন্ত ভালো ফলাফল দেবে। নিশ্চিন্ত থাকুন। শারীরিক পরিশ্রম এবং যৌন মিলন এড়িয়ে চলুন। ফলিক অ্যাসিড এবং প্রজেস্টেরন সাপ্লিমেন্ট গ্রহণ করুন। রক্তপাত কতদিন স্থায়ী হতে পারে তা নিশ্চিতভাবে বলা সম্ভব নাও হতে পারে। তবে চিন্তার কিছু নেই। এটি নিজে থেকেই কমে যাবে। শক্ত মলের সাথে রক্ত যাওয়া পায়ুপথের ফিশার বা পাইলসের কারণে হতে পারে। তাই প্রতিদিন ৩ লিটার তরল, উচ্চ ফাইবারযুক্ত খাবার এবং প্রয়োজনে ল্যাক্সেটিভ গ্রহণ করে কোষ্ঠকাঠিন্য প্রতিরোধ করুন। কোষ্ঠকাঠিন্যের চিকিৎসা করা হলে রক্তপাত কমে যাবে। গর্ভাবস্থার ক্ষেত্রে কোষ্ঠকাঠিন্য একটি সাধারণ সমস্যা। তাই মানসিক চাপ এড়িয়ে চলুন। আশা করি এটি আপনাকে সাহায্য করবে। শুভেচ্ছা রইল।"
36888,"হেলো। নাভির সামান্য নড়াচড়া নির্দেশ করে যে আপনার ডায়াস্টেস রেক্টাসসহ আম্বিলিক্যাল হার্নিয়া রয়েছে। এটি নির্দেশ করে যে আপনাকে একজন জেনারেল সার্জনের মাধ্যমে পুনরায় পরীক্ষা করানো হবে, রোগ নির্ণয় করা হবে এবং প্রয়োজনে আম্বিলিক্যাল হার্নিয়া অস্ত্রোপচারের মাধ্যমে সংশোধন করা হবে। শুধুমাত্র অস্ত্রোপচারই এই ধরনের ব্যথা ঠিক করতে পারে, ততক্ষণ পর্যন্ত আপনার অবস্থার জন্য প্রয়োজনীয় পেটের প্রাচীরের ব্যায়াম করার জন্য আপনি একজন ফিজিওথেরাপিস্টের পরামর্শ নিতে পারেন।"
81720,"হেলো, নাসেনিয়া ডকে আপনাকে স্বাগতম। যেহেতু আপনার গত কয়েক মাস ধরে জ্বর রয়েছে, তাই এটি অজানা কারণে জ্বর (DUO) হতে পারে, যা জ্বরের কারণ খুঁজে বের করার জন্য পুঙ্খানুপুঙ্খভাবে মূল্যায়ন করা প্রয়োজন। যেহেতু আপনার জ্বর গত কয়েক মাস ধরে চলছে, তাই জ্বরের কারণ নির্ণয়ের জন্য সমস্ত প্রাসঙ্গিক পরীক্ষা করা উচিত। যেহেতু আপনার ডাক্তার জ্বর কমানোর জন্য প্যারাসিটামল দিয়েছেন, তাই এটি নাসেনিয়া ডক। পরীক্ষার মাধ্যমে সংক্রমণের উৎস খুঁজে বের করা উচিত। যেহেতু গত কয়েক মাস ধরে জ্বর আছে, তাই এটি টাইফয়েড কি না তা নিশ্চিত করার জন্য আপনার মল এবং প্রস্রাব কালচার পরীক্ষা করা প্রয়োজন। এমন অনেক শারীরিক অবস্থা আছে যা এক মাসের বেশি সময় ধরে জ্বর সৃষ্টি করতে পারে, যা পুঙ্খানুপুঙ্খভাবে মূল্যায়ন করা প্রয়োজন। ধন্যবাদ।"
9673,"প্রিয় ভাই, এই ধরনের মেজাজের পরিবর্তন এবং একাকীত্ব ও কষ্টের জন্য আপনাকে দোষারোপ করার ঘটনাটি ""ভাই-ভাই চ্যালেঞ্জ""-এর ধ্রুপদী লক্ষণ, যা তার অন্তর থেকে উৎপন্ন হয়। প্রকৃতপক্ষে, বড় সন্তান এক ধরনের নিরাপত্তাহীনতা অনুভব করে, যখন দ্বিতীয় সন্তান জন্ম নেয় কারণ সমস্ত মনোযোগ নবজাতকের দিকে চলে যায়, যা প্রথম সন্তানের বোঝার বাইরে। এই প্রেক্ষাপটে, শিশু (আপনার বোন) মনে করেছিল যে আপনার উপস্থিতিতে তার বাবা-মা তাকে এড়িয়ে যাচ্ছেন, যা তার মনের মধ্যে আঘাত করছে। প্রথম সন্তানের অভ্যন্তরীণ মন সেই পর্যায়ে এতটা বিকশিত হয় না এবং মূল ঘটনাটিকে যুক্তি বা যৌক্তিক করার আশা করা হয় না। এটি এড়ানো যেত, যদি তাকে পর্যাপ্ত মনোযোগ, যত্ন এবং আপনার সমস্ত জন্ম ও বৃদ্ধির মাঝে তার বাবা-মায়ের নিঃশর্ত ভালোবাসা দেওয়া হতো। অজান্তেই, সে আপনার প্রতি তার রাগ সরিয়ে ফেলেছে, যা মূলত নির্দোষ বাবা-মায়ের প্রতি ছিল। বড় বোন, তার বৃদ্ধির মাধ্যমে সেই ভালোবাসা, যত্ন, মনোযোগ, বস্তু, ঘটনা ইত্যাদি উপভোগ করে এবং তার অভ্যন্তরীণ জগতে তার আত্মবিশ্বাস নিশ্চিত করে। এগুলোই তার জন্ম থেকে শুরু হওয়া অজ্ঞান প্রক্রিয়া। আশ্রয়হীন আবেগ থেকে উদ্ভূত দীর্ঘস্থায়ী চিন্তাই তার মেজাজের এই পরিবর্তনের কারণ। যা হয়েছে। চিন্তার কিছু নেই। সবকিছু ঠিক হয়ে যাবে। হস্তক্ষেপের জন্য এবং মেজাজের পরিবর্তনের জন্য তাকে একজন মনোবিজ্ঞানীর কাছে নিয়ে যান, একজন মনোরোগ বিশেষজ্ঞ অল্প সময়ের জন্য কার্যকরভাবে কিছু ওষুধ দিতে পারেন। মনস্তাত্ত্বিক পরামর্শ এবং নিঃশর্ত পারিবারিক সমর্থন তার মনকে বাস্তবতার সাথে মানিয়ে নিতে সাহায্য করবে এবং সে একটি শান্তিপূর্ণ জীবনযাপন করতে পারবে। আপনার আরও কোনো স্পষ্টীকরণের প্রয়োজন হলে, আপনি সরাসরি আমার সাথে যোগাযোগ করতে পারেন কিনা তা পরীক্ষা করে দেখুন। আমি ইরোড, তামিলনাড়ু থেকে"
69939,"নাসেনিয়া ডকে আপনার প্রশ্নের জন্য ধন্যবাদ। আপনার ইতিহাস এবং বর্ণনা অনুযায়ী, আমার মতে আপনার বাবার কনজেস্টিভ হার্ট ফেইলিওর হয়েছে। এই অবস্থায় হৃদপিণ্ড সঠিকভাবে তরল পাম্প করতে পারে না। তাই পিঠের চাপের কারণে শরীরের নির্ভরশীল অংশ যেমন পা, পেট, ফুসফুস ইত্যাদিতে তরল জমা হয়। তাই তার শ্বাসকষ্ট এবং ফুসফুসের চারপাশে তরল জমা ফুসফুসের এডিমা এবং হার্ট ফেইলিউরের ইঙ্গিত দেয়। স্ট্রেস টেস্টের মাধ্যমে এটি নিশ্চিত করা হয়। তাই একজন হৃদরোগ বিশেষজ্ঞের সাথে পরামর্শ করা এবং ডাইইউরেটিক্স ও কার্ডিয়াক আইসোট্রপিক ওষুধ সেবন করা ভালো। ডাইইউরেটিক্স প্রস্রাবের পরিমাণ বাড়াবে এবং তরলের পরিমাণ কমাবে। আইসোট্রপিক"
24471,"আপনার অনুসন্ধানের জন্য ধন্যবাদ, আমি আপনার অনুসন্ধানটি দেখেছি। দাঁতের মাঝখানের অংশটি মাড়ির সংক্রমণের কারণে সহায়ক হাড়ের ক্ষতির কারণে হতে পারে। অন্য একটি সম্ভাব্য কারণ হতে পারে দুটি দাঁতের মাঝখানে ফিলিং বা ভাঙা ফিলিং বা ক্ষয়। একজন ওরাল ফিজিশিয়ানের সাথে পরামর্শ করুন এবং এটি পরীক্ষা করান। হাড়ের ক্ষয় এবং দাঁতের সংক্রমণ আছে কিনা তা নিশ্চিত করার জন্য আপনাকে একটি রেডিওগ্রাফ (এক্স-রে) করাতে হবে। যদি এটি মাড়ির সংক্রমণ হয়, তবে আপনাকে দাঁত পরিষ্কার করতে হবে (স্ক্যাপিং এবং রুট প্ল্যানিং সহ)। যদি দাঁতে সংক্রমণ থাকে, তবে আরসিটি (RCT) এবং ক্রাউন দিয়ে চিকিৎসা করতে হবে। আশা করি আমার উত্তরটি আপনাকে সাহায্য করবে, ভালো থাকবেন।"
78640,"হেলো, সংক্ষিপ্ত ইতিহাস প্রদানের জন্য আপনাকে ধন্যবাদ। ইতিহাস থেকে আমি বুঝতে পারছি যে ব্যথার দুটি সংমিশ্রণজনিত কারণ রয়েছে। বার্ধক্য এবং অতীতের অসুস্থতা। এখন নাসেনিয়া ডকের সাথে কথা বলুন। এর সাথে অতীতের অসুস্থতার প্রভাবও থাকতে পারে। যেহেতু উভয়ই একসাথে কাজ করছে, তাই ব্যথার মাত্রা বেশি। ধরা যাক, ডব্লিউএএস (WAS) স্কেলে এটি ৫-৮ এর মধ্যে থাকে। এখন হট প্যাক সাহায্য করে কারণ এটি রক্ত সঞ্চালন উন্নত করে এবং আরামদায়ক অনুভূতি প্রদান করে। আমি আপনাকে হট প্যাক এবং ওষুধের পাশাপাশি কিছু মৌলিক শক্তি কন্ডিশনার ব্যায়াম করার পরামর্শ দেব। আমার ক্লিনিকাল অনুশীলনে এই দুটির সংমিশ্রণ ভালো ফলাফল দিচ্ছে। শুভেচ্ছা, জে ইন।"
25259,"হেলো হেলথ কেয়ার ইউজার, পা ভেঙে গেলে ব্যথা হওয়া সম্পূর্ণ স্বাভাবিক। অস্থায়ী কাস্টে হাঁটা উচিত নয়। আপনি যদি হাঁটা চালিয়ে যান বা পা নিচু করে রাখেন, তবে ফোলাভাব বাড়বে এবং এর ফলে ঝিঁঝিঁ ধরা ও অসাড়তা হতে পারে। আমি আপনাকে বালিশের ওপর পা উঁচু করে রাখার পরামর্শ দেব। এতে ফোলাভাব কমে যাবে এবং স্বয়ংক্রিয়ভাবে ঝিঁঝিঁ ধরা ও অসাড়তা কমে যাবে। ব্যথাও কমে যাবে। প্লাস্টারটি খুব টাইট কি না তা পরীক্ষা করে দেখুন... যদি তাই হয়, তবে আপনাকে অবিলম্বে আমাদের ডাক্তারের সাথে পরামর্শ করতে হবে... ধন্যবাদ।"
78723,"নাসেনিয়া ডকে আপনার প্রশ্নের জন্য ধন্যবাদ। আমার মতে এটি ডিসপ্লাসিয়া। এটি হিস্টোপ্যাথলজিক্যাল শব্দ। সাধারণ কোষগুলোতে সফটোপ্লাসিয়া দেখা যায়। এর অর্থ হলো স্বাভাবিক বিভাজন, স্বাভাবিক নিউক্লিয়াস এবং সাইটোপ্লাজম। কিন্তু কোষগুলো যখন ম্যালিগন্যান্ট হয়ে ওঠে, তখন তারা অস্বাভাবিক বিভাজন এবং অনিয়মিত সীমানাসহ হিউ নিউক্লিয়াস সাইটোপ্লাজমিক অনুপাত প্রদর্শন করে। একে ডিসপ্লাসিয়া বলা হয়। আর এটি থাকলে তা ম্যালিগন্যান্সি নির্দেশ করে। তাই এই রিপোর্ট অনুযায়ী আপনার রেকটাল ক্যান্সার হয়েছে।"
85295,"হেলো, আপনার অনুসন্ধানের জন্য ধন্যবাদ। আমি সত্যিই অবাক হয়েছি যে আপনি অ্যাকিউট রেনাল ফেইলিওরে ভুগছেন এবং এক সপ্তাহ পর আল্ট্রাসাউন্ড স্ক্যানের জন্য অ্যাপয়েন্টমেন্ট নিয়েছেন। কারণ একিউট রেনাল ফেইলিওর একটি ধারাবাহিক প্রক্রিয়া এবং পিটি হাসপাতালে ভর্তি হয়ে জরুরি ভিত্তিতে চিকিৎসা করা হয়। একিউট রেনাল ফেইলিওর এমন একটি অবস্থা যেখানে রোগী ২৪ ঘণ্টায় ৫০ মিলিলিটারের বেশি প্রস্রাব করতে পারেন না এবং সিরাম ক্রিয়েটিনিনের মাত্রা ১০ মিলিগ্রামের বেশি বেড়ে যায়, যা বমির কারণ হয়। আপনার কি এই লক্ষণগুলো আছে? যদি আপনার এই লক্ষণগুলো না থাকে, তবে এটি দীর্ঘস্থায়ী রেনাল ফেইলিওর হতে পারে। অনুগ্রহ করে আপনার রক্তে ইউরিয়া এবং সিরাম ক্রিয়েটিনিনের মাত্রা পরীক্ষা করুন এবং রোগ নির্ণয়ের জন্য একজন নেফ্রোলজিস্টের পরামর্শ নিন এবং পরবর্তী চিকিৎসা নিন।"
36035,"হেলো, আপনার সংক্ষিপ্ত ইতিহাস প্রদানের জন্য ধন্যবাদ। একটি পুঙ্খানুপুঙ্খ মাস্কুলোস্কেলিটাল মূল্যায়ন করার পরামর্শ দেওয়া হচ্ছে। আপনি যেমনটি উল্লেখ করেছেন, অস্ত্রোপচারের পর আপনাকে ফিজিওথেরাপি নেওয়ার পরামর্শ দেওয়া হয়েছিল, যাতে ক্ষত টিস্যু আলগা করা যায় এবং কাঁধের জয়েন্টের গতিশীলতা পুনরুদ্ধারের জন্য পেশীগুলোকে শক্তিশালী করা যায়। আমি আপনাকে ফিজিওথেরাপি নেওয়ার পরামর্শ দেব, কারণ থেরাপিউটিক আল্ট্রাসাউন্ড থেরাপি এবং ব্যায়ামের মাধ্যমে ব্যথা, ফোলাভাব এবং পেশীর দুর্বলতা সবই সেরে যাবে। আমার ক্লিনিকাল অনুশীলনে, এমনকি রোটেটর কাফ ইনজুরির ক্ষেত্রেও, আমরা এমআরআই-এর পরে বিকল্প হিসেবে ফিজিওথেরাপি গ্রহণ করি এবং যদি ফিজিওথেরাপির মাধ্যমে রোগীর গতিশীলতা ফিরে পাওয়া যায়, তবে আমরা তা সম্পন্ন করি এবং ব্যক্তিগতভাবে আমি ব্যক্তিগতভাবে তাদের কাঁধের নড়াচড়ায় কোনো ব্যথা বা ব্যথা ছাড়াই ৯৯% সাফল্য পেয়েছি। শুভেচ্ছা, জে, ইন নাসেনিয়া ডক।"
66729,"নাসেনিয়া ডকে আপনার প্রশ্নের জন্য ধন্যবাদ। আমি আপনার প্রশ্নটি দেখেছি এবং আপনার উদ্বেগ বুঝতে পেরেছি। আমি আমার ক্লিনিকে একই ধরনের রোগী দেখি। প্রথম সাক্ষাতে, আমি তাদের ফুসফুসের আকাঙ্ক্ষা নিয়ে চিন্তা না করার পরামর্শ দিই এবং ১ সপ্তাহ পর পুনরায় দেখা করার পরামর্শ দিই। যদি তাদের ফুসফুসে কোনো কিছু আটকে থাকার মতো একই অনুভূতি থাকে, তবে ফুসফুসে কোনো বহিরাগত বস্তু আটকে আছে কি না তা নিশ্চিত করার জন্য আমি তাদের ব্রঙ্কোস্কোপিক মূল্যায়নের পরামর্শ দিই। তাই আপনি আপনার ডাক্তারের সাথে এ বিষয়ে আলোচনা করতে পারেন।"
73725,"হেলো, ৪৩ বছর বয়সে পিঠের ব্যথার সবচেয়ে সাধারণ কারণ হলো ডিজেনারেটিভ পরিবর্তন (অস্টিওআর্থ্রাইটিস) এবং ক্যালসিয়ামের অভাব। এটি সাধারণত মেনোপজের সাথে সম্পর্কিত। আমি জানতে চাই আপনার মাসিক চক্র স্বাভাবিক কি না বা মেনোপজের অন্য কোনো লক্ষণ আছে কি না। যদিও ক্লিনিকাল পরীক্ষা ছাড়া আমি কারণটি অনুমান করতে পারছি না, তবে আমার বাজি হলো দুটি অবস্থার মধ্যে যেকোনো একটি। আমি আপনাকে একজন অর্থোপেডিক বিশেষজ্ঞের সাথে দেখা করার পরামর্শ দিচ্ছি। পিঠের এক্স-রে বা মেরুদণ্ডের সিটি/এমআরআই স্ক্যানসহ সতর্কতার সাথে পরীক্ষা করলে প্রকৃত কারণ এবং এর চিকিৎসা জানা যাবে। যদি ডাক্তারের কাছে যেতে সময় লাগে, তবে আপনি ৩-৫ দিন খাবারের পর দিনে দুবার ৪০০ মিলিগ্রাম অ্যাডভিল (Advil) এর মতো ব্যথানাশক ওষুধ ব্যবহার করে দেখতে পারেন। পর্যাপ্ত বিশ্রাম নিন এবং পিঠকে শক্তিশালী করার জন্য শারীরিক অনুশীলনে লিপ্ত থাকুন। ক্যালসিয়াম সাপ্লিমেন্ট দীর্ঘমেয়াদে অতিরিক্ত সুবিধা দিতে পারে। আশা করি এটি আপনাকে সাহায্য করবে। আপনি যদি আমাকে আরও তথ্য দিতে চান, তবে তা আমাকে জানাতে পারেন। শুভকামনা!"
1117,"হেলো প্রিয় ব্যবহারকারী, আপনার অনুসন্ধানের জন্য ধন্যবাদ। আপনি আপনার মাসিক চক্র সম্পর্কে কিছু উল্লেখ করেননি। শুধুমাত্র মিলনের পরেই প্রেগন্যান্সি টেস্ট পজিটিভ আসতে পারে না। এছাড়া, ৭৫% ক্ষেত্রে মর্নিং পিল সুরক্ষামূলক। তাই, আপনার ক্ষেত্রে আমি গর্ভাবস্থার সম্ভাবনা নাকচ করতে পারছি না। আমার মতে, প্রথমে আপনি সিরাম বিটা এইচসিজি (beta hCG) পরীক্ষার মাধ্যমে গর্ভাবস্থা নির্ণয় করতে পারেন, যদি আপনার পিরিয়ড মিস হয় এবং যদি তা পজিটিভ হয়, তবে গর্ভাবস্থা এবং গর্ভাবস্থার অবস্থান দেখার জন্য একটি আল্ট্রাসাউন্ড করতে পারেন। এর পরেই আপনার গর্ভপাতের কথা ভাবা উচিত। আশা করি এটি আপনাকে সাহায্য করবে।"
105809,"আপনার উদ্বেগগুলো আমি বুঝতে পেরেছি এবং আপনার বর্ণনাটি পড়েছি। আমি আপনাকে খুব বেশি চিন্তা না করার পরামর্শ দিচ্ছি। মনোবিজ্ঞানের ভাষায়, আমরা একে অবসেসিভ ডিসঅর্ডার বলি। এটি নিরাময়ের জন্য আপনাকে এটি বুঝতে হবে। আপনার একবার বা দুবার সেই অস্বস্তিকর অনুভূতি হয়েছিল এবং তা উপেক্ষা করার পরিবর্তে, আপনি একই পরিস্থিতিতে সেই অনুভূতিটি আশা করতে শুরু করেছিলেন। এটি আপনার শরীর এবং মনকে প্রতিক্রিয়া জানাতে তৈরি করেছে এবং তারা আশা করে। আপনি যখন সেই অনুভূতিটি খুঁজে বের করার চেষ্টা করছেন, তখন মন আপনাআপনি আপনাকে এমন অনুভূতি দেওয়ার জন্য প্রস্তুত হয়ে গেছে। এখন এটাই ঘটছে। এই অনুভূতিটিকে উপেক্ষা করুন এবং এক পাক্ষিকের মধ্যে আচ্ছন্নতা বন্ধ হয়ে যায়। এই বিষয়ে যদি আপনার আরও সাহায্যের প্রয়োজন হয়, তবে অনুগ্রহ করে এই পোর্টালে সরাসরি প্রশ্ন করুন। আমি আপনাকে সাহায্য করতে পেরে খুশি হব। আশা করি এটি আপনার প্রশ্নের উত্তর দিয়েছে। আরও স্পষ্টীকরণের জন্য আমি আছি। শুভকামনা।"
54478,"হেলো, আপনার অনুসন্ধানের জন্য ধন্যবাদ। পর্যাপ্ত আয়রন ছাড়া শরীর স্বাভাবিক লোহিত রক্তকণিকা তৈরি করতে পারে না। অল্প বয়সী নারীদের ক্ষেত্রে, ঋতুস্রাবের সময় অতিরিক্ত রক্তপাত আয়রনের ঘাটতিজনিত রক্তাল্পতা সৃষ্টি করতে পারে। ঋতুস্রাব না হওয়া নারী বা যাদের আয়রনের ঘাটতি রয়েছে, তাদের দীর্ঘস্থায়ী রক্তক্ষরণের উৎস শনাক্ত করার জন্য কোলন পরীক্ষা করা প্রয়োজন। আয়রনের ঘাটতিজনিত রক্তাল্পতার ক্ষেত্রে, আপনার ডাক্তার সম্ভবত আয়রনের আয়রনযুক্ত আয়রন সাপ্লিমেন্ট নেওয়ার পরামর্শ দেবেন, যা আপনার শরীর সহজেই শোষণ করতে পারে। আপনি যদি আয়রন সাপ্লিমেন্ট ব্যবহার করেন, তবে নিচের সতর্কতাগুলো মনে রাখবেন।"
50524,"নাসেনিয়া ডক ব্যবহার করার জন্য ধন্যবাদ। আপনার প্রশ্নটি পড়েছি। হ্যাঁ, চারকোট মারি ডেন্টাল ডিজিজ একটি বংশগত রোগ যা সাধারণত ধীরে ধীরে অগ্রসর হয় এবং এর কোনো সম্পূর্ণ নিরাময় এখনো হয়নি বলে এর লক্ষণগুলোর ওপর ভিত্তি করে চিকিৎসা করা হয়। আমি আপনাকে একজন ভালো অর্থোপেডিক বিশেষজ্ঞের সাথে পরামর্শ করার এবং এটি পরীক্ষা করানোর পরামর্শ দেব। কোন অবস্থার ওপর ভিত্তি করে ফিজিওথেরাপির প্রয়োজন হতে পারে। পায়ের বিকৃতির ওপর ভিত্তি করে অস্ত্রোপচারের প্রয়োজন হতে পারে আবার নাও হতে পারে। অ্যাসকরবিক অ্যাসিডযুক্ত পুষ্টিকর খাবার গ্রহণ করুন। সুস্থ জীবনযাপন করুন। যদি ডায়াবেটিসের কোনো সিস্টেমিক সমস্যা থাকে, তবে তার চিকিৎসা শুরু করুন। আশা করি এটি আপনার জন্য সহায়ক ছিল। ধন্যবাদ ও শুভেচ্ছা।"
104414,"হেলো, স্পষ্টতই আপনার উদ্বেগ সামাজিক পরিস্থিতিতে পারফর্ম করার বিষয়ে আপনার উদ্বেগের সাথে সম্পর্কিত। এটি পারফরম্যান্স অ্যাংজাইটি হিসেবেও পরিচিত এবং বিটা ব্লকার দিয়ে সহজেই এর চিকিৎসা করা সম্ভব। এছাড়া, অ্যান্টি-অ্যাংজাইটি ওষুধ সাহায্য করতে পারে। থেরাপি আপনার অস্থিরতা নিয়ন্ত্রণ করতে এবং আত্মবিশ্বাস ও আত্মসম্মান বাড়াতে সাহায্য করতে পারে। আপনার প্রতিকার এবং রেফারেলগুলো খুঁজে বের করার জন্য যত দ্রুত সম্ভব একজন মনোরোগ বিশেষজ্ঞের পরামর্শ নিন। আশা করি এটি আপনাকে সাহায্য করবে। ভালো থাকবেন।"
8511,"হেলো, এটি সায়াটিক নার্ভের আঘাত হওয়ার কথা নয়। সায়াটিক নার্ভের আঘাত সাধারণত পায়ের নিচের অংশে ঝিঁঝিঁ ধরা বা অসাড়তা হিসেবে অনুভূত হয়, যা ক্রমাগত থাকে বা পায়ের নড়াচড়ার সাথে দেখা যায়। আমার কাছে এটি হ্যামস্ট্রিং স্ট্রেইন বলে মনে হচ্ছে, যা ব্যায়ামের কারণে হয়েছে। আরামের জন্য আমি আপনাকে নিম্নলিখিত পরামর্শ দিচ্ছি যা অনুসরণ করতে হবে। আশা করি আমি আপনার প্রশ্নের উত্তর দিতে পেরেছি। আমি আপনাকে আরও কোনোভাবে সাহায্য করতে পারি কিনা তা জানাবেন।"
80769,"হেলো ম্যাডাম, শৈশবে যদি আপনার ডান হাতের উপরের অংশে পোলিও আক্রমণ হয়ে থাকে, তবে কাঁধের পেশী এবং উপরের অঙ্গের পেশীগুলো ক্ষতিগ্রস্ত হবে এবং আপনি এখন যে পাতলা হয়ে যাওয়ার বিষয়টি লক্ষ্য করেছেন তা এর কারণেই হচ্ছে। সমস্ত স্থানচ্যুতিই জরুরি, কাঁধের স্থানচ্যুতির অর্থ হলো কাঁধের জয়েন্টের বল (হিউমারাস হেড) সকেট (গ্লেনয়েড) থেকে বেরিয়ে এসেছে। এটি খুব বেদনাদায়ক হবে এবং সম্ভবত আপনি লিখতে পারবেন না। অবহেলিত স্থানচ্যুতি দেখা যায়। আপনি ঠিক কোথায় ব্যথা অনুভব করছেন ম্যাডাম/স্যার, পোলিও আক্রান্ত হলে এর অর্থ হলো আপনার নিউরনগুলো ইতিমধ্যেই ক্ষতিগ্রস্ত হয়েছে। আর এটি নষ্ট হওয়ার কারণ, পুনরায় পোলিও হওয়ার সম্ভাবনা কম।"
81368,"হেলো, নাসেনিয়া ডক ফোরামে জিজ্ঞাসা করার জন্য ধন্যবাদ। কিডনিতে পাথরের (ক্যালকুলি) কারণে পেটে ব্যথা সবচেয়ে সাধারণ লক্ষণ। যখন পাথর তার জায়গা থেকে সরে যায়, তখন রোগীর মূত্রনালীর সিস্টেমে খুব নরম কাঠামোর কারণে ব্যথা হয়। পেটে ভারী ভাব হাইপারঅ্যাসিডিটির কারণে ব্যথা এবং ক্যালকুলাসের কারণে হয়েছে। ৩ মিমি পাথর ওষুধ এবং ক্ষার দিয়ে বের করা সম্ভব। একজন চিকিৎসকের সাথে পরামর্শ করুন এবং এ বিষয়ে তার মতামত নিন, কারণ এই ক্ষেত্রে চিকিৎসক সহজেই চিকিৎসা করতে পারবেন। শুভকামনা।"
100429,"হেলো, কাশিকে অ্যালার্জির সাথে সম্পর্কিত করা সম্ভব হতে পারে, তবে আমার মনে হয় দীর্ঘস্থায়ী কাশির অন্যান্য সাধারণ কারণগুলো অবশ্যই মূল্যায়ন করা উচিত। প্রথম যে পরীক্ষাটি ট্রাইজ হিসেবে কাজ করবে তা হলো বুকের এক্স-রে। নিউমোনিয়া, প্লুরিসি, অ্যাসপারজিলাস এবং হৃদপিণ্ডের কিছু অস্বাভাবিকতা শ্বাসকষ্টের কারণ হতে পারে। বিশেষ করে দীর্ঘস্থায়ী কাশির সাথে কফ পরীক্ষা করা বেশ কৌতূহলজনক। এই পরীক্ষায় পালমোনারি যক্ষ্মা (ফুসফুস) আছে কিনা তা নিশ্চিত করতে হবে এবং চারকোট ওসামান বডি (চারকোট ওসামান বডি) নামক নির্দিষ্ট অ্যালার্জিক বডির উপস্থিতি অ্যালার্জির উৎস নির্দেশ করতে পারে। ইমিউনোগ্লোবুলিন ই-এর মাত্রা পরিমাপ এবং কমপ্লিট ব্লাড কাউন্ট ইওসিনোফিলের মাত্রা বৃদ্ধির মতো রক্ত পরীক্ষাগুলো অ্যালার্জির উৎস নির্ণয়ে সাহায্য করে। আমি আপনাকে পরামর্শ দিচ্ছি যে, এই অ্যালার্জির কারণ মূল্যায়ন করার জন্য আপনার ইন্টারনিস্ট বা পালমোনোলজিস্টের সাথে দেখা করুন এবং ফুসফুসের যক্ষ্মার মতো অন্যান্য সাধারণ ও গুরুতর শ্বাসযন্ত্রের সংক্রমণ আছে কিনা তা নিশ্চিত করুন। ধন্যবাদ এবং আশা করি এটি আপনাকে সাহায্য করবে, শুভেচ্ছা, লুচুও, এমডি।"
187,"হেলো, মৃত্যুর খবর শুনে দুঃখিত। ডায়ালাইসিস করা রোগীদের ক্ষেত্রে এবং ডায়ালাইসিস বন্ধ করার পর রক্তপাতের একাধিক কারণ থাকতে পারে। এই রোগীদের রক্তপাতের প্রবণতা থাকে, তাই তার পাকস্থলী বা খাদ্যনালীতে কোনো আলসার থেকে রক্তপাত হতে পারে। অথবা ডায়ালাইসিস বন্ধ করার কারণে ফুসফুসে অতিরিক্ত তরল জমার কারণে তার ফুসফুসে উচ্চ রক্তচাপ থাকতে পারে এবং ফুসফুসের মাধ্যমে রক্তপাত হতে পারে, যা অতিরিক্ত কাশির কারণে হতে পারে। আপনি আপনার প্রশ্নে যা বলেছেন তা থেকে আমার মনে হয় এই প্রধান কারণগুলোই হতে পারে। ধন্যবাদ।"
79916,"হেলো এবং নাসেনিয়া ডকে আপনাকে স্বাগতম। একজন ইউরোলজিস্ট হিসেবে, আমি আপনার উদ্বেগ বুঝতে পারছি। রেনোলগ হলো কিডনি বিকল হওয়ার চিকিৎসার একটি সম্পূরক। এটি কোনো নিরাময়মূলক চিকিৎসা নয়। আপনি আপনার নেফ্রোলজিস্টের সাথে এ বিষয়ে আলোচনা করতে পারেন। বেশিরভাগ ক্ষেত্রে, দিনে দুই বা তিনবারই যথেষ্ট। উচ্চ রক্তচাপের জন্য ওষুধ এবং ক্যালসিয়াম সাপ্লিমেন্ট চালিয়ে যাওয়া অত্যন্ত গুরুত্বপূর্ণ। আপনার কিডনি বায়োপসি করা হলে রিপোর্টটি উল্লেখ করা উচিত। কিডনি বিকল হওয়ার কারণ নির্ণয় করা যাবে। এরপর, নির্দিষ্ট চিকিৎসার পরামর্শ দেওয়া হয়। আপনার ক্রিয়েটিনিন, ইউরিয়া এবং ইউরিক অ্যাসিডের মাত্রা নিবিড়ভাবে পর্যবেক্ষণ করা হয়। লবণ এবং প্রোটিনের সীমাবদ্ধতাসহ খাদ্যাভ্যাস কঠোরভাবে নিয়ন্ত্রণ করা হয়। আপনার যদি কোনো সন্দেহ থাকে, তবে সরাসরি প্রশ্ন হিসেবে পাঠান। নাসেনিয়া ডক। মাঙ্গা।"
95084,"হেলো প্রিয়, আমি আপনার উদ্বেগ বুঝতে পারছি। আমার মতে, যদি ২৭ তারিখে পিরিয়ড হয়ে থাকে, তবে ২৫তম দিন নিরাপদ সময়। এর মানে হলো, অনিরাপদ যৌন মিলনের ফলেও গর্ভধারণ নাও হতে পারে। তাই চিন্তামুক্ত থাকুন। মানসিক চাপ এড়িয়ে চলুন। গর্ভাবস্থার চিন্তাজনিত মানসিক চাপও মাসিক চক্রকে অনিয়মিত করে তুলতে পারে। মিলনের ৩-৪ সপ্তাহ পর গর্ভাবস্থার যেকোনো লক্ষণ শুরু হয়। আর ২৭ তারিখে গর্ভাবস্থার লক্ষণ অনুভব করা খুব তাড়াতাড়ি হয় এবং ২৫ তারিখে মিলন হয়। তাই চিন্তামুক্ত থাকুন। গর্ভাবস্থার সম্ভাবনা খুবই কম। রক্তপাত অব্যাহত থাকলে চিকিৎসকের পরামর্শ নিন। শুভেচ্ছা রইল।"
45131,"সম্ভবত আপনার শিশু ভাইরাল সংক্রমণে ভুগছে যা জ্বর, কাশি, সর্দি এবং জয়েন্টে ব্যথার কারণ। জ্বরের জন্য প্যারাসিটামল, আইবুপ্রোফেন, ওটিসি কাশি এবং কোল্ড সিরাপ দিন। যদি ৩-৫ দিনের মধ্যে কোনো উপশম না হয়, তবে পরবর্তী মূল্যায়নের জন্য আপনাকে একজন শিশু বিশেষজ্ঞের পরামর্শ নিতে হবে। এই রোগ বা এর ওষুধ সম্পর্কে আরও প্রশ্নের জন্য আপনি ""বিশেষজ্ঞকে জিজ্ঞাসা করুন"" বিভাগের অধীনে নাসেনিয়া ডকের সাথে পরামর্শ করতে পারেন।"
106263,"প্রিয় রোগী, ডিজেনারেটিভ ডিস্ক ডিজিজ বয়সজনিত একটি প্রক্রিয়া এবং এর জন্য কিছু সতর্কতা অবলম্বন করা প্রয়োজন। ভারী ওজন তোলা এবং সামনের দিকে ঝুঁকে কাজ করা এড়িয়ে চলুন। অ্যাসিটামিনোফেনের মাত্রা ৫০০ মিগ্রা দিনে তিনবার, সর্বোচ্চ ২ গ্রাম পর্যন্ত এবং লিভারের রোগে আক্রান্ত রোগীদের ক্ষেত্রে এটি এড়িয়ে চলা উচিত। গ্যাস্ট্রাইটিস এড়াতে উভয় ডোজই অ্যান্টাসিডের সাথে গ্রহণ করা উচিত। সব ওষুধ একসাথে খাবেন না। ব্যথা উপশমের জন্য সবারই কিছু না কিছু ব্যবস্থা রয়েছে। অ্যাসিটামিনোফেন দিয়ে শুরু করুন এবং যদি উপশম না হয় তবে আইবুপ্রোফেনে পরিবর্তন করুন।"
69532,"হেলো। আমি আপনার উদ্বেগ বুঝতে পারছি... কস্টোকন্ড্রাইটিস নাসেনিয়া ডক। এটি অস্টিওআর্থ্রাইটিসের অংশ হিসেবেও হতে পারে... কখনও কখনও পাঁজরের জয়েন্টের ভাইরাল বা ছত্রাকজনিত সংক্রমণ এর কারণ হতে পারে... তাই হ্যাঁ, মোল্ড কখনও কখনও এটি প্রভাবিত করতে পারে... এটি কোস্টাল কার্টিলেজের প্রদাহ। আক্রান্ত স্থানে গরম সেঁক দিন। কয়েক দিন ক্রাউন ব্যবহার করুন। ভারী ওজন তোলা এবং কঠোর পরিশ্রম এড়িয়ে চলুন। ঘুমানোর সঠিক ভঙ্গি বজায় রাখুন। বুকের পেশি স্ট্রেচ করার ব্যায়াম উপকারী।"
40338,"হেলো, প্রিয়। আমি আপনার প্রশ্নটি দেখেছি। আমি আপনার উদ্বেগ বুঝতে পারছি। অনেক মানুষের হাতে দৃশ্যমান রক্তনালী থাকে। এটি অস্বাভাবিক কিছু নয়। যদি আপনার শরীরের গঠন চর্বিহীন এবং পাতলা হয়, তবে এটি সাধারণ। লিঙ্গে স্পাইডার ভেইনও উল্লেখযোগ্য কোনো অস্বাভাবিকতা নয়। যদি আপনার কোনো উপসর্গ না থাকে, তবে কোনো চিকিৎসার প্রয়োজন নেই। শুধু নিশ্চিন্ত থাকুন। আশা করি আমি আপনার প্রশ্নের উত্তর দিতে পেরেছি, যদি আপনার কোনো সন্দেহ থাকে তবে আমি উত্তর দিতে পেরে খুশি হব। নাসেনিয়া ডক ব্যবহার করার জন্য ধন্যবাদ। আপনার সুস্বাস্থ্য কামনা করি।"
44799,"হেলো, আমি আপনার প্রশ্নটি দেখেছি এবং আপনার উদ্বেগগুলো বুঝতে পেরেছি। সংক্ষিপ্ত উত্তর। সাধারণত ৬ মাস সময় লাগতে পারে। সংক্ষিপ্ত উত্তরসমূহ। * সাধারণত ৬ মাস ধরে সক্রিয় যক্ষ্মার চিকিৎসা দেওয়া হয়। * অ্যান্টি-টিউবারকিউলোসিস নাসেনিয়া ডক। একবার এই কোর্সটি সম্পন্ন হলে, যক্ষ্মা নিরাময় হয়েছে কিনা তা জানার জন্য পরীক্ষাগুলো পুনরায় করা হবে। * এই চিকিৎসার সময়কাল ৬ মাস বা বন্ধ হয়ে গেলেও চলতে পারে। আশা করি এটি আপনাকে সাহায্য করবে। আপনার যদি অন্য কোনো প্রশ্ন থাকে, তবে নির্দ্বিধায় জিজ্ঞাসা করতে পারেন।"
98165,"হেলো, যেহেতু আপনি একজন তরুণ উচ্চ রক্তচাপের রোগী, তাই আপনার প্রথমে রক্তচাপের কারণ নির্ণয় করা প্রয়োজন। আপনার কিডনি ফাংশন টেস্ট, রেনাল আর্টারি ডপলার, এসআর কর্টিসল এবং ২৪ ঘণ্টার ইউরিনারি মেটানেফ্রিন পরীক্ষা করা উচিত। এছাড়াও লিপিড প্রোফাইল এবং সুগার পরীক্ষা করান। এছাড়া, যদি আপনার রক্তচাপ ক্রমাগত ১৪০/৯০-এর উপরে থাকে, তবে আপনার দিনে একবার ৫ মিলিগ্রামের অ্যামলোডিপাইন ট্যাবলেট সেবন করা উচিত। আশা করি এটি আপনাকে সাহায্য করবে এবং কোনো সন্দেহ থাকলে জানাবেন।"
92523,"হেলো, নাসেনিয়া ডকে আপনাকে স্বাগতম। জলাতঙ্ক কুকুরের কামড়ের মাধ্যমে ছড়ায় যা ১০০% প্রাণঘাতী, তবে সঠিক ও যথাযথ চিকিৎসার মাধ্যমে এটি ১০০% প্রতিরোধযোগ্য। যেহেতু আপনাকে আপনার কুকুর কামড়েছে এবং সেই স্থান থেকে রক্তপাত হয়েছে এবং আপনি তার ওপর কিছু ওষুধ প্রয়োগ করেছেন, তাই বিশ্ব স্বাস্থ্য সংস্থার (WHO) মতে এটি ক্যাটাগরি ৩-এর অন্তর্ভুক্ত, যার জন্য নিম্নলিখিত চিকিৎসা প্রয়োজন: ১. ০, ৩, ৭, ১৪ এবং ২৮ তম দিনে অ্যান্টি-র‍্যাবিস ভ্যাকসিনের মাধ্যমে সক্রিয় টিকাদান। ২. ক্ষতস্থানের চারপাশে রিগ (Rig) দিয়ে প্যাসিভ ইমিউনাইজেশন। ৩. মুখে খাওয়ার অ্যান্টিবায়োটিক যেমন ট্যাব অগমেন্টিন, দিনে দুবার। ৪. টপিক্যাল ট্র্যাক্ট মলম। ধন্যবাদ।"
8063,"হেলো, আপনার প্রশ্নটি পোস্ট করার জন্য ধন্যবাদ। উচ্চ কোলেস্টেরল ফ্যাটি লিভারের কারণ হতে পারে। ফ্যাটি লিভার এএলটি (ALT) বৃদ্ধির সবচেয়ে সাধারণ কারণ। ফ্যাটি লিভারের জন্য পেটের আল্ট্রাসাউন্ড স্ক্যান করা যেতে পারে। উচ্চ কোলেস্টেরলের চিকিৎসায় ব্যবহৃত লিপিটর লিভারের ক্ষতি করতে পারে এবং এএলটি বেড়ে যেতে পারে। উচ্চ জিজিপিটি শুধুমাত্র অ্যালকোহল গ্রহণের ইঙ্গিত দিতে পারে। লিভার এনজাইম বেড়ে যাওয়ার সাথে সাথে, এটি পিত্ত প্রবাহে বাধার ইঙ্গিত দিতে পারে, যা উচ্চ কোলেস্টেরলের বৈশিষ্ট্য নয়। আশা করি এটি আপনার প্রশ্নের উত্তর দিয়েছে। শুভেচ্ছা।"
82796,"হেলো, আমি আপনার প্রশ্নটি মনোযোগ দিয়ে পড়েছি এবং আপনার উদ্বেগ বুঝতে পেরেছি। আপনার লক্ষণগুলো টেম্পোরোম্যান্ডিবুলার জয়েন্ট ডিসঅর্ডারের সাথে সম্পর্কিত বলে মনে হচ্ছে। প্রদাহ কমানোর জন্য আমি আইবুপ্রোফেনের মতো প্রদাহরোধী ওষুধ ব্যবহারের পরামর্শ দিচ্ছি। প্রদাহ কমাতে আমি জয়েন্টে ঠান্ডা সেঁক দেওয়ারও পরামর্শ দিচ্ছি। নাসেনিয়া ডক। এটি কানের সংক্রমণ হতে পারে যা একজন ইএনটি (ENT) বিশেষজ্ঞ দ্বারা পরীক্ষা করা উচিত। আশা করি আমার উত্তরটি সহায়ক ছিল। আপনার আরও কোনো প্রশ্ন থাকলে নির্দ্বিধায় আমার সাথে যোগাযোগ করুন। শুভেচ্ছা!"
86468,"হেলো প্রিয়, নাসেনিয়া ডকে আপনাকে স্বাগতম। আপনার উদ্বেগটি বুঝতে পারছি। আপনার প্রশ্ন অনুযায়ী, আপনার পেটে ব্যথা এবং জ্বরের সাথে অন্ত্রের নড়াচড়ায় সমস্যা হচ্ছে, যা সম্ভবত অ্যাকিউট গ্যাস্ট্রোএন্টেরাইটিস থেকে ভাইরাল সংক্রমণের কারণে হচ্ছে। চিন্তার কিছু নেই। শিশুকে প্রচুর পরিমাণে তরল খাবার দিন। আপনার একবার শিশু বিশেষজ্ঞের সাথে দেখা করা উচিত এবং পরীক্ষা করিয়ে সেই অনুযায়ী চিকিৎসা শুরু করা উচিত। আপনার শিশুকে সম্পূর্ণ বিশ্রাম দেওয়া উচিত এবং সিপ্রোফ্লক্সাসিনের মতো অ্যান্টিবায়োটিকের সঠিক কোর্স এবং ফ্যামোটিডিনের মতো প্রোটন পাম্প ইনহিবিটর দেওয়া উচিত। এছাড়া, শিশুকে ওরাল রিহাইড্রেশন দেওয়া উচিত।"
60608,"হেলো, প্রিয়, নাসেনিয়া ডকে আপনার অনুসন্ধানের জন্য ধন্যবাদ। আপনার অনুসন্ধানের বিস্তারিত বিষয়গুলো আমি গভীরভাবে পর্যালোচনা করেছি। আপনার স্বাস্থ্য সংক্রান্ত উদ্বেগের প্রেক্ষাপটে এটি পর্যালোচনা করেছি। প্রাপ্ত তথ্যের ভিত্তিতে, মনে হচ্ছে আপনি শুধুমাত্র চাপের কারণে হাতের ভ্যারিকোজ ভেইনের সমস্যায় ভুগছেন। আপনাকে নির্দিষ্ট কিছু অক্ষম বিভাগের এন্ডোজেনাস লেজার অ্যাবলেশন (EVLT-Endo-Venous-Laser-Treats)-এর মাধ্যমে এগুলোর চিকিৎসা করতে হতে পারে। এগুলো শুধুমাত্র প্রসাধনীর উদ্দেশ্যে করা হয়। যেকোনো থ্রম্বোটিক ডিভিটি জটিলতার ক্ষেত্রে পায়ের শিরার মতো জটিলতা কম। ডপলার ডুয়েল ইমেজ স্টাডির পর আপনার সার্জন এবং ভাস্কুলার সার্জনের সাথে পরামর্শ করুন। এই উত্তরটি আপনাকে আপনার চিকিৎসকদের সাথে পরবর্তী চিকিৎসার পরিকল্পনা করতে সাহায্য করবে। আপনার শুভকামনা এবং দ্রুত আরোগ্য কামনা করছি। এ বিষয়ে আরও কোনো প্রশ্ন থাকলে স্বাগত, যার উত্তর পরবর্তী সেশনে দেওয়া হবে। দিনটি ভালো কাটুক!! নাসেনিয়া ডক। এন. সিনিয়র সার্জিক্যাল স্পেশালিস্ট। এস. জেনারেল-সিভিটিএস।"
77907,"হেলো প্রিয়, এখানে আপনার প্রশ্নটি পোস্ট করার জন্য ধন্যবাদ। প্রথমে আপনাকে বুঝতে হবে যে ডিভিআর (DVR)-এর পরে আইএনআর (INR) ২.৫ থেকে ৩.৫-এর মধ্যে বজায় রাখতে হয়, অন্যথায় যদি এটি ২.৫-এর নিচে থাকে তবে স্টেন্ট থ্রম্বোসিসের ঝুঁকি থাকে এবং যদি এটি বেশি থাকে তবে রক্তক্ষরণের ঝুঁকি থাকে। এটি সিট্রন (Citron) গ্রহণের মাধ্যমে অর্জিত হয়। তবে সিট্রনের কোনো নির্দিষ্ট মাত্রা নেই এবং প্রয়োজনীয় আইএনআর বজায় রাখার জন্য বিভিন্ন মানুষের ভিন্ন ভিন্ন মাত্রার প্রয়োজন হয়। এর জন্য প্রতি সপ্তাহে নিয়মিত আইএনআর মনিটরিং প্রয়োজন। একবার এটি সিট্রনের একটি নির্দিষ্ট মাত্রায় স্থিতিশীল হয়ে গেলে, তখন প্রতি পাক্ষিক বা মাসে আইএনআর করা যেতে পারে। আশা করি এই তথ্য আপনাকে সাহায্য করবে।"
2106,"১. মাথায় আঘাত পাওয়ার পর মাথার কোনো দৃশ্যমান পরিবর্তন হওয়া উচিত নয়। যদি নাক দিয়ে তরল বের হয় এবং তা পরিষ্কার থাকে, তবে এটি সেরিব্রোস্পাইনাল ফ্লুইড (CSF) হতে পারে, যার অর্থ কোনো ছিদ্র মেরামত করা প্রয়োজন অথবা মেনিনজাইটিস হতে পারে। ২. সামনের মাথার আঘাতের ক্ষেত্রে প্রায়শই দেখা যাওয়া ক্রিব্রিফর্ম প্লেট ফ্র্যাকচারের কারণে এমনটা হতে পারে। কোনো অস্বাভাবিক ছাত্র পরীক্ষা করা উচিত নয়। যদি কোনো অস্বাভাবিক ছাত্র থাকে, তবে আপনাকে অবিলম্বে জরুরি বিভাগে যেতে হবে। ৩. কনকাশন নির্ণয়ের জন্য, এটি মূলত মাথার যেকোনো আঘাত যা মানসিক অবস্থার পরিবর্তন ঘটায়। সেখানে পরীক্ষা করা যেতে পারে, তবে সাধারণত কনকাশন (মস্তিষ্কে রক্ত) বা ঘাড়ের ফ্র্যাকচারের মতো অন্য কোনো সমস্যা আছে কি না তা নিশ্চিত করার জন্য করা হয়।"
5399,"হেলো, আপনার প্রশ্নটি পোস্ট করার জন্য ধন্যবাদ। পেরিওডোনটাইটিস বা পাইওরিয়া হলো প্রদাহজনিত রোগের একটি সমষ্টি যা পেরিওডন্টাইটিসকে প্রভাবিত করে, অর্থাৎ দাঁতকে ঘিরে থাকা টিস্যুগুলোকে প্রভাবিত করে। পেরিওডন্টাইটিসে দাঁতের চারপাশের অ্যালভিওলার হাড়ের ক্রমাগত ক্ষতি হয় এবং চিকিৎসা না করা হলে, দাঁতটি ঢিলে হয়ে যেতে পারে এবং পরবর্তীতে ক্ষতি হতে পারে। আদর্শগতভাবে, একজন পেরিওডন্টিস্ট যেমন"
87026,"হেলো, নাসেনিয়া ডকে জিজ্ঞাসা করার জন্য আপনাকে ধন্যবাদ। আমি আপনার বাবার মেডিকেল ইতিহাস দেখেছি এবং তার সম্পর্কে আরও জানতে চাই, যেমন - তার হাঁপানির লক্ষণগুলো কত ঘন ঘন হয়? তার নাকের উপসর্গগুলো কী কী? তিনি কী ওষুধ খাচ্ছেন? তার কি অন্য কোনো শারীরিক সমস্যা আছে? তিনি কি ঘন ঘন বা নিয়মিত অন্য কোনো ওষুধ সেবন করেন? তার কি কোনো অ্যালার্জি আছে? আপনার বাবার সম্পর্কে আরও ভালোভাবে জানতে এবং তার জন্য আরও সুনির্দিষ্ট পরামর্শ দিতে উপরের পরামর্শগুলো সহায়ক হবে। বর্তমানে, আপনার দেওয়া তথ্যের ভিত্তিতে আমি তার জন্য নিম্নলিখিত পরামর্শগুলো দিতে চাই।"
7034,"আপনার উদ্বেগগুলো আমি বুঝতে পারছি এবং আপনার বিস্তারিত তথ্যগুলো দেখেছি। আপনি এখানে উদ্বেগজনিত ব্যাধি, বিষণ্নতা এবং অনিদ্রা ইত্যাদির লক্ষণগুলো উল্লেখ করেছেন। একই সাথে আপনি স্বীকার করতে অস্বীকার করছেন যে এই তিনটি একে অপরের ওপর নির্ভরশীল এবং কখনোই একা থাকবে না। তাই আপনার এই সব নেই, তবে আপনার একটি একক ব্যাধি রয়েছে। আমাদের সেই একক ব্যাধিটি খুঁজে বের করতে হবে। প্রদত্ত বিবরণ থেকে মনে হচ্ছে যে এই একক ব্যাধিটি প্রাথমিক শিক্ষার সমস্যা থেকে উদ্ভূত বিষণ্নতা হতে পারে। আপনি যদি আরও তথ্য প্রদান করেন এবং টেলিফোনের মাধ্যমে আমার সাথে কাউন্সেলিং সেশনের ব্যবস্থা করতে পারেন, তবে আমি আপনার কেসটি মূল্যায়ন করতে পারব এবং নিরাময়ের পদ্ধতি জানাতে পারব। এই বিষয়ে যদি আপনার আরও সাহায্যের প্রয়োজন হয়, তবে অনুগ্রহ করে এই ইউআরএলটি ব্যবহার করুন। http"
30140,"হেলো, আপনার ইতিহাস অনুযায়ী মনে হচ্ছে আপনার লাম্বোস্যাক্রাল স্ট্রেইন থাকতে পারে। কোনো সিদ্ধান্তে পৌঁছানোর জন্য আমি আপনার দৈনন্দিন রুটিন জানতে চাই, যেমন আপনি কি ভারী বস্তু তোলেন, নাকি দীর্ঘক্ষণ কম্পিউটারের সামনে বসে থাকেন, দীর্ঘ দূরত্বের জন্য গাড়ি চালান, জয়েন্টে ব্যথা বা প্রস্রাব বা মলত্যাগের কোনো সমস্যা আছে কি না। অনলাইন ইতিহাস অনুযায়ী মনে হচ্ছে আপনার লাম্বোস্যাক্রাল স্ট্রেইন আছে কি না, যা আপনি বলতে পারেন। আপনি অঙ্গবিন্যাস প্রশিক্ষণ এবং মেরুদণ্ড শক্তিশালী করার ব্যায়াম সম্পর্কে জানতে পারেন। আপনার সুস্বাস্থ্য কামনা করি, নাসেনিয়া ডক।"
76387,"হেলো, আপনি যে প্রদাহের কথা বর্ণনা করেছেন তা এনজিওডিমা নামক একটি অ্যালার্জিক প্রতিক্রিয়ার সাথে সম্পর্কিত হতে পারে, অ্যামোক্সিসিলিন এর অন্তর্ভুক্ত। লিম্ফ নোড ফুলে যাওয়া সংক্রমণ, হেমাটোলজিকাল রোগ, লিম্ফোমা ইত্যাদির মতো বিভিন্ন কারণে হতে পারে। তাই বিশেষ করে যদি এগুলো থেকে যায় বা উন্নতি না হয়, তবে এটি পুঙ্খানুপুঙ্খভাবে পরীক্ষা করা উচিত। আশা করি আমি আপনার প্রশ্নের উত্তর দিতে পেরেছি। আমি আপনাকে আরও কোনোভাবে সাহায্য করতে পারি কিনা তা জানাবেন। ভালো থাকবেন।"
110911,"হেলো, আসলে আপনি আয়রন এবং ভিটামিন বি১২ ইনজেকশন নিচ্ছেন। এগুলো রক্ত গঠনের জন্য প্রয়োজনীয় দুটি প্রধান উপাদান। তাই ব্যক্তিগতভাবে, আমার মনে হয় আপনার পুরনো জিপি (GP) সঠিক। তবে, যৌক্তিকভাবে বলতে গেলে, ফুসফুসের রোগের কারণে অক্সিজেন গ্রহণের ক্ষমতা কমে যাওয়ার কারণেও হিমোগ্লোবিন বেড়ে যায়। পেরিফেরাল নিউরোপ্যাথি এর কোনো ভূমিকা রাখে না। আমি যে আদর্শ উপায়টি সুপারিশ করব তা হলো আয়রন এবং ভিটামিন বি ১২-এর মাত্রা পরীক্ষা করা। যদি এই মাত্রা বেশি থাকে, তবে আয়রন এবং ভিটামিন বি ১২ ইনজেকশন বন্ধ করা যেতে পারে। এরপর প্রতি মাসে হিমোগ্লোবিন পর্যবেক্ষণ করুন। যদি এটি বেশি থাকে, তবে ফুসফুসই এর কারণ। অন্যথায়, ইনজেকশন এর কারণ হতে পারে। এটি নিশ্চিতভাবেই ধরে নেওয়া হচ্ছে যে আপনার কোনো তীব্র সমস্যা নেই এবং জরুরি চিকিৎসার প্রয়োজন। আশা করি আমি আপনার প্রশ্নের উত্তর দিতে পেরেছি। আমি আপনাকে আরও কোনোভাবে সাহায্য করতে পারি কিনা তা জানাবেন।"
102472,"হেলো, যদি সেগুলো আগে না করা হয়ে থাকে তবে আমি নিম্নলিখিত পরীক্ষাগুলো করার পরামর্শ দেব। কমপ্লিট ব্লাড কাউন্ট, পেরিফেরাল ব্লাড স্মিয়ার, ব্লাড ইউরিয়া সিরাম, লিভার ফাংশন টেস্ট, ক্রিয়েটিনিন, প্রস্রাবের রুটিন পরীক্ষা, লিপিড প্রোফাইল, থাইরয়েড ফাংশন টেস্ট, ফাস্টিং ব্লাড সুগার, এএনএ (ANA)। আমি ধরে নিচ্ছি যে আপনার ভিটামিন বি১২ কম থাকায় আপনাকে ভিটামিন বি১২ প্রেসক্রাইব করা হয়েছে। ভিটামিন বি১২ এবং ভিটামিন ডি-এর ঘাটতি আপনার বর্ণিত লক্ষণগুলোর কারণ হতে পারে, তবে ডায়াবেটিস মেলিটাস এবং থাইরয়েডের সমস্যাগুলোও বাদ দেওয়া গুরুত্বপূর্ণ, তাই আমি একটি ব্যাটারি টেস্ট করার পরামর্শ দিচ্ছি। মেনার্ড ধরনের উপসর্গের কোনো কারণ থাকতে পারে না, তবে এটি ইডিওপ্যাথিক বা অটোইমিউন রোগের কারণে হতে পারে। আপনার ভিটামিন বি১২-এর ঘাটতি পুষ্টিগত বা ইমিউনোলজিক্যাল কারণ হতে পারে, যেমন রক্তাল্পতা। আপনার ভিটামিন বি১২-এর ঘাটতি পুষ্টিগত বা ইমিউনোলজিক্যাল কারণের ওপর নির্ভর করে, যদি এটি ম্যালিগন্যান্ট অ্যানিমিয়া ধরনের হয় তবে ভিটামিনের একটি সংক্ষিপ্ত কোর্স বা লাইফটাইম হিসেবে বিবেচনা করা যেতে পারে। যদি সমস্ত পরীক্ষা নেতিবাচক হয়, তবে আপনার পা ও হাত গ্লাভস ও মোজা দিয়ে উষ্ণ রাখা এবং ঠান্ডা তাপমাত্রা এড়িয়ে চলার মাধ্যমে রেনল্ডস সমস্যা কমানো সম্ভব। এটি গুরুত্বপূর্ণ যে আপনার পালসের ক্ষতি এবং পেরিফেরাল নিউরোপ্যাথির জন্য পরীক্ষা করা উচিত। খালি পায়ে হাঁটা এড়িয়ে চলুন এবং হাত ও পা গরম বা ঠান্ডা পানিতে ডুবিয়ে রাখা এড়িয়ে চলুন। যদি আপনার লিপিড প্রোফাইল অস্বাভাবিক"
28014,"হেলো, নাসেনিয়া ডকের সাথে পরামর্শ করার জন্য আপনাকে স্বাগতম। আমি আপনার প্রশ্নটি দেখেছি, যেহেতু আপনি উল্লেখ করেছেন যে আপনার আক্কেল দাঁত তোলা হয়েছে এবং এখন আপনি মুখ ও জিহ্বায় কাঁচা স্বাদ অনুভব করছেন, তাই আপনি দিনে দুই-তিনবার হালকা গরম লবণ পানি দিয়ে কুলকুচি করুন। ওষুধ সেবন করুন, সপ্তাহে একবার একটি করে ভিটামিন বি কমপ্লেক্স ট্যাবলেট সেবন করুন। জিহ্বায় খারাপ স্বাদ এবং অ্যান্টিবায়োটিক কোর্সের মাধ্যমে আপনি পুনরায় আরাম পেতে পারেন। একজন ডেন্টিস্টের সাথে পরামর্শ করুন এবং ওরাল পরীক্ষা করান। আশা করি এটি আপনাকে সাহায্য করবে। শুভেচ্ছা।"
28080,"হেলো, মূত্রনালীর অন্তর্নিহিত ক্যালকুলাস বা পাথর থাকার সমস্ত সম্ভাবনা রয়েছে, যা কিডনি বা মূত্রনালীর সমস্যার কারণ হতে পারে। এই সীমার লক্ষণগুলো ডি-ডাইমার ডিআইসি (প্রস্রাবের পথ প্রসারিত হওয়া) বা ভিওটিটি (ভেনাস থ্রম্বোইম্বোলিজম)-এর উপস্থিতি নির্দেশ করে, আক্কেল দাঁত নয়। তার নিবিড় পর্যায়ে হেমাটোলজিস্ট, বিশেষজ্ঞ চিকিৎসক এবং ইউরো ফিজিশিয়ানদের একটি ওয়ার্ক-আপ দলের মাধ্যমে চিকিৎসা প্রয়োজন। আশা করি আমি আপনার প্রশ্নের উত্তর দিতে পেরেছি। আমি আপনাকে আরও কোনোভাবে সাহায্য করতে পারি কিনা তা জানাবেন।"
70496,"হেলো। আপনার তথ্য অনুযায়ী, আপনার এই অবস্থাকে কোকিডাইনিয়া বলা হয়, যার সহজ অর্থ হলো হাড়ের হাড়ের ব্যথা। সঠিক ওষুধ এবং সতর্কতা অবলম্বন না করলে এই অবস্থা দীর্ঘস্থায়ী হতে পারে। প্রথমে বসার সময় সবসময় সেই জায়গার চারপাশে প্যাডিং ব্যবহার করা উচিত। ওই এলাকায় ক্রমাগত জ্বালাপোড়ার কারণে কোনো ধরনের আঘাত বা আঘাত পাওয়া থেকে বিরত থাকুন। দীর্ঘক্ষণ এক অবস্থানে বসে থাকা এড়িয়ে চলুন। আপনার চিকিৎসকের সাথে পরামর্শ করুন, যিনি আপনাকে অ্যান্টি-ইনফ্ল্যামেটরি ওষুধ দিতে পারেন। চিকিৎসার ধরন এমআরআই রিপোর্টের ওপর ভিত্তি করে হাড়ের অন্তর্নিহিত ক্ষতির অবস্থা এবং তীব্রতার ওপর নির্ভর করে। আশা করি এটি আপনাকে সাহায্য করবে। শুভেচ্ছা।"
19245,"আপনার উদ্বেগগুলো বুঝতে পেরেছি এবং আপনার বিস্তারিত তথ্যগুলো দেখেছি। আপনি যখন আপনার মূত্রাশয় পুরোপুরি খালি করার চেষ্টা করেন, তখন জেলির মতো পদার্থটি আপনার বীর্য। বীর্য একটি বর্জ্য পদার্থ এবং এটি আপনার শরীরে জমা থাকে। আপনি যদি হস্তমৈথুন না করেন বা যৌন মিলনে লিপ্ত না হন, তবে আপনার শরীর এটি বের করে দেওয়ার উপায় খুঁজে নেয়। এর সাধারণ উপায় হলো প্রস্রাবের মাধ্যমে এবং রাতে বীর্যপাত। চিন্তার কিছু নেই এবং এটি স্বাভাবিক। দ্বিতীয় সমস্যার জন্য আপনাকে একজন চর্মরোগ বিশেষজ্ঞের পরামর্শ নিতে হবে। এতে অ্যালার্জির প্রতিক্রিয়া হতে পারে। এই বিষয়ে আপনার আরও সাহায্যের প্রয়োজন হলে, অনুগ্রহ করে এই ইউআরএলটি ব্যবহার করুন। http"
21450,"হেলো, সিট্রন একটি অ্যান্টিকোয়াগুল্যান্ট (রক্ত পাতলা করার ওষুধ)। এর সাধারণ পার্শ্বপ্রতিক্রিয়াগুলো হলো রক্তপাতের প্রবণতা, বুকে ব্যথা, মাথা ঘোরা। অসাড়তা এবং ঝিঁঝিঁ ধরা কম সাধারণ পার্শ্বপ্রতিক্রিয়া। একইভাবে, বাড়িতে পরীক্ষা- এটি মূলত উচ্চ কোলেস্টেরল এবং রক্তাল্পতার জন্য ব্যবহৃত হয় এবং এর সাধারণ পার্শ্বপ্রতিক্রিয়াগুলো হলো পেটে অস্বস্তি বা ডায়রিয়া। আমার মনে হয়, এর পাশাপাশি আমাদের তার অসাড়তার আরও কিছু কারণ খুঁজে বের করতে হবে এবং তা নিশ্চিত করতে হবে। কমপ্লিট ব্লাড কাউন্ট, ভিটামিন বি১২ লেভেল, শর্করার মাত্রা এবং নার্ভ কন্ডাকশন স্টাডির মতো কিছু পরীক্ষা করান। নিজের যত্ন নেবেন। আশা করি আমি আপনার প্রশ্নের উত্তর দিতে পেরেছি। আমি আপনাকে আরও কোনোভাবে সাহায্য করতে পারি কিনা তা জানাবেন।"
56338,"হেলো। আমাদের কাছে লেখার জন্য ধন্যবাদ। আপনার যে ব্যথা হচ্ছে তা শারীরিক অবস্থানের অসামঞ্জস্যতা এবং ভুল ভঙ্গির কারণে হতে পারে। যেহেতু এমআরআই রিপোর্ট স্বাভাবিক, তাই কোনো গুরুতর রোগ থাকার সম্ভাবনা নেই। সঠিক আরামের জন্য আপনার শরীরের ভঙ্গি উন্নত করা এবং নিয়মিত ব্যায়াম করা প্রয়োজন। আমি আশা করি এই তথ্যটি আপনার জন্য তথ্যবহুল এবং সহায়ক হয়েছে। আপনি আমার প্রোফাইল ইউআরএল http-এর মাধ্যমে সরাসরি আমার সাথে আবার পরামর্শ করতে পারেন।"
64683,"হেলো, নাসেনিয়া ডক ফোরামে আপনাকে স্বাগতম। এটি একটি গুরুতর অবস্থা, যার চিকিৎসা করা খুব কঠিন হতে পারে। আমি আপনাকে রোগ নির্ণয়ের জন্য একজন গ্যাস্ট্রোএন্টেরোলজিস্টের সাথে পরামর্শ করার পরামর্শ দিচ্ছি। অনেক নতুন নাসেনিয়া ডক রয়েছে। তারা তাকে কিছু সময়ের জন্য আরাম দিতে পারে। শেষ উপায় হিসেবে তাকে কয়েক দিনের জন্য আরামদায়ক করার জন্য অ্যাবডোমিনোসেন্টিসিস করা যেতে পারে (তপসী তরলভাবে নিডল অপসারণ)। তার দ্রুত এবং সম্পূর্ণ সুস্থতা কামনা করছি। ধন্যবাদ।"
3584,"হেলো, প্রশ্নটি পোস্ট করার জন্য ধন্যবাদ। আপনার ক্লিনিকাল লক্ষণ অনুযায়ী আমার মনে হয় আপনার মুখে প্রচুর ক্যাভিটি রয়েছে, যা মুখের দুর্বল স্বাস্থ্যবিধির কারণে হতে পারে। আমি আপনাকে একটি পরীক্ষা করানোর জন্য একটি ওপিজি (OPG) এক্স-রে করানোর পরামর্শ দেব। যে দাঁতটি বাঁচানো সম্ভব তা রুট ক্যানেল চিকিৎসা করা যেতে পারে, যা বাঁচানো সম্ভব নয় তা অপসারণ করে ফিক্সড প্রোস্থেসিস দিয়ে প্রতিস্থাপন করা যেতে পারে। ব্যথানাশক হিসেবে ট্যাব প্রায় টিডিএস, ট্যাব ডাইক্লোসেরাটিওপেপটাইডেস টিডিএস এবং ট্যাব ওমেন বিডি (Tab Omen BD) সেবন করুন। সম্পূর্ণ মুখের স্কেলিং এবং মসৃণকরণ করান। নিজের যত্ন নিন!"
103506,"হেলো প্রিয়, নাসেনিয়া ডকের সাথে যোগাযোগ করার জন্য আপনাকে ধন্যবাদ। আমি আপনার উদ্বেগ পড়েছি এবং বুঝতে পেরেছি। আমি নাসেনিয়া ডক, আপনার উদ্বেগের উত্তর দিচ্ছি। হ্যাঁ, ইনফেকশাস মনোনিউক্লিওসিস দীর্ঘস্থায়ী সংক্রমণ হিসেবে দেখা দিতে পারে। সাধারণত ইনফেকশাস মনোনিউক্লিওসিসের সংক্রমণ খুব নিরীহ হয়, এটি কোনো পার্শ্বপ্রতিক্রিয়া ছাড়াই সেরে যায়। তবে কিছু ক্ষেত্রে এটি দীর্ঘস্থায়ী সংক্রমণ হিসেবে দেখা দিতে পারে, যা ইমিউনোকম্প্রোমাইজড রাজ্যে, অঙ্গ প্রতিস্থাপন এবং ক্যান্সার কেমোথেরাপির ক্ষেত্রে বেশি দেখা যায়। এই অবস্থার পূর্বাভাস খুবই খারাপ। আমার সন্দেহ হচ্ছে আপনি দীর্ঘস্থায়ী সংক্রমণে ভুগছেন। রোগ নির্ণয়ের জন্য আপনি ভাইরাল অ্যান্টিবডি পরীক্ষা করাতে পারেন। দীর্ঘস্থায়ী অবস্থার চিকিৎসা অত্যন্ত চ্যালেঞ্জিং। শুধুমাত্র ক্রনিক ফ্যাটিগ বিশেষজ্ঞ আপনাকে সাহায্য করতে পারেন। আপনার পরবর্তী যেকোনো প্রশ্নের উত্তর দিতে আমি খুশি হব bit.ly/ নাসেনিয়া ডক লিঙ্কে। ধন্যবাদ, নাসেনিয়া ডক, সংক্রামক রোগ বিশেষজ্ঞ, নাসেনিয়া ডক।"
65626,নাসেনিয়া ডকে আপনার প্রশ্নের জন্য ধন্যবাদ। আমি আপনার উদ্বেগ বুঝতে পারছি। পালমোনারি এম্বলিজম (PE)-এর কারণে পালমোনারি হাইপারটেনশন (PH) নিরাময় করা সম্ভব। পিএইচ-এর অন্যান্য সব কারণ নিরাময়যোগ্য নয়। আমরা ওষুধের মাধ্যমে রোগের অগ্রগতি নিয়ন্ত্রণ করতে পারি। তাই আপনার স্বামীর ক্ষেত্রে দীর্ঘমেয়াদে পিএইচ ওষুধ চালিয়ে যাওয়া উচিত। ওষুধের মাধ্যমে অবস্থার উন্নতি ভালো হয় এবং রোগী স্বাভাবিক জীবনযাপন করতে পারেন। আশা করি আমি আপনার প্রশ্নের সমাধান করতে পেরেছি। আপনাকে আরও সাহায্য করতে পারলে আমি খুশি হব। আপনার স্বামীর সুস্বাস্থ্য কামনা করছি। ধন্যবাদ।
60757,"প্রিয়, মিষ্টি খাওয়ার পর বমি হওয়া সাধারণত পাকস্থলী বা খাদ্যনালীর প্রদাহ বা রিফ্লাক্সের কারণে হয়ে থাকে। তবে এটি হওয়ার আগে শিশু সাধারণত এপিগ্যাস্ট্রিক ব্যথার কথা বর্ণনা করে, যা বুকের মাঝখানে বা কখনও কখনও বুকের মাঝখানে অনুভূত হয়। ওমেপ্রাজল ২০ মিগ্রা-এর মতো পিপিআই (PPI) ট্রায়াল ১ মাসের জন্য সহায়ক, যদি এটি থেকে যায় তবে আমি এন্ডোস্কোপির পরামর্শ দিচ্ছি। জয়েন্টের ব্যথা এবং নিতম্বের ব্যথার বিষয়ে, যদি এগুলো বমির সাথে সামঞ্জস্যপূর্ণ হয় এবং বমির সাথে পেটের ব্যথার কোনো সম্পর্ক না থাকে, তবে রোগ নির্ণয়ের জন্য আরও ইতিহাস এবং সম্পূর্ণ শারীরিক পরীক্ষার প্রয়োজন, কারণ এই সমস্ত লক্ষণ জুভেনসাইটিস রোগের কারণ হতে পারে। তার মূল্যায়নের জন্য তার শিশু বিশেষজ্ঞের সাথে দেখা করুন। আশা করি এটি সাহায্য করবে।"
23110,"হেলো... আপনার অনুসন্ধানের জন্য ধন্যবাদ। প্রদত্ত লক্ষণগুলোর ওপর ভিত্তি করে, আপনার ছেলে বাইপোলার ডিসঅর্ডারে ভুগছে বলে মনে হচ্ছে। সে বর্তমানে মুড স্ট্যাবিলাইজার এবং অ্যান্টিসাইকোটিক ওষুধের সংমিশ্রণে রয়েছে, যা এই ক্ষেত্রে উপযুক্ত। মেডিটেশন, হিপনোসিস এবং বিকল্প থেরাপি সাইকোসিস বা বাইপোলার ডিসঅর্ডারের চিকিৎসায় খুব একটা কার্যকর নয়। তবে পর্যাপ্ত ঘুমের অবশ্যই একটি সুরক্ষামূলক ভূমিকা রয়েছে। তার সুস্বাস্থ্য কামনা করি। শুভেচ্ছা, নাসেনিয়া ডক।"
67409,"আপনার উল্লিখিত লক্ষণগুলো মূলত কোনো গ্যাস্ট্রিক সংক্রমণের ইঙ্গিত দেয়, যার জন্য আপনি একজন বিশেষজ্ঞের পরামর্শ অনুযায়ী অ্যান্টিবায়োটিক গ্রহণ করতে পারেন, বিশেষ করে অফ্লক্স-ওজেড (Oflox-OZ) বা জিফি-ওজেড (Gfi-OZ)। গুরুতর গ্যাস্ট্রিক সমস্যার জন্য আপনি খালি পেটে খাবারের এক ঘণ্টা আগে মলত্যাগ বা রিস্টোরেশন করতে পারেন। পেটের ব্যথা এবং ফোলাভাবের জন্য আপনি সাইক্লোপস (cyclops) বা মেফটাল-স্পাজ (meftal-spas) নিতে পারেন। প্রতিদিন একবার মেগনিউরন-প্লাস (Menuron-plus) বা মেটিল্ডা-ফোর্ট (metilda-forte)-এর মতো মাল্টিভিটামিন গ্রহণ করুন।"
70167,"হেলো! শুভ সন্ধ্যা। আমি নাসেনিয়া ডক, আপনার প্রশ্নের উত্তর দিচ্ছি। আমি যদি আপনার ডাক্তার হতাম, তবে সাধারণ শারীরিক পরীক্ষার পর, আমি আপনাকে বাইরের খাবার এড়িয়ে চলার পরামর্শ দিতাম যাতে কোনো ধরনের অন্ত্রের সংক্রমণ না হয়। আমি সিবিসি (CBC)-এর মতো রুটিন রক্ত পরীক্ষা এবং পরজীবী সংক্রমণ ও/অথবা ইউটিআই (UTI) আছে কিনা তা নিশ্চিত করার জন্য রুটিন মল ও প্রস্রাব পরীক্ষা করতাম এবং পজিটিভ হলে তার চিকিৎসা করতাম। এছাড়াও, পেটের আল্ট্রাসাউন্ড পেটের অন্য কোনো অভ্যন্তরীণ সমস্যা আছে কিনা তা নিশ্চিত করবে। ততক্ষণ পর্যন্ত, আমি আপনাকে অ্যান্টি-স্পাসমোডিক এবং একটি প্রোটন পাম্প ইনহিবিটর সেবনের পরামর্শ দেব। আমি আশা করি এই তথ্যটি আপনার সমস্যার পরবর্তী ব্যবস্থাপনার জন্য আপনার পারিবারিক চিকিৎসক বা আপনার চিকিৎসা প্রদানকারী ডাক্তারের সাথে আলোচনা করতে সাহায্য করবে। কোনো সন্দেহ থাকলে নির্দ্বিধায় জিজ্ঞাসা করবেন। আপনার স্বাস্থ্য সমস্যা নিয়ে সন্দেহ দূর করতে নাসেনিয়া ডককে বেছে নেওয়ার জন্য ধন্যবাদ। আমি আপনার দ্রুত আরোগ্য কামনা করি। নাসেনিয়া ডক। আমি আশা করি এই তথ্যটি আপনার সমস্যার পরবর্তী ব্যবস্থাপনার জন্য আপনার পারিবারিক চিকিৎসক বা আপনার চিকিৎসা প্রদানকারী ডাক্তারের সাথে আলোচনা করতে সাহায্য করবে। কোনো সন্দেহ থাকলে নির্দ্বিধায় জিজ্ঞাসা করবেন। আপনার স্বাস্থ্য সমস্যা নিয়ে সন্দেহ দূর করতে নাসেনিয়া ডককে বেছে নেওয়ার জন্য ধন্যবাদ। আমি আপনার দ্রুত আরোগ্য কামনা করি। নাসেনিয়া ডক। আমি আশা করি এই তথ্যটি আপনার সমস্যার পরবর্তী ব্যবস্থাপনার জন্য"
16378,"হেলো। আপনার অনুসন্ধানের জন্য ধন্যবাদ। কোলোনোস্কোপি এবং পলিপ অপসারণের পর পেটে তীব্র এবং তীব্র ব্যথা হলো ছিদ্র বা হেমাটোমা তৈরি হওয়া। আপনাকে তাকে পুনরায় জরুরি বিভাগে বা হাসপাতালে নিয়ে যেতে হবে এবং তাকে ভর্তি করাতে হবে, কারণ পরবর্তী ৭২ ঘণ্টার মধ্যে যেকোনো সময় সম্ভাব্য জটিলতা দেখা দিতে পারে। তাকে মুখে খাওয়ার স্যালাইন, শিরায় স্যালাইন এবং অ্যান্টিবায়োটিক দেওয়া প্রয়োজন। স্ট্যান্ডিং এক্স-রে এবং সিটি স্ক্যানের পরীক্ষা সাহায্য করবে। কোলোনোস্কোপি বা বেরিয়াম স্টাডির কোনো প্রয়োজন নেই।"
39390,"হেলো, হেপাটাইটিস সি-এর চিকিৎসার পর সাধারণত লিভার এনজাইম স্বাভাবিক মাত্রায় নেমে আসে, বিশেষ করে যদি আপনি সুস্থ হয়ে থাকেন। তবে, যদি চিকিৎসার আগে উল্লেখযোগ্য পরিমাণে প্রদাহ হয়ে থাকে এবং আপনার লিভার এনজাইম বেশি থাকে, তবে সেগুলো স্বাভাবিক অবস্থায় ফিরে আসতে কিছুটা সময় লাগতে পারে। ফ্যাটি লিভার বা অন্য কোনো অস্বাভাবিক লিভার এনজাইম (যেমন অটোইমিউন লিভার ডিজিজ, অন্যান্য ভাইরাল হেপাটাইটিস, হিমোক্রোমাটোসিস ইত্যাদি) এর অন্য কোনো কারণ আছে কি না তা নিশ্চিত করার জন্য আমি আপনাকে অবশ্যই আপনার ডাক্তারের সাথে পরামর্শ করার পরামর্শ দেব। অ্যালকোহল এড়িয়ে চলুন।"
82051,"হেলো, আমার মনে হয় আপনি বাম কাঁধের জয়েন্টের প্রদাহ বা জয়েন্ট তৈরির পেশী ও লিগামেন্টের উৎসের প্রদাহে ভুগছেন, যার ফলে জয়েন্টের ক্রমাগত ব্যবহারের ফলে হাড়ের সংকোচনের ফলে লিগামেন্ট এবং এমএস-এর ওপর জয়েন্ট তৈরি হয়েছে। হাত উপরে তোলার সময় এটি অত্যন্ত বেদনাদায়ক হতে পারে। ইএসআর (ESR) এবং সিআরপি (CRP)-এর মতো ত্রুটি এবং পরবর্তী পরীক্ষার জন্য আপনার অবশ্যই একটি এক্স-রে এবং এমআরআই স্ক্যান করানো উচিত। আপনাকে অন্তত দুই সপ্তাহ হাত না নাড়িয়ে ব্যথানাশক এবং প্রদাহরোধী ওষুধ সেবন করতে হবে, আর্ম স্লিং ব্যবহার করতে হবে, এতে আপনি সম্পূর্ণ আরাম বোধ করবেন। আশা করি উপরের তথ্যগুলো আপনাকে সাহায্য করবে। আরও কোনো স্পষ্টীকরণের প্রয়োজন হলে নির্দ্বিধায় জিজ্ঞাসা করুন।"
40003,"প্রিয় ব্যবহারকারী, নাসেনিয়া ডকে লেখার জন্য আপনাকে ধন্যবাদ। ইরেক্টাইল সমস্যার বিষয়ে আপনার উদ্বেগ আমি বুঝতে পারছি। হস্তমৈথুন হলো যৌন তৃপ্তি পাওয়ার জন্য একটি স্বাস্থ্যকর যৌন প্রক্রিয়া এবং এটি ইরেক্টাইল সমস্যা বা পুরুষত্বহীনতার কারণ হয় না। আপনি যদি সম্প্রতি বন্ধ করা ইরেক্টাইল ওষুধের নাম জানান, তবে তা আমাদের জন্য সহায়ক হবে। আপনার বয়সে বেশিরভাগ সময় ইরেক্টাইল সমস্যা মানসিক কারণে হয়ে থাকে (হস্তমৈথুনের অনুভূত প্রভাব নিয়ে উদ্বেগ বা নিজের যৌন সক্ষমতা নিয়ে উদ্বেগ)। অনুগ্রহ করে আপনার নিকটস্থ একজন মনোরোগ বিশেষজ্ঞের সাথে পরামর্শ করুন। কাউন্সেলিং এবং বিহেভিয়ার থেরাপি আপনার জন্য পিলের চেয়ে অনেক বেশি কার্যকর। শুভেচ্ছা।"
23378,"হেলো, নাসেনিয়া ডকে অনুসন্ধান করার জন্য ধন্যবাদ। আমি আপনার অনুসন্ধানটি গভীরভাবে পর্যালোচনা করেছি এবং আপনার উদ্বেগগুলো বুঝতে পেরেছি। চোখের সিস্টের কারণ। কান এবং বুকে পিণ্ডের মতো পিণ্ডটি মূলত আইইডি (IED) ফেটে যাওয়ার স্প্লিন্টার আঘাতের কারণে হয়েছে। প্রতিকার- অন্যান্য সমস্ত অভিযোগ একজন ইআর সার্জনের মাধ্যমে পর্যালোচনা এবং তদন্ত করা প্রয়োজন, যিনি কারণ অনুযায়ী চিকিৎসা করবেন। আমি শরীরের এফবি (FB) সম্পর্কিত সিস্ট এবং পিণ্ড আছে কিনা তা নিশ্চিত করার জন্য মাথার খুলি এবং বুকের এক্স-রে করার পরামর্শ দেব। এবং সেই অনুযায়ী চিকিৎসা নিন। এটি আপনাকে আপনার ডাক্তারের সাথে চিকিৎসার পরিকল্পনা করতে সাহায্য করবে। চিন্তা করবেন না, সবকিছু ঠিক হয়ে যাবে। আশা করি এটি আপনার প্রশ্নের সমাধান করবে। এ বিষয়ে আরও কোনো প্রশ্ন থাকলে স্বাগতম। আপনার দ্রুত আরোগ্য কামনা করছি। শীঘ্রই একটি ভালো রিভিউ দিতে ভুলবেন না। আপনার দিনটি ভালো কাটুক।"
67924,"শুভ দিন, এবং অনুসন্ধানের জন্য ধন্যবাদ। এমআরএসএ (MRSA) একটি অত্যন্ত জেদি সংক্রমণ এবং আপনার স্বামীর সাথে মিলনের মাধ্যমে এটি ছড়াতে পারে। আপনার শিশুও ঝুঁকির মধ্যে রয়েছে। আপনার হাত ধুয়ে নিন। সতর্কতার সাথে হাত ধোয়া জীবাণুর বিরুদ্ধে আপনার সর্বোত্তম সুরক্ষা হিসেবে কাজ করে। অন্তত ১৫ সেকেন্ড দ্রুত হাত ধুয়ে ফেলুন, তারপর ডাক্তারের সাথে চ্যাট করুন। সাবান এবং পানির অভাব থাকলে অন্তত ৬২ শতাংশ অ্যালকোহলযুক্ত হ্যান্ড স্যানিটাইজারের একটি ছোট বোতল সাথে রাখুন। ক্ষতটি ঢেকে রাখুন। কাটা এবং ঘর্ষণ পরিষ্কার রাখুন এবং জীবাণুমুক্ত রাখুন।"
8084,"হেলো, নাসেনিয়া ডকে আপনার প্রশ্নটি পোস্ট করার জন্য ধন্যবাদ... সংক্ষিপ্ত উত্তর। হৃদপিণ্ডের ধড়ফড়ানির জন্য আরও পরীক্ষা-নিরীক্ষার প্রয়োজন। ব্যাখ্যা করা হয়েছে যে, এটি কিছুটা উদ্বেগের বিষয়। এর কারণগুলোর মধ্যে রয়েছে মানসিক চাপ, পরিশ্রম, অতিরিক্ত ক্যাফেইনযুক্ত পানীয়। অ্যাট্রিয়াল ফিব্রিলেশন, হার্ট ফেইলিওর ইত্যাদির মতো অন্যান্য প্যাথলজিক্যাল কারণও থাকতে পারে। আমি আমার রোগীদের নিম্নলিখিত ইসিজি (ECG) করার পরামর্শ দিই, ৪৮ ঘণ্টার জন্য হোল্টার ব্যবহারের প্রয়োজন হতে পারে এবং কিছু ল্যাব পরীক্ষার প্রয়োজন হতে পারে। আপনার দেওয়া তথ্য সঠিক মতামত দেওয়ার জন্য যথেষ্ট নয়। যদি কেউ এই অবস্থা নিয়ে আমার কাছে আসে, তবে আমি তাদের মেডিকেল হিস্ট্রি সম্পর্কে জিজ্ঞাসা করব। উপসংহার।"
18840,"হ্যাঁ, আপনার উদ্বেগটি খুবই যথার্থ। আমার ক্লিনিকে, আমি প্রথমে এই ধরনের দীর্ঘস্থায়ী রোগীদের রক্তে শর্করার মাত্রা পরীক্ষা করার পরামর্শ দিই এবং যদি ডায়াবেটিস ধরা পড়ে, তবে ইনসুলিনের মাধ্যমে সুগার কঠোরভাবে নিয়ন্ত্রণ করা সম্ভব। আপনার ক্ষেত্রে, এটি কার্বাঙ্কলের মতো মনে হচ্ছে। আমার রোগীদের ক্ষেত্রে, আমি এক্স-রে করার পরামর্শ দিই যাতে কোনো গভীর প্রসারণ আছে কি না তা নিশ্চিত হওয়া যায়। ফোলাভাবের আকার, ছড়িয়ে পড়া এবং রোগীর শারীরিক সক্ষমতার ওপর নির্ভর করে, আমি অ্যানেস্থেশিয়ার মাধ্যমে ফোলা পুরোপুরি নির্মূল করার জন্য রোগীকে অপারেশন থিয়েটারে নিয়ে যাই, যাতে কোনো সিস্ট প্রাচীর না থাকে, যা দীর্ঘস্থায়ী হওয়ার কারণ হতে পারে। অস্ত্রোপচারের পর অ্যান্টিবায়োটিক, ব্যথানাশক এবং ভিটামিন সি (ভালো ক্ষত নিরাময়ের জন্য) প্রেসক্রাইব করা হয়। আশা করি এই তথ্য আপনার কাজে আসবে। ধন্যবাদ। শুভেচ্ছা।"
17140,"হেলো, আশা করি আমি আজ আপনাকে সাহায্য করতে পারব। গর্ভাবস্থায় প্লেটলেট কমে যাওয়া, যাকে থ্রম্বোসাইটোপেনিয়া বলা হয়, তা গর্ভাবস্থায় তুলনামূলকভাবে সাধারণ একটি রোগ নির্ণয়। গর্ভকালীন থ্রম্বোসাইটোপেনিয়া এমন একটি অবস্থা যেখানে প্লেটলেটের মাত্রা কমে যায়। এটি গর্ভাবস্থার কারণেই ঘটে এবং সাধারণত প্রসবের পর এই মাত্রা স্বাভাবিক অবস্থায় ফিরে আসে। প্লেটলেট হলো শরীরের কোষ যা আপনার রক্ত জমাট বাঁধতে সাহায্য করার জন্য তৈরি। সাধারণত, প্লেটলেটের সংখ্যা কমে গেলে কখনও কখনও রক্তপাতের সময় বাড়তে পারে, তবে গর্ভাবস্থায় আপনার শরীর অতিরিক্ত রক্ত জমাট বাঁধার কারণ তৈরি করে, যা প্রসবের সময় অতিরিক্ত রক্তপাত থেকে রক্ষা করে। যদি একজন মায়ের প্লেটলেটের সংখ্যা ৫০,০০০-এর বেশি হয়, তবে প্রসবের সময় রক্তপাতজনিত জটিলতার সম্ভাবনা খুবই কম। আপনার সন্তান না হওয়া পর্যন্ত আপনার প্লেটলেট পর্যবেক্ষণ চালিয়ে যাওয়া উচিত, কারণ গর্ভাবস্থার অন্যান্য রোগও প্লেটলেটের সংখ্যা কমিয়ে দিতে পারে এবং আপনার প্রসবপূর্ব যত্ন প্রদানকারীকে এ বিষয়ে সতর্ক থাকতে হবে। এই সময়ে, আপনার থ্রম্বোসাইটোপেনিয়া আপনার স্বাস্থ্য বা শিশুর কোনো ঝুঁকি রাখে না। প্লেটলেটের সংখ্যা কম হলে তা আপনার পরিশ্রম এবং প্রসবের অভিজ্ঞতাকে প্রভাবিত করতে পারে। এপিডিউরাল অ্যানেস্থেশিয়া হলো জিই, যা সাধারণত প্লেটলেটের সংখ্যা ১০০,০০০-এর নিচে হলে সুপারিশ করা হয় না। তাই প্রসবের সময় আপনার প্লেটলেটের সংখ্যার ওপর ভিত্তি করে আপনি এপিডিউরাল অ্যানেস্থেশিয়ার জন্য যোগ্য হতে পারেন বা নাও হতে পারেন।"
74647,"হেলো এবং নাসেনিয়া ডকে আপনাকে স্বাগতম। এটি পিত্তথলি বা লিভারের সমস্যার কারণে হতে পারে এবং এটি এই ধরনের ব্যথার সবচেয়ে সাধারণ কারণ। পাথরের কারণে পিত্তথলিতে বাধার ক্ষেত্রে ইন্ট্রাহেপাটিক নালী প্রসারিত হওয়া সাধারণত দেখা যায়, তবে লিভার ফাইব্রোসিস বা হেপাটাইটিসের কারণেও এটি হতে পারে। এমআরআই-এর ফলাফলের পর খুব কমই টিউমার নির্ণয় করা হয়। তাই যদি ব্যথা অব্যাহত থাকে এবং ঘন ঘন হেপাটোলজিস্টের সাথে যোগাযোগ করা হয়, তবে আপনার কোলেসিস্টেক্টমি করা উচিত। অনুসন্ধানের জন্য ধন্যবাদ। আপনার সুস্বাস্থ্য কামনা করি। শুভেচ্ছা।"
1825,"নাসেনিয়া ডকে আপনার প্রশ্নের জন্য ধন্যবাদ। আমি আপনার পরিস্থিতি এবং সমস্যাটি বুঝতে পারছি। হ্যাঁ, স্ট্রেচ মার্কের কারণে মার্কের জায়গায় তীব্র ব্যথা হতে পারে। তবে যেহেতু আপনি স্থূল, তাই প্রথমে আপনার বুকের ব্যথার জন্য হৃদরোগের কারণটি বাদ দেওয়া ভালো। স্থূল রোগীদের কোলেস্টেরলের মাত্রা বেশি থাকে। আর করোনারি ধমনীতে কোলেস্টেরল জমার কারণে করোনারি ধমনীতে বাধার সম্ভাবনা বেশি থাকে। আর এর ফলে বুকে ব্যথা হতে পারে। তাই প্রথমে ইসিজি (ECG) এবং টু-ডি ইকো (2D echo) করিয়ে নেওয়া ভালো। যদি উভয়ই স্বাভাবিক থাকে, তবে হৃদরোগ নিয়ে খুব বেশি চিন্তার প্রয়োজন নেই। আপনার যত দ্রুত সম্ভব ওজন কমানো উচিত। অতিরিক্ত চর্বিযুক্ত টিস্যু স্ট্রেচ মার্কের জায়গায় প্রদাহজনক প্রতিক্রিয়া সৃষ্টি করতে পারে। তাই প্রথমে হৃদরোগের কারণটি বাদ দিন এবং ওজন কমানো শুরু করুন। ওজন কমে গেলে প্রদাহ কমে যাবে এবং ব্যথাও কমে যাবে। বর্তমানে, আপনি সাধারণ ব্যথানাশক এবং অ্যান্টি-ইনফ্ল্যামেটরি ওষুধ খেতে পারেন। আশা করি আমি আপনার প্রশ্নের সমাধান দিতে পেরেছি। আপনার সুস্বাস্থ্য কামনা করি। ধন্যবাদ।"
88506,"হেলো... চিন্তা করবেন না। আপনার শিশু ভালো আছে। মাথার খুলি বা মস্তিষ্কের কোনো ক্ষতি হলে শিশু এমন আচরণ করবে না (আপনি বলেছেন আপনার শিশু ভালো আছে এবং এই ডেন্টটি একটি আনুষঙ্গিক ফলাফল)। সে স্বাভাবিক এবং বিকাশগতভাবে স্বাভাবিক আচরণ করছে বলে তার শারীরিক অবস্থা ঠিক আছে। আশা করি আমার উত্তরটি আপনার জন্য সহায়ক ছিল। আমি যেকোনো সময় সাহায্য করতে পেরে খুশি। নাসেনিয়া ডকে আরও কোনো প্রশ্ন বা পরামর্শের জন্য স্বাগত। যদি আপনার আর কোনো প্রশ্ন না থাকে, তবে আপনি আলোচনাটি বন্ধ করে উত্তরটিকে রেটিং দিতে পারেন। আপনার সন্তানের সুস্বাস্থ্য কামনা করি।"
6243,"হেলো। নাসেনিয়া ডকে জিজ্ঞাসা করার জন্য আপনাকে ধন্যবাদ। আমি আপনার ইতিহাস দেখেছি এবং আজীবন ইমিউনোথেরাপি নিয়ে আপনার উদ্বেগ বুঝতে পেরেছি। ইমিউনোথেরাপির (শট) সময়কাল সম্পর্কে সিদ্ধান্তটি সম্পূর্ণ আলাদা। আমি যখন আপনার চিকিৎসা করতাম, তখন বন্ধ করার পরিকল্পনা করার আগে আমি আপনার সাথে কিছু গুরুত্বপূর্ণ উদ্বেগ নিয়ে আলোচনা করতে চাইতাম। ১. সবচেয়ে গুরুত্বপূর্ণ বিষয় - আপনি যে ইনজেকশনটি নিয়েছিলেন তা জীবন-হুমকিপূর্ণ প্রতিক্রিয়া ছিল, তাই এটি জীবন-হুমকিপূর্ণ। ইমিউনোথেরাপির আজীবন ধারাবাহিকতা সবচেয়ে নিরাপদ পদ্ধতি। ২. আমি আপনাকে ইনজেকশন শুরু করার ৫ বছর পর ভেস্টেড ভেনম থেকে সিরাম স্পেসিফিক আইজিই (IGE) স্কিন টেস্ট করার পরামর্শ দেব। যদি উভয়ই নেতিবাচক হয়, তবে আমি সেই সময়ে ইনজেকশন বন্ধ করার পরামর্শ দেব, যদি আপনার পরিবেশ, জীবনধারা এবং পেশা আপনাকে ইনজেকশন দেওয়ার উচ্চ ঝুঁকিতে না ফেলে। আশা করি এটি আপনার জন্য সহায়ক হবে। আপনার সুস্বাস্থ্য কামনা করি। শুভেচ্ছা।"
60359,"হেলো, প্রিয়। আমি আপনার প্রশ্নটি দেখেছি। আমি আপনার উদ্বেগ বুঝতে পারছি। আপনার স্প্লেনোমেগালি এবং থ্রম্বোসাইটোপেনিয়া রয়েছে। আপনার লিম্ফোমার মতো কোনো গুরুতর রোগ থাকতে পারে। অথবা আপনার কোনো গুরুতর সংক্রমণও থাকতে পারে। থ্রম্বোসাইটোপেনিয়ার কারণ খুঁজে বের করার জন্য আপনার বোন ম্যারো পরীক্ষা করা উচিত। প্রয়োজনে স্প্লেনিক বায়োপসি করান। তারপর সেই অনুযায়ী আপনার চিকিৎসা নেওয়া উচিত। আশা করি আমি আপনার প্রশ্নের উত্তর দিতে পেরেছি, যদি আপনার কোনো সন্দেহ থাকে তবে আমি উত্তর দিতে পেরে খুশি হব। নাসেনিয়া ডক ব্যবহার করার জন্য ধন্যবাদ। আপনার সুস্বাস্থ্য কামনা করি।"
72471,"হেলো। আমাদের কাছে লেখার জন্য ধন্যবাদ। যেহেতু আপনি ফ্লুরোকুইনোলোনসের মতো অ্যান্টিবায়োটিক গ্রহণ করেছেন যা গর্ভাবস্থার প্রথম তিন মাসে সেবনের পরামর্শ দেওয়া হয় না, তাই আদর্শগতভাবে, গর্ভবতী হওয়ার ক্ষেত্রে আপনার শিশুকে রাখা উচিত নয়। তবে যদি আপনার প্রেগন্যান্সি টেস্ট পজিটিভ আসে, তবে আপনার স্ত্রীরোগ বিশেষজ্ঞের সাথে এ বিষয়ে বিস্তারিত আলোচনা করা ভালো। আমি আশা করি এই তথ্যটি আপনার জন্য তথ্যবহুল এবং সহায়ক হয়েছে।"
69853,"হেলো প্রিয়, আপনার প্রশ্নটি পর্যালোচনা করার পর মনে হচ্ছে আপনি মৃত্যু নিয়ে তীব্র উদ্বেগে ভুগছেন। প্রতিদিন গভীর শ্বাস-প্রশ্বাসের ব্যায়াম শুরু করুন। ঘুমানোর আগে আপনার কিছু ধ্যান করা উচিত, বিছানায় শুয়ে পা থেকে শুরু করে উপরের দিকে উঠে আসা উচিত, যাতে মনে হয় আপনার শরীরের প্রতিটি অংশ শিথিল। এরপর মনে করুন যে মন শিথিল হয়েছে এবং আপনি ঘুমের মধ্যে ফিরে এসেছেন। আমি সাধারণত প্যারোক্সেটিনসহ আমার ক্লিনিকে আসা রোগীদের প্রাথমিক সময়ের জন্য ক্লোনাজেপাম প্রেসক্রাইব করি।"
1842,"হেলো, ট্রিগার ফিঙ্গার এবং রিং ফিঙ্গার এবং ছোট আঙুলের অসাড়তা উভয়ই ভিন্ন সমস্যা। ডায়াবেটিস রোগীদের ক্ষেত্রে ট্রিগার ফিঙ্গার সাধারণ এবং রিং ফিঙ্গার সবচেয়ে বেশি আক্রান্ত হয়। রিং ফিঙ্গার এবং ছোট আঙুলের অসাড়তা আলনার স্নায়ুর সমস্যার কারণে হয়। এটি পেরিফেরাল নিউরোপ্যাথি হতে পারে যা আলনার স্নায়ুকে প্রভাবিত করে এবং দীর্ঘমেয়াদী ডায়াবেটিসেও এটি সাধারণ। ট্রিগার ফিঙ্গারের ক্লিনিকাল রোগ নির্ণয় এবং চিকিৎসার মধ্যে রয়েছে ডেপোজ নাসেনিয়া ডক ফিজিওথেরাপি এবং লোকাল ইনজেকশন। পেরিফেরাল নিউরোপ্যাথি নির্ণয়ের জন্য নার্ভ কন্ডাকশন ভেলোসিটি পরীক্ষা করা উচিত। একজন চিকিৎসকের সাথে দেখা করুন এবং রোগ নির্ণয় ও চিকিৎসার জন্য বিস্তারিত ক্লিনিক্যাল পরীক্ষার পরামর্শ দেওয়া হচ্ছে। আশা করি আমি আপনার প্রশ্নের উত্তর দিতে পেরেছি। আমি আপনাকে আরও কোনোভাবে সাহায্য করতে পারি কিনা তা জানাবেন।"
25496,"হেলো, আপনি যদি সুরক্ষিত যৌন মিলন করে থাকেন, তবে এটি আপনার যৌনবাহিত রোগের সংক্রমণের ঝুঁকি কমিয়ে দেয়। তবে, তার জন্য একজন যৌনবাহিত রোগ বিশেষজ্ঞের পরামর্শ নেওয়া এবং কিছু অ্যান্টিবায়োটিক শুরু করা বুদ্ধিমানের কাজ হতে পারে। যদি আপনার লিঙ্গে জ্বালাপোড়া, প্রস্রাবের সময় জ্বালাপোড়া এবং নিঃসরণের মতো উপসর্গ দেখা দেয়, তবে নিজেকে পরীক্ষা করিয়ে নিন। আশা করি আমি আপনার প্রশ্নের উত্তর দিতে পেরেছি। আমি আপনাকে আরও কোনোভাবে সাহায্য করতে পারি কিনা তা জানাবেন।"
56449,"হেলো, আমাদের কাছে লেখার জন্য ধন্যবাদ। পেটে ব্যথার জন্য, আপনার দ্রুত ডাক্তারের পরামর্শ নেওয়া উচিত। বীমা প্রবিধানের কারণে কোলোনোস্কোপিও করা হবে না, তবে এই মুহূর্তে চিকিৎসার প্রয়োজন আছে কিনা তা জানার জন্য পেটের আল্ট্রাসাউন্ড স্ক্যান বা সিটি স্ক্যান করা প্রয়োজন। পলিপ থাকা ব্যক্তিদের এবং যাদের বৃহদন্ত্রের ক্যান্সারের পারিবারিক ইতিহাস রয়েছে, তাদের অন্তত প্রতি ৫ বছর অন্তর কোলোনোস্কোপি পুনরায় করা প্রয়োজন। বর্তমানে ভার্চুয়াল সিটি কোলোনোস্কোপির সম্ভাবনাও রয়েছে এবং আপনার জন্য এটি করা সম্ভব কিনা তা অনুগ্রহ করে আপনার বীমার সাথে যোগাযোগ করুন। ভার্চুয়াল সিটি কোলোনোস্কোপির ফলাফল বাস্তব কোলোনোস্কোপির সাথে তুলনা করা যায়। কোলোনোস্কোপি পেটের পলিপ মূল্যায়ন করবে না এবং এর জন্য আপনাকে আপার গ্যাস্ট্রোইনটেস্টাইনাল এন্ডোস্কোপি করাতে হবে। অনুগ্রহ করে চিন্তা করবেন না।"
89436,"প্রিয়, আমাদের পরিষেবা ব্যবহার করার জন্য ধন্যবাদ। এই পদ্ধতিটি অ্যারিথমিয়া নিয়ন্ত্রণের একটি উপায়। কার্ডিওলজিস্ট একটি ক্যাথেটারের মাধ্যমে স্থানীয় ওষুধ প্রয়োগ করেন এবং এতে হৃদপিণ্ডের প্রতিক্রিয়া পর্যবেক্ষণ করেন। একে ইলেক্ট্রোফিজিওলজিস্ট স্টাডিজও বলা হয়। কার্ডি এবং লিসিনোপ্রিলের সংমিশ্রণ ভালো, প্রথমটি হলো ক্যালসিয়াম চ্যানেল ব্লকার যা অ্যারিথমিয়ার জন্য নির্দেশিত, যেমন সুপারভেন্ট্রিকুলার ট্যাকিকার্ডিয়া। লিসিনোপ্রিল একটি এসিই ইনহিবিটর, যা উচ্চ রক্তচাপের কার্ডিওভাসকুলার রোগের জন্য ভালো এবং এটি হৃদপিণ্ডের বৃদ্ধি নিয়ন্ত্রণে সাহায্য করে। আশা করি আমার পরামর্শ আপনার উপকারে আসবে। নাসেনিয়া ডক।"
14129,"হেলো, প্রিয়, নাসেনিয়া ডক ভার্চুয়াল ক্লিনিকে আপনার জিজ্ঞাসার জন্য ধন্যবাদ। আপনি যে বিস্তারিত তথ্য দিয়েছেন তা আমি পড়েছি। আমি সমস্ত তথ্য পর্যালোচনা করেছি এবং আমার মতে, বাম পায়ের বেগুনি দাগের কারণ, যা ১০ দিন পর হলুদ রঙের মাঝখানে, ব্যথাসহ, হাঁটুর ভাঁজে দেখা দিয়েছে বলে মনে হচ্ছে। ইমপ্রেশন- আমার মনে হয় না এটি রক্ত জমাট বাঁধার কারণে হয়েছে, বরং সাম্প্রতিক অস্ত্রোপচারের চাপের কারণে আপনার শরীরের স্থিরতা এবং দুর্বলতার কারণে হয়েছে। আমি পিণ্ডটি কী তা ব্যাখ্যা করছি এবং আশা করি আপনি এতে সন্তুষ্ট হবেন। আপনি যদি এই উত্তরটি পছন্দ করেন এবং এটি আপনার জন্য সহায়ক মনে করেন, তবে একটি চমৎকার রিভিউ লিখুন, কারণ আপনার মন্তব্য এবং রিভিউ নাসেনিয়া ডক ক্লিনিকে আসা দর্শকদের জন্য আমার রেটিং উন্নত করবে। এই বিষয়ে আরও কোনো প্রশ্ন থাকলে আমাকে জানাতে পারেন। পিণ্ডটির এই জটিল সমস্যা থেকে বেরিয়ে আসতে আমি আপনাকে সাহায্য করতে পারলে খুশি হব। আপনার দ্রুত আরোগ্য কামনা করছি। আপনার দিনটি ভালো কাটুক। নাসেনিয়া ডক। এন. সিনিয়র সার্জিক্যাল স্পেশালিস্ট। এস. জেনারেল-সিভিটিএস।"
72013,"হেলো, আপনার প্রশ্নটি পোস্ট করার জন্য ধন্যবাদ। সম্ভবত আপনি সিনকোপ (সাধারণ অজ্ঞান হয়ে যাওয়া) রোগে ভুগছেন, যা ভ্রমণের ক্লান্তি, তাপ এবং প্রস্রাবের (প্রস্রাব) কারণে হয়েছে। চিন্তার কোনো কারণ নেই, কারণ এটি সাধারণত পুনরায় ফিরে আসে না। তবে, রোগ নির্ণয়ের জন্য একজন স্নায়ুরোগ বিশেষজ্ঞের (নিউরোলজিস্ট) সাথে পরামর্শ করা উপকারী হবে। আপনার যদি আরও কোনো তথ্যের প্রয়োজন হয় তবে অনুগ্রহ করে জানাবেন। শুভকামনা, নাসেনিয়া ডক।"
11132,"হেলো, একই বয়সের একজন হৃদরোগীর আয়ু কম। এটি বর্তমান অবস্থা এবং তার অস্ত্রোপচারের ওপর নির্ভর করে। যদি তার ইতিমধ্যে ওপেন-হার্ট সার্জারি হয়ে থাকে, তবে পুনরায় অস্ত্রোপচারের জন্য বুক খোলা অবশ্যই ঝুঁকিপূর্ণ হবে এবং আগের অস্ত্রোপচারের তুলনায় এটি আরও কঠিন হবে। তবে এটি অসম্ভব নয় এবং নিয়মিত করা হচ্ছে। এটি রোগের সাথে এবং অস্ত্রোপচারের পরবর্তী জীবনের প্রত্যাশার ওপর নির্ভর করে। যদি খুব বেশি পার্থক্য না থাকে, তবে আমরা রোগীকে চিকিৎসা ব্যবস্থাপনায় রাখি। এএফ (AF)-এর কারণে রক্ত জমাট বাঁধার ঝুঁকি থাকে, যা জমাট বাঁধা রোধ করতে রক্ত পাতলা করার ওষুধের প্রয়োজন হয়। এটিকে সাইনাস ছন্দে রূপান্তর করা অপরিহার্য নয় কারণ হার নিয়ন্ত্রিত এএফ সাইনাস ছন্দের সমতুল্য। তাই এটি নিয়ে চিন্তা করবেন না। পরিশেষে, প্রফুল্ল থাকুন কারণ কেউ জানে না তিনি কতদিন বেঁচে থাকবেন। জীবনের প্রতি আমাদের দৃষ্টিভঙ্গিই আমাদের জীবনকে দীর্ঘায়িত করে। আশা করি আমি আপনার প্রশ্নের উত্তর দিতে পেরেছি। আমি আপনাকে আরও কোনোভাবে সাহায্য করতে পারি কিনা তা জানাবেন।"
48202,"হেলো... নাসেনিয়া ডকে পরামর্শের জন্য আপনাকে ধন্যবাদ। সরাসরি দেখার পরেই ত্বকের সমস্যার সঠিক নির্ণয় করা সম্ভব। আমি আপনাকে পরামর্শ দিচ্ছি যে এই ওয়েবসাইটে সমস্যাটির ছবি আপলোড করুন, যাতে আমি আপনাকে বৈজ্ঞানিকভাবে সঠিক নির্দেশনা দিতে পারি। আশা করি আমার উত্তরটি আপনার জন্য সহায়ক ছিল। আমি যেকোনো সময় সাহায্য করতে পেরে খুশি। নাসেনিয়া ডকে আরও কোনো প্রশ্ন বা পরামর্শের জন্য আপনাকে স্বাগত জানাই। যদি আপনার আর কোনো প্রশ্ন না থাকে, তবে আপনি আলোচনাটি বন্ধ করে উত্তরটিকে রেটিং দিতে পারেন। আপনার সন্তানের সুস্বাস্থ্য কামনা করি।"
30335,"হেলো, অনুসন্ধানের জন্য ধন্যবাদ। স্ক্রোটাল স্যাকে সামান্য পিনসহ একটি পিণ্ড (নোড) হেয়ার ফলিকল (ফোড়া) বা সেবাসিয়াস সিস্টের স্টাফিলোকক্কাল সংক্রমণ হতে পারে। তবে, একজন যোগ্য জেনারেল সার্জনের ক্লিনিকাল পরীক্ষার মাধ্যমেই সঠিক রোগ নির্ণয় করা সম্ভব। অণ্ডকোষের ত্বকে প্রচুর পরিমাণে সেবাসিয়াস গ্রন্থি থাকে, তাই ত্বকের নিচে সিবাম জমে সেবাসিয়াস সিস্ট হওয়ার সম্ভাবনা থাকে। সাধারণত এটি কোনো চিকিৎসা ছাড়াই মিলিয়ে যায়, তবে যদি এর আকার বৃদ্ধি পায় বা সংক্রমিত হয় তবে চিকিৎসার প্রয়োজন হয়। এক সপ্তাহের জন্য দিনে দুবার ডক্সিসাইক্লিন এবং ডাইক্লোফেনাক জাতীয় অ্যান্টিবায়োটিক সেবন করুন। অ্যান্টিবায়োটিক নেওয়ার পরেও যদি সমস্যা থেকে যায়, তবে মূল্যায়নের জন্য একজন জেনারেল সার্জনের সাথে পরামর্শ করুন। লোকাল অ্যানেস্থেশিয়ার মাধ্যমে এটি অপসারণ করার প্রয়োজন হতে পারে। ডাক্তারের সাথে চ্যাট করুন।"
22543,"প্রিয় রোগী, আপনার প্রশ্নের জন্য ধন্যবাদ। আপনার শারীরিক অবস্থার জন্য এখানে ডিফারেনশিয়াল ডায়াগনোসিস দেওয়া হলো: ১) রিউমাটয়েড আর্থ্রাইটিস। এটি সাধারণত হাত ফুলে যাওয়া এবং জয়েন্টকে প্রভাবিত করে। আরএ ফ্যাক্টর (RA factor) এবং অ্যান্টি-CCP (Anti-CCCP) সহ সম্পূর্ণ রক্ত পরীক্ষা (CBC) করান। এর সাথে কার্পাল টানেল সিনড্রোম (Carpal tunnel syndrome) যুক্ত। নাসেনিয়া ডক। হাড়ের বিন্যাস চমৎকার কাজ করে। ৩) অস্টিওআর্থ্রাইটিস।"
56345,"হেলো, নাসেনিয়া ডকে আপনাকে স্বাগতম। ডায়াবেটিস টাইপ ১ রোগীদের নিয়মিত চিকিৎসকের তত্ত্বাবধানে থাকতে হয়। আপনার জন্য একজন কেয়ার টেকার হিসেবে, আপনার তার স্বাস্থ্য সমস্যা সম্পর্কে সচেতন এবং শিক্ষিত হওয়া উচিত। ডায়াবেটিস রোগীদের ক্ষেত্রে খিঁচুনি এবং খিঁচুনির সবচেয়ে সাধারণ কারণ হলো হাইপোগ্লাইসেমিয়া। মধ্যরাতে এবং খুব ভোরে হাইপোগ্লাইসেমিয়ার সম্ভাবনা বেশি থাকে। হাইপোগ্লাইসেমিয়া হাইপারগ্লাইসেমিয়ার চেয়ে বেশি বিপজ্জনক। আমি বলব আপনি অবিলম্বে তাকে একজন ডায়াবেটিস বিশেষজ্ঞ, ডায়াবেটিস নার্স, চিকিৎসক বা পারিবারিক চিকিৎসকের কাছে নিয়ে যান। যদি আপনার ডাক্তারের কাছে তাৎক্ষণিক প্রবেশাধিকার না থাকে, তবে নিচের পরামর্শগুলো মেনে চলুন: ১. প্রতিদিন ছয়বার তার রক্তে গ্লুকোজের মাত্রা পর্যবেক্ষণ করুন - প্রতিবার খাবারের আগে (সকালের নাস্তা, দুপুরের খাবার এবং রাতের খাবার) এবং দুই ঘণ্টা পর। একটি রেকর্ড রাখুন। ২. ইনসুলিন ইনজেকশনের মাত্রা এবং ধরন গ্লুকোজের মাত্রার ওপর ভিত্তি করে নির্ধারণ করতে হবে। তিনি যে ইনসুলিন নিচ্ছেন তার ডোজ, সময় এবং ইনজেকশনের ধরন আপনি আমাদের লিখতে পারেন, যাতে আমরা সেই অনুযায়ী পরামর্শ দিতে পারি। ৩. সবচেয়ে ভালো উপায় হলো আমাদের হাইপোগ্লাইসেমিয়া এড়িয়ে চলতে হবে, তবে যদি এমনটি হয়, তবে তাকে অবিলম্বে কিছু বিস্কুট, চিনির গুঁড়ো, রস ইত্যাদি এবং পরবর্তীতে কম গ্লাইসেমিক সূচকযুক্ত কিছু খাবার দিতে হবে। খিঁচুনির আরও কিছু কারণ থাকতে পারে, যা রক্তে শর্করা কঠোরভাবে নিয়ন্ত্রণে রাখার পরেও সমস্যাটি থেকে যায়, তবে আমাদের তা দেখতে হবে। আমি আপনাকে কিছু গুরুত্বপূর্ণ প্রাসঙ্গিক পরামর্শ দেওয়ার চেষ্টা করেছি, যদিও ডায়াবেটিস সম্পর্কে আরও অনেক কিছু জানার এবং বোঝার আছে"
52557,"হেলো, যদি আপনার ডাক্তার আপনাকে ইউটিআই (UTI)-এর জন্য অ্যান্টিবায়োটিক দিয়ে থাকেন, তবে আপনার শ্বেত রক্তকণিকার সংখ্যা স্বাভাবিক সীমার চেয়ে বেশি হতে পারে। যদি আপনার ইউরিনালাইসিসেও ইউটিআই ধরা পড়ে, তবে অ্যান্টিবায়োটিক আপনার উপসর্গগুলো উন্নত করতে সাহায্য করবে। এছাড়া, অন্ত্রের সংক্রমণও অ্যান্টিবায়োটিক দিয়ে চিকিৎসা করা সম্ভব। আপনি দেখতে পাচ্ছেন, সঠিক উত্তর দেওয়ার জন্য আপনার অনেক মেডিকেল তথ্য অনুপস্থিত। আপনি কি ল্যাব টেস্টের রিপোর্টগুলো দিতে পারবেন? চূড়ান্ত সিদ্ধান্তে পৌঁছানোর জন্য আমাকে সেগুলো বিশ্লেষণ করতে হবে। ইতিমধ্যে, আমি আপনাকে আপনার ডাক্তার এবং চ্যাট ডাক্তারের পরামর্শ অনুযায়ী ওষুধ সেবনের পরামর্শ দিচ্ছি। আপনার দ্রুত আরোগ্য কামনা করছি!"
27008,"হেলো, নাসেনিয়া ডকে আপনাকে স্বাগতম। নবজাতক শিশুর মলত্যাগের হার, রঙ এবং ঘনত্বের অনেক ধরন আপনি দেখতে পাবেন। তাই চিন্তা করবেন না। আপনার শিশু বর্তমানে মেকোনিয়াম থেকে হলুদাভ বাদামী রঙের মলের রূপান্তর পর্যায়ে রয়েছে। যেহেতু অন্ত্র পরিবেশ থেকে সুস্থ ব্যাকটেরিয়া দ্বারা শোষিত হচ্ছে, তাই নবজাতকের জন্য এই প্যাটার্নটি স্বাভাবিক। যদি আপনার ডাক্তারের সাথে যোগাযোগ করুন, তবে। যদি"
106342,"প্রিয় বন্ধু, সিরাম ক্রিয়েটিনিন এবং জিওটি (GOT) বেড়ে যাওয়ার জন্য মনোযোগ প্রয়োজন। কারণ ছাড়া এগুলো বাড়ে না। আমি আপনাকে তার সম্পূর্ণ লিভার ফাংশন টেস্ট, কিডনি ফাংশন টেস্ট, প্রস্রাবের রুটিন পরীক্ষা এবং পেটের আল্ট্রাসাউন্ড করার পরামর্শ দিচ্ছি, যা তার কী সমস্যা হয়েছে তার একটি ধারণা দেবে। তার কোনো মেডিকেল ইতিহাস, ডায়াবেটিস, উচ্চ রক্তচাপ বা হাইপারগ্লাইসেমিয়া আছে কিনা তা আমার জানা প্রয়োজন। এখন, আপনার প্রশ্নের উত্তর নির্ভর করবে কারণের ওপর। যদি তার কিডনির কার্যকারিতা কমে যায় এবং তার প্রস্রাবে প্রোটিন থাকে, তবে তার কম প্রোটিনযুক্ত খাবারের প্রয়োজন হবে। বর্তমানে, অবহেলা করবেন না, পরীক্ষাগুলো করান এবং একটি নির্ভরযোগ্য ল্যাব থেকে সেগুলো করিয়ে নিন। সুস্থ থাকুন।"
55809,"হেলো! নাসেনিয়া ডকে জিজ্ঞাসা করার জন্য আপনাকে ধন্যবাদ! আপনার উপসর্গগুলো টিআইএ (ট্রানজিয়েন্ট ইস্কেমিক অ্যাটাক)-এর সাথে সম্পর্কিত হতে পারে। এই কারণে, আমি আপনার ডাক্তারের সাথে একমত যে মস্তিষ্কের এমআরআই (MRI) করার পরামর্শ দেওয়া হয়েছে। বিবেচনা করার মতো অন্যান্য পরীক্ষাগুলো নিচে দেওয়া হলো: ১. মস্তিষ্কে রক্ত প্রবাহ পরীক্ষা করার জন্য সার্ভিকাল ধমনীর ডপলার আল্ট্রাসাউন্ড, ২. সম্ভাব্য অ্যারিথমিয়ার জন্য হোল্টার ইসিজি মনিটরিং, ৩. রক্তের লিপিড প্রোফাইল, ফাস্টিং গ্লুকোজ, কিডনি ও লিভারের কার্যকারিতা পরীক্ষা এবং রক্তের ইলেক্ট্রোলাইট। ইতিমধ্যে, আমি প্রতিদিন শিশুর অ্যাসপিরিন খাওয়ার পরামর্শ দিচ্ছি। আশা করি সাহায্য করতে পেরেছি! শুভেচ্ছা রইল।"
89380,"হেলো মানুষ, নিশ্চিতভাবেই বন্ধ্যা দম্পতি, যারা সাধারণত গর্ভধারণ করতে চান। আইভিএফ (IVF)-এর মাধ্যমে উপকৃত রোগীরা নিম্নরূপ হন। যারা আইভিএফ-এর মাধ্যমে উপকৃত হন, তাদের মধ্যে অন্তর্ভুক্ত হলো: ১. বয়স্ক নারী, যাদের ডিম্বাশয় ব্যর্থ হচ্ছে। ২. তবে, এমন কোনো ঊর্ধ্বসীমা নেই যেখানে আইভিএফ করা উচিত নয়। এবং, প্রকৃতপক্ষে, বয়স্ক নারীদের ক্ষেত্রে এটি তাদের সাফল্যের একমাত্র সুযোগ তৈরি করতে পারে। ৩. শুক্রাণুর সংখ্যা খুবই কম। বেশিরভাগ ক্লিনিক শুধুমাত্র বীর্যপাতের জন্য অন্তত ৩ মিলিয়ন সচল শুক্রাণু থাকা পুরুষদের আইভিএফ করার কথা বিবেচনা করবে। যদি শুক্রাণুর সংখ্যা এর চেয়ে কম হয়, তবে আইসিএসআই (বা মাইক্রোইনজেকশন) একটি ভালো বিকল্প। ৪. ক্ষতিগ্রস্ত জরায়ুর নারীদের (যেমন, নিরাময়যোগ্য যক্ষ্মা) কারণ জরায়ুতে ভ্রূণের সফল ইমপ্লান্টেশনের সম্ভাবনা খুবই কম। প্রথমে সহজ চিকিৎসার বিকল্পগুলো চেষ্টা না করে আইভিএফ চিকিৎসা শুরু করাও যুক্তিযুক্ত নয়। আইভিএফ একটি জটিল প্রক্রিয়া যার মধ্যে ব্যক্তিগত এবং আর্থিক প্রতিশ্রুতি অন্তর্ভুক্ত, তাই উভয়ই"
107801,"হেলো। নাসেনিয়া ডকে আপনাকে স্বাগতম। আপনার প্রশ্ন অনুযায়ী, ঠোঁটের ভেতরের অংশে হঠাৎ ফোলাভাব কোনো পোকা বা পোকামাকড়ের কামড়ের কারণে হতে পারে এবং যদি চিকিৎসক এটিকে কারণ হিসেবে গণ্য না করেন, তবে এটি কোনো খাবার বা দুর্ঘটনাবশত ঠোঁটের ভেতরের দিকে কামড় লাগার কারণে অ্যালার্জিক প্রতিক্রিয়া হতে পারে। আপনার চিন্তার কিছু নেই এবং আপনি তাকে ফেক্সোফেনাডিন অ্যালেগ্রা বা ডিফেন্স নাসেনিয়া ডকের মতো অ্যান্টি-অ্যালার্জিক ওষুধ দিতে পারেন।"
37539,"হেলো, প্রিয়, নাসেনিয়া ডক ভার্চুয়াল ক্লিনিকে আপনার জিজ্ঞাসার জন্য ধন্যবাদ। আপনার দেওয়া তথ্যের ভিত্তিতে আমি আপনার জিজ্ঞাসাটি পর্যালোচনা করেছি। আমি আপনার স্বাস্থ্য সংক্রান্ত উদ্বেগগুলো বুঝতে পেরেছি। পাঁজরের মাঝখানে পিণ্ডের কারণ বা ব্যথাহীন কারণ নির্ণয়ের জন্য সঠিক রোগ নির্ণয় প্রয়োজন। পিণ্ডের কারণ - আপনার দেওয়া তথ্যের ভিত্তিতে, আপনার ক্ষেত্রে এই ধরনের পিণ্ডের কারণ হতে পারে - এপিগ্যাস্ট্রিক হার্নিয়া/ভেন্ট্রাল হার্নিয়া (যদি আপনার অস্ত্রোপচারের ইতিহাস থাকে)/স্পিগেলম্যান হার্নিয়া (যদি পিণ্ডটি পেটের উপরের কেন্দ্র থেকে দূরে থাকে)। নাভির উপরে কেন্দ্রীয় লাইনে দুর্বলতার কারণে এই পিণ্ডটি দেখা দেয়। ওঠার সময় বা ওঠার সময় আপনার পেটে ফোলাভাবের বিষয়টি এই কারণকে নিশ্চিত করে। তাই তীব্র ব্যথাও চলে যায়, যখন আপনি সেই পিণ্ডটিকে আপনার পেট বা পেটে ঠেলে দেন। জরুরি ভিত্তিতে একজন ইআর সার্জনের কাছ থেকে ইউএসজি (USG) রোগ নির্ণয়ের পরীক্ষা এবং জরুরি ভিত্তিতে একজন ইআর সার্জনের দ্বিতীয় মতামত নেওয়ার পরামর্শ দেওয়া হচ্ছে, কারণ এটি তীব্র ব্যথার সাথে তীব্র ব্যথা সৃষ্টি করতে পারে, যা শ্বাস নিতে বা হার্নিয়াল উপাদানে বাধা সৃষ্টি করতে পারে। এটি আপনাকে আপনার ডাক্তারের সাথে চিকিৎসার পরিকল্পনা করতে সাহায্য করবে, যার জন্য জরুরি ভিত্তিতে আপনার ডাক্তারের সাথে দেখা করা উচিত। আশা করি এটি আপনার স্বাস্থ্য সংক্রান্ত উদ্বেগ দূর করবে। আপনার প্রশ্নে চূড়ান্ত পরামর্শ দেওয়ার আগে এই বিষয়ে আরও কোনো প্রশ্ন থাকলে স্বাগতম। আপনার দ্রুত আরোগ্য কামনা করছি। আপনার দিনটি ভালো কাটুক। নাসেনিয়া ডক। এন. সিনিয়র সার্জিক্যাল স্পেশালিস্ট।"
10011,"হেলো, মাই নাসেনিয়া ডক ভার্চুয়াল ক্লিনিকে আপনার জিজ্ঞাসার জন্য ধন্যবাদ। আমি আপনার জিজ্ঞাসার সমস্ত বিবরণ পড়েছি। ঘাড়ে ছোট চুলকানিযুক্ত পিণ্ডের কারণ নিয়ে আপনার স্বাস্থ্যগত উদ্বেগ আমি বুঝতে পেরেছি। ঘাড়ে ছোট চুলকানির কারণ। আপনার জিজ্ঞাসার তথ্য পর্যালোচনা করার পর, আমার মতে এই দুটি পিণ্ড একে অপরের সাথে সম্পর্কিত নাও হতে পারে। আমার মতে, এই দুটি ছোট পিণ্ড মশার কামড় বা পোকামাকড়ের কামড়ের কারণে হয়েছে বলে মনে হচ্ছে, কারণ আপনি পরের দিন সকালে এই পিণ্ডগুলো লক্ষ্য করেছেন। আগের দিন আপনার এগুলো ছিল না। এই দুটি ছোট পিণ্ড চুলকায় এবং চুলকানির প্রতিক্রিয়ার কারণে লাল হয়ে যেতে পারে। তবে যেহেতু আপনি চিন্তিত এবং আপনার পায়ে দীর্ঘস্থায়ী শিংলস রয়েছে, তাই আপনার পারিবারিক ডাক্তারের পরামর্শ নিয়ে প্রয়োজনে একজন চর্মরোগ বিশেষজ্ঞের পরামর্শ নেওয়া প্রয়োজন। আশা করি এই উত্তরটি আপনার এই জটিল প্রশ্ন এবং উদ্বেগ সমাধানে সাহায্য করবে। নাসেনিয়া ডকে অভাবী দর্শনার্থীদের সাহায্য করার জন্য ধন্যবাদ জানাতে এবং চমৎকার রিভিউ মন্তব্য লিখতে ভুলবেন না। এই বিষয়ে আরও কোনো প্রশ্ন থাকলে স্বাগতম। নাসেনিয়া ডক। এন.এম.এস. জেনারেল-কাটস। সিনিয়র সার্জিক্যাল স্পেশালিস্ট।"
30207,"হেলো, প্রিয়, নাসেনিয়া ডকে অনুসন্ধান করার জন্য ধন্যবাদ। আমি আপনার সমস্যাটি গভীরভাবে পর্যালোচনা করেছি এবং আপনার উদ্বেগগুলো বুঝতে পেরেছি। আপনার দেওয়া তথ্য অনুযায়ী, আপনার ফুরানকল আছে। তাই, আমি আপনাকে একজন ইএনটি (ENT) সার্জনের সাথে পরামর্শ করার পরামর্শ দেব। তিনি আপনার নাসারন্ধ্রের ফুরানকলের সমস্যার সমাধান করবেন। তাই ভুল ধারণা রাখবেন না এবং আপনার মধ্যে মানসিক জটিলতা বাড়াবেন না। আশা করি এটি আপনার সমস্যার সমাধান করবে। এই বিষয়ে আরও কোনো প্রশ্ন থাকলে নাসেনিয়া ডকে স্বাগতম। একটি ভালো রেজুমে লিখুন এবং আমার পরামর্শে সন্তুষ্ট হলে ধন্যবাদ জানান। আপনার দিনটি ভালো কাটুক। নাসেনিয়া ডক। এন।"
36049,"আপনার উদ্বেগগুলো আমি বুঝতে পেরেছি এবং আপনার বিস্তারিত তথ্যগুলো দেখেছি। আমি আপনাকে খুব বেশি চিন্তা না করার পরামর্শ দিচ্ছি। আপনার জানা উচিত যে হস্তমৈথুন কোনো পাপ নয়। হস্তমৈথুন একটি স্বাভাবিক প্রক্রিয়া এবং এমনকি প্রাণীরাও এটি করে থাকে। ১৩ থেকে ১৭ বছর বয়সী একজন কিশোরের জন্য প্রতিদিন হস্তমৈথুন করা স্বাভাবিক। এরপরও এটি স্বাভাবিক, তবে মানুষ খেলাধুলা, পড়াশোনা, ক্যারিয়ার ইত্যাদির মতো আরও কিছু কাজে ব্যস্ত থাকে যা আরও আকর্ষণীয় এবং শক্তি ব্যয় করে। এমন কিছু মানুষ আছেন যারা মধ্যবয়সেও প্রতিদিন হস্তমৈথুন করেন। সমস্যাটি হলো জ্ঞানের অভাব এবং এর ফলে সৃষ্ট উদ্বেগ। অপরাধবোধ থেকে উদ্বেগ তৈরি হয়। সাইকোথেরাপির কৌশলগুলো আপনার প্রয়োজনের জন্য উপযুক্ত হতে পারে। এই বিষয়ে যদি আপনার আরও সাহায্যের প্রয়োজন হয়, তবে অনুগ্রহ করে এই ইউআরএল-এ আমাকে সরাসরি প্রশ্ন করুন। http"
109335,"হেলো, আমি আপনার প্রশ্নটি মনোযোগ দিয়ে পড়েছি এবং আপনার উদ্বেগ বুঝতে পেরেছি। ভোট ৫ মিগ্রা একটি অ্যান্টি-অ্যালার্জিক ওষুধ। এটি সাধারণত পার্শ্বপ্রতিক্রিয়া হিসেবে আরাম দেয়। তাই, এটি সাধারণত রোগীর কোনো জ্বালাপোড়া সৃষ্টি করে না। তবে, আপনার মা ওষুধটি বন্ধ করে বিকল্প চিকিৎসার বিষয়ে আপনার ডাক্তারের সাথে পরামর্শ করতে পারেন। আশা করি আমার উত্তরটি সহায়ক ছিল। আপনার আরও কোনো প্রশ্ন থাকলে নির্দ্বিধায় আমার সাথে যোগাযোগ করুন। শুভেচ্ছা! নাসেনিয়া ডক।"
41232,"হেলো, নাসেনিয়া ডকে আপনাকে স্বাগতম। আপনি যেমনটি বলেছেন যে আপনার বাদামে অ্যালার্জি আছে। চিবুকের ওপর হাইপারকেরাটোটিক প্যাচ বাদামের প্রতি সংবেদনশীলতার কারণে হতে পারে। এটি নাসেনিয়া ডকের পরামর্শ অনুযায়ী ঠিক হয়ে যেতে পারে। নির্দিষ্ট কিছু খাদ্যাভ্যাসের কারণে এমন ক্ষত হতে পারে। কাজুবাদাম, কাঠবাদাম, চিনাবাদামের মতো কিছু খাবারে এমন ক্ষতের কথা জানা গেছে। স্টেরয়েডের একটি সংক্ষিপ্ত কোর্স সম্পন্ন করুন। হালকা স্টেরয়েড ক্রিম ব্যবহার করুন। মোমেটাসোন ক্রিম মুখে ব্যবহার করা থেকে বিরত থাকুন। এর রঙ দীর্ঘ সময় ধরে থাকতে পারে। বাদাম খাওয়া থেকে বিরত থাকুন। নিকটস্থ চর্মরোগ বিশেষজ্ঞের পরামর্শ নিন। আশা করি আপনি আমার উত্তর পেয়েছেন। শুভেচ্ছা।"
106935,"হেলো, নাসেনিয়া ডক ফোরামে আপনাকে স্বাগতম। এটি আপনার হাইপারঅ্যাক্টিভিটি বলে মনে হচ্ছে, এখন আপনার পড়াশোনা, পরীক্ষা-নিরীক্ষা, খেলাধুলা, স্ন্যাকস এবং খাবারের কথা ভাবার সময়। রাজতন্ত্রের যুগে স্তন একটি ভিন্ন পর্যায়ে বিকশিত হয় এবং উভয় পাশের আকার ভিন্ন হয়। এই সবকিছু ছেড়ে দিন এবং আপনার স্বাস্থ্য নিয়ে কোনো সন্দেহ থাকলে আপনার মাকে জিজ্ঞাসা করুন। সংক্রমণের বিরুদ্ধে ভালো স্বাস্থ্য প্রতিরোধের জন্য প্রচুর পরিমাণে সবুজ শাকসবজি, ডাল, অঙ্কুরিত শস্য এবং প্রোটিন সমৃদ্ধ খাবার গ্রহণ করুন। আপনার দ্রুত এবং সম্পূর্ণ সুস্থতা কামনা করছি। ধন্যবাদ।"
35723,"হেলো... নাসেনিয়া ডকে পরামর্শের জন্য আপনাকে ধন্যবাদ। এটি কোনো ভাইরাল ইরিথেমেটাস অসুস্থতা হতে পারে। অন্য একটি সম্ভাবনা হলো এটি যদি চুলকানিযুক্ত র‍্যাশ হয়, তবে এটি টক্সিক আর্টিকেরিয়া বা ভাইরাল অসুস্থতাজনিত অ্যালার্জিক প্রতিক্রিয়া হতে পারে। ত্বকের সমস্যা সরাসরি দেখার পরেই সবচেয়ে ভালোভাবে নির্ণয় ও চিকিৎসা করা সম্ভব। আমি আপনাকে এই ওয়েবসাইটে ছবি আপলোড করার এবং আমাদের সাথে যোগাযোগ করার পরামর্শ দিচ্ছি। আমি আপনাকে ক্যালামাইন লোশন ব্যবহার করার পরামর্শ দিচ্ছি, কারণ এতে ভালো ফলাফল পাওয়া যায় এবং সেই সাথে এইচওয়াই নাসেনিয়া ডকের মতো ওরাল অ্যান্টিঅ্যালার্জিক ওষুধ ব্যবহার করা যেতে পারে। আশা করি আমার উত্তরটি আপনার জন্য সহায়ক ছিল। আমি যেকোনো সময় সাহায্য করতে পেরে খুশি। নাসেনিয়া ডকে আরও স্পষ্টীকরণ এবং পরামর্শের জন্য স্বাগত। যদি আপনার আর কোনো প্রশ্ন না থাকে, তবে আপনি আলোচনাটি বন্ধ করে উত্তরটিকে রেটিং দিতে পারেন। আপনার সন্তানের সুস্বাস্থ্য কামনা করি।"
1984,"হেলো, আপনার জিজ্ঞাসা অনুযায়ী আপনার জিহ্বা এবং মাড়িতে ব্যথা এবং অতিরিক্ত তৃষ্ণার লক্ষণগুলো মূলত বারবার হওয়া ডার্মাটাইটিসের কারণে হচ্ছে। আমি আপনাকে দিনে কয়েকবার হালকা গরম লবণ পানি দিয়ে কুলকুচি করার পরামর্শ দেব। আপনার মুখের সম্পূর্ণ পরিচ্ছন্নতা বজায় রাখা উচিত। লিডোকেন জেল দিয়ে ম্যাসাজ করুন। কোনো ঝাল ও মশলাদার খাবার এড়িয়ে চলুন। আপনার একজন ডেন্টিস্টের সাথে পরামর্শ করা উচিত এবং পরীক্ষা করানো উচিত, যাতে সংক্রমণ ও ব্যথার সঠিক কারণ নির্ণয় করা যায় এবং সেই অনুযায়ী চিকিৎসা করা যায়। ডাক্তার ওরাল প্রফিল্যাক্সিস দিতে পারেন অথবা প্রদাহরোধী ওষুধের পাশাপাশি অ্যান্টিবায়োটিক প্রেসক্রাইব করতে পারেন। আশা করি আমি আপনার প্রশ্নের উত্তর দিতে পেরেছি। আমি আপনাকে আরও কোনোভাবে সাহায্য করতে পারি কিনা তা জানাবেন।"
72849,"হেলো, ডেইরি, আমি আপনার প্রশ্নটি দেখেছি। আমি আপনার উদ্বেগ বুঝতে পারছি। মুখের ক্যান্সার সাধারণত স্কোয়ামাস সেল টাইপ। পিণ্ডটি মেটাস্ট্যাটিক স্কোয়ামাস সেল কার্সিনোমা হতে পারে। অথবা এটি লিম্ফোমা, কোনো সফট টিস্যু টিউমার বা লিম্ফ নোড বড় হয়ে যাওয়াও হতে পারে। আপনার ফাইন নিডল অ্যাসপিরেশন সাইটোলজি (FNAC) বা বায়োপসি করা উচিত। এটি আপনাকে সঠিক রোগ নির্ণয়ে সাহায্য করবে। তারপর সেই অনুযায়ী আপনার চিকিৎসা নেওয়া উচিত। আশা করি আমি আপনার প্রশ্নের উত্তর দিতে পেরেছি, যদি আপনার কোনো সন্দেহ থাকে তবে আমার সাথে bit.ly/ নাসেনিয়া ডক-এ যোগাযোগ করুন। নাসেনিয়া ডক ব্যবহার করার জন্য ধন্যবাদ। আপনার সুস্বাস্থ্য কামনা করি।"
9676,"হেলো প্রিয়, নাসেনিয়া ডকে আপনাকে স্বাগতম। আপনার উদ্বেগটি বুঝতে পারছি। আপনার প্রশ্ন অনুযায়ী, আপনার ঠোঁটে ক্রমাগত সংক্রমণ এবং ফোলাভাবের লক্ষণ রয়েছে, যা মূলত অ্যালার্জির প্রতিক্রিয়ার কারণে হতে পারে, অথবা এটি এনজিওএডিমাও হতে পারে। চিন্তার কিছু নেই। আমি আপনাকে অ্যান্টিহিস্টামিন ট্যাবলেট খাওয়ার পরামর্শ দিচ্ছি, কারণ এটি অ্যালার্জি কমাতে সাহায্য করবে এবং আপনার উপসর্গগুলো অবিলম্বে সেরে যাবে। ব্যথা প্রতিরোধ করতে আপনার আইবুপ্রোফেন বা টাইলেনল নেওয়া উচিত। নাসেনিয়া ডক। ফোলা জায়গায় বরফের প্যাক ব্যবহার করুন, এতে ফোলা কমে যাবে। সঠিক রোগ নির্ণয়ের জন্য আপনার অ্যালার্জি বিশেষজ্ঞের সাথে পরামর্শ করুন। আপনার অ্যালার্জিস্ট অ্যাঞ্জিওএডিমার মতো কারণ এবং অন্যান্য কারণ শনাক্ত করতে স্কিন টেস্ট, রক্ত পরীক্ষা, স্কিন-প্রিক টেস্ট এবং প্রস্রাব পরীক্ষা করতে চাইতে পারেন। আপাতত আক্রান্ত স্থানে ঠান্ডা সেঁক দিন। আশা করি আপনার সমস্যার সমাধান হয়েছে। দ্রুত সুস্থ হয়ে উঠুন। শুভকামনা।"
49456,"হেলো, পায়ের ফোলাভাব এবং ওজন বৃদ্ধি! হ্যাঁ, এই লক্ষণগুলো হাইপোথাইরয়েডিজমের দিকে নির্দেশ করে। তাই নিচের পরীক্ষাগুলো করিয়ে নিন। ১) সিরাম টিএসএইচ (TSH) - টি৪ (T4) পরিমাপ - ইউএসজি (USG) স্ক্যান করা যেতে পারে। ২) উপরের থাইরয়েড প্রোফাইল পরীক্ষা করুন এবং পরবর্তী মন্তব্যের জন্য রিপোর্টগুলো পাঠান। যদি পায়ের ফোলাভাব এবং ব্যথা থাকে, তবে ইউএসজি স্ক্যান প্রয়োজন এবং সেই অনুযায়ী পরবর্তী পদক্ষেপ নেওয়া হবে। আশা করি আমি আপনার প্রশ্নের উত্তর দিতে পেরেছি। আমি আপনাকে আরও কোনোভাবে সাহায্য করতে পারি কিনা তা জানাবেন।"
1541,"হেলো, নাসেনিয়া ডকে আপনাকে স্বাগতম। আপনার ফ্যাটি লিভারে পিত্তথলিতে পাথর রয়েছে। এই অবস্থার জন্য ৩০০ মিলিগ্রাম আরসোডিওক্সিকোলিক অ্যাসিড ট্যাবলেট প্রেসক্রাইব করা যেতে পারে (এটি পিত্তে কোলেস্টেরল দ্রবীভূত করতে এবং কোলেস্টেরল শোষণ কমাতে সাহায্য করবে)। কম চর্বিযুক্ত খাবার খান। রান্নায় তেলের ব্যবহার কমান। জগিং, সাঁতারের মতো নিয়মিত ব্যায়াম করুন। ওজন বেশি হলে তা কমান। বেশি করে সবুজ শাকসবজি ও ফলমূল খান। রিফাইন করা খাবার খান। অ্যালকোহল গ্রহণ সীমিত করুন। কিছু ডাক্তার ফ্যাটি লিভারের জন্য ভিটামিন ই প্রেসক্রাইব করেন। আশা করি আপনার সমস্যার সমাধান হয়েছে। নিজের যত্ন নিন। নিয়মিত লিভার প্রোফাইল পরীক্ষা করুন। আরও কোনো প্রশ্ন থাকলে নির্দ্বিধায় জিজ্ঞাসা করুন।"
57779,"হেলো, আপনার ক্ষেত্রে সমস্ত পরীক্ষা-নিরীক্ষা স্বাভাবিক। আমার মনে হয় আপনার খাদ্যাভ্যাসে সমস্যাটি রয়েছে। অনুগ্রহ করে প্রচুর সালাদ, ফল এবং প্রচুর পানিসহ হালকা খাবার খান। ৫""এস"" ধূমপান, মানসিক চাপ, স্পিরিট (অ্যালকোহল), মশলাযুক্ত এবং অলস জীবনযাপন এড়িয়ে চলুন। আপনি শীঘ্রই সুস্থ হয়ে উঠবেন। আরও তিন সপ্তাহ প্যান-ডি এবং অরবিটিং সিরাপ খাওয়া চালিয়ে যান। এইচ পাইলোরি সংক্রমণের জন্য ইউরিয়া ব্রেথ টেস্ট করিয়ে নিন। আশা করি এটি আপনাকে সাহায্য করবে।"
10066,"হেলো। আপনার অনুসন্ধানের জন্য ধন্যবাদ। সাধারণ সিটি স্ক্যান এবং সাধারণ আল্ট্রাসনোগ্রাফি এবং সাধারণ এন্ডোস্কোপি থাকা সত্ত্বেও পেটের উপরের অংশে ব্যথার কারণগুলো হতে পারে যা উপরের অংশে ব্যথার কারণ হতে পারে, যা নিচে দেওয়া হলো: ১. পেটের উপরের অংশে ব্যথা, যা সাধারণ সিটি স্ক্যান এবং সাধারণ আল্ট্রাসনোগ্রাফি। ২. পেটের উপরের দেয়ালে হার্নিয়া। ৩. পেটের উপরের অংশে ব্যথা। যদি রিপোর্ট স্বাভাবিক থাকে - তবে একজন জেনারেল সার্জনের মাধ্যমে সতর্ক ক্লিনিক্যাল মূল্যায়ন করা সত্যিই সহায়ক হতে পারে, কারণ কোনো পরীক্ষায়ই সমস্ত রোগ ধরা পড়ে না, যা একজন প্রশিক্ষিত হাত খুঁজে বের করতে পারে। ৪. ভিডা ১০ ইএফ (Vida 10 EF) পেটের উপরের অংশে ব্যথার সাথে সম্পর্কিত নাও হতে পারে।"
94547,"হেলো, রোগ নির্ণয়টি সংশোধন করা যেতে পারে। এটি সেবোরিক ডার্মাটাইটিস হতে পারে। মানসিক চাপ, উদ্বেগ, অস্বাস্থ্যকর জীবনযাপন, রোগ প্রতিরোধ ক্ষমতা কমে যাওয়া, পুষ্টির অভাব ইত্যাদি এই রোগকে বাড়িয়ে তুলতে পারে। অ্যান্টিফাঙ্গাল ট্যাবলেট, অ্যান্টিবায়োটিক, ফলিক অ্যাসিড ইত্যাদি সেবন করা যেতে পারে। চুলকানি হলে অ্যান্টিহিস্টামিন গ্রহণ করুন। যদি অবস্থা গুরুতর হয়, তবে স্টেরয়েডের মাত্রা কমিয়ে আনুন। স্টেরয়েড এবং অ্যান্টিফাঙ্গাল ক্রিম ব্যবহার করলে অবস্থার উন্নতি হয়। কিটোকোনাজলযুক্ত শ্যাম্পু দিয়ে মাথার ত্বক পরিষ্কার করুন। একজন চর্মরোগ বিশেষজ্ঞের পরামর্শ নিন। আশা করি আপনি আমার উত্তর পেয়েছেন।"
69762,"প্রিয় রেডিয়েট, আপনার উদ্বেগগুলো বুঝতে পেরেছি এবং আপনার বিস্তারিত তথ্যগুলো দেখেছি। আমি বুঝতে পারছি। ঘুমের ব্যাঘাত বা তৃপ্তিদায়ক ঘুমের অভাব প্রায় সবসময়ই মানসিক চাপ, হতাশা বা উদ্বেগের কারণে হয়ে থাকে। আপনি লক্ষ্য করেছেন যে আপনার দুটি সন্তান আছে। আপনার পরিবারের সদস্যদের নিয়ে আপনার কি কোনো মানসিক চাপ আছে? আপনার কাজের বিষয়ে কী? আপনি কি কর্মজীবী? আপনার বা আপনার পরিবারের সদস্যদের কি কোনো আর্থিক সমস্যা আছে? আপনার বা আপনার পরিবারের সদস্যদের কি কোনো শারীরিক অসুস্থতা আছে? উপরের কিছু সমস্যা আপনাকে মানসিক চাপ এবং বিষণ্নতার দিকে ঠেলে দিতে পারে। আমি আপনাকে বর্তমান অনিদ্রাকে উপেক্ষা করার পরামর্শ দিচ্ছি। এক সপ্তাহ ধরে শারীরিক কার্যকলাপ, খেলাধুলা, বিনোদন ইত্যাদিতে নিজেকে ব্যস্ত রাখুন। আপনার সন্তানের সাথে খেলাধুলা উপভোগ করুন।"
81436,"নাসেনিয়া ডকে আপনার প্রশ্নের জন্য ধন্যবাদ। আমি আপনার উদ্বেগ বুঝতে পারছি। প্রথমত, হৃদরোগ নিয়ে চিন্তার কোনো কারণ নেই কারণ আপনার এনজিওগ্রাফি স্বাভাবিক ছিল। আপনার লক্ষণগুলোর জন্য আমাদের ফুসফুসের রোগ (অ্যাজমা বা ব্রঙ্কাইটিস) আছে কিনা তা নিশ্চিত হওয়া উচিত। তাই শ্বাসতন্ত্রের ক্লিনিকাল পরীক্ষা এবং পিএফটি (পালমোনারি ফাংশন টেস্ট) করিয়ে নিন। যদি পিএফটি-ও স্বাভাবিক থাকে, তবে ফুসফুসের রোগ নিয়ে চিন্তার কোনো কারণ নেই। কখনও কখনও মানসিক চাপ এবং উদ্বেগের কারণেও একই ধরনের লক্ষণ দেখা দিতে পারে। তাই মানসিক চাপ ও উত্তেজনা এড়িয়ে চলুন, শান্ত ও নিশ্চিন্ত থাকুন। চিন্তা করবেন না, আপনি সুস্থ হয়ে উঠবেন। আশা করি আমি আপনার প্রশ্নের সমাধান করতে পেরেছি। আপনাকে আরও সাহায্য করতে পারলে আমি খুশি হব। আপনার সুস্বাস্থ্য কামনা করি। ধন্যবাদ।"
38748,"নাসেনিয়া ডকে আপনার প্রশ্নের জন্য ধন্যবাদ। ফুসফুসের বায়োপসি করার দুটি উপায় রয়েছে। ১. পারকিউটেনিয়াস কৌশল ২. এন্ডোব্রঙ্কিয়াল কৌশল। পারকিউটেনিয়াস কৌশল সিটি গাইডেড পদ্ধতিতে করা হয়। এই পদ্ধতিতে বায়োপসি সুইটি স্কিনের মধ্য দিয়ে সিটি গাইডেড পয়েন্টে প্রবেশ করানো হয় এবং বায়োপসি নেওয়া হয়। এন্ডোব্রঙ্কিয়াল কৌশল ব্রঙ্কোস্কোপের মাধ্যমে করা হয়। এই ব্রঙ্কোস্কোপে নাক, ভোকাল কর্ড, শ্বাসনালীর মাধ্যমে লক্ষ্যকৃত স্থান পর্যন্ত নির্দেশ করা হয় এবং তারপর এন্ডোস্কোপিক ফোর্সেপের সাহায্যে এন্ডোস্কোপিক বায়োপসি নেওয়া হয়। সুতরাং, যেকোনো পদ্ধতির মাধ্যমে আপনার বায়োপসি করা হবে।"
38414,"হেলো। প্রথমে আমি জানতে চাই আপনার ডাক্তার কেন বলেছেন যে আপনার প্রোস্টেট বড় হয়ে গেছে। এটি কি প্রোস্টেটের প্রদাহ, প্রোস্টাটাইটিস বা বিপিএইচ-বিনাইন হাইপারপ্লাসিয়া? যদি এটি প্রথম হয়, তবে ব্যথা এবং জ্বালাপোড়া হতে পারে। কোনো সংক্রমণ আছে কি না তা নিশ্চিত করার জন্য আপনার প্রস্রাবের কালচার এবং বীর্যের কালচার করা উচিত। যদি সেগুলো নেগেটিভ আসে, তবে আপনার রেডিওলজিস্টকে জিজ্ঞাসা করা উচিত যে আপনার প্রোস্টেটের আকার কত এবং ভ্যায়েড পরবর্তী অবশিষ্টাংশ কত। এছাড়া একটি পিএসএ (PSA) পরীক্ষা করিয়ে নিন, এটি একটি সাধারণ রক্ত পরীক্ষা। তবে সংক্রমণ আছে কি না তা নিশ্চিত হওয়ার পরেই রিডিং ভুলভাবে বেশি হতে পারে। নিজের যত্ন নিন এবং আমাকে ফলাফল জানান। নাসেনিয়া ডক।"
48911,"হেলো, আপনার বুকের দেয়ালে ভোঁতা আঘাত লেগেছে। গ্যাসের বুদবুদের কারণে আপনি যা অনুভব করছেন তা হলো সাবকিউটেনিয়াস সাবকিউটেনিয়াস এমফিসেমা। এটি হলো সাবকিউটেনিয়াস টিস্যুতে বাতাসের উপস্থিতি। আপনার চিন্তার কিছু নেই কারণ এক্স-রে নিশ্চিত করেছে যে কোনো পাঁজরের হাড় ভাঙেনি, বুকের যেকোনো আঘাত পুরোপুরি সেরে উঠতে ছয় সপ্তাহ সময় লাগবে। এই সময়ে ভারী ওজন তোলার মতো উত্তেজক কাজ এড়িয়ে চলুন। কাশি এবং গভীর শ্বাস নেওয়ার সময় ব্যথা হতে পারে। আপনি আপনার চিকিৎসকের দেওয়া ওষুধগুলো চালিয়ে যেতে পারেন। যদি আপনার শ্বাসকষ্ট হয়, তবে আপনার চিকিৎসকের সাথে পরামর্শ করুন, কয়েক সপ্তাহের মধ্যে আপনি সুস্থ হয়ে উঠবেন। চিন্তা করবেন না। আশা করি আমি আপনার প্রশ্নের উত্তর দিতে পেরেছি। আমি আপনাকে আরও কোনোভাবে সাহায্য করতে পারি কিনা তা জানাবেন।"
49527,"হেলো। ফ্যাটি লিভার একটি নিরাময়যোগ্য পর্যায়। আপনার ফ্যাটি লিভারের গ্রেডিং জানা গুরুত্বপূর্ণ। ফ্যাটি লিভারে রূপান্তরিত হওয়ার প্রবণতা মূল্যায়ন করার জন্য লিভারের ইলাস্টোগ্রাফি করা যেতে পারে। এটি সাধারণত স্থূলতা এবং অলস জীবনযাপনের কারণে হয়ে থাকে। আপনার কিছু পরীক্ষা যেমন রুটিন হিমোগ্রাম, র‍্যান্ডম ব্লাড সুগার (RBS), লিভার ফাংশন টেস্ট (LFT), লিপিড প্রোফাইল এবং রেনাল ফাংশন টেস্ট (RFT) প্রয়োজন। খাদ্যাভ্যাস এবং জীবনযাত্রার পরিবর্তনের মাধ্যমে ফ্যাটি লিভার নিরাময় করা সম্ভব। সম্পূর্ণ পরীক্ষার পর আপনার কিছু ওষুধের প্রয়োজন হতে পারে। ফলাফল স্বাভাবিক হতে ৩-৪ মাস সময় লাগতে পারে। আপনার দৈনন্দিন জীবনে সক্রিয় থাকা উচিত। আপনার রেড মিট এবং উচ্চ চর্বিযুক্ত দুগ্ধজাত খাবার এড়িয়ে চলা উচিত। অলিভ অয়েল বা ক্যানোলা অয়েল দিয়ে খাবার রান্না করুন। আপনার খাদ্যতালিকায় লবণের পরিমাণ সীমিত রাখা উচিত। ভাজা এবং জাঙ্ক ফুডও এড়িয়ে চলা উচিত। প্রচুর পরিমাণে ফল এবং শাকসবজি খান। হাঁটা এবং ব্যায়ামের মাধ্যমে আপনার শারীরিক কার্যকলাপও বাড়ানো উচিত। দ্রুত সুস্থ হয়ে উঠুন। আশা করি আমি আপনার প্রশ্নের উত্তর দিতে পেরেছি। ভালো থাকবেন। নাসেনিয়া ডক।"
96881,"হেলো, মনে হচ্ছে আপনার উপসর্গগুলো এমআরআই-এর ফলাফলের অনুপাতের বাইরে। এমআরআই-তে দেখা গেছে যে থেকাল স্যাক এবং নার্ভ রুটগুলোতে হালকা খাঁজ রয়েছে। এটি বিষয়গত, তবে খুব একটা গুরুত্বপূর্ণ মনে হচ্ছে না। নিচের বিষয়গুলো বিবেচনা করলে, আপনার চিকিৎসক অবশ্যই এই ফলাফলগুলোকে আপনার উপসর্গের সাথে মিলিয়ে দেখবেন। কিছু ডাক্তার উপসর্গের স্থান নির্ণয়ের জন্য নার্ভ কন্ডাকশন স্টাডি বা মেরুদণ্ডের ইনজেকশনের কথা বিবেচনা করতে পারেন। আমার উদ্বেগের বিষয় হলো, এমআরআই-তে মৃদু রোগের লক্ষণের পাশাপাশি উপসর্গের লক্ষণ দেখা দিলে আপনার অন্য কোথাও পরীক্ষা করানো উচিত। শুভকামনা।"
84239,"হেলো। নাসেনিয়া ডকে আপনাকে স্বাগতম। আমি আপনার প্রশ্নটি পড়েছি। আপনার হার্টের ধমনীতে ব্লকেজের পূর্ব ইতিহাস থাকায় মনে হচ্ছে আপনি হৃদরোগের ঝুঁকিতে আছেন। এখন ব্যায়াম করার পর আপনার শরীরের উপরের অংশে এবং অঙ্গপ্রত্যঙ্গে ব্যথা হচ্ছে। আপনার কি বুকে ব্যথা আছে যা শ্বাসকষ্টের সাথে দেখা দেয়? কোনো অস্বাভাবিক ঘাম হয় কি? এগুলো সম্ভাব্য হৃদরোগের দিকে নির্দেশ করতে পারে, যার জন্য নাসেনিয়া ডকের পরামর্শ নেওয়া প্রয়োজন। আপাতত মানসিক চাপ এবং ভারী ব্যায়াম এড়িয়ে চলুন। তাজা ফল এবং সবুজ শাকসবজি খান।"
11583,"হেলো, নাসেনিয়া ডকের সাথে যোগাযোগ করার জন্য আপনাকে ধন্যবাদ। নাসেনিয়া ডকে আপনাকে স্বাগতম। আমার নাম নাসেনিয়া ডক। আমি আপনার প্রশ্নটি দেখেছি এবং আপনাকে সম্ভাব্য সর্বোত্তম উপায়ে সাহায্য করার চেষ্টা করব। আপনার বর্ণনা অনুযায়ী এটি একটি সাধারণ অ্যালার্জি হতে পারে, অথবা এটি গর্ভাবস্থার হরমোনজনিত প্রভাবও হতে পারে। আপনার ডাক্তার যেমনটি পরামর্শ দিয়েছেন যে এটি গর্ভাবস্থার হরমোনজনিত প্রভাব, এবং এখন আপনি বলেছেন যে এটি মানসিক চাপের সময় দেখা দেয়... মানসিক চাপের সময় লুপাসের মতোই হরমোনের পরিবর্তন ঘটে।"
97786,"হেলো, যেহেতু কনডম থেকে বীর্যপাত হয়েছে এবং আপনার অনিরাপদ কুনিলিঙ্গাস রয়েছে, তাই গর্ভধারণের সম্ভাবনা রয়েছে। ইভেন্টের যত আগে প্ল্যান বি (Plan B) গ্রহণ করা হয়, তা তত বেশি কার্যকর। ৭২ ঘণ্টা পর গ্রহণ করলে এটি প্রায় ৫০% কার্যকর হয়। যেহেতু আপনি আপনার মাসিক চক্রের দ্বিতীয়ার্ধে প্ল্যান বি গ্রহণ করেছেন, তাই এটি আপনার মাসিক এক সপ্তাহ বা তার বেশি বিলম্বিত করতে পারে। তাই যদি আপনার পিরিয়ড এক সপ্তাহের বেশি দেরি হয়, তবে প্রেগন্যান্সি টেস্ট করিয়ে নিন। এই ধরনের অপ্রয়োজনীয় মানসিক চাপ এড়াতে আমি আপনাকে আপনার ডাক্তারের সাথে পরামর্শ করার এবং হরমোনাল গর্ভনিরোধের মতো নিয়মিত গর্ভনিরোধক শুরু করার পরামর্শ দিচ্ছি, কারণ এগুলো গর্ভধারণ রোধে পোস্ট-ইনসেমিনেশন ডিভাইসের চেয়ে বেশি কার্যকর। যৌনবাহিত রোগ থেকে নিজেকে রক্ষা করতে কনডমের মতো ব্যারিয়ার গর্ভনিরোধক ব্যবহার করা বুদ্ধিমানের কাজ। আশা করি আমি আপনার সন্তুষ্টি অনুযায়ী উত্তর দিতে পেরেছি। আপনার আরও কোনো প্রশ্ন থাকলে নাসেনিয়া ডকের মাধ্যমে আমার সাথে যোগাযোগ করুন।"
57510,"হেলো, ডায়াবেটিস এটি করতে পারে কিনা তা বিশেষ করে এর উত্তর দেওয়ার জন্য, এটি সত্যিই নির্ভর করে ২৪ ঘণ্টার মধ্যে আপনার রক্তে শর্করার মাত্রা কেমন থাকে তার ওপর। আপনি কি খুব কম বা বেশি নড়াচড়া করছেন? এমনকি যদি আপনার রক্তে শর্করার মাত্রা স্বাভাবিক থাকে (ডায়াবেটিসের জন্য ১০২টি ভালো মান), তবুও সময়ের একটি সংক্ষিপ্ত পরিমাপ আপনার ডায়াবেটিস দিনে কী করছে তা নির্দেশ করে না। আমার মনে হয় এটি একটি ভিন্ন শারীরিক অবস্থা, জীবনযাত্রার সমস্যা বা ওষুধের পার্শ্বপ্রতিক্রিয়া হতে পারে। তবে, আপনি যদি ডায়াবেটিস আছে কি না তা নিশ্চিত হতে চান, তবে আমি পরামর্শ দেব যে, ঘুম থেকে ওঠার পর, প্রতিটি খাবারের আগে ও পরে এবং ঘুমানোর আগে প্রথমে আপনার রক্তে শর্করার মাত্রা পরীক্ষা করুন। এক সপ্তাহ এটি করুন এবং তারপর আপনার ডাক্তারকে মানগুলো দেখান। উপরে উল্লিখিত প্রতিক্রিয়াটি একটি মেডিকেল মতামত এবং এটি কোনো চিকিৎসা পেশাজীবীর মূল্যায়নের বিকল্প নয়। আমি আমার উত্তরে নির্ভুলতার নিশ্চয়তা দিতে পারছি না, বিশেষ করে যখন আমি আপনাকে শারীরিকভাবে মূল্যায়ন করতে পারি না এবং আপনার অতীতের মেডিকেল ইতিহাস, আপনি কী কী ওষুধ খাচ্ছেন, আপনার জীবনযাত্রার অভ্যাস ইত্যাদি জানি না। তাই আমার মতামতের কারণে কোনো পরিণতির জন্য আমাকে দায়ী করা যায় না।"
56517,হেলো। আপনার প্রশ্নটি পোস্ট করার জন্য ধন্যবাদ। ফ্রেনুলাম একটি উচ্চ রক্তনালীর গঠন। এর অর্থ হলো ফ্রেনুলামে রক্ত সঞ্চালন অনেক বেশি। এর ওপর কোনো হস্তক্ষেপ হলে প্রচুর রক্তপাত হতে পারে। আপনি ভাগ্যবান যে পেরেকের কাঁচি দিয়ে এটি করার সময় আপনার খুব বেশি রক্তপাত হয়নি। তবে আর কখনোই এমনটা করবেন না। চিকিৎসকরা যেভাবে করবেন তা খেয়াল রাখবেন যাতে অতিরিক্ত রক্তপাত না হয় এবং সংক্রমণ এড়ানো যায়। আশা করি এই তথ্যটি আপনার কাজে আসবে।
104622,"হেলো, চিকিৎসাবিজ্ঞানে স্ক্লেরোসিস শব্দটি এমন কাঠামোতে প্রয়োগ করা হয় যা টিস্যুকে স্বাভাবিকের সাথে পরিবর্তন করে অথবা অস্বাভাবিক টিস্যু দিয়ে প্রতিস্থাপন করে, যা অঙ্গ বা কাঠামোকে শক্ত করে তোলে (স্ক্লেরোটিক হলো স্ক্লেরোসিসের একটি পরিভাষা)। আপনার ক্ষেত্রে এটি মেরুদণ্ড, যা অস্বাভাবিক টিস্যু দিয়ে পরিবর্তিত হচ্ছে যা মেরুদণ্ডের গঠনকে শক্ত করে তুলতে পারে (স্ক্লেরোসিস মূলত প্রদাহজনিত প্রক্রিয়ার কারণে ঘটে)। আশা করি আমি আপনার প্রশ্নের উত্তর দিতে পেরেছি। আমি আপনাকে আরও কোনোভাবে সাহায্য করতে পারি কিনা তা জানাবেন।"
46792,"হেলো! নাসেনিয়া ডকে জিজ্ঞাসা করার জন্য আপনাকে ধন্যবাদ! আপনার উদ্বেগের বিষয়ে আমি বলতে চাই যে, আপনার উপসর্গগুলো পেশীর সংকোচনের সাথে সম্পর্কিত বলে মনে হচ্ছে। আমি পরামর্শ দিচ্ছি যে আপনি ওই জায়গায় ঠান্ডা সেঁক দিন এবং কয়েক দিন বিশ্রাম নিন। ব্যথানাশক ওষুধ (অ্যাসিটামিনোফেন বা আইবুপ্রোফেন) ব্যথা কমাতে সাহায্য করতে পারে। যদি ব্যথা ভালো না হয় বা আরও খারাপ হয়, অথবা আপনার হাঁটার সমস্যা হয়, তবে আমি শারীরিক পরীক্ষা এবং লাম্বার এক্স-রে করার জন্য জরুরি বিভাগে যাওয়ার পরামর্শ দেব। তবে, আমার মনে হয় আপনার চিন্তার কিছু নেই এবং এই পরিস্থিতি কেবল সাময়িক। আপনি শীঘ্রই সুস্থ হয়ে উঠবেন। শুধু ধৈর্য ধরুন এবং উপরের পরামর্শগুলো মেনে চলুন। আশা করি আমি সাহায্য করতে পেরেছি! আপনার দ্রুত আরোগ্য কামনা করছি।"
34403,"হেলো, আপনার হাইপারগ্লাইসেমিয়া বা উচ্চ ইউরিক অ্যাসিডের সমস্যা রয়েছে, অর্থাৎ উচ্চ ইউরিক অ্যাসিডের মাত্রা। এটি একটি বিপাকীয় সমস্যা, যা পিউরিন (প্রোটিন) বিপাকক্রিয়ার কারণে ইউরিক অ্যাসিডের অতিরিক্ত উৎপাদন ঘটায়, যা প্রোটিন বিপাকের একটি উপাদান। যদিও কিডনির কার্যক্ষমতা কমে গেলে এমনটা হতে পারে, যেখানে কিডনি শরীর থেকে ইউরিক অ্যাসিড বের করতে পারে না, তবে আপনি সিরাম ক্রিয়েটিনিন ছাড়া আপনার কিডনির অবস্থা সম্পর্কে আরও কিছু উল্লেখ করেননি, যা একটি উচ্চ স্বাভাবিক মান। হাইপারগ্লাইসেমিয়ার কারণে কিডনিতে পাথর, গেঁটে বাত (জয়েন্টে ব্যথা) হতে পারে। আপনি সঠিক চিকিৎসায় আছেন, ওষুধের পাশাপাশি খাদ্যাভ্যাসে পরিবর্তন আনা প্রয়োজন, যেমন রেড মিট, ডাল, পালং শাক এড়িয়ে চলা।"
106076,"হেলো, প্রজেস্টেরনের ব্যবহার আপনাকে নিয়মিত পিরিয়ড দিতে পারে কিন্তু ডিম্বস্ফোটনে সাহায্য করে না। এটি হওয়ার জন্য, আপনার ত্রুটিটি কোথায় তা জানা প্রয়োজন এবং এর জন্য সম্পূর্ণ হরমোন প্রোফাইল, শারীরিক পরীক্ষা, ট্রান্স-ভ্যাজাইনাল সোনোগ্রাম এবং রক্ত পরীক্ষা টিউবাল প্যাটেন্সি টেস্টের মতোই প্রয়োজন। চিকিৎসা প্রাপ্ত ফলাফলের ওপর ভিত্তি করে করা হয় এবং হরমোন সাপ্লিমেন্টের প্রয়োজন হয়। পুরুষজনিত কারণগুলোও মূল্যায়ন করা প্রয়োজন। আশা করি এটি আপনাকে সাহায্য করবে।"
43351,"হেলো স্যার, ট্রেসিবা হলো একটি দীর্ঘস্থায়ী হিউম্যান ইনসুলিন যা ব্যক্তিগত উচ্চ ডায়াবেটিসের রোগীদের ক্ষেত্রে পরামর্শ দেওয়া হয়। এটি আপনার রক্তে শর্করার মাত্রা আরও ভালোভাবে নিয়ন্ত্রণ করে, তবে এটি দিনে একবার সেবন করার পরামর্শ দেওয়া হয়। রাতে এটি সেবন করার প্রয়োজন নেই কারণ এটি একটি দীর্ঘস্থায়ী হিউম্যান ইনসুলিন, এটি শর্করার মাত্রা কমিয়ে দিতে পারে এবং এ বিষয়ে একজন বিশেষজ্ঞের পরামর্শ নেওয়া ভালো। নিশ্চিত করুন যে আপনার এইচই এ১সি (HE A1c) নিয়ন্ত্রণে আছে এবং সেই অনুযায়ী আপনাকে ইনসুলিন গ্রহণ করতে হবে। ধন্যবাদ।"
20483,"হেলো, অনুসন্ধানের জন্য ধন্যবাদ। মার্ভেলন একটি নিয়মিত গর্ভনিরোধক পিল এবং এটি সাধারণ জরুরি গর্ভনিরোধক পিল নয়। জরুরি গর্ভনিরোধক পিল হিসেবে কাজ করার জন্য এটি ১২ ঘণ্টার ব্যবধানে উচ্চ মাত্রায় সেবন করতে হয়। প্রস্তাবিত ডোজ হলো অসুরক্ষিত মিলনের পরপরই ৪টি পিল এবং প্রথম ডোজের ১২ ঘণ্টা পর ৪টি পিল। এই পদ্ধতিটি অনাকাঙ্ক্ষিত গর্ভাবস্থা প্রতিরোধে বেশ কার্যকর বলে প্রমাণিত। তাই আপনি ৪টি পিল খেয়ে সঠিক কাজটিই করেছেন, তবে তা একসাথে হওয়া উচিত ছিল, ২ ঘণ্টার ব্যবধানে নয়। শেষ ডোজের ১২ ঘণ্টা পর পরবর্তী ডোজটি সঠিকভাবে গ্রহণ করুন। তবে, যদি ২-৩ দিনের মধ্যে আপনার পিরিয়ড মিস হয়, তবে অনুগ্রহ করে প্রস্রাবের মাধ্যমে নিশ্চিত করুন যে আপনি গর্ভবতী নন এবং সেই অনুযায়ী ব্যবস্থা নিন। জরুরি গর্ভনিরোধক পদ্ধতি নিয়মিত ব্যবহার করা উচিত নয় এবং শেষ অবলম্বন হিসেবে কনডম ব্যবহার করা উচিত। কনডম ব্যবহার করুন কারণ এটি আপনাকে যৌনবাহিত রোগ থেকেও রক্ষা করে। আশা করি এটি আপনাকে সাহায্য করবে। ভালো থাকবেন।"
10023,"হেলো, আমি নাসেনিয়া ডক যোগ করব। এর কারণগুলোর মধ্যে একটি হতে পারে ব্রঙ্কাইটিস নামক একটি অবস্থা, যা আমাদের বড় শ্বাসনালী বা ব্রঙ্কাসের আস্তরণের এক ধরনের প্রদাহ। এই অবস্থাটি সাধারণত ভাইরাল হয় এবং আপনার রক্তকণিকায় সামান্য বেশি লিম্ফোসাইট দেখা যেতে পারে। নাকের আস্তরণের প্রদাহ থেকেও কফের সাথে রক্ত আসতে পারে। এই অবস্থাগুলো গুরুতর নয় এবং সেরে যায়। তবে, আপনার এটাও জানা উচিত যে যক্ষ্মা বা ক্যান্সারের মতো কোনো রোগের কারণেও কফের সাথে রক্ত আসতে পারে, যা আপনার বর্ণনা অনুযায়ী এর কারণ বলে মনে হয় না। যাই হোক, আমার পরামর্শ হলো আপনার পেরিফেরাল ব্লাড স্মিয়ার নামক একটি পরীক্ষা করানো উচিত। আপনাকে অবশ্যই অ্যাবসোলিউট লিম্ফোসাইট কাউন্টের ওপর আপনার পরীক্ষার রিপোর্টও নিতে হবে। ক্রমাগত বেড়ে যাওয়া লিম্ফোসাইট কাউন্টের ওপর অতিরিক্ত পরীক্ষা যেমন ফ্লো সাইটোমেট্রি এবং বোন ম্যারো বায়োপসির মাধ্যমে তদন্ত করতে হবে। এই মুহূর্তে বোন ম্যারো বায়োপসির প্রয়োজন নেই, তবে আপনাকে অবশ্যই একজন প্যাথলজিস্টের মাধ্যমে পেরিফেরাল ব্লাড স্মিয়ার পরীক্ষা করাতে হবে এবং অ্যাবসোলিউট লিম্ফোসাইট কাউন্ট পরীক্ষা করাতে হবে। আপনি আপনার ঘাড় এবং বগলে কোনো চাকা অনুভব করতে পারেন। যদি কিছু থাকে, তবে আপনাকে অবিলম্বে একজন চিকিৎসকের মাধ্যমে পরীক্ষা করাতে হবে। আমার ধারণা, আপনার প্লেটলেট কাউন্ট কম হওয়ার কারণ হতে পারে। সামগ্রিকভাবে আমার মতামত হলো, যেহেতু আপনি ভাইরাল বা অ্যালার্জিজনিত অসুস্থতা থেকে সেরে উঠছেন, তাই আপনার কফের রক্ত"
26034,"হেলো, আপনার প্রশ্নটি পোস্ট করার জন্য ধন্যবাদ। আমি নাসেনিয়া ডক কে এবং আপনাকে সাহায্য করতে পেরে আমি আনন্দিত। পিত্তথলির ৩.৭ মিমি পলিপ সাধারণত ক্ষতিকারক নয় এবং এটি চিন্তার কোনো কারণ নয়। যদি এর আকার ১০ মিমি-এর বেশি হয়, তবে তাকে পর্যায়ক্রমে আল্ট্রাসাউন্ড স্ক্যান করতে হবে এবং এমনকি পিত্তথলি অপসারণ করতে হবে। আপনার বাবার এই ছোট পলিপের জন্য এখন কোনো চিকিৎসার প্রয়োজন নেই। আশা করি এটি আপনার প্রশ্নের উত্তর দিয়েছে। শুভেচ্ছা।"
4542,"হেলো, একটি মোল। আপনি গর্ভপাত মিস করেছেন জেনে দুঃখিত। তবে আইভিএফ (IVF)-এর পরে গর্ভপাত মিস হওয়ার অনেক কারণ থাকতে পারে এবং হিমায়িত ভ্রূণ স্থানান্তর শুধুমাত্র আপনার গর্ভপাতের ঝুঁকি বাড়াতে পারে না। যেহেতু আপনি সেই ভ্রূণগুলো হিমায়িত করে রেখেছিলেন, তাই আপনার সেগুলো ব্যবহার করা উচিত কারণ নতুন চক্রে যাওয়ার জন্য বেশ অতিরিক্ত খরচ হবে এবং অতিরিক্ত গোনাডোট্রফিন ব্যবহার করা কঠিন হবে। উদ্দীপনা এবং ডিম্বাণু পুনরুদ্ধারের জন্য যাওয়া ঝুঁকি ছাড়া নয়, আমি আপনাকে বলছি। তাই আমি পরামর্শ দিচ্ছি যে আপনি এখন সেই হিমায়িত ভ্রূণগুলো ব্যবহার করুন এবং যদি ব্যর্থ হন তবে কয়েক মাস পর নতুন চক্রে যেতে পারেন। আপনার জন্য শুভকামনা রইল।"
38900,"হেলো! শুভ সকাল। আমি নাসেনিয়া ডক, আপনার প্রশ্নের উত্তর দিচ্ছি। আমি যদি আপনার ডাক্তার হতাম, তবে আপনার পেটের শারীরিক পরীক্ষার পর, আমি আপনাকে পেটের আল্ট্রাসাউন্ড, কমপ্লিট ব্লাড কাউন্ট, ব্লাড সুগার, লিভার ফাংশন টেস্ট, সিরাম অ্যামাইলেজ ও সিরাম লাইপেজ এবং প্রস্রাব ও মলের রুটিন ও মাইক্রোস্কোপিক পরীক্ষা করার পরামর্শ দিতাম। এই পরীক্ষাগুলো প্রস্রাব বা মলের সংক্রমণ, পিত্তথলির পাথর এবং লিভার ও অগ্ন্যাশয়ে কোনো প্রদাহ আছে কিনা যা এই ধরনের উপসর্গের কারণ হতে পারে তা নিশ্চিত করার জন্য প্রয়োজন হবে। রিপোর্ট না আসা পর্যন্ত, আমি আপনাকে প্রোটন পাম্প ইনহিবিটর, একটি অ্যান্টি-স্পাসমোডিক এবং উপসর্গ থেকে উপশমের জন্য একটি প্রোবায়োটিকের পরামর্শ দেব। আমি আশা করি এই তথ্যটি আপনার সমস্যার পরবর্তী ব্যবস্থাপনার বিষয়ে আপনার পারিবারিক চিকিৎসক বা আপনার চিকিৎসা প্রদানকারী ডাক্তারের সাথে আলোচনা করতে সাহায্য করবে। কোনো সন্দেহ থাকলে নির্দ্বিধায় জিজ্ঞাসা করবেন। আপনার স্বাস্থ্য সমস্যার বিষয়ে সন্দেহ দূর করতে নাসেনিয়া ডককে বেছে নেওয়ার জন্য ধন্যবাদ। আমি আপনার দ্রুত আরোগ্য কামনা করি। নাসেনিয়া ডক।"
52119,"১. আপনি কারণ (যদি থাকে), এবং আপনার উপসর্গের স্থায়িত্ব কতদিন? ২. লিউকোমা এবং ভিটিলিগোতে কোনো ব্যথা নেই, এগুলোকে ডিসঅর্ডার বলা হয়, রোগ নয়। ৩. অনুগ্রহ করে উল্লেখ করুন যে এটি ছোট নাকি বড়, এবং রঙের কোনো পরিবর্তন হয়েছে কি? ৪. পারিবারিক ইতিহাস, প্রোটিনের ক্ষতির ইতিহাস বা পুষ্টিজনিত সমস্যা (যেহেতু লিউকোমা অভ্যন্তরীণ সমস্যার বাহ্যিক প্রকাশ) আছে কি? ৫. কোনো মানসিক বা শারীরিক চাপ আছে কি? ৬. কারণ এটি একটি দুর্বল রোগ প্রতিরোধ ব্যবস্থার (AI) কারণে ঘটে, তাই চিকিৎসার সময়কাল ত্বকের ক্ষতির পরিমাণের সাথে সম্পর্কিত নাও হতে পারে। ৭. কফি, অ্যালকোহল, চিনি, সাদা আটার পণ্য, টিনজাত বা বোতলজাত খাবার, কমলালেবু, মিষ্টি চুন, অতিরিক্ত লবণ, টক এবং গাঁজানো খাবার এড়িয়ে চলুন। ৮. সূর্যের আলোতে আক্রান্ত স্থানগুলো (সূর্যের আলোতে অতিবেগুনি রশ্মি থাকে যা পুনরায় পিগমেন্টেশন বাড়িয়ে দিতে পারে)। প্রয়োজনে একজন আয়ুর্বেদ চিকিৎসকের পরামর্শ নিন।"
101758,"হেলো, ডেইরি, আমি আপনার প্রশ্নটি দেখেছি। আমি আপনার উদ্বেগ বুঝতে পারছি। আপনার লিপোমা, নিউরোফাইব্রোমা, ডার্মাটোফাইব্রোমা বা অন্য কোনো টিউমারের মতো সফট টিস্যু টিউমার থাকতে পারে। আপনার সেই পিণ্ডটির ফাইন নিডল অ্যাসপিরেশন সাইটোলজি (FNAC) বা বায়োপসি করা উচিত। এটি আপনাকে সঠিক রোগ নির্ণয়ে সাহায্য করবে। তারপর সেই অনুযায়ী আপনার চিকিৎসা নেওয়া উচিত। বেশিরভাগ সফট টিস্যু টিউমারের জন্য অস্ত্রোপচারই হলো প্রধান চিকিৎসা। আপনার জেনারেল সার্জনের সাথে পরামর্শ করুন এবং সেই অনুযায়ী চিকিৎসা নিন। আশা করি আমি আপনার প্রশ্নের উত্তর দিতে পেরেছি, যদি আপনার কোনো সন্দেহ থাকে তবে আমার সাথে bit.ly/ নাসেনিয়া ডক-এ যোগাযোগ করুন। নাসেনিয়া ডক ব্যবহার করার জন্য ধন্যবাদ। আপনার সুস্বাস্থ্য কামনা করি।"
41119,"হেলো, নাসেনিয়া ডকে জিজ্ঞাসা করার জন্য আপনাকে ধন্যবাদ। আমি আপনার ইতিহাস পর্যালোচনা করেছি এবং আপনার জন্য নিম্নলিখিত পরামর্শগুলো দিতে চাই যা নিচে দেওয়া হলো ১. স্ট্যালিন (অ্যালবিউটেরল) রোটা ক্যাপের সাধারণ পার্শ্বপ্রতিক্রিয়াগুলো হলো কাঁপুনি, বুক ধড়ফড় করা, হৃদস্পন্দন বেড়ে যাওয়া ইত্যাদি। তবে, অ্যালবিউটেরল ট্যাবলেট শ্বাস-প্রশ্বাসের মাধ্যমে গ্রহণ করা অ্যালবিউটেরলের চেয়ে ভালো। তবে, যদি আপনার প্রতিদিন ২-৩ বার রোটা ক্যাপ ব্যবহারের প্রয়োজন হয়, তবে আমার মতে এটি সুপারিশ করা হয় না। এটি নির্দেশ করে যে আপনার হাঁপানি ভালোভাবে নিয়ন্ত্রণে নেই এবং আপনাকে নিয়মিত হাঁপানি নিয়ন্ত্রণ বা প্রতিরোধমূলক ওষুধ সেবন করতে হবে। ২. আমি সাধারণত আমার রোগীদের অন্তত ৬ সপ্তাহের জন্য নিয়মিত মন্টিলুকাস্ট, লেভোসেটিরিজিন এবং ইনহেলড কর্টিকোস্টেরয়েড সেবনের পরামর্শ দিই। অনুগ্রহ করে স্ট্যালিন (অ্যালবিউটেরল) রোটা ক্যাপ ব্যবহার করুন শুধুমাত্র প্রয়োজনে এবং নিয়মিত নয়। আমি ৩ দিনের বেশি সময় ধরে নাকের জন্য ডিকনজেস্ট্যান্ট স্প্রে (যেমন অরিজিন) ব্যবহারের পরামর্শ দিই না। কারণ এই ধরনের নাক স্প্রে বন্ধ করার পর নাক বন্ধ হয়ে যাওয়ার সম্ভাবনা থাকে। উপরে উল্লিখিত অনুযায়ী, মন্টিলুকাস্ট এবং লেভোসেটিরিজিন অ্যালার্জিক রাইনাইটিসের জন্য কাজ করবে। ৩. আমি আপনাকে ঘরের ধুলো, মোল্ড, পরাগ, পোকামাকড়ের প্রোটিন, পশুর খুশকি ইত্যাদির মতো সাধারণ বায়ুবাহিত অ্যালার্জেন যেমন"
37265,"হেলো, নাসেনিয়া ডকে পোস্ট করার জন্য আপনাকে ধন্যবাদ। ত্বকের ক্ষত নিয়ে আপনার উদ্বেগের বিষয়টি আমি বুঝতে পারছি, তবে ক্লিনিকাল পরীক্ষা ছাড়া সুনির্দিষ্ট রোগ নির্ণয় করা কঠিন। তাই, আমি আপনাকে অনুরোধ করছি ভালো মানের কিছু ছবি পোস্ট করার জন্য যাতে আমি আপনাকে আরও ভালোভাবে সাহায্য করতে পারি। আপনি নিচের লিঙ্কের মাধ্যমে সরাসরি আমার সাথে যোগাযোগ করতে পারেন। https-urldefense.com/v3/ http"
7886,"হেলো, অল্প বয়সে উচ্চ রক্তচাপ সাধারণত সেকেন্ডারি হাইপারটেনশন- সাধারণ এন্ডোভাসকুলার কারণ নিউরোমাসকুলার ডিসপ্লাসিয়ার কারণে রেনাল আর্টারি স্টেনোসিসের কারণে হয়ে থাকে। আপনার গ্যাস্ট্রোইনটেস্টাইনাল ভাস্কুলার ম্যালফরমেশন (ভিএম) বা ভাস্কুলার এক্সটেসিস, হেম্যানজিওলিম্ফাঙ্গিওমাস (HLA) বা ক্ষুদ্রান্ত্রের ভ্যারিস থাকতে পারে, যা অস্পষ্ট জিআইবি (গ্যাস্ট্রোইনটেস্টাইনাল রক্তপাত)-এর কিছু সাধারণ কারণ। ভিএম প্রায়শই গ্যাস্ট্রোইনটেস্টাইনাল রক্তপাতের সাথে সম্পর্কিত ছিল - যা উচ্চ রক্তচাপ বৃদ্ধির সাথে সম্পর্কিত হতে পারে। আশা করি আমি আপনার প্রশ্নের উত্তর দিতে পেরেছি। আমি আপনাকে আরও কোনোভাবে সাহায্য করতে পারি কিনা তা জানাবেন। ধন্যবাদ।"
95286,"হেলো, আপনার প্রশ্নটি পোস্ট করার জন্য ধন্যবাদ। বর্ণিত বিবরণ অনুযায়ী, অ্যাকিউট ভাইরাল গ্যাস্ট্রোএন্টেরাইটিসের উচ্চ সম্ভাবনা রয়েছে। অন্যান্য সম্ভাবনার মধ্যে ক্রোনস ডিজিজ এবং আলসারেটিভ কোলাইটিস অন্তর্ভুক্ত থাকতে পারে। আপনার একজন ইন্টারনাল মেডিসিন বিশেষজ্ঞ বা গ্যাস্ট্রোএন্টেরোলজিস্টের সাথে পরামর্শ করা উচিত এবং পুঙ্খানুপুঙ্খ পরীক্ষা করানো উচিত। আপনার কমপ্লিট ব্লাড কাউন্ট, ব্লাড সুগার, সিরাম ইলেক্ট্রোলাইটস, টাইডাল টেস্ট, অ্যামিবিক অ্যান্টিবডি এবং থাইরয়েড প্রোফাইলও পরীক্ষা করা উচিত। আরও ভালো ব্যাখ্যার জন্য আপনার কোলোনোস্কোপি করা উচিত। যদি বড় কোলনে আলসার পাওয়া যায়, তবে সঠিক রোগ নির্ণয়ের জন্য বায়োপসি বাধ্যতামূলক। প্রয়োজনে আপনার সম্পূর্ণ অ্যান্টিবায়োটিক থেরাপি, অ্যান্টিস্পাসমোডিকস, প্রোবায়োটিকস এবং অ্যান্টিপাইরেটিক গ্রহণ করা উচিত। আপনার হাইড্রেটেড থাকা উচিত। দই এবং কলার সাথে নরম খাবার খান। দুধ এবং দুগ্ধজাত খাবার এড়িয়ে চলুন। নিজের যত্ন নিন।"
83023,"আমি নিশ্চিত নই যে রিপোর্টটি কী হবে। তবে, স্ট্রেস টেস্ট শুধুমাত্র উচ্চ ঝুঁকির মানদণ্ড পূরণ করলেই আরও কিছু করার প্রয়োজন হয় না। সেগুলো করা হয়নি। করোনারি আর্টারি ডিজিজ নেই এমন নিশ্চয়তা হিসেবে এর কোনো মূল্য নেই। আপনি আপনার ডাক্তারকে হার্ট স্ক্যান সম্পর্কে জিজ্ঞাসা করতে পারেন। কম স্কোর আশাব্যঞ্জক। উচ্চ স্কোর নির্দেশ করে যে আপনার খাদ্যতালিকা, জীবনধারা এবং ভবিষ্যতে হার্ট অ্যাটাকের ঝুঁকি সম্পর্কে কঠোর হতে হবে।"
84702,"হেলো প্রিয়!! নাসেনিয়া ডকে আপনার অনুসন্ধানের জন্য ধন্যবাদ। আপনার অনুসন্ধান এবং স্বাস্থ্য সংক্রান্ত উদ্বেগগুলো পড়েছি এবং পর্যালোচনা করেছি। আপনার বর্তমান পরিস্থিতিতে, আপনি ডান দিকের পাঁজরে নিউমোনিক প্যাচসহ নিউমোনিক ব্যথায় ভুগছেন বলে মনে হচ্ছে। এটি প্রাথমিক নডিউল বা পোস্ট-নিউমোনিক নডিউলসহ বা ছাড়া প্লুরেটিক ব্যথা হতে পারে। স্টেরয়েড ইনজেকশন ফুসফুসের সংক্রমণ বাড়িয়ে দিতে পারে এবং এই নডিউলগুলো ডান দিকের উপরের ফুসফুসে নিয়ে যেতে পারে। ফুসফুসের ক্যান্সারের অন্যান্য কারণগুলোও খতিয়ে দেখা প্রয়োজন - কারণ আপনার ৩০ বছরের ধূমপানের ইতিহাস রয়েছে। এই পরিকল্পনাটি স্টেরয়েড ইনজেকশনের পর ডান দিকের পাঁজরের ব্যথা থেকে আপনার দ্বিধা দূর করবে। আশা করি এটি আপনাকে আপনার এই জটিল অসুস্থতার পরবর্তী পরিকল্পনা করতে সাহায্য করবে। প্রয়োজনে, নিচের নাসেনিয়া ডক লিঙ্কে সরাসরি প্রশ্ন করে ২৪x৭ যেকোনো স্বাস্থ্য সমস্যা সম্পর্কে আপডেট জানান- প্রিয়, যদি সন্তুষ্ট হন, তবে এই উত্তর এবং পরিষেবাকে রেট দেওয়ার জন্য আপনার সুন্দর মতামত দিয়ে এই অনুসন্ধানটি বন্ধ করতে ভুলবেন না, যাতে আপনার মতো আগত জরুরি রোগীদের মনোবল বৃদ্ধি পায়। আপনি যদি আরও বিস্তারিত জানাতে চান এবং আরও প্রশ্ন করতে চান, তবে আপনাকে এখানে স্বাগত জানাই!! দিনটি ভালো কাটুক!! ভবিষ্যতে সুস্বাস্থ্য কামনা করছি!! নাসেনিয়া ডক। এন. সিনিয়র সার্জিক্যাল স্পেশালিস্ট। এস. জেনারেল-সিভিটিএস"
1026,"হেলো, পুরুষ বন্ধ্যাত্বের সবচেয়ে সাধারণ কারণ হলো ভ্যারিকোসিলে, আরও ভালো পরামর্শের জন্য আমি সম্পূর্ণ সিমেন অ্যানালাইসিস রিপোর্ট জানতে চাই। যদি আপনার ভ্যারিকোসিলে থাকে, তবে শুক্রাণুর সংখ্যার চেয়ে শুক্রাণুর গতিশীলতা কমে যাওয়া নিয়ে আপনার বেশি চিন্তিত হওয়া উচিত, কারণ ভ্যারিকোসিলে পরিমাণগত ত্রুটির পরিবর্তে গুণগত ত্রুটির দিকে নিয়ে যায়। তাছাড়া, আপনার শুক্রাণুর সংখ্যা ২৫ মিলিয়ন, যা নিষিক্তকরণের জন্য যথেষ্ট। আমি আপনাকে ক্যাপসুল ইভিয়ান এবং ট্যাব শুরু করার পরামর্শ দেব। লাইকোপিন একটি প্রাকৃতিক অ্যান্টিঅক্সিডেন্ট এবং এগুলো শুক্রাণুর স্বাস্থ্যের উন্নতি ঘটাবে। দ্বিতীয়ত, আমি আপনাকে আপনার ভ্যারিকোসিলে অস্ত্রোপচার করার পরামর্শ দেব, কারণ ভ্যারিকোসিলে অণ্ডকোষে রক্ত সঞ্চালন ঘটায় এবং এটি অণ্ডকোষের তাপমাত্রা বাড়িয়ে দেয়, যার ফলে শুক্রাণু মারা যায় বা শেষ পর্যন্ত শুক্রাণুর গতিশীলতা কমিয়ে দেয়।"
48905,"হেলো! শুভ সন্ধ্যা। আমি নাসেনিয়া ডক, আপনার প্রশ্নের উত্তর দিচ্ছি। আমি যদি আপনার ডাক্তার হতাম, তবে আমি অ্যামিবার সিস্টের জন্যও মল পরীক্ষা করতাম, যা অস্বাভাবিক কিছু নয়। যদি ফলাফল পজিটিভ হয়, তবে অ্যান্টি-অ্যামেবিক ওষুধের একটি কোর্স এই অবস্থা নিরাময় করবে। অন্যথায়, আমি নাসেনিয়া ডকের পরামর্শ অনুযায়ী কিছু প্রোটন পাম্প ইনহিবিটর সেবন করতাম। এছাড়াও আপনার খাদ্যতালিকায় প্রচুর পরিমাণে আঁশযুক্ত খাবার এবং পর্যাপ্ত তরল পান করুন। বিস্তারিত উত্তর।"
34120,"নাসেনিয়া ডকে আপনার প্রশ্নের জন্য ধন্যবাদ। আমার মতে, আপনার বর্তমানে দীর্ঘমেয়াদী প্রভাব নিয়ে চিন্তা করা উচিত। যেহেতু আপনার এক্সপোজার খুব সংক্ষিপ্ত, তাই হ্যাঁ, আপনি যদি দীর্ঘ সময় ধরে এক্সপোজারে থাকেন তবে আপনার দীর্ঘমেয়াদী প্রভাব থাকতে পারে। তাই এত অল্প সময়ের জন্য এক্সপোজার নিয়ে চিন্তার কোনো কারণ নেই। আর যদি আপনি এটি নিয়ে খুব বেশি চিন্তিত থাকেন, তবে কাজের জায়গায় মাস্ক ব্যবহার শুরু করুন। ফিল্টারসহ নির্দিষ্ট মাস্ক পাওয়া যায়। এগুলো আপনাকে অ্যারোসল গ্রহণ থেকে সুরক্ষা দেবে।"
8545,"হেলো, আমি আপনার উদ্বেগ বুঝতে পারছি। জিহ্বার টাই হলো জন্মের পর থেকে অনেক শিশুরই একটি সমস্যা। এই পরিস্থিতি সংশোধন করার জন্য অস্ত্রোপচারের পরামর্শ দেওয়া হয় এবং এটি প্রয়োজনীয়। অস্ত্রোপচার সম্পন্ন হওয়ার পর তাকে স্পিচ থেরাপিও নিতে হতে পারে। এই পদ্ধতির সাথে বড় কোনো ঝুঁকি নেই এবং এটি একজন প্লাস্টিক সার্জন বা ওরাল অ্যান্ড ম্যাক্সিলোফেসিয়াল সার্জন দ্বারা করা হয়। আমি আপনাকে এই বিশেষজ্ঞদের একজন সাথে পরামর্শ করার পরামর্শ দেব। আশা করি এই তথ্যটি আপনাকে সাহায্য করবে। নাসেনিয়া ডক বেছে নেওয়ার জন্য আপনাকে ধন্যবাদ। আমি আপনার মেয়ের দ্রুত সুস্থতা কামনা করি। শুভেচ্ছা।"
81437,"হেলো এবং নাসেনিয়া ডকে আপনাকে স্বাগতম। আমার মনে হচ্ছে আপনার পেটের দেয়ালে কোনো ক্ষত রয়েছে। আপনার পিত্তথলি অনুভব করা প্রায় অসম্ভব এবং খাওয়ার পর আপনার পেটে খিঁচুনি ব্যথা হতে পারে। এছাড়া, এটি কোনো ধরনের বিনাইন টিউমার, যেমন লিপোমা, ফাইব্রাস বা অ্যাথেরোমা, যা সহজেই অস্ত্রোপচারের মাধ্যমে অপসারণ করা যায়। যদি আপনার মনে হয় এটি ইন্ট্রা-অ্যাবডোমিনাল, তবে আপনাকে অবশ্যই আল্ট্রাসাউন্ড এবং আরও পরীক্ষা করাতে হবে। আপনার সুস্বাস্থ্য কামনা করি।"
96701,"আপনার উদ্বেগগুলো আমি বুঝতে পেরেছি এবং আপনার দেওয়া বিস্তারিত তথ্যগুলো দেখেছি। আমি পরামর্শ দেব যে আপনি খুব বেশি চিন্তা করবেন না। আপনার ছেলেকে কেন সঠিকভাবে চিকিৎসা দেওয়া হয়েছিল তা আমি অবশ্যই জানি। যদি আপনার ছেলে রাগের সমস্যায় ভুগে থাকে এবং ক্লিনিক্যাল সাইকোলজি সাইকোমেট্রিক পরীক্ষার মাধ্যমে তার রোগ নির্ণয় করা হয়ে থাকে, তবে সে অবশ্যই সুস্থ হয়ে উঠবে। রোগ নির্ণয়ই মূল বিষয়। ১৭ বছর বয়সে, বয়ঃসন্ধিজনিত কারণ, ভূমিকা নিয়ে বিভ্রান্তি, সহকর্মীর চাপ, সামাজিক সমস্যার কারণে একজন ব্যক্তি বিরক্ত বোধ করেন এবং সবকিছুতে রাগান্বিত হয়ে পড়েন, যা একটি বিকাশমূলক কাজ। এতে নতুন কিছু নেই। বাবা-মা, সমাজ এবং ছেলের নিজের রাগ বোঝা জরুরি। আমার মনে হয় না তার কোনো মানসিক ওষুধের প্রয়োজন আছে। তার কেবল সহানুভূতি প্রয়োজন। আপনি এই ওয়েবসাইটে আমাকে সরাসরি প্রশ্ন করতে পারেন। আপনার ছেলের সম্পর্কে প্রতিটি বিস্তারিত তথ্য অন্তর্ভুক্ত করুন। আমি রাগ নিয়ন্ত্রণের জন্য কিছু কৌশল লিখে দেব। আমি নিশ্চিত যে এই কৌশলগুলো সফল হবে। আশা করি এটি আপনার প্রশ্নের উত্তর দিয়েছে। আরও স্পষ্টীকরণের জন্য আমি আছি। শুভকামনা।"
6239,"হেলো প্রিয়, আপনি যেমনটি বর্ণনা করেছেন যে আপনার মনে সবসময় নেতিবাচক চিন্তা থাকে, যেমন সবাই আপনার বিরুদ্ধে কথা বলছে এবং তারপর আপনি সবার সাথে খারাপ প্রতিক্রিয়া দেখান। তবে এই ধরনের আচরণ আপনার সম্পর্ক এবং কাজের ওপর কতটা প্রভাব ফেলে? আপনার পরিবারের কেউ কি আপনাকে সন্দেহজনক মনে করেন? অন্য কোনো লক্ষণ যেমন সহজে খিটখিটে মেজাজ, কণ্ঠস্বর শোনা, মনোযোগ দিতে না পারা, আগ্রহ কমে যাওয়া, ঘুম ও ক্ষুধামন্দার সমস্যা ইত্যাদি আছে কি? বিস্তারিত ইতিহাস এবং মানসিক অবস্থার পরীক্ষার জন্য একজন মনোরোগ বিশেষজ্ঞের পরামর্শ নিন। খুব বেশি চিন্তা করবেন না, সবকিছু ঠিক হয়ে যাবে। ধন্যবাদ।"
55269,"হেলো, আমি আপনার কেসটি পর্যালোচনা করেছি। আপনার ইতিহাস এবং অভিযোগ অনুযায়ী, কাঁধে ভারী ব্যাগ বা জিম তোলার কারণে স্নায়ুর ওপর চাপ এবং পেশিতে টান লাগার কারণে এই ধরনের ব্যথা হতে পারে। যখন এমন রোগী আমার হাসপাতালে আসেন, তখন আমরা সাধারণত স্নায়ুর ওপর চাপের তীব্রতা দেখার জন্য মেরুদণ্ডের এক্স-রে করি। আরেকটি সম্ভাব্য ডিস্ক বাল্জের কারণেও স্নায়ুতে চাপ হতে পারে, যা নিশ্চিত করার জন্য এমআরআই (MRI) প্রয়োজন হতে পারে। মিথাইলকোবালামিনের সাথে মাসল রিলাক্স্যান্ট এবং ব্যথানাশক ওষুধ ব্যথা কমাতে সাহায্য করবে, আপনি আপনার চিকিৎসকের পরামর্শ নিয়ে এগুলো সেবন করতে পারেন। পরবর্তী নির্দেশনার জন্য আপনি একজন ফিজিওথেরাপিস্টের পরামর্শ নিতে পারেন। তিনি টেন্স (TENS) বা আল্ট্রাসাউন্ড শুরু করতে পারেন, যা আপনার ক্ষেত্রে সহায়ক হবে। দ্রুত সুস্থতার জন্য আপনাকে বিশ্রাম নিতে হতে পারে। গ্যাস্ট্রিকের সমস্যার জন্য আমি দিনে দুবার ২০ মিগ্রা ওমেপ্রাজলের মতো অ্যান্টাসিড প্রোটন পাম্প ইনহিবিটর শুরু করার পরামর্শ দেব। সুক্রালফেট গ্যাস্ট্রিক মিউকোসাকে রক্ষা করবে এবং সুরক্ষামূলক আবরণ দেবে। গ্যাস্ট্রিক হাইপারঅ্যাসিডিটির কারণে মুখের স্বাদ পরিবর্তিত হতে পারে। আপনার বেকারি আইটেম, ধূমপান, অ্যালকোহল, পনির, মানসিক চাপযুক্ত খাবার এড়িয়ে চলা উচিত। ফলের রসের সাথে তাজা খাবার এবং স্যুপ খান। আশা করি এটি আপনার প্রশ্নের উত্তর দিয়েছে। আপনার যদি আরও কোনো প্রশ্ন বা ফলো-আপ জিজ্ঞাসা থাকে, তবে আমাদের লিখতে দ্বিধা করবেন না। আমি আপনার প্রশ্নের উত্তর দিতে পেরে খুশি হব। আপনার সুস্বাস্থ্য কামনা করছি।"
17635,"নাসেনিয়া ডকে আপনার প্রশ্নের জন্য ধন্যবাদ। আমি আপনার পরিস্থিতি এবং সমস্যাটি বুঝতে পারছি। আমার মতে, স্কিন ক্যান্সারের সম্ভাবনা খুবই কম কারণ ১. স্কিন ক্যান্সারের জন্য তার বয়স খুবই কম। ২. ত্বকের ক্যান্সার সাধারণত ব্যথাহীন হয়। ত্বকের ক্ষতগুলো সংক্রমণের ইঙ্গিত দেয়। তাই তার ক্ষেত্রে ক্যান্সারের সম্ভাবনা খুবই কম। তবে রোগ নির্ণয়ের নিশ্চিতকরণের জন্য একজন চর্মরোগ বিশেষজ্ঞের পরামর্শ নেওয়া এবং ক্ষত থেকে বায়োপসি করানো ভালো। ত্বকের সংক্রমণ বা ঘর্ষণজনিত ক্ষতের সম্ভাবনা বেশি।"
78442,"আপনি যে মানগুলোর কথা উল্লেখ করেছেন তা ডায়াবেটিক রিডিং নয়, এটি প্রাক-ডায়াবেটিক। এবং ফ্যাক্টর-চেক এবং অন্যান্য মেশিনের মান যা কৈশিক রক্ত ব্যবহার করে, তা প্রচলিত ভেনাস ব্লাডের তুলনায় সামান্য বেশি বলে মনে হচ্ছে। কোনো ওষুধ ছাড়াই বর্তমান মাত্রা নিয়ন্ত্রণ করা সম্ভব। এর জন্য আমি আপনাকে প্রতিদিন সকালে খালি পেটে ১ চা চামচ হলুদের গুঁড়ো এবং ২ চা চামচ গুড়েরি (এএলএ) পাউডার মিশিয়ে ২ গ্লাস পানি পান করার পরামর্শ দেব। এছাড়া আপনাকে শুধু চিনি খাওয়া নিয়ন্ত্রণ করতে এবং প্রতিদিন ১/২ ঘণ্টা দ্রুত হাঁটার পরামর্শ দিচ্ছি।"
34980,"হেলো, যেহেতু আপনার চিকিৎসকরা আপনাকে অ্যালার্জিক ইসোফ্যাজাইটিস হিসেবে নির্ণয় করেছেন এবং আরাম পাওয়ার একমাত্র উপায় হলো জোর করে চাপ দেওয়া, আপনি কোনো খাবার খাচ্ছেন না। এটি বেশিক্ষণ স্থায়ী হতে পারে না। আপনি একা পানিতে বেঁচে থাকতে পারবেন না। আপনি যদি আমার নিজের রোগী হতেন, তবে আমি আপনাকে নিচের বিষয়গুলো মেনে চলার পরামর্শ দিতাম যা আমি আমার কিছু রোগীর ক্ষেত্রে সাফল্যের সাথে চেষ্টা করেছি। আপনি যদি আমার নিজের রোগী হতেন, তবে আমি আপনাকে নিচের বিষয়গুলো মেনে চলার পরামর্শ দিতাম যা আমি সফলতার সাথে আমার কিছু রোগীর ক্ষেত্রে চেষ্টা করেছি।"
19267,"হেলো, স্বাস্থ্য পরিচর্যায় আপনাকে স্বাগতম। ন্যূনতম ফাইব্রোসিসের চিকিৎসার প্রধান ভিত্তি হলো অক্সিজেন থেরাপি। পিরফেনিডোনের মতো কিছু নতুন ওষুধ রয়েছে যা সাহায্য করতে পারে, তবে পালমোনারি হাইপারটেনশনের মতো অন্যান্য সংশ্লিষ্ট অবস্থারও চিকিৎসা করা প্রয়োজন। ইনহেলার, ফিজিওথেরাপি, টিকা ইত্যাদি সহায়ক ব্যবস্থাপনায় সাহায্য করে। আপনার ক্ষেত্রে উপরের বিকল্পগুলোর সম্ভাব্যতা সম্পর্কে আপনি একজন পালমোনোলজিস্টের সাথে পরামর্শ করতে পারেন।"
7978,"হেলো, নাসেনিয়া ডককে জিজ্ঞাসা করার জন্য ধন্যবাদ। আমি আপনার উদ্বেগ বুঝতে পারছি। যেহেতু আমি সবসময় বলেছি যে গর্ভাবস্থা একটি অত্যন্ত স্বাভাবিক ঘটনা এবং এটি কেবল কোনো ওষুধেই ঘটে না, তাই এটি নিজের মতোই ঘটতে দিন। গর্ভাবস্থার আগে ওষুধ সেবন ডিম্বস্ফোটনের ওপর কোনো প্রভাব ফেলে না, তবে একবার গর্ভধারণ হয়ে গেলে বিষয়টি বিবেচনায় নেওয়া প্রয়োজন। আশা করি আমার উত্তরটি আপনাকে সঠিক সিদ্ধান্ত নিতে সাহায্য করবে।"
77383,"হেলো। আপনি কি র‍্যাশের প্রকৃতি বর্ণনা করতে পারবেন? র‍্যাশটি প্রথম কোথায় শুরু হয়েছিল? এটি কি জ্বরের আগে বা পরে হয়েছিল? পুনরায় ফিরে আসার কোনো ইতিহাস আছে কি? আছে। শিশু কি তারিখ অনুযায়ী টিকা নিয়েছে? এই লক্ষণটি ভাইরাল এক্সান্থেমার কারণে হতে পারে। যদি শিশুটি ভালো থাকে এবং র‍্যাশ কমে যায়, তবে চিন্তার কিছু নেই। যখনই দেখবেন র‍্যাশ কমছে না বা বাড়ছে, তখন আপনার শিশুরোগ বিশেষজ্ঞের সাথে দেখা করুন।"
265,"হেলো, আপনার অনুসন্ধানের জন্য ধন্যবাদ। নন-স্টেরয়েডাল অ্যান্টি-ইনফ্ল্যামেটরি নাসেনিয়া ডক। ঠান্ডা তাপমাত্রা ব্যথা কমাতে সাহায্য করবে। থ্রবিং সহজ করার জন্য একটি ওভার-দ্য-কাউন্টার টুথ এবং গাম নাম্বিং জেল কিনুন। এই জেলগুলো সরাসরি আক্রান্ত স্থানে লাগানো হয় এবং সাধারণত কয়েক ঘণ্টা কাজ করে। আমি আশা করি আপনি কিছু সহায়ক তথ্য পেয়েছেন, এবং আমি যেকোনো পরবর্তী প্রশ্নের উত্তর দিতে পারলে খুশি হব। ভালো থাকবেন।"
108214,"হেলো, আমাদের কাছে লেখার জন্য ধন্যবাদ। আপনার কী কী উপসর্গ দেখা দিচ্ছে তা জানা গুরুত্বপূর্ণ, যার জন্য ২ আল্ট্রাসাউন্ড এবং ম্যামোগ্রাম করা হয়েছে। ক্লিনিকাল পরীক্ষার পর একজন ক্যান্সার সার্জনের ক্লিনিকাল সন্দেহ থাকতে পারে এবং স্তনের আল্ট্রাসাউন্ডেও সন্দেহজনক ফলাফল দেখা যেতে পারে, এমনকি যদি পরীক্ষার ফলাফল স্বাভাবিকও হয়, তবুও এটি বায়োপসির প্রয়োজনীয়তার ইঙ্গিত দিতে পারে। প্রাথমিক পর্যায়ে নালীর ক্যান্সার শনাক্ত করার জন্য নালীর বায়োপসি গুরুত্বপূর্ণ। কিছু পরিবর্তিত ক্লিনিকাল ফলাফল থাকতে পারে যার কারণে ডাক্তার আপনাকে দ্বিতীয় আল্ট্রাসাউন্ডের জন্য রেফার করেছেন এবং দীর্ঘস্থায়ী সন্দেহের কারণে বায়োপসির মাধ্যমে নিশ্চিত হওয়ার প্রয়োজন রয়েছে। অনুগ্রহ করে চিন্তা করবেন না।"
17841,"হেলো, নাসেনিয়া ডকে আপনাকে স্বাগতম। আপনার বিলিরুবিনের মান (বিশেষ করে উচ্চ কনজুগেটেড বিলিরুবিন) বিবেচনা করলে, আপনি হেপাটোসেলুলার জন্ডিসে ভুগছেন যার চিকিৎসা প্রয়োজন। সুপার ইনফেকশন প্রতিরোধ করতে আপনার অ্যান্টিবায়োটিক, লিভার এনজাইম সাপ্লিমেন্ট এবং কিছু খাদ্যাভ্যাসগত বিধিনিষেধের প্রয়োজন হবে। খাবারের বিষয়ে, আপনার এই নির্দেশিকাগুলো মেনে চলা উচিত, যেমন চর্বিযুক্ত ভাজা এবং জাঙ্ক ফুড এড়িয়ে চলা। প্রচুর পরিমাণে তাজা ফল, ফলের রস এবং শাকসবজি খাওয়া এড়িয়ে চলুন। দিনে ৩ থেকে ৪ বার গ্লুকোজ পানি পান করুন। তৈলাক্ত, চর্বিযুক্ত বা এমনকি উচ্চ প্রোটিনযুক্ত খাবার এড়িয়ে চলুন। আপনার গোটা শস্যের খাবার যেমন চাপাতি এবং ডালি ইয়া বা চিচি খাওয়া উচিত। আপনি কি দুর্বলতা অনুভব করছেন? বা আপনার ক্ষুধা কেমন? প্রাথমিক পর্যায়ে আপনার রক্ত পরীক্ষা এবং লিভার ফাংশন টেস্ট প্রায় প্রতিদিন করা উচিত। সম্পূর্ণ চিকিৎসার জন্য আপনার ডাক্তার বা পারিবারিক চিকিৎসকের সাথে পরামর্শ করুন।"
96524,"প্রিয় সদস্য, আমাদের কাছে লেখার জন্য ধন্যবাদ। আপনি আপনার এবং আপনার স্বামীর বয়স উল্লেখ করেননি। চ্যাট ডাক্তারের কাছে ডিম্বাশয়ের দুর্বল প্রতিক্রিয়ার সম্ভাবনা বেশি। স্বামীর বীর্যের প্যারামিটারগুলো কি স্বাভাবিক? ল্যাপারোস্কোপি এবং হিস্টেরোস্কোপির পাশাপাশি ফ্যালোপিয়ান টিউবের কার্যকারিতা পরীক্ষা করলে আরও স্পষ্ট ধারণা পাওয়া যাবে। যদি সবকিছু স্বাভাবিক থাকে, যেমন ওভারিয়ান রিজার্ভের জন্য রক্ত পরীক্ষা এবং ৫৬ সাইকেল এফএসএইচ (FSH) এবং জিইউআই (GUI) ব্যর্থ হয়, তবে আইসিএসআই (ICSI)-এর সাথে আইভিএফ (IVF) একটি বিকল্প হতে পারে। অনুগ্রহ করে বিশ্বাস রাখুন। বন্ধ্যাত্বের চিকিৎসার জন্য রোগীর পাশাপাশি ডাক্তারের প্রচুর ধৈর্য প্রয়োজন। কোনো প্রশ্ন থাকলে আবার লিখুন।"
105125,"হেলো। আমার প্রথম পরামর্শ হলো আপনার শিশুর রোগ প্রতিরোধ ক্ষমতা বাড়াতে আইবুপ্রোফেনের বিকল্প হিসেবে ক্রোনিন বা প্যারাসিটামল ব্যবহার করার চেষ্টা করা। আপনার শিশুর রোগ প্রতিরোধ ক্ষমতা বাড়াতে তাকে প্রচুর পরিমাণে জল, স্বাস্থ্যকর খাবার এবং ফলমূল দিন। তাপমাত্রা কমাতে আপনি গরম পানিতে গোসল করতে পারেন অথবা ভেজা কাপড় পরতে পারেন কারণ এটি সাহায্য করে। কাশির জন্য আপনি এরোসল থেরাপির সাথে নেসল (Naclo) ব্যবহার করে দেখতে পারেন, কারণ এই বয়সে এটি সাহায্য করে। যদি এই অবস্থাটি কোনো ফিডব্যাক ছাড়াই ৩ দিনের বেশি স্থায়ী হয়, তবে আপনার ডাক্তারের সাথে দেখা করা উচিত। আশা করি আমার পরামর্শ আপনার জন্য সহায়ক হবে।"
18953,"হেলো, জিজ্ঞাসা করার জন্য ধন্যবাদ। আপনার ক্লিনিকাল ইতিহাস এবং প্রশ্নের উপর ভিত্তি করে, আমার মতামত নিচে দেওয়া হলো। ১. জিজিটি (GGT) বৃদ্ধির অন্যতম কারণ হলো অ্যালকোহল। হেপাটিক বিলিয়ারি ব্লকেজ এর একটি সাধারণ কারণ। ২. এটি পিত্তনালীর কোষে আঘাত সৃষ্টি করে, যার ফলে জিজিটি রক্তপ্রবাহে বেরিয়ে আসে এবং এর ফলে আপনার রক্তচাপ বেড়ে যায়। ৩. অন্যান্য লিভারের সমস্যাগুলোও পরীক্ষা করে দেখা প্রয়োজন। পরবর্তী সম্পর্কের জন্য আপনার সম্পূর্ণ লিভার ফাংশন টেস্ট করান। আশা করি এটি সাহায্য করবে। আরও কোনো প্রশ্ন থাকলে, সাহায্য করতে পারলে খুশি হব।"
92693,"নাসেনিয়া ডকের কাছ থেকে আরও ভালো পরামর্শ পেতে অনুগ্রহ করে অন্যান্য রিপোর্টগুলোও উল্লেখ করুন। তীব্র ব্যথার পেছনে কোনো কারণ থাকতে পারে। তরল জমা এবং ব্যথা একসাথে পেটের কোনো সমস্যার ইঙ্গিত দেয়, যা সংবেদনশীল সিস্টেমকে প্রভাবিত করছে। তার কি পুরো পেটের আল্ট্রাসাউন্ড করা হয়েছিল? যদি হয়ে থাকে, তবে বিস্তারিত পরীক্ষার মাধ্যমে তা করিয়ে নিন। যদি না হয়ে থাকে, তবে তা করিয়ে নিন। তিনি সম্ভবত অতি সাধারণ কৃমির সংক্রমণ বা অ্যাসিড পেপটিক সিনড্রোমে ভুগছেন। অনুগ্রহ করে বিস্তারিত পরীক্ষা-নিরীক্ষা করান এবং আপনার ডাক্তারের সাথে দেখা করুন।"
92742,"হেলো, নাসেনিয়া ডকের সাথে যোগাযোগ করার জন্য ধন্যবাদ। ৩ বছর আগে হেপাটাইটিস বি সংক্রমণ ধরা পড়ার পর আপনার লিভারের কার্যকারিতা স্বাভাবিক আছে। তবে আপনি বাহক হতে পারেন। তাই এলিসা (ELISA)-এর ভাইরাল মার্কার স্টাডির মাধ্যমে আপনার নেগেটিভ সংক্রমণ নিশ্চিত করুন। তবে এখানে আপনার অনিয়মিত মলত্যাগ বাইরের খাবার, অতিরিক্ত চর্বিযুক্ত খাবার বা অতিরিক্ত মশলাযুক্ত খাবার খাওয়ার কারণে হতে পারে। এটি গ্যাস্ট্রোএন্টেরাইটিসের মতো ভাইরাস বা ব্যাকটেরিয়াজনিত সংক্রমণের কারণে হতে পারে। যদি ডায়রিয়ার সাথে শ্লেষ্মা বা রক্ত থাকে বা জ্বর থাকে, তবে অ্যান্টিবায়োটিক শুরু করা হয়। যদি পেশিতে খিঁচুনি থাকে, তবে ডাইসাইক্লোমিন বেশি করে খেতে পারেন। অল্প অল্প করে বারবার খাবার খান। অ্যালকোহল, ধূমপান ইত্যাদি এড়িয়ে চলুন। যদি সমস্যাটি আরও খারাপ হয়, তবে আরও ইউএসজি (USG) করান। নিজের যত্ন নিন। যদি উন্নতি না হয়, তবে একজন গ্যাস্ট্রোএন্টারোলজিস্টের পরামর্শ নিন। নাসেনিয়া ডক।"
59850,"প্রিয় বন্ধু, নাসেনিয়া ডকের পক্ষ থেকে শুভেচ্ছা। গামা লেভেল বেড়ে যাওয়ার কারণগুলো জানার জন্য আপনার আগ্রহের প্রশংসা করি। আমি আশা করি আপনি গামা গৌতম ট্রান্স পেপটাইডের কথা বলছেন। এর প্রধান কারণ হলো মদ্যপান। তবে ফ্যাটি লিভার বা অবস্ট্রাক্টিভ জন্ডিসের মতো অন্যান্য শারীরিক অবস্থার কারণেও এটি বাড়তে পারে। অনুগ্রহ করে আপনার সম্পূর্ণ হেপাটো-বিলিয়ারি ফাংশন টেস্ট করান এবং রিপোর্টের জন্য আমাদের সাথে যোগাযোগ করুন। ধন্যবাদ এবং আপনার প্রশ্নের অপেক্ষায় রইলাম।"
100049,"হেলো অ্যামেরেন, ইউএআই (UAE)-তে হিউমান কর্পোরিওনিক গোনাডোট্রপিন ইনজেকশন এবং হোরিজিন ও রেজিনাল ট্রেডনামে পাওয়া যায়। একজন স্ত্রীরোগ বিশেষজ্ঞের পরামর্শ নেওয়ার পরেই আপনার এই চিকিৎসা নেওয়া উচিত। তাই প্রথমে একজন স্ত্রীরোগ বিশেষজ্ঞের সাথে পরামর্শ করুন, যিনি আল্ট্রাসাউন্ড ফলিকুলার স্টাডি করবেন এবং পরামর্শ দেবেন। তার পরামর্শ মেনে চলুন। এই ইনজেকশনটি অন্ধভাবে গ্রহণ করবেন না। আপনার আরও কোনো প্রশ্ন থাকলে নাসেনিয়া ডকের মাধ্যমে আমার সাথে যোগাযোগ করুন। আমি উত্তর দিতে পারলে খুশি হব।"
52614,"হেলো, নাসেনিয়া ডক ফোরামে আপনাকে স্বাগতম। আপনি যেভাবে বর্ণনা করেছেন, তাতে এটি টেস্টোস্টেরনের ঘাটতি বলে মনে হচ্ছে, যা পিটুইটারি ঘাটতির মতো উচ্চ সাপ্লিমেন্টের অভাবের কারণে হতে পারে। আমি আপনাকে রোগ নির্ণয় এবং চিকিৎসার জন্য একজন এন্ডোক্রিনোলজিস্টের সাথে পরামর্শ করার পরামর্শ দিচ্ছি। আপনার হরমোনের মাত্রা পরীক্ষা করার প্রয়োজন হতে পারে। সুস্বাস্থ্য এবং রোগ প্রতিরোধ ক্ষমতার জন্য প্রচুর পরিমাণে সবুজ শাকসবজি, ডাল, অঙ্কুরিত শস্য এবং প্রোটিন সমৃদ্ধ খাবার গ্রহণ করুন। আপনার দ্রুত এবং সম্পূর্ণ সুস্থতা কামনা করছি। ধন্যবাদ।"
93087,"হেলো, আঘাতের পর ঠোঁটের অসাড়তা এবং চিবুকে অসাড়তা নিচের কারণগুলোর জন্য দেখা যেতে পারে: ১. ফ্র্যাকচার ফ্র্যাকচারের সময় মানসিক স্নায়ুর আঘাত। ২. অস্ত্রোপচারের সময় ফ্ল্যাপের প্রতিফলনের সময় মানসিক স্নায়ুর আঘাত। ৩. স্নায়ুর ওপর প্লেটের আঘাত। স্নায়ুর আঘাত থেকে সেরে ওঠার বিষয়টি আঘাতের তীব্রতার ওপর নির্ভর করে, যদি এটি স্নায়ুর সামান্য সংকোচন বা ট্র্যাকশনের (নিউরোপ্রাক্সিয়া) কারণে হয়, তবে ৩ থেকে ৬ মাসের মধ্যে সুস্থ হয়ে ওঠেন। যদি এটি নিউরোসিস (নার্ভের বিচ্ছেদ) ধরনের আঘাত হয়, তবে পুরোপুরি সুস্থ হওয়া সম্ভব নয়। ভিটামিন গ্রহণ করুন যা স্নায়ুর বৃদ্ধিতে সাহায্য করে এবং ৩ থেকে ৬ মাস অপেক্ষা করুন। প্লেট সাধারণত দ্বিতীয়বার সংক্রমিত না হওয়া পর্যন্ত অপসারণ করা হয় না। যদি এটি বায়োরিসোর্বেবল প্লেট হয় তবে এটি নিজে থেকেই অদৃশ্য হয়ে যেতে পারে, আর যদি এটি স্টেইনলেস স্টিল বা টাইটানিয়াম প্লেট হয় তবে এটি এভাবেই থাকবে। আপনার সুস্বাস্থ্য কামনা করি।"
66539,"হেলো কিয়োটো, আপনার অনুসন্ধানের জন্য ধন্যবাদ। আপনার পোস্টে উল্লিখিত শ্বাস-প্রশ্বাসের সমস্যাগুলো ব্রঙ্কোকনস্ট্রিকশন (ছোট শ্বাসনালীর পথ বন্ধ হয়ে যাওয়া) এর কারণে হচ্ছে, যা শ্বাসনালীর অতি-সংবেদনশীলতার (মৌসুমি অ্যালার্জি বা হাঁপানি) নির্দেশক। এর ব্যবস্থাপনার মধ্যে অন্তর্ভুক্ত রয়েছে: ১. স্ট্যালিন ইনহেলার- ব্রঙ্কোডাইলেটর (ছোট শ্বাসনালী প্রসারিত করে, বাধা দূর করে এবং ফুসফুসে বায়ুপ্রবাহ বৃদ্ধি করে) দ্বারা লক্ষণভিত্তিক উপশম। ২. মন্টিলুকাস্ট প্রিপারেশন- মৌসুমী অ্যালার্জি এবং হাঁপানির লক্ষণগুলো উপশমের জন্য রক্ষণাবেক্ষণ থেরাপি হিসেবে ব্যবহৃত হয়। ৩. অ্যান্টিহিস্টামিনও লক্ষণভিত্তিক উপশমের জন্য ব্যবহার করা যেতে পারে। ৪. ঠান্ডা, ধুলোবালি বা অন্যান্য অ্যালার্জেন থেকে নিজেকে রক্ষা করুন। যদি লক্ষণগুলো থেকে যায়, তবে একজন পালমোনোলজিস্টের সাথে পরামর্শ করে যথাযথ শারীরিক পরীক্ষা করানো ভালো হবে। যাতে সঠিক চিকিৎসার পদক্ষেপ নেওয়া যায়। আপনার সুস্বাস্থ্য এবং দ্রুত আরোগ্য কামনা করছি। ধন্যবাদ এবং ভালো থাকবেন।"
61974,"হেলো, নাসেনিয়া ডকে আপনাকে স্বাগতম। আপনি বুকে ব্যথার অভিযোগ করছেন এবং ব্রঙ্কাইটিস হিসেবে নির্ণয় করছেন। আপনার বুকের এক্স-রে স্বাভাবিক, জ্বর নেই, তাই নিউমোনিয়া সংক্রান্ত কোনো সমস্যা নেই। আপনার স্পাইরোমেট্রির মাধ্যমে পালমোনারি ফাংশন টেস্ট এবং বুকের এক্স-রে করানো প্রয়োজন। স্পাইরোমেট্রি ফুসফুসের রোগের তীব্রতা মূল্যায়নে এবং চিকিৎসার ক্ষেত্রে সাহায্য করে। যদি ব্রঙ্কোকনস্ট্রিকশন বেশি থাকে তবে ব্রঙ্কোডাইলেটর দেওয়া যেতে পারে। যদি প্রদাহজনিত ফোলাভাব থাকে তবে স্বল্পমেয়াদী স্টেরয়েড কোর্সও দেওয়া যেতে পারে। দিনে দুবার ভাপ নেওয়া এবং ভাপ নেওয়া ভালো। আপনার পরীক্ষার জন্য একজন পালমোনোলজিস্টের সাথে পরামর্শ করুন। ভালো থাকবেন।"
78153,"হেলো। নাসেনিয়া ডকে আমাদের কাছে লেখার জন্য আপনাকে ধন্যবাদ। আমি অ্যালোপেসিয়া এরিয়াটা (AA) ক্লিনিক্যালি চুল পড়ার একটি মসৃণ, টাক পড়া প্যাচ হিসেবে দেখা দেওয়ার সম্ভাবনা রাখছি। এই অবস্থাটি মাথার ত্বকে বেশি দেখা যায়, তবে এটি দাড়ি, গোঁফ, ভ্রু এবং চোখের পাপড়ির মতো অন্যান্য লোমশ অঞ্চলকেও প্রভাবিত করতে পারে। এই প্যাচগুলো নিজে থেকেই বা চিকিৎসার প্রতিক্রিয়ায় নতুন চুল গজাতে পারে। ট্রায়ামসিনোলোন অ্যাসিটোনাইডের মতো দীর্ঘমেয়াদী স্টেরয়েড ইনজেকশন হলো এর প্রধান চিকিৎসা। এই ইনজেকশনগুলো প্রতি ৩ সপ্তাহে একবার দেওয়া হয় এবং টাকের প্যাচগুলো সাধারণত প্রায় ২-৩টি ইনজেকশনে নতুন চুল গজায়। যে চুলগুলো পুনরায় গজায় সেগুলো শুরুতে সূক্ষ্ম এবং হালকা রঙের হতে পারে অথবা পুরোপুরি সাদা হতে পারে, তবে পরবর্তীতে রেপিগমেন্ট হিসেবে দেখা দেয়। শুভেচ্ছা।"
30440,"হেলো, নাসেনিয়া ডক ফোরামে আপনাকে স্বাগতম। হ্যাঁ, মাল্টিপল অ্যাট্রোফি একটি বিরল অবস্থা। হোমিওপ্যাথিতে আপনি যে রোগে ভুগছেন তার ওপর ভিত্তি করে ওষুধ দেওয়া হয় না, বরং উপসর্গের ওপর ভিত্তি করে ওষুধ দেওয়া হয়। এই কারণেই হোমিওপ্যাথিতে আপনি মাল্টিপল অ্যাট্রোফির মতো জটিল এবং দুরারোগ্য রোগের চিকিৎসা করতে পারেন। তাই আমার মনে হয় আপনার বাবার জন্য হোমিওপ্যাথিক চিকিৎসা শুরু করা উচিত। আরও তথ্যের জন্য আমাদের ইনফো নাসেনিয়া ডক ডট কম-এ মেইল করুন অথবা WWW-এ আমাদের সাথে দেখা করুন।"
87847,"হেলো, নাসেনিয়া ডকে আপনার পোস্টের জন্য ধন্যবাদ। আমি আপনার প্রশ্নটি মনোযোগ সহকারে পড়েছি এবং আপনার উদ্বেগের বিষয়টি বুঝতে পেরেছি। চিন্তা করবেন না, এটি উদ্বেগের কোনো গুরুতর সমস্যা নয়। আমার মনে হয় এটি কোনো পেশী বা স্থানীয় আঘাতের কারণে হয়েছে। আঘাতের ফলে লালা নালীতে মিউকোসিল জমে মিউকোসেল তৈরি হয়েছে। সাধারণত এটি ক্ষতিকারক নয় এবং অল্প সময়ের মধ্যেই নিজে থেকেই সেরে যায়। প্রক্রিয়াটিকে ত্বরান্বিত করতে আপনি দিনে দুই থেকে তিনবার লবণ পানি দিয়ে ভালোভাবে মুখ কুলকুচি করতে পারেন। যদি এটি দীর্ঘস্থায়ী হয়, তবে লেজার চিকিৎসা বা অস্ত্রোপচারের জন্য আপনি একজন চর্মরোগ বিশেষজ্ঞের পরামর্শ নিতে পারেন। আমার মনে হয় এটি আপনাকে সাহায্য করবে। আপনার সুস্বাস্থ্য কামনা করি। শুভেচ্ছা।"
75946,"আপনার অনুসন্ধানের জন্য ধন্যবাদ, আমি আপনার অনুসন্ধানটি দেখেছি। দাঁত ও মাড়িতে ব্যথা মাড়ির সংক্রমণ বা দাঁতের সংক্রমণের কারণে হতে পারে। রাতের বেলা ব্যথা পালপাইটিস (দাঁতের সংক্রমণ)-এর বৈশিষ্ট্য। আপনার ওরাল ফিজিশিয়ানের সাথে পরামর্শ করুন এবং কোনো সংক্রমণ আছে কিনা তা নিশ্চিত করতে একটি রেডিওগ্রাফ (এক্স-রে) করান। যদি এটি মাড়ি বা দাঁতের সংক্রমণ হয়, তবে আপনি ৫ দিনের জন্য অ্যামোক্সিসিলিন ৫০০ মিগ্রা এবং মেট্রোনিডাজল ৪০০ মিগ্রা দিনে তিনবার (যদি আপনার অ্যালার্জি না থাকে) অ্যান্টিবায়োটিক নিতে পারেন। অ্যান্টিবায়োটিক নেওয়ার পর দাঁতের সংক্রমণের জন্য আপনি আরসিটি (RCT) করাতে পারেন (যদি হাড়ের সাপোর্ট ঠিক থাকে)। যদি এটি মাড়ির সংক্রমণ হয়, তবে একবার দাঁত পরিষ্কার করিয়ে নিন এবং মুখের পরিচ্ছন্নতা বজায় রাখুন। প্রয়োজনে গ্রাফ্ট বসিয়ে দাঁত শক্ত করতে পারেন। স্যালাইন দিয়ে কুলকুচি করুন। আশা করি আমার উত্তরটি আপনাকে সাহায্য করবে, ভালো থাকবেন।"
64589,"হেলো। নাসেনিয়া ডকে আপনাকে স্বাগতম এবং আপনার প্রশ্নের জন্য ধন্যবাদ। আমি আপনার উদ্বেগ বুঝতে পারছি। স্পষ্টতই, আপনি এই নতুন ঘটনা বা অনুভূতি নিয়ে ব্যস্ত ছিলেন যা আপনি অনুভব করছেন। বিভিন্ন মানসিক চাপের পরিস্থিতিতে, শারীরিক বা মানসিক উভয়ই হৃদস্পন্দন এবং রক্তচাপ বৃদ্ধির প্যারামিটার। আপনার বয়স এই ব্যথার করোনারি ধমনীর উৎসের সাথে খুব একটা সামঞ্জস্যপূর্ণ নয় (অর্থাৎ করোনারি ধমনীর মধ্যে একটি ব্লকেজ - ধমনী যা হৃদপিণ্ডকে মুকুট হিসেবে ঘিরে রাখে এবং অক্সিজেন ও গুরুত্বপূর্ণ পুষ্টি সরবরাহ করে)। তবে, এনজাইনা অনেকটা বুকের মাঝখানে অনুভূত হওয়া বা ভারী অনুভূতির মতো, যা গলা ও কাঁধ এবং বাম কাঁধ ও বাম হাত পর্যন্ত ছড়িয়ে পড়ে, যা পরিশ্রমের সাথে সম্পর্কিত নয় এবং ব্যায়াম বন্ধ করলে কমে যায়। আমি ধরে নিচ্ছি যে আপনি ২৭ বছর বয়সী একজন সক্রিয় এবং সুস্থ, তাই মাঝারি শারীরিক কার্যকলাপের সময় এই ধরনের ব্যথা অনুভব করবেন। বুকে এই ধরনের ব্যথার আরও অনেক উৎস থাকতে পারে। আর যদি এটি খাদ্যজনিত হয়, তবে সবচেয়ে সম্ভাব্য কারণ হলো পরিপাকতন্ত্রের সমস্যা। আমি আপনাকে একজন গ্যাস্ট্রোহেপাটোলজিস্টের (পাচনতন্ত্র ও লিভার বিশেষজ্ঞ) সাথে পরামর্শ করার পরামর্শ দিচ্ছি, যাতে আরও পরীক্ষা করা যায় যে এই ব্যথাটি খাদ্যনালীর খিঁচুনি (যে নালীটি গলবিলকে পাকস্থলীর সাথে সংযুক্ত করে) নাকি পাকস্থলী বা ক্ষুদ্রান্ত্রের কোনো অস্বাভাবিক প্রক্রিয়ার কারণে হচ্ছে। এই সমস্যাগুলো সঠিকভাবে মূল্যায়ন করার জন্য একটি আপার গ্যাস্ট্রোইনটেস্টাইনাল এন্ডোস্কোপির প্রয়োজন হতে পারে। আশা করি আমি আমার উত্তর দিয়ে আপনাকে সাহায্য করতে পেরেছি। শুভেচ্ছা রইল।"
89099,"হেলো, এটি সার্ভিকাল স্পাইন নার্ভ রুট এনট্র্যাপমেন্ট বলে মনে হচ্ছে, যার কারণে উপসর্গগুলো দেখা দিচ্ছে। আমি এমআরআই (MRI) করার পরামর্শ দেব। এরপর আমরা চিকিৎসার পরিকল্পনা করতে পারব। চিকিৎসার মধ্যে রয়েছে - সার্ভিকাল সফট কলার ব্যবহার করে ঘাড় স্থির রাখা, ঘাড়, পিঠ এবং কাঁধের জন্য গরম পানির সেঁক দেওয়া। এটি করার পর, স্ট্যাটিক নেক এক্সারসাইজ এবং রেঞ্জ অফ মোশন এক্সারসাইজের মতো সাধারণ ঘাড় স্থির করার ব্যায়ামগুলো সহায়ক হবে। এছাড়াও, কাঁধের স্থিতিশীলতার ব্যায়াম, ইন্টার-স্ক্যাপুলার মাসল স্ট্রেংদেনিং এক্সারসাইজ এবং হাতের উপরের অংশের পেশি শক্তিশালী করার ব্যায়াম উপসর্গগুলো অনেকাংশে কমাতে সাহায্য করবে। আশা করি আমি আপনার প্রশ্নের উত্তর দিতে পেরেছি। আমি আপনাকে আরও কোনোভাবে সাহায্য করতে পারি কিনা তা জানাবেন। ভালো থাকবেন, জে ইন নাসেনিয়া ডক।"
94228,হেলো... প্রতি বছর স্টেন্ট ব্লক হওয়ার সম্ভাবনা প্রায় ৬%। এটি একটি সাধারণ বিষয়। একজন ব্যক্তি থেকে অন্য ব্যক্তি পর্যন্ত নন-ডায়াবেটিক এবং স্বাস্থ্যকর জীবনযাপনের মাধ্যমে এটি কতদিন স্থায়ী হবে তা আগে থেকে বলা খুব কঠিন। কোনো কারণে স্টেন্ট ব্লক হওয়ার সম্ভাবনা খুব বেশি হলে আপনার ওষুধের পাশাপাশি অ্যান্টিপ্লেটলেট ব্যবহার করা উচিত। আপনি আপনার ব্যায়াম ধাপে ধাপে বাড়াতে পারেন। স্টেন্টিংয়ের আগে ব্যায়াম করা অনুমোদিত। এবং আরও স্বাগতম। নিজের যত্ন নেবেন।
40090,"হেলো, নাসেনিয়া ডকে আপনাকে স্বাগতম। আমি আপনার প্রশ্ন এবং উদ্বেগ বুঝতে পেরেছি। আপনার ক্ষেত্রে অনিয়মিত হৃদস্পন্দন হৃদপিণ্ডের অ্যারিথমিয়ার ইঙ্গিত দেয়, যার অর্থ হৃদপিণ্ডের অস্বাভাবিক রক্ত সঞ্চালনের অস্বাভাবিকতা, যা দীর্ঘস্থায়ী মানসিক চাপ এবং উদ্বেগের কারণে হতে পারে। রোগ নির্ণয় নিশ্চিত করার জন্য আমি আপনাকে অবিলম্বে আপনার হৃদপিণ্ডের ইসিজি (ECG) এবং টু-ডি ইকো (2D echo) করার পরামর্শ দিচ্ছি। রুটিন চেকআপের অংশ হিসেবে আমি আপনাকে অবিলম্বে লিপিড প্রোফাইল, কমপ্লিট ব্লাড পিকচার এবং বুকের এক্স-রে করার পরামর্শ দিচ্ছি। নাসেনিয়া ডক। মানসিক চাপ এবং উদ্বেগ এড়িয়ে চলুন। ধূমপান, অ্যালকোহল এবং চর্বিযুক্ত খাবার এড়িয়ে চলুন। আপনার ক্ষেত্রে যদি লিপিড প্রোফাইল অস্বাভাবিক হয়, তবে অ্যাটোরভাস্ট্যাটিন দিয়ে চিকিৎসা করা উচিত। অবিলম্বে রক্তচাপ এবং হৃদস্পন্দন পর্যবেক্ষণ করুন। ইপি স্টাডি এবং রেডিওফ্রিকোয়েন্সি অ্যাবলেশন হলো পছন্দের পদ্ধতি। বিশেষজ্ঞ ব্যবস্থাপনার জন্য আপনার কার্ডিওলজিস্টের সাথে পরামর্শ করুন। আপনার আরও কোনো প্রশ্ন থাকলে জানান, ধন্যবাদ।"
45520,"হেলো! শুভ সকাল। আমি নাসেনিয়া ডক, আপনার প্রশ্নের উত্তর দিচ্ছি। আপনার লক্ষণগুলোর মধ্যে মলত্যাগের সময় তরল বের হওয়া আপনার অন্ত্রের হার্নিয়ার সাথে সম্পর্কিত নাও হতে পারে। এটি অনিয়ন্ত্রিত ডায়াবেটিসের কারণে হতে পারে, তাই আমি আপনাকে পরামর্শ দেব যে কোনো ধরনের দাঁত বা ইনভেসিভ চিকিৎসার আগে আপনার রক্তে শর্করার মাত্রা পরীক্ষা করিয়ে নিন। প্রথমে কোন অস্ত্রোপচার করা হবে তার উত্তর নির্ভর করে আপনার চিকিৎসকের ক্লিনিকাল মূল্যায়নের ওপর এবং তাকে সতর্কতার সাথে বিচার করতে হবে। একবার শর্করার মাত্রা নিয়ন্ত্রণে চলে এলে এবং চিকিৎসক আপনাকে উপযুক্ত মনে করলে, অগ্রাধিকারের ওপর ভিত্তি করে যেকোনো অস্ত্রোপচার করা যেতে পারে। আমি আশা করি এই তথ্যটি আপনার সমস্যার পরবর্তী ব্যবস্থাপনার বিষয়ে আপনার পারিবারিক চিকিৎসক বা আপনার চিকিৎসা প্রদানকারী ডাক্তারের সাথে আলোচনা করতে সাহায্য করবে। কোনো সন্দেহ থাকলে নির্দ্বিধায় জিজ্ঞাসা করবেন। আপনার স্বাস্থ্য সমস্যার বিষয়ে সন্দেহ দূর করতে নাসেনিয়া ডককে বেছে নেওয়ার জন্য ধন্যবাদ। আপনার দ্রুত আরোগ্য কামনা করছি। নাসেনিয়া ডক।"
96828,"হেলো! নাসেনিয়া ডকে আপনাকে স্বাগতম! আপনার উপসর্গগুলো বিভিন্ন সম্ভাব্য কারণের সাথে সম্পর্কিত হতে পারে যা নিচে উল্লেখ করা হলো: - প্রদাহ - পেরিফেরাল নিউরোপ্যাথি - পায়ের রক্তনালীর সাথে সম্পর্কিত ভাস্কুলার ডিসঅর্ডার - ক্যালসিয়ামের ঘাটতি বা হাইপারগ্লাইসেমিয়া। এই কারণে, আমি আপনাকে একজন জিপি-র সাথে পরামর্শ করে শারীরিক পরীক্ষা এবং কিছু প্রয়োজনীয় পরীক্ষা-নিরীক্ষা করার পরামর্শ দিচ্ছি।"
24031,"হেলো, স্বাগতম। এসজিওটি (SGOT), এসজিপিটি (SGPT) এবং বিলিরুবিনের মাত্রা সবই এলএফটি (LFT)-এর অন্তর্ভুক্ত। লিভারের কার্যকারিতা স্বাভাবিক হয়ে গেলে এগুলো স্বাভাবিক পর্যায়ে চলে আসবে। মি. গুপ্তা (জন্ডিস)-এর জন্য আয়ুর্বেদে সর্বোত্তম চিকিৎসা পাওয়া যায়। আপনি আপনার এলাকার একজন ভালো ডাক্তারের সাথে দেখা করুন। সেই ওষুধের পাশাপাশি আপনাকে কিছু সতর্কতা অবলম্বন করতে হবে: ১- লবণ এড়িয়ে চলুন। ২- তৈলাক্ত ও চর্বিযুক্ত খাবার যেমন তেল এড়িয়ে চলুন। ৩- অন্তত ১ মাস বিশ্রাম নিন। ৪- সপ্তাহে একবার লেভেল পরীক্ষা করুন। যদি আপনার এলাকায় আয়ুর্বেদ ডাক্তার না পাওয়া যায়, তবে বিস্তারিত জানার জন্য আমার সাথে যোগাযোগ করুন, আমি আপনাকে সেরা ওষুধ দিতে পারব।"
107155,"হেলো, আমি আপনার সমস্যাটি পড়েছি। সাধারণত ১ মাস পর্যন্ত ব্যথানাশক ওষুধ দিয়ে পিঠের ব্যথা নিয়ন্ত্রণ করা হয়। যদি এটি ১ মাসের বেশি স্থায়ী হয়, তবে আরও পরীক্ষা-নিরীক্ষা করা হয়। যেহেতু আপনার তীব্র ব্যথা হচ্ছে, তাই আমি আপনাকে নিম্নলিখিত পরামর্শ দিচ্ছি যা নিচে দেওয়া হলো। - পিঠের ব্যথা অনেক কারণে হতে পারে। আপনার লাম্বোস্যাক্রাল মেরুদণ্ডের এক্স-রে করানো উচিত এবং ল্যাটারাল পরীক্ষা করানো উচিত। রিপোর্টগুলো আমাদের পাঠান অথবা আপনার ডাক্তারের সাথে আলোচনা করুন। শুধুমাত্র তখনই পরবর্তী চিকিৎসার পরামর্শ দেওয়া সম্ভব।"
27497,"হেলো, আমি নাসেনিয়া ডক। আমার মতে এটি একটি লিগামেন্ট ইনজুরি হতে পারে যেখানে আপনার পেশির উৎপত্তি হয়, যা আপনার আঘাত অনুযায়ী হিল হতে সময় নিতে পারে। আপনার দেওয়া ইতিহাস থেকে আমার মনে হয় না যে আপনার লিগামেন্ট ছিঁড়ে গেছে বা আংশিক ছিঁড়ে গেছে, তাই আমি আপনাকে চিন্তিত হতে চাই না। আপনি প্রয়োজনে অ্যাডভিলের মতো ব্যথানাশক ওষুধ ব্যবহার করতে পারেন, টপিক্যাল জেল দিয়ে গরম সেঁক দিতে পারেন এবং হাঁটু সাপোর্ট ব্যবহার করতে পারেন। যদি ব্যথা অব্যাহত থাকে বা ফোলাভাব থাকে, তবে সঠিক মূল্যায়ন ও চিকিৎসার জন্য আমি এক্স-রে এবং এমআরআই করার পরামর্শ দিচ্ছি, যাতে কোনো ফিসার, পেশী বা লিগামেন্ট ছিঁড়ে যাওয়া, মেনিসকাস বা তরুণাস্থির আঘাত আছে কি না তা নিশ্চিত হওয়া যায়। এই তথ্যটি সহায়ক হলে অনুগ্রহ করে ৫-স্টার রেটিং এবং কিছু ইতিবাচক মতামত দিন। আপনার সুস্বাস্থ্য কামনা করি, আরও কোনো প্রশ্ন থাকলে নির্দ্বিধায় জিজ্ঞাসা করুন।"
32484,"নাসেনিয়া ডকে আপনার প্রশ্নের জন্য ধন্যবাদ। আমি আপনার উদ্বেগ বুঝতে পারছি। না, এই মাথা ঘোরার সাথে শরৎকালের কোনো সম্পর্ক নেই। আপনার ইতিহাস এবং বর্ণনা অনুযায়ী, আমাদের অবশ্যই ব্রেইন প্যাথলজি যেমন প্রাথমিক রক্তক্ষরণ, ইস্কেমিয়া ইত্যাদি আছে কিনা তা পরীক্ষা করে দেখা উচিত। আপনার মাথা ঘোরা, মাথা ঘোরা, শরীরের একপাশে সরে যাওয়া (ভারসাম্যহীনতা) ইত্যাদি সমস্ত লক্ষণ মস্তিষ্কের প্যাথলজির সাধারণ লক্ষণ। আর উচ্চ রক্তচাপ এই ধরনের রোগের জন্য একটি ঝুঁকির কারণ। তাই এটি নিশ্চিত করতে মস্তিষ্কের এমআরআই (MRI) করিয়ে নিন। যদি এমআরআই স্বাভাবিক থাকে, তবে খুব বেশি চিন্তার প্রয়োজন নেই। কখনও কখনও ভিটামিন বি১২-এর ঘাটতির কারণেও একই ধরনের উপসর্গ দেখা দিতে পারে। তাই ভিটামিন বি১২-এর মাত্রাও পরীক্ষা করিয়ে নিন এবং ঘাটতি থাকলে আপনার সাপ্লিমেন্টের প্রয়োজন হবে। যেকোনো ক্ষেত্রেই, রক্তচাপ কঠোরভাবে নিয়ন্ত্রণ করা প্রয়োজন। খাদ্যতালিকায় লবণের পরিমাণও কঠোরভাবে নিয়ন্ত্রণ করা প্রয়োজন। চিন্তা করবেন না, আপনি সুস্থ হয়ে উঠবেন, তবে প্রথমে মস্তিষ্কের কোনো সমস্যা আছে কি না তা নিশ্চিত করুন। আশা করি আমি আপনার প্রশ্নের সমাধান করতে পেরেছি। আপনাকে আরও সাহায্য করতে পারলে আমি খুশি হব। আপনার সুস্বাস্থ্য কামনা করি। ধন্যবাদ।"
32461,"হেলো প্রিয়, চোখের সাথে চোখের সংযোগ বজায় রাখা কঠিন, তবে আপনি কতদিন ধরে এই সমস্যায় ভুগছেন? কখনও কখনও খুব লাজুক ব্যক্তিরা চোখের সংযোগ বজায় রাখতে পারেন না। যাদের শৈশব থেকেই এই ধরনের সমস্যা রয়েছে, তাদের সাইকোথেরাপি এবং বিহেভিয়ার থেরাপির প্রয়োজন হয়। তাই বিস্তারিত ইতিহাস এবং চিকিৎসার জন্য একজন মনোরোগ বিশেষজ্ঞের পরামর্শ নিন। এর সাথে কি বিষণ্ণ মেজাজ, মনোযোগ দিতে না পারা, ঘুম ও ক্ষুধামন্দার মতো অন্য কোনো লক্ষণ আছে? ধন্যবাদ।"
33118,"হেলো, চাইল্ড নাসেনিয়া ডকে আপনাকে স্বাগতম। যদি সঠিকভাবে চিকিৎসা না করা হয়, তবে এই অবস্থাটি হুপিং কাশিতে পরিণত হতে পারে যা অনেক বেশি বিরক্তিকর এবং নিরাময় করা কিছুটা কঠিন। হোমিওপ্যাথি এই ধরনের ক্ষেত্রে ভালো সাড়া দেয় এবং সম্পূর্ণ নিরাময় প্রদান করে। আপনি চিকিৎসার জন্য যেকোনো হোমিওপ্যাথিক চিকিৎসকের সাথে দেখা করতে পারেন। ইতিমধ্যে, আমি কিছু ওষুধ লিখে দিচ্ছি যা আপনি নির্দেশিত, যেমন গ্রাফিক নু টেনস ৩০ ৬ পিল দিনে দুবার, অ্যান্টি-টার্ট ৩০ ৬ পিল দিনে দুবার, ডুলসিমার ৩০ ৬ পিল দিনে দুবার এবং আরস গড ৩x ৪ পিল দিনে দুবার করে এই ওষুধগুলো সেবন শুরু করতে পারেন। ১৫ দিনের মধ্যে আপনি এই ওষুধটি বিনামূল্যে সেবন করতে পারেন। আপনার সুস্বাস্থ্য কামনা করি। ধন্যবাদ।"
104859,"হেলো, আমার মনে হয় যদি আপনার পিরিয়ড মিস হয়ে থাকে তবে আপনি গর্ভবতী হতে পারেন। একটি ইউরিন প্রেগন্যান্সি টেস্ট করিয়ে নিন। যদি এটি পজিটিভ হয়, তবে আপনি গর্ভবতী এবং আপনার একজন ডাক্তারের পরামর্শ নেওয়া উচিত। যদি এটি নেগেটিভ হয়, তবে পিরিয়ড শুরু করার জন্য আপনাকে কিছু ওষুধ সেবন করতে হবে। যদি আপনি গর্ভবতী না হন, তবে আপনি ৩ থেকে ৬ মাস স্বাভাবিকভাবে চেষ্টার মাধ্যমে ডিম্বস্ফোটন বা ওভুলেশন ঘটানোর চেষ্টা করতে পারেন। এ বিষয়ে আপনার ডাক্তারের সাথে কথা বলুন। আশা করি আমি আপনার প্রশ্নের উত্তর দিতে পেরেছি। আমি আপনাকে আরও কোনোভাবে সাহায্য করতে পারি কিনা তা জানাবেন।"
72542,"নাসেনিয়া ডকে আপনাকে স্বাগতম। আমি আপনার উদ্বেগ পুরোপুরি বুঝতে পারছি, তবে চিন্তা করবেন না। শিশুর অন্ত্রকে সুস্থ রাখার সর্বোত্তম উপায় হলো জীবনের প্রথম ৬ মাস শুধুমাত্র বুকের দুধ খাওয়ানো এবং তারপর সম্পূর্ণ পুষ্টি নিশ্চিত করার জন্য পর্যায়ক্রমে সাপ্লিমেন্ট ফিড দেওয়া। ফর্মুলা ফিডের পর বমির সাথে কোষ্ঠকাঠিন্য এবং বদহজম সাধারণত নির্দেশাবলী অনুযায়ী পাতলা না হওয়ার কারণে (১ স্কুপ প্রতি ওজ) হয়ে থাকে। তাই, সঠিক তরলীকরণ এবং বন্ধ্যাত্ব নিশ্চিত করুন। যদি এর পরেও আপনার শিশু সহ্য করতে না পারে, তবে আপনি ল্যাকটোজ বা ল্যাকটোজ চেষ্টা করতে পারেন। আশা করি এটি আপনাকে সাহায্য করবে। ভালো থাকবেন।"
49221,"হেলো, নাসেনিয়া ডক ব্যবহার করার জন্য ধন্যবাদ। কাশি এবং সর্দির জন্য প্রেসক্রিপশন ছাড়াই অনেক ওষুধ পাওয়া যায়। সঠিক নামগুলো এক জায়গা থেকে অন্য জায়গায় ভিন্ন হতে পারে। সাধারণ সর্দি-কাশির ওষুধ সর্দি থেকে সেরে উঠতে সাহায্য করে না, তবে পুরনো উপসর্গগুলো কমাতে সাহায্য করে। ওষুধে বিভিন্ন উপাদান থাকে যা বিভিন্ন উপসর্গের ক্ষেত্রে সাহায্য করে। ডিকনজেস্ট্যান্ট সাইনাস কনজেশনের কারণে নাক বন্ধ এবং মুখের ব্যথায় সাহায্য করবে। অ্যান্টিহিস্টামিন কনজেশন বা হাঁচির ক্ষেত্রেও সাহায্য করতে পারে। যদি কাশি হয়, তবে কাশির ওষুধ পাওয়া যায়। যদি কাশি ভেজা থাকে, তবে মিউকোলাইটিকযুক্ত কাশির সিরাপ সহায়ক হবে। আপনি আপনার স্থানীয় ফার্মেসির সাথে কথা বলে কী পাওয়া যায় তা খুঁজে বের করার কথা বিবেচনা করতে পারেন। আশা করি এটি আপনাকে সাহায্য করবে।"
69715,"হেলো, প্রথমত, এই রিডিংয়ের সময় কি আপনার কোনো উপসর্গ আছে? কারণ এই হৃদস্পন্দনের সময় মাথা ঘোরা, অজ্ঞান হয়ে যাওয়া, বুকে ব্যথা বা ভারী ভাব, শ্বাসকষ্ট ইত্যাদির মতো গুরুতর উপসর্গ দেখা দেয়। যদি না থাকে, তবে এটি ভুল রিডিং হওয়ার সম্ভাবনা রয়েছে। কখনও কখনও এটি প্রতিটি স্পন্দনকে দুটি হিসেবে রেকর্ড করতে পারে এবং হৃদস্পন্দনকে দ্বিগুণ করে। যদি আপনার উপসর্গ থাকে, তবে এটি পিএসভি (PSV) বা অ্যাট্রিয়াল ফিব্রিলেশনের মতো কার্ডিয়াক অ্যারিথমিয়া হতে পারে, যেখানে হৃদস্পন্দন হঠাৎ বেড়ে যায় এবং হঠাৎ কমে যায়। এই পর্বগুলোর সময় রক্তচাপ কমে যায় এবং মাথা ঘোরা, অজ্ঞান হয়ে যাওয়া, ব্ল্যাকআউট বা কখনও কখনও সিনকোপ হতে পারে। সাধারণত ইসিজি স্বাভাবিক কারণ এটি পর্বগুলোর মধ্যবর্তী সময়ে করা হয়। পর্ব চলাকালীন ইসিজি করলে অস্বাভাবিকতা ধরা পড়বে। আপনি ২৪ ঘণ্টার হোল্টার মনিটরিং পুনরায় করতে পারেন। এছাড়া, হিমোগ্লোবিন এবং থাইরয়েড পরীক্ষা করা উচিত। এই ধরনের পর্ব বন্ধ করার জন্য আপনার জোরে কাশি দেওয়ার চেষ্টা করা উচিত। আপনার মূল্যায়ন সম্পন্ন না হওয়া পর্যন্ত, আপনি আপনার স্থানীয় ডাক্তারের কাছে দিনে একবার ট্যাব কলার এলএ ২০ মিগ্রা (tab Collar LA 20 mg) চাইতে পারেন। যদি উপরের কোনোটিই সফল না হয়, তবে শেষ বিকল্প হলো ইলেক্ট্রোফিজিওলজিস্ট স্টাডিজ, যা একটি ইনভেসিভ পরীক্ষা যা বেশিরভাগ ক্ষেত্রে অ্যারিথমিয়া নির্ণয় ও চিকিৎসা করতে পারে।"
43586,"আপনার অন্তত ৬ মাস অপেক্ষা করা উচিত, ডাক্তার কোনো রক্ত পরীক্ষার পরামর্শ দেননি। কারণ কিছু ভাইরাল সংক্রমণ দ্রুত গর্ভপাতের কারণ হতে পারে। ৬ মাস অপেক্ষা করুন। স্বাস্থ্যকর খাবার খান এবং গর্ভধারণের চেষ্টা করুন। সতর্কতা হিসেবে ৩ মাস পর ওরাল ফলিক অ্যাসিড শুরু করুন এবং আপনার ডাক্তারের পরামর্শ অনুযায়ী গর্ভাবস্থা পর্যন্ত চালিয়ে যান। আর গর্ভবতী হওয়ার সাথে সাথে ডাক্তারের সাথে পরামর্শ করুন এবং প্রয়োজনে ওষুধ ও ইনজেকশন শুরু করুন। গর্ভবতী হওয়ার সাথে সাথে আরও বিশ্রাম নিন। পরীক্ষার পর কোনো মিলন পজিটিভ আসে না।"
15304,"হেলো। আপনার অনুসন্ধানের জন্য ধন্যবাদ। আপনার ইতিহাস জরায়ুর প্রোল্যাপসের দিকেই বেশি ইঙ্গিত করে। আমি আপনাকে একজন স্ত্রীরোগ বিশেষজ্ঞের মাধ্যমে পরীক্ষা করানোর পরামর্শ দেব, যেখানে চাপ দেওয়ার সময় জরায়ুটি মূত্রাশয় এবং/অথবা মলদ্বারের সাথে/বাইরে নেমে এসেছে কিনা তা দেখার জন্য প্রতি-স্পেকুলাম পরীক্ষা করা উচিত। তিনি ব্যথার প্রকৃত কারণ খুঁজে বের করতে পারবেন। আল্ট্রাসনোগ্রাফি এবং অন্যান্য রক্ত ও প্রস্রাব পরীক্ষা আপনার অনুভূতি এবং সমস্যার অন্যান্য কারণগুলো বাদ দিয়ে সঠিক রোগ নির্ণয়ে সাহায্য করবে।"
53156,"হেলো, আমাদের সাইটে আপনাকে স্বাগতম। আমি নাসেনিয়া ডক। আপনার প্রশ্নটি পড়েছি। এটি একটি অত্যন্ত গুরুত্বপূর্ণ প্রশ্ন এবং আমি আপনার সমস্যার বিষয়টি বুঝতে পারছি। আপনার প্রশ্নের উত্তর দেওয়ার জন্য আমি আমার সর্বোচ্চ চেষ্টা করব। আপনি কী পরিস্থিতির মধ্য দিয়ে যাচ্ছেন সে বিষয়ে আমি আপনাকে একজন এমডি (MD) মেডিসিন বিশেষজ্ঞের পরামর্শ নেওয়ার পরামর্শ দেব, অন্তত যদি নিউরোলজিস্ট আপনাকে পর্যাপ্ত সময় দিতে না পারেন। এটি করা সবচেয়ে গুরুত্বপূর্ণ হবে। ধারণাটি হলো, এমডি ওষুধ আপনাকে ভালো পরামর্শ দিতে পারবে। যদি খিঁচুনি নিয়ন্ত্রণে থাকে, তবে আপনার খুব বেশি চিন্তার প্রয়োজন নেই। আশা করি মস্তিষ্কের এমআরআই (MRI) অন্তত অভ্যন্তরীণভাবে করা হয়েছে। আপনি কিছুদিনের মধ্যে একবার এলএফটি (LFT) পরীক্ষা করবেন। আশা করি এটি আপনাকে সাহায্য করবে। উপরে উল্লিখিত রিপোর্টগুলো জানান যাতে আমি আপনাকে আরও সাহায্য করতে পারি। শুভকামনা। আপনার দেওয়া তথ্যের ভিত্তিতে আমি সর্বোচ্চ উত্তর দেওয়ার চেষ্টা করেছি। পরীক্ষার ফলাফলগুলো আমার উত্তরকে আরও সুনির্দিষ্ট করতে সাহায্য করতে পারে। অনুগ্রহ করে বুঝবেন যে, বিস্তারিত ইতিহাস এবং পরীক্ষার মাধ্যমে আরও কিছু তথ্য পাওয়া সম্ভব। আপনার পরবর্তী প্রশ্নের অপেক্ষায় রইলাম যাতে আমি আপনাকে আরও সাহায্য করতে পারি। (যদি এই উত্তরটি আপনাকে সাহায্য করে থাকে, তবে অনুগ্রহ করে তা জানান)"
59914,"হেলো এবং নাসেনিয়া ডক ব্যবহার করার জন্য আপনাকে ধন্যবাদ। আমি আপনার প্রশ্নটি মনোযোগ সহকারে পড়েছি এবং আপনার উদ্বেগ আমি পুরোপুরি বুঝতে পারছি। তবে আমার মনে হয় আপনার কাজ করা উচিত নয়। আমি আপনাকে কিছু বিষয় ব্যাখ্যা করার এবং কিছু পরামর্শ দেওয়ার চেষ্টা করব। ব্যায়ামের সময় হৃদস্পন্দনের হার বেড়ে যাওয়া খুবই স্বাভাবিক। আপনার বয়সের কথা বিবেচনা করলে, আমরা আশা করি আপনার হৃদস্পন্দনের হার প্রতি মিনিটে ২০১ বিট পর্যন্ত হতে পারে। স্বাভাবিক, ব্যায়ামের পর আমরা আশা করি আপনার হৃদস্পন্দনের হার ধীরে ধীরে কমে যাবে। যখন আপনার হৃদস্পন্দন দ্রুত হয়, তখন কিছুটা অস্বস্তি বোধ করা এবং বুকে অস্বস্তি হওয়া স্বাভাবিক। আপনার বুকের ব্যথা অন্য একটি সম্ভাবনা থেকে কম। কখনও কখনও অতিরিক্ত পরিশ্রম ক্লান্তি বা এই ধরনের ভার্টিগোর কারণ হতে পারে। যদি আপনি সাধারণ দিনে হৃদস্পন্দনের হার বেশি অনুভব করেন, তবে আমরা কিছু পরীক্ষার কথা ভাবতে পারি। আমি যদি আপনার চিকিৎসক হতাম, তবে আমি রক্ত পরীক্ষা, ইলেক্ট্রোকার্ডিওগ্রাম এবং ইকোকার্ডিওগ্রাফি করার পরামর্শ দিতাম। এটি আপনার হৃদস্পন্দনের ছন্দের সাথে সত্যিই ঘটছে কিনা তা দেখার জন্য হোল্টার মনিটরিং করার পরামর্শ দেওয়া হয়। আমি আপনাকে এই সাধারণ পরীক্ষাটি করার পরামর্শ দেব। শুধু আশ্বস্ত হওয়ার জন্য, কারণ এটি সামান্য মানসিক চাপের কারণে হতে পারে। সব ধরনের কফি বা কফিন পণ্য এড়িয়ে চলুন কারণ আপনার হৃদস্পন্দনের হার পর্যবেক্ষণ করুন। আশা করি আমি আপনাকে সাহায্য করতে পেরেছি। আপনার সুস্বাস্থ্য এবং ভবিষ্যতের জন্য শুভকামনা রইল।"
47815,"নাসেনিয়া ডকে আপনার প্রশ্নের জন্য ধন্যবাদ। আমার মতে আপনার উপসর্গগুলো মূলত উদ্বেগ এবং এর সাথে সম্পর্কিত। তবে যেহেতু রাতে শুয়ে থাকার পর আপনার বুকে কফ জমা এবং ফেনাযুক্ত কফ বের হচ্ছে, তাই আমাদের প্রথমে হৃদরোগের সম্ভাবনা বাতিল করতে হবে। আপনার উপসর্গগুলো অর্থোপনিয়ার সাধারণ লক্ষণ এবং হার্ট ফেইলিউরের ক্ষেত্রে সাধারণত অর্থোপনিয়া দেখা যায়। তাই একটি টু-ডি ইকো (2D echo) করিয়ে নিন। যদি টু-ডি ইকো স্বাভাবিক থাকে, তবে হৃদরোগ নিয়ে খুব বেশি চিন্তার প্রয়োজন নেই। আপনার ক্ষেত্রে উদ্বেগই সবচেয়ে প্রাসঙ্গিক কারণ বলে মনে হচ্ছে। অ্যাসিড রিফ্লাক্সের জন্য উদ্বেগ অন্যতম প্রভাবশালী কারণ। তাই আপনার ক্ষেত্রে উদ্বেগ নিয়ন্ত্রণ করা প্রয়োজন। একজন মনোরোগ বিশেষজ্ঞের পরামর্শ নিন এবং কাউন্সেলিং সেশন নিন। আপনার জীবনে চাপের কারণগুলো চিহ্নিত করার চেষ্টা করুন এবং তার সমাধানের জন্য কাজ শুরু করুন। মানসিক চাপ ও উত্তেজনা এড়িয়ে চলুন। শান্ত ও নিশ্চিন্ত থাকুন। চিন্তা করবেন না, আপনি সুস্থ হয়ে উঠবেন।"
2785,"হেলো! আমি আপনার প্রশ্নটি পড়েছি এবং আপনার উদ্বেগ বুঝতে পেরেছি। আমার মতে, আপনার উপসর্গগুলো হেমাটোলজিক্যাল সমস্যার কারণে হতে পারে। আমি আপনার বয়স জানতে চাই। রিউমাটয়েড আর্থ্রাইটিসের মতো অনেক হেমাটোলজিক সমস্যার ক্ষেত্রে সকালে কাঁপুনি হওয়া একটি সাধারণ বৈশিষ্ট্য। আমি আপনাকে একজন হেমাটোলজিস্টের সাথে পরামর্শ করার, একটি ভালো শারীরিক পরীক্ষা, সম্পূর্ণ রক্ত পরীক্ষা, ফাইব্রিনোজেন, পিসিআর, ইনসিশন এবং রিউমাটয়েড ফ্যাক্টরের মতো প্রদাহের জন্য রক্ত পরীক্ষা করার পরামর্শ দেব। আপনার উপসর্গের কারণ নির্ণয় এবং উপযুক্ত চিকিৎসার জন্য আরও পরীক্ষার প্রয়োজন হতে পারে। আশা করি সাহায্য করতে পেরেছি! শুভেচ্ছা!"
90357,"হেলো! শুভ সকাল। আমি নাসেনিয়া ডক, আপনার প্রশ্নের উত্তর দিচ্ছি। ছয় মাস ধরে সেখানে থাকা পিণ্ডটি কোনো ব্যথা বা আকার বৃদ্ধি না পাওয়ার অর্থ হলো এটি সম্ভবত একটি বিনাইন সিস্ট যা দেরিতে সংক্রমিত হয়ে এখন ফোড়ায় পরিণত হয়েছে। আপনি যদি যৌনভাবে সক্রিয় হন, তবে আপনার এসটিডি (STD) পরীক্ষা করা উচিত। আমি আপনাকে পরামর্শ দেব যে, পরবর্তী নিশ্চিত চিকিৎসার জন্য ক্ষতস্থানটি পুনরায় মূল্যায়নের জন্য আপনার স্ত্রীরোগ বিশেষজ্ঞের সাথে দেখা করুন। ততক্ষণ পর্যন্ত, আপনি একটি অ্যান্টি-ইনফ্ল্যামেটরি ওষুধ শুরু করতে পারেন। আমি আশা করি এই তথ্যটি আপনার সমস্যার পরবর্তী ব্যবস্থাপনার বিষয়ে আপনার পারিবারিক চিকিৎসক বা গাইনোকোলজিস্টের সাথে আলোচনা করতে সাহায্য করবে। কোনো সন্দেহ থাকলে নির্দ্বিধায় জিজ্ঞাসা করবেন। আপনার স্বাস্থ্য সমস্যার বিষয়ে সন্দেহ দূর করতে নাসেনিয়া ডককে বেছে নেওয়ার জন্য ধন্যবাদ। আমি আপনার দ্রুত আরোগ্য কামনা করি। নাসেনিয়া ডক।"
88495,"হেলো, টাইফয়েড শরীরের দুর্বলতা বাড়িয়ে দেয়। টাইফয়েডের সাথে লড়াই করার সময় শরীরের পুষ্টির অভাবের কারণে এই সমস্যাগুলো হতে পারে। যদিও জ্বর থাকা উচিত নয়, তবে যদি এটি দীর্ঘস্থায়ী হয় তবে আপনার ডাক্তারের সাথে পরামর্শ করুন। সবুজ শাকসবজি এবং খনিজ সমৃদ্ধ স্বাস্থ্যকর ও পুষ্টিকর খাবার গ্রহণ করুন। আপনি একই সাথে মাল্টিভিটামিন সাপ্লিমেন্ট নিতে পারেন। নিজের যত্ন নেবেন। আশা করি আমি আপনার প্রশ্নের উত্তর দিতে পেরেছি। আমি আপনাকে আরও কোনোভাবে সাহায্য করতে পারি কিনা তা জানাবেন।"
11846,"হেলো, প্রিয়, মাই নাসেনিয়া ডক ক্লিনিকে আপনার জিজ্ঞাসার জন্য ধন্যবাদ। আমি আপনার জিজ্ঞাসাটি গভীরভাবে পর্যালোচনা করেছি। আপনার মেয়ের বিষয়ে আপনি যে উদ্বেগ প্রকাশ করেছেন তা নিয়ে আমি উদ্বিগ্ন। আমার মতে - এটি একটি পোকার কামড়, মূলত টিক কামড় - যা ফোলা অংশের চারপাশে ছড়িয়ে পড়েছে / অথবা এটি মাকড়সার কামড়ও হতে পারে। ডক্সিসাইক্লিন/ডক্সিসাইক্লিন দিয়ে চিকিৎসা করলে এটি সংক্রমণ এবং লাইমের বিস্তার ঠিক করবে। আমি আপনাকে একজন ইআর ডাক্তারের সাথে পরামর্শ করার পরামর্শ দেব, যিনি সঠিক ওষুধের মাধ্যমে এর চিকিৎসা করতে পারবেন। আশা করি এটি আপনার জিজ্ঞাসার উত্তর দিয়েছে। নাসেনিয়া ডকে আরও জিজ্ঞাসার জন্য আপনাকে স্বাগত জানাই। আপনার দিনটি ভালো কাটুক।"
57293,"হেলো। নাসেনিয়া ডকে আপনাকে স্বাগতম। আপনার অভিযোগ অনুযায়ী মনে হচ্ছে আপনার আক্কেল দাঁতের চারপাশের মাড়ির ফ্ল্যাপে প্রদাহ হয়েছে এবং এই অবস্থাকে পেরিকোরোনাইটিস বলা হয়। যদি আক্কেল দাঁত এবং আক্কেল দাঁতের মাড়ির ফ্ল্যাপের মাঝে খাবার আটকে যায়, তবে পেরিকোরোনাইটিস হয়। খাবারের মানে এই নয় যে আপনি সেখানে বড় কোনো খাবারের কণা দেখতে পাচ্ছেন, বরং এর অর্থ হলো অপরিচ্ছন্ন জায়গা এবং মাড়ির ফ্ল্যাপের নিচে ব্যাকটেরিয়ার বৃদ্ধি। এটি ফ্ল্যাপের প্রদাহ সৃষ্টি করে এবং সেখানে ব্যথা হতে পারে। গলা ব্যথা এবং ফোলা লিম্ফ নোড ফুলে যাওয়া। তবে আক্কেল দাঁতের সামনের দাঁতে ব্যথা দ্বিতীয় মোলার দাঁতে সংক্রমণ বা ক্ষয়ের কারণে হতে পারে। চিকিৎসার ধরন হলো অ্যান্টিবায়োটিক, ব্যথানাশক এবং মাউথওয়াশ, তবে শুধুমাত্র আপনার জন্য যথেষ্ট নয়, আপনি আবার ডেন্টিস্টের কাছে যান এবং তাকে স্যালাইন, বেটাডিন সলিউশন এবং এইচওয়াই নাসেনিয়া ডক দিয়ে মাড়ির ফ্ল্যাপ ও আক্কেল দাঁতের মধ্যবর্তী জায়গাটি পরিষ্কার করতে বলুন। অন্য একটি বিষয় হলো হালকা গরম লবণ পানি দিয়ে কুলকুচি করা, এটি প্রদাহ কমাতে সাহায্য করবে। আপনার অ্যান্টিবায়োটিক এবং ব্যথানাশক ওষুধের কোর্স চালিয়ে যান, দুই তিন দিনের মধ্যে আপনার ব্যথা এবং ফোলাভাব অবশ্যই চলে যাবে। অস্বস্তি থেকে মুক্তি পাওয়ার পর পুনরায় ডেন্টিস্টের কাছে যান এবং আক্কেল দাঁতটি সঠিকভাবে উঠবে কি না তা দেখার জন্য জি ও আইওপি এআর (এক্স-রে) করান। যদি এটি ইমপ্যাক্টেড বা ইমপ্যাক্টেড হয়, তবে আপনার মাড়ির ফ্ল্যাপটি অপসারণ করুন, যা পেরি-করোনাইকোমি নামক"
19930,"হেলো, নাসেনিয়া ডকে আপনার প্রশ্নটি পোস্ট করার জন্য ধন্যবাদ। হারপিস একটি ভাইরাল সংক্রমণ। এটি পুরোপুরি নিরাময়যোগ্য এমন ওষুধ খুঁজে পাওয়া কঠিন। আপনি যে ওষুধটি নিচ্ছেন তা ব্যথা কমাতে, জটিলতা প্রতিরোধ করতে এবং রোগ শুরু হওয়ার ৭২ ঘণ্টা আগে সেবন করলে তা রোগের গতিপথ ছোট করতে সাহায্য করে। আপনাকে ১০ দিন ওষুধ সেবন করতে হবে। আপনার যে ফোড়া হয়েছে তা ২-৩ সপ্তাহ স্থায়ী হবে এবং সেরে যাবে। ভাইরাসটি স্নায়ুমূলে বাস করে এবং যখন আপনার রোগ প্রতিরোধ ক্ষমতা কমে যায়, তখন এটি আবার দেখা দিতে পারে এবং আপনাকে ১০ দিনের জন্য যে ওষুধটি খাচ্ছেন তা পুনরায় শুরু করতে হতে পারে। তাই আমার উত্তর হলো না... আপনার সারাজীবন ওষুধ সেবনের প্রয়োজন নেই, কেবল সংক্রমণ আবার দেখা দিলেই কেবল ওষুধটি আবার শুরু করতে হবে। যদিও, এটি সবসময় সক্রিয় হতে পারে। ইতিমধ্যে, সতর্ক থাকার জন্য আক্রান্ত স্থানে নাসেনিয়া ডকের পরামর্শ নিন। আশা করি এটি সাহায্য করবে, আপনার অন্য কোনো প্রশ্ন থাকলে আমি উত্তর দিতে পেরে খুশি হব। ভালো থাকবেন।"
70073,"হেলো এবং নাসেনিয়া ডকে আপনাকে স্বাগতম। আপনার অনুসন্ধানের জন্য ধন্যবাদ। আমি আপনার উদ্বেগগুলো বুঝতে পারছি এবং আমি আপনাকে যথাসাধ্য সাহায্য করার চেষ্টা করব। হ্যাঁ, এটি সম্ভব কারণ এটিকে রেফার্ড পেইন বলা যেতে পারে যা পেটের স্নায়ুর মাধ্যমে শরীরের দূরবর্তী অংশে ছড়িয়ে পড়ে। এছাড়া, যদি এটি মূলত পিঠের ব্যথা হয়, তবে প্যানক্রিয়াটাইটিস হতে পারে। তবে, কিছু অতিরিক্ত সমস্যাও থাকতে পারে, তাই আপনার প্রথমে পিত্তথলির আল্ট্রাসাউন্ড করা উচিত এবং তারপর দেখা উচিত যে কোনো পাথর আছে কিনা। যদি না থাকে, তবে আপনার একজন অর্থোপেডিস্টের সাথে দেখা করা উচিত এবং হিপ আর্থ্রাইটিস বা ইস্কেমিয়া পরীক্ষা করানো উচিত। ততক্ষণ পর্যন্ত, কয়েক দিন একটি নন-স্টেরয়েড ব্যথানাশক ওষুধ সেবন করুন, বিশ্রাম নিন এবং কয়েক দিন সাধারণ খাবার খান। যদি ব্যথা বেড়ে যায় বা জ্বর আসে, তবে আপনাকে জরুরি বিভাগে একজন ডাক্তারের সাথে দেখা করতে হবে। আশা করি আমি আপনার প্রশ্নের উত্তর দিতে পেরেছি। আপনার যদি আরও কোনো প্রশ্ন থাকে, তবে আপনি যেকোনো সময় আমাদের সাথে যোগাযোগ করতে পারেন। আপনার সুস্বাস্থ্য কামনা করি।"
64837,"হেলো, নাসেনিয়া ডকে পোস্ট করার জন্য ধন্যবাদ। আমি আপনার উদ্বেগ বুঝতে পারছি। আপনি মলদ্বারের চারপাশে ছোট ফোলাভাবের যে অভিযোগ করছেন তা ফোড়ার মতো ত্বকের সংক্রমণ বলে মনে হচ্ছে। এটি বারবার ফিরে আসার কারণেও হতে পারে। নিশ্চিত করুন যে আপনি দিনে অন্তত দুবার প্রোভাইডিং বা স্যাভলনের মতো মৃদু অ্যান্টিসেপটিক সলিউশন দিয়ে জায়গাটি ধুয়ে ব্যক্তিগত পরিচ্ছন্নতা বজায় রাখছেন। আপনাকে অ্যামোক্সিসিলিন এবং ক্লাভালুনিক অ্যাসিডযুক্ত ওরাল অ্যান্টিবায়োটিকের একটি কোর্স নিতে হবে। আপনি ফিউসিডিক অ্যাসিডযুক্ত ক্রিম ব্যবহার করতে পারেন, যা ব্যাকটেরিয়ার কারণে হওয়া ত্বকের সংক্রমণের চিকিৎসার জন্য ব্যবহৃত হয়। এটি একটি ব্যাকটেরিওস্ট্যাটিক অ্যান্টিবায়োটিক যা প্রায়শই ক্রিমে স্থানীয়ভাবে ব্যবহৃত হয়। আশা করি প্রদত্ত তথ্যটি সহায়ক হবে। আপনার জন্য শুভকামনা রইল।"
71887,"আপনার স্বাস্থ্য সংক্রান্ত উদ্বেগ এবং প্রশ্ন নিয়ে নাসেনিয়া ডকের সাথে যোগাযোগ করার জন্য ধন্যবাদ। আপনি আপনার বীর্যের ফলাফলে পুঁজ কোষ বা ডব্লিউবিসি (WBC)-এর পরিমাণ নিয়ে চিন্তিত। পুঁজ কোষ বেড়ে যাওয়া নির্দেশ করে যে আপনার প্রোস্টাটাইটিস থাকতে পারে। এটি প্রোস্টেট গ্রন্থির একটি সংক্রমণ এবং পুরুষদের ক্ষেত্রে এটি খুব সাধারণ। আমার অনুশীলনে, আমি সাধারণত এই সংক্রমণের জন্য ২-৪ সপ্তাহের লেভোফ্লক্সাসিন বা ব্যাকট্রিম ডিএস অ্যান্টিবায়োটিক দিয়ে চিকিৎসা করি। আমি আপনাকে ডাক্তারের সাথে দেখা করার এবং ডাক্তারকে প্রোস্টাটাইটিসের জন্য অ্যান্টিবায়োটিক লিখে দেওয়ার পরামর্শ দিচ্ছি। আশা করি এটি আপনার প্রশ্নের উত্তর দিয়েছে। আপনার স্বাস্থ্য সংক্রান্ত উদ্বেগ এবং প্রশ্ন নিয়ে অনুগ্রহ করে আমাদের সাথে আবার যোগাযোগ করুন।"
49503,"হেলো, প্রিয়, নাসেনিয়া ডকে আপনার অনুসন্ধানের জন্য ধন্যবাদ। আমি আপনার অনুসন্ধানটি গভীরভাবে পর্যালোচনা করেছি। ১- আমার মতে, টেলবোনে বেদনাদায়ক চাকাটি হলো একটি দীর্ঘস্থায়ী চাকা যা স্পর্শ করলে ব্যথা হওয়া ছাড়া অন্য কোনো সমস্যা সৃষ্টি করে না। এটি নির্দেশ করে যে, এটি একটি দীর্ঘস্থায়ী ফোড়া যা পেরিওডন্টাল পোস্ট-ফিস্টুলাসহ দীর্ঘস্থায়ী ফোড়া, টেলবোনের হাড়ের পাশে বা কলোনিয়াল ইনফেকশনের সাথে সম্পর্কিত। ২-সিডিওসিস্ট। শ্লেষ্মাযুক্ত বমি বমি ভাব এবং মল শক্ত হজমকারী আঁশযুক্ত শাকসবজির কারণে অনেকের ক্ষেত্রেই এটি স্বাভাবিক। ৩- টেলবোনের ব্যথা বৃদ্ধি পায়- মলদ্বারের বায়বীয় বিস্তৃতি, কলোনিয়াল সিস্ট বা দীর্ঘস্থায়ী ফোড়া চেপে যাওয়ার ফলে এবং ব্রকলি ইনডিউসড-ফ্রেশেডিকোসাইটিসের কারণে। ৪- গত ২ দিনে ২টি চাকা কমে যাওয়া নির্দেশ করে যে এটি পেরিওডন্টাল পোস্ট-ফিস্টুলা। ফিস্টুলা হলো অভ্যন্তরীণ সংযোগযুক্ত ফোড়া, যার ফলে এই দুটি চাকা কমে গেছে। ৪-ক-আমি আপনাকে একজন সার্জনের সাথে পরামর্শ করার পরামর্শ দেব, যিনি প্রয়োজন অনুযায়ী সর্বোত্তম চিকিৎসা করবেন। ৫-ক-আমি আপনাকে একজন সার্জনের সাথে পরামর্শ করার পরামর্শ দেব, যিনি প্রয়োজনে সর্বোত্তম চিকিৎসা করবেন।"
24131,"হেলো এবং নাসেনিয়া ডকে আপনাকে স্বাগতম। আপনার বর্ণনাটি সাধারণত টিনিয়া ফাঙ্গাল ইনফেকশনের কারণে হয়ে থাকে। আপনার যে এলাকায় জ্বালাপোড়া হয় সেখানে ছত্রাকজনিত সংক্রমণ দেখা যায়। এগুলো নিয়ন্ত্রণ করা এবং মেরে ফেলা সহজ, তবে ভবিষ্যতে বারবার সংক্রমণ হওয়া রোধ করা বেশ কঠিন। আপনি যদি একজন চর্মরোগ বিশেষজ্ঞের কাছে যান, তবে তিনি ক্লোট্রিমাজল মলম লিখে দেবেন যা আপনি সকালে এবং রাতে ব্যবহার করতে পারেন। হালকা গরম পানি, সাবান এবং নাসেনিয়া ডক দিয়ে জায়গাটি ধুয়ে ফেলুন। এতে ২ থেকে ৩ দিনের মধ্যে সংক্রমণ সেরে যাবে। তবে সমস্যাটি হলো ফাঙ্গাল স্পোর, যা আপনার সমস্ত অন্তর্বাস, তোয়ালে বা এর সংস্পর্শে আসা পোশাকগুলোতে উপস্থিত থাকে। এই স্পোরগুলো ২ থেকে ৩ সপ্তাহ পর পুনরায় সংক্রমণ ঘটাতে পারে। আমি সাধারণত আমার রোগীদের পুরনো অন্তর্বাস খুলে নতুন কাপড় কেনার পরামর্শ দিই। আপনি যদি এখনও পুরনো অন্তর্বাস ব্যবহার করতে চান, তবে ১৫ মিনিট পানিতে ডুবিয়ে রোদে রাখুন এবং পরে বিশেষ করে ভাঁজে ইস্ত্রি করুন। তোয়ালে দিয়েও একই কাজ করা যেতে পারে। আশা করি এই আলোচনাটি আপনার জন্য সহায়ক হবে। ধন্যবাদ।"
94280,"নাসেনিয়া ডকে আপনার প্রশ্নটি পোস্ট করার জন্য ধন্যবাদ। আপনার বাবার জন্য আপনার উদ্বেগের বিষয়টি আমি সত্যিই প্রশংসা করি। তাকে অবশ্যই নিচের বিষয়গুলো এড়িয়ে চলতে হবে, যা অবশ্যই এড়িয়ে চলতে হবে। এগুলো কী কী খাবার, যেমন তৈলাক্ত নিরামিষ এবং নিরামিষ খাবার, রেড মিট, নাসেনিয়া ডক। তিনি কি মদ্যপান করেন? যদি করেন, তবে তাকে অবশ্যই এটি চিরতরে বন্ধ করতে হবে কারণ এটি কেবল তার লিভারের জন্যই নয়, বরং পিত্তথলি, প্রোস্টেট, হৃদপিণ্ড, মস্তিষ্ক ইত্যাদির জন্যও ক্ষতিকর। তার খাদ্যতালিকায় তাজা ফল, সবুজ শাকসবজি, মাল্টিভিটামিন, বিশেষ করে ভিটামিন ই সমৃদ্ধ সুষম হওয়া উচিত। যদি তিনি প্রস্রাবের সংক্রমণের জন্য লিফলেট গ্রহণ করেন (প্রস্রাবে পুঁজ কোষ হিসেবে প্রতিফলিত হয়), তবে অবশ্যই তার চিকিৎসকের পরামর্শ অনুযায়ী একটি কোর্স সম্পন্ন করতে হবে। তার উচিত"
107375,"নাসেনিয়া ডক ব্যবহার করার জন্য ধন্যবাদ। আপনি যে লক্ষণগুলোর কথা বর্ণনা করছেন, তা দেখে আমার দৃঢ় সন্দেহ হচ্ছে যে আপনি বিষণ্নতা এবং উদ্বেগজনিত লক্ষণসহ একটি বিষণ্ণ পর্বের মধ্য দিয়ে যাচ্ছেন। আপনি আমাকে জানালে আমি আপনাকে আরও ভালোভাবে সাহায্য করতে পারব- ১. আপনি কতদিন ধরে এই সমস্যায় ভুগছেন? ২. আপনি কি কয়েক সপ্তাহের মধ্যে ভালো বোধ করেছেন? ৩. আপনার পরিবারের কোনো সদস্য কি কোনো বড় ধরনের মানসিক সমস্যায় ভুগছেন? আমার কাছে সংক্ষিপ্ত তথ্যের সাহায্যে, আমি আপনাকে নিশ্চিত করতে পারি যে অ্যান্টিডিপ্রেসেন্ট ট্যাবলেট আপনাকে সাহায্য করবে। আপনি সাইকোথেরাপি, বিশেষ করে একজন প্রশিক্ষিত মনোরোগ বিশেষজ্ঞ বা ক্লিনিক্যাল সাইকোলজিস্টের কাছ থেকে কগনিটিভ বিহেভিয়ার থেরাপি নিতে পারেন। আশা করি আমি আপনার বিভ্রান্তি কমাতে সাহায্য করতে পেরেছি। তবে, আমি আপনাকে দ্রুত নিকটস্থ একজন মনোরোগ বিশেষজ্ঞের সাথে পরামর্শ করার পরামর্শ দিচ্ছি, যাতে আপনি যত দ্রুত সম্ভব আপনার সমস্যা থেকে মুক্তি পাবেন।"
13934,"হেলো। আপনার মায়োপিয়া বা অনিচ্ছাকৃত পেশী সংকোচন হতে পারে। প্রচুর পরিমাণে তাজা ফল এবং শাকসবজি সমৃদ্ধ স্বাস্থ্যকর খাবার খান। ভালো থাকুন। হাই নাসেনিয়া ডক। ৬-৮ ঘণ্টা পর্যাপ্ত ঘুমান। মানসিক চাপ এবং ইলেক্ট্রোলাইটের ভারসাম্যহীনতা মায়োপিয়ার কারণ হতে পারে। ফিট থাকার জন্য নিয়মিত ব্যায়াম করুন। যদি উপসর্গগুলো না কমে, তবে ইলেক্ট্রোলাইটের সম্ভাব্য সমস্যার জন্য একজন ইন্টারনিস্টের পরামর্শ নিন। আপনার দ্রুত আরোগ্য কামনা করছি।"
72544,"হেলো, নাসেনিয়া ডকের সাথে পরামর্শ করার জন্য আপনাকে ধন্যবাদ। জিহ্বায় এই জ্বালাপোড়ার অনেক কারণ থাকতে পারে, জ্বালাপোড়া জিহ্বা বা গলায় থাকা অ্যাপথাস আলসারের কারণে হতে পারে, অথবা গলার কোনো ধরনের অ্যালার্জি বা লাইকেন প্ল্যানাস নামক কোনো অটোইমিউন রোগের কারণেও হতে পারে। আপনি যে ফোস্কার কথা উল্লেখ করছেন তা কেবল একটি পরিক্রমিত প্যাপিলা হতে পারে। তবে এই সব নিশ্চিত করার জন্য আপনার একজন ভালো ডেন্টিস্টের কাছে যাওয়া উচিত এবং প্রয়োজনীয় পরীক্ষা-নিরীক্ষা করানো উচিত। আশা করি এটি আপনাকে সাহায্য করবে।"
68950,"হেলো, নাসেনিয়া ডকে আপনাকে স্বাগতম। অ্যালকোহল সোরিয়াসিসকে আরও খারাপ করে তোলে। তাছাড়া, আপনি অ্যাক্রিশনে ভুগছেন যা মলত্যাগের জন্য আপনার লিভারের ওপর চাপ সৃষ্টি করছে। এই কারণেই যখন আপনি অ্যাক্রিশনে থাকেন, তখন লিভার ফাংশন টেস্টগুলো পর্যবেক্ষণ করা হয়। অ্যালকোহল লিভারের ওপর চাপ সৃষ্টি করবে। আমি আপনাকে অ্যালকোহল গ্রহণ করার পরামর্শ দেব না। আপনি কেন সোরিয়াসিস নিয়ন্ত্রণ করছেন না, তা কেবল ১ দিনের জন্য। আপনার সুস্বাস্থ্য কামনা করি এবং নিজের যত্ন নেবেন।"
59028,"হেলো, প্রথমত, যেহেতু আপনি আপনার চুল পড়ার কারণ জানেন, তাই ভবিষ্যতে প্রসাধনী চিকিৎসার বিষয়ে সতর্ক থাকা প্রয়োজন। এই ধরনের ক্ষেত্রে এটি একটি সাধারণ অভিযোগ। অতিরিক্ত তাপ আপনার চুলের শক্তিকে প্রভাবিত করে, যার ফলে চুল ভেঙে যায় এবং গোড়া পুড়ে যায়, যা তাদের দুর্বল করে তোলে। এমনকি স্থায়ী সোজা করা কঠিন রাসায়নিক ব্যবহার করাও এর কারণ হতে পারে। এটি মানসিক চাপ, কাজ, অস্বাস্থ্যকর খাদ্যাভ্যাস, অন্যান্য হেয়ারস্টাইল পণ্য বা ড্যান চ্যাট ডাক্তারের কারণেও হতে পারে। এটি এর কারণ হতে পারে। এছাড়া, আপনার থাইরয়েড সমস্যা, আয়রন/হিমোগ্লোবিনের অভাব, জ্বর, টাইফয়েডের মতো অসুস্থতা এবং দীর্ঘমেয়াদী ওষুধের মতো অন্যান্য কারণগুলো পরীক্ষা করা প্রয়োজন। বংশগত চুল পড়া বা পরিবারে টাক পড়ার কারণেও আপনার চুল পড়ার প্রবণতা তৈরি হতে পারে। একবার চুলের গোড়া নষ্ট হয়ে গেলে বা চুল পড়ে গেলে, নতুন মজবুত চুল পুনরায় গজানো পর্যন্ত আপনি এটি অনুভব করবেন, কারণ বিভিন্ন সময়ে বিভিন্ন চুল পড়ে এবং বৃদ্ধি পায়। এতে কয়েক মাস সময় লাগতে পারে। এই কারণগুলো পরীক্ষা করার জন্য প্রয়োজনীয় যেকোনো পরীক্ষার বিষয়ে আপনি একজন চর্মরোগ বিশেষজ্ঞের সাথে যোগাযোগ করতে পারেন, কারণ যেকোনো অন্তর্নিহিত কারণ চুলের বৃদ্ধিকে প্রভাবিত করবে। আপনাকে প্রথমে যতটা সম্ভব তাপ বা রাসায়নিক চিকিৎসা এড়িয়ে চলতে হবে। গোসলের আগে গরম তেল এবং ম্যাসাজ করুন, তবে আধা ঘণ্টার বেশি রাখবেন না। রাতে রিফ্লেক্স বা প্রেসু ব্যবহার করুন। সপ্তাহে ২ থেকে ৩ বার ধুয়ে ফেলুন। রেনোয়ার বা ডু ক্রে অ্যানাফেজের মতো ভালো শ্যাম্পু ব্যবহার করুন। উন্নতির জন্য আমি আপনাকে ২ থেকে ৩ মাস প্রতিদিন বায়োটিনযুক্ত সেরাগ্লিও ইভা বা কোলালিনারের মতো হেয়ার সাপ্লিমেন্ট ক্যাপসুল"
88091,"হেলো, আপনার এলাকায় কোনো আঘাত লেগে থাকতে পারে যা সেরে উঠতে দেরি করছে। আপনার কি দাঁতে কোনো ধারালো বা বিরক্তিকর অভ্যাস আছে? ধূমপান এবং অ্যালকোহলসহ সমস্ত উত্তেজক পদার্থ এড়িয়ে চলুন। অ্যাসিডিক এবং মশলাদার খাবারও এড়িয়ে চলা যেতে পারে। আপনার মুখ কুলকুচি করুন। হালকা গরম লবণ পানি একটি চমৎকার পছন্দ। যে অ্যালকোহলে কুলকুচি করা হয় তা এড়িয়ে চলুন। নিশ্চিত করুন যে আপনি নাসেনিয়া ডকের পরামর্শ মেনে চলছেন না। ভিটামিন বি১২ গ্রহণ করুন। সারাদিন দাঁতের যত্ন নিন। ভিলেনের মতো একটি এন্ডোক্রাইন জেল সুরক্ষা এবং আরাম দিতে পারে। আপনার সময়ের প্রয়োজন হতে পারে এবং মানসিক চাপের সময় বারবার সমস্যা হতে পারে। যদি অবস্থার অবনতি হয় তবে একজন ওরাল সার্জনের পরামর্শ নেওয়ার কথা বিবেচনা করুন। আপনার অনুসন্ধানের জন্য ধন্যবাদ। আশা করি এই পরামর্শগুলো আপনার উপকারে আসবে।"
28142,"নাসেনিয়া ডকে আপনার প্রশ্নের জন্য ধন্যবাদ। সাধারণ বুকের এক্স-রে পিএ ভিউতে, ফুসফুসের এপিকাল অংশটি প্রথম দুটি পাঁজর এবং ক্ল্যাভিকলের মতো হাড়ের কাঠামো দ্বারা আবৃত থাকে (লুকানো)। তাই উপরের অংশে থাকা ক্ষতটি স্পষ্টভাবে দেখা যায় না। তাই আমাদের এপিকোলর্ডোটিক ভিউ প্রয়োজন। এই ভিউতে এক্স-রে এমনভাবে করা হয় যাতে হাড়ের কাঠামোটি শীর্ষে বাধা সৃষ্টি না করে। এর ফলে এপিক্স স্পষ্টভাবে দৃশ্যমান হয় এবং ক্ষতটি শনাক্ত করা যায়। স্পট ফিল্ম মানে হলো শুধুমাত্র আক্রান্ত অঞ্চলের এক্স-রে করা। আপনার ক্ষেত্রে এটি মধ্য এবং নিচের অংশ। সুতরাং সহজ কথায়, এটি কেবল বাম মাঝের এবং নিচের অংশের বিবর্ধক চিত্র। এটি ম্যাগনিফাইড ভিউ দেবে এবং আরও ভালো রিপোর্ট পাওয়া যাবে।"
40830,"হেলো। আপনার অনুসন্ধানের জন্য ধন্যবাদ। আপনার ভাইয়ের পায়ে যে ফোলা এবং ব্যথা হচ্ছে, যার জন্য অস্ত্রোপচার করা হয়েছিল কিন্তু ব্যথা রয়ে গেছে। এই সমস্ত ইতিহাস থেকে বোঝা যায় যে, অস্ত্রোপচার এবং দুটি মতামত সত্ত্বেও ব্যথা কেন স্থায়ী হচ্ছে, তার আরেকটি কারণ খুঁজে বের করা প্রয়োজন। আসুন এই ধরনের ব্যথা হওয়ার সম্ভাব্য কারণগুলোর তালিকা দেওয়া হলো, যা নিচের বিষয়গুলোর জন্য দায়ী হতে পারে। আপনি কি আপনার ভাইয়ের পায়ের ফোলা এবং ব্যথার ইতিহাসের কথা উল্লেখ করেছেন?"
42192,"হেলো। আমি আপনার প্রশ্নটি পড়েছি। এটি খুবই আশ্বস্ত যে তাপমাত্রা কমেছে। ৯৭ রিডিং নিয়ে চিন্তার কিছু নেই। শ্বেত রক্তকণিকার সংখ্যা ২০,০০০ নির্দেশ করে যে সেখানে সংক্রমণ ছিল, তবে উচ্চ জ্বরের কারণে এটি একটি ক্ষতিকারক ভাইরাস বলে মনে হচ্ছে। এটি স্বাভাবিক আছে কিনা তা নিশ্চিত করার জন্য আপনার শিশুরোগ বিশেষজ্ঞের সাথে পুনরায় রক্ত পরীক্ষা করার বিষয়টি বিবেচনা করা ভালো হবে। তবে, অসুস্থতাটি সেরে গেছে।"
41823,"হেলো, প্রিয়। আমি আপনার প্রশ্নটি দেখেছি। আমি আপনার উদ্বেগ বুঝতে পারছি। আপনার স্তনে ফাইব্রোঅ্যাডিনোমার মতো কোনো বিনাইন বা ক্ষতিকর নয় এমন ক্ষত থাকতে পারে। এই বয়সে এটি বেশ সাধারণ। চিন্তার কিছু নেই, এক্সিশন বায়োপসি করিয়ে নিন। আপনার তিলটি আপনার স্তনের পিণ্ডের সাথে সম্পর্কিত নয়। এটি নিয়ে চিন্তা করবেন না। শুধু নিশ্চিন্ত থাকুন। আশা করি আমি আপনার প্রশ্নের উত্তর দিতে পেরেছি, যদি আপনার কোনো সন্দেহ থাকে তবে আমি উত্তর দিতে পেরে খুশি হব। নাসেনিয়া ডক ব্যবহার করার জন্য ধন্যবাদ। আপনার সুস্বাস্থ্য কামনা করি।"
53136,"হেলো। আপনার অনুসন্ধানের জন্য ধন্যবাদ এবং আপনার বোনের জন্য আপনার উদ্বেগ সম্পর্কে জেনে খুব ভালো লাগল। যদি লিপোমা রোগ নির্ণয় নিশ্চিত হয়, তবে চিন্তা করবেন না। লিপোমা কখনোই ছড়ায় না। লিপোমা আক্রান্ত ব্যক্তিকে বিয়ে করা সম্পূর্ণ নিরাপদ। এটি এমন একটি টিউমার যা কখনোই ক্যান্সারে রূপান্তরিত হয় না, তাই নিশ্চিত থাকুন। হ্যাঁ, যদি এগুলো অস্বাভাবিক মনে হয় তবে আপনি সবসময় তাকে সেগুলো অপসারণ করার অনুরোধ করতে পারেন, অন্যথায় কোনো সমস্যা হবে না।"
9555,"হেলো, আপনার পেটের বাম দিকে অসহ্য ব্যথা হচ্ছে, সেই সাথে অসহ্য ব্যথা আপনার পিঠে ছড়িয়ে পড়ছে এবং বমিও হচ্ছে। শুয়ে থাকার পর আপনি কিছুটা আরাম পেয়েছেন এবং আবার এমন তীব্র ব্যথা হচ্ছে। আমার মতে, আপনি সম্ভবত বাম ইউরেটারিক কোলিক ব্যথায় ভুগছেন, যা আপনার বাম ইউরেটারে পাথরের কারণে হতে পারে। তাই আমার পরামর্শ হলো, আপনার নিকটস্থ একজন ইউরোলজিস্টের সাথে পরামর্শ করা উচিত অথবা প্রথমে ব্যথানাশক ইনজেকশনের মাধ্যমে জরুরি চিকিৎসা নেওয়া উচিত। এরপর আপনার পেটের আল্ট্রাসনোগ্রাফি এবং পিইউবি অঞ্চলের এক্স-রে করানো উচিত, যা আপনার নিকটস্থ হাসপাতাল বা চিকিৎসা কেন্দ্রে চালিয়ে যাওয়া উচিত। আশা করি আমার নির্দেশনায় আপনি আরাম পাবেন। শুভকামনা এবং নিজের যত্ন নেবেন।"
107101,"প্রিয় মিট, বায়োটিন এবং ফলিক অ্যাসিড গুরুত্বপূর্ণ সাপ্লিমেন্ট এবং শিশুর উপকারের জন্য, বিশেষ করে প্রথম তিন মাসে। প্রকৃতপক্ষে, শিশুর স্নায়ুতন্ত্রের সঠিক বিকাশের জন্য ফলিক অ্যাসিড প্রয়োজন। আপনি কোথা থেকে পড়েছেন যে ফলিক অ্যাসিড স্নায়ুর ক্ষতি করে, আমার মনে হয় না এটি সত্য। ট্যাবলেটটি খুব কমই কোনো পার্শ্বপ্রতিক্রিয়া ছাড়াই নিরাপদ এবং এটি আপনার শিশুর জন্য প্রয়োজনীয়, তাই এটি গ্রহণ চালিয়ে যান। নিজের যত্ন নেবেন।"
79128,"হেলো, আমাদের কাছে লেখার জন্য ধন্যবাদ। ফার্টোমিডে ক্যামফিন থাকে এবং এটি সাধারণত ক্র্যাম্প সৃষ্টি করে না। আপনার ক্র্যাম্পগুলো মিড-সাইকেল ক্র্যাম্পিংয়ের ইঙ্গিত দেয়, যা ডিম্বস্ফোটনের সময় দেখা যায়। তাই আপনি যদি গর্ভধারণের চেষ্টা করেন তবে এটি একটি ভালো খবর। ফার্টোমিডের কোর্স শেষ করার ৫-১০ দিন পর ডিম্বস্ফোটন হয়। তাই আজ থেকে পরবর্তী ১ সপ্তাহ প্রতিদিন অনিরাপদ যৌন মিলন করা সবচেয়ে ভালো হবে। আমি আপনার মঙ্গল কামনা করি।"
18927,"হেলো, আপনার রক্তের লিপিড প্রোফাইল স্বাভাবিক, তাই এটি ডিসলিপিডেমিয়ার ইঙ্গিত দেয় না এবং তাই কোনো চিকিৎসা বা খাদ্যাভ্যাসের প্রয়োজন নেই। এই রক্তচাপের ওঠানামার বিষয়ে আপনার জানা উচিত যে এগুলো উদ্বেগ, ক্যাফেইন গ্রহণ বা শারীরিক কার্যকলাপের সাথে সম্পর্কিত হতে পারে। তবে যদি এই রক্তচাপের মানগুলো ক্রমাগত থাকে, তবে আমি উচ্চ রক্তচাপের অন্তর্নিহিত বিপাকীয় কারণগুলো খুঁজে বের করতে এবং উচ্চ রক্তচাপের জন্য অ্যান্টিহাইপারটেনসিভ থেরাপি শুরু করার জন্য আরও কিছু পরীক্ষা করার পরামর্শ দেব। আশা করি আমি আপনার প্রশ্নের উত্তর দিতে পেরেছি। আমি আপনাকে আরও কোনোভাবে সাহায্য করতে পারি কিনা তা জানাবেন।"
343,"হেলো, আমাদের কাছে লেখার জন্য ধন্যবাদ। প্রতিটি ক্যান্সার রোগী আলাদা এবং চিকিৎসা দেওয়ার আগে তাদের সঠিক স্টেজিং করা প্রয়োজন। টাটা মেমোরিয়াল হাসপাতাল মুম্বাই একটি গবেষণা কেন্দ্র, এবং তারা আপনার চাচার জন্য সঠিক স্টেজিং করতে পারে। আমার ধারণা ডাক্তাররা কেমোথেরাপির মাধ্যমে টিউমারটি ছোট করতে চান এবং তারপর অস্ত্রোপচারের দিকে এগিয়ে যেতে চান। এই পরিস্থিতিতে সুবিধা হলো অস্ত্রোপচার সহজ এবং বেঁচে থাকার ভালো সম্ভাবনা রয়েছে। অনেক ক্যান্সার হাসপাতালে একই প্রোটোকল ব্যবহার করা হয় এবং আপনি যেকোনো সুপরিচিত ক্যান্সার কেন্দ্রে অন্য কোনো বিশেষজ্ঞের পরামর্শ নিতে পারেন। ব্যাঙ্গালোরে কিডি মেমোরিয়াল ইনস্টিটিউট অফ অনকোলজি এবং চেন্নাইতে ক্যান্সার গবেষণা কেন্দ্র ও পরিচালিত নাসেনিয়া ডক রয়েছে। আপনার চাচা অস্ত্রোপচারের জন্য যাওয়ার আগে এই কেন্দ্রগুলোতে মতামত নিতে পারেন। ক্যান্সার চিকিৎসার কথা বিবেচনা করলে কোনো একক সেরা ডাক্তার নেই। এটি ওষুধের একটি বিকশিত ক্ষেত্র এবং আমি আমার রোগীদের টাটা মেমোরিয়াল হাসপাতালে রেফার করি, কারণ তাদের সেট-আপ সুশৃঙ্খল এবং নিয়মিত নতুন চিকিৎসার বিকল্পগুলো পর্যালোচনা করা হয়। অনুগ্রহ করে চিন্তা করবেন না।"
34874,"নাসেনিয়া ডকে আপনাকে স্বাগতম। ১. আঘাতের পর এর হেমাটোমা, যা আপনার ক্ষেত্রে র‍্যাশ হিসেবে দেখা দিয়েছে, তা ২-৩ সপ্তাহের মধ্যে নিজে থেকেই সেরে যাবে। কিন্তু যদি এটি এখনও না সারে, তবে ব্যথা হওয়ার বিষয়টি আমি সংক্রমণের কারণে হতে পারে। ২. আপনার চিকিৎসক বা জিপি-র সাথে দেখা করা ভালো, যদি কোনো পুঁজ জমে বা সংক্রমণের লক্ষণ দেখা দেয়, তবে জায়গাটি পরীক্ষা করিয়ে নেওয়া ভালো। ৩. পুঁজ জমে থাকা অংশটি অপসারণ করা একটি ছোট ইনসিশন এবং নাসেনিয়া ডকের পরামর্শ নেওয়া ভালো। ৪. হ্যাঁ, আপনার ডাক্তারের সাথে দেখা করা ভালো। আশা করি এটি আপনাকে সাহায্য করবে। আপনার সুস্বাস্থ্য কামনা করি। কিছু জিজ্ঞাসা করার আছে? দ্বিধা করবেন না। ধন্যবাদ।"
51361,"হেলো, ডেইরি, আমি আপনার প্রশ্নটি দেখেছি। আমি আপনার উদ্বেগ বুঝতে পারছি। আপনি লিপ ইজেড (Lip EZ) নিচ্ছেন। এতে অ্যাটোরভাস্ট্যাটিন থাকে। এটি উচ্চ কোলেস্টেরল এবং ট্রাইগ্লিসারাইডের মাত্রা নিয়ন্ত্রণ করতে এবং এইচডিএল (HDL) লেভেল বাড়াতে ব্যবহৃত হয়। আপনার লিপিড প্রোফাইল স্বাভাবিকের নিচে, তবে এনজিওপ্লাস্টির পর এটি বাধ্যতামূলক এবং আজীবন সেবন করা উচিত। আপনার এসজিপিটি (SGPT) এবং সিপিকে (CPK) বেশি, তবে এটি অন্য কোনো কারণে হতে পারে। আপনার ডাক্তারের সাথে পরামর্শ করুন এবং উচ্চ সিপিকে এবং এসজিপিটি-এর কারণ খুঁজে বের করুন এবং সেই অনুযায়ী চিকিৎসা নিন। আশা করি আমি আপনার প্রশ্নের উত্তর দিতে পেরেছি, যদি আপনার কোনো সন্দেহ থাকে তবে আমার সাথে bit.ly/ নাসেনিয়া ডক-এ যোগাযোগ করুন। নাসেনিয়া ডক ব্যবহার করার জন্য ধন্যবাদ। আপনার সুস্বাস্থ্য কামনা করি।"
83545,"হেলো, আপনার স্বাস্থ্য সমস্যা সম্পর্কে আমার আরও বিস্তারিত জানা প্রয়োজন। আপনার কি চুলকানির সমস্যা আছে? কোনো জ্বালাপোড়ার সমস্যা আছে কি? আপনি কি কোনো ওভার-দ্য-কাউন্টার অ্যান্টিবায়োটিক ক্রিম ব্যবহার করেছেন? আপনি ত্বকের সেই লালচে জায়গায় টপিক্যাল অ্যান্টিবায়োটিক ক্রিম লাগাতে পারেন। এটি লিঙ্গের গ্লানস প্রদাহের মতো কোনো অনির্দিষ্ট ব্যালানাইটিস বলে মনে হচ্ছে। আরও মন্তব্য করার জন্য অনুগ্রহ করে ক্ষতস্থানের ছবি পোস্ট করুন। আশা করি আমি আপনার প্রশ্নের উত্তর দিতে পেরেছি। আমি আপনাকে আরও কোনোভাবে সাহায্য করতে পারি কিনা তা জানাবেন।"
66163,"প্রিয় বন্ধু, আপনি আপনার উরুর ভেতরের অংশে একটি পিণ্ডের কথা বর্ণনা করেছেন, কিন্তু এর স্থায়িত্ব উল্লেখ করেননি। তবে এটি একটি সাধারণ ফোড়া বা সেবাসিয়াস সিস্ট হতে পারে। আমি জানতে চাই, এটি কি প্রাথমিক নাকি বারবার হচ্ছে? পরীক্ষা ছাড়া সঠিক রোগ নির্ণয় সম্ভব নয়। যদি এটি বারবার হয় তবে এটি সেবাসিয়াস সিস্ট হতে পারে এবং আপনার এর জন্য অস্ত্রোপচারের প্রয়োজন, অন্যথায় এটি পুনরায় হতে পারে। আর যদি এটি ফোড়া হয় এবং নিঃসৃত হয়, তবে এটি নিজে থেকেই সেরে যাবে। এটি কোনো বাঁধার প্রয়োজন নেই। আপনি সুস্থ হওয়ার জন্য অপেক্ষা করতে পারেন। যদি লক্ষণগুলো থেকে যায়, তবে আপনি নিকটস্থ সার্জনের সাথে পরামর্শ করতে পারেন।"
98537,"হেলো, নাসেনিয়া ডকে আপনাকে স্বাগতম। আমি আপনার প্রশ্নটি পড়েছি এবং আপনার উদ্বেগ বুঝতে পেরেছি। পেটের ডানদিকের নিচের অংশে ব্যথা এবং বমি বমি ভাব ডান ইউরেটারে পাথর বা অ্যাপেন্ডিসাইটিসের ইঙ্গিত দেয়। দুটির মধ্যে পার্থক্য করার জন্য আপনার পেটের আল্ট্রাসাউন্ড, কমপ্লিট ব্লাড কাউন্ট এবং রুটিন প্রস্রাব পরীক্ষার প্রয়োজন হবে। আপনার উপসর্গ থেকে আরাম পাওয়ার জন্য, আপনি দোকান থেকে যেকোনো ব্যথানাশক, অ্যান্টি-এমেটিক এবং পিপিআই ট্যাবলেট খেতে পারেন। আপনার এই ওষুধগুলো প্রয়োজন কি না তা রসায়নবিদকে জানান এবং তিনি আপনাকে সেগুলো দেবেন। তবে এই পরীক্ষাগুলো করিয়ে নিশ্চিত চিকিৎসার জন্য একজন ডাক্তারকে দেখান। আশা করি আমি আপনাকে সাহায্য করতে পেরেছি।"
9553,"হেলো, প্রিয়। আমি আপনার প্রশ্নটি দেখেছি। আমি আপনার উদ্বেগ বুঝতে পারছি। আপনার লিপোমা থাকতে পারে। এটি একাধিক লিপোমা। এটি অ্যাডিপোজ টিস্যুর একটি বিনাইন টিউমার। না, নাসেনিয়া ডক। এর একমাত্র চিকিৎসা হলো অস্ত্রোপচারের মাধ্যমে অপসারণ। তাই কোনো সমস্যা থাকলে আপনি অস্ত্রোপচারের জন্য যেতে পারেন। আশা করি আমি আপনার প্রশ্নের উত্তর দিতে পেরেছি, যদি আপনার কোনো সন্দেহ থাকে তবে আমি উত্তর দিতে পেরে খুশি হব। নাসেনিয়া ডক ব্যবহার করার জন্য ধন্যবাদ। আপনার সুস্বাস্থ্য কামনা করি।"
83347,"হেলো, আশা ছেড়ে দিন। আপনার দেশের কোনো ট্রমা হাসপাতালে অন্য একজন ফেসিও-ম্যাক্সিলারি সার্জন এবং যিনি ফেসিয়াল রিকনস্ট্রাকশন সার্জারি করেন, তার সাথে দেখা করার চেষ্টা করুন। আজকাল দক্ষ ফেসিও-ম্যাক্সিলারি সার্জনরা প্লাস্টিক সার্জনদের সাথে মিলিত হয়ে দুর্ঘটনার শিকার ব্যক্তিদের ইমপ্ল্যান্ট এবং কৃত্রিম চোয়াল (দাঁতসহ কৃত্রিম চোয়াল) প্রতিস্থাপনের মাধ্যমে ফেসিয়াল রিকনস্ট্রাকশন সার্জারি করেন। এগুলো দেশের নামকরা ট্রমা সেন্টারে পাওয়া আধুনিক অস্ত্রোপচার। আপনাকে ইন্টারনেটে অনুসন্ধান করতে হবে এবং এমন কোনো হাসপাতালের পরামর্শের জন্য ডেন্টাল সার্জনদের জিজ্ঞাসা করতে হবে। আমি নিশ্চিত যে আপনি সাহায্য পাবেন। শুভকামনা।"
102029,"আপনার উদ্বেগগুলো আমি বুঝতে পেরেছি এবং আপনার বিস্তারিত তথ্যগুলো দেখেছি। আমি আপনাকে খুব বেশি চিন্তা না করার পরামর্শ দিচ্ছি। যদিও আপনার দেওয়া বর্ণনা থেকে আপনার সমস্যাটি নির্ণয় করা কঠিন, তবে আমি ধরে নিচ্ছি যে আপনি মানসিক চাপ এবং উদ্বেগের মধ্যে আছেন। জীবনের এমন কিছু ঘটনার কারণে আপনি হতাশ হয়ে পড়েছেন যা আপনি কখনোই আশা করেননি। এই ধরনের হতাশা আপনাকে অলস, অসহিষ্ণু, মৃদু বিষণ্ণ, ক্লান্ত, তন্দ্রাচ্ছন্ন, আত্মসম্মানবোধ কমে যাওয়া এবং আত্মবিশ্বাসের অভাবের দিকে নিয়ে যায়। হ্যালুসিনেশন সাধারণত অবসেসিভ নেগেটিভ চিন্তার একটি উপজাত। আপনার বর্ণনা থেকে আমি আরও লক্ষ্য করেছি যে আপনার প্রচুর অবসর সময় আছে যা আপনাকে অলস করে তোলে এবং অতিরিক্ত চিন্তা করতে বাধ্য করে। এক সপ্তাহ এই হ্যালুসিনেশনগুলোকে উপেক্ষা করুন, এগুলো চলে যাবে। আমি একমত যে আপনার অবস্থা কিছুটা জটিল, তবে আমি আন্তরিকভাবে মনে করি যে এই অবস্থাটি সাধারণ এবং নাসেনিয়া ডক। জীবনকে বোঝা এবং জীবনকে কীভাবে উপভোগ করতে হয় তা শেখাই হলো মূল চাবিকাঠি। আপনি আপনার অভিজ্ঞতা, গুরুজন, পারিপার্শ্বিক অবস্থা ইত্যাদি পর্যবেক্ষণ করে এগুলো শিখতে পারেন। আরও পরামর্শের জন্য আপনি একজন মনস্তাত্ত্বিক পরামর্শদাতার সাথেও দেখা করতে পারেন। যদি আপনার মনে হয় আমি আপনাকে সাহায্য করতে পারি, তবে নির্দ্বিধায় আমাকে সরাসরি প্রশ্ন করতে পারেন এবং আমি আপনার কারণগুলো জানাতে পারলে খুশি হব। আশা করি এটি আপনার প্রশ্নের উত্তর দিয়েছে। আরও স্পষ্টীকরণের জন্য আমি আছি। শুভকামনা।"
39420,"আপনার মেয়ে পেটের সংক্রমণ এবং হজমের সমস্যায় ভুগছে, যা আপনার দেওয়া তথ্যের ভিত্তিতে আমি বলতে পারি। আপনি আপনার মেয়ের বয়স উল্লেখ করেননি, তাই চ্যাট ডাক্তারের ডোজ সম্পর্কে কিছু বলা খুব কঠিন। যাই হোক, পেটের ব্যথার জন্য তাকে সিরাপ অফ্লক্স-ওজ ৫ মিলি, সিরাপ সাইক্লোপস ৫ মিলি দিনে দুবার এবং সিরাপ এনজাইম ৫ মিলি দিনে দুবার দিতে হবে। এর পাশাপাশি সিরাপ ব্যান্ডি প্লাস ১০ মিলি রাতে এবং ৭ দিন পর রাতে ১০ মিলি করে খাওয়াতে হবে।"
13524,"হেলো প্রিয়, আমি আপনার অনুভূতির সাথে একমত। অতীতে আপনার দুবার গর্ভপাত হয়েছে এবং তাই বর্তমান পরিস্থিতির কারণে আপনি স্বাভাবিকভাবেই মানসিক চাপে আছেন। এটি ভালো যে আপনার স্ক্যানে ভ্রূণের হৃদস্পন্দন স্বাভাবিক এবং ঠিক আছে। রক্তপাতের স্থানটি জানালে আমি কৃতজ্ঞ থাকতাম, কারণ আপনার ডাক্তার এটি উল্লেখ করেননি, তাই এটি কোরিওনিক টিস্যু থেকে হওয়ার কথা নয়। যেহেতু আপনার স্পটিং বা সামান্য রক্তপাত হচ্ছে, তাই আমি আপনাকে আপনার প্রসূতি বিশেষজ্ঞের কাছ থেকে কিছু প্রাকৃতিক প্রজেস্টেরন ওষুধ নেওয়ার পরামর্শ দেব। রক্তপাত পুরোপুরি বন্ধ না হওয়া পর্যন্ত বিছানায় নিজেকে সীমাবদ্ধ রাখুন। গর্ভাবস্থা এবং শিশুর অবস্থা জানার জন্য এক সপ্তাহ পর পুনরায় আল্ট্রাসনোগ্রাফি করান। এই আল্ট্রাসনোগ্রাফির ফলাফলের ওপর ভিত্তি করে পরবর্তী চিকিৎসার পরিকল্পনা করা যেতে পারে। আশা করি এটি আপনাকে সাহায্য করবে।"
44293,"হেলো, নাসেনিয়া ডকে লেখার জন্য আপনাকে ধন্যবাদ। সংক্ষিপ্ত উত্তর - আয়রনের ঘাটতিজনিত রক্তাল্পতার কারণে হিমোগ্লোবিনের নিম্ন মাত্রা আপনার খাদ্যতালিকায় আয়রন সমৃদ্ধ উৎস অন্তর্ভুক্ত করে সংশোধন করা যেতে পারে। ব্যাখ্যাতীত উত্তর-১. পালং শাক (পালং শাক), মেথি পাতা (মেথ), শিম এবং ডাল যেমন মালিশ ডিল, আস্ত, মোল্ড ডিল, খুব ডিল, ব্র্যাড ডিল, রামা। অ্যাসপারাগাস (শালওয়ার) এবং তিলের বীজ (তিল) আয়রনের অন্যান্য ভালো উৎস। বার্লি (জে), চাল, সুজি (শোজি), বসরা এবং ভুট্টা (সাকাই) অন্তর্ভুক্ত করা যেতে পারে। আপনি এই উৎসগুলোর সংমিশ্রণ দিয়ে সুস্বাদু খাবার রান্না করতে পারেন। যদি তা না হয়, তবে নাসেনিয়া ডক।"
90974,"হেলো, ডেইরি, আমি আপনার প্রশ্নটি দেখেছি। আমি আপনার উদ্বেগ বুঝতে পারছি। যদি ভাইরাল জ্বরের সাথে তার মাত্রা কম থাকে, তবে তাকে হাসপাতালে ভর্তি করা প্রয়োজন। আপনার ক্ষেত্রে তার মাত্রা খুব কম। আপনার গুরুতর রক্তাল্পতার কারণ খুঁজে বের করার জন্য হাসপাতালে ভর্তি হওয়া এবং রক্ত পরীক্ষা করা প্রয়োজন এবং সেই অনুযায়ী চিকিৎসা নেওয়া উচিত। যদি আপনার জ্বর থাকে, তবে কারণ খুঁজে বের করার জন্য টাইডাল টেস্ট এবং ম্যালেরিয়া পরীক্ষা করা প্রয়োজন। আশা করি আমি আপনার প্রশ্নের উত্তর দিতে পেরেছি, যদি আপনার কোনো সন্দেহ থাকে তবে আমার সাথে bit.ly/ নাসেনিয়া ডক-এ যোগাযোগ করুন। নাসেনিয়া ডক ব্যবহার করার জন্য ধন্যবাদ। আপনার সুস্বাস্থ্য কামনা করি।"
71873,"হেলো, জিজ্ঞাসা করার জন্য ধন্যবাদ। আপনার প্রশ্নের ভিত্তিতে আমার মতামত নিচে দেওয়া হলো। ১. পুনরায় প্লেটলেট কাউন্ট পরীক্ষা করা প্রয়োজন। যদি তবুও কম থাকে, তবে অভ্যন্তরীণ রক্তক্ষরণের ঝুঁকি এড়াতে প্লেটলেট স্থানান্তরের প্রয়োজন হতে পারে। সেপ্টিসেমিয়া আছে কিনা তা নিশ্চিত করার জন্য রক্ত কালচার প্রয়োজন। ২. এই বয়সে আইটিপি (ITP) আশা করবেন না। সম্ভাব্য ডিআইসি (DIC) পরীক্ষা করা প্রয়োজন। ৩. লিভারের কার্যকারিতা প্রভাবিত হতে পারে, তবে এটি সরাসরি প্লেটলেট কাউন্টকে প্রভাবিত করবে না। পিটি (PT) এবং এপিটি (APT) লিভারের কার্যকারিতা হিমোস্ট্যাসিসকে প্রভাবিত করছে কিনা তা নিশ্চিত করবে। গর্ভাবস্থা প্লেটলেট কাউন্টকে প্রভাবিত করবে না, যদি না এটি সেপ্টিসেমিয়ার কারণ হয়। আশা করি এটি সাহায্য করবে। আরও কোনো প্রশ্ন থাকলে, সাহায্য করতে পারলে খুশি হব।"
83944,"হেলো, আপনার প্রশ্নটি পোস্ট করার জন্য ধন্যবাদ। জ্বর ভাইরাল সংক্রমণের কারণে হতে পারে। ভাইরাল সংক্রমণের কারণে আপনার সিস্ট হওয়ার সম্ভাবনা কম, তবে যদি কোনো সিস্ট থাকত তবে পেটের সিটি স্ক্যানে তা ধরা পড়ত। তাই আমার মনে হয় কোনো সিস্ট নেই। অগ্ন্যাশয় সম্পর্কিত ল্যাব রিপোর্ট প্যানক্রিয়াটাইটিস নির্দেশ করে। এর জন্য আপনাকে ২ দিন মুখ দিয়ে পানিশূন্য থাকতে হবে। সেক্ষেত্রে আপনাকে হাসপাতালে ভর্তি হতে হবে এবং আইভি ফ্লুইড গ্রহণ করতে হবে। আপনি যদি আপনার রক্ত পরীক্ষার রিপোর্ট আপলোড করতে পারেন তবে আমি আপনাকে আরও ভালোভাবে পরামর্শ দিতে পারব। শুভেচ্ছা।"
86012,"হেলো, যদিও আপনি লক্ষণগুলোর ফ্রিকোয়েন্সি এবং স্থায়িত্ব উল্লেখ করেননি, তবে এটি হাঁপানি হওয়ার সম্ভাবনা রয়েছে - বিশেষ করে যেহেতু আপনি রাতে শুয়ে থাকার সময় লক্ষণগুলো অনুভব করছেন। আপনার চিকিৎসক রোগ নির্ণয়ের জন্য আপনার পালমোনারি ফাংশন টেস্টগুলো মূল্যায়ন করবেন। হাঁপানির সবচেয়ে সাধারণ কারণগুলোর মধ্যে অ্যালার্জি অন্যতম। ধুলোবালি, ধোঁয়াযুক্ত পরিবেশ, জনাকীর্ণ স্থান এড়িয়ে চলা এবং বিছানার চাদর ইত্যাদি পোকামাকড় ও তেলাপোকামুক্ত রাখা ভালো, কারণ প্রাণীর খুশকি লক্ষণগুলোকে বাড়িয়ে তুলতে পরিচিত। পালমোনারি পরীক্ষার ফলাফলের জন্য অপেক্ষা করার সময়, আপনি নিরাপদে অ্যান্টিহিস্টামিন গ্রহণ করতে পারেন। ডাক্তারের সাথে চ্যাট করুন।"
51939,"হেলো, মোরাল একটি মাসল রিলাক্স্যান্ট যা তার শ্বাসকষ্টকে আরও বাড়িয়ে তুলতে পারে। আমি পরামর্শ দেব যে তার ডাক্তারের সাথে পরামর্শ করুন এবং শ্বাসকষ্টের কারণ অনুসন্ধানের জন্য কিছু পরীক্ষা করান। তিনি যে পরীক্ষাগুলো করেছেন তা নিচে দেওয়া হলো: - হার্ট ফেইলিউরের জন্য একটি কার্ডিয়াক আল্ট্রাসাউন্ড। - ফুসফুসের সমস্যার জন্য পরীক্ষার জন্য বুকের এক্স-রে এবং পালমোনারি ফাংশন টেস্ট। আশা করি আমি আপনার প্রশ্নের উত্তর দিতে পেরেছি। আমি আপনাকে আরও কোনোভাবে সাহায্য করতে পারি কিনা তা আমাকে জানান।"
38466,"আমার প্রিয় সহকর্মী, এটি খুব ভালোভাবে স্বীকৃত যে বড় ধরনের অস্ত্রোপচার করা রোগীদের ক্ষেত্রে পা/এস এবং ফুসফুসের গভীর শিরায় রক্ত জমাট বাঁধা একটি সাধারণ ঘটনা, কারণ রক্ত জমাট বাঁধার নিয়ন্ত্রণ ব্যবস্থা স্থানীয়ভাবে এবং সিস্টেমিকভাবে বিচ্ছিন্ন হয়ে যায়। যদিও আমরা অস্ত্রোপচারের পরে রক্ত পাতলা করার ওষুধ দিয়ে থাকি। ফুসফুসের আবাসস্থলের জন্য সিএমভি (CMV)-এর চিকিৎসা করা হয়, যা কম রোগ প্রতিরোধ ক্ষমতা এবং ৪০ বছর বয়সী ব্যক্তিদের মধ্যেও একটি সাধারণ ঘটনা। নিঃসন্দেহে, ডাক্তাররা রোগের সুস্বাস্থ্যের জন্য রোগীদের সাথে লড়াই করেন। তাদের প্রচেষ্টার জন্য দিনটি ভালো কাটুক।"
30242,"হেলো, হঠাৎ ফোলাভাবের জন্য আমাদের সিস্টেমিক প্যাথলজি এবং জয়েন্টের প্যাথমেকানিক্স বুঝতে হবে। তার ওপর ভিত্তি করে চিকিৎসার ব্যবস্থা নেওয়া যেতে পারে। যদি ডায়াবেটিস বা উচ্চ রক্তচাপ থাকে, তবে এই প্যাথলজিটিও পরীক্ষা করে দেখা প্রয়োজন। যেহেতু আপনার ডাক্তার প্রদাহরোধী ওষুধ দিয়েছেন, তাই আমরা সন্দেহ করতে পারি যে ডাক্তার লিগামেন্ট স্প্রেইনের সাথে এটি নির্ণয় করেছেন। একটি এক্স-রে করার পরামর্শ দেওয়া হচ্ছে। আমি গরম পানি দিয়ে হাত উঁচু করে রাখার, পা ও গোড়ালি নাড়াচাড়া করার এবং ফোলা কমানোর জন্য ক্রেপ ব্যান্ডেজ ব্যবহার করার পরামর্শ দেব। আশা করি আমি আপনার প্রশ্নের উত্তর দিতে পেরেছি। আমি আপনাকে আরও কোনোভাবে সাহায্য করতে পারি কিনা তা জানাবেন। জে ইন নাসেনিয়া ডক।"
108266,"হেলো, সংক্ষিপ্ত ইতিহাস জানানোর জন্য আপনাকে ধন্যবাদ। যদি আপনি পায়ের কাফ মাসলে গরম অনুভূতি অনুভব করেন, তবে আমাদের একটি বিষয় পরীক্ষা করা উচিত, আপনি কি ডায়াবেটিক? অথবা ওই জায়গায় কি কোনো ফোলা বা আঘাত আছে? প্রথমে ইউরিক অ্যাসিডের মাত্রা নির্ণয়ের জন্য একজন চিকিৎসকের পরামর্শ নেওয়া উচিত। দ্বিতীয়টি হলো আপনার থাইরয়েডের মাত্রা পরীক্ষা করা, তারপর পরীক্ষা যত বাড়বে, রোগ নির্ণয় তত কাছাকাছি আসবে। একজন চিকিৎসক হিসেবে আপনি জায়গাটি মূল্যায়ন করতে পারবেন এবং সঠিক পরীক্ষার সিদ্ধান্ত নিতে পারবেন। রিপোর্টের ওপর ভিত্তি করে চিকিৎসক আপনাকে সর্বোত্তম পরামর্শ দেবেন। একজন চিকিৎসকের সাথে পরামর্শ করা কখনোই খারাপ ধারণা নয়। পরবর্তী কোনো প্রয়োজন দেখা দিলে একজন বিশেষজ্ঞের পরামর্শ নেওয়া হবে। কিছু সময়ের জন্য আপনি বালিশের ওপর পা রাখতে পারেন এবং পিঠের ওপর শুয়ে পায়ের গোড়ালির কিছু নড়াচড়া করতে পারেন। এছাড়া পিঠের ওপর ভর দিয়ে পা সোজা করার চেষ্টা করতে পারেন। এটি কাজ করবে এবং আপনাকে আরাম দেবে। যদি উপসর্গগুলো থেকে যায়, তবে চিকিৎসক সবসময় আপনাকে সাহায্য করার জন্য প্রস্তুত আছেন। ঈশ্বরের কৃপায় আমি আপনার দ্রুত আরোগ্য কামনা করি।"
10379,"হেলো, আপনার অনুসন্ধানের জন্য ধন্যবাদ। আপনি যে তথ্যগুলো উল্লেখ করেছেন এবং ৩ বছর ধরে আপনি যে পরীক্ষাগুলো করিয়েছেন এবং যে ওষুধগুলো খাচ্ছেন তার রিপোর্টের ভিত্তিতে মনে হচ্ছে আপনার অ্যাসিড পেপটিক ডিজিজ হয়েছে। আপনার পেট ফাঁপা এবং তলপেট শক্ত হয়ে যাওয়ার সমস্যা রয়েছে, যা নিয়মিত মাঝারি ধরনের ব্যায়াম এবং যোগব্যায়ামের মাধ্যমে নিরাময় করা সম্ভব, যা পেটের ফাঁপা দূর করতে এবং পেটের প্রাচীরের পেশীগুলোকে শক্তিশালী করতে সাহায্য করবে।"
44909,"হেলো, নাসেনিয়া ডক। নাসেনিয়া ডক ভার্চুয়াল ক্লিনিকে আপনাকে স্বাগত জানাই। আমি আপনার প্রশ্নটি দেখেছি এবং আমার মনে হয় আমি আপনার উদ্বেগ বুঝতে পেরেছি। এছাড়া, আমি আপনাকে সর্বোত্তম সম্ভাব্য চিকিৎসার পরামর্শ দেওয়ার চেষ্টা করব। মূলত অনিয়মিত পিরিয়ড ডিম্বাণু তৈরি না হওয়ার কারণে হয়ে থাকে। কোনো ডিম্বাণু তৈরি না হওয়া বা পিসিওএস (PCOS) নামক কোনো অবস্থা থাকতে পারে না। যেকোনো ক্ষেত্রেই চিকিৎসার বিকল্প রয়েছে। আমি আপনাকে ইউএসজি (USG) করার পরামর্শ দেব। এছাড়াও, যদি মাসিক চক্র থাকে তবে ২ তারিখে এফএসএইচ (FSH LH) এবং এএমএইচ (AMH) টিএসএইচ (TSH) এর মতো রক্ত পরীক্ষা করা উচিত। টিউব খোলা আছে কিনা তা জানার জন্য অনুগ্রহ করে এইচএসজি (HSG) পরীক্ষা করান। এবং সঙ্গীর বীর্য বিশ্লেষণ করা যেতে পারে। ডিম্বাণু তৈরির ওষুধ এবং ফলিকল স্টাডির মাধ্যমে আপনি ডিম্বাণু তৈরির দিন সম্পর্কে জানতে পারবেন। আপনি সেই দিন যৌন মিলন বা আইইউআই (IUI)-এর জন্য যেতে পারেন। অনুগ্রহ করে চিন্তা করবেন না। সঠিক নির্দেশনা পেলে আপনি গর্ভবতী হতে পারেন। ঈশ্বর আপনাকে সুস্বাস্থ্য দান করুন। আশা করি এই উত্তরটি আপনাকে সাহায্য করবে। ধন্যবাদ।"
16788,"হেলো, আমি আপনার প্রশ্নটি দেখেছি এবং আপনার উদ্বেগগুলো বুঝতে পেরেছি। এটি আপনার মাথায় আঘাত পাওয়ার শক্তির ওপর নির্ভর করে। আপনার লক্ষণগুলো অনুযায়ী, আমি বলব হ্যাঁ আপনার কনকাশন হতে পারে। বিশ্রাম নিন, ওটিসি চ্যাট ডাক্তার। যদি আপনার বমি বমি ভাব, বমি এবং মাথাব্যথা বাড়তে থাকে, তবে আপনার প্রাথমিক চিকিৎসকের সাথে পরামর্শ করা উচিত। আশা করি এটি আপনার প্রশ্নের উত্তর দিয়েছে। আপনার যদি আরও কোনো প্রশ্ন বা ফলো-আপ প্রশ্ন থাকে, তবে আমাদের লিখতে দ্বিধা করবেন না। আমি আপনার প্রশ্নের উত্তর দিতে পারলে খুশি হব।"
18776,"হেলো, জগিং শুরু করার পর হাঁটুতে ব্যথা এক ধরনের পেশীর টান বা খিঁচুনির ইঙ্গিত দেয়। এই ধরনের ব্যথার সবচেয়ে সাধারণ কারণ হলো হ্যামস্ট্রং পেশী, যা হাঁটুর পিছনের দিকে এবং ভেতরের দিকে অবস্থিত। কয়েক দিন জগিং এড়িয়ে চলুন এবং হাঁটু সম্পূর্ণভাবে প্রসারিত ও নমনীয় করার ব্যায়াম শুরু করুন। যদি ব্যথা তীব্র হয় এবং স্বাভাবিক হাঁটাচলায় ব্যাঘাত ঘটায়, তবে আপনি আইবুপ্রোফেনের মতো ব্যথানাশক এবং মাসল রিলাক্স্যান্ট (থায়োকোলকিসাইডস) শুরু করতে পারেন। যদি ৫-৭ দিনের মধ্যে ব্যথা না কমে, তবে আপনার একজন বিশেষজ্ঞের পরামর্শ নেওয়া উচিত। আশা করি এটি আপনার প্রশ্নের উত্তর দিয়েছে। আপনার আরও কোনো প্রশ্ন থাকলে আমি সাহায্য করতে পারলে খুশি হব।"
15908,"হেলো, আমার মতামত হলো রোগ নির্ণয় নিশ্চিত না হওয়া পর্যন্ত আপনার এখনই এটি নিয়ে চিন্তা করা উচিত নয়। যেহেতু প্লীহায় আঘাতের সম্ভাবনা কম, কারণ পেটের সিটি স্ক্যানে তা ধরা পড়ে না। পেটের সিটি স্ক্যান এবং পুঙ্খানুপুঙ্খ পরীক্ষা আপনার ডাক্তারকে প্লীহায় আঘাত নির্ণয়ে সাহায্য করবে। এটি সম্ভব যে আপনার ছেলের যে ব্যথা হচ্ছে তা অন্য কোনো আঘাতের কারণে হচ্ছে। প্লীহায় আঘাত এবং প্লীহা ফেটে গেলে পেটের গহ্বরে রক্তক্ষরণ হতে পারে। তাই, আপনি আপনার ছেলের লক্ষণগুলোর দিকে নজর রাখতে পারেন, যেমন অস্থিরতা, হৃদস্পন্দন বেড়ে যাওয়া বা শ্বাসকষ্ট। যদি লক্ষণগুলো দেখা দেয়, তবে ডাক্তারের পরামর্শ নিন। আশা করি আমি আপনার প্রশ্নের উত্তর দিতে পেরেছি। আপনার আরও কোনো প্রশ্ন থাকলে আমি সাহায্য করতে পারলে খুশি হব। ধন্যবাদ।"
2064,"হেলো, আপনার সংক্ষিপ্ত ইতিহাস প্রদানের জন্য ধন্যবাদ। একটি পুঙ্খানুপুঙ্খ ক্লিনিকাল পরীক্ষার পরামর্শ দেওয়া হচ্ছে। যেহেতু ব্যথার তীব্রতা এবং শকের ধরন নিউরোপ্যাথিক হওয়ার সম্ভাবনা বেশি এবং এর জন্য মনোযোগ প্রয়োজন। যেহেতু রোগীর ইতিহাস একপাশের অঙ্গের ব্যথা এবং মাথার ব্যথার ইঙ্গিত দেয়, তাই আমি আপনাকে একটি পুঙ্খানুপুঙ্খ নিউরোমাসকুলার পরীক্ষা এবং পরবর্তীতে মস্তিষ্ক বা সার্ভিকাল অঞ্চলের এমআরআই করার পরামর্শ দেব। সম্পূর্ণ নিউরোমাসকুলার পরীক্ষার পর এবং এমআরআই রিপোর্টগুলো বোঝার পর আমরা একটি সিদ্ধান্তে পৌঁছাতে পারব। এছাড়া, আমাদের জানতে হবে যে কোনো মোটর ফাংশনের সমস্যা আছে কি না। কারণ এটি উদ্বেগের একটি প্রধান ক্ষেত্র হতে পারে। শুভেচ্ছা, জে, ইন নাসেনিয়া ডক।"
52361,"হেলো! নাসেনিয়া ডকে জিজ্ঞাসা করার জন্য আপনাকে ধন্যবাদ! আমি আপনার উদ্বেগ বুঝতে পারছি এবং ব্যাখ্যা করতে চাই যে আপনার লক্ষণগুলো মৃগীরোগের সাথে সম্পর্কিত বলে মনে হচ্ছে। আপনার জানা উচিত যে হাইপারভেন্টিলেশন হলো ইইজি (ফটোস্টিমুলেশন ছাড়াও), যা মস্তিষ্কের কোষগুলোকে উত্তেজিত করতে এবং চরম পরিস্থিতিতে মস্তিষ্কের কোষের কার্যকারিতা সম্পর্কে আরও তথ্য পেতে একটি ইইজি কৌশল। হাইপারভেন্টিলেশন মস্তিষ্কের কোষগুলোতে আংশিক সিও২ (CO2) চাপ কমিয়ে দেয়, যা মস্তিষ্কের কোষগুলোকে উত্তেজিত করে এবং এমনকি খিঁচুনিও সৃষ্টি করে। এই পর্বটি ইইজি-তে প্যাথলজিক্যাল প্যারোক্সিসমাল অ্যাক্টিভিটির সাথে যুক্ত থাকা উচিত, যাতে মস্তিষ্কের কোষগুলোর মৃগীরোগের কার্যকলাপ নিশ্চিত করা যায়, যা অজ্ঞান হওয়ার জন্য দায়ী। তাই এটি খুবই সম্ভব যে আপনার সিনকোপ খিঁচুনির সাথে সম্পর্কিত হতে পারে। আমি একটি অর্থোস্ট্যাটিক হাইপোটেনশন আছে কিনা তা নিশ্চিত করতে বা বাদ দেওয়ার জন্য একটি হেড আপ টিল্ট টেস্ট করারও পরামর্শ দিচ্ছি, যা দাঁড়িয়ে থাকা অবস্থায় আপনার কিছু সিনকোপের জন্য দায়ী হতে পারে (খিঁচুনির সাথে সম্পর্কিত নয়)। আশা করি সাহায্য করতে পেরেছি! শুভেচ্ছা রইল।"
103328,"হেলো। নাসেনিয়া ডকে আপনাকে স্বাগতম। আপনার অভিযোগ অনুযায়ী, আক্কেল দাঁত তোলার পরেও দাঁতের অবশিষ্টাংশ এবং পুঁজ নিঃসরণ রয়ে গেছে, যা মিউকোলাইটিকাইটিস-এর সংক্রমণের কারণে হতে পারে। কোনো রোগ নির্ণয়ের আগে আক্রান্ত স্থানের ক্লিনিকাল পরীক্ষার মাধ্যমে দাঁতের টুকরোর অবস্থান পরীক্ষা করা অবশ্যই সহায়ক হবে। ওরাল পরীক্ষার জন্য পুনরায় একজন ডেন্টিস্টের সাথে পরামর্শ করুন। ইরিজিটেশন ওরিজিটেশন উপকারী। আশা করি আমার পরামর্শ আপনার জন্য সহায়ক হবে। দ্রুত সুস্থ হয়ে উঠুন। আপনাকে ধন্যবাদ।"
89843,"প্রিয়, কখনও কখনও গলা জ্বালাপোড়া অ্যাটিপিকাল এনজাইনার লক্ষণ হতে পারে, তবে হৃদরোগের লক্ষণ দেখা দেওয়ার আগেই এটি হওয়া উচিত ছিল। এনজিওগ্রাফি এবং পেস্টির প্রয়োজন হতে পারে। এটি অ্যাসিড রিফ্লাক্সের লক্ষণ হতে পারে যা ওমেপ্রাজল দিয়ে নিয়ন্ত্রণ করা যায়। কখনও কখনও আইসিইউতে কিছু রোগীর গলা ব্যথা হয় যা আবার গলা জ্বালাপোড়ার কারণ হয়, এটি গুরুতর কোনো অবস্থা নয়। রোগীর ইতিহাস অনুযায়ী তিনি চতুর্থ দিনে খেতে পারবেন, যার অর্থ তিনি শেষ দুটি মৃদু অবস্থা থেকে বেরিয়ে আসছেন।"
106391,"নাসেনিয়া ডকে আপনার প্রশ্নের জন্য ধন্যবাদ। আমার মতে, মূত্রাশয় এবং প্রোস্টেটের পজিটিভ সংক্রমণ (হট স্পট) আছে কিনা তা নিশ্চিত করার জন্য আপনার পিইটি (PET) স্ক্যান করা উচিত, কারণ অতীতে আপনার প্রোস্টেট এবং মূত্রাশয়ে ক্যান্সার ছিল। পর্যাপ্ত টিস্যু বায়োপসি না করা হলে বা ক্ষতের অ-ক্যান্সারযুক্ত অংশ থেকে বায়োপসি না করা হলে বায়োপসি ভুল নেগেটিভ আসতে পারে। তাই স্ক্যানের হট স্পট থেকে পিইটি স্ক্যান এবং গাইডেড বায়োপসির মাধ্যমে এটি পরীক্ষা করা ভালো। যদি বায়োপসির রিপোর্টে ক্যান্সার না থাকে, তবে এটি মূত্রনালীর সংক্রমণের কারণ হতে পারে। প্রস্রাবের মাইক্রোস্কোপিক পরীক্ষা এবং প্রস্রাব কালচার করা ভালো। এছাড়াও প্রস্রাবে ম্যালিগন্যান্ট কোষ আছে কিনা তা পরীক্ষা করুন।"
62526,"হেলো, আমাদের কাছে লেখার জন্য ধন্যবাদ। যখন পেটের সিটি স্ক্যান (কিডনি অন্তর্ভুক্ত) করা হয়, তখন বুকের নিচের অংশ এবং ফুসফুসের অংশগুলোও স্ক্যান করা হয়। আমার মনে হয় এই পদ্ধতিতে নিউমোনিয়া নির্ণয় করা হয়েছিল। কিডনি বড় হওয়ার সময়, লিপোমা বা এনজিওমায়োলিপোমার মতো কিডনির টিউমারে চর্বি জমা হতে পারে। এই ধরনের বৃদ্ধির প্রকৃতি সঠিকভাবে মূল্যায়ন করা প্রয়োজন এবং আপনার ডাক্তার আপনার রিপোর্টে তা লিখবেন। বেশিরভাগ রোগীর ক্ষেত্রে, কিডনিতে চর্বি জমা একটি নিরীহ অবস্থা, তবে নিশ্চিতকরণ নির্ভর করে সঠিক বর্ণনার ওপর এবং এর জন্য কিডনি বায়োপসিও প্রয়োজন হতে পারে। আশা করি এটি আপনাকে সাহায্য করবে।"
61038,"প্রিয় বন্ধু, আপনার নাতির কেস হিস্ট্রি পুঙ্খানুপুঙ্খভাবে পড়ে আমার মনে হচ্ছে এটি দাঁতের সমস্যা বা ভাইরাল সংক্রমণের কারণে হতে পারে। এই বয়সে শিশুদের সবসময় দাঁতের উপসর্গ দেখা দেয়, যেমন ডায়রিয়া এবং জ্বরের মতো, ভাইরাসের সংক্রমণের কারণেও জ্বর হতে পারে। শিশু অসুস্থ থাকলে সবসময় বমি হয়। তাই এই এইচএস (HS)-এর কোনো গুরুত্ব নেই। আপনি তাকে প্যারাসিটামলের মতো অ্যান্টিপাইরেটিক দিন এবং তার শারীরিক অবস্থা পর্যবেক্ষণ করুন। আশা করি কয়েক দিনের মধ্যেই জ্বর কমে যাবে এবং তার অবস্থার উন্নতি হবে। ধন্যবাদ।"
96383,"হেলো, নাসেনিয়া ডকে আপনাকে স্বাগতম। মূত্রনালীর সংক্রমণ সেকেন্ডারি টাইপ ১ ডায়াবেটিস মেলিটাসের সাথে সম্পর্কিত হতে পারে। আপনার ক্ষতটি অটোইমিউন সম্পর্কিত হতে পারে। আপনার ফাস্টিং এবং পোস্ট-প্রান্ডিয়াল ব্লাড সুগার, প্রস্রাবের শর্করা, মাইক্রোস্কোপি, অ্যালবুমিন এবং হিমোগ্লোবিন পরীক্ষা করা উচিত। মূত্রনালীর সংক্রমণের জন্য ৫ দিনের জন্য দিনে দুবার ৪০০ মিগ্রা নরফোক ট্যাবলেট সেবন করুন। টাইপ ১ ডায়াবেটিস নিশ্চিত হলে অটো ইমিউন স্ক্রিনিং করান। রিপোর্টসহ আপনার ডাক্তারের সাথে পরামর্শ করুন। এইচইউএম এস্টেরয়েডের মতো ইনসুলিন চিকিৎসার বিকল্প হতে পারে। ধন্যবাদ।"
30453,"আমি আপনার বয়স এবং আপনার আত্মীয়দের ডিম্বাশয়ের ক্যান্সার হওয়ার বয়স জানতে পারলে খুশি হতাম। যাই হোক, আপনার যা করা উচিত তা হলো সিএ-১২৫ (CA-125) নামক একটি রক্ত পরীক্ষা করানো। যদি এটি বেশি থাকে, তবে আপনার ডিম্বাশয়ের ক্যান্সারের সম্ভাবনা বেশি (লেভেল যত বেশি হবে, ঝুঁকি তত বেশি)। সেক্ষেত্রে আপনাকে একজন ক্যান্সার সার্জনের মাধ্যমে ডিম্বাশয়ের ক্যান্সারের জন্য অস্ত্রোপচার করাতে হবে। যদি এটি স্বাভাবিক থাকে, তবে আপনার ডিম্বাশয়ের ক্যান্সারের সম্ভাবনা অনেক কম (যদিও শূন্য নয়), সেক্ষেত্রে ২-৩ মাস পর পুনরায় সিটি স্ক্যান করানো উচিত। যদি সিস্টগুলো থেকে যায় বা আকারে বড় হয়, তবে আপনারও অস্ত্রোপচার করা উচিত। যদি সেগুলো কমে যায় বা অদৃশ্য হয়ে যায়, তবে সেগুলো নিয়ে চিন্তা করবেন না। ইতিমধ্যে ব্যথার জন্য পর্যাপ্ত ব্যথানাশক ওষুধ সেবন করুন।"
93055,"হেলো। এটি কোলাইটিসের গুরুতর আকারে ঘটে। প্রথমে আপনাকে সঠিক অ্যান্টিবায়োটিক, মেট্রোনিডাজল এবং অ্যান্টি-স্পাসমোডিক ওষুধ সেবন করতে হবে। অন্তত ৫ দিনের কোর্স। যদি কোনো উপশম না হয়, তবে আমাদের বৃহদন্ত্রের আলসার বা ক্যান্সারের মতো অন্যান্য সম্ভাবনার কথা ভাবতে হবে। সবচেয়ে ভালো উপায় হলো কোলোনোস্কোপি এবং বায়োপসি করা। সিটি স্ক্যান রোগ নির্ণয় নিশ্চিত করতে এবং ক্যান্সার থাকলে স্টেজিং করতে সাহায্য করে। এটি কেস পরিকল্পনা করতে এবং স্পষ্টতই অন্ত্র ও পেটের অন্যান্য সমস্যাগুলো বাদ দিতে সাহায্য করে।"
1231,"নাসেনিয়া ডকে আপনার প্রশ্নের জন্য ধন্যবাদ। যেকোনো ক্যান্সারের চিকিৎসা তার স্টেজিংয়ের ওপর নির্ভর করে। স্টেজিংয়ের জন্য আমাদের ক্ষতের সঠিক আকার, লিম্ফ নোড আক্রান্ত কি না এবং দূরবর্তী অঙ্গগুলোতে মেটাস্ট্যাসিসের উপস্থিতি আছে কি না তা জানা প্রয়োজন। তাই আপনার বন্ধুর ক্ষেত্রে সঠিক ট্যাগিং জানার জন্য আমাদের ঘাড়ের সিটি স্ক্যান এবং পিইটি স্ক্যান করাতে হবে। সাধারণত স্থানীয় পুনরাবৃত্তি এবং দূরবর্তী মেটাস্ট্যাসিসের প্রতিরোধ করার জন্য কেমোথেরাপি এবং রেডিওথেরাপির প্রয়োজন হয়। তাই একজন অনকোলজিস্টের সাথে পরামর্শ করে চিকিৎসা শুরু করা ভালো।"
41399,"নাসেনিয়া ডকে আপনার প্রশ্নের জন্য ধন্যবাদ। আমি আপনার উদ্বেগ বুঝতে পারছি। আপনি যে রিপোর্টের কথা উল্লেখ করেছেন তা আমি দেখেছি। হ্যাঁ, আপনি সংক্রামক কারণের কথা বলছেন। সেন্ট্রিলোবুলার নোডুলসের সবচেয়ে সাধারণ কারণ হলো সংক্রমণ। সংক্রমণের মধ্যে যক্ষ্মা একটি সম্ভাব্য সংক্রমণ। আপনার মিডিয়াস্টিনাল লিম্ফ্যাডেনোপ্যাথিও রয়েছে। এটিও যক্ষ্মার দিকেই বেশি ইঙ্গিত করে। তাই কফ মাইক্রোস্কোপিক পরীক্ষার মাধ্যমে এএফবি (অ্যাসিড ফাস্ট ব্যাসিলি - ব্যাকটেরিয়া যা যক্ষ্মা সৃষ্টি করে) করান। আপনার অ্যান্টি-টিউবারকিউলোসিস ওষুধের প্রয়োজন হবে। তাই একজন পালমোনোলজিস্টের সাথে পরামর্শ করুন এবং এই সব বিষয়ে আলোচনা করুন। আশা করি আমি আপনার প্রশ্নের সমাধান করতে পেরেছি। আপনাকে আরও সাহায্য করতে পারলে আমি খুশি হব। আপনার সুস্বাস্থ্য কামনা করি। ধন্যবাদ।"
108681,"নাসেনিয়া ডকে আপনাকে স্বাগতম। ১. এটি ক্রমাগত ঘর্ষণের কারণে সংক্রমণ বা প্রদাহ বলে মনে হচ্ছে, যা ব্যাকটেরিয়াজনিত সংক্রমণের কারণে টক হয়ে যায়। ২. যেহেতু এটি বাড়ছে, তাই আপনার ডাক্তারের সাথে দেখা করা এবং অ্যান্টিবায়োটিকের একটি কোর্স সম্পন্ন করা ভালো। আশা করি এর পরে সবকিছু ভালো হয়ে যাবে। ৪. অজ্ঞতা আরও জটিলতা সৃষ্টি করতে পারে। ৫. ওই স্থানে কোনো চাপ দেওয়া থেকে বিরত থাকার চেষ্টা করুন, পরিচ্ছন্নতা বজায় রাখুন এবং নাসেনিয়া ডকের সাথে যোগাযোগ রাখুন। আশা করি এটি আপনাকে সাহায্য করবে। আপনার সুস্বাস্থ্য কামনা করি। কিছু জিজ্ঞাসা করার আছে? দ্বিধা করবেন না। ধন্যবাদ।"
4911,"হেলো, নাসেনিয়া ডকে আপনাকে স্বাগতম। মনে হচ্ছে আপনার সন্তানের টর্টিলাস হয়েছে, যার অর্থ ঘাড়ের পেশিতে খিঁচুনি, যার ফলে এমন তীব্র ব্যথা হচ্ছে। গিঁট অনুভব করা পেশী বা এমনকি লিম্ফ নোডও হতে পারে, যা এই বয়সের শিশুদের মধ্যে খুব সাধারণ। আমি আপনাকে পরামর্শ দেব যে তাকে তার ঘাড় বিশ্রাম দিতে বলুন এবং মোচড় না দিতে বলুন। ব্যথার জায়গায় গরম সেঁক দেওয়া যেতে পারে। যদি খুব বেশি তীব্র ব্যথা হয়, তবে একটি ব্যথানাশক ক্রিম অত্যন্ত সাহায্য করবে। আশা করি সে শীঘ্রই সুস্থ হয়ে উঠবে। নিজের যত্ন নেবেন।"
74536,"হেলো। আপনার মায়ের অসুস্থতা নিয়ে আপনার উদ্বেগ এবং উদ্বেগ আমি বুঝতে পারছি। আপনার দেওয়া তথ্য অনুযায়ী, মনে হচ্ছে আপনার চিকিৎসাকারী দল আপনাকে বুঝতে পেরেছে যে যদি পিইটি (PET) স্ক্যান মেটাস্ট্যাটিক রোগের জন্য নেগেটিভ হয়, তবে এই মুহূর্তে সিটি স্ক্যানের ছবি টিউমারটিকে সম্মানিত করে তোলে। ফুসফুসের অ্যাডেনোকার্সিনোমা অস্ত্রোপচারের মাধ্যমে নিরাময় করা যেতে পারে, এরপর কেমোথেরাপি এবং রেডিওথেরাপি (প্রয়োজন হলে হিস্টোপ্যাথলজি রিপোর্টের ওপর ভিত্তি করে) করা যেতে পারে। ফুসফুসের সীমাবদ্ধ রোগগুলো পিইটি স্ক্যানের মাধ্যমে যাচাই করা যাবে কি না। পিইটি স্ক্যান রিপোর্ট পাওয়ার পর আপনি আপনার প্রশ্নটি পুনরায় করতে পারেন এবং আমরা নাসেনিয়া ডকে উত্তর দিতে পেরে খুশি হব।"
50655,"হেলো, আপনার হাঁপানি বা সংক্রমণ ছিল কিনা তা ব্যাখ্যা করা কঠিন কারণ সেই সময়ে আপনি কী কী উপসর্গে ভুগছিলেন তা আমাদের জানা প্রয়োজন। ক্লিনিকাল রোগ নির্ণয়ের জন্য রোগীর ইতিহাস, উপসর্গের শুরু, স্থায়িত্ব এবং অগ্রগতি জানা গুরুত্বপূর্ণ। রোগ নির্ণয়ের জন্য পরীক্ষার ফলাফলের সাথে উপসর্গগুলো মিলিয়ে দেখার জন্য একজন ডাক্তারকেও আপনাকে পুঙ্খানুপুঙ্খভাবে পরীক্ষা করতে হবে। আপনি একজন পালমোনোলজিস্টের সাথে দেখা করে আপনার সন্দেহগুলো দূর করতে পারেন। ধন্যবাদ।"
92738,"হেলো, আমার মনে হয় আপনার বাড়িতে প্রস্রাবের মাধ্যমে প্রেগন্যান্সি টেস্ট করা উচিত। কখনও কখনও বন্ড ব্যর্থ হতে পারে, তবে এটি বিরল। তাই, প্রেগন্যান্সি টেস্ট করে আপনার সন্দেহ দূর করুন। যদি ফলাফল নেগেটিভ আসে, তবে এটি কোনো মানসিক চাপের কারণে হতে পারে। তাই, আপনার পিরিয়ডের জন্য অপেক্ষা করুন। যদি আপনার প্রত্যাশিত তারিখের ২ সপ্তাহের মধ্যে পিরিয়ড না হয় এবং টেস্ট নেগেটিভ আসে, তবে পিরিয়ডের জন্য আপনি কিছু ওষুধ সেবন করতে পারেন। ঘন ঘন প্রস্রাব প্রস্রাবের সংক্রমণের কারণে হতে পারে। প্রস্রাবের রুটিন, মাইক্রোস্কোপি এবং কালচার পরীক্ষা করান। ডাক্তারের সাথে চ্যাট করুন। আশা করি আমি আপনার প্রশ্নের উত্তর দিতে পেরেছি। শুভেচ্ছা।"
98188,"হেলো, আপনার ফাইব্রোসিস হয়েছে যার ফলে সামনের চামড়া কাঁচের ওপর থেকে পুরোপুরি সরে যেতে পারছে না। সংক্রমণের মতো দীর্ঘস্থায়ী ব্যালানোপোস্থাইটিস এর কারণ হতে পারে। এমন ক্ষেত্রে আপনার খৎনা অপারেশনের প্রয়োজন হতে পারে, যেখানে অগ্রভাগের চামড়া অপসারণ করে ফ্রেনুলাম খুলে ফেলা হয়। বিস্তারিত মূল্যায়নের জন্য আপনার নিকটস্থ একজন ইউরোলজিস্টের সাথে পরামর্শ করা উচিত। আশা করি আমি আপনার প্রশ্নের উত্তর দিতে পেরেছি। আমি আপনাকে আরও কোনোভাবে সাহায্য করতে পারি কিনা তা জানাবেন।"
9654,"হেলো প্রিয়, প্রশ্ন করার জন্য ধন্যবাদ। শুধুমাত্র লিভার এনজাইমের বৃদ্ধি হেপাটাইটিস সি-এর ইঙ্গিত দেয় না। যদি ভাইরাল হেপাটাইটিস বি বা সি-এর ঝুঁকি থাকে, তবে ভাইরাল হেপাটাইটিস বি বা সি শনাক্ত করার জন্য আপনাকে এইচবিএসএজি (HBsAg) এবং অ্যান্টি এইচসিভি অ্যান্টিবডি ইলিসা (Elisa) পরীক্ষা করতে হবে। আমাকে জানান যে, যদি এই দুটি হেপাটাইটিসের মধ্যে একটি নিয়মিত ফলো-আপ করা হয়, তবে দীর্ঘস্থায়ী সংক্রমণ বা বাহক হওয়ার সম্ভাবনা থাকে। যদি হেপাটাইটিস সি-এর কোনো স্থায়ী সংক্রমণ বা কারণ না থাকে, তবে লিভার এনজাইমের বৃদ্ধি ফ্যাটি লিভার, পিত্তথলির পাথর, হৃদযন্ত্রের সমস্যা ইত্যাদির মতো অন্যান্য কারণগুলো খতিয়ে দেখুন। নিজের যত্ন নেবেন।"
45646,"হেলো। আমি আপনার উদ্বেগ বুঝতে পারছি। প্রথমে আমাকে জানতে হবে আপনি পুরুষ নাকি নারী। উপলব্ধ ইতিহাস বা আপনার দেওয়া তথ্যের ভিত্তিতে, একজন ডাক্তারের সাথে পরামর্শ করা সবচেয়ে ভালো হবে, যিনি সম্পূর্ণ ইতিহাস নিতে পারেন, অস্ত্রোপচারের উপলব্ধ রেকর্ডগুলো দেখতে পারেন, শারীরিক পরীক্ষা করতে পারেন, ল্যাব পরীক্ষা করতে পারেন এবং আপনি গর্ভবতী কি না তা নিশ্চিতভাবে জানার জন্য ইমেজিং স্টাডি করাতে পারেন। যদি দেখা যায় যে আপনি সন্তান ধারণ করতে পারছেন না, তবে এর পেছনে অনেক কারণ থাকতে পারে। অনুগ্রহ করে হতাশ হবেন না, যত দ্রুত সম্ভব একজন ডাক্তারের সাথে পরামর্শ করুন। আশা করি এটি আপনাকে সাহায্য করবে। নিজের যত্ন নিন এবং আপনার দিনটি সুন্দর কাটুক!"
97701,"হেলো, উপরের ওষুধগুলোর মাধ্যমে আপনার পিরিয়ড নিয়মিত হবে এবং ডিম্বস্ফোটন সঠিকভাবে হবে। ডিম্বাশয়ের সিস্ট নিয়ন্ত্রণে থাকবে কিন্তু পুরোপুরি নির্মূল করা যাবে না এবং পিসিওএস (PCOS)-এর লক্ষণগুলো কমে যাবে। তবে, ক্রিমসন-৩৫ (Crimson-35) সেবন করলে গর্ভধারণের সম্ভাবনা খুবই কম কারণ এটি একটি দুর্বল গর্ভনিরোধক পিল। চিকিৎসার কোর্স শেষ করার পর গর্ভধারণের চেষ্টা করা ভালো। ইতিমধ্যে, আপনি নিয়মিত ফলিক অ্যাসিড এবং ভিটামিন সাপ্লিমেন্ট গ্রহণ করবেন। ডিম্বাশয়ের সিস্টের মূল চিকিৎসা হলো"
83159,"হেলো, আপনি কেমন আছেন? আমি আপনার উদ্বেগ পড়েছি। আজকাল বেশিরভাগ স্বাস্থ্য ঝুঁকির জন্য প্রধান কারণগুলোর মধ্যে মানসিক চাপ অন্যতম। ব্যস্ত জীবনে অতিরিক্ত মানসিক চাপের কারণে উদ্বেগ এবং বিষণ্নতা সাধারণত তৈরি হয়। এই লক্ষণগুলো মোকাবিলা করার জন্য আমি আপনাকে যত দ্রুত সম্ভব শান্ত থাকার পরামর্শ দিচ্ছি। আমরা যখন রিলাক্সেশন ব্যায়াম করি, তখন ৫০%-এর বেশি ব্যথা ও অস্বস্তি কমে যায়। আপনি তরুণ এবং ব্যায়াম আপনাকে শক্তিশালী ও শান্ত করতে পারে এবং মানসিক চাপ কমাতে সাহায্য করে। জিমে যোগ দিন এবং ধীরে ধীরে ব্যায়াম বাড়ান। এছাড়া, যদি মানসিক চাপের কারণে আপনার হৃদপিণ্ডে কোনো পরিবর্তন ঘটে, তবে আপনার চিকিৎসা বিশেষজ্ঞের মাধ্যমে বুকের ব্যথার মূল্যায়ন করা অপরিহার্য। আমি এই পর্যায়ে কোনো ওষুধের পরামর্শ দেব না। শুধু আপনার জীবনযাত্রায় পরিবর্তন আনুন, স্বাস্থ্যকর খাবার খান এবং ব্যায়ামকে আপনার দৈনন্দিন রুটিনে পরিণত করুন।"
49631,"হেলো, বাইপাস সার্জারির পরে অনেক কারণ থাকতে পারে। সবচেয়ে সাধারণ এবং সহজে সংশোধনযোগ্য কারণগুলো হলো সোডিয়ামের স্বল্পতা বা অন্যান্য বিপাকীয় কারণ (হাইপক্সিয়া, শর্করার স্বল্পতা, কিডনি ও যকৃতের সমস্যা)। আপনি যেমনটি বলেছেন, ব্যথানাশক ওষুধ বা ঘুমের ওষুধ, কিছু অ্যান্টিবায়োটিক এবং অন্যান্য বিরল ওষুধ যা একই কারণ হতে পারে। তার স্ট্রোক এবং মৃগীরোগের ইতিহাস বিবেচনা করে, সাইলেন্ট কন্টিনিউয়াস সিজার আছে কিনা তা নিশ্চিত করার জন্য একটি ইইজি (EEG) করা প্রয়োজন। পরিশেষে, বাইপাস সার্জারির সময় মস্তিষ্কে রক্ত সরবরাহ করা হয়।"
33538,"হেলো, প্রিয়, ভারত থেকে শুভ সকাল। নাসেনিয়া ডক ভার্চুয়াল ক্লিনিকে আপনার অনুসন্ধানের জন্য ধন্যবাদ। আমি আপনার অনুসন্ধানটি গভীরভাবে পর্যালোচনা করেছি। আমি আপনার উদ্বেগগুলো বুঝতে পেরেছি। আমার মতে, পাঁজরের নিচের ডান দিকের চাকাটি কি আঁচিল? সেবাসিয়াস সিস্ট? লিপোমা? ডারময়েড ডিজিজ? এপিগ্যাস্ট্রিক হার্নিয়া? নাকি ফোড়া? ক্লিনিকাল পরীক্ষার মাধ্যমে আমার আরও তথ্যের প্রয়োজন হবে। তবুও প্রদত্ত তথ্য থেকে মনে হচ্ছে এটি এপিগ্যাস্ট্রিক হার্নিয়া হতে পারে, কারণ আপনার ঢেকুর ওঠা, গ্যাস এবং অন্ত্রের সমস্যা রয়েছে। যদি না থাকে, তবে অন্ত্রের সমস্যা এবং ঢেকুর ওঠার মধ্যে কোনো সম্পর্ক নেই এবং এটি অন্য কোনো কারণে হতে পারে। প্রতিকার- আপনার ডাক্তার পরামর্শ দেবেন কারণ অনুযায়ী চিকিৎসা নিন। আশা করি এটি আপনাকে দ্রুত স্বাভাবিক স্বাস্থ্য পেতে সাহায্য করবে। আরও কোনো প্রশ্ন থাকলে নাসেনিয়া ডকে আপনাকে আবারও স্বাগত জানাই। আপনার দিনটি ভালো কাটুক।"
28829,"হেলো, আপনার অনুসন্ধানের জন্য ধন্যবাদ। আপনার বাম অণ্ডকোষে ব্যথা, অস্বস্তি এবং বাম কোমরে পেটে ব্যথার লক্ষণগুলো মূলত এপিডিডাইমিস বা অণ্ডকোষের সংক্রমণের কারণে হচ্ছে। অনুগ্রহ করে ক্লিনিকাল পরীক্ষার জন্য একজন যোগ্য ইউরোলজিস্টের সাথে পরামর্শ করুন এবং রোগ নির্ণয়ের জন্য নিম্নলিখিত প্রাথমিক পরীক্ষাগুলো করান: ১) প্রস্রাবের রুটিন এবং কালচার পরীক্ষা। ২) পেট ও পেলভিসের আল্ট্রাসাউন্ড স্ক্যান। আপনার ডেফিনিট (Definite)-এর মতো ব্রড-স্পেকট্রাম অ্যান্টিবায়োটিকের পাশাপাশি অ্যান্টি-ইনফ্ল্যামেটরি ওষুধ সেবন করা প্রয়োজন। আপনার পারিবারিক চিকিৎসকের কাছ থেকে ওষুধের প্রেসক্রিপশন নিন। নিশ্চিত করুন যে"
54282,"হেলো, ডেইরি, আমি আপনার প্রশ্নটি দেখেছি। আমি আপনার উদ্বেগ বুঝতে পারছি। আপনার রক্তচাপ খুব বেশি। আপনার জরুরি বিভাগের সাথে পরামর্শ করা উচিত। এই রক্তচাপ নিয়ে যেকোনো কিছু হতে পারে। অ্যাটেনোলল, নিফেডিপাইন বা লোসারটান নেওয়া যেতে পারে, তবে আপনার প্রথমে পরীক্ষা করা প্রয়োজন। আপনার স্বামীর জন্য যে ওষুধ দেওয়া হয়েছে তা খাবেন না। পরামর্শ অনুযায়ী আপনার মেটফরমিন চালিয়ে যান। এর সাথে আপনার রক্তচাপের কোনো সম্পর্ক নেই। আশা করি আমি আপনার প্রশ্নের উত্তর দিতে পেরেছি। আপনার যদি কোনো সন্দেহ থাকে তবে নির্দ্বিধায় আমাকে জিজ্ঞাসা করতে পারেন। আমি উত্তর দিতে পারলে খুশি হব। নাসেনিয়া ডক ব্যবহার করার জন্য ধন্যবাদ। আপনার সুস্বাস্থ্য কামনা করি।"
18902,"হেলো, আপনার অনুসন্ধানের জন্য ধন্যবাদ। আপনার মাড়ির প্রধান সমস্যা হলো পেরিওসাল্টিং ডেন্টাল ডিজিজ, যা মাড়ির একটি রোগ। এই অবস্থায় দাঁতকে সাপোর্ট দেওয়া হাড়ের মাড়ির জিঞ্জিভাল ক্ষতিগ্রস্ত হয়, যার ফলে ব্রাশ করার সময় মাড়ি থেকে রক্তপাত হয়। অবহেলা করলে এটি আরও বেড়ে যায়, যার ফলে হাড় ক্ষয় এবং দাঁতের নড়াচড়া ব্যাহত হয়। চিকিৎসার মধ্যে রয়েছে ডিপ সাবলিঙ্গুয়াল স্কেলিং বা ফ্ল্যাপ সার্জারি, যা প্রয়োজনে রেডিওগ্রাফের মাধ্যমে নির্ণয় করা যেতে পারে। চিন্তার কিছু নেই। পরবর্তী চিকিৎসার জন্য একজন পেরিওডনটিস্টের সাথে দেখা করুন। আশা করি এটি সহায়ক হবে।"
108354,"হেলো, যদি প্রাইমাল এন (Primal N) থাকা সত্ত্বেও, যা একটি প্রজেস্টেশনাল ওষুধ, তবুও আপনি চ্যাট ডাক্তারের পরামর্শ পাচ্ছেন না। এফএসএইচ (FSH), এলএইচ (LH), এএমএইচ (AMH), ইস্ট্রোজেন এবং প্রজেস্টেরন রক্ত পরীক্ষা আপনাকে জানাতে পারে যে আপনি মেনোপজে পৌঁছেছেন কি না। যদি আপনার মেনোপজ হয়ে থাকে, তবে এখন গর্ভধারণের চেষ্টা করার কোনো যৌক্তিকতা নেই। এর পরিবর্তে আপনি সন্তান নেওয়ার কথা ভাবতে পারেন। আশা করি এটি আপনাকে সাহায্য করবে। আমি আপনাকে আরও কোনোভাবে সাহায্য করতে পারি কি না তা জানাবেন।"
11696,"হেলো প্রিয়, আমি আপনার উদ্বেগ বুঝতে পারছি। আমার মতে, নিয়মিত সংকোচন এবং পিত্তথলির ব্যথা আছে কিনা তা নিশ্চিত করার জন্য শারীরিক পরীক্ষার প্রয়োজন হতে পারে। এটি ভালো যে কোনো উপসর্গ নেই। এটি মূত্রনালীর সংক্রমণ, যোনিপথের সংক্রমণ বা অন্য কোনো কারণে হতে পারে। প্রস্রাবের সংক্রমণ আছে কিনা তা নিশ্চিত করার জন্য সম্পূর্ণ প্রস্রাব পরীক্ষার মতো পরীক্ষাগুলো সহায়ক হতে পারে। যোনিপথের পরীক্ষা যোনিপথের সংক্রমণ আছে কিনা তা নিশ্চিত করতে সাহায্য করে। চিন্তার কিছু নেই। পর্যাপ্ত চিকিৎসার মাধ্যমে এটি কমে যাবে। শুভেচ্ছা রইল..."
91011,"হেলো, জিহ্বার গঠন ভিন্ন মনে হতে পারে এমন নিরাময়ের সময় থাকতে পারে। জিহ্বা কামড়ানো একটি সাধারণ বিষয়। এতে আপনি ভারী বোধ করতে পারেন। এই সমস্যাটি কয়েক মাস ধরে থাকা উচিত নয়। আমি চিন্তিত যদি জিহ্বায় ফোলাভাব থাকে যা আরও গুরুতর অবস্থার সৃষ্টি করে। নড়াচড়া সীমিত হওয়া একটি উদ্বেগের বিষয়, বিশেষ করে যদি নড়াচড়া আরও সীমিত হয়। ডেন্টিস্ট কি জিহ্বায় ফোলাভাব পরীক্ষা করে রোগ নির্ণয় করেছেন? পরীক্ষার জন্য একজন ডেন্টিস্টের সাথে পরামর্শ করুন। বিশেষ করে ভাইরাল হলে আলসারযুক্ত এলাকায় বারবার সমস্যা হতে পারে। অ্যালার্জির প্রতিক্রিয়াও হতে পারে। সঠিক রোগ নির্ণয়ের জন্য একটি ক্লিনিকাল পরীক্ষা করার পরামর্শ দেওয়া হচ্ছে। আপনার অনুসন্ধানের জন্য ধন্যবাদ।"
89186,"হেলো। আমি আপনার উদ্বেগ বুঝতে পারছি। আপনার অভিযোগ অনুযায়ী, ব্যাকটেরিয়াজনিত সংক্রমণের কারণে দাঁত যখন গভীরভাবে ক্ষয়প্রাপ্ত হয়, তখন সংক্রমিত দাঁতের গোড়ার কাছে পুঁজ তৈরি হয়, যাকে ""ডেন্টাল অ্যাবসেস"" বলা হয় এবং যখন এটি বেরিয়ে আসার কোনো পথ না থাকে, তখন এটি চাপ সৃষ্টি করে এবং ব্যথার সৃষ্টি করে। ব্রণ হলো সংক্রমিত দাঁতের কারণে হওয়া পুঁজ ভরা ক্ষত। অ্যান্টিবায়োটিক এবং ব্যথানাশক ওষুধ সংক্রমণ কমাতে সাহায্য করতে পারে, তবে সংক্রমণের মাত্রা কমতে সময় লাগে যাতে পুঁজ না কমে। যদি দাঁতটি ইতিমধ্যে গভীরভাবে সংক্রমিত হয়ে থাকে, তবে ব্যথা কমাতে বা দাঁতটিকে রক্ষা করার মতো কোনো নির্দিষ্ট খাবার নেই। একমাত্র সতর্কতা যা আপনি নিতে পারেন তা হলো, শক্ত খাবার এড়িয়ে চলুন এবং ব্যথার প্রকোপ রোধ করতে আক্রান্ত পাশ দিয়ে চিববেন না। আপনার খুব ঠান্ডা এবং খুব গরম এড়িয়ে চলা উচিত।"
7538,"হেলো, আপনার অনুসন্ধানের জন্য ধন্যবাদ। আপনার ইএসআর (ESR) বেশ কম। এটি বিভিন্ন কারণে হতে পারে। এন্ডোমেট্রিয়াল পারফিউশন কম হওয়া এর প্রধান কারণ। যক্ষ্মা এবং এন্ডোমেট্রিয়াল প্যাথলজিগুলো পরীক্ষা করে দেখা উচিত। আপনার ডাক্তারের সাথে পরামর্শ করার পর আপনি সিলডেডেনেফিল বা ইস্ট্রোজেন ট্যাবলেট খাওয়ার চেষ্টা করতে পারেন। ৮ম দিনের পর লেটোভাল চালিয়ে যাওয়া উচিত নয়। ডুফাস্টন সাধারণত লুটিয়াল ফেজ সাপোর্ট হিসেবে দেওয়া হয়। আপনার পরবর্তী চক্রের জন্য, যদি আপনার টিউব খোলা থাকে তবে আপনি অন্য কোনো ওভুলেশন ইনডিউসিং এজেন্টে পরিবর্তন করতে পারেন। আপনার জন্য শুভকামনা রইল।"
99512,"হেলো, আমার মনে হয় আপনার প্রথমে থাইরয়েড প্রোফাইল স্বাভাবিক সীমার মধ্যে আনা উচিত এবং তারপর গর্ভধারণের চেষ্টা করা উচিত। এই মান বৃদ্ধি গর্ভপাত এবং ভ্রূণের জটিলতার কারণ হতে পারে। যদি আপনার থাইরয়েড প্রোফাইল স্বাভাবিক থাকে, তবে আপনি ৩ থেকে ৬ মাস স্বাভাবিকভাবে চেষ্টা করতে পারেন। আপনার পিরিয়ড শেষ হওয়ার পর প্রতি ২ থেকে ৩ দিন অন্তর আপনার স্বামীর সাথে শারীরিক সম্পর্ক রাখুন। এটি আপনার গর্ভধারণের সম্ভাবনা বাড়িয়ে তুলবে। যদি এতে কাজ না হয়, তবে ফলিকল বৃদ্ধির জন্য আপনি ক্যামফিনের মতো কিছু ওষুধ সেবন করতে পারেন এবং বারবার আল্ট্রাসাউন্ডের মাধ্যমে আপনার ফলিকলের বৃদ্ধি ট্র্যাক করতে পারেন। যদি আপনার ফলিকল ১ থেকে ১৮ মিমি-এর বেশি হয়, তবে ফলিকল ফাটার জন্য ইনজেকশন নিতে পারেন। ইনজেকশনের পর ২ থেকে ৩ দিন আপনার স্বামীর সাথে শারীরিক সম্পর্কে লিপ্ত থাকুন। পরবর্তী ২ সপ্তাহ প্রজেস্টেরন গ্রহণ করুন। এরপর বাড়িতে প্রস্রাবের মাধ্যমে প্রেগন্যান্সি টেস্ট করুন। আপনি এভাবে ৩টি সাইকেল চেষ্টা করতে পারেন। আশা করি আমি আপনার প্রশ্নের উত্তর দিতে পেরেছি। শুভেচ্ছা, নাসেনিয়া ডক।"
55991,"হেলো, নাসেনিয়া ডকে লেখার জন্য ধন্যবাদ। যেহেতু আপনার গর্ভপাত হয়েছে, তাই এর কারণ জানার জন্য আপনার নিজেকে মূল্যায়ন করা প্রয়োজন। আমি আপনাকে ওভুলেশন ইনডিউসিং নাসেনিয়া ডক দিয়ে শুরু করার পরামর্শ দেব। এটি একাধিক ফলিকল বৃদ্ধি এবং পরিপক্ক হতে সাহায্য করবে। যেহেতু আপনার বয়স বেশি, তাই আমি আপনাকে আইইউআই (IUI)-তে যাওয়ার পরামর্শ দিচ্ছি। এটি হলো জরায়ুর ভেতরে শুক্রাণু প্রবেশ করানো। এখানে শুক্রাণু ধুয়ে প্রক্রিয়াজাত করা হয় এবং সুস্থ শুক্রাণু জরায়ুতে স্থাপন করা হয়। এটি গর্ভধারণের সম্ভাবনা বাড়িয়ে দেয়। আশা করি আমি আপনাকে সাহায্য করতে পেরেছি। শুভেচ্ছা।"
47975,"হেলো এবং নাসেনিয়া ডকে আপনাকে স্বাগতম। আপনার জিজ্ঞাসার জন্য ধন্যবাদ। আমি বুঝতে পারছি যে আপনি আপনার মায়ের সাম্প্রতিক সমস্যা নিয়ে চিন্তিত। অস্তিত্বহীন কণ্ঠস্বর শোনাকে হ্যালুসিনেশন বলা হয় এবং মানুষ তার ক্ষতি করতে চলেছে বলে ভুল ধারণা করা বিভ্রমের ইঙ্গিত দেয়। হ্যালুসিনেশন এবং বিভ্রম একটি মানসিক ব্যাধির লক্ষণ। তাই, মনে হচ্ছে আপনার মা কোনো মানসিক রোগে ভুগছেন। বিস্তারিত মনস্তাত্ত্বিক মূল্যায়ন এবং পরবর্তী চিকিৎসার জন্য তার একজন মনোরোগ বিশেষজ্ঞের সাথে দেখা করা প্রয়োজন। চিন্তা করবেন না, কারণ এই সমস্যার জন্য কার্যকর চিকিৎসার বিকল্প রয়েছে। চিকিৎসা অ্যান্টি-সাইকোটিক এবং সাইকোথেরাপি নামক ওষুধের মাধ্যমে করা যেতে পারে, যা তার উপসর্গগুলো নিয়ন্ত্রণ করতে পারে। তাই, পরবর্তী মূল্যায়ন এবং চিকিৎসার জন্য যত দ্রুত সম্ভব তাকে একজন মনোরোগ বিশেষজ্ঞের কাছে নিয়ে যান। আপনার জন্য শুভকামনা রইল।"
617,"আপনার অনুসন্ধানের জন্য ধন্যবাদ, আমি আপনার অনুসন্ধানটি দেখেছি। পরিকল্পনার সম্ভাব্য কারণ হলো দাঁতের সংক্রমণ। আপনি যে ধরনের ব্যথা অনুভব করছেন তা মাড়ির বৈশিষ্ট্য। এই চাকাটি ফোড়া তৈরির কারণে হতে পারে। স্বাভাবিক ফিলিং এই সমস্যার সমাধান করবে না। দাঁতটি আরসিটি (RCT) বা দাঁত তোলার মাধ্যমে চিকিৎসা করতে হবে। সংক্রমণ আছে কিনা তা নিশ্চিত করতে একটি এক্স-রে করান। চিকিৎসকের পরামর্শ নিয়ে আপনি পেনিসিলিন এবং মেট্রোনিডাজল কম্বিনেশনের মতো অ্যান্টিবায়োটিকের একটি কোর্স নিতে পারেন। আশা করি আমার উত্তরটি আপনাকে সাহায্য করবে। ভালো থাকবেন।"
97627,"হেলো, আপনার উদ্বেগের জন্য ধন্যবাদ। আঘাতের পর অসম্পূর্ণ নিরাময়ের কারণে গোড়ালি মচকে যাওয়ার একটি অবশিষ্ট প্রভাব হতে পারে। আপনার চিন্তার কিছু নেই, অনুগ্রহ করে এই নির্দেশিকাগুলো অনুসরণ করুন: ১. গরম সেঁক দিন। দিনে দুবার ১০ মিনিটের জন্য আপনার উভয় পা একটি বালতিতে গরম পানিতে ডুবিয়ে রাখুন। ২. ফিজিওথেরাপি অবশ্যই আপনাকে সাহায্য করবে। ৩. প্রতিদিন এক গ্লাস দুধ এবং ভিটামিন ডি সাপ্লিমেন্টসহ ক্যালসিয়াম গ্রহণ করুন। আরও কয়েক দিন ১ থেকে ২ সপ্তাহ বিশ্রাম নিন। আশা করি এটি আপনাকে দ্রুত সুস্থ হতে সাহায্য করবে।"
60041,"হেলো। আপনি পেটের আল্ট্রাসাউন্ড করার কারণ উল্লেখ করেননি। লিভার বড় হওয়াকে হেপাটোমেগালি এবং প্লীহাকে স্প্লেনোমেগালি বলা হয়। যদি উভয় প্লীহা বড় হয়, তবে একে হেপাটোসপ্লেনোমেগালি বলা হয়। হেপাটোস্প্লেনোমেগালির অনেক কারণ থাকতে পারে। সবচেয়ে সাধারণ কারণগুলো হলো সংক্রমণ যেমন একিউট ভাইরাল হেপাটাইটিস, ম্যালেরিয়া ইত্যাদি। রক্তজনিত রোগ যেমন লিউকেমিয়া, ম্যালিগন্যান্ট অ্যানিমিয়া মেটাবলিক ডিসঅর্ডার, ক্রনিক লিভার ডিজিজ এবং পোর্টাল হাইপারটেনশন ইত্যাদি। আপনি মদ্যপায়ী কি না তা উল্লেখ করেননি। পরবর্তী পরীক্ষার জন্য আপনার চিকিৎসক বা গ্যাস্ট্রোএন্টারোলজিস্টের সাথে পরামর্শ করা উচিত এবং একে একে কারণগুলো বাদ দেওয়া প্রয়োজন। আপনার জন্য শুভকামনা রইল। আশা করি সবকিছু স্বাভাবিক হয়ে আসবে। শুভেচ্ছা।"
100597,"নাসেনিয়া ডকে আপনার প্রশ্নের জন্য ধন্যবাদ। আমি আপনার উদ্বেগ বুঝতে পারছি। আপনি যা অনুভব করছেন (নিউমোথোরাক্স এলাকায় ব্যথা) তা প্লুরিটিক ব্যথা ছাড়া আর কিছুই নয়। নিউমোথোরাক্স প্লুরাল পুরু করে নিরাময় করে। তাই সেই এলাকার প্লুরাল স্তরগুলো তাদের স্বাভাবিক মসৃণ গঠন হারিয়ে একে অপরের সাথে লেগে যায়। একে প্লুরাল পুরুত্ব বলা হয়। তাই যেকোনো প্লুরাল পদ্ধতির পরে কাশি, হাঁচি বা হাঁচির সময় কিছুটা ব্যথা হওয়া সাধারণ বিষয়। সর্বোত্তম চিকিৎসা হলো আক্রান্ত স্থানে গরম পানির সেঁক দেওয়া। আপনি সাধারণ প্যারাসিটামলও খেতে পারেন। আশা করি আমি আপনার প্রশ্নের সমাধান করতে পেরেছি। আপনাকে আরও সাহায্য করতে পারলে আমি খুশি হব। আপনার সুস্বাস্থ্য কামনা করি। ধন্যবাদ।"
103413,"হেলো! নাসেনিয়া ডকে আপনাকে স্বাগতম। আমি আপনার প্রশ্নটি পড়েছি। ৩৭ বছর বয়সে ব্রেস ব্যবহারের জন্য আপনাকে প্রথমে একজন অর্থোডন্টিস্টের পরামর্শ নিতে হবে। ১৪ থেকে ২৮ বছর বয়সের মধ্যে ব্রেস সবচেয়ে ভালো ফলাফল দেয়। তবে, প্রাপ্তবয়স্ক এবং বয়স্কদের মধ্যেও অর্থোডন্টিক্স অনুশীলন করা হয়। অর্থোডন্টিস্ট আপনার দাঁতের কাস্ট এবং ওপিজি (OPG) ও ল্যাটারাল সেফালোগ্রাম পরীক্ষা করবেন। চিকিৎসা স্বাভাবিকের চেয়ে কিছুটা বেশি সময় নিতে পারে। ডায়াবেটিস বা উচ্চ রক্তে শর্করা এই চিকিৎসায় কোনো প্রভাব ফেলে না, তবে কখনও কখনও উচ্চ শর্করার কারণে মাড়ি দিয়ে রক্তপাত এবং দুর্গন্ধ হতে পারে। চিকিৎসা শুরু করার পর, আপনার সুগারের মাত্রা বজায় রাখুন এবং মুখের ভালো স্বাস্থ্যবিধি বজায় রাখুন। নিয়মিত ওরাল প্রফিল্যাক্সিস করুন। বিশেষ অর্থোডন্টিক্স ব্রাশ, মাউথওয়াশ এবং চিনিহীন মাড়ি ব্যবহার করুন। আপনার অর্থোডন্টিস্ট আপনাকে সেই অনুযায়ী ওষুধ দেবেন। আশা করি এই উত্তরটি আপনাকে সাহায্য করবে। ধন্যবাদ!"
49496,"হেলো এবং নাসেনিয়া ডকে আপনাকে স্বাগতম, আপনার অনুসন্ধানের জন্য ধন্যবাদ। এগুলো স্পষ্টতই অগ্ন্যাশয় এবং ফুসফুসের মেটাস্ট্যাসিস এবং এর লক্ষণগুলো খুবই খারাপ। দুর্ভাগ্যবশত, এই ধরনের টিউমার সাধারণত অকার্যকর হয় এবং শুধুমাত্র বেহেমথ চিকিৎসাই সাহায্য করতে পারে। অবশ্যই, কিছু বলা কঠিন, তবে পেটের ভেতরের টিউমারের সমস্ত লক্ষণ দূর করার জন্য তাকে অস্ত্রোপচার এবং বেহেমথ চিকিৎসার সমন্বয় করতে হবে। যদি এটি সম্ভব না হয়, তবে উপশমকারী চিকিৎসাই একমাত্র বিকল্প। আপনার সুস্বাস্থ্য কামনা করি। শুভেচ্ছা।"
32671,"হেলো, সংক্ষিপ্ত উত্তর। একজন হৃদরোগী হিসেবে, আপনার প্রয়োজন মেটানোর জন্য আপনার এমন বিকল্প প্রয়োজন যা আপনার কার্ডিয়াক নাসেনিয়া ডকের ওপর কোনো প্রভাব ফেলে না। ব্যাখ্যা করা হলো। ব্যাখ্যা করা হলো। ব্যাখ্যা করা হলো। ব্যাখ্যা করা হলো। শুভেচ্ছা রইল। শুভেচ্ছান্তে, ইস্কেমিক হৃদরোগের রোগীকে সাধারণত তার জীবনযাত্রা এবং অভ্যাস সম্পর্কে পরামর্শ দেওয়া হয়। শারীরিক কার্যকলাপের বিষয়ে, এটি একটি সাধারণ নিয়ম হিসেবে মাঝারি শক্তির সাথে ব্যায়াম করার জন্য উৎসাহিত করা হয়। যৌন জীবনের জন্য, এটি যতটা গুরুত্বপূর্ণ, ইস্কেমিক রোগীকে এমন কোনো কঠোর শারীরিক কার্যকলাপ না করার পরামর্শ দেওয়া হয় যা এনজাইনা সৃষ্টি করতে পারে। আমি আমার রোগীদের পরামর্শ দিই যে, আপনার সঙ্গীর সাথে সর্বোত্তম উপায় এবং অবস্থান নিয়ে আলোচনা করুন, যা আপনার অবস্থার ঝুঁকি ছাড়াই আপনার চাহিদা পূরণ করবে। এছাড়া, সিলডেনাফিল বা গ্রহণ করা থেকে বিরত থাকুন।"
28620,"হেলো, আমি আপনার বয়স জানতে চাই কারণ বয়স ভেদে চিকিৎসার ধরন ভিন্ন হয়। যাই হোক, আমি আপনাকে কয়েক মাসের জন্য কাস্টম-মেড ইনসোলের সাথে আর্চ সাপোর্ট এবং ওজন কমানোর জন্য মুখ ও খাদ্যতালিকা থেকে আইবুপ্রোফেন ব্যবহার শুরু করব। যদি ২ থেকে ৩ মাসের মধ্যে কোনো উন্নতি না দেখেন এবং আপনার ওজন বেশি থাকে, তবে আমি কাস্টম-মেড গোড়ালি ফুট অর্থোসিসে পরিবর্তন করব, যা এক ধরনের বুট যা আর্চ সাপোর্টসহ আপনাকে আরও স্থিতিশীল করে। যদি ৩ থেকে ৬ মাস পরেও উন্নতি না হয়, তবে আমি আপনার সাথে অস্ত্রোপচারের বিষয়ে আলোচনা করব। এটি প্রাপ্তবয়স্কদের ফ্ল্যাট ফুট চিকিৎসার একটি সাধারণ নীতি। আশা করি আমি আপনার প্রশ্নের উত্তর দিতে পেরেছি। আমি আপনাকে আরও কোনোভাবে সাহায্য করতে পারি কিনা তা জানাবেন।"
23549,"নাসেনিয়া ডকে আপনাকে স্বাগতম। আপনার ডাক্তারের পরামর্শ মেনে চলুন। অ্যাজোস্পার্মিয়া হলো এমন একটি শারীরিক অবস্থা যেখানে বীর্যে পরিমাপযোগ্য শুক্রাণু থাকে না। এই অবস্থা নির্ণয়ের জন্য অণ্ডকোষ বায়োপসি সহায়ক হবে। ইন্ট্রামাসকুলার টেস্টোস্টেরন ইনজেকশন সহায়ক হবে। সাম্প্রতিক চিকিৎসা যেমন আইসিএসআই (ICSI)-এর সাথে আইভিএফ (IVF) শুরু করা, যা সরাসরি অণ্ডকোষ থেকে প্রাপ্ত অপরিণত শুক্রাণু বা দাতার বীর্যের মাধ্যমে সফল নিষিক্তকরণের অনুমতি দেয়। অন্য একটি পদ্ধতি হলো দাতার বীর্যসহ আইইউআই (IUI)। এই সবকিছুর জন্য আপনার চিকিৎসকের সাথে পরামর্শ করুন।"
82929,"হেলো, আপনার ক্ষেত্রে পেট ফাঁপা এবং ব্যথা গ্যাস্ট্রাইটিস (পেটের প্রদাহ)-এর কারণে হতে পারে। এই পরিস্থিতিতে আমি আমার রোগীদের মশলাদার খাবার, চা, কফি এবং কার্বনেটেড পানীয় এড়িয়ে চলার পরামর্শ দিই। সহজে হজমের জন্য অল্প অল্প করে বারবার খাবার খান। প্রোটন পাম্প ইনহিবিটর গ্রহণ করুন। যদি উপসর্গগুলো থেকে যায়, তবে একজন গ্যাস্ট্রোএন্টারোলজিস্টের পরামর্শ নিন। তিনি আপনাকে একটি হাই জিআই এন্ডোস্কোপি করার পরামর্শ দিতে পারেন, যা এই অবস্থার রোগ নির্ণয়ে সাহায্য করতে পারে।"
26371,"হেলো। লিঙ্গের জন্য ডিসচার্জ সংক্রমণের কারণে হতে পারে। এটি এসটিডি (STD)-এর কারণেও হতে পারে। আপনার ক্লিনিকাল পরীক্ষা এবং ইনভেস্টিগেশনের প্রয়োজন হতে পারে। ইনভেস্টিগেশনের মধ্যে রয়েছে রুটিন হিমোগ্রাম, র‍্যান্ডম ব্লাড সুগার, প্রস্রাব আরই/এমই। গ্রাম স্টেইন এবং নিঃসরণের উপাদানের কালচার সেনসিটিভিটি পরীক্ষাও করা উচিত। এসটিডি-এর জন্য আপনার নির্দিষ্ট পরীক্ষার প্রয়োজন হতে পারে। ফলাফলের ওপর ভিত্তি করে আপনার নির্দিষ্ট ওষুধের প্রয়োজন হতে পারে। দ্রুত সুস্থ হয়ে উঠুন। নিজের যত্ন নিন। নাসেনিয়া ডক।"
21902,"হেলো, আইভিএফ (IVF) একটি অত্যন্ত জটিল পদ্ধতি। আরও তথ্য এবং সাহিত্যের জন্য আপনার একজন ফার্টিলিটি বিশেষজ্ঞের সাথে দেখা করা উচিত। মূলত, ল্যাবে নিষিক্তকরণ পদ্ধতি করা হয় এবং তারপর তা গর্ভে স্থাপন করা হয়। ডিম্বাণু এবং শুক্রাণু বাবা-মায়ের কাছ থেকে আসতে পারে বা দান করা যেতে পারে। এটি নির্ভর করে কেন আইভিএফ করা হচ্ছে তার ওপর। সাহায্যকারী প্রজনন পদ্ধতির অন্যান্য পদ্ধতিও রয়েছে, যার প্রতিটিরই ভিন্ন ভিন্ন উদ্দেশ্য থাকে। আপনার একজন বিশেষজ্ঞের সাথে কথা বলা উচিত এবং আপনার মেডিকেল হিস্ট্রির ওপর ভিত্তি করে বিকল্পগুলো নিয়ে আলোচনা করা উচিত।"
38645,"হেলো, আমি নাসেনিয়া ডক। মাথা ব্যথা এবং বমি বমি ভাব বেশ সাধারণ একটি সমস্যা, তবে যখন এগুলো কথা বলতে অসুবিধার সাথে যুক্ত হয়, তখন আপনার স্ট্রোকের সন্দেহ করা উচিত। আমি আপনাকে পরামর্শ দেব যে যত দ্রুত সম্ভব জরুরি বিভাগে যান এবং প্রয়োজনীয় পরীক্ষা-নিরীক্ষা করান। আপনার উপসর্গগুলো স্ট্রোকের কারণে নয়, ভালো এবং বিদায়। যদি আপনার উপসর্গগুলো বিবর্তনের কারণে স্ট্রোকের কারণে হয়ে থাকে, তবে আপনাকে জরুরি বিভাগে থাকতে হবে। যদি আপনি বাড়িতে না থাকেন, তবে আপনার যদি কোনো স্পষ্টীকরণের প্রয়োজন হয় / সন্দেহ থাকে / অতিরিক্ত প্রশ্ন থাকে / ফলো-আপ প্রশ্ন থাকে, তবে অনুগ্রহ করে আবার দ্বিধা করবেন না। আমি আপনার প্রশ্নের উত্তর দিতে পারলে খুশি হব।"
4310,"নাসেনিয়া ডকে আপনার অনুসন্ধানের জন্য ধন্যবাদ! আমি একজন সংক্রামক রোগ বিশেষজ্ঞ! আমি আপনার অনুসন্ধানটি দেখেছি! ক্ল্যারিথ্রোমাইসিন আপনার আপার রেসপিরেটরি ট্র্যাক্ট ইনফেকশনের জন্য ঠিক আছে, তবে বিড়ালের কামড়ের জন্য নয়। আপনি টেট্রা (Tetra) গ্রহণ করুন এবং ৯০ তম দিনে রোটা (ROOT) শুরু করুন (০, ৩, ৭, ১৪, ২৮) এবং বুস্টার (Buster) শুরু করুন। ১০ দিন পোষা প্রাণীর আচরণ পর্যবেক্ষণ করুন। আরও প্রশ্ন থাকলে করতে পারেন! আপনি আমার জন্য একটি রিভিউও লিখতে পারেন। আপনি যদি আরও কিছু তথ্য জানতে চান, তবে আমি তা প্রদান করতে পেরে খুশি হব। আপনি ফলো-আপ প্রশ্ন করতে পারেন। ভালো থাকবেন!"
56965,"হেলো, আমি আপনার কেসটি পর্যালোচনা করেছি। আপনি আপনার ডাক্তারের অ্যাপয়েন্টমেন্ট না পাওয়া পর্যন্ত অপেক্ষা করতে পারেন। লাম্বার ক্যানেল স্টেনোসিসের কারণে পায়ে অসাড়তা হতে পারে। লাম্বার ডিস্ক নার্ভ রুটকে সংকুচিত করার আরেকটি সম্ভাবনা। এই নার্ভ রুট সংকুচিত হওয়ার কারণে পায়ে অসাড়তা হতে পারে। আমি আপনাকে এমআরআই স্পাইন করার পরামর্শ দেব। এই লক্ষণগুলোর জন্য ব্যথানাশক এবং নিউরোট্রফিক ওষুধ শুরু করা যেতে পারে। আপাতত, ভারী ওজন তোলা থেকে বিরত থাকুন, আপনি সাহায্যের জন্য ফিজিওথেরাপিস্টের পরামর্শ নিতে পারেন। আশা করি এটি আপনার প্রশ্নের উত্তর দিয়েছে। আপনার যদি আরও কোনো প্রশ্ন বা ফলো-আপ জিজ্ঞাসা থাকে, তবে আমাদের লিখতে দ্বিধা করবেন না। আমি আপনার প্রশ্নের উত্তর দিতে পেরে খুশি হব। আপনার সুস্বাস্থ্য কামনা করছি। ভালো থাকবেন।"
8201,"হেলো, আমি আপনার উদ্বেগ বুঝতে পারছি। কোমরের নিচের ডানদিকের ব্যথা কিডনির সমস্যার সাথে সম্পর্কিত হতে পারে। সঠিক রোগ নির্ণয়ের জন্য ইউরিনালাইসিস, কিডনি ফাংশন টেস্ট এবং পেটের আল্ট্রাসাউন্ড করার পরামর্শ দেওয়া হচ্ছে। গ্যাস্ট্রাইটিসের মতো পেটের হাইপারঅ্যাসিডিটির সমস্যাগুলো আরও পরীক্ষা করা উচিত। আপনার বয়সে ডিলের আচার এবং জুস পাকস্থলী এবং কিডনি উভয় সমস্যার সাথেই সম্পর্কিত হতে পারে (৭৩)। তাই, দ্রুত পরীক্ষা করিয়ে নিন। আপনার জন্য শুভকামনা রইল।"
38595,"প্রিয় বন্ধু, গুলান ব্যারি সিনড্রোম নাসেনিয়া ডক। এটি সাধারণত লক্ষণগুলো শুরু হওয়ার ২-৩ সপ্তাহ আগে জ্বর এবং ব্যথা হয় (এটি অলক্ষ্যে থাকতে পারে)। এবং কখনও কখনও জলাতঙ্ক টিকার মাধ্যমে এর চিকিৎসা করা হয়। সঠিক সময়ে কার্যকর চিকিৎসা গুরুত্বপূর্ণ, কারণ এটি শ্বাসযন্ত্রের পক্ষাঘাতও ঘটাতে পারে। রোগ নির্ণয় সাধারণত ক্লিনিক্যালি করা হয়, যার মধ্যে সহায়ক প্রমাণ হিসেবে সিএসএফ ফ্লুইড বিশ্লেষণ অন্তর্ভুক্ত থাকে। প্রাথমিক পর্যায়ে আই.ভি.আই.জি (IV ইমিউনোগ্লোবুলিন) বা প্লাজমাফেরেসিস দ্বারা চিকিৎসা করা হয়। আমি আপনাকে আপনার ডাক্তারের পরামর্শ মেনে চলার পরামর্শ দিচ্ছি। আশা করি তিনি দ্রুত সুস্থ হয়ে উঠবেন।"
78960,"হেলো! নাসেনিয়া ডকে আপনাকে স্বাগতম! এই ধরনের পরিস্থিতিতে চিন্তিত হওয়া উচিত। মনে হচ্ছে এই অবস্থাটি ক্ষণস্থায়ী রোগ প্রতিরোধ ক্ষমতার অভাবের কারণে হচ্ছে। তবে এই ক্ষেত্রে, পরিস্থিতি বেশ দীর্ঘ। তাকে টাইলেনল দেওয়ার চেয়ে শিশু বিশেষজ্ঞের সাথে যোগাযোগ রাখাই ভালো হবে। চিকিৎসক উপশমের জন্য অন্যান্য লক্ষণভিত্তিক চিকিৎসা দিতে পারেন। রিপোর্ট পাওয়ার পর সেই অনুযায়ী ওষুধ দেওয়া যেতে পারে। নিজের যত্ন নেবেন।"
57056,"হেলো। আপনার এনসিসিটি (নন কন্ট্রাস্ট সিটি) থোরাক্সের ফলাফল উভয় ফুসফুসে মাল্টি-ফোকাল ফাইব্রো-অ্যাটেলেকট্যাটিক ক্ষতের ইঙ্গিত দিতে পারে। এর অর্থ হলো অ্যাটেলেকটেসিস এলাকায় ফাইব্রোসিসের উপস্থিতি। অ্যাটেলেকটেসিস এলাকা হলো ফুসফুসের প্যারেনকাইমার অংশ যেখানে বাতাস থাকে না। এটি সংক্রমণ, জমে থাকা নিঃসরণ ইত্যাদির কারণে হতে পারে। অন্তর্নিহিত কারণের চিকিৎসার মাধ্যমে ছোট অ্যাটেলেকটেসিস এলাকা নিরাময় করা সম্ভব। চ্যাট ডাক্তারের পরামর্শ অনুযায়ী এটি স্বাভাবিক হয়ে যেতে পারে। দ্রুত সুস্থ হয়ে উঠুন। নিজের যত্ন নিন।"
8988,"হেলো, নাসেনিয়া ডক ডট কম-এ আপনাকে স্বাগতম। আমি নাসেনিয়া ডক। মারিয়ানো ইনটু ব্রুনো মাসকারাস। আমি আপনার প্রশ্নটি মনোযোগ সহকারে দেখেছি এবং আপনাকে জানাতে চাই যে আমি আপনাকে সাহায্য করার জন্য এখানে আছি। এই অবস্থাটি ওষুধের মাধ্যমে নিরাময় করা সম্ভব নয়, তাই অস্ত্রোপচার করা প্রয়োজন। অনুগ্রহ করে যত দ্রুত সম্ভব আপনার নিউরোসার্জনের সাথে পরামর্শ করুন। যদি আপনার কোনো স্পষ্টীকরণের প্রয়োজন হয় / সন্দেহ থাকে / অতিরিক্ত প্রশ্ন থাকে / ফলো-আপ প্রশ্ন থাকে, তবে অনুগ্রহ করে আবার জিজ্ঞাসা করতে দ্বিধা করবেন না। আমি আপনার প্রশ্নের উত্তর দিতে পেরে খুশি হব। ভবিষ্যতে, চিকিৎসার ধারাবাহিকতার জন্য, আমি আপনাকে নাসেনিয়া ডক-এ সরাসরি আমার সাথে যোগাযোগ করতে উৎসাহিত করছি http"
16690,"হেলো, নাসেনিয়া ডকে আপনাকে স্বাগতম। আপনার সমস্যাটি পর্যালোচনা করার পর আমার মনে হচ্ছে আপনি লাম্বার ডিস্ক প্রোল্যাপসে ভুগছেন। চিকিৎসার দুটি বিকল্প রয়েছে। প্রথম বিকল্পটি হলো আরামদায়ক অবস্থানে বিশ্রাম নেওয়া (সাধারণত দুই হাঁটু ভাঁজ করে পাশ ফিরে শোয়া), দিনে একবার নিউরোকাইন্ড গোল্ড এবং ব্যথানাশক ওষুধ (খাবারের পর দিনে তিনবার ডাইক্লোফেনাক কার্যকর)। কখনও কখনও শক্তিশালী ব্যথানাশকের (যেমন খাবারের পর দিনে তিনবার অ্যাট্রাক্ট) প্রয়োজন হয়। ব্যথানাশকের কারণে হওয়া অ্যাসিডিটি প্রতিরোধ করতে খাবারের আগে ওমেপ্রাজল সেবন করতে হয়। এই পদ্ধতিতে ধৈর্যের প্রয়োজন কারণ এতে দীর্ঘ সময় লাগে, কখনও কখনও ৬ মাস পর্যন্ত। দ্বিতীয় বিকল্পটি হলো অস্ত্রোপচার (ডিসেক্টমি)। আপনি আপনার চিকিৎসকের সাথে এ বিষয়ে আলোচনা করতে পারেন। আমার মনে হয় আপনার প্রশ্নের উত্তর দেওয়া হয়েছে। পরবর্তী যেকোনো প্রশ্নের জন্য স্বাগতম।"
38366,"হেলো, আমাদের কাছে লেখার জন্য ধন্যবাদ। ভ্যাগাস মানুষের একটি গুরুত্বপূর্ণ ক্রেনিয়াল স্নায়ু এবং মস্তিষ্কের স্টেম থেকে উৎপন্ন হয়। এরপর এটি শরীরের গুরুত্বপূর্ণ অঙ্গগুলোকে সরবরাহ করার জন্য বিভিন্ন কাঠামোর মধ্য দিয়ে প্রবাহিত হয়। আপনার ভ্যাগাস নার্ভ কোন স্তরে ক্ষতিগ্রস্ত হয়েছে তা জানার জন্য অনুগ্রহ করে ক্লিনিক্যালি পরীক্ষা করান। স্নায়ুকে উদ্দীপিত করে এমন কাজগুলো শেখার মাধ্যমে ভ্যাগাস নার্ভের সমস্যা কিছুটা হলেও নিরাময় করা সম্ভব। এর মধ্যে রয়েছে গলবিল এবং নরম তালু বা মুখের উপরের অংশের ব্যায়াম। কণ্ঠস্বর, শ্বাস-প্রশ্বাসের কৌশল এবং নড়াচড়ার সংমিশ্রণের মাধ্যমে ব্যায়ামগুলো ভ্যাগাস নার্ভকে উদ্দীপিত করতে পারে এবং কিছু উপসর্গ কমাতে পারে। আইনি নার্ভ স্টিমুলেশন পদ্ধতিও রয়েছে, যার মাধ্যমে বৈদ্যুতিক উদ্দীপনার মাধ্যমে স্নায়ুকে উদ্দীপিত করা যায়। এগুলো আপনার ডাক্তারের সাথে আলোচনা করা যেতে পারে এবং এটি আপনাকে কতটা সাহায্য করবে।"
105448,"হেলো, আপনার ছত্রাকজনিত সংক্রমণ হয়েছে বলে মনে হচ্ছে। কুঁচকির ভাঁজ উষ্ণতা, আর্দ্রতা এবং বাধার মতো কারণগুলোর কারণে ছত্রাকের বৃদ্ধিতে সহায়তা করে। আমি আপনাকে অ্যান্টিফাঙ্গাল এবং নাসেনিয়া ডকের পরামর্শ অনুযায়ী একটি ডাস্টিং পাউডার ব্যবহার করার পরামর্শ দিচ্ছি। জি ক্লোট্রিমাজল ডাস্টিং পাউডার দিনে ২-৩ বার ব্যবহার করুন। চুলকানি থেকে আরাম পেতে আপনি দিনে একবার একটি ওরাল অ্যান্টিহিস্টামিন যেমন সেটিরিজিন ট্যাবলেট খেতে পারেন। আশা করি আমি আপনার প্রশ্নের উত্তর দিতে পেরেছি। আমি আপনাকে আরও কোনোভাবে সাহায্য করতে পারি কিনা তা জানাবেন।"
109504,"হেলো, নাসেনিয়া ডকে আপনাকে স্বাগতম। যেহেতু আপনার ডাক্তার নির্ণয় করেছেন যে আপনি সাইনাস সংক্রমণে ভুগছেন, যার কারণেই আপনি এই সমস্ত উপসর্গে ভুগছেন। সাইনাসের সংক্রমণ ঘটানোর জন্য অনেক অণুজীব রয়েছে। আপনার উপসর্গের জন্য আমি আপনাকে নিচের পরামর্শগুলো দিচ্ছি: ১. স্যালাইন ভাপ নিন। ২. স্পাই প্রিসিয়ার এ, দিনে তিনবার। ৩. ওরাল ট্যাবলেট অটোক্লেভ, ৬২৫ মিগ্রা, দিনে দুইবার। ৪. ট্যাবলেট লেস্ট, অন্তত ৭ দিনের জন্য রাতে একবার। এই পদক্ষেপগুলো উপসর্গ কমাতে এবং অবস্থার উন্নতিতে সাহায্য করবে। ধন্যবাদ।"
72804,"প্রিয় রোগী, আপনার সম্ভবত মেকানিক্যাল বা যান্ত্রিক পিঠের ব্যথা হচ্ছে। বিশ্রামের পর ব্যথা কমে যাওয়া সাধারণত কিডনি থেকে হয় না। ক্লান্তি হিমোগ্লোবিনের মাত্রা কমে যাওয়া এবং রক্তাল্পতার কারণে হতে পারে। মেরুদণ্ডের কোনো সমস্যা আছে কি না তা নিশ্চিত করার জন্য আমি লাম্বোস্যাক্রাল মেরুদণ্ডের অ্যান্টেরোপোস্টেরিয়র এবং ল্যাটারাল ভিউয়ের এক্স-রে করার পরামর্শ দিচ্ছি। রক্তাল্পতা এবং রক্তাল্পতার ধরন পরীক্ষা করার জন্য সম্পূর্ণ রক্ত পরীক্ষা (সিবিসি) প্রয়োজন। ইতিমধ্যে, ব্যথানাশক হিসেবে দিনে দুবার ট্যাব মোরাল ৪ মিগ্রা এবং ট্যাব অ্যাট্রাক্ট শুরু করুন। রক্তাল্পতার জন্য আপনাকে আয়রন সাপ্লিমেন্ট শুরু করতে হবে। যদি রিপোর্ট অস্বাভাবিক হয়, তবে আপনার নিকটস্থ একজন মেরুদণ্ড বিশেষজ্ঞের সাথে পরামর্শ করুন।"
57939,"হেলো, পিসিওএস রোগীদের সমস্যা ডিম্বস্ফোটন নিয়ে। তাই, আপনার ফলিকল বৃদ্ধির জন্য আপনাকে ক্যামফিনের মতো কিছু ওষুধ সেবন করতে হবে। ফেটন আপনার ফলিকল বৃদ্ধিতে সাহায্য করবে না। এটি কেবল ইমপ্লান্টেশনকে সহায়তা করবে। তাই, ক্যামফিন সেবনের পর বারবার আল্ট্রাসাউন্ডের মাধ্যমে আপনার ফলিকলের বৃদ্ধি ট্র্যাক করুন এবং যখন আপনার ফলিকল ১৭ থেকে ১৮ মিমি-এর বেশি হবে, তখন ফলিকল ফাটার জন্য ইনজেকশন নিন। ইনজেকশনের পর ২ থেকে ৩ দিন আপনার স্বামীর সাথে শারীরিক সম্পর্কে লিপ্ত থাকুন। পরবর্তী ২ সপ্তাহ ফেটন গ্রহণ করুন। এরপর বাড়িতে প্রস্রাবের মাধ্যমে প্রেগন্যান্সি টেস্ট করুন। আপনি এভাবে ৩ থেকে ৬ মাস চেষ্টা করতে পারেন। আশা করি আমি আপনার প্রশ্নের উত্তর দিতে পেরেছি। শুভেচ্ছা, নাসেনিয়া ডক।"
14205,"নাসেনিয়া ডকে আপনার প্রশ্নের জন্য ধন্যবাদ। আমি আপনার উদ্বেগ বুঝতে পারছি। তার লক্ষণগুলো দেখে মানসিক চাপজনিত লক্ষণের সম্ভাবনা বেশি। তবে হাইপারথাইরয়েডিজম আছে কি না তা নিশ্চিত হওয়া ভালো, কারণ এটি অল্প বয়সী নারীদের মধ্যে এই ধরনের লক্ষণ সৃষ্টি করতে পারে। তাই সিরাম টিএসএইচ (TSH), ফ্রি টি৩ (Free T3) এবং ফ্রি টি৪ (Free T4) পরীক্ষা করান। যদি এই সব রিপোর্ট স্বাভাবিক থাকে, তবে থাইরয়েড রোগ নিয়ে চিন্তার কিছু নেই। কখনও কখনও অনিয়ন্ত্রিত মানসিক চাপ এবং উদ্বেগের কারণেও এমন লক্ষণ দেখা দিতে পারে। তাই তার জন্য একজন মনোরোগ বিশেষজ্ঞের পরামর্শ নিন এবং কাউন্সেলিং সেশন করান। তার জীবনে মানসিক চাপের কারণগুলো চিহ্নিত করার চেষ্টা করুন এবং তার সমাধানের জন্য কাজ শুরু করুন। তার উদ্বেগ নিরসনকারী ওষুধের প্রয়োজন হতে পারে। চিন্তা করবেন না, কাউন্সেলিং সেশন এবং উদ্বেগের মাধ্যমে তিনি সুস্থ হয়ে উঠবেন।"
35952,"হেলো... নাসেনিয়া ডকে পরামর্শের জন্য আপনাকে ধন্যবাদ। চেন্নাই থেকে শুভেচ্ছা। আপনি যা বর্ণনা করেছেন তা থেকে আমার মনে হচ্ছে আপনার শিশুর ভাইরাল অ্যাসোসিয়েটেড হুইজ বা মাল্টি ট্রিগারড হুইজ হতে পারে। আপনার জন্য আমার কিছু প্রশ্ন আছে -প্রশ্নসমূহ। প্রশ্নসমূহ। ১. প্রতি মাসে কত দিন সে কাশি বা শ্বাসকষ্ট অনুভব করে? ২. উপরের লক্ষণগুলোর কারণে প্রতি মাসে কত রাত তার ঘুমের ব্যাঘাত ঘটে? ৩. সে যখন দৌড়াদৌড়ি করে বা অন্য শিশুদের সাথে খেলাধুলা করে, তখন কি সে শ্বাসকষ্ট অনুভব করে? ৪. ঋতু পরিবর্তনের সময় কি এই লক্ষণগুলো দেখা দেয়? ৫. পরিবারে কি হাঁপানি বা ত্বকের অ্যালার্জির মতো অন্য কোনো অ্যালার্জির ইতিহাস আছে? কাশি কি সবসময় জ্বরের সাথে সম্পর্কিত? উপরের প্রশ্নগুলোর উত্তর দিয়ে আমার সাথে যোগাযোগ করতে পারেন। - www.নাসেনিয়া ডক.com/doctors/ নাসেনিয়া ডক।"
71397,"হেলো, আপনার পুরো শরীর যখন চাপের মধ্যে থাকে তখন মাড়ি ফুলে যায়। আমার সন্দেহ হচ্ছে আপনি কোনো ভাইরাসের সংস্পর্শে এসেছেন। ব্যাকটেরিয়াজনিত সংক্রমণও এর একটি কারণ হতে পারে। আপনার নিয়মিত ডেন্টাল কেয়ার রুটিন বাড়ানোর চেষ্টা করুন, যার মধ্যে হালকা ব্রাশ করা, ফ্লস করা এবং ভালোভাবে কুলকুচি করা অন্তর্ভুক্ত। হালকা গরম লবণ পানি বা আপনার পছন্দ অনুযায়ী কুলকুচি করা গ্রহণযোগ্য হবে। ভালো থাকুন, এইচওয়াই নাসেনিয়া ডক। যতক্ষণ না আপনার মুখের উপসর্গগুলো খারাপ হচ্ছে এবং আপনি ভালো বোধ করছেন, ততক্ষণ আমি চিন্তিত হব না। যদি অস্বস্তি অব্যাহত থাকে, তবে একটি ডেন্টাল পরীক্ষার সময় নির্ধারণ করুন এবং পরীক্ষা ও রক্ত পরীক্ষার জন্য আপনার চিকিৎসকের সাথে দেখা করুন। অনেক সিস্টেমিক রোগ আপনার মুখের টিস্যুতে ক্ষতিকর প্রভাব ফেলে। যদি আপনি অস্বস্তি অনুভব করেন এবং তা নিরাময়ে সহায়তা করতে চান, তবে প্রদাহরোধী ওষুধ সেবনের পরামর্শ দেওয়া হচ্ছে। আপনার অনুসন্ধানের জন্য ধন্যবাদ এবং আশা করি আপনি শীঘ্রই সুস্থ হয়ে উঠবেন।"
16403,"হেলো প্রিয়, ২৩ তারিখে আপনার যে স্পটিং হয়েছিল তা ডিম্বস্ফোটন স্পটিং বলে মনে হচ্ছে, যা মিটেলশমারজ নামেও পরিচিত। আপনার পিরিয়ড মাত্র ৪ দিন শেষ হয়েছে। প্রস্রাবের মাধ্যমে প্রেগন্যান্সি টেস্ট করলে ভুল নেগেটিভ ফলাফল আসতে পারে। পিরিয়ড মিস হওয়ার ৮-১০ দিন পর এই পরীক্ষাগুলো বেশি নির্ভরযোগ্য। তাই আপনি এক সপ্তাহ পর পুনরায় পরীক্ষাটি করতে পারেন। আপনার বিটা এইচসিজি (beta hCG) পরীক্ষা করার আরেকটি বিকল্প আছে। এই পরীক্ষাটি পিরিয়ড মিস হওয়ার কয়েক দিন আগেও নির্ভরযোগ্য ফলাফল দেয়। পিরিয়ড মিস হওয়ার দশ থেকে পনেরো দিন পর গর্ভাবস্থার অন্যান্য সমস্ত লক্ষণ দেখা দেয়। তাই, এই লক্ষণগুলোর দিকে যাবেন না। নির্ভরযোগ্য পরীক্ষার মাধ্যমে গর্ভাবস্থা নির্ণয় করুন। যদি আপনি গর্ভবতী না হন এবং তবুও মাসিক না হয়, তবে আপনি ৫ দিনের জন্য ডেভিলরি ট্যাবলেট খেতে পারেন, ৪-৭ দিন পর আপনি ডাক্তারের সাথে কথা বলতে পারবেন। আশা করি এটি আপনাকে সাহায্য করবে।"
69542,"হেলো, আপনি কেমন আছেন? পিওডি (পলিসিস্টিক ওভারি), এটি একটি জন্মগত অবস্থা, আমি বলতে চাচ্ছি এটি একটি বংশগত প্রক্রিয়া, আপনি এটি আপনার বাবা-মায়ের কাছ থেকে পেয়ে থাকেন। যখন আপনি হঠাৎ ওজন বাড়ান, তখন এই কোলেস্টেরল ইস্ট্রোজেন হরমোনে রূপান্তরিত হয় (যদি আমি অনুকরণ করতে পারি - আপনি কি স্থূল পুরুষদের স্তন বিকশিত হতে দেখেছেন এবং অল্প বয়সে স্থূল মেয়েদের ক্ষেত্রে, যাদের পিরিয়ড কম হয় - তাদের সবারই উচ্চ মাত্রার ইস্ট্রোজেন হরমোন বা নারী হরমোন থাকে)। আপনার শরীরেও যখন চর্বি থাকে, যা এই ভারসাম্যের চেয়ে বেশি ভারসাম্যের দোকানে পরিণত হয়। এফএসএইচ (মস্তিষ্ক থেকে) এবং ডিম্বাশয়ের হরমোনের মধ্যে। এফএসএইচ (ফলিকল স্টিমুলেটিং হরমোন) নামে ডিম্বাশয় থেকে ফলিকলকে উদ্দীপিত করে, কিন্তু ফলিকল ডিম্বস্ফোটনের জন্য যথেষ্ট বড় হলে, ডিম্বাশয় থেকে আসা একই ইস্ট্রোজেন হরমোন দ্বারা এফএসএইচ দমন করা হয়। কিন্তু যখন একই ইস্ট্রোজেন হরমোন চর্বি থেকে আসে, তখন মস্তিষ্ক বিভ্রান্ত হয়ে পড়ে এবং ফলিকলের বৃদ্ধি ছোট ফলিকলের আকারে দ্রুত বন্ধ হয়ে যায় এবং ফেটে যায় না। পরবর্তী স্ক্যানে আপনি এই সমস্ত ফলিকলগুলোকে পলিসিস্টিক ওভারি হিসেবে দেখতে পাবেন! এটি সাধারণত স্থূলতা, অনিয়মিত চক্র, কয়েক মাস পিরিয়ড না হওয়া এবং পরবর্তীতে অতিরিক্ত রক্তপাত ও মাংসপিণ্ডের সাথে সম্পর্কিত।"
13039,"হেলো, আপনি আপনার নিকটস্থ হাসপাতালে চেক-আপ করাতে পারেন এবং তারা ইতিমধ্যে একটি প্যাকেজ তৈরি করেছে যা আপনার জন্য উপযুক্ত হবে। তবে সাধারণত এই ধরনের প্যাকেজ খুব ব্যয়বহুল হয় এবং যদি এটি কর্পোরেট বা আপনার কর্মসংস্থান কেন্দ্রের মাধ্যমে করা হয়, তবে তারা বিশেষ ছাড়ের হার প্রদান করে। এছাড়া আমি আপনাকে একজন চিকিৎসকের পরামর্শ নেওয়ার এবং সমস্ত পরীক্ষার চেয়ে আপনার জন্য প্রয়োজনীয় পরীক্ষাগুলো করানোর পরামর্শ দিচ্ছি। আশা করি এটি সাহায্য করবে এবং আপনার সন্দেহ দূর করবে, ধন্যবাদ নাসেনিয়া ডক।"
103635,"হেলো, আমি আপনার কেসটি মনোযোগ সহকারে পর্যালোচনা করেছি। আপনার ইতিহাস এবং রিপোর্ট অনুযায়ী, অস্ত্রোপচারের পরবর্তী খাদ্যনালীতে যে পিণ্ডটি ছড়িয়েছে তা হেমাটোমা জমার কারণে হতে পারে। আমি এমআরআই (MRI) এবং প্রয়োজনে আপার জিআই এন্ডোস্কোপি করার পরামর্শ দেব। ডাক্তারের সাথে চ্যাট করুন। আশা করি এটি আপনার প্রশ্নের উত্তর দিয়েছে। আপনার যদি আরও কোনো প্রশ্ন বা ফলো-আপ জিজ্ঞাসা থাকে, তবে আমাদের লিখতে দ্বিধা করবেন না। আমি আপনার প্রশ্নের উত্তর দিতে পেরে খুশি হব। আপনার সুস্বাস্থ্য কামনা করছি। ভালো থাকবেন।"
41610,"হেলো, অনুসন্ধানের জন্য ধন্যবাদ। আপনার সমস্যাটি বেশ কৌতূহলোদ্দীপক এবং আমাকে জানান যে আমি এটি সঠিকভাবে বুঝতে পারছি কিনা। আপনার ফ্যান্টাসি চিন্তা করার অভ্যাস রয়েছে এবং অনেক সময় আপনি আপনার ফ্যান্টাসিতে এতটাই মগ্ন হয়ে পড়েন যে আপনি এই ফ্যান্টাসির সাথে আপনার সমস্যাগুলো এবং আপনার চিন্তাভাবনা শেয়ার করতে শুরু করেন। আপনি এই ফ্যান্টাসি ইমেজ সম্পর্কে সবসময়ই সচেতন। তাই আমার প্রশ্ন হলো, আপনি কি একা? আপনার কি এমন কোনো বন্ধু আছে যাদের কাছে আপনি সহজেই ঘুরতে পারেন, কথা বলতে পারেন, সমস্যাগুলো নিয়ে আলোচনা করতে পারেন? যতক্ষণ না আপনি এই ফ্যান্টাসি ইমেজে বিরক্ত হচ্ছেন, ততক্ষণ এটি কোনো সমস্যা নয়। আপনি একজন মনোবিজ্ঞানী, আপনার স্কুলের শিক্ষক, বাবা বা মা বা এমন কোনো সিনিয়র ব্যক্তির সাথে পরামর্শ করুন যাদের ওপর আপনি আস্থা রাখতে পারেন। আমি নিশ্চিত যে আপনি যত দ্রুত সম্ভব এই সমস্যাগুলো নিয়ে আলোচনা শুরু করলে আপনার অর্ধেক কষ্ট দূর হয়ে যাবে। পরিশেষে, প্যানিক অ্যাটাক থেকে মুক্তি পেতে আপনি যোগব্যায়াম এবং প্রাণায়াম করার চেষ্টা করতে পারেন। আরও সাহায্যের জন্য আমার সাথে যোগাযোগ করুন। শুভকামনা।"
93842,"হেলো, শৈশবের রক্তাল্পতার ইতিহাস এবং কয়েক বছর আগে মাথার একটি অংশে এমআরআই ব্রেইনের সাহায্যে মিনি স্ট্রোকের রোগ নির্ণয়ের পর, এই মুহূর্তে কোনো গুরুতর সমস্যা বলে মনে হচ্ছে না। মিনি স্ট্রোকের সাথে সম্পর্কিত এমআরআই ব্রেইনের ফলাফলগুলো একাধিক ছোট ছোট ল্যাকুনা ইনফার্কট হতে পারে। এই পরিবর্তনগুলো খুব দ্রুত হয় না এবং যদি আপনার কোনো স্নায়বিক সমস্যা যেমন হাত-পায়ের দুর্বলতা, কথা বলা ও দৃষ্টিশক্তির সমস্যা, হাঁটাচলায় সমস্যা ইত্যাদি না থাকে, তবে চিন্তার কোনো কারণ নেই। আপনার এখন ৩ বছর ধরে মাথা ঘোরা এবং মাথা ঘোরার সমস্যার জন্য, আমি আপনাকে একজন ইএনটি (কান, নাক, গলা) বিশেষজ্ঞের পরামর্শ নেওয়ার পরামর্শ দিচ্ছি। এই মুহূর্তে মস্তিষ্কের আর কোনো এমআরআই করার প্রয়োজন নেই। আশা করি এটি আপনাকে সাহায্য করবে।"
103597,"হেলো, আপনার ডিম্বস্ফোটন থেকে ২৭তম দিন পর্যন্ত পিরিয়ড চলছে। এতে প্রজেস্টেরন থাকে এবং এটি ইমপ্লান্টেশন ও গর্ভাবস্থায় সহায়তা করে। যদি আপনার পিরিয়ড প্রত্যাশিত পিরিয়ডের তারিখ থেকে ৭ দিনের বেশি দেরি হয়, তবে আপনাকে প্রস্রাবের মাধ্যমে প্রেগন্যান্সি টেস্ট করতে হবে। প্রেগন্যান্সি টেস্ট মিস হওয়া পিরিয়ডের প্রথম ৭ দিনের মধ্যে ভুল নেগেটিভ ফলাফল দিতে পারে। আমি আপনাকে পিরিয়ডের জন্য অপেক্ষা করার পরামর্শ দেব। যদি পিরিয়ড ৭ দিনের বেশি দেরি হয়, তবে গর্ভাবস্থা নিশ্চিত করতে প্রস্রাবের মাধ্যমে প্রেগন্যান্সি টেস্ট করুন। এই সময়ে, আপনি রক্ত পরীক্ষা করাতে পারেন। এটি পিরিয়ড দেরিতে হওয়ার প্রথম ৭ দিনেও গর্ভাবস্থা শনাক্ত করতে পারে। ইতিমধ্যে, মানসিক চাপ এড়িয়ে চলুন, স্বাস্থ্যকর খাবার খান এবং ডাক্তারের সাথে কথা বলুন। আশা করি এটি আপনাকে সাহায্য করবে। ফলো-আপের প্রয়োজন হলে পুনরায় যোগাযোগ করুন। শুভেচ্ছা।"
37196,"হেলো, আমার উপসর্গগুলো সম্পর্কে আরও জানা প্রয়োজন, যেমন কী কারণে ব্যথা বাড়ে ইত্যাদি। বেশিরভাগ ক্ষেত্রে এটি গ্যাস্ট্রাইটিস এবং রিফ্লাক্স ডিজিজ। আপনার কি পেটের উপরের অংশে ব্যথা, বমি বমি ভাব, পেট ফাঁপা, ঢেকুর ওঠা, খাবার খেলে ব্যথা বেড়ে যাওয়া, গলায় টক জল আসা বা বুকে জ্বালাপোড়া হয়? যদি হয়, তবে তা এই রোগ নির্ণয়কে আরও সমর্থন করে। আপনার চর্বিযুক্ত, তৈলাক্ত এবং উচ্চ ক্যালরিযুক্ত খাবার এড়িয়ে চলা উচিত। খাওয়ার পর বিশ্রাম না নিয়ে কিছুক্ষণ হাঁটাহাঁটি করুন। ভারী খাবারের পরিবর্তে অল্প অল্প করে বারবার খাবার খান। নিয়মিত ঘুমের অভ্যাস করুন এবং মানসিক চাপ এড়িয়ে চলুন। প্রচুর পরিমাণে সবুজ শাকসবজি ও ফলমূল খান। ধূমপান ও মদ্যপান থাকলে তা বর্জন করুন। আপনি চিকিৎসকের পরামর্শ অনুযায়ী ২ সপ্তাহের জন্য প্রতিদিন সকালের নাস্তার আগে একটি করে প্যান ডিএসআর ৪০ মিগ্রা ট্যাবলেট খেতে পারেন। গভীর শ্বাস-প্রশ্বাস এবং কাশির সময় কি এই ব্যথা বাড়ে? যদি বাড়ে, তবে এটি ফুসফুসের আস্তরণ থেকে উদ্ভূত ব্যথা এবং এনএসএআইডি (NSAIDs)-এর চিকিৎসা ও মূল্যায়ন প্রয়োজন।"
67681,"প্রিয় খাবার, আপনি সারা রাত ক্রিম ব্যবহার করতে পারেন। এলসিডি স্ক্রিনসহ বর্তমান কম্পিউটার ইউভি রশ্মি নিঃসরণ করে না, তাই আপনার চিন্তার কিছু নেই। যদি আপনার ত্বক ফটোসেনসিটিভিটি বা ফটোসেনসিটিভিটি সংবেদনশীল হয়, তবে আমরা কিছু ফটোপ্রোটেক্টিভ পদ্ধতির কথা বিবেচনা করতে পারি। যদি বর্তমান চিকিৎসা খুব একটা সাহায্য না করে, তবে চিকিৎসার পদ্ধতির পরিবর্তন সাহায্য করতে পারে। বর্তমান পদ্ধতিতে কেমিক্যাল পিলিং যোগ করা যেতে পারে। আপনি যে পিগমেন্টেশনের কথা উল্লেখ করেছেন, তা কি ফ্রেকলস/সেন্টিমেন্ট নাকি প্লাজমা হিসেবে নির্ণয় করা হয়েছে? উভয়ের পূর্বাভাস ভিন্ন। শুভেচ্ছা, নাসেনিয়া ডক।"
53159,"হেলো, নাসেনিয়া ডক ব্যবহার করার জন্য ধন্যবাদ। শ্বেত রক্তকণিকা শরীরের রোগ প্রতিরোধ ব্যবস্থার একটি অংশ। এগুলো বিভিন্ন কারণে বৃদ্ধি পায়, সাধারণত সংক্রমণ বা প্রদাহের কারণে। ইওসিনোফিল হলো এক ধরণের শ্বেত রক্তকণিকা। এগুলো অ্যালার্জি, হাঁপানি বা পরজীবী সংক্রমণের প্রতি সাড়া দেয়। ইএসআর (ESR) হলো প্রদাহের একটি নির্দেশক, এটি শরীরের যেকোনো দিকের সংক্রমণ বা প্রদাহের উপস্থিতিতে বৃদ্ধি পায়। দীর্ঘস্থায়ী কাশি, ইওসিনোফিল বৃদ্ধি এবং ইএসআর-এর সংমিশ্রণ নির্দেশ করতে পারে যে তার উপসর্গগুলো পোস্ট-নাসাল ড্রিপের সাথে সম্পর্কিত। অন্য একটি সাধারণ কারণ হলো জিইআরডি (GERD)। তিনি নাকের পোস্টের জন্য মূল্যায়ন করতে চাইতে পারেন।"
30244,"নাসেনিয়া ডকে আপনাকে স্বাগতম। ১. এই ধরনের ব্যথা স্নায়ুর জ্বালাপোড়ার কারণে হতে পারে, তবে আপনার বয়সের জন্য আমার মনে হয় না খুব বেশি চিন্তার কিছু আছে। ২. এমন কোনো আঘাত থাকতে পারে যা আপনি লক্ষ্য করেননি। ৩. আপনার জিপি-র সাথে অ্যাপয়েন্টমেন্ট নিন এবং লাম্বার স্পাইনের এপি/ল্যাট এক্স-রে করান, যাতে কোনো স্থূল সমস্যা (হাড়ের সমস্যা - অ্যালাইনমেন্ট) আছে কিনা তা নিশ্চিত হওয়া যায়। ৪. নিশ্চিত করুন যে কোনো অন্তর্নিহিত সিস্টেমিক রোগ নেই। ৫. প্রতিদিন সাধারণ পিঠের ব্যায়াম করুন এবং শুয়ে সমতল বিছানায় ঘুমান। এটি আপনাকে সাহায্য করবে। আশা করি এটি আপনাকে সাহায্য করবে। আপনার সুস্বাস্থ্য কামনা করি। কিছু জিজ্ঞাসা করার আছে? দ্বিধা করবেন না। ধন্যবাদ।"
12052,"আপনার ঘুম না হওয়ার সমস্যাটি গোড়ালি এবং পায়ের ব্যথার কারণে হতে পারে। সারাদিন পরিশ্রমের পর রাতে আপনি এই ব্যথা অনুভব করেন। এর অর্থ হলো আপনি প্রচুর দাঁড়িয়ে এবং হাঁটাচলা করেন, অথবা আপনার জুতো আপনার পায়ের জন্য আরামদায়ক নয়, অথবা আপনার হাড় দুর্বল এবং ভিটামিন ডি ও ক্যালসিয়ামের অভাব রয়েছে। আপনি যেহেতু ভালো ব্র্যান্ডের জুতো ব্যবহার করছেন এবং আপনি আরামদায়ক, তাই এটি কোনো সমস্যা হওয়ার কথা নয়। আপনার দিনের কার্যকলাপ পরীক্ষা করুন, যদি এতে খুব বেশি দাঁড়িয়ে থাকা বা হাঁটার কাজ জড়িত থাকে, তবে আমি এর মধ্যে বিরতি নেওয়ার পরামর্শ দিই অথবা কয়েক দিনের জন্য চাকরি থেকে বিরতি নেওয়ার পরামর্শ দিই। এরপর আপনার হাড়ের শক্তি জানার জন্য হাড়ের খনিজ ঘনত্ব পরীক্ষা করতে হবে এবং ক্যালসিয়াম ও ভিটামিন ডি-এর মাত্রা জানার জন্য রক্ত পরীক্ষাও করতে হবে। যদি এর ঘাটতি থাকে, তবে আপনার ডাক্তারের পরামর্শ অনুযায়ী ক্যালসিয়াম ও ভিটামিন ডি প্রাকৃতিক সাপ্লিমেন্ট গ্রহণ করুন। আমি নিশ্চিত যে এর যেকোনো একটি বা দুটির সমন্বয়ে আপনার সমস্যা হতে পারে এবং সেই অনুযায়ী প্রয়োজনীয় ব্যবস্থা নিতে হবে। আমি আরও পরামর্শ দিচ্ছি যে, ঘুমানোর আগে প্রতিদিন ১৫-২০ মিনিট গরম পানিতে পা ডুবিয়ে রাখুন এবং গরম পানিতে ভেসে থাকুন, যাতে পানি চারপাশ থেকে আপনার পা ও গোড়ালি স্পর্শ করতে পারে। এটি ব্যথা কমাতে এবং ভালো ঘুম পেতে সাহায্য করবে। পরামর্শ মেনে চলুন, আমি নিশ্চিত এটি আপনাকে সাহায্য করবে। তবে যদি না হয়, তবে মনে রাখবেন এখানে আমি কোনো পরীক্ষা ছাড়াই সাধারণ নির্দেশিকা দিয়েছি, তাই সঠিক পরীক্ষার জন্য একজন অর্থোপেডিক ডাক্তারের সাথে পরামর্শ করুন। ভালো থাকবেন।"
97008,"এটি সার্ভিকাল স্পন্ডিলাইটিস। এই অবস্থায় ঘাড়ে স্নায়ুর ওপর চাপ সৃষ্টি হয়, যার ফলে পুরো উপরের অঙ্গে ব্যথা হয়। এর জন্য আপনাকে ঘাড়ের এক্স-রে এবং এমআরআই করাতে হবে। যদি স্নায়ুর ওপর চাপ থাকে, তবে ঘাড়ের পেশি শক্তিশালী করার জন্য আপনাকে ফিজিওথেরাপি শুরু করতে হবে এবং প্রতিদিন একটি করে প্রেগাবালিন এম ট্যাবলেট খেতে হবে। এছাড়া রোলার পরুন এবং খুব উঁচু বালিশ ব্যবহার করা থেকে বিরত থাকুন। আশা করি এই উত্তরটি আপনার কাজে আসবে। আপনার যদি আরও কোনো প্রশ্ন থাকে তবে আমাকে জানাবেন। ধন্যবাদ।"
76513,"নাসেনিয়া ডকে আপনার প্রশ্নের জন্য ধন্যবাদ। আমি আপনার পরিস্থিতি এবং সমস্যাটি বুঝতে পারছি। ব্রঙ্কাইটিস বেড়ে যাওয়ার সবচেয়ে সাধারণ কারণ হলো সংক্রমণ। ব্রঙ্কোস্পাজমের চিকিৎসা হলো ইনহেলড ব্রঙ্কোডাইলেটর এবং ইনহেলড কর্টিকোস্টেরয়েড। আপনি অ্যান্টিবায়োটিক এবং ইনহেলারসহ সঠিক চিকিৎসা নিচ্ছেন। তাই একই চিকিৎসা চালিয়ে যান এবং অন্তত ৬-৮ দিন অপেক্ষা করুন। ফুসফুসের কার্যকারিতা উন্নত করতে এবং উপসর্গ কমাতে আপনার গভীর শ্বাস-প্রশ্বাসের ব্যায়াম এবং চেস্ট ফিজিওথেরাপি শুরু করা উচিত। তাই এই চিকিৎসা বন্ধ করবেন না, আরও কয়েক দিন অপেক্ষা করুন এবং চেস্ট ফিজিওথেরাপি ও গভীর শ্বাস-প্রশ্বাসের ব্যায়াম শুরু করুন। আপনি অবশ্যই সুস্থ হয়ে উঠবেন।"
8969,"হেলো, আপনার ঘাড় এবং হাতে খুব চুলকানির কারণে এটি কোলিনার্জিক আর্টিকেরিয়া হতে পারে এবং উচ্চ মাত্রার দীর্ঘমেয়াদী অ্যান্টিহিস্টামিন সাহায্য করবে। জ্বর, জয়েন্টে ব্যথা এবং র‍্যাশ যা অদৃশ্য হয় না কিন্তু ক্ষত বা ক্ষতের মতো দেখায়, তা ভাস্কুলাইটিস (রক্তনালীর প্রদাহ) নয় তা নিশ্চিত করার জন্য আরও পরীক্ষা-নিরীক্ষা প্রয়োজন। তবে, শুধুমাত্র জ্বর এই অবস্থার ইঙ্গিত দেয় না এবং ভাইরাল সংক্রমণ যা চুলকানিযুক্ত র‍্যাশ শুরু করে তা সাধারণত এর সবচেয়ে সম্ভাব্য কারণ। যদি জ্বর অব্যাহত থাকে, তবে নিশ্চিত করুন যে সংক্রমণটি ধরা পড়েছে এবং আপনি সঠিক অ্যান্টিমাইক্রোবিয়াল ওষুধ খাচ্ছেন, তবে র‍্যাশ ভালো না হওয়া পর্যন্ত ২ সপ্তাহ অ্যান্টিহিস্টামিন চালিয়ে যান এবং তারপর অ্যান্টিহিস্টামিন ট্যাবলেট বন্ধ করুন। ধন্যবাদ।"
1939,"হেলো! নাসেনিয়া ডকে আপনার প্রশ্নটি করার জন্য ধন্যবাদ। আমি একজন গ্যাস্ট্রোএন্টেরোলজিস্ট (ডিএম)। ফ্যাটি লিভার রোগের অনেক কারণ থাকতে পারে, যেমন হেপাটাইটিস বি/সি, বিপাকীয় ব্যাধি, অটোইমিউন ডিসঅর্ডার, অ্যালকোহল বা নাসেনিয়া ডক। তাই এর জন্য আপনার মূল্যায়ন এবং তারপর যথাযথ চিকিৎসা প্রয়োজন। তাই আমি আপনাকে মূল্যায়নের জন্য একজন গ্যাস্ট্রোএন্টেরোলজিস্টের সাথে দেখা করার পরামর্শ দেব। ইতিমধ্যে"
103373,"হেলো ওয়েন, আমাদের সাথে যোগাযোগ করার জন্য ধন্যবাদ। আপনি যে সমস্যায় ভুগছেন তা আর্টিকেরিয়া, টিনিয়া কর্পোরিস ইত্যাদি হতে পারে। আপনার ক্ষেত্রে যেমনটি ঘটেছে, কিছু খাবার খাওয়ার পর এমনটা হতে পারে। রোগ নির্ণয়ের জন্য কেওএইচ (KOH) স্ক্র্যাপিং এবং প্যাচ টেস্টের প্রয়োজন হতে পারে। আপনার ক্ষেত্রে পিৎজা, আনারসের মতো নির্দিষ্ট খাবার এড়িয়ে চলা সহায়ক হবে। অ্যালার্জির জন্য প্যাচ এবং প্রিক টেস্ট অ্যালার্জেনগুলো জানতে সাহায্য করবে। সঠিক রোগ নির্ণয় এবং চিকিৎসার জন্য আপনার জিপি (GP) বা চর্মরোগ বিশেষজ্ঞের সাথে দেখা করার কথা বিবেচনা করুন। চুলকানির জন্য ডাক্তারের কাছে যাওয়ার আগ পর্যন্ত জাইরটেক (Zyrtec) ট্যাবলেট খেতে পারেন। আশা করি এটি সাহায্য করবে। শুভেচ্ছা, এমডি ডার্মাটোলজি।"
4515,"হেলো, আপনার প্রশ্নটি পোস্ট করার জন্য ধন্যবাদ। আপনি সম্ভবত অ্যাকিউট গ্যাস্ট্রোএন্টেরাইটিসে ভুগছেন। জলীয় ডায়রিয়া না থাকা গ্যাস্ট্রোএন্টেরাইটিসের সম্ভাবনাকে উড়িয়ে দেয় না। আপনার একজন চিকিৎসক বা ইন্টারনাল মেডিসিন বিশেষজ্ঞের সাথে পরামর্শ করা উচিত এবং পুঙ্খানুপুঙ্খ পরীক্ষা করানো উচিত। আপনার সম্পূর্ণ অ্যান্টিবায়োটিক কোর্স (অফলাক্সাসিন এবং টিনিডাজলের নির্দিষ্ট এবং সংমিশ্রণ), প্রোবায়োটিক, অ্যান্টিস্পাসমোডিকস এবং অ্যান্টাসিড ডিএসআর চালিয়ে যাওয়া উচিত। দুধ এবং পনির ও মাখনের মতো সমস্ত দুগ্ধজাত খাবার এড়িয়ে চলুন। দইয়ের সাথে নরম খাবার গ্রহণ করুন। নিজের যত্ন নিন।"
41544,"হেলো, অনুসন্ধানের জন্য ধন্যবাদ। সাধারণত পলিসিস্টিক ওভারি অনিয়মিত ঋতুস্রাব, ডিম্বস্ফোটন, ইনসুলিন রেজিস্ট্যান্স ইত্যাদির মতো সমস্যা সৃষ্টি করে। আপনার ডাক্তার যে ওষুধগুলো দিয়েছেন তাতে মূলত ভিটামিন এবং সাপ্লিমেন্ট রয়েছে যা সাধারণ শক্তি এবং সার দেওয়ার ক্ষমতা বাড়াতে সাহায্য করবে। যেহেতু আপনার সাধারণত ডিম্বস্ফোটন হচ্ছে, তাই আপনার ডাক্তার কোনো ডিম্বস্ফোটন ইনডাকশন দেননি। আদর্শগতভাবে আপনার ওজন প্রায় ৬০ কেজি হওয়া উচিত। তাই ওজন কিছুটা কমিয়ে এবং ডিম্বস্ফোটনের সময় মিলনের পরিকল্পনা করে আপনি গর্ভধারণের সম্ভাবনা বাড়াতে পারেন। নিজের যত্ন নেবেন।"
26523,"হেলো, মাথায় আঘাতপ্রাপ্ত একজন ব্যক্তির অবিলম্বে মনোযোগ এবং হাসপাতালে স্থানান্তর প্রয়োজন। সাধারণত দুর্ঘটনার জন্য প্রাথমিক চিকিৎসা বা এমন কিছুর প্রয়োজন হয়। আমাদের কর্মক্ষেত্রে এটি শেখানো হয়েছে। আপনাকে দেখতে হবে যে ব্যক্তি শ্বাস নিচ্ছেন কি না, তার নাড়ির স্পন্দন পরীক্ষা করুন এবং তাকে আরামদায়ক অবস্থানে রাখুন। পরিষ্কার রাখুন এবং ডাক্তারের সাথে কথা বলুন। রক্তপাত বন্ধ করার জন্য চাপ দিন। এবং রোগীকে যত দ্রুত সম্ভব নিকটস্থ হাসপাতালে, অথবা মাথায় আঘাত বা গুরুতর দুর্ঘটনার ক্ষেত্রে আইসিইউ সুবিধাযুক্ত হাসপাতালে স্থানান্তর করুন।"
54521,"প্রথমত, এর মধ্যে ভিটামিন বি১২-এর ঘাটতি এবং ওরাল ক্যান্সারের কোনো সম্পর্ক নেই। ঘটনাক্রমে আপনার ভিটামিন বি১২-এর ঘাটতি এবং ওরাল আলসার হয়েছে। এটি ভালো যে আপনার ওরাল আলসার সেরে গেছে। যদি এটি সেরে না ওঠে বা আকারে বড় হয়, তবে আপনাকে বায়োপসি করাতে হবে। তবে মনে রাখবেন, সব ওরাল আলসার ক্যান্সার নয়। আমরা নিরাপদ থাকার জন্য বায়োপসি করি। ওরাল আলসারের অনেক কারণ রয়েছে, যার মধ্যে সাধারণ আলসার থেকে লাইকেন প্ল্যানাস অন্তর্ভুক্ত।"
53025,"হেলো, আমাদের সাইটে আপনাকে স্বাগতম। আমি নাসেনিয়া ডক, এমডি। আপনার প্রশ্নটি পড়েছি। এটি একটি অত্যন্ত গুরুত্বপূর্ণ প্রশ্ন এবং আমি আপনার সমস্যার বিষয়টি বুঝতে পারছি। আমি আপনার সব প্রশ্নের উত্তর দেওয়ার জন্য আমার সর্বোচ্চ চেষ্টা করব। এই লক্ষণগুলোর পেছনে দুটি সম্ভাব্য কারণ থাকতে পারে। একটি হলো এই সম্ভাবনা যে সংক্রমণটি সম্ভবত আপনার জেনিটোরিনারি ট্র্যাক্টের সাথে সম্পর্কিত এবং এই ট্র্যাক্টের সংক্রমণের কারণেই আপনার পিঠে ব্যথা হচ্ছে, যা অনেক স্ত্রীরোগ সংক্রান্ত সমস্যার সৃষ্টি করে। অন্য সম্ভাবনাটি হলো সংক্রমণটি মূত্রনালীতে ছড়িয়ে পড়েছে, যার ফলে মূত্রাশয়ের উপরের অংশগুলো প্রভাবিত হয়েছে। আমি প্রস্রাবের কালচার করার পরামর্শ দেব যাতে সঠিক অ্যান্টিবায়োটিক প্রেসক্রাইব করা যায় এবং ব্যথার স্থানীয় উৎস খুঁজে বের করার জন্য একটি এমআরআই/ইউএসজি করার পরামর্শ দেব। আশা করি এটি আপনাকে সাহায্য করবে। উপরে উল্লিখিত রিপোর্টগুলো বা অন্য কোনো রিপোর্ট থাকলে জানান, যাতে আমি আপনাকে আরও সাহায্য করতে পারি। আপনার দেওয়া তথ্যের ভিত্তিতে আমি সর্বোচ্চ উত্তর দেওয়ার চেষ্টা করেছি। পরীক্ষার ফলাফলগুলো আমার উত্তরকে আরও সুনির্দিষ্ট করতে পারে। অনুগ্রহ করে বুঝবেন যে বিস্তারিত ইতিহাস এবং পরীক্ষার মাধ্যমে আরও কিছু তথ্য পাওয়া সম্ভব। নির্দ্বিধায় অন্য কোনো প্রশ্ন করতে পারেন। আমি আপনাকে সাহায্য করতে পারলে খুশি হব। আপনার পরবর্তী প্রশ্নের অপেক্ষায় রইলাম যাতে আমি আপনাকে আরও সাহায্য করতে পারি। (এই উত্তরটি আপনাকে সাহায্য করেছে, অনুগ্রহ করে তা জানান) শুভকামনা।"
8798,"হেলো এবং নাসেনিয়া ডক ব্যবহার করার জন্য আপনাকে ধন্যবাদ। আমি আপনার প্রশ্নটি মনোযোগ সহকারে পড়েছি এবং আপনার উদ্বেগ বুঝতে পেরেছি। আপনার জানা উচিত যে এই বুক ধড়ফড়ানি হৃদস্পন্দনের সমস্যার সাথে সম্পর্কিত। হৃদপিণ্ডের স্বাভাবিক সাইনাস রিদম থেকে আলাদা কিছু অংশ থেকে কিছু বৈদ্যুতিক সংকেত উৎপন্ন হয়। এগুলো হৃদপিণ্ডের অকাল সংকোচন ঘটায়, যা স্বাভাবিক নয়। আপনি হৃদস্পন্দন মিস হওয়া, উদ্বেগ, গভীর শ্বাস নিতে অসুবিধা এবং বুক ধড়ফড়ানির মতো অনুভব করছেন। এই ছন্দের সমস্যার বিভিন্ন কারণ থাকতে পারে, যেমন সাধারণ মানসিক চাপ, কফি ও অ্যালকোহল গ্রহণ বা রক্তাল্পতা, হাইপারথাইরয়েডিজম, ইলেক্ট্রোলাইট ভারসাম্যহীনতা বা ইস্কেমিক হার্ট ডিজিজের মতো রোগ। আপনি ইতিমধ্যে স্ট্রেস টেস্ট করেছেন এবং এর ফলাফল স্বাভাবিক এসেছে, তাই সক্রিয় ইস্কেমিক হার্ট ডিজিজ আছে কি না তা নিশ্চিত হওয়ার চেয়ে এর ফলাফল ভালো। আমি যদি আপনার চিকিৎসক হতাম, তবে রক্তাল্পতা, হাইপারথাইরয়েডিজম এবং আপনার হৃদস্পন্দনের প্রবণতা ও এই ছন্দের সমস্যাটির ফ্রিকোয়েন্সি মূল্যায়নের জন্য হোল্ডার রিদম মনিটরিং করার পরামর্শ দিতাম। শুধুমাত্র এর পরেই আমরা বুঝতে পারব যে আমরা কীসের সাথে আচরণ করছি এবং কীভাবে এর চিকিৎসা করছি। যদি আমরা কোনো কারণ খুঁজে বের করতে পারি এবং তার চিকিৎসা করি, তবে সেগুলো দূর হয়ে যেতে পারে। তাই চিন্তা করবেন না, আমি আগে যা উল্লেখ করেছি তা করুন। আশা করি আমি আপনাকে সাহায্য করতে পেরেছি। শুভেচ্ছা, নাসেনিয়া ডক।"
14549,"হেলো, নাসেনিয়া ডককে জিজ্ঞাসা করার জন্য ধন্যবাদ। আপনার বাধ্যতামূলকভাবে ভাত খাওয়ার অভ্যাস রয়েছে। ভোজ্য বা অপ্রয়োজনীয় খাবার গ্রহণকে পিকা বলা হয়। এটি একটি মানসিক ব্যাধি যা সাধারণত শিশুদের মধ্যে দেখা যায়। পিকা থাকা অনেক ব্যক্তির আয়রনের ঘাটতিজনিত রক্তাল্পতা দেখা দেয়। এই অভ্যাস স্বাস্থ্যের ওপর কোনো গুরুতর প্রভাব ফেলবে না, তবে যেহেতু এটি অত্যন্ত কষ্টদায়ক এবং বিব্রতকর, তাই আপনার চিকিৎসার জন্য একজন মনোরোগ বিশেষজ্ঞের পরামর্শ নেওয়া উচিত। পুষ্টির ঘাটতি থাকলে আয়রন এবং ভিটামিন বি১২ সাপ্লিমেন্ট হলো চিকিৎসার একটি পদ্ধতি। ফ্লুওক্সেটিন একটি এসএসআরআই (SSRI)।"
94817,"হেলো... নাসেনিয়া ডকে পরামর্শের জন্য আপনাকে ধন্যবাদ। শিশুদের ক্ষেত্রে ৯৫ শতাংশ সময় কাশি এবং সর্দি ভাইরালজনিত হয়ে থাকে। সর্দির জন্য আপনি সেটিরিজিনের মতো অ্যান্টি-অ্যালার্জিক ব্যবহার করতে পারেন এবং নাক বন্ধের জন্য স্যালাইন নেজাল ডিকনজেস্ট্যান্ট কার্যকর হবে। জ্বরের জন্য - প্যারাসিটামল ১৫ মিগ্রা/কেজি/ডোজ (সর্বোচ্চ ৫০০ মিগ্রা) হিসেবে প্রতি ৪-৬ ঘণ্টা অন্তর দেওয়া যেতে পারে, তবে তা কেবল জ্বর ১০০ ডিগ্রি ফারেনহাইটের বেশি হলে। আমি জ্বরের জন্য কোনো মিশ্র ওষুধ, বিশেষ করে প্যারাসিটামলের সাথে অন্য ওষুধ ব্যবহার না করার পরামর্শ দিচ্ছি। সর্দির জন্য আপনি সেটিরিজিন ০.২৫ মিগ্রা/কেজি/ডোজ হিসেবে প্রতি ১২ ঘণ্টা অন্তর ৩ দিন ব্যবহার করতে পারেন। নাক বন্ধের জন্য সাধারণ স্যালাইন নেজাল ড্রপ ব্যবহার করুন।"
24575,"নাসেনিয়া ডকে আপনার প্রশ্নের জন্য ধন্যবাদ। আমি আপনার উদ্বেগ বুঝতে পারছি। আপনার ডিসফ্যাজিয়া (গিলতে গিয়ে বুকে ব্যথা) হচ্ছে। ডিসফ্যাজিয়ার সাধারণ কারণগুলো হলো জিইআরডি (গ্যাস্ট্রোইসোফেজিয়াল রিফ্লাক্স ডিজিজ), খাদ্যনালী, খাদ্যনালী, আন্দালুসিয়া কার্ডিয়া ইত্যাদি। তাই আপনার উপসর্গগুলো নির্ণয়ের জন্য একজন গ্যাস্ট্রোএন্টেরোলজিস্টের সাথে পরামর্শ করা এবং আপার জিআই (গ্যাস্ট্রোইনটেস্টাইনাল) পরীক্ষা করানো ভালো। গরম এবং মশলাদার খাবার এড়িয়ে চলাই ভালো। খালি পেটে প্যান্টোপ্রাজল ট্যাবলেট সেবন করুন। রোগ নির্ণয়ের ওপর ভিত্তি করে পরবর্তী চিকিৎসার নির্দেশনা দেওয়া হবে। তাই গ্যাস্ট্রোএন্টারোলজিস্টের মাধ্যমে প্রথমে রোগ নির্ণয় করুন এবং তারপর উপযুক্ত চিকিৎসা শুরু করুন। আশা করি আমি আপনার প্রশ্নের সমাধান করতে পেরেছি। আপনাকে আরও সাহায্য করতে পারলে আমি খুশি হব। আপনার সুস্বাস্থ্য কামনা করি। ধন্যবাদ।"
18907,"হেলো, এখন পর্যন্ত আপনার প্রশ্নটি ইতিহাস নিয়ে কিছুটা বেশি চিন্তিত এবং চূড়ান্ত রোগ নির্ণয়ের জন্য পরীক্ষার প্রয়োজন হতে পারে। প্রদত্ত তথ্য (বয়স, পেশা, অতিরিক্ত ওজন) বিবেচনা করলে মনে হচ্ছে আপনার ডিপ ভেইন থ্রম্বোসিস এবং এর ফলে পালমোনারি এমবোলিজমের ঝুঁকি রয়েছে। কখনও কখনও, পালমোনারি এমবোলিজমের ছোট এবং ক্ষণস্থায়ী পর্বগুলো অলক্ষ্যে থেকে যেতে পারে। তবুও এটি সেখানে থাকতে পারে এবং ডি-ডাইমারের মাত্রা বেড়ে যাওয়ার মাধ্যমে তা প্রমাণিত হতে পারে। তাই এই মুহূর্তে আমার পরামর্শ হলো এই ল্যাব রিপোর্টগুলোকে উপেক্ষা না করে আপনার নিকটস্থ একজন ক্লটিং বিশেষজ্ঞ বা হেমাটোলজিস্টের সাথে পরামর্শ করুন এবং কোনো গুরুতর রোগ আছে কি না তা নিশ্চিত করতে নিজেকে পুঙ্খানুপুঙ্খভাবে মূল্যায়ন ও পরীক্ষা করান এবং কোনো কিছু ধরা পড়লে যত দ্রুত সম্ভব চিকিৎসা নিন। আশা করি আমি আপনার প্রশ্নের উত্তর দিতে পেরেছি। আমি আপনাকে আরও কোনোভাবে সাহায্য করতে পারি কি না তা জানাবেন।"
34598,"হেলো, ১. মেলোক্সিকাম মেটফরমিনের সাথে একসাথে সেবন করলে ল্যাকটিক অ্যাসিডোসিস নামক একটি গুরুতর অবস্থার ঝুঁকি থাকতে পারে। ২. ডিলেশন, সিনথ্রয়েড এবং লিপিটর একসাথে সেবন করলে যথাক্রমে খিঁচুনি, হাইপোথাইরয়েডিজম এবং উচ্চ কোলেস্টেরলের মাত্রা নিয়ন্ত্রণে এগুলোর থেরাপিউটিক প্রভাব কমে যায়। ৩. একসাথে সেবন করলে সিনথ্রয়েড, লিপিটর এবং মেটফরমিনের থেরাপিউটিক প্রভাবও কমে যেতে পারে। ৪. মেলোক্সিকাম একসাথে সেবন করলে তা ডিভানের রক্তচাপ কমানোর প্রভাবও কমিয়ে দিতে পারে। সিনথ্রয়েড সবসময় সকালের নাস্তার এক ঘণ্টা আগে খালি পেটে খাওয়া উচিত। আশা করি আমি আপনার প্রশ্নের উত্তর দিতে পেরেছি। আমি আপনাকে আরও কোনোভাবে সাহায্য করতে পারি কিনা তা জানাবেন।"
57985,"হেলো এবং নাসেনিয়া ডক ফোরামে আপনাকে স্বাগতম। আমি আপনাকে জানাতে চাই যে অ্যামোক্সিসিলিন সেবনের পর যদি র‍্যাশ দেখা দেয়, তবে আপনার এটি খাওয়া বন্ধ করা উচিত এবং শীঘ্রই আপনার ডাক্তারের সাথে দেখা করা উচিত। আপাতত আমি আপনাকে অ্যান্টি-অ্যালার্জিক ওষুধ সেবনের পরামর্শ দেব, যা আপনাকে সাময়িক আরাম দেবে। এছাড়া, চুলকানি এবং লালভাব কমাতে আপনি ঠান্ডা সেঁক দিতে পারেন। শীঘ্রই আপনার ডাক্তারের সাথে দেখা করুন। আশা করি আমি আপনার প্রশ্নের উত্তর দিতে পেরেছি। আপনার সুস্বাস্থ্য কামনা করি। ভালো থাকবেন।"
50848,"হেলো, ত্বকের উপরিভাগের র‍্যাশ সাধারণত রিভার্সিবল হাইপারপিগমেন্টেশন সৃষ্টি করে। আমি আপনাকে এক সপ্তাহের জন্য ত্বকের পিগমেন্টেশনের একটি ছবি তোলার পরামর্শ দেব। যদি আপনি ধীরে ধীরে পিগমেন্টেশনের উন্নতি লক্ষ্য করেন, তবে আপনার ব্লিচিং ক্রিমের প্রয়োজন নাও হতে পারে। তবে, যদি আপনি পিগমেন্টেশনের কোনো দৃশ্যমান উন্নতি লক্ষ্য না করেন, তবে চিকিৎসার বিকল্পগুলো নিয়ে আলোচনার জন্য অবশ্যই আপনার চর্মরোগ বিশেষজ্ঞের সাথে পরামর্শ করা উচিত। আশা করি আমি আপনার প্রশ্নের উত্তর দিতে পেরেছি। আমি আপনাকে আরও কোনোভাবে সাহায্য করতে পারি কিনা তা জানাবেন।"
4274,"নাসেনিয়া ডকে আপনাকে স্বাগতম। আমি নাসেনিয়া ডক এবং আমি আপনাকে আপনার সমস্যার বিষয়ে সাহায্য করব। আমি আপনার প্রশ্নটি দেখেছি। আপনার বগলে ফোলাভাব রয়েছে এবং আপনি চিন্তিত যে এটি স্তন বা অন্য কোনো কার্সিনোমা হতে পারে। সমস্যাটি আরও ভালোভাবে বোঝার জন্য আমার কিছু প্রশ্নের উত্তর প্রয়োজন - ফোলাটির সঠিক স্থান কোথায়? - আপনি কীভাবে এটি প্রথম লক্ষ্য করেছিলেন? - এটি আপনাকে কীভাবে বিরক্ত করছে? - এটি কি শক্ত নাকি নড়াচড়া করছে? - এর ওপর কি চামড়া চিমটি কাটা হয়েছে? - ফোলাটির ঘনত্ব কেমন? এটি কি নরম, শক্ত নাকি শক্ত? প্রাপ্ত তথ্যের ভিত্তিতে এবং ব্রেস্ট ক্যা স্ক্রিনিং নেগেটিভ হলে এই ফোলাভাব সম্ভবত লিম্ফ নোড বৃদ্ধি এবং সেবাসিয়াস সিস্টের কারণে লিপোমা হতে পারে। এগুলোর মধ্যে পার্থক্য করার জন্য আল্ট্রাসনোগ্রাফি গুরুত্বপূর্ণ ভূমিকা পালন করতে পারে। ছোট লিপোমা এবং সেবাসিয়াস সিস্টের ক্ষেত্রে কোনো হস্তক্ষেপের প্রয়োজন হয় না, কারণ লিম্ফ নোড বড় হওয়ার জন্য একটি কারণ প্রয়োজন, যা অনেক দূরে দেখা উচিত। অপসারণ করা নমুনার হিস্টোপ্যাথলজির মাধ্যমে এক্সিশনাল বায়োপসি সমস্ত সন্দেহ দূর করবে এবং আমাদের টিস্যুর রোগ নির্ণয়ে সাহায্য করবে। আশা করি আমার উত্তরটি আপনাকে সাহায্য করবে। আপনি যদি এটি পছন্দ করেন, তবে রেটিং দিন। শুভেচ্ছা।"
38457,"হেলো... আপনি যা বলছেন তা থেকে আমার মনে হচ্ছে তার সার্ভিকাল অ্যাডেনোপ্যাথি হয়েছে, যা এই ধরনের কাশি এবং সর্দির ক্ষেত্রে খুব সাধারণ। উচ্চ তাপমাত্রা ভাইরাল রোগের কারণে হয়, যা শিশুদের কাশি এবং সর্দির সবচেয়ে সাধারণ কারণ। যতক্ষণ না শিশুটি তীব্র শ্বাসকষ্ট বা ঘাড়ের অংশে ফোলা বা লাল হয়ে যাওয়া জায়গায় তীব্র ব্যথা অনুভব করছে, যার অর্থ লিম্ফ নোডটি দ্বিতীয়বার সংক্রমিত হয়েছে। আপনার তাকে জরুরি বিভাগে নিয়ে যাওয়ার প্রয়োজন নেই এবং শিশু বিশেষজ্ঞের অ্যাপয়েন্টমেন্ট পর্যন্ত অপেক্ষা করতে পারেন। শুভেচ্ছা -"
53333,"হেলো, নাসেনিয়া ডকের সাথে পরামর্শ করার জন্য আপনাকে স্বাগতম এবং ধন্যবাদ। আমি আপনার প্রশ্নটি দেখেছি, চিন্তা করবেন না, আপনার নিচের দাঁতে ব্যথা হচ্ছে। এটি ক্ষয়জনিত বা পেরিওডন্টাল সমস্যার কারণে হতে পারে। যদি এটি ক্যারিসের কারণে হয়, তবে দাঁতের গোড়ায় গর্ত তৈরি হতে পারে। পেরিঅ্যাপিক্যাল অ্যাবসেস বা পেরিওডন্টাল সমস্যার কারণেও আপনি কাঁপুনি দিয়ে ব্যথা অনুভব করতে পারেন। আপনার একজন ডেন্টিস্টের সাথে পরামর্শ করা উচিত এবং সঠিক পরীক্ষা (IOWA) করানো উচিত। এক্স-রে করানো উচিত এবং রুট ক্যানেল চিকিৎসা বা স্কেলিং ও রুট প্ল্যানিং সঠিকভাবে করা উচিত। দিনে দুই-তিনবার হালকা গরম লবণ পানি দিয়ে কুলকুচি করুন, এতে আপনি আরাম পাবেন এবং ওষুধ সেবন করলে আপনি আরাম পাবেন। আপনার ডেন্টিস্ট আপনাকে চিকিৎসার জন্য সাহায্য করবেন। আশা করি এটি আপনাকে সাহায্য করবে। আপনার সুস্বাস্থ্য কামনা করছি।"
11541,"হেলো। যেহেতু আপনি সমস্ত পরীক্ষা করিয়েছেন, তাই মশার কামড়ের কারণে ম্যালেরিয়ার কারণে তীব্র পেটে ব্যথা এবং পেট ফাঁপা হতে পারে। একে অ্যাসিড ম্যালেরিয়া বলা হয় এবং এটি ফ্যালসিপেরাম ধরনের ম্যালেরিয়া বলে মনে হচ্ছে। স্লাইড এবং অ্যান্টিজেন পদ্ধতিতে ম্যালেরিয়া পরীক্ষা করান, যদি পজিটিভ হয় তবে সেই অনুযায়ী চিকিৎসা করা হয়। পেট ফাঁপা এবং ব্যথার আরেকটি কারণ হতে পারে গ্যাস্ট্রোএন্টেরাইটিস, টাইফয়েড, উদ্বেগ, খাবার ও পানীয়ের কোনো নির্দিষ্ট জিনিসের প্রতি অ্যালার্জি। এগুলোও খেয়াল রাখুন। প্রয়োজনে অন্য কোনো ডাক্তারের কাছ থেকে দ্বিতীয় মতামত নিন।"
41954,"হেলো, নাসেনিয়া ডকে লেখার জন্য ধন্যবাদ। ফার্টোমিড হলো ডিম্বস্ফোটন ঘটানোর একটি মাধ্যম। এর অর্থ হলো এটি আপনার ফলিকলগুলোকে সঠিকভাবে বৃদ্ধি পেতে এবং পরিপক্ক হতে সাহায্য করে। এটি একাধিক ফলিকল বৃদ্ধি করে। এটি গর্ভধারণের সম্ভাবনা বাড়িয়ে দেয়। আমি আপনাকে ফলিকুলার স্টাডি করার পরামর্শ দিচ্ছি, যা আপনাকে জানাবে যে আপনার ডিম্বস্ফোটন সঠিকভাবে হচ্ছে কি না। যদি আপনার ডিম্বস্ফোটন সঠিক হয়, তবে আপনি ফাটিমিডের মিনিম ৩ সাইকেল চালিয়ে যেতে পারেন। যদি ফাটিমিডে পর্যাপ্ত সাড়া না পাওয়া যায়, তবে আপনাকে তার সাথে এফএসএইচ (FSH) যোগ করতে হবে। তবে যখনই আপনি ফার্টিলিটি ট্যাবলেট গ্রহণ করেন, তখন ফলিকুলার স্টাডি করা আবশ্যক। যদি আপনার ফলিকলের আকার ১৯ মিমি-এর বেশি হয়, তবে আমি আপনাকে নাসেনিয়া ডকের সাথে আলোচনা করার বা গর্বিত হওয়ার পরামর্শ দেব। আমি আশা করি এটি আপনাকে গর্ভবতী করতে সাহায্য করবে। তবে যদি এটি ব্যর্থ হয়, তবে আপনাকে টিউবাল প্যাটেন্সি পরীক্ষা করতে হবে। আরও একটি বিষয় আমি পরামর্শ দিতে চাই যে আপনি যদি এখনও হরমোন পরীক্ষা না করিয়ে থাকেন, তবে থাইরয়েড প্রোফাইল, সিরাম প্রোল্যাকটিন, এফএসএইচ এবং এলএইচ পরীক্ষা করাতে হবে। আশা করি আমি সাহায্য করতে পেরেছি। শুভেচ্ছা, নাসেনিয়া ডক।"
24422,"হেলো, প্রিয়। আমি আপনার প্রশ্নটি দেখেছি। আমি আপনার উদ্বেগ বুঝতে পারছি। আপনার কলার বোনের উপরের চাকাটি সম্ভবত সুপ্রাক্লাভিকুলার লিম্ফ নোড বড় হয়ে গেছে। এটি রিঅ্যাক্টিভ হাইপারপ্লাসিয়ার কারণে হতে পারে অথবা যক্ষ্মা বা লিম্ফোমার মতো অন্য কোনো রোগও হতে পারে। সঠিক রোগ নির্ণয়ের জন্য আপনার ফাইন নিডল অ্যাসপিরেশন সাইটোলজি (FNAC) পরীক্ষা করা উচিত। তারপর সেই অনুযায়ী আপনার চিকিৎসা নেওয়া উচিত। আশা করি আমি আপনার প্রশ্নের উত্তর দিতে পেরেছি, যদি আপনার কোনো সন্দেহ থাকে তবে আমি উত্তর দিতে পেরে খুশি হব। নাসেনিয়া ডক ব্যবহার করার জন্য ধন্যবাদ। আপনার সুস্বাস্থ্য কামনা করি।"
73000,"হেলো, আপনি যদি নিয়মিত আপনার জন্মনিয়ন্ত্রণ পিল সেবন করে থাকেন, তবে গর্ভধারণে কোনো সমস্যা নেই এবং তাই আপনি অনিরাপদ যৌন মিলনে এগিয়ে যেতে পারেন। প্রথমবার জন্মনিয়ন্ত্রণ পিল খাওয়া শুরু করার প্রথম সপ্তাহ থেকেই গর্ভধারণ এড়াতে কনডমের মতো অতিরিক্ত পদ্ধতি ব্যবহার করা উচিত। যেহেতু আপনি অন্তত দুই সাইকেল নিয়মিত আপনার পিল সেবন করছেন, তাই অনিরাপদ যৌন মিলনের মাধ্যমে গর্ভধারণের কোনো সম্ভাবনা নেই। ধন্যবাদ। শুভেচ্ছা।"
96826,"নাসেনিয়া ডকে আপনার প্রশ্নের জন্য ধন্যবাদ। আমার মতে এটি কেবল পেশীর ব্যথা বলে মনে হচ্ছে। তবে যেহেতু এটি বাম দিকের বুকে ব্যথা, তাই আমাদের প্রথমে হৃদরোগ এবং ফুসফুসজনিত কারণগুলো বাদ দিতে হবে। তাই হৃদরোগের কারণ নিশ্চিত করতে অনুগ্রহ করে ১. ইসিজি (ECG) করান। ২. ফুসফুসের সমস্যা যেমন বুকের সংক্রমণ আছে কিনা তা নিশ্চিত করতে বুকের এক্স-রে করান। যদি উপরের দুটি রিপোর্ট স্বাভাবিক থাকে, তবে এটি পেশীর টানের কারণে হতে পারে। তাই নিচের পরামর্শগুলো মেনে চলার চেষ্টা করুন: ১. ভারী ওজন তোলা থেকে বিরত থাকুন। ২. কঠোর ব্যায়াম এড়িয়ে চলুন। ৩. ভালো ব্যথানাশক এবং মাসল রিলাক্স্যান্ট ওষুধ সেবন করুন। ৪. ঘুমের সময় ভুল অঙ্গভঙ্গি এড়িয়ে চলুন। আক্রান্ত অংশের ন্যূনতম নড়াচড়ার জন্য চেস্ট বেল্ট ব্যবহার করুন।"
36648,"হেলো, নাসেনিয়া ডকে আপনাকে স্বাগতম। আমি আপনার প্রশ্নটি দেখেছি। আপনার স্ত্রীর ফলিকুলার স্টাডি সম্পূর্ণ স্বাভাবিক এবং ভালো। ১১তম দিনে বড় ফলিকল ১৫.৪ মিমি এবং শেষ ৭.৯ মিমি ভালো। সাধারণত চক্র ২৯/৩০ তম দিনে শেষ হলে ১৪/১৫তম দিনে ১৮/১৯ মিমি আকারে ফলিকল ফেটে যায়। ফলিকল উদ্দীপিত করার জন্য বন্ধ করার পরামর্শ দেওয়া হয়। তাই এই রিপোর্টগুলো উদ্বেগের বিষয়ে বলতে গেলে, আপনার গর্ভবতী হওয়ার সম্ভাবনা বেশি। নিজের যত্ন নেবেন।"
68044,"হেলো, আমি নাসেনিয়া ডক। আমি আপনার প্রশ্নটি পড়েছি এবং আপনার উদ্বেগগুলো বুঝতে পেরেছি। আমাকে আপনাকে সাহায্য করার সুযোগ দিন। প্রশ্ন হলো। এই ধরনের পরিস্থিতিতে কীভাবে খিঁচুনি প্রতিরোধ করা যায়। উত্তর হলো। খাবার যা দূষিত হওয়ার সম্ভাবনা থাকে তা এড়িয়ে চলাই পেট ফাঁপা প্রতিরোধের সর্বোত্তম উপায়। বিস্কুট ইত্যাদি খাবার খাওয়ার চেষ্টা করুন যা তুলনামূলকভাবে নিরাপদ। যদি এটি করা সম্ভব না হয়, তবে অনুগ্রহ করে পুনরায় ইইজি (EEG) করান এবং এখন পর্যন্ত খিঁচুনির সম্ভাবনা পরীক্ষা করুন। ইইজি-এর ওপর ভিত্তি করে আমরা পরবর্তী সিদ্ধান্ত নিতে পারব। আশা করি আপনি উত্তরটি সহায়ক বলে মনে করেছেন। আপনার যদি কোনো স্পষ্টীকরণের প্রয়োজন হয় / সন্দেহ থাকে / অতিরিক্ত প্রশ্ন থাকে / ফলো-আপ প্রশ্ন থাকে, তবে অনুগ্রহ করে আবার জিজ্ঞাসা করতে দ্বিধা করবেন না। আমি আপনার প্রশ্নের উত্তর দিতে পেরে খুশি হব। আমি আপনাকে আরও কোনোভাবে সাহায্য করতে পারি কিনা তা আমাকে জানান। ভালো থাকবেন।"
100135,"হেলো, নাসেনিয়া ডকে লেখার জন্য ধন্যবাদ। আপনার সমস্যাটি নিশ্চিতভাবেই খুব বেদনাদায়ক এবং আপনাকে অনেক কষ্ট দিচ্ছে, তবে আপনি এখন পর্যন্ত এর জন্য কোনো চিকিৎসা সহায়তা বা চিকিৎসার কথা উল্লেখ করেননি। গিঁট (বা পিণ্ড) এখানে একটি প্রধান উদ্বেগের বিষয়। যেকোনো ধরনের চিকিৎসা শুরু করার আগে এটি ভালোভাবে নির্ণয় করা প্রয়োজন। মেরুদণ্ডের এক্স-রেতে সার্ভিকো-থোরাসিক দেখা যায়, যার জন্য গিঁট (এপি এবং ল্যাট উভয়ই) এবং কিছু রক্ত পরীক্ষা-সিবিসি ও ব্লাড সুগার প্রয়োজন। যদি এই পরীক্ষাগুলোতে কিছু ধরা পড়ে, তবে সেই অনুযায়ী চিকিৎসা করতে হবে। আমাদের অবশ্যই সেই গিঁটের উৎস জানতে হবে। অথবা যদি সমস্ত পরীক্ষা স্বাভাবিক থাকে এবং এটি পেশীজনিত ট্রিগার পয়েন্ট হয়, তবে ফিজিওথেরাপি আপনাকে সাহায্য করতে পারে। আশা করি এটি আপনাকে সাহায্য করবে। আপনার সুস্বাস্থ্য কামনা করি।"
35915,"হেলো, লিসিনোপ্রিল হলো একটি এসিই (ACE) নিরোধক এবং এটি নাসেনিয়া ডক। তবে আমার মতে, এটি একটি কাকতালীয় ঘটনা ছিল যে আপনার স্ট্যাফাইলোকক্কাল সংক্রমণ হয়েছে (যেহেতু এটি এক ধরণের ব্যাকটেরিয়া এবং লিসিনোপ্রিলের মাধ্যমে আপনি কীভাবে ব্যাকটেরিয়া সংক্রমণ পেতে পারেন)। আমার মতে, বারবার সংক্রমণ রোগ প্রতিরোধ ক্ষমতা কমে যাওয়ার কারণে হতে পারে, তাই একজন ইমিউনোলজিস্টের সাথে পরামর্শ করুন এবং তার মতামত নিন। রক্তে কালচারের জন্য দ্বিতীয় পরিমাপটি পাওয়া যায়"
83722,"আপনার উদ্বেগগুলো আমি বুঝতে পেরেছি এবং আপনার বিস্তারিত তথ্যগুলো দেখেছি। আমি আপনাকে খুব বেশি চিন্তা না করার পরামর্শ দিচ্ছি। আপনি যদি সত্যিই এই অবস্থা থেকে বেরিয়ে আসতে চান, তবে এই বিষয়গুলো নিয়ে চিন্তা করা বন্ধ করুন। আপনি জীবনে হতাশ। জীবনে হতাশা স্বাভাবিক এবং অন্য সব মানুষই হতাশ। এই অবস্থা থেকে বেরিয়ে আসা কঠিন নয়। সময় আপনাকে বের করে আনে। এমনকি আপনি যদি খুব বেশি চিন্তা করেন, তবে আপনার দ্রুত বা পরে এই পরিস্থিতি থেকে বেরিয়ে আসা উচিত। আপনি যদি ইতিবাচক চিন্তা করেন, তবে আপনি দ্রুত বেরিয়ে আসবেন। কেবল এই হতাশাজনক চিন্তার কারণে আপনি আপনার রাগ নিয়ন্ত্রণ করতে পারছেন না। আপনার পড়াশোনা, ক্যারিয়ারে মনোযোগ দিন এবং জীবন উপভোগ করুন। এই বিষয়ে যদি আপনার আরও সাহায্যের প্রয়োজন হয়, তবে অনুগ্রহ করে এই ওয়েবসাইটে আমাকে সরাসরি প্রশ্ন করুন। নিশ্চিত করুন যে আপনি প্রতিটি ছোটখাটো বিস্তারিত তথ্য অন্তর্ভুক্ত করেছেন। আমি প্রয়োজনীয় সাইকোথেরাপি কৌশলগুলো লিখে দেব যা আপনার এই অবস্থা থেকে বেরিয়ে আসতে আরও সাহায্য করবে। আশা করি এটি আপনার প্রশ্নের উত্তর দিয়েছে। আরও স্পষ্টীকরণের জন্য আমি আছি। শুভকামনা।"
55659,"হেলো, প্রাথমিক প্ল্যান্টার ফ্যাসাইটিস হওয়ার সম্ভাবনাই সবচেয়ে বেশি। প্ল্যান্টার ফ্যাসাইটিসের জন্য জুতো বা পাদুকা নরম সোলের হওয়া উচিত। আপনি সিলিকন প্যাড ইনসোল ব্যবহার করতে পারেন। পায়ে ঠান্ডা লাগা থেকে বিরত থাকুন। একজন ফিজিওথেরাপিস্টের পরামর্শ নিয়ে প্ল্যান্টার ব্যায়াম শুরু করুন। টেন্স (TENS) এবং আল্ট্রাসাউন্ডের মতো ফিজিওথেরাপি সাহায্য করবে। এর পাশাপাশি ক্যালসিয়াম সাপ্লিমেন্ট গ্রহণ করুন। বিছানা থেকে ওঠার আগে পায়ের ব্যায়াম করুন। আশা করি এটি আপনার প্রশ্নের উত্তর দিয়েছে। আপনার যদি আরও কোনো প্রশ্ন বা ফলো-আপ জিজ্ঞাসা থাকে, তবে আমাদের লিখতে দ্বিধা করবেন না। আমি আপনার প্রশ্নের উত্তর দিতে পেরে খুশি হব। আপনার সুস্বাস্থ্য কামনা করছি। ভালো থাকবেন।"
47847,"আপনার উদ্বেগগুলো আমি বুঝতে পেরেছি এবং আপনার বিস্তারিত তথ্যগুলো দেখেছি। আমি আপনাকে খুব বেশি চিন্তা না করার পরামর্শ দিচ্ছি। আপনার বর্ণনা থেকে আমি এই সিদ্ধান্তে পৌঁছাতে পারি যে আপনার সোশ্যাল অ্যাংজাইটি বা সামাজিক উদ্বেগ রয়েছে। তবে এটি কতটা গভীরে আছে তা খুঁজে বের করা প্রয়োজন। এর জন্য আপনাকে একজন ক্লিনিক্যাল সাইকোলজিস্টের সাথে দেখা করতে হতে পারে, যিনি সাইকোমেট্রিক মূল্যায়ন করবেন। এরপর আমাদের কাছে শুধুমাত্র সোশ্যাল অ্যাংজাইটির জন্য চার্ট করা কগনিটিভ বিহেভিয়ারাল থেরাপি রয়েছে, যা আপনার ওপর প্রয়োগ করা যেতে পারে। সোশ্যাল অ্যাংজাইটির জন্য সিবিটি অত্যন্ত কার্যকর এবং এর সাফল্যের হার প্রায় ৯৫%। আপনি আপনার সমস্ত বিস্তারিত তথ্যসহ এই পোর্টালে সরাসরি প্রশ্ন করতে পারেন, তারপর আমি কিছু সিবিটি পদ্ধতি এবং ব্যায়াম লিখে দেব, যা আমি নিশ্চিত যে আপনি সুস্থ হয়ে উঠবেন। সিবিটি পদ্ধতিগুলো অনুশীলন করাও সহজ। আশা করি এটি আপনার প্রশ্নের উত্তর দিয়েছে। আরও স্পষ্টীকরণের জন্য আমি আছি। শুভকামনা।"
44595,"হেলো, একটি বিস্তারিত ক্লিনিকাল পরীক্ষা উপরে উল্লিখিত লক্ষণগুলোর কারণ শনাক্ত করতে সাহায্য করবে। প্রাপ্ত তথ্যের ভিত্তিতে, আমার মনে হয় এটি মেরুদণ্ডের কোনো সমস্যা হতে পারে, যেখানে ডিস্ক প্রোল্যাপসের কারণে সেকেন্ডারি ডিস্ক প্রোল্যাপসের সময় স্নায়ুমূল বা স্নায়ুমূল ক্ষতিগ্রস্ত হতে পারে। তবে, ক্লিনিকাল পরীক্ষা এবং আরও তদন্তের পরেই সঠিক কারণটি নিশ্চিত করা সম্ভব। আশা করি আমি আপনার প্রশ্নের উত্তর দিতে পেরেছি। আমি আপনাকে আরও কোনোভাবে সাহায্য করতে পারি কিনা তা জানাবেন। ভালো থাকবেন।"
49460,"হেলো, প্রিয়, শুভ সন্ধ্যা। আমার ভার্চুয়াল নাসেনিয়া ডক ক্লিনিকে আপনার অনুসন্ধানের জন্য ধন্যবাদ। আমি আপনার অনুসন্ধানটি গভীরভাবে পর্যালোচনা করেছি। আমার মতে, রোগ নির্ণয় না হওয়া বেকার্স সিস্ট-সায়নোভাইটিস-ট্রমাটিক। তাই হাঁটার সময় বা দৌড়ানোর সময় হাঁটু ফুলে যায়। আমি আপনাকে যত দ্রুত সম্ভব একজন ইআর অর্থো-সার্জনের সাথে দেখা করার এবং তার তত্ত্বাবধানে এর চিকিৎসা নেওয়ার পরামর্শ দেব। আশা করি এটি আপনার উদ্বেগজনক প্রশ্নের সমাধান করবে। আপনার আরও কোনো প্রশ্ন থাকলে স্বাগতম। দিনটি ভালো কাটুক।"
67291,"১. অতিরিক্ত ওজন ডায়াবেটিসের কারণে হতে পারে, আপেক্ষিক ইনসুলিনের ঘাটতি বা স্থূলতার কারণে ডায়াবেটিস হতে পারে, যা ইনসুলিন রেজিস্ট্যান্সের কারণেও হতে পারে। উভয় ক্ষেত্রেই ডায়াবেটিক ডায়েটে ব্যায়ামের পাশাপাশি ডাক্তারের পরামর্শ নিন। ২. চিনি খাবেন না, সব মিষ্টি কেক, বিস্কুট, জ্যাম, মধু, আম, আঙুর খাবেন না। প্রচুর পরিমাণে শাকসবজি, টমেটো, বেগুন, লেডি ফিঙ্গার, ফুলকপি, স্যুপ এবং অঙ্কুরিত ডাল খান। খাবারের সময় ও পরিমাণ নিয়মিত করুন। সপ্তাহে অন্তত ৫ দিন প্রতিদিন ৪৫ মিনিট দ্রুত হাঁটুন। কম চর্বিযুক্ত খাবার।"
27142,"হেলো, অনুসন্ধানের জন্য ধন্যবাদ। এপিফোরা টিয়ার নালীতে ব্লকেজ, সরু টিয়ার নালী যা প্রদাহের কারণে ফুলে যায়, ইনফেকশাস কনজাংটিভাইটিস, অ্যালার্জিক কনজাংটিভাইটিস, ট্রাইকিয়াসিস, ইকট্রোপিয়ন (নিচের চোখের পাতা উপরের দিকে বাঁকানো) এর কারণে হতে পারে। আমি আপনাকে একজন চক্ষু বিশেষজ্ঞ এবং ইএনটি (ENT) বিশেষজ্ঞের সাথে দেখা করার পরামর্শ দিচ্ছি যাতে চোখের জল পড়ার সঠিক কারণ নির্ণয় করা যায়। আক্কেল দাঁতে ব্যথা থাকলে কখনও কখনও আপনার চোখে জল আসতে পারে, তবে চোখের চারপাশে দীর্ঘস্থায়ী জল পড়া সম্ভবত কোনো অ্যালার্জি বা প্রদাহের কারণে হতে পারে। আশা করি এই তথ্য আপনাকে সাহায্য করবে।"
109541,"আপনার উদ্বেগগুলো আমি বুঝতে পারছি। এই সমস্যাটি প্রশিক্ষণের অভাব, নেতিবাচক চিন্তা এবং আত্মবিশ্বাসের অভাবের কারণে হচ্ছে। নিজেকে সোজা রাখুন। আপনি মোটেও কষ্ট পাচ্ছেন না। এটি কেবল একটি আশঙ্কা। এটি একটি মুখ। এই আশঙ্কা কেবল আপনার ধারণা পর্যন্তই সমস্যা। তারপর এটি চলে যায়। আপনি একজন অদ্ভুত ব্যক্তির সাথে একবার বা দুবার কথা বলেন এবং উদ্বেগ দূর হয়ে যায়। তবে, পরবর্তী পরামর্শের জন্য একজন কাউন্সেলরের সাথে যোগাযোগ করুন।"
78475,"হেলো প্রিয়, আপনার উদ্বেগ বুঝতে পারছি। আপনার প্রশ্ন অনুযায়ী আপনার চুল পড়ার লক্ষণ এবং ড্যান নাসেনিয়া ডক রয়েছে। আমি আপনাকে সঠিক পরীক্ষার জন্য একজন চর্মরোগ বিশেষজ্ঞের পরামর্শ নেওয়ার পরামর্শ দেব। ডাক্তার আপনাকে আর্থিক, মিনোক্সিডিল সিরাম, ওমেগা ৩ ফ্যাটি অ্যাসিডের মতো ভিটামিন সাপ্লিমেন্টের মতো ওষুধ দিতে পারেন। পিঠের ব্রণের জন্য আপনার ক্যালামাইন লোশন এবং অ্যালোভেরা জেল ব্যবহার করা উচিত, কারণ এটি চুলকানিও প্রতিরোধ করবে। আশা করি আপনার সমস্যার সমাধান হয়েছে। শুভকামনা।"
16235,"হেলো প্রিয়, নাসেনিয়া ডকে আপনাকে স্বাগতম। আপনার উদ্বেগটি বুঝতে পারছি। আপনার প্রশ্ন অনুযায়ী, আপনার তীব্র পেলভিক ব্যথা হচ্ছে। আপনার উল্লিখিত লক্ষণগুলোর পেছনে এন্ডোমেট্রিওসিস, পেশীর খিঁচুনি, প্রদাহজনিত রোগ, যৌন সংক্রমণ, ফাইব্রয়েড বা ইরিটেবল বাওয়েল সিনড্রোমের মতো অনেক কারণ থাকতে পারে। এটিও সম্ভব যে এই লক্ষণগুলো অস্ত্রোপচারের পরবর্তী জটিলতার কারণে হচ্ছে, তাই সেই কারণটি নিশ্চিত হতে একবার আপনার সার্জনের সাথে পরামর্শ করুন। আমি আপনাকে সঠিক পরীক্ষার জন্য একজন গ্যাস্ট্রোএন্টারোলজিস্টের সাথে পরামর্শ করার পরামর্শ দেব। ডাক্তার আল্ট্রাসাউন্ড, এন্ডোস্কোপি এবং স্টুল টেস্ট করার পরামর্শ দিতে পারেন। ডাক্তার প্রেসক্রিপশন দিতে পারেন"
2374,"হেলো! নাসেনিয়া ডকে আপনাকে স্বাগতম এবং জিজ্ঞাসা করার জন্য ধন্যবাদ! আপনার উদ্বেগের বিষয়ে আমি বলতে চাই যে, স্কোলিওসিস স্পাইনাল কলামের বিকৃতি এমনকি খুব অল্প বয়সে লাম্বার পাংচারের কারণেও হতে পারে না। তবে ভিটামিন ডি বা ক্যালসিয়ামের দীর্ঘস্থায়ী ঘাটতি বা ভুল অঙ্গভঙ্গির কারণেও এই লক্ষণগুলো দেখা দিতে পারে। এই সম্ভাবনাটি বাদ দেওয়ার জন্য আমি ভিটামিন ডি এবং ক্যালসিয়ামের প্লাজমা মাত্রা পরীক্ষা করার পরামর্শ দিচ্ছি। একটি স্পাইনাল কলাম সিটি স্ক্যান আপনার মেরুদণ্ডের গঠন এবং সম্ভাব্য চিকিৎসার বিকল্পগুলো সম্পর্কে আরও তথ্য দিতে সাহায্য করবে। ইতিমধ্যে, আমি আপনার অঙ্গবিন্যাস সংশোধন করার এবং পিঠের পেশি শক্তিশালী করার জন্য প্রচুর শারীরিক কার্যকলাপ করার পরামর্শ দিচ্ছি। আশা করি এই উত্তরটি আপনার কাজে আসবে! শুভকামনা।"
34320,"হেলো, আপনার অনুসন্ধানের জন্য ধন্যবাদ। আপনার লক্ষণগুলো স্নায়ুর ওপর চাপের লক্ষণ বলে মনে হচ্ছে। এই অসাড়তার জন্য আপনি ব্যথানাশক ওষুধ খেতে পারেন এবং প্রয়োজনে গ্যাবাফেন্টিন ট্যাবলেট খেতে পারেন। এটি প্রাকৃতিক চিকিৎসার জন্য একটি শক্তিশালী ব্যথানাশক। আপনার ডাক্তার ওষুধের মাত্রা সম্পর্কে জানবেন। এছাড়া, সার্ভিকাল স্পাইনের এক্স-রে সেখানে কোনো রোগ নির্ণয়ে সাহায্য করতে পারে। তাই, আমি আপনাকে একজন অর্থোপেডিক সার্জনের সাথে দেখা করার এবং রক্তে বি১২-এর মাত্রাসহ যথাযথ পরীক্ষা করানোর পরামর্শ দেব। আমি আশা করি আপনি কিছু সহায়ক তথ্য পেয়েছেন, এবং আমি যেকোনো পরবর্তী প্রশ্নের উত্তর দিতে পারলে খুশি হব। ভালো থাকবেন।"
66013,"প্রিয়, আমাদের পরিষেবা ব্যবহার করার জন্য ধন্যবাদ এবং এই পরিস্থিতির জন্য আমি আপনাকে আমার চিকিৎসা পরামর্শ দেব। আপনার কোনো সংক্রমণজনিত প্রক্রিয়া থাকতে পারে যা পাতলা পায়খানার কারণ হচ্ছে। এর ফলে সোডিয়াম, পটাশিয়াম, ক্যালসিয়াম এবং ম্যাগনেসিয়ামের মতো প্রচুর ইলেক্ট্রোলাইট থাকে, যা ডায়রিয়ার সময় আপনি হারিয়ে যেতে পারেন। পানি পাতলা পায়খানার একটি অংশ, এই সবকিছু বিপাকীয় ভারসাম্যহীনতা তৈরি করবে যা আপনাকে ব্যথা দিতে পারে। আমি আপনাকে আপনার ডাক্তারের সাথে পরামর্শ করার পরামর্শ দিচ্ছি কারণ এই সমস্যাটি এক সপ্তাহের বেশি সময় ধরে চলছে। আপনার সমস্যার কারণ খুঁজে বের করার জন্য আপনার ব্যাকটেরিয়া এবং পরজীবীর জন্য মলের নমুনার প্রয়োজন হতে পারে। আশা করি আমার পরামর্শ আপনার উপকারে আসবে। নাসেনিয়া ডক।"
17081,"হেলো প্রিয়, নাসেনিয়া ডকে আপনাকে স্বাগতম। আপনার উদ্বেগটি বুঝতে পারছি। আপনার প্রশ্ন অনুযায়ী, আপনার কাঁধে ব্যথা, হাতে অসাড়তা এবং মাথা ঘোরার সমস্যা রয়েছে। আপনার উল্লিখিত লক্ষণগুলোর পেছনে অনেক কারণ থাকতে পারে, তবে আপনার ক্ষেত্রে আমার মনে হচ্ছে লক্ষণগুলো সম্ভবত হৃদরোগের সাথে সম্পর্কিত। তাই আমি আপনাকে একজন হৃদরোগ বিশেষজ্ঞের সাথে পরামর্শ করার পরামর্শ দিচ্ছি। ডাক্তার ইসিজি (ECG), টিএমটি (TMT), ট্রপোনিন টি (Troponin T) পরীক্ষা এবং সম্পূর্ণ রক্ত পরীক্ষার পরামর্শ দিতে পারেন। ডাক্তার রক্ত পাতলা করার ওষুধ, ক্যালসিয়াম চ্যানেল ব্লকার এবং ডাইইউরেটিক্স প্রেসক্রাইব করতে পারেন। কখনও কখনও ডাক্তার এনজিওগ্রাফির পরামর্শ দিতে পারেন অথবা হৃদরোগ না থাকলে অর্থোপেডিক সার্জনের কাছে রেফার করতে পারেন। আশা করি আপনার সমস্যার সমাধান হয়েছে। দ্রুত সুস্থ হয়ে উঠুন। শুভকামনা।"
33774,"আপনার উদ্বেগগুলো বুঝতে পেরেছি এবং আপনার বিস্তারিত তথ্যগুলো দেখেছি। ইরেক্টাইল ডিসফাংশন (ED) বলতে কখনও কখনও পুরুষত্বহীনতা বা লিঙ্গোত্থানজনিত অক্ষমতাকে বোঝায়। ইরেক্টাইল ডিসফাংশনের কারণ শারীরিক বা মানসিক হতে পারে। ডায়াবেটিস, প্রোস্টেটের সমস্যা বা হৃদরোগের মতো অনেক শারীরিক অবস্থার কারণেও ইরেক্টাইল ডিসফাংশন হতে পারে। আপনি বলেছেন আপনার পরীক্ষাগুলো ঠিক আছে। যদি এটি সন্তোষজনক হয়, তবে পরবর্তী কারণ হতে পারে মনস্তাত্ত্বিক। ইরেক্টাইল ডিসফাংশনের জন্য কাউন্সেলিং এবং সাইকোথেরাপি (টক থেরাপি এবং সিবিটি) কার্যকর বলে প্রমাণিত। একজন মনোবিজ্ঞানীর সাথে কথা বলুন। অনুগ্রহ করে বুঝুন যে পরিমিত হস্তমৈথুন আপনার স্বাস্থ্যের জন্য ক্ষতিকর নয়। তবে অতিরিক্ত হস্তমৈথুন সবসময় ক্ষতিকর কারণ এতে প্রচুর শক্তি ব্যয় হয়। ব্যায়াম এবং খেলাধুলা, বিনোদনমূলক কার্যকলাপ, শিক্ষা, ক্যারিয়ার, বন্ধু এবং পরিবারের সাথে মিথস্ক্রিয়া আপনাকে হস্তমৈথুন থেকে বিরত থাকতে সাহায্য করে। হস্তমৈথুন নিয়ে দুশ্চিন্তা করাও অস্বাস্থ্যকর। আরও কাউন্সেলিং এবং পরামর্শের জন্য আপনি একজন মনোবিজ্ঞানীর সাথে যোগাযোগ করতে পারেন। এই বিষয়ে আপনার আরও সাহায্যের প্রয়োজন হলে, অনুগ্রহ করে এই ইউআরএলটি ব্যবহার করুন। http"
32360,"হেলো, নাসেনিয়া ডকে জিজ্ঞাসা করার জন্য আপনাকে ধন্যবাদ। আমি আপনার ছেলের মেডিকেল ইতিহাস দেখেছি এবং তার জন্য আমার পরামর্শগুলো নিচে দিচ্ছি। ১. প্রথমে, আমি জানতে চাই যে তার শ্বাসকষ্ট নাকের বাধা বা ব্রঙ্কিয়াল টিউবের সংকোচনের কারণে হচ্ছে কিনা। কারণ দুটির চিকিৎসা ভিন্ন। ২. যেহেতু সে নাক দিয়ে পানি পড়ছে, তাই আমি প্রথমে নাক/উপরের শ্বাসনালীতে বাধার কথা ভাবব। আমি সাধারণত আমার রোগীদের ২-৪ সপ্তাহের জন্য নিয়মিত মন্টিলুকাস্ট + লেভোসেটিরিজিন প্রেসক্রাইব করি। যদি তার শ্বাসকষ্ট হয়, বুক থেকে বাঁশির মতো শব্দ হয় (ঘন ঘন শব্দ) হয়, তবে আমি তাকে প্রয়োজনের ভিত্তিতে ল্যাবেটালল/লেভোসালবুটামল ইনহেলার ব্যবহারের পরামর্শ দেব। নিয়মিত ভাপ নিলে তার নাকের উপসর্গ উন্নত হতে সাহায্য করবে। অ্যালার্জি নির্ণয়ের জন্য, আমি তাকে ঘরের ধুলোবালি, মোল্ড, পরাগ, পোকামাকড়ের প্রোটিন, প্রাণীর খুশকি ইত্যাদির মতো সাধারণ বায়ুবাহিত অ্যালার্জেনের জন্য অ্যালার্জি স্কিন টেস্ট করার পরামর্শ দেব। এটি তাকে অ্যালার্জি সৃষ্টিকারী উপাদানগুলো শনাক্ত করতে এবং সেগুলো এড়িয়ে চলতে সাহায্য করবে। অ্যালার্জি পরীক্ষার ওপর ভিত্তি করে, একজন অ্যালার্জিস্ট-ইমিউনোলজিস্ট তাকে অ্যালার্জেন নির্দিষ্ট ইমিউনোথেরাপিও দিতে পারেন, যা অ্যালার্জির লক্ষণগুলো ধীরে ধীরে উন্নত করতে ইমিউন সিস্টেমে কাজ করে। ৭. সাধারণভাবে, আমি তাকে ধুলো, ধোঁয়া এবং বায়ু দূষণের সংস্পর্শ এড়িয়ে চলার পরামর্শ দেব। নিয়মিত শারীরিক ব্যায়াম, যোগব্যায়াম, প্রাণায়াম এবং শ্বাস-প্রশ্বাসের ব্যায়ামসহ"
8351,"হেলো, প্রথমত, আপনার এসজিপিটি (SGPT) বৃদ্ধি খুব একটা উদ্বেগের বিষয় নয়। এটি সর্বোচ্চ স্বাভাবিক মানের দ্বিগুণও নয়। এসজিপিটি-এর মান সর্বোচ্চ স্বাভাবিক মানের চেয়ে তিন গুণ কম হলে তা গ্রহণযোগ্য বলে বিবেচিত হয়। যেহেতু আপনার ওজন বেশি, তাই আপনার লিভারের আল্ট্রাসাউন্ড করানো উচিত, যা ফ্যাটি লিভারের পরিবর্তনগুলো প্রকাশ করতে পারে। ফ্যাটি লিভার নিজেই লিভার পরীক্ষার এই বৃদ্ধির কারণ হতে পারে, বিশেষ করে যদি আপনি সম্প্রতি ওজন বাড়িয়ে থাকেন। যদি আপনার ডাক্তার এসজিপিটি-এর কারণ হিসেবে লিপিটরকে বিবেচনা করেন, তবে এক সপ্তাহ বা তার পরে পুনরায় পরিমাপ করা উচিত যাতে এটি আরও বেশি না হয় এবং পরবর্তীতে আপনি এটি নেওয়া চালিয়ে যেতে পারেন। কোনো কিছু নেওয়ার প্রয়োজন নেই। আপনি ওজন কমানোর চেষ্টা করতে পারেন যা ফ্যাটি লিভার এবং কোলেস্টেরলের সম্ভাবনা কমাতে সাহায্য করবে। আশা করি আমি সাহায্য করতে পেরেছি! আপনার যদি আরও কোনো স্পষ্টীকরণ বা আরও তথ্যের প্রয়োজন হয়, তবে আপনি আবার আমার সাথে যোগাযোগ করতে পারেন। শুভেচ্ছা!"
75059,"শ্রদ্ধেয় মহোদয়, আপনি যে ব্যথার কথা বর্ণনা করেছেন তার সবচেয়ে সম্ভাব্য কারণ হলো রক্তচাপের ওঠানামা। আমি ব্যক্তিগতভাবে এসওএস (SOS)-এর ভিত্তিতে রক্তচাপের ওষুধ সেবনের পক্ষে নই। এটি আপনার রক্তচাপের ওঠানামার ওপর ভিত্তি করে চালিয়ে যেতে হবে এবং ভারসাম্য বজায় রাখার জন্য প্রতিদিন সেবন করতে হবে। এছাড়া, আপনি যদি পেসমেকার কোম্পানির সাথে যোগাযোগ করেন, তবে মেডট্রনিক/সেন্টেন্ট এবং সেই সময়ে রক্তচাপের কোনো ওঠানামা আছে কি না তা জানার জন্য তাদের তথ্যগুলো পুনরুদ্ধার করতে বলুন। সবশেষে, আপনি যে কারণে কার্বোহাইড্রেট গ্রহণ করছেন তা হৃদরোগজনিত হবে না, তাই কেন এটি দেওয়া হয়েছিল এবং তারপর তা বন্ধ করা হয়েছিল কি না তা আমি জানতে চাই। শুভেচ্ছা, নাসেনিয়া ডক।"
42601,"হেলো, ডেইরি, আমি আপনার প্রশ্নটি দেখেছি। আমি আপনার উদ্বেগ বুঝতে পারছি। রক্ত বমি একটি গুরুতর সমস্যা। পোর্টাল হাইপারটেনশনের কারণে আপনার খাদ্যনালীতে ভ্যারিটাল রক্তপাত হতে পারে অথবা এর অন্য কোনো কারণও থাকতে পারে। আপনার আপার জিআই এন্ডোস্কোপি, পেটের আল্ট্রাসাউন্ড এবং লিভার ফাংশন টেস্ট করানো উচিত। কারণটি খুঁজে বের করুন এবং সেই অনুযায়ী চিকিৎসা নিন। আশা করি আমি আপনার প্রশ্নের উত্তর দিতে পেরেছি, যদি আপনার কোনো সন্দেহ থাকে তবে আমি উত্তর দিতে পেরে খুশি হব। নাসেনিয়া ডক ব্যবহার করার জন্য ধন্যবাদ। আপনার সুস্বাস্থ্য কামনা করি।"
80086,"হেলো, মুজুমদার, অনুসন্ধানের জন্য ধন্যবাদ। মনে হচ্ছে আপনার সন্তানের অ্যালার্জিক ব্রঙ্কাইটিস হয়েছে, তাই এটি দীর্ঘ সময় ধরে থাকতে পারে। আপনি যেকোনো ভালো কাশির সিরাপ চালিয়ে যেতে পারেন। আমি আপনাকে ইওসিনোফিলের জন্য রক্ত পরীক্ষা করার পরামর্শ দেব, কারণ এই অবস্থাটি দীর্ঘ সময় ধরে কাশি এবং সর্দিকে দীর্ঘায়িত করতে পারে। যদি ইওসিনোফিলের মাত্রা বেশি থাকে, তবে আপনার ডাক্তারের সাথে পরামর্শ করে ডি-ইথাইল কার্বামাইড ওষুধের একটি সাধারণ কোর্স সম্পন্ন করুন। ঠান্ডা সেঁক দেওয়া থেকে বিরত থাকুন। ঠিক আছে এবং বিদায়।"
108693,"হেলো। ফর্মুলা খাওয়ানো শিশুদের ক্ষেত্রে এটি সাধারণ। আমি পরামর্শ দিচ্ছি যে আপনি তাকে সকালে ডায়াপার বন্ধ রাখুন এবং শুধুমাত্র রাতে ডায়াপার পরিয়ে দিন। যদি না শিশুর প্রস্রাব কমে যায়, খুব নিস্তেজ বা অতিরিক্ত ঘুম পায়, মলের সাথে রক্ত যায় বা সবুজ পিত্তযুক্ত বমি হয়... তবে আপনার চিন্তার কিছু নেই। মলের সাথে রক্ত না থাকলে অ্যান্টিবায়োটিক ব্যবহারের প্রয়োজন নেই। অপ্রয়োজনে অ্যান্টিবায়োটিক ব্যবহার করলে তা অ্যান্টিবায়োটিক-জনিত ডায়রিয়া ঘটিয়ে পরিস্থিতি আরও খারাপ করতে পারে। শুভেচ্ছা -"
110670,"হেলো এবং নাসেনিয়া ডকে আপনাকে স্বাগতম। শ্বেত রক্তকণিকার সংখ্যা একটি মানকে কেন্দ্র করে থাকে। শ্বেত রক্তকণিকার স্বাভাবিক মাত্রা প্রতি ঘন মিলিমিটারে ৪-১১ হাজারের মধ্যে থাকে। তাই, শ্বেত রক্তকণিকার সংখ্যা কম হলেও তা স্বাভাবিক সীমার মধ্যেই আছে। কম শ্বেত রক্তকণিকার সংখ্যা ক্লান্তির জন্য দায়ী নয়। এর পরিবর্তে, লোহিত রক্তকণিকার অবস্থা মূল্যায়নের জন্য আপনাকে সম্পূর্ণ রক্ত পরীক্ষা (সিবিসি) করাতে হবে। রক্তাল্পতা ক্লান্তির একটি সাধারণ কারণ। তাই, প্রথমেই রক্তাল্পতা আছে কি না তা নিশ্চিত করতে হবে। ধন্যবাদ এবং ভালো থাকবেন, নাসেনিয়া ডক।"
22730,"ব্রেচিয়াল প্লেক্সাস ইনজুরির মেরামত আপনার ভাইয়ের অক্ষমতার পরিমাণ এবং আঘাতের স্থায়িত্ব ও তীব্রতার ওপর নির্ভর করে। যদি নার্ভ একাধিক স্থানে আঘাতপ্রাপ্ত হয়ে থাকে, তবে নার্ভ ইন্টারপোজিশন গ্রাফটিং করার প্রয়োজন হতে পারে, অর্থাৎ পা থেকে অন্য একটি স্নায়ুকে এর মধ্যে সংযুক্ত করতে হতে পারে। কেরালায় এর জন্য আপনি অমৃতা ইনস্টিটিউটে যেতে পারেন। অন্যথায়, আপনি সিমিয়ানস, ব্যাঙ্গালোর বেছে নিতে পারেন।"
21185,"হেলো, নাসেনিয়া ডকে আপনাকে স্বাগতম। আমাদের কাছে লেখার জন্য ধন্যবাদ। প্রথমত, আপনি স্ট্রেস টেস্টে ব্যর্থ হয়েছেন, যার অর্থ হলো টিএমটি (TMT) পরীক্ষায় ইন্ডুসিবল ইস্কেমিয়া পজিটিভ এসেছে। তাই কিছুটা উদ্বেগ রয়েছে। করোনারি আর্টারি ডিজিজ (হার্ট অ্যাটাক)-এর বিকাশের পেছনে কিছু ঝুঁকির কারণ রয়েছে, সেগুলো হলো: ১. কোমরের পরিধি ৪০ ইঞ্চি (পুরুষ) ২. ট্রাইগ্লিসারাইড ১৫০ মিগ্রা/ডেসিলিটার, ৩. এইচডিএল কোলেস্টেরল ৪. রক্তচাপ ১৩০/৮৫ মিমি এইচজি ৫. ফ্যাস্টিং ব্লাড সুগার ১১০ মিগ্রা/ডেসিলিটার, যদি ৩ বা তার বেশি ক্ষেত্রে থাকে। সিএডি (CAD) হওয়ার সম্ভাবনা অনেক বেশি। তাই, আপনাকে প্রথমে নিম্নলিখিত পরীক্ষাগুলো করতে হবে।"
21950,"নাসেনিয়া ডকে আপনার প্রশ্নের জন্য ধন্যবাদ। আমি আপনার উদ্বেগ বুঝতে পারছি। না, এটি হার্ট অ্যাটাক বা হৃদরোগজনিত বুকের ব্যথা নয়। আপনার জিইআরডি (গ্যাস্ট্রোইসোফেজিয়াল রিফ্লাক্স ডিজিজ) হয়েছে। আপনার বুকের ব্যথা খাওয়ার সাথে সম্পর্কিত এবং পানি ও ডাই জেন (অ্যান্টাসিড)-এর মাধ্যমে কমে যায়, তাই আপনার ক্ষেত্রে জিইআরডি হওয়ার সম্ভাবনা বেশি। জিইআরডি-তে ভালো উপশমের জন্য আপনাকে এই জীবনযাত্রার পরিবর্তনগুলো অনুসরণ করতে হবে। ১. গরম এবং মশলাদার খাবার এড়িয়ে চলুন। ২. একসাথে বেশি খাবার না খেয়ে অল্প অল্প করে বারবার খাবার খান। জাঙ্ক ফুড এড়িয়ে চলুন। ৩. রিফ্লাক্স রোধ করতে বিছানায় মাথার নিচে ২-৩টি বালিশ ব্যবহার করুন। ৪. প্রোটন পাম্প ইনহিবিটর এবং প্রোকেিনেটিক ওষুধ সেবন করুন। ৫. মানসিক চাপ ও উত্তেজনা এড়িয়ে চলুন, শান্ত ও নিশ্চিন্ত থাকুন। ৬. ধূমপান ও মদ্যপানের অভ্যাস থাকলে তা ত্যাগ করুন। চিন্তা করবেন না, এই নিয়মগুলো মেনে চললে আপনি সুস্থ হয়ে উঠবেন। আশা করি আমি আপনার প্রশ্নের সমাধান দিতে পেরেছি। আপনাকে আরও সাহায্য করতে পারলে আমি খুশি হব। আপনার সুস্বাস্থ্য কামনা করি। ধন্যবাদ।"
37468,"হেলো, আমি দুঃখিত যে আপনার স্ত্রী মৃগীরোগে আক্রান্ত এবং আমি আশা করি তার আর কোনো খিঁচুনি হবে না। দীর্ঘস্থায়ী এবং বারবার মাথাব্যথা তার স্নায়বিক অবস্থার সাথে সম্পর্কিত হতেও পারে আবার নাও হতে পারে। আমি নিশ্চিত যে অতীতের ঘটনাগুলোর সময় মস্তিষ্কের স্ক্যান করা হয়েছিল। যদি স্ক্যান স্বাভাবিক থাকে, তবে এটি খিঁচুনির সাথে সম্পর্কিত হওয়ার সম্ভাবনা কম। মাইগ্রেন, সাইনোসাইটিস, টেনশন হেডেক, রিবাউন্ড হেডেক, রিফ্র্যাক্টরি এরর ইত্যাদির মতো অন্যান্য কারণও থাকতে পারে, যা দীর্ঘস্থায়ী এবং বারবার মাথাব্যথার কারণ হতে পারে। আমি অবাক হচ্ছি যে আপনার স্ত্রীর কি এর মধ্যে একটি আছে? উল্লিখিত সমস্ত অবস্থা ওষুধ এবং জীবনযাত্রার পরিবর্তনের মাধ্যমে সহজেই চিকিৎসা করা সম্ভব। আমি আপনাকে তার নিউরোলজিস্টের সাথে পরামর্শ করার পরামর্শ দিচ্ছি। বিস্তারিত মূল্যায়ন আমাদের একটি সম্ভাবনা দূর করতে সাহায্য করতে পারে। সেখান থেকে আমরা চিকিৎসা নিতে পারব। শুভকামনা!"
72114,"আপনার বারবার আপার রেসপিরেটরি ট্র্যাক্ট ইনফেকশন হচ্ছে, যা ভাইরাল বা ব্যাকটেরিয়াজনিত হতে পারে, যার ফলে জ্বর, সর্দি, হাঁচি এবং মাথাব্যথা হচ্ছে। আপনার অ্যামোক্সিসিলিনের মতো অ্যান্টিবায়োটিক, অ্যালেগ্রার মতো অ্যান্টিঅ্যালার্জিক এবং শরীরের ব্যথা, জ্বর ও মাথাব্যথার জন্য ব্যথানাশক ওষুধের একটি কোর্স নেওয়া উচিত। গরম স্যুপ, আদা চা এবং ডাক্তারের সাথে কথা বলুন। পর্যাপ্ত বিশ্রাম নিন এবং পর্যাপ্ত ঘুমান। শরীর যখন এর ওপর নির্ভর করে না, তখন কঠোর শারীরিক ব্যায়াম এড়িয়ে চলা উচিত। তবে, যদি জ্বর না কমে, তবে আপনি অল্প হাঁটাহাঁটি করতে পারেন।"
25705,"হেলো লিন্ডা, নাসেনিয়া ডকে আপনাকে স্বাগতম এবং আপনার প্রশ্নের জন্য ধন্যবাদ... বাড়িতে যে অদ্ভুত ঘটনাগুলো ঘটছে তা নিয়ে আপনার উদ্বেগ আমি বুঝতে পারছি। আপনি যদি ক্রমাগত উদ্বিগ্ন এবং ভীত বোধ করেন, তবে এটি কতটা কষ্টদায়ক এবং কঠিন হতে পারে তা আমি বুঝতে পারছি। লিন্ডা, প্রথমে আমি চাই আপনি বুঝুন যে ডাক্তার হিসেবে আমরা আপনাকে আপনার কষ্ট থেকে বেরিয়ে আসতে সাহায্য করার জন্য এখানে আছি এবং আমি আপনাকে সবচেয়ে উপযুক্ত পরামর্শ দেওয়ার মাধ্যমে এটি সঠিকভাবে করতে পেরেছি। এখন, এটি মাথায় রেখে, আমি আপনাকে বুঝতে চাই যে কখনও কখনও, যখন আমরা কোনো মনস্তাত্ত্বিক ব্যাধিতে ভুগি, তখন আমাদের অতিরিক্ত ভয়, বিশ্বাস বা উদ্বেগের প্রবণতা থাকতে পারে, যা আসলে মানসিক ব্যাধির ফলাফল হতে পারে। আপনি উল্লেখ করেছেন যে আপনি বিষণ্নতায় ভুগছেন এবং বর্তমানে চিকিৎসাধীন আছেন। আমার অভিজ্ঞতার ভিত্তিতে, আমি মনে করি এগুলো কেবল মানসিক ব্যাধির অংশ। আমি খুব ভালোভাবে জানি এবং বুঝতে পারছি যে, আপনার কাছে এই বিষয়গুলো সম্পূর্ণ বাস্তব মনে হতে পারে এবং এই সত্যটি পুরোপুরি বাস্তব নাও হতে পারে, যা মেনে নেওয়া কঠিন হতে পারে। তবে, কখনও কখনও, মানসিক ব্যাধি আমাদের মনকে প্রভাবিত করতে পারে এবং আমাদের চিন্তাভাবনাকে এতটাই আচ্ছন্ন করে দিতে পারে যে আমরা এমন কিছু বিশ্বাস করতে পারি যা সম্পূর্ণ বাস্তব নাও হতে পারে। এর ফলে অতিরিক্ত এবং অযৌক্তিক ভয় তৈরি হতে পারে। এখন, আমি আপনাকে খুব স্পষ্টভাবে বলতে চাই যে, আমি কোনোভাবেই বলার চেষ্টা করছি না যে আপনি যে কষ্ট এবং কষ্টের মধ্য দিয়ে যাচ্ছেন তা গুরুত্বহীন... আমি আপনার সাথে পুরোপুরি একমত যে এটি অত্যন্ত বিরক্তিকর এবং কঠিন। তবে, আপনার বিশ্বাস বা ভয় আপনার যে মানসিক সমস্যার মধ্য দিয়ে যাচ্ছেন তা সম্পর্কে সচেতন থাকাও গুরুত্বপূর্ণ... আমি আপনার সাথে পুরোপুরি একমত যে"
38431,"হেলো। আপনার পরীক্ষার ফলাফল স্বাভাবিক সিমেন অ্যানালাইসিসের ইঙ্গিত দিতে পারে। সিমেন টাইপ ১ সংযোজন একটি স্বাভাবিক ফলাফল। এটি একটি ম্যাক্রোস্কোপিক পরীক্ষা। এর অর্থ হলো অনেক সচল শুক্রাণুর গতিশীলতাও স্বাভাবিক। সাধারণত শুক্রাণুর গতিশীলতা অন্তত ৫৫% হওয়া উচিত। আপনার ফলাফলে সামগ্রিক গতিশীলতা ৭০% বলে মনে হচ্ছে, তাই এটি স্বাভাবিক। মিরাকুলে কোএনজাইম কিউ১০ থাকে এবং এটি অনেক পরিস্থিতিতে ব্যবহৃত হয়। এটি উর্বরতা বাড়াতে ব্যবহৃত হয়। আপনি নিশ্চিন্তে এটি গ্রহণ করতে পারেন। সংক্ষেপে, আপনার কোনো গুরুতর সমস্যা নেই। দ্রুত সুস্থ হয়ে উঠুন। নিজের যত্ন নিন। নাসেনিয়া ডক।"
94802,"হেলো, আপনি স্ফিয়ার নিতে পারেন। এটি ফলিকলের আকার বাড়ানোর জন্য দেওয়া হয়। বারবার আল্ট্রাসাউন্ডের মাধ্যমে আপনার ফলিকলের বৃদ্ধি ট্র্যাক করুন। যখন ফলিকল ১৭ মিমি-এর বেশি আকারে পৌঁছাবে, তখন ফলিকল ফাটানোর জন্য ইনজেকশন নিন। পরবর্তী ২ থেকে ৩ দিন আপনার স্বামীর সাথে শারীরিক সম্পর্কে লিপ্ত থাকুন। পরবর্তী ২ সপ্তাহ প্রজেস্টেরন গ্রহণ করুন। এরপর প্রস্রাবের মাধ্যমে প্রেগন্যান্সি টেস্ট করুন। আপনি এভাবে ৩ থেকে ৬ মাস চেষ্টা করতে পারেন। আশা করি আমি আপনার প্রশ্নের উত্তর দিতে পেরেছি। আপনার যদি অন্য কোনো জিজ্ঞাসা থাকে, তবে আমি সাহায্য করতে পারলে খুশি হব। শুভেচ্ছা, নাসেনিয়া ডক।"
42306,"হেলো, নাসেনিয়া ডকে আপনাকে স্বাগতম। যদিও আপনি আপনার উদ্বেগের কথা উল্লেখ করেননি, তবে সামন্ত একটি ভালো অ্যান্টিডিপ্রেসেন্ট এবং অবসেসিভ কম্পালসিভ ডিসঅর্ডারের জন্য অত্যন্ত কার্যকর, যেখানে ব্যক্তিরা অতিরিক্ত ও অনাকাঙ্ক্ষিত চিন্তার কারণে মানসিক চাপে থাকেন। আপনার স্পষ্ট অবসেসিভ কম্পালসিভ ডিসঅর্ডার না থাকলেও এই ওষুধ থেকে আপনি ভালো উপকৃত হওয়ার সম্ভাবনা অনেক বেশি। ফিউডাল একটি সহজে সহনীয় ওষুধ এবং বেশিরভাগ রোগী কোনো পার্শ্বপ্রতিক্রিয়া ছাড়াই এটি গ্রহণ করেন। সম্ভবত আপনার র‍্যাগ্লানের সাথে ডাইস্টোনিয়া প্রতিক্রিয়া (অঙ্গ শক্ত হয়ে যাওয়া এবং নড়াচড়া ধীর হয়ে যাওয়া) ছিল। র‍্যাগ্লানের ক্ষেত্রে এই প্রতিক্রিয়া সাধারণ, ফিউডালের ক্ষেত্রে নয়। তাই নিশ্চিন্ত থাকুন এবং ফিউডাল শুরু করুন। মনে রাখবেন যে ফিউডালের ভালো প্রভাব শুরু হতে ৬-৮ সপ্তাহ সময় লাগতে পারে, তাই আগে বা আপনার ডাক্তারের পরামর্শ ছাড়া এটি বন্ধ করুন। শুভকামনা।"
100459,"হেলো, প্রিয়, নাসেনিয়া ডকে অনুসন্ধান করার জন্য ধন্যবাদ। আঘাত-পরবর্তী বেদনাদায়ক পিণ্ড নিয়ে আপনার উদ্বেগের বিষয়টি আমি বুঝতে পেরেছি। আপনার বর্ণিত পিণ্ডটি হলো - হেমাটোমা এবং আঘাতের পর রক্তক্ষরণের ফলে ত্বকের নিচে জমে থাকা ময়লার কারণে এই পিণ্ডটি হয়েছে। আমি অন্তত ২-৩টি ওষুধ সেবনের পরামর্শ দেব, যদি আপনার ডাক্তার চিকিৎসা করেন তবে এটি কমে যাবে। আশা করি এটি আপনাকে আপনার পারিবারিক ডাক্তারের সাথে চিকিৎসার পরিকল্পনা করতে সাহায্য করবে। আপনার দ্রুত আরোগ্য কামনা করছি। এই বিষয়ে নাসেনিয়া ডকে আরও জিজ্ঞাসার জন্য আপনাকে সবসময় স্বাগত জানাই। আপনার দিনটি ভালো কাটুক...!!"
8720,"হেলো, ডেইরি, আমি আপনার প্রশ্নটি দেখেছি। আমি আপনার উদ্বেগ বুঝতে পারছি। আপনার পেপটিক আলসার বা কোলনে ম্যাস লেশনের মতো কোনো সমস্যা থাকতে পারে। এটি পেটে ব্যথা এবং রক্তপাতের কারণ হয়। আপনার মল পরীক্ষা, পেটের আল্ট্রাসাউন্ড এবং কোলোনোস্কোপি করানো উচিত। আপনার রিপোর্টগুলো নিয়ে আমাকে ফলো-আপ করুন। যাতে আমি আপনাকে আরও সাহায্য করতে পারি। আশা করি আমি আপনার প্রশ্নের উত্তর দিতে পেরেছি। আপনার যদি কোনো সন্দেহ থাকে তবে নির্দ্বিধায় আমাকে জিজ্ঞাসা করতে পারেন। আমি উত্তর দিতে পারলে খুশি হব। নাসেনিয়া ডক ব্যবহার করার জন্য ধন্যবাদ। আপনার সুস্বাস্থ্য কামনা করি।"
16268,"হেলো, নাসেনিয়া ডকে আপনাকে স্বাগতম। আমি আপনার প্রশ্নটি বিস্তারিতভাবে পড়েছি এবং আমি জানি যে আপনি আপনার সন্তানকে নিয়ে খুব চিন্তিত, তবে এটি নিয়ে চিন্তা করবেন না। ঘাড়ের পেছনের ত্বকের কালো দাগ কাপড় বা ধুলোবালির ত্বকের অ্যালার্জির কারণে হতে পারে। আমার মতে, রোগ নির্ণয়ের জন্য আপনার ইএসআর (ESR) লেভেল এবং অ্যাবসোলিউট ইওসিনোফিল কাউন্টসহ সম্পূর্ণ রক্ত পরীক্ষা (CBC) করানো উচিত। উপরের রিপোর্টগুলো নিয়ে পুনরায় যোগাযোগ করুন। আশা করি এটি আপনাকে সাহায্য করবে। আপনার সন্তানের সুস্বাস্থ্য কামনা করছি। ভালো থাকবেন। শুভেচ্ছা, নাসেনিয়া ডক।"
59865,"হেলো, দুর্ভাগ্যবশত, আপনার প্রশ্নটি আপনার পরিস্থিতি এবং চিকিৎসা বোঝার জন্য প্রয়োজনীয় তথ্য প্রদান করে না। উদাহরণস্বরূপ, আপনি প্রেডনিসোলোন প্রেসক্রাইব করার কারণ উল্লেখ করেননি। আপনি স্থানীয় চিকিৎসা (ক্রিম) নাকি সিস্টেমিক চিকিৎসা (বড়ি) নিয়ে কথা বলছেন তা আমি জানি না। আমি কেবল প্রেডনিসোলোন চিকিৎসার বিষয়ে একটি সাধারণ মন্তব্য করতে পারি। কর্টিকোস্টেরয়েড (যেমন প্রেডনিসোলোন) দিয়ে চিকিৎসা শরীরের জটিল হরমোন সিস্টেমগুলোকে প্রভাবিত করতে পারে। যখন একজন রোগী প্রতিদিন সকালে একাধিকবার কর্টিকোস্টেরয়েড গ্রহণ করেন, তখন ঝুঁকি আরও বেড়ে যায়। ব্যাধির ওপর ভিত্তি করে প্রেডনিসোলোন দিনে একবার বা দিনে কয়েকবার ব্যবহার করা যেতে পারে। তাই, এর কোনো সঠিক বা ভুল ডোজ নেই... আশা করি আমি আপনার প্রশ্নের উত্তর দিতে পেরেছি। আপনার আরও সহায়তার প্রয়োজন হলে অনুগ্রহ করে আমাকে জানাবেন। শুভেচ্ছা, নাসেনিয়া ডক।"
50436,"হেলো, নাসেনিয়া ডকে আপনাকে স্বাগতম। আপনার প্রশ্নটি পর্যালোচনা করার পর আমি এই সিদ্ধান্তে পৌঁছেছি যে আপনার ঘাড়ের পেশিতে খিঁচুনি হয়েছে। এটি ভুল অবস্থানে ঘুমানোর কারণে হতে পারে। এর চিকিৎসা হলো বিশ্রাম এবং ব্যথানাশক ওষুধ যেমন আইবুপ্রোফেন সেবন। ভিটামিন বি এবং সি সুস্থ হতে সহায়ক। দ্বিতীয় সম্ভাবনাটি হলো সার্ভিকাল ডিস্ক প্রোল্যাপস। সার্ভিকাল মেরুদণ্ডের এমআরআই (MRI) এর মাধ্যমে এটি নিশ্চিত করা যেতে পারে। এর চিকিৎসা হলো আইবুপ্রোফেনের মতো ব্যথানাশক ওষুধ। ঘাড়ের বিশ্রাম এবং মেকোবালামিন উপকারী। ঘাড়কে যতটা সম্ভব আরামদায়ক অবস্থায় রাখুন। আপনি এ বিষয়ে আপনার ডাক্তারের সাথে আলোচনা করতে পারেন। আশা করি আপনার প্রশ্নের উত্তর পেয়েছেন। আপনার যদি আরও কোনো স্পষ্টীকরণের প্রয়োজন হয়, তবে আমাদের লিখতে দ্বিধা করবেন না। আমি আপনাকে সাহায্য করতে পারলে খুশি হব। আপনার সুস্বাস্থ্য কামনা করছি। ভালো থাকবেন।"
10770,"হেলো! শুভ সকাল। আমি নাসেনিয়া ডক, আপনার প্রশ্নের উত্তর দিচ্ছি। আমি যদি আপনার ডাক্তার হতাম, তবে প্রদাহের কারণে হওয়া ফোলা কমাতে আমি আপনার মেয়েকে আঘাতপ্রাপ্ত হাতটি উঁচুতে রাখার পরামর্শ দিতাম। আমি তাকে একটি অ্যান্টি-ইনফ্ল্যামেটরি ওষুধ খাওয়ার পরামর্শ দিতাম। এটি ব্যথা এবং ফোলা উভয়ই কমাবে। তবে, যদি ফোলা এবং ব্যথার তীব্রতা বৃদ্ধি পায়, তবে আমি আপনাকে একজন অর্থোপেডিক সার্জনের কাছে রেফার করতাম যাতে এই অঞ্চলের হাড়ের ফাটল আছে কিনা তা নিশ্চিত হওয়া যায় এবং পরবর্তী চিকিৎসার জন্য পাঠানো যায়। আমি আশা করি এই তথ্যটি আপনার সমস্যার পরবর্তী ব্যবস্থাপনার বিষয়ে আপনার পারিবারিক চিকিৎসক বা আপনার চিকিৎসা প্রদানকারী ডাক্তারের সাথে আলোচনা করতে সাহায্য করবে। কোনো সন্দেহ থাকলে নির্দ্বিধায় জিজ্ঞাসা করবেন। আপনার স্বাস্থ্য সমস্যার বিষয়ে সন্দেহ দূর করতে নাসেনিয়া ডককে বেছে নেওয়ার জন্য ধন্যবাদ। আমি আপনার দ্রুত আরোগ্য কামনা করি। নাসেনিয়া ডক।"
18617,"হেলো, আপনি যদি সমস্ত অস্ত্রোপচারবিহীন চিকিৎসার বিকল্পগুলো চেষ্টা করে থাকেন, তবে আপনাকে অস্ত্রোপচারের মাধ্যমে এর চিকিৎসার কথা বিবেচনা করতে হবে। প্রথমে ব্যথা সৃষ্টিকারী জেনারেটরটি শনাক্ত করা গুরুত্বপূর্ণ, যা বিভিন্ন ব্যথা ব্লক দিয়ে করা হয়। যদি আপনার ডিস্কটি বেদনাদায়ক হয়, তবে তা অপসারণ করা যেতে পারে এবং ডিস্ক রিপ্লেসমেন্ট সার্জারি বা স্পাইনাল ফিউশন সার্জারি করা যেতে পারে। আপনি যদি রোগ নির্ণয় সম্পর্কে আরও বিস্তারিত জানতে চান, তবে আমার আপনার এমআরআই (MRI) ছবি দেখা প্রয়োজন। ধন্যবাদ।"
97928,"হেলো, গর্ভনিরোধক পিলের কারণে হরমোনের পরিবর্তনের কারণে মাথাব্যথা এবং বমি বমি ভাব হতে পারে। শরীর হরমোনের মাত্রার সাথে মানিয়ে নেওয়ার দিন যত এগিয়ে যায়, এই পার্শ্বপ্রতিক্রিয়াগুলো কমে যায়। যদি মাথাব্যথা খুব তীব্র হয়, অথবা আপনার মাইগ্রেন বা উচ্চ রক্তচাপের ইতিহাস থাকে, তবে নাসেনিয়া ডক ব্যবহার করা এড়িয়ে চলাই ভালো। পার্শ্বপ্রতিক্রিয়া প্রতিরোধের জন্য আপনি অন্যান্য হরমোনাল গর্ভনিরোধক ব্যবহার করতে পারেন। নতুন পদ্ধতিতে পরিবর্তন করার প্রথম ৭ দিন অন্য কোনো গর্ভনিরোধক পদ্ধতি ব্যবহার করুন।"
71636,"হেলো, ব্যায়ামের কারণে হাঁপানি অ্যালার্জি হয় এবং আমরা যখন ব্যায়াম করি তখন পরাগ ফুসফুসে চলে যায় যা সমস্যার সৃষ্টি করে। আপনার দেওয়া তথ্য অনুযায়ী, কিছু খাদ্য অ্যালার্জি হতে পারে কারণ ওষুধ কাজ না করলে কিছু কাজ করে না। আমাদের মনে রাখতে হবে যে খাবারগুলো মূলত গম বা গ্লুটেন। আপনাকে দুধের জন্য নির্দিষ্ট অ্যান্টিবডির জন্য রক্ত পরীক্ষা করার পরামর্শ দেওয়া হচ্ছে। দুধ, গম, চাল, ডিম এবং ছোলার চালের ওপর ভিত্তি করে পরীক্ষা করা হবে। সুস্থ হয়ে উঠুন।"
104827,"নাসেনিয়া ডকে আপনাকে স্বাগতম। আপনার রক্ত পরীক্ষার ফলাফল থেকে বোঝা যাচ্ছে যে আপনি গর্ভবতী। যেহেতু বাদামী রঙের স্রাব হচ্ছে, তাই আপনাকে প্রচুর বিশ্রাম নিতে হবে এবং আপনার পরামর্শদাতা আপনাকে ইনজেকশনের মাধ্যমে প্রজেস্টেরন সহায়তা দেবেন, যা আপনাকে এই সমস্যা থেকে মুক্তি পেতে সাহায্য করবে। একটি স্ক্যান ৬ সপ্তাহের জন্য গর্ভাবস্থা নিশ্চিত করবে এবং ৭ সপ্তাহের মধ্যে ভ্রূণের হৃদস্পন্দন দেখা যাবে। আপনার ডাক্তার আপনাকে সাহায্য করবেন। শুভকামনা, নাসেনিয়া ডক।"
90762,"হেলো... আপনি যা বর্ণনা করেছেন তা থেকে আমার মনে হচ্ছে আপনার শিশুর খিঁচুনিজনিত সমস্যা হচ্ছে। এর জন্য খিঁচুনির ধরন অনুযায়ী খিঁচুনিরোধী ওষুধের প্রয়োজন হবে, যা ইইজি (EEG)-তে স্পষ্ট হবে। তার মস্তিষ্কের এমআরআই (MRI) প্রয়োজন হবে। সবচেয়ে বেশি ব্যবহৃত ওষুধগুলো হলো ভ্যালপ্রোয়েট বা লেভেটিরাসিটাম। আমি আপনাকে এ বিষয়ে আপনার শিশুরোগ বিশেষজ্ঞের সাথে পরামর্শ করার পরামর্শ দিচ্ছি। নিরাময়ের বিষয়ে - সাধারণত ওষুধ শুরু করার পর, যদি শিশুটি অন্তত ২ বছর খিঁচুনিমুক্ত থাকে, তবে ওষুধগুলো সাধারণত কমে যায় এবং বন্ধ হয়ে যায়। তবে কখনোই হঠাৎ করে ওষুধ বন্ধ করবেন না কারণ এটি রিবাউন্ড সিজারের কারণ হতে পারে। শুভেচ্ছা -"
104107,"হেলো, আমি আপনার সমস্যাটি দেখেছি। আপনার শরীরে হেপাটাইটিস বি ভাইরাস ধরা পড়েছে। এই অবস্থাকে এইচবিএস এজি (HBS Ag+ve) বলা হয়। প্রথমে আপনার শারীরিক অবস্থা সম্পর্কে কিছু জানা প্রয়োজন। অনেকেই এই ভাইরাসে আক্রান্ত হতে পারেন। সাধারণত সংক্রমণের ধরন হলো সংক্রমিত সুঁই ব্যবহার করা, রক্ত সঞ্চালন করা এবং যৌন মিলনের মাধ্যমেও সংক্রমণ হতে পারে। অনেক রোগীর শরীরে ভাইরাসটি ৬ মাসেরও কম সময় ধরে থাকে। যদি ভাইরাসটি ৬ মাসের বেশি সময় ধরে থাকে, তবে আমরা সেই ব্যক্তিকে বাহক বলি। সুস্থ বাহক হলো সেই রোগী যাদের শরীরে ভাইরাস থাকে কিন্তু তা লিভারকে প্রভাবিত করে না। তাই এই রোগীদের লিভার সিরোসিসে আক্রান্ত হওয়ার সম্ভাবনা প্রায় নেই বললেই চলে। কিছু ক্ষেত্রে ভাইরাসটি ধীরে ধীরে লিভারে আক্রমণ করে এবং একে ক্রনিক অ্যাক্টিভ হেপাটাইটিস বলা হয়। এটি লিভার সিরোসিস সৃষ্টি করতে পারে। সামগ্রিকভাবে, যদি আপনি দেখেন, এই ভাইরাসে আক্রান্ত রোগীদের মাত্র ২-৩% রোগীর এই ক্রনিক অ্যাক্টিভ হেপাটাইটিস থাকতে পারে এবং লিভার সিরোসিস হতে পারে। যেহেতু আপনার এইচবিএস এজি পজিটিভ এসেছে, তাই ভাইরাল ডিএনএ লোড পরীক্ষা করার জন্য আপনাকে আরও কিছু রক্ত পরীক্ষার মাধ্যমে আরও মূল্যায়ন করতে হবে। যদি এটি প্রাথমিক পর্যায়ে থাকে, তবে ইন্টারফেরন ইনজেকশনের মাধ্যমে সম্পূর্ণ নিরাময়ের সম্ভাবনা থাকতে পারে, তবে সেগুলো খুব ব্যয়বহুল। আমার পরামর্শ হলো, আপনার একজন গ্যাস্ট্রোএন্টারোলজিস্ট বা হেপাটোলজিস্টের সাথে পরামর্শ করা উচিত যাতে তিনি আপনাকে আরও ভালোভাবে মূল্যায়ন করতে পারেন এবং ইন্টারফেরন ব্যবহারের বিষয়ে পরামর্শ দিতে পারেন। আপনার জন্য শুভকামনা রইল।"
54141,"হেলো, নাসেনিয়া ডকে আপনার প্রশ্নটি পোস্ট করার জন্য ধন্যবাদ। অপর্যাপ্ত তথ্য। আপনি আপনার বয়স এবং লিঙ্গ উল্লেখ করেননি। যদি আপনি নারী হন এবং আপনার বয়স ৫০-এর বেশি হয়, তবে স্বাভাবিক মধ্যবয়সীদের তুলনায় ইএসআর (ESR) বৃদ্ধি পায়। ইএসআর বৃদ্ধি কোনো রোগের জন্য নির্দিষ্ট নয়। তবে, যদি আপনার জয়েন্টে ব্যথা বা গ্যাস্ট্রোইনটেস্টাইনাল উপসর্গ থাকে, তবে উপসর্গ অনুযায়ী আরও পরীক্ষা-নিরীক্ষার পরামর্শ দেওয়া হচ্ছে। আশা করি আপনার উদ্বেগের উত্তর দিতে পেরেছি। শুভেচ্ছা, নাসেনিয়া ডক।"
91123,"নাসেনিয়া ডকে আপনার প্রশ্নের জন্য ধন্যবাদ। আমি আপনার উদ্বেগ বুঝতে পারছি। যেহেতু আপনার ইসিজি স্বাভাবিক, তাই হৃদরোগ নিয়ে চিন্তার কোনো কারণ নেই। ব্রঙ্কাইটিসের সম্ভাবনা বেশি। তাই একজন পালমোনোলজিস্টের (ফুসফুস বিশেষজ্ঞ) সাথে পরামর্শ করা এবং শ্বাসযন্ত্রের ক্লিনিকাল পরীক্ষা ও পিএফটি (পালমোনারি ফাংশন টেস্ট) করানো ভালো। পিএফটি শুধুমাত্র ব্রঙ্কাইটিস নির্ণয় করবে না, এটি আপনাকে রোগের তীব্রতা সম্পর্কেও জানাবে। আর চিকিৎসা শুধুমাত্র তীব্রতার ওপর ভিত্তি করেই করা হয়। পিএফটি রিপোর্টের ভিত্তিতে আপনার ইনহেলড ব্রঙ্কোডাইলেটর এবং ইনহেলড কর্টিকোস্টেরয়েড (আইসিএস)-এর প্রয়োজন হতে পারে। ইনহেলড চিকিৎসা ব্রঙ্কাইটিসের সর্বোত্তম চিকিৎসা। চিন্তা করবেন না, এসবের মাধ্যমে আপনি সুস্থ হয়ে উঠবেন। আশা করি আমি আপনার প্রশ্নের সমাধান করতে পেরেছি। আপনাকে আরও সাহায্য করতে পারলে আমি খুশি হব। আপনার সুস্বাস্থ্য কামনা করি। ধন্যবাদ।"
20502,"হেলো, অনিয়মিত পিরিয়ডের লক্ষণগুলো মাঝে মাঝে অল্প দীর্ঘ হয়, যা ডিম্বস্ফোটনের কারণে হয়, যা হরমোনের ভারসাম্যহীনতার কারণে হয়ে থাকে। ডিম্বাশয় ঠিক হয়ে যায়। আপনার সম্ভবত পিসিওএস (PCOS) হয়েছে, যা অনিয়মিত পিরিয়ডের কারণ হচ্ছে এবং সেই কারণেই ডাক্তার আপনাকে ওভা (Ova) প্রেসক্রাইব করেছেন। চিকিৎসার দিকে এগিয়ে যাওয়ার আগে আপনার পিসিওএস-এর জন্য সম্পূর্ণ মূল্যায়ন করা প্রয়োজন। আমি আপনাকে এফএসএইচ (FSH), এলএইচ (LH), টিএসএইচ (TSH) এবং প্রোল্যাকটিনের মতো রক্ত পরীক্ষা করার পরামর্শ দেব। এগুলো অনিয়মিত পিরিয়ড এবং বন্ধ্যাত্বের কারণ কি না তা নির্ধারণ করতে সাহায্য করবে। ডিম্বাশয় এবং গর্ভাশয়ে কোনো সমস্যা আছে কি না তা দেখার জন্য আপনাকে পেলভিসের আল্ট্রাসাউন্ডও করতে হবে। সম্পূর্ণ চিত্র পাওয়ার জন্য আপনার সঙ্গীর সিমেন অ্যানালাইসিসও প্রয়োজন। অনুগ্রহ করে উপরের পরীক্ষাগুলো করান এবং আপনার স্ত্রীরোগ বিশেষজ্ঞের সাথে আলোচনা করুন। যদি রক্ত পরীক্ষা এবং আল্ট্রাসাউন্ডের মাধ্যমে পিসিওএস নির্ণয় করা হয়, তবে মেটফরমিনের মতো ওষুধ শুরু করতে হবে। আশা করি এটি সাহায্য করবে। শুভেচ্ছা।"
40765,"আপনার উদ্বেগগুলো আমি বুঝতে পেরেছি এবং আপনার বিস্তারিত তথ্যগুলো দেখেছি। আমি আপনাকে খুব বেশি চিন্তা না করার পরামর্শ দিচ্ছি। আন্তরিকভাবে আমি আপনার বর্তমান অবস্থার জন্য দুঃখিত। বর্তমানে কোনো ইতিবাচক চিন্তা আপনাকে সাহায্য করতে পারে না। আপনার ডাক্তার ঠিকই বলেছেন। আপনার আপাতত বাড়ি ফিরে ছুটি নেওয়া উচিত। সামরিক ব্যক্তিদের চিকিৎসার শর্ত অনুযায়ী ছুটি নেওয়া উচিত। আপনি যদি আপনার ডাক্তারদের বোঝাতে পারেন যে আপনার চিকিৎসার কারণে আপনি ছুটির যোগ্য, তবে তারা আপনাকে ছুটি দেওয়ার পরামর্শ দিতে পারেন। এই বিষয়ে যদি আপনার আরও সাহায্যের প্রয়োজন হয়, তবে অনুগ্রহ করে এই ইউআরএল-এ আমাকে সরাসরি প্রশ্ন করুন। http"
17561,"আপনার মেয়ের অসুস্থতার কথা শুনে খুব খারাপ লাগছে, বিশেষ করে যখন সে কেমোথেরাপির পরেও কষ্ট পায়। স্টেরয়েড এবং স্প্লেনেক্টমি আইটিপি-তে প্লাটিলেটের প্রকৃত মাত্রা সম্পর্কে অস্পষ্টতা থাকে। প্লাটিলেটের মাত্রা প্রায় ৫০,০০০-এর বেশি হলে তা কখনোই স্বাভাবিক নাও হতে পারে। তবে যদি সে চিন্তিত না হয়, তবে আপনার রক্তপাতের পরিমাণ প্রায় ৫০,০০০ হতে পারে। আপনার জন্য শুভকামনা রইল। নাসেনিয়া ডক। আপনার সাথে দেখা করুন।"
19614,"প্রিয় সংশ্লিষ্ট ব্যক্তি, আমাদের কাছে লেখার জন্য ধন্যবাদ। মূলত বায়োরিদম বজায় রাখার জন্য একজন ব্যক্তির দিনে ০৬ থেকে ০৮ ঘণ্টা ঘুমানো প্রয়োজন। অন্যথায়, রক্তচাপ অবশ্যই বৃদ্ধি পাবে। ঠান্ডা ঘাম এবং মাথা ঘোরার প্রাথমিক লক্ষণগুলো ঘুমের অভাবের কারণে হঠাৎ রক্ত সঞ্চালনের পরিবর্তনের কারণে হতে পারে। এটি শারীরবৃত্তীয় বা স্বাভাবিক ঘটনা। আপনি টয়লেটে যাওয়ার সময় প্রস্রাব করেছিলেন কিনা তা উল্লেখ করেননি। এমন পরিস্থিতিতে হঠাৎ মূত্রাশয় খালি করার ফলে মূত্রাশয়ের পেশীতে রক্ত প্রবাহিত হতে পারে, যা মস্তিষ্ককে কয়েক সেকেন্ডের জন্য তার রক্ত সরবরাহ থেকে বঞ্চিত করে, কারণ প্রস্রাব বেরিয়ে যায় এবং মূত্রাশয় স্বাভাবিক ঘনত্বে (তার সর্বোচ্চ সক্ষমতায় মূত্রাশয় প্রস্রাব জমার জন্য বেলুন বের করে ৭৫ মিলিলিটার রক্ত সরবরাহ করতে পারে)। হঠাৎ পাগলটি দাঁড়াতে অক্ষম হয়ে পড়ে এবং আপনাকে বসে থাকতে হয়, যাকে মিকচারেশন সিনকোপ বলা হয়। এটি প্রায় সবসময়ই শারীরবৃত্তীয় বা স্বাভাবিক ঘটনা। এখন আপনি জিজ্ঞাসা করতে পারেন কেন আপনি গ্যাস্ট্রিক উপাদান ফেলে দেওয়ার পর অবস্থার উন্নতি হয়েছে। আপনি কাজের চাপ থেকে গ্যাস্ট্রোইনটেস্টাইনাল সিস্টেমকে মুক্ত করেছেন এবং রক্ত সরবরাহ পুনরায় স্নায়ুতন্ত্রে সংরক্ষিত হয়েছে। এটি শারীরবৃত্তীয় এবং সব সম্ভাবনাই অস্বাভাবিক। আমি আপনাকে কেবল সম্ভাবনা দিচ্ছি কারণ আমি আপনার ইতিহাস পড়েছি এবং আপনাকে শারীরিকভাবে পরীক্ষা করিনি। উভয় ক্ষেত্রেই, মূল কারণটি আপনার বায়োরিদম বা ঘুমের অভাবের হঠাৎ পরিবর্তনের কারণে হচ্ছে বলে মনে হচ্ছে। এটি খাদ্য বা পানির গুণমানের কারণে নয়, বরং অনিয়মিত ঘুম বা খাওয়ার ধরনের কারণে। অনুগ্রহ করে স্বাভাবিক ঘুমের মাধ্যমে নিজেকে সাহায্য করুন। যদি উন্নতি না হয়, তবে সম্পূর্ণ মূল্যায়নের জন্য স্থানীয় একজন জেনারেল ফিজিশিয়ানের সাথে পরামর্শ করুন। দ্রুত সুস্থ হয়ে উঠুন। শুভেচ্ছা, নাসেনিয়া ড"
87886,"হেলো, আপনার অনুসন্ধানের জন্য ধন্যবাদ। গর্ভপাত বা ডিঅ্যান্ডসি (D&C)-এর পর পরবর্তী গর্ভাবস্থার চেষ্টা করার জন্য তিন থেকে ছয় মাস হলো সাধারণ অপেক্ষার সময়। আপনার শরীরের সাম্প্রতিক ক্ষতি থেকে সেরে ওঠার জন্য সময় প্রয়োজন এবং সুস্থ গর্ভাবস্থার জন্য আপনার হিমোগ্লোবিনের মাত্রা স্বাভাবিক থাকা প্রয়োজন। আপনার জরায়ু এবং হরমোনের মাত্রাও স্বাভাবিক থাকা উচিত। সংবেদনশীলভাবে, ক্ষতি থেকে সেরে ওঠার জন্য আপনার আমার প্রয়োজন। আপনি যদি পুনরায় চেষ্টা করে ব্যর্থ হওয়ার জন্য প্রস্তুত হন, তবে গর্ভধারণের আগে স্বাভাবিক হিমোগ্লোবিন এবং আয়রনের মাত্রা পরীক্ষা করার জন্য অনুগ্রহ করে আপনার ওআরজিএন (ORGAN)-এর সাথে কথা বলুন। এটি গুরুত্বপূর্ণ কারণ স্বাভাবিক গর্ভাবস্থার জন্য স্বাভাবিক মান প্রয়োজন। গর্ভধারণ না হওয়া পর্যন্ত প্রতিদিন একটি আয়রন সাপ্লিমেন্ট এবং ফলিক অ্যাসিড সাপ্লিমেন্ট গ্রহণ করুন। অন্তত ৩ মাস (অথবা আপনার ডাক্তারের পরামর্শ অনুযায়ী)। আশা করি আমি আপনাকে সাহায্য করতে পেরেছি। আমি আপনাকে আরও কোনোভাবে সাহায্য করতে পারি কিনা তা দয়া করে আমাকে জানান। আপনার সুস্বাস্থ্য কামনা করি।"
20274,"আপনার প্রশ্নের প্রেক্ষিতে, আমার মনে হয় আপনার জিঞ্জিভাইটিস বা পেরিওডন্টাইটিস হতে পারে, যা শুধুমাত্র ক্লিনিকাল পরীক্ষার মাধ্যমেই নিশ্চিত হওয়া সম্ভব। আপনার মুখের স্বাস্থ্যবিধির অবস্থা সম্পর্কে আপনি কী মনে করেন, এটি কি ঠিক আছে? আপনি কি প্রতিবার খাবার পর ব্রাশ করেন এবং কুলকুচি করেন? আপনার কি নিঃশ্বাসে দুর্গন্ধ আছে? এটি নিয়ে চিন্তার কিছু নেই, শুধুমাত্র স্কেলিং এবং প্রয়োজনে ফ্লসিংয়ের মাধ্যমে এটি ঠিক করা যেতে পারে। ততক্ষণ পর্যন্ত, আপনি কোনো ঘনত্ব ছাড়াই সরাসরি ক্লোরহেক্সিডিনের মতো মাউথওয়াশ ব্যবহার করতে পারেন, তবে সম্পূর্ণ এবং স্থায়ী প্রতিকারের জন্য একজন ডেন্টিস্টের সাথে দেখা করার পরামর্শ দেওয়া হচ্ছে। আশা করি এটি আপনাকে সাহায্য করবে।"
86984,"নাসেনিয়া ডকে আপনার প্রশ্নের জন্য ধন্যবাদ। আমি আপনার বন্ধুর পরিস্থিতি এবং সমস্যাটি বুঝতে পারছি। পেশীর ব্যথার সম্ভাবনা বেশি, তবে যেহেতু তার বুকের বাম দিকে ব্যথা আছে, তাই হৃদরোগের সম্ভাবনা নাকচ করে দেওয়া ভালো। তাই প্রথমে ইসিজি (ECG) এবং টু-ডি ইকো (2D echo) করিয়ে হৃদরোগের সম্ভাবনা নাকচ করে দিন। যদি এই দুটি রিপোর্ট স্বাভাবিক থাকে, তবে হৃদরোগ নিয়ে চিন্তার কিছু নেই। তার ক্ষেত্রে পেশীর ব্যথার সম্ভাবনাই বেশি। তাই ভালো উপশমের জন্য তাকে এই পদক্ষেপগুলো অনুসরণ করতে বলুন। ১. ভারী ওজন তোলা এবং কঠোর ব্যায়াম এড়িয়ে চলুন। ২. ঘুমের সময় ভুল অঙ্গভঙ্গি এড়িয়ে চলুন। ৩. যে নড়াচড়ায় ব্যথা হয় তা এড়িয়ে চলুন। ৪. আক্রান্ত স্থানে গরম পানির সেঁক দিন। ৫. নাসেনিয়া ডকের পরামর্শ অনুযায়ী ব্যথানাশক এবং মাসল রিলাক্স্যান্ট ওষুধ শুরু করুন। ১-২ সপ্তাহের মধ্যে তার অবস্থার উন্নতি হবে। আশা করি আমি আপনার প্রশ্নের সমাধান দিতে পেরেছি। আপনার বন্ধুর সুস্বাস্থ্য কামনা করছি। ধন্যবাদ।"
58761,"হেলো, ""আস্ক আ ডক্টর""-এ আমার সাথে যোগাযোগ করার জন্য আপনাকে ধন্যবাদ। আমি আমার সাধ্যমতো আপনার প্রশ্নের উত্তর দেওয়ার চেষ্টা করব। বারবার কাঁধের স্থানচ্যুতি একটি সমস্যা হতে পারে। কিছু কাঁধ আংশিকভাবে স্থানচ্যুত হতে পারে - একে সাবলুক্সেশন বলা হয়। এই সমস্যাগুলোর জন্য ফিজিওথেরাপি বা কখনও কখনও অস্ত্রোপচারের মাধ্যমে নিবিড় পুনর্বাসনের প্রয়োজন হতে পারে। মাঝে মাঝে, আমরা কাঁধের একটি এমআরআই স্ক্যান করার পরামর্শ দেব এবং জয়েন্টের টেন্ডন ও পেশীগুলো পরীক্ষা করে দেখব। আমি আপনাকে আপনার কাঁধের মূল্যায়নের জন্য একজন অর্থোপেডিক বিশেষজ্ঞের সাথে পরামর্শ করার পরামর্শ দেব। আশা করি এই তথ্যটি আপনার কাজে আসবে। আপনার আরও কোনো প্রশ্ন থাকলে আমাদের মেসেজ করতে দ্বিধা করবেন না। শুভকামনা, একজন নাসেনিয়া ডক।"
92938,"হেলো, আমরা আপনার উদ্বেগগুলো বুঝতে পেরেছি এবং আপনার বিস্তারিত তথ্যগুলো দেখেছি। প্রথমে আপনাকে উদ্বেগ কী তা বুঝতে হবে। উদ্বেগ হলো আপনার শরীরের একটি প্রতিরক্ষা ব্যবস্থা। উদ্বেগের লক্ষণগুলো আপনার শরীরের একটি অবিচ্ছেদ্য অংশ এবং আপনি এটি নিরাময় করতে পারবেন না। আপনি যত বেশি উদ্বেগের লক্ষণগুলো নিরাময়ের চেষ্টা করছেন, তত বেশি আপনি আপনার সহজাত প্রতিক্রিয়ার ক্ষমতা হারিয়ে ফেলছেন। আমি আপনার উদ্বেগের সমস্যার জন্য কাউন্সেলিং এবং সাইকোথেরাপির পরামর্শ দিচ্ছি, কোনো ওষুধ নয়। এই বিষয়ে আপনার আরও সাহায্যের প্রয়োজন হলে, অনুগ্রহ করে এই ইউআরএলটি ব্যবহার করুন। http"
110792,"হেলো এবং নাসেনিয়া ডকে আপনাকে স্বাগতম। লিভার এনজাইম জিওটি (GOT) এবং এসজিপিটি (SGPT)-এর উচ্চ মাত্রা লিভারের কোষ বা হেপাটোসাইটের ক্ষতির ইঙ্গিত দেয়। লিভার এনজাইম বেড়ে যাওয়ার সাধারণ কারণ হলো ভাইরাল সংক্রমণ, অ্যালকোহল এবং নাসেনিয়া ডক। হেপাটাইটিস বি এবং হেপাটাইটিস সি ছাড়াও ভাইরাল সংক্রমণ এপস্টাইন বার ভাইরাস, সাইটোমেগালোভাইরাস ইত্যাদির মতো হেপাটোসাইটের ক্ষতি করতে পারে। জিওটি এবং এসজিপিটি-এর উচ্চ মাত্রার কারণ জানার জন্য একটি ক্লিনিকাল মূল্যায়ন এবং অন্যান্য প্রাসঙ্গিক পরীক্ষা করা প্রয়োজন। ধন্যবাদ। ভালো থাকবেন।"
39398,"হেলো, প্রজনন ক্ষমতার ক্ষেত্রে নারীদের বয়স একটি গুরুত্বপূর্ণ বিষয়। আপনার শুক্রাণুর পরিমাণ স্বাভাবিক, কিন্তু সক্রিয় গতিশীলতা কম, নতুন ডব্লিউএইচও (WHO) মানদণ্ড অনুযায়ী এটি ১৫%-এর বেশি হওয়া উচিত। অনুগ্রহ করে ভ্যারিকোসিলে পরীক্ষা করান, এটি গতিশীলতা কমে যাওয়ার একটি প্রধান কারণ। যদি ভ্যারিকোসিলে না থাকে, তবে এল-কারনিটিন, কোএনজাইম কিউ১০ এবং জিঙ্ক কম্বিনেশন গ্রহণ করুন। ৩ মাস পর পুনরায় সিমেন অ্যানালাইসিস করান। যদি আপনার সঙ্গীর বয়স ৩০-এর বেশি হয়, তবে একজন প্রজনন বিশেষজ্ঞের সাথে দেখা করুন এবং কিছু কৃত্রিম প্রজনন পদ্ধতি ব্যবহার করে দেখুন। আশা করি আপনি উত্তর পেয়েছেন।"
13970,"হেলো। আস্ক আ ডক্টরে আপনাকে স্বাগতম। আমি আপনার প্রশ্নটি পড়েছি এবং আমার পরামর্শ নিচে দেওয়া হলো, যা আমার বিশ্বাস আপনার শিশুকে আরও আরামদায়ক করে তুলবে। এর সর্বোত্তম চিকিৎসা হলো ৫% পারমেথ্রিন ক্রিম, যা মাথা থেকে পায়ে লাগাতে হবে। এটি ধোয়ার আগে ১২ ঘণ্টা এটি তার ত্বকে রেখে দিন। পারমেথ্রিন ভালোভাবে পাতলা করে লাগাতে হবে, বিশেষ করে আঙুল ও পায়ের আঙুল, নাভি, যৌনাঙ্গ এবং নিতম্বের মধ্যবর্তী ফাটলের ফাঁকে। বাকি পোকা মারার জন্য এক সপ্তাহ পর পারমেথ্রিন দিয়ে দ্বিতীয় চিকিৎসা দিন। সতর্ক থাকুন যে চিকিৎসার পরেও কয়েক সপ্তাহ চুলকানি থাকতে পারে। এটি অ্যান্টি-ইচ (যেমন প্রি বা প্রিমেজ) বা ১% এইচওয়াই নাসেনিয়া ডকের মাধ্যমে চিকিৎসা করা যেতে পারে। সব প্রেসক্রিপশন ছাড়াই পাওয়া যায়। অনুগ্রহ করে আরও তিনটি পরামর্শ, অনুগ্রহ করে।"
964,"হেলো, এই লক্ষণগুলো একে অপরের সাথে সম্পর্কিত নাও হতে পারে এবং এর জন্য গভীর পর্যালোচনার প্রয়োজন। লিভার সিস্টের চিকিৎসা কারণের ওপর নির্ভর করে করা হয়। এগুলোর জন্য চ্যাট ডাক্তারের প্রয়োজন হতে পারে। পেটের উপরের অংশে ব্যথা গ্যাস্ট্রাইটিস, প্যানক্রিয়াটাইটিস বা কোনো চিকিৎসা বা অস্ত্রোপচারের কারণে হতে পারে। যদি এই লক্ষণগুলো দীর্ঘস্থায়ী হয়, তবে রোগ নির্ণয় ও চিকিৎসার জন্য একজন গ্যাস্ট্রোএন্টারোলজিস্টের পরামর্শ, পেটের আল্ট্রাসাউন্ড এবং সিটি স্ক্যান সহায়ক হবে। শুভেচ্ছা রইল।"
96920,"হেলো, আমি আপনার উদ্বেগ বুঝতে পেরেছি। আমি আপনাকে সর্বোত্তম সম্ভাব্য চিকিৎসার পরামর্শ দেব। প্রথমে আতঙ্কিত হবেন না। আমি আপনাকে ৩টি প্রাথমিক পরীক্ষা করার পরামর্শ দেব। ১. ইউএসজি (USG)। জরায়ু এবং ডিম্বাশয়ের গঠনগত স্বাভাবিকতা সম্পর্কে জানতে। ২. এসজি (SG) - হিস্টেরোসাল্পিংগ্রাফি, যা চক্রের প্রথম দশ দিনের মধ্যে করা হয়। এটি ফ্যালোপিয়ান টিউবের কার্যকারিতা সম্পর্কে জানতে সাহায্য করবে। ৩. সঙ্গীর বীর্য বিশ্লেষণ। শুক্রাণুর গুণমান এবং পরিমাণ সম্পর্কে জানতে। এই ৩টি রিপোর্ট স্বাভাবিক থাকলে, আপনি চক্রের ১০ থেকে ২০ দিন পর্যন্ত অন্তত একদিন অন্তর যৌন মিলন করতে পারেন। এটি চক্রের সবচেয়ে উর্বর সময়। বিকল্প হিসেবে, আপনি চক্রের ১০ম দিন থেকে ওভুলেশন স্টাডি করাতে পারেন। ওভুলেশনের দিন বা তার আশেপাশে আপনি যৌন মিলন বা ইন্ট্রাউটেরাইন ইনসেমিনেশন করতে পারেন। স্বাস্থ্যকর খাবার এবং নিয়মিত ব্যায়ামের রুটিন মেনে চলুন। গর্ভধারণের পরিকল্পনা করার অন্তত ৩ মাস আগে থেকে ফলিক অ্যাসিড, ভিটামিন বি১২ এবং ওমেগা-৩ সাপ্লিমেন্ট শুরু করুন। এটি গর্ভাবস্থা এবং প্রসবের সময় অনেক সমস্যা প্রতিরোধ করতে সাহায্য করে। আশা করি এই উত্তরটি আপনাকে সাহায্য করবে। ধন্যবাদ।"
22012,"আপনার অনুসন্ধানের জন্য ধন্যবাদ। মাড়িতে ব্যথা এবং গাল ফুলে যাওয়া দাঁতের সংক্রমণের কারণে হতে পারে, যার ফলে পুঁজ তৈরি হয় এবং টিস্যু স্পেসে ছড়িয়ে পড়ে। পার্শ্ববর্তী দাঁতের কোনো সমস্যা এবং রুট ক্যানেল করা দাঁতের কোনো ত্রুটি আছে কি না তা নিশ্চিত করতে আইওপিএআর (IOPAR) এবং ওপিজি (OPG)-এর মতো কিছু এক্স-রে করান। সংক্রমণ কমাতে আপনি যে অ্যান্টিবায়োটিক নিচ্ছেন তা যথেষ্ট... লবণ পানি দিয়ে কুলকুচি করুন। পরামর্শ এবং প্রয়োজনে একজন ওরাল ফিজিশিয়ানের সাথে যোগাযোগ করুন। আশা করি আমার উত্তরটি আপনাকে সাহায্য করবে। ভালো থাকবেন।"
35448,"হেলো, নাসেনিয়া ডকে আপনাকে স্বাগতম। অন্যদের সাহায্য করার চিন্তা আপনার মধ্যে খুব মহৎ। আপনি সরাসরি এসএআই বাবা হাসপাতালে যেতে পারেন, তারা আপনার প্রাথমিক পরীক্ষাগুলো করবে এবং তারা আপনাকে জানাবে যে ঠিক কী অবস্থা এবং প্রতিস্থাপনের প্রয়োজন আছে কিনা। শুধু ঈশ্বরের ওপর আস্থা রাখুন। হাসপাতালটি খুব ভালো এবং আপনার বন্ধুদের মতো ক্ষেত্রে এটি অবশ্যই সাহায্য করবে। অনুগ্রহ করে দেরি করবেন না এবং দ্রুত এসএআই বাবা হাসপাতালে পৌঁছান। শুভকামনা!"
13582,"হেলো প্রিয়, নাসেনিয়া ডকে আপনাকে স্বাগতম। আপনার উদ্বেগটি বুঝতে পারছি। আপনার প্রশ্ন অনুযায়ী, আপনার গোড়ালিতে ব্যথা হচ্ছে। আপনার উল্লিখিত লক্ষণগুলোর পেছনে আর্থ্রাইটিস, গেঁটে বাত, স্নায়ুর ক্ষতি বা আঘাত যেমন সায়াটিকা, রক্তনালী বন্ধ হয়ে যাওয়া বা জয়েন্টে সংক্রমণের মতো অনেক কারণ থাকতে পারে। আপনার ডাক্তার আপনাকে সঠিক ওষুধ দিয়েছেন, তারপর প্রেসক্রিপশন অনুযায়ী ওষুধ সেবন চালিয়ে যান। যদি অবস্থার উন্নতি না হয়, তবে সঠিক পরীক্ষার জন্য পুনরায় ডাক্তারের পরামর্শ নিন। ডাক্তার ফিজিওথেরাপি এবং স্ট্রেচিং ব্যায়ামের পাশাপাশি মাসল রিলাক্স্যান্ট বা মাসল রিলাক্স্যান্টের পরামর্শ দিতে পারেন। আপাতত গরম পানির টবে এক চামচ পানি দিয়ে পা ডুবিয়ে রাখুন। আশা করি আপনার সমস্যার সমাধান হয়েছে। দ্রুত সুস্থ হয়ে উঠুন। শুভকামনা।"
110484,"হেলো, এমআরআই (MRI) ভরের সঠিক শারীরবৃত্তীয় সম্পর্ক শনাক্ত করার জন্য একটি পরীক্ষা হতে পারে, যদি কোনো অন্তর্নিহিত কাঠামোতে আঘাত বা ধ্বংস থাকে তবে তা শনাক্ত করা সম্ভব। এমআরআই আক্রান্ত কোনো ঘাড়ের নডিউল শনাক্ত করতে পারে। থাইরয়েড মাস বিনাইন বা ক্ষতিকর নয় এমন রোগ হতে পারে, তবে এমআরআই ম্যালিগন্যান্সি সম্পর্কে নিশ্চিতভাবে কোনো মন্তব্য করতে পারে না। এটি অন্তর্নিহিত কোনো রোগের ইঙ্গিত দিতে পারে। যেহেতু আপনার ডাক্তার এই পরীক্ষার পরামর্শ দিয়েছেন, তাই আপনার এটি করা উচিত ছিল। পরবর্তী আলোচনার জন্য আপনার ডাক্তারের সাথে পরামর্শ করুন। ভালো থাকবেন।"
107663,"হেলো অ্যান, আপনি কেমন আছেন? শুরুতেই বলি যে আপনি অবশ্যই গর্ভবতী হবেন। এন্ডোমেট্রিওসিস একটি প্রগতিশীল অবস্থা। প্রতি মাসে আপনার পিরিয়ড হলে টিউবের মাধ্যমে সামান্য রক্ত পাকস্থলীতে প্রবেশ করে। এটি জরায়ুর চারপাশে রক্ত জমা করে আঠালো ভাব সৃষ্টি করে, যা টিউবগুলোকে বন্ধ করে দিতে পারে এবং ডিম্বাশয় থেকে ডিম্বাণু নিঃসরণে বাধা সৃষ্টি করতে পারে। তাই এর চিকিৎসা হলো পিরিয়ড বন্ধ করা, এটি করার সবচেয়ে ভালো উপায় হলো গর্ভধারণ! যদি ১০ মাস পিরিয়ড না হয়, তবে এন্ডোমেট্রিওসিসের সমাধান হয়ে যাবে। জরায়ুর ক্ষত নিয়ে চিন্তা করবেন না, ছবিটি মূলত জরায়ুর ক্ষয়ের কারণে হয়েছে, যা সাধারণত যেকোনো যৌন সক্রিয় নারীর জরায়ুতে দেখা যায়। এই পরীক্ষাগুলোর কোনোটি বাদ পড়েছে কি না তা পরীক্ষা করে দেখুন, যা একজন চ্যাট ডাক্তার হতে পারে। স্বামী-বীর্য বিশ্লেষণ অন্তত ২ সপ্তাহের ব্যবধানে করা হয়, বিশেষ করে বন্ধ্যাত্ব কেন্দ্রে (পরীক্ষা করা হয়)।"
66850,"হেলো, একজন নারীর পিরিয়ড মিস হওয়া বা পিরিয়ড বিলম্বিত হওয়া খুবই সম্ভব, যা নিয়মিত জন্মনিয়ন্ত্রণ পিল খাওয়ার অনুপ্রেরণা দেয়। এর পেছনে বিভিন্ন কারণ থাকতে পারে যেমন... আপনি যদি জন্মনিয়ন্ত্রণ পিলের ধরন পরিবর্তন করে থাকেন, তবে আপনি অতিরিক্ত শারীরিক বা মানসিক চাপের মধ্য দিয়ে আপনার পিরিয়ড এগিয়ে বা পিছিয়ে দেওয়ার চেষ্টা করেছেন। শারীরিক কার্যকলাপ বৃদ্ধি। কিছু খাদ্যাভ্যাস মেনে চলা। যদি আপনার সম্প্রতি কোনো অসুস্থতা হয়ে থাকে। পরিশেষে, আপনি যদি গর্ভবতী হন, তবে আপনি সম্প্রতি অ্যান্টিবায়োটিকের মতো কিছু ওষুধ সেবন করেছেন। আর মাত্র ২ সপ্তাহ অপেক্ষা করুন এবং যদি আপনার পিরিয়ড না হয়, তবে একজন স্ত্রীরোগ বিশেষজ্ঞের পরামর্শ নিন এবং নিজেকে পরীক্ষা করান এবং যথাযথ পরীক্ষা-নিরীক্ষা করান। ধন্যবাদ।"
65793,"হেলো প্রিয়, নাসেনিয়া ডকে আপনাকে স্বাগতম। আপনার উদ্বেগটি বুঝতে পারছি। আপনার প্রশ্ন অনুযায়ী, আপনার পায়ে ফোলা ডিস্কের মতো ব্যথা হচ্ছে। আপনার ক্ষেত্রে স্নায়ুর ওপর চাপ, নিউরোপ্যাথি, ডিভিটি (DVT), পেশীর খিঁচুনি বা মাল্টিপল স্ক্লেরোসিসের মতো অনেক কারণ থাকতে পারে, তবে আপনার ক্ষেত্রে এই লক্ষণগুলো ডিস্কের সমস্যার কারণে হচ্ছে। যদি অবস্থার উন্নতি না হয়, তবে সঠিক পরীক্ষার জন্য একজন অর্থোপেডিক সার্জন এবং একজন মনোরোগ বিশেষজ্ঞের পরামর্শ নিন। ডাক্তার মেথোট্রেক্সেট, অ্যান্টি-ইনফ্ল্যামেটরি, গ্যাবাফেন্টিনের মতো মাসল রিলাক্স্যান্ট এবং ফিজিওথেরাপি দেওয়ার পরামর্শ দিতে পারেন। আমি আপনাকে হালকা স্ট্রেচিং ব্যায়াম, পুরো পায়ে গরম সেঁক দেওয়ার এবং অর্থোডক্স এমআর-এর মতো মাসল রিলাক্স্যান্ট গ্রহণ করার পরামর্শ দেব। দীর্ঘক্ষণ এক অবস্থানে বসে বা দাঁড়িয়ে থাকবেন না, যোগব্যায়াম করুন, ধ্যান করুন এবং ১৫ মিনিট গরম পানিতে পা ডুবিয়ে রাখুন। ট্র্যাকশনের মতো থেরাপি উপলব্ধ আছে। আল্ট্রাসাউন্ড বা বৈদ্যুতিক উদ্দীপনা। যদি ওষুধ এবং থেরাপি কাজ না করে, তবে ডাক্তার অস্ত্রোপচারের পরামর্শ দিতে পারেন। আশা করি আপনার উদ্বেগের সমাধান হয়েছে। দ্রুত সুস্থ হয়ে উঠুন। শুভকামনা।"
82944,"হেলো সন্তোষ, আপনার প্রশ্নটি পড়েছি এবং আপনার চাচার জন্য আপনার উদ্বেগ আমি বুঝতে পারছি। যখন পেটের ভেতরে তরল জমা হয়, তখন তাকে অ্যাসাইটিস বলা হয়। লিভার যখন সঠিকভাবে কাজ করা বন্ধ করে দেয়, তখন সাধারণত অ্যাসাইটিস হয়। এই তরল পেটের আস্তরণ এবং অঙ্গপ্রত্যঙ্গের মধ্যবর্তী ফাঁকা জায়গা পূর্ণ করে। যক্ষ্মা গ্যাস্ট্রোইনটেস্টাইনাল ট্র্যাক্টের যেকোনো অংশকে আক্রান্ত করতে পারে এবং এক্সট্রা পালমোনারি বা ফুসফুসের অতিরিক্ত অংশকে আক্রান্ত করার ক্ষেত্রে এটি ষষ্ঠতম ঘনঘন ঘটে। পেরিটোনিয়াল যক্ষ্মা তিনটি আকারে ঘটে।"
55474,"হেলো, যদি আপনার প্রাথমিক বন্ধ্যাত্বের পরীক্ষা স্বাভাবিক থাকে, তবে এটি ব্যাখ্যাতীত বন্ধ্যাত্ব। আপনার বয়স কত? আমার ধারণা আপনার বয়স ত্রিশের কাছাকাছি। আমি যদি আপনার ডাক্তার হতাম, তবে ৬ সাইকেলের জন্য ক্লোমিড বা হরমোন দিয়ে ডিম্বস্ফোটন শুরু করতাম। যদি কোনো গর্ভাবস্থা না হয়, তবে আমি ৬ সাইকেলের জন্য ইন্ট্রাউটেরাইন ইনসেমিনেশন এবং পরবর্তীতে আইভিএফ (IVF) শুরু করতাম। প্রতিদিন একটি করে ফলিক অ্যাসিড ট্যাবলেট সেবন করুন। গর্ভধারণের সম্ভাবনা বাড়াতে স্বাভাবিক বিএমআই বজায় রাখুন এবং ধূমপান ত্যাগ করুন (যদি আপনি ধূমপায়ী হন)। সপ্তাহে অন্তত তিনবার মিলন করা ভালো। উর্বর দিনগুলোতে মনোযোগ দেওয়ার প্রয়োজন নেই। আশা করি আমি আপনার সন্তুষ্টি অনুযায়ী উত্তর দিতে পেরেছি। আপনার আরও কোনো উদ্বেগ থাকলে চ্যাট ডাক্তারের মাধ্যমে আমার সাথে যোগাযোগ করুন।"
7972,"তিনি আপনার প্রশ্নটি দেখেছেন। ভাইভান্স একটি সাইকো স্টিমুল্যান্ট। এতে ডেক্সট্রোমফেটামিন থাকে। এর উচ্চ মাত্রা প্রাণঘাতী এবং জীবনের জন্য অত্যন্ত বিপজ্জনক হতে পারে। এর আসক্তির উচ্চ সম্ভাবনা রয়েছে এবং এমন পর্যালোচনা রয়েছে যা নির্দেশ করে যে এটি মানসিক অসুস্থতার সাথে সম্পর্কিত, অথবা এটি আরও খারাপ হতে পারে। তাই এটি এড়িয়ে চলাই ভালো। মনস্তাত্ত্বিক মূল্যায়ন অপরিহার্য এবং প্রয়োজনে উন্নত ভবিষ্যতের জন্য ডোজ ধীরে ধীরে কমানো ভালো। অনুপ্রেরণামূলক এবং সহায়ক সাইকোথেরাপি সাহায্য করতে পারে। একজন মনোরোগ বিশেষজ্ঞের সাথে পরামর্শ করুন এবং সাহায্য নিন। আপনাকে আরও সাহায্য করতে পারলে খুশি হব। ধন্যবাদ।"
92744,"হেলো, প্রতিটি ওষুধের পার্শ্বপ্রতিক্রিয়া শরীরভেদে ভিন্ন হয়। আপনি স্টেজ ১ সিস্টোলিক এবং স্টেজ ২ ডায়াস্টোলিক হাইপারটেনশনে ভুগছেন, তাত্ত্বিকভাবে ওষুধ ছাড়া আপনাকে ১২০/৮০-তে ফিরিয়ে আনা সম্ভব নয়। তবে আপনার শরীরের ক্ষতিগ্রস্ত ব্যক্তির দেওয়া প্রতিক্রিয়ার ওপর ভিত্তি করে এই ওষুধগুলোর মাত্রা কমানো যেতে পারে। আপনার শরীরে লসার্টান এবং অ্যামলোডিপাইন রয়েছে (এই দুটি অ্যান্টিভাইপিন আপনার শরীরের প্রতিক্রিয়া হিসেবে কাজ করবে)। ওষুধ বন্ধ করুন এবং চিকিৎসকের পরামর্শ অনুযায়ী অ্যান্টিহাইপারটেনসিভ ওষুধ সেবন করুন। জীবনযাত্রায় পরিবর্তন আনুন। প্রতিদিন ৪৫ মিনিট কঠোর ব্যায়াম করুন। কম লবণযুক্ত খাবার খান। চর্বিযুক্ত খাবার যেমন মাখন, পিনাট অয়েল এড়িয়ে চলুন। অন্তত ৩ মাস চেষ্টা করে দেখুন আপনার শরীর কীভাবে এতে সাড়া দেয়। এই নাসেনিয়া ডকের কিছু পার্শ্বপ্রতিক্রিয়া রয়েছে কিনা তা দেখার জন্য অন্তত ৩ মাস সময় লাগবে।"
13117,"হেলো, একটি ছোট হেমাটোমার জন্য দাতা কিছু নয়। প্রসাধনী সমস্যা ছাড়া এটি কোনো সমস্যা সৃষ্টি করে না এবং নিজে থেকে কমেও না। আপনি নিচের পদক্ষেপগুলো নিতে পারেন: ১) এটি ২ থেকে ৩ বছর বয়স পর্যন্ত একা রেখে দিন। ২) কেউ স্টেরয়েড ক্রিম ব্যবহার করতে পারেন অথবা স্টেরয়েড ইনজেকশন নিতে পারেন যা হেমাঞ্জিওমার আকার কমিয়ে দেবে। ৩) ৪ থেকে ৫ বছর বয়সের পর লেজার চিকিৎসার কথা বিবেচনা করা যেতে পারে। চিন্তা করবেন না, এটি একটি প্রসাধনী সমস্যা এবং ৩ মাস বয়সে এটি স্পর্শ না করাই ভালো।"
5471,"হেলো, নাসেনিয়া ডক ফোরামে জিজ্ঞাসা করার জন্য ধন্যবাদ। যদি সিরাম এ এস টি (এস জি ও টি) এবং এ এল টি (এস জি পি টি)-এর মাত্রা খুব বেশি হয়, অর্থাৎ ৫০ আইইউ, তবে এটি উদ্বেগের বিষয়। যদি মাত্রা এখনও খুব বেশি থাকে, তবে রোগ নির্ণয়ের জন্য লিভারের আল্ট্রাসাউন্ড করান। যদি প্রস্রাবে ২-৫টি লোহিত রক্তকণিকা থাকে, তবে চিন্তার কিছু নেই। যদি রক্ত বা লোহিত রক্তকণিকায় পূর্ণ ক্ষেত্র থাকে, তবে কিডনি এবং ইউরেটারের আল্ট্রাসাউন্ড করান। এখন প্রশ্ন হলো কী করা উচিত? আমার মতে, অপেক্ষা করুন এবং দেখুন, যদি কোনো অস্বস্তি অনুভব করেন তবে একজন ডাক্তারের পরামর্শ নিন। শুভকামনা।"
103157,"হেলো এবং নাসেনিয়া ডকে আপনাকে স্বাগতম। ক্লান্তি এবং আয়রনের ঘাটতি আয়রনের ঘাটতিজনিত রক্তাল্পতার ইঙ্গিত দেয়। শরীরে আয়রনের ভাণ্ডার পূরণ করার জন্য আয়রন সাপ্লিমেন্টের প্রয়োজন হয়। এছাড়াও, ভিটামিন বি১২ এবং ফলিক অ্যাসিডের মাত্রাও পরীক্ষা করা উচিত, কারণ আয়রন এবং ভিটামিন বি১২-ফলিক অ্যাসিড উভয়ের ঘাটতির কারণে রক্তাল্পতা একটি সাধারণ বিষয়। যদি ভিটামিন বি১২-ফলিক অ্যাসিডের ঘাটতি থাকে, তবে ভিটামিন বি১২-ফলিক অ্যাসিড সাপ্লিমেন্ট গ্রহণ করতে হবে। রক্তাল্পতা সংশোধন করলে ক্লান্তি এবং পড়াশোনা ও খেলাধুলায় আগ্রহের অভাব কমে যাবে। ধন্যবাদ এবং ভালো থাকবেন, নাসেনিয়া ডক।"
62273,"নাসেনিয়া ডকে আপনার প্রশ্নের জন্য ধন্যবাদ। আমি আপনার উদ্বেগ বুঝতে পারছি। সত্যি বলতে, আপনার অ্যাটোপিক স্ট্রেস টেস্টের রিপোর্টে যদি হৃদপিণ্ডের কার্যকারিতা ভালো থাকে, তবে খুব বেশি চিন্তার প্রয়োজন নেই। তাই সবকিছু আপনার নিউক্লিয়ার স্ট্রেস টেস্টের রিপোর্টের ওপর নির্ভর করে। তবে অ্যাসপিরিন এবং ক্লোপিডোগ্রেলের মতো রক্ত পাতলা করার ওষুধ শুরু করা ভালো। এছাড়াও লিপিড কমানোর জন্য লো-ডোজ লিপিড গ্রহণ করুন। খাবারে অতিরিক্ত লবণ এড়িয়ে চলুন। চর্বিযুক্ত এবং তৈলাক্ত খাবার এড়িয়ে চলুন। নিয়মিত অ্যারোবিক ব্যায়াম যেমন দৌড়ানো, সাইকেল চালানো, সাঁতার কাটা ইত্যাদি করুন। চিন্তা করবেন না, আপনি সুস্থ হয়ে উঠবেন। এই পুরনো দেয়াল ইস্কেমিয়া নিয়ে চিন্তার কোনো কারণ নেই। আশা করি আমি আপনার প্রশ্নের সমাধান করতে পেরেছি। আপনাকে আরও সাহায্য করতে পারলে আমি খুশি হব। আপনার সুস্বাস্থ্য কামনা করি। ধন্যবাদ।"
44275,"হেলো। নাসেনিয়া ডকে আমাদের কাছে লেখার জন্য ধন্যবাদ। ট্যানিংয়ের ক্ষেত্রে ইউভি (UV) মূলত ইলেক্ট্রোম্যাগনেটিক স্পেকট্রামের একটি অংশ। এশিয়ান ত্বক খুব সহজেই ট্যান করে কারণ এতে প্রচুর মেলানিন থাকে। ক্যান্ডিড-বি লোশনে সক্রিয় উপাদান হিসেবে অ্যান্টিফাঙ্গাল থাকে। এটি মুখে ব্যবহার করা অযৌক্তিক হবে। আমি বলব আপনি এটি মুখে ব্যবহার করবেন না। এর উপাদানগুলোর মধ্যে একটি স্টেরয়েডও রয়েছে, যা ভালোর চেয়ে ক্ষতিই বেশি করতে পারে। বরং, আমি আপনাকে একটি ব্রড স্পেকট্রাম সানস্ক্রিন ব্যবহার করার পরামর্শ দেব, যা সারাদিন ইউভিবি এবং ইউভি এ উভয় সুরক্ষা প্রদান করে। একটি ব্রড স্পেকট্রাম সানস্ক্রিনের এসপিএফ ৩০+ বা তার বেশি হওয়া উচিত। আপনি যদি আমার রোগীদের একজন রোগী হতেন, তবে আমি আপনাকে কোজিক অ্যাসিড, গ্লাইকোলিক অ্যাসিড, অ্যালবুমিন ইত্যাদির মতো স্কিন লাইটেনিং ক্রিম ব্যবহারের পরামর্শ দিতাম। এই সক্রিয় উপাদানযুক্ত বিভিন্ন ক্রিম প্রেসক্রিপশন অনুযায়ী পাওয়া যায়। তাই, আমি আপনাকে আপনার এলাকার একজন চর্মরোগ বিশেষজ্ঞের সাথে অ্যাপয়েন্টমেন্ট নেওয়ার পরামর্শ দেব। আপনি আপনার চর্মরোগ বিশেষজ্ঞের কাছ থেকে কেমিক্যাল পিলের কয়েকটি সেশনও বেছে নিতে পারেন। গ্লাইকোলিক পিল, রেটিনল পিল কার্যকর ট্যান দূর করতে কার্যকর। সান প্রোটেকশন ট্যান"
4347,"হেলো, প্রিয়। আমি আপনার প্রশ্নটি দেখেছি। আমি আপনার উদ্বেগ বুঝতে পারছি। আপনার সমস্যাটি নির্ণয় করার জন্য আপনাকে সঠিকভাবে পরীক্ষা করাতে হবে। আপনার কমপ্লিট ব্লাড কাউন্ট (CBC) এবং পেরিফেরিয়াল স্মিয়ার পরীক্ষা করানো উচিত। তারপর সেই অনুযায়ী আপনার পরবর্তী পরীক্ষাগুলো করা উচিত। যদি আপনার আয়রনের ঘাটতি থাকে তবে আপনার আয়রনের চিকিৎসা নেওয়া উচিত এবং যদি আপনার ভিটামিন বি১২-এর ঘাটতি থাকে তবে সেই অনুযায়ী চিকিৎসা নিন। আশা করি আমি আপনার প্রশ্নের উত্তর দিতে পেরেছি, যদি আপনার কোনো সন্দেহ থাকে তবে আমি উত্তর দিতে পেরে খুশি হব। নাসেনিয়া ডক ব্যবহার করার জন্য ধন্যবাদ। আপনার সুস্বাস্থ্য কামনা করি।"
31517,"হেলো, তার শারীরিক অবস্থা সম্পর্কে একটি স্পষ্ট ধারণা পেতে আমাদের গর্ভাবস্থা, জন্ম এবং নবজাতকের সময়সহ আরও বিস্তারিত তথ্য প্রয়োজন। সম্ভবত তার সেরিব্রাল পালসি বা অন্য কোনো স্নায়বিক সমস্যার কারণে বিকাশে বিলম্ব হচ্ছে। এই প্রেক্ষাপটে, আঙুল ভাঁজ করা এবং হাত ভাঁজ করা স্পাস্টিসিটি বা ডাইস্টোনিয়া (অতিরিক্ত বা অস্বাভাবিক টান বা পেশীর মোচড়) নির্দেশ করে। যদিও এই পর্যায়ে সম্পূর্ণ সুস্থ হওয়া সম্ভব নয়, তবে কিছু চ্যাট ডাক্তারের মাধ্যমে আমরা তার অবস্থার উন্নতি করতে পারি। অনুগ্রহ করে আপনার শিশু স্নায়ুরোগ বিশেষজ্ঞের সাথে যোগাযোগ করুন। আশা করি আমি আপনার প্রশ্নের উত্তর দিতে পেরেছি। আমি আপনাকে আরও কোনোভাবে সাহায্য করতে পারি কিনা তা জানাবেন।"
33697,"হেলো। এই অবস্থাকে ডিফারেনশিয়াল সিস্টোলিক হাইপারটেনশন বলা হয়... এই অবস্থার অনেক কারণ থাকতে পারে। আমি আপনার বয়স, ধূমপানের ইতিহাস বা অন্য কোনো চ্যাট ডাক্তারের মতো বিস্তারিত জানতে চাই। একটি পুঙ্খানুপুঙ্খ ক্লিনিকাল পরীক্ষা এবং উপরে উল্লিখিত পরীক্ষাগুলো করার জন্য একজন ডাক্তারের সাথে দেখা করা সবচেয়ে ভালো। আশা করি আমার উত্তরটি আপনাকে সাহায্য করবে। আপনার যদি আরও কোনো প্রশ্ন থাকে, তবে আমি আপনাকে সাহায্য করতে পারলে খুশি হব। দিনটি ভালো কাটুক।"
3421,"নাসেনিয়া ডকে আপনার প্রশ্নের জন্য ধন্যবাদ। আমি আপনার উদ্বেগ বুঝতে পারছি। আপনার অ্যাসিড রিফ্লাক্স হয়েছে। দীর্ঘস্থায়ী অ্যাসিড রিফ্লাক্স ব্রঙ্কাইটিসের কারণ হতে পারে। ব্রঙ্কাইটিস ফুসফুসে ভারী অনুভূতির কারণ হতে পারে। তাই একজন পালমোনোলজিস্টের (ফুসফুস বিশেষজ্ঞ) সাথে পরামর্শ করুন এবং শ্বাসযন্ত্রের ক্লিনিকাল পরীক্ষা ও পিএফটি (পালমোনারি ফাংশন টেস্ট) করান। যদি পিএফটি স্বাভাবিক থাকে, তবে ব্রঙ্কাইটিস বা ফুসফুসের অন্য কোনো রোগ নিয়ে চিন্তার কিছু নেই। আশা করি আমি আপনার প্রশ্নের সমাধান করতে পেরেছি। আপনাকে আরও সাহায্য করতে পারলে আমি খুশি হব। আপনার সুস্বাস্থ্য কামনা করি। ধন্যবাদ।"
82936,"হেলো, আপনি যে লক্ষণগুলোর কথা উল্লেখ করেছেন তার পেছনে অনেক কারণ থাকতে পারে, যেমন পিঠের মাঝখানে ব্যথা। যেহেতু আপনার ডাক্তার কিডনিতে পাথর থাকার কথা অস্বীকার করেছেন, তাই এটি অতিরিক্ত ব্যবহার, পেশীর টান বা পেশী, লিগামেন্ট ও ডিস্কের আঘাত, অথবা মায়োফাসিয়াল ব্যথা যা পেশী বা পেশীর গ্রুপের সংযোগকারী টিস্যুকে প্রভাবিত করে। যেহেতু তার পেটে ব্যথা ছড়িয়ে পড়ছে, তাই এটি ছোট কিডনিতে পাথর বা অ্যাপেন্ডিসাইটিসের কারণে হতে পারে। আমার পরামর্শ হলো, কোনো পাথর বা অ্যাপেন্ডিসাইটিস আছে কি না তা নিশ্চিত হতে পেটের আল্ট্রাসাউন্ড করান। যদি সবকিছু স্বাভাবিক থাকে, তবে বিছানায় বিশ্রাম নিন এবং ডাইক্লোফেনাক বা আইবুপ্রোফেনের মতো ব্যথানাশক ওষুধ ব্যবহার করে দেখুন। আশা করি এটি সাহায্য করবে। আরও কোনো প্রশ্ন থাকলে অনুগ্রহ করে লিখুন। আপনার সুস্বাস্থ্য কামনা করি।"
110097,"নাসেনিয়া ডকে আপনার প্রশ্নের জন্য ধন্যবাদ। যেহেতু তার সমস্ত কার্ডিয়াক পরীক্ষা স্বাভাবিক এসেছে, তাই আমার মনে হয় এটি জিইআরডি (গ্যাস্ট্রোইসোফেজিয়াল রিফ্লাক্স ডিজিজ)। এই গ্যাস্ট্রোইসোফেজিয়াল স্ফিংটার তার কার্যকারিতা হারিয়ে ফেলেছে। তাই পাকস্থলীর অ্যাসিড খাদ্যনালীতে উঠে আসে এবং উপসর্গ সৃষ্টি করে। জিইআরডি নিয়ন্ত্রণে রাখার জন্য নিচের পরামর্শগুলো মেনে চলা ভালো: ১. গরম এবং মশলাদার খাবার এড়িয়ে চলুন। ২. ভারী খাবার না খেয়ে অল্প অল্প করে বারবার খাবার খান। ৩. মানসিক চাপ ও উত্তেজনা এড়িয়ে চলুন। ৪. প্রোটন পাম্প ইনহিবিটর গ্রহণ করুন। ৫. খাওয়ার পর কিছুক্ষণ হাঁটাহাঁটি করুন। ৬. ঘুমানোর সময় মাথার নিচে ২-৩টি বালিশ ব্যবহার করুন।"
35434,"হেলো, আপনার অনুসন্ধানের জন্য ধন্যবাদ। যদিও এই তিনটি সাধারণ পার্শ্বপ্রতিক্রিয়া দিন ও সপ্তাহের মধ্যে কমে যায়, তবে ডেন্টাল ইমপ্ল্যান্ট সার্জারির পরে মানুষ যে সাধারণ পার্শ্বপ্রতিক্রিয়াগুলো অনুভব করে তার মধ্যে রয়েছে। আপনি যে সমস্ত সাধারণ পার্শ্বপ্রতিক্রিয়া অনুভব করেন তার মধ্যে রয়েছে। আপনি যদি ব্যথা বা অস্বস্তি অনুভব করেন তবে তা অস্ত্রোপচারের পরে হতে পারে। ফোলাভাব - ফোলাভাব আরেকটি সাধারণ অস্ত্রোপচারের পার্শ্বপ্রতিক্রিয়া। ব্যথার মতো, এটি সময়ের সাথে সাথে মিলিয়ে যাবে। কালশিটে পড়া - শুধুমাত্র অস্ত্রোপচারের কারণে মাড়ির চারপাশে কালশিটে পড়তে পারে। সময়ের সাথে সাথে এটিও কমে যাবে। আমি আশা করি আপনি কিছু সহায়ক তথ্য পেয়েছেন, এবং আমি যেকোনো পরবর্তী প্রশ্নের উত্তর দিতে পারলে খুশি হব। নিজের যত্ন নেবেন।"
64109,"হেলো, নাসেনিয়া ডকের সাথে পরামর্শ করার জন্য আপনাকে স্বাগতম এবং ধন্যবাদ। আমি আপনার প্রশ্নটি দেখেছি, আপনি যেমনটি উল্লেখ করেছেন যে আপনার মুখের কোণে জ্বালাপোড়া হচ্ছে, একে অ্যাঙ্গুলার কোলাইটিস বলা হয়। চিন্তা করবেন না, আপনি এর জন্য এক সপ্তাহের জন্য দিনে দুবার একটি করে ইভিল ক্যাপসুল সেবন করুন, আপনি আরাম পাবেন। যদি আপনি আরাম না পান, তবে একজন ডেন্টিস্টের সাথে পরামর্শ করুন এবং এই রোগ নির্ণয় ও চিকিৎসা নিন। আপনার সুস্বাস্থ্য কামনা করি।"
9521,"হেলো লেডি জেন, বাম দিকের তীব্র ব্যথা সবসময় ইউটিআই (বিশেষ করে কিডনি সংক্রমণ বা পাইলোনেফ্রাইটিস)-এর কারণে হতে পারে এবং যদি ইআর (ER) স্ট্যাফাইলোকক্কাস হেমোলাইটিক সংক্রমণ নিশ্চিত করার জন্য কল করে, তবে আপনাকে অ্যান্টিবায়োটিকের একটি উপযুক্ত কোর্স প্রদান করতে হবে। লক্ষ্য করা যাচ্ছে যে এটি একটি অ্যান্টিবায়োটিক-প্রতিরোধী উপাদান। এটি মানুষের ত্বকের একটি অংশ এবং এর বৃহত্তম জনসংখ্যা সাধারণত ম্যাক্সিলা, পেরিনিয়াম এবং ইনগুইনাল এলাকায় দেখা যায়। এটি একটি অত্যন্ত সুবিধাবাদী উপাদান প্যাথোজেন যা অত্যন্ত অ্যান্টিবায়োটিক-প্রতিরোধী ফেনোটাইপের জন্য সুপরিচিত। এগুলো কিডনির মতো কিছু অঙ্গ ব্যবস্থায় পাওয়া যায়, যার ফলে এগুলো গুরুতর সংক্রমণ হতে পারে, যার জন্য চিকিৎসা শুরু করার আগে হাসপাতালে ভর্তির প্রয়োজন হতে পারে। আমার পরামর্শ হলো ইউরিনালাইসিস + কালচার + সেনসিটিভিটি পরীক্ষা এবং রক্ত কালচার + সেনসিটিভিটি পরীক্ষা করা। আপনাকে কয়েক দিনের জন্য আইভি চিকিৎসার পাশাপাশি ভর্তি করা উচিত। চিকিৎসার মধ্যে নির্দেশিত অ্যান্টিবায়োটিক, ব্যথানাশক, ব্যথানাশক, অ্যান্টিস্পাসমোডিক এবং আইভি ফ্লুইড অন্তর্ভুক্ত থাকতে পারে। অবশ্যই চূড়ান্ত সিদ্ধান্ত আপনার চিকিৎসকের ওপর নির্ভর করবে, কারণ তার আপনার শারীরিক অবস্থা মূল্যায়ন করা প্রয়োজন এবং সিদ্ধান্ত নিতে হবে যে আপনাকে হাসপাতালে ভর্তি হতে হবে নাকি অ্যাম্বুলেটরি চিকিৎসা নিতে হবে। আশা করি এটি আপনাকে সাহায্য করবে এবং আপনার মঙ্গল কামনা করি।"
19739,"হেলো, নাসেনিয়া ডকের সাথে যোগাযোগ করার জন্য ধন্যবাদ। আপনি বুক ধড়ফড়ানি এবং বুকে ব্যথার অভিযোগ করছেন বলে উল্লেখ করেছেন। আমাকে জানান যে গ্যাস্ট্রিকের কারণে বুকে ব্যথা হতে পারে। তাই আপনার পাকস্থলীতে আলসার বা দীর্ঘস্থায়ী প্রদাহ থাকতে পারে যা এই ধরনের উপসর্গের কারণ হতে পারে। নাসেনিয়া ডকের পরামর্শ অনুযায়ী ওমেপ্রাজলের মতো অ্যাসিড সাপ্রেসেন্ট গ্রহণ করুন। যদি আপনার পরীক্ষার পরেও এন্ডোস্কোপি পরিষ্কার না হয়, তবে আরও পরীক্ষা-নিরীক্ষা করার পরামর্শ দেওয়া হচ্ছে। এবং কস্টোকন্ড্রাইটিস।"
92819,"হেলো, যৌন মিলনের ক্ষেত্রে লিঙ্গের আকার, ঘনত্ব এবং শক্তভাব কখনোই গুরুত্বপূর্ণ নয়। ভালোবাসা এবং আবেগ গুরুত্বপূর্ণ এবং এগুলো যৌন আনন্দ নির্ধারণ করে। সাধারণত, শিথিল অবস্থায় লিঙ্গের আকার ২ ইঞ্চির কম হয়। খাড়া লিঙ্গের গড় আকার ৪ ইঞ্চি। তবে দুই ইঞ্চি খাড়া লিঙ্গও বিশ্বের যেকোনো নারীকে সন্তুষ্ট করতে পারে, কারণ নারীদের যৌন স্নায়ুর শেষ প্রান্ত যোনির মুখ থেকে মাত্র দুই ইঞ্চি পর্যন্ত পাওয়া যায়। তাই, অনুগ্রহ করে চিন্তা করবেন না। আশা করি আমি আপনার প্রশ্নের উত্তর দিতে পেরেছি। আমি আপনাকে আরও কোনোভাবে সাহায্য করতে পারি কিনা তা জানাবেন। ভালো থাকবেন।"
76607,"হেলো, আমাদের সাথে যোগাযোগ করার জন্য ধন্যবাদ। আমি যদি আপনার চিকিৎসাকারী ডাক্তার হতাম, তবে আমি আপনাকে পরামর্শ দিতাম যে সঠিক হোম ম্যানেজমেন্ট হলো প্রথম কাজ, যা আপনি খুব ভালোভাবে করেছেন। এই ধরনের স্থানীয় ক্ষতের যত্ন চালিয়ে যান, এটি দ্রুত ক্ষত সারাতে সাহায্য করবে। হ্যাঁ, টিটেনাস সংক্রমণের জন্য টিকার প্রয়োজন। তবে অবিলম্বে জরুরি বিভাগে যাওয়া মোটেও উচিত নয়। কাজ থেকে ছুটি পাওয়ার সাথে সাথেই আপনি জরুরি বিভাগে যেতে পারেন। নিশ্চিত থাকুন, ডাইক্লোফেনাক এবং প্যান্টোপ্রাজলের মতো অ্যান্টিবায়োটিক নিতে ভুলবেন না, এটি আপনার স্থানীয় ডাক্তারের পরামর্শ অনুযায়ী গ্রহণ করুন। আপনার যদি আরও কিছু জিজ্ঞাসা থাকে তবে অনুগ্রহ করে আমার সাথে যোগাযোগ করুন। ধন্যবাদ। নাসেনিয়া ডক, সংক্রামক রোগ বিশেষজ্ঞ।"
81440,"আপনার অনুসন্ধানের জন্য ধন্যবাদ, আমি আপনার অনুসন্ধানটি দেখেছি। শুধুমাত্র একটি ক্রাউন বসানোর মাধ্যমে মাড়ির বিন্যাস ঠিক করা সম্ভব নয়। আদর্শগতভাবে, মাড়ির বিন্যাসের চিকিৎসা ব্রেস দিয়ে করা উচিত। আপনি যদি এটি ঠিক করার জন্য একটি ক্রাউন নিতে চান, তবে এটি একটি ভুল সিদ্ধান্ত। ক্রাউন দিয়ে সমস্যার সমাধান হবে না। ক্রাউন লাগানোর আগে রুট ক্যানেল চিকিৎসা করা প্রয়োজন, কারণ ভবিষ্যতে সংক্রমণ হলে, পুরো প্রক্রিয়াটি প্রতিরোধমূলকভাবে পুনরায় করতে হবে। আমি আপনাকে ক্রাউন না নেওয়ার পরামর্শ দেব, বরং ব্রেস ব্যবহার করুন। আশা করি আমার উত্তরটি আপনাকে সাহায্য করবে, ভালো থাকবেন।"
108849,"আপনার অনুসন্ধানের জন্য ধন্যবাদ। ত্বকের প্রাকৃতিক রঙই সবচেয়ে ভালো। সাদা করার জন্য এটি পরিবর্তন না করাই ভালো। প্রসাধনী ভালোর চেয়ে ক্ষতিই বেশি করে। তাই সব ধরনের প্রসাধনী ব্যবহার বন্ধ করুন। আপনি অ্যান্টিঅক্সিডেন্ট এবং ভিটামিন ট্যাবলেট ব্যবহার করতে পারেন। এরপর আপনার সন্তানকে ঠোঁট বেশি না চাটতে বা এতে জ্বালাপোড়া না করতে পরামর্শ দিন, কারণ এতে কালো দাগ হতে পারে। কোনো সংক্রমণ বা ঘাটতি থাকলে চিকিৎসা নিন। আপনি ছবিসহ যেকোনো স্পষ্টীকরণের জন্য সরাসরি আমার সাথে যোগাযোগ করতে পারেন। নাসেনিয়া ডক।"
91578,"হেলো, আপনার পায়ের এই ঝিঁঝিঁ ধরা এবং টানটান অনুভূতির পেছনে আর্থ্রাইটিসের পরিবর্তন, রক্ত সঞ্চালনের সমস্যা বা দীর্ঘক্ষণ দাঁড়িয়ে থাকার মতো অনেক কারণ থাকতে পারে। সঠিক রোগ নির্ণয়ের জন্য শারীরিক পরীক্ষা এবং কিছু রক্ত পরীক্ষা (কমপ্লিট ব্লাড কাউন্ট, কোলেস্টেরল, ট্রাইগ্লিসারাইড) প্রয়োজন, তাই আমি আপনাকে একজন ডাক্তারের সাথে পরামর্শ করার পরামর্শ দিচ্ছি। আশা করি আমি আপনার প্রশ্নের উত্তর দিতে পেরেছি। আমি আপনাকে আরও কোনোভাবে সাহায্য করতে পারি কিনা তা জানাবেন। ভালো থাকবেন। নাসেনিয়া ডক।"
102665,"হেলো, আমি আপনার উদ্বেগ বুঝতে পারছি। আপনি একাধিক গর্ভনিরোধক গ্রহণ করেছেন। গর্ভধারণের চেষ্টা করার আগে এটি ভালোভাবে পরিষ্কার করা এবং ডিম্বস্ফোটন করা প্রয়োজন। অনুগ্রহ করে আপনার স্বামীর সিমেন অ্যানালাইসিস বা বীর্য পরীক্ষা করান অথবা এলএইচ সার্জ টেস্টের মাধ্যমে আপনার ডিম্বস্ফোটনের দিন অনুমান করা যেতে পারে। - আপনারা দুজনেই গর্ভধারণের ৩ মাস আগে থেকে ট্যাবলেট ফলিক অ্যাসিড, ভিটামিন বি১২ এবং ই গ্রহণ শুরু করুন। আপনারা দুজনেই গর্ভধারণের ৩ মাস আগে থেকে এটি গ্রহণ করতে পারেন। - এলএইচ সার্জ টেস্ট পজিটিভ আসার দিন থেকে ৫-৬ দিন অনিরাপদ মিলন করুন। - পিরিয়ড ৮ দিন দেরি হওয়ার পর ইউপিটি (UPT) পরীক্ষার মাধ্যমে গর্ভাবস্থা নিশ্চিত করা যেতে পারে। ধন্যবাদ।"
25143,"হেলো, নাসেনিয়া ডকে আপনাকে স্বাগতম। আপনার গর্ভবতী হওয়ার সম্ভাবনা কম। যেহেতু আপনি চক্রের প্রথম দশ দিন নিরাপদ সময়ে আছেন, তাই আমি আপনাকে পিল ব্যবহার শুরু করার এবং এই চক্রের ১০ম থেকে ১৮তম দিনে বিকল্প গর্ভনিরোধক ব্যবহার করার পরামর্শ দিচ্ছি। আপনার যদি আরও কোনো সহায়তার প্রয়োজন হয়, তবে আপনি খুশি হবেন। আপনার সুখী ও স্বাস্থ্যকর জীবন কামনা করছি। ভালো থাকবেন, নাসেনিয়া ডক।"
67908,"হেলো, ইতিহাস থেকে মনে হচ্ছে আপনার সন্তানের চোখের চারপাশে কোনো সংক্রমণ (প্রি-সেপ্টাল/অরবিটাল সেলুলাইটিস) হয়েছে। যদি ফোলা চোখের ছবি পাওয়া যেত, তবে রোগ নির্ণয় করা সহজ হতো। এটি সাধারণত ভাইরাল সংক্রমণের পরে ঘটে। আপনার মেয়েকে অবিলম্বে হাসপাতালে নিয়ে যাওয়া প্রয়োজন। তার কিছু অ্যান্টিবায়োটিকের প্রয়োজন হবে এবং স্ক্যানেরও প্রয়োজন হতে পারে। আমি আপনাকে পরবর্তী চিকিৎসার জন্য যত দ্রুত সম্ভব একজন শিশু বিশেষজ্ঞের সাথে পরামর্শ করার পরামর্শ দেব। আশা করি আমি আপনার প্রশ্নের উত্তর দিতে পেরেছি। আমি আপনাকে আরও কোনোভাবে সাহায্য করতে পারি কিনা তা জানাবেন।"
53324,"নাসেনিয়া ডকে আপনার প্রশ্নের জন্য ধন্যবাদ। আমি আপনার উদ্বেগ বুঝতে পারছি। আমার মতে, ব্রঙ্কাইটিস আছে কিনা তা নিশ্চিত হতে আপনার প্রথমে পিএফটি (পালমোনারি ফাংশন টেস্ট) করানো উচিত। আপনার বর্তমান লক্ষণগুলো ব্রঙ্কাইটিসের দিকেই বেশি ইঙ্গিত করে। আপনার ধূমপানের ইতিহাস রয়েছে। ধূমপায়ীদের ক্ষেত্রে ব্রঙ্কাইটিস বেশি হয়। তাই প্রথমে পিএফটি করিয়ে নিন। এটি আপনাকে রোগের তীব্রতা সম্পর্কেও জানাবে। আপনার ইনহেলড ব্রঙ্কোডাইলেটর এবং ইনহেলড কর্টিকোস্টেরয়েড (আইসিএস)-এর প্রয়োজন হতে পারে। যদি পিএফটি স্বাভাবিক থাকে, তবে মানসিক চাপ এবং উদ্বেগজনিত শ্বাসকষ্টের সম্ভাবনা বেশি থাকে। তাই একজন মনোরোগ বিশেষজ্ঞের পরামর্শ নিন এবং কাউন্সেলিং সেশন করুন। চিন্তা করবেন না, আপনি সুস্থ হয়ে উঠবেন। তবে প্রথমে রোগ নির্ণয় করুন এবং তারপর সঠিক চিকিৎসা শুরু করুন। আশা করি আমি আপনার প্রশ্নের সমাধান করতে পেরেছি। আপনার সুস্বাস্থ্য কামনা করি। ধন্যবাদ।"
21533,"হেলো, আপনার লিঙ্গের চর্বিযুক্ত প্যাড শরীরের অন্যান্য অংশের তুলনায় গাঢ় হওয়া স্বাভাবিক। লিঙ্গের চর্বিযুক্ত প্যাডের রঙের সাথে প্রোস্টেট ক্যান্সারের কোনো সম্পর্ক নেই। আপনার তৃতীয় প্রশ্নটি আমার কাছে খুব একটা স্পষ্ট নয়। প্রোস্টেট ক্যান্সার বয়স্ক জনগোষ্ঠীর একটি রোগ, এর লক্ষণগুলো প্রায়শই অস্পষ্ট থাকে এবং এর সাথে বিনাইন প্রোস্টেটের লক্ষণ দেখা দেয়। প্রোস্টেট ক্যান্সারের সন্দেহ করার একমাত্র উপায় হলো পিএসএ (PSA) মান বৃদ্ধি পাওয়া। এই সমস্যাটি নিয়ে আপনার ইউরোলজিস্টের সাথে পরামর্শ করা যেতে পারে। লিঙ্গের চর্বিযুক্ত প্যাড কিছু রোগের সাথে সম্পর্কিত হতে পারে, তবে আপনি যেমনটি উল্লেখ করেছেন এটি শক্ত নয়, তাই কোনো ফাইব্রোটিক লিঙ্গ রোগ আছে কি না তা নিশ্চিত হওয়া প্রয়োজন। সঠিক ক্লিনিক্যাল পরীক্ষার প্রয়োজন হতে পারে। ভালো থাকবেন।"
78395,"হেলো, শুভ সন্ধ্যা। আমার নাসেনিয়া ডক ভার্চুয়াল-ক্লিনিক-এ আপনার জিজ্ঞাসার জন্য ধন্যবাদ। আমি আপনার জিজ্ঞাসাটি গভীরভাবে পর্যালোচনা করেছি। আমার মতে, আপনার মেয়ের বারবার হওয়া ফোড়ার জন্য এফবিএস (FBS), পিপিএস (PPS) এবং এইচবি১এসি (Hb1Ac) পরীক্ষা করা প্রয়োজন, যাতে জুভেনাইল ডায়াবেটিস আছে কি না তা নিশ্চিত হওয়া যায়। তার এখন একাধিক সংক্রমণযুক্ত চাকা রয়েছে, যার মধ্যে আরেকটি হলো ক্যাথলিক অ্যাবসেস বা বার্থোলিন-সিস্টাইটিস। ডাক্তারের সাথে পরামর্শ করুন। খ. গাইনোকোলজিস্ট খ. এনএসএআইডি (NSAIDs), অ্যান্টি-অ্যান্টিবিউটেরিক ওষুধ, ওফ্লক্সাসিন এবং গ. অরনিডাজল দিয়ে চিকিৎসা করবেন। বেশিরভাগ চাকা ৫ দিনের মধ্যে সেরে যাবে। দীর্ঘমেয়াদী নিরাময় ও যত্নের জন্য আপনার মেয়েকে সঠিক পায়ুপথ পরিচ্ছন্নতা শেখানো প্রয়োজন। যে চাকাগুলো আর ফিরে আসে না - যদি চাকাগুলো এখনও বেদনাদায়ক হয় এবং আকারে বড় হয়, তবে সেগুলোর অস্ত্রোপচারের প্রয়োজন হতে পারে। আশা করি এটি আপনার ডাক্তারের সাথে আলোচনা করে আপনার পায়ের ব্যথার চাকাগুলো সারাতে সাহায্য করবে। আপনার দ্রুত আরোগ্য কামনা করছি। আমার নাসেনিয়া ডক ক্লিনিকে আপনাকে আবারও স্বাগতম। শুভ রাত্রি।"
47785,"প্রিয় রোগী, দুটি সম্ভাবনা রয়েছে: ১. লাম্বার স্পাইনে ডিস্ক প্রোল্যাপস ২. রেনাল স্টোন। যেহেতু আপনার আগে কিডনির সমস্যা ছিল, তাই রেনাল স্টোনের সম্ভাবনা বেশি, তবে আপনার উপসর্গ অনুযায়ী ডিস্ক প্রোল্যাপসের সম্ভাবনা বেশি। আমি আপনাকে লাম্বোস্যাক্রাল স্পাইনের অ্যান্টেরোপোস্টেরিয়র এবং ল্যাটারাল ভিউয়ের এক্স-রে এবং লাম্বোস্যাক্রাল স্পাইনের এমআরআই করার পরামর্শ দেব। এই দুটি পরীক্ষা রোগ নির্ণয় নিশ্চিত করতে এবং বাদ দিতে সাহায্য করবে এবং সেই অনুযায়ী চিকিৎসার পরিকল্পনা করা যাবে। ইতিমধ্যে, ব্যথানাশক হিসেবে ডাইক্লোফেনাক প্লাস থিওকোলকিকোসাইড কম্বিনেশন ট্যাবলেট দিনে দুবার এবং রাতে ঘুমানোর আগে ৭৫ মিগ্রা ভিটামিন বি১২ ও প্রেগাবালিন ট্যাবলেট শুরু করুন।"
47489,"হেলো। নাসেনিয়া ডকে আমাদের কাছে লেখার জন্য ধন্যবাদ। আমি পোস্ট-ইনফ্ল্যামেটরি ডিসঅর্ডারের একটি সম্ভাবনা রাখছি, সম্ভবত এটি আপনার সাম্প্রতিক ছুটিতে হালকা রোদে পোড়ার কারণে হয়েছে, যা এখন সেরে উঠছে এবং মৃত চামড়া এখন খোসা উঠছে। আমি আপনাকে কয়েক দিন ধরে দিনে দুবার ময়েশ্চারাইজিং ক্রিম ব্যবহার করার পরামর্শ দেব। যে চামড়া উঠছে বা উঠছে তার যত্ন নেওয়া উচিত। যেহেতু দীর্ঘক্ষণ সূর্যের আলোতে, বিশেষ করে সমুদ্র সৈকতে ভ্রমণের সময় ত্বক পুড়ে যেতে পারে এবং পরবর্তীতে তা ডি-স্কোয়ামেট হতে পারে, তাই সারাদিন একটি ব্রড-স্পেকট্রাম সানস্ক্রিন ব্যবহার করা এবং প্রতি ২-৩ ঘণ্টা অন্তর, বিশেষ করে সমুদ্র সৈকতে ভ্রমণের সময় পুনরায় ব্যবহার করা সবসময়ই ভালো। শুভেচ্ছা।"
14337,"হেলো। আপনার জিএডি (GAD) এবং প্যানিক ডিসঅর্ডার বা ওসিডি (OCD) রয়েছে। আমি এসএসআরআই (SSRI) একে অপরের সাথে শেয়ার করার যুক্তি বুঝতে পারছি না, যদিও তাত্ত্বিকভাবে এটি কাজ করতে পারে। যদি কেউ পর্যাপ্ত সময়ের জন্য এসএসআরআই-এর পর্যাপ্ত ডোজ পরীক্ষায় সাড়া না দেয়, তবে আমি এসএসআরআই-এর পরিবর্তে এসএআরআই (ভেনলাফ্যাক্সিন বা ডুলোক্সেটিন) অথবা ট্রাইসাইক্লিক বা ক্লোমিপ্রামিন শ্রেণীতে পরিবর্তন করব। সাধারণত, এশিয়ানদের অবিলম্বে কাজ করা উচিত, তবে এটি অত্যন্ত অভ্যাস তৈরি করে। নাসেনিয়া ডক।"
63579,"তিনি আপনার উদ্বেগ বুঝতে পেরেছেন। মড সুইং বা মাথা ঘোরার অনেক কারণ থাকতে পারে। শুধুমাত্র এর ওপর ভিত্তি করে আমরা রোগ নির্ণয় এবং এর চিকিৎসা নির্ধারণ করতে পারি না। মেজাজ এবং চিন্তাধারা মূল্যায়নের জন্য সঠিক মনস্তাত্ত্বিক মূল্যায়ন প্রয়োজন। সলুপ্রেড হলো প্রেডনিসোলোন এবং স্টেরয়েড আপনার মেজাজ ও মনস্তাত্ত্বিক চিন্তাধারাকে আরও খারাপ করতে পারে। স্টেরয়েড ইনডিউসড সাইকিয়াট্রিক ডিসঅর্ডারের পর্যালোচনা রয়েছে। তাই যত দ্রুত সম্ভব সঠিকভাবে পরামর্শ নিন। প্রয়োজনে মেজাজের পরিবর্তন কমাতে ডোজ সমন্বয় করা প্রয়োজন। আপনার যদি আরও কোনো প্রশ্ন থাকে, তবে নির্দ্বিধায় জিজ্ঞাসা করতে পারেন। ধন্যবাদ। আপনাকে সাহায্য করতে পেরে আমি আনন্দিত। শুভেচ্ছা, নাসেনিয়া ডক।"
12803,"হেলো, নাসেনিয়া ডক ফোরামে আপনাকে স্বাগতম। মনে হচ্ছে আপনার রক্তে শর্করার মাত্রা বেশি, যার অর্থ আপনি ডায়াবেটিক হতে পারেন। অথবা এটি মূত্রনালীর সংক্রমণও হতে পারে। অন্তত একবার যোগাযোগ করলে এটি গনোরিয়া হতে পারে। আমি আপনাকে রোগ নির্ণয় এবং চিকিৎসার জন্য একজন ডাক্তারের পরামর্শ নেওয়ার পরামর্শ দিচ্ছি। এই ধরনের রোগের বিরুদ্ধে ভালো প্রতিরোধ ক্ষমতা গড়ে তুলতে প্রচুর পরিমাণে সবুজ শাকসবজি, ডাল, অঙ্কুরিত শস্য এবং প্রোটিন সমৃদ্ধ খাবার গ্রহণ করুন। আপনার দ্রুত এবং সম্পূর্ণ সুস্থতা কামনা করছি। ধন্যবাদ।"
27365,"নাসেনিয়া ডকে আপনার প্রশ্নের জন্য ধন্যবাদ। আমি আপনার উদ্বেগ বুঝতে পারছি। হ্যাঁ, আপনার অবশ্যই একজন ডাক্তারের পরামর্শ নেওয়া উচিত এবং নিম্নলিখিত পরীক্ষাগুলো করানো উচিত: ১. শ্বাসতন্ত্রের ক্লিনিকাল পরীক্ষা, ২. ফুসফুসের সংক্রমণ আছে কিনা তা নিশ্চিত করতে বুকের এক্স-রে, ৩. ব্রঙ্কাইটিস আছে কিনা তা নিশ্চিত করতে পিএফটি (পালমোনারি ফাংশন টেস্ট)। ভাইরাল আপার রেসপিরেটরি ট্র্যাক্ট ইনফেকশন (ইউআরআই)-এর পরে ফুসফুসের সংক্রমণ এবং ব্রঙ্কাইটিস উভয়ই সাধারণ। এবং উভয়ই একই ধরনের উপসর্গ সৃষ্টি করতে পারে। তাই প্রথমে রোগ নির্ণয় করা এবং তারপর উপযুক্ত চিকিৎসা শুরু করা ভালো। আশা করি আমি আপনার প্রশ্নের সমাধান করতে পেরেছি। আপনাকে আরও সাহায্য করতে পারলে আমি খুশি হব। আপনার সুস্বাস্থ্য কামনা করি। ধন্যবাদ।"
87840,"হেলো! অনুসন্ধানের জন্য ধন্যবাদ। না, এটি কোনো স্বাভাবিক বিষয় নয়। পুঁজ ভরা ফোলা সাধারণত স্থানীয় ত্বকের সংক্রমণের লক্ষণ। যদি এটি চুলের কাছাকাছি হয়, তবে ফলিকল প্রদাহ হওয়ার সম্ভাবনা সবচেয়ে বেশি থাকে। এটি প্রত্যেকের ক্ষেত্রেই হতে পারে এবং সাধারণত কোনো সমস্যা সৃষ্টি করে না। তবে চ্যাট ডাক্তারের সাথে কথা বলুন। কখনও কখনও শক্ত নিরাময় হওয়া ফোলা রক্তে শর্করার মাত্রা বৃদ্ধির লক্ষণ হতে পারে। আপাতত এটি পরিষ্কার রাখুন। আশা করি এটি সাহায্য করবে। শুভেচ্ছা।"
14038,"হেলো, আমি আপনার কেসটি পর্যালোচনা করেছি। শ্বাস নিতে অসুবিধা বুকের স্নায়ু বা ফুসফুসের প্যারেনকাইমাল রোগের কারণে হতে পারে। আপনার এইচআরসিটি (HRCT), পিএফটি (PFT), মেরুদণ্ডের এমআরআই (MRI), ইএমজি-এনসিভি (EMG-NCV) নার্ভ কন্ডাকশন স্টাডির মতো পরীক্ষাগুলো করার প্রয়োজন হতে পারে। আমি ক্লিনিকাল পরীক্ষা এবং পরবর্তী অনুসন্ধানের জন্য একজন অর্থোপেডিক সার্জনের সাথে পরামর্শ করার পরামর্শ দেব। এই লক্ষণগুলোর জন্য ব্রঙ্কোডাইলেটর এবং নিউরোট্রফিক ওষুধ শুরু করা যেতে পারে। আমি আপনার ভিটামিন বি১২ এবং ভিটামিন ডি৩-এর মাত্রা পরীক্ষা করার পরামর্শ দেব। আশা করি এটি আপনার প্রশ্নের উত্তর দিয়েছে। আপনার যদি আরও কোনো প্রশ্ন বা ফলো-আপ জিজ্ঞাসা থাকে, তবে আমাদের লিখতে দ্বিধা করবেন না। আমি আপনার প্রশ্নের উত্তর দিতে পেরে খুশি হব। আপনার সুস্বাস্থ্য কামনা করছি। ভালো থাকবেন।"
103189,"হেলো! শুভ সন্ধ্যা। আমি নাসেনিয়া ডক, আপনার প্রশ্নের উত্তর দিচ্ছি। আমি যদি আপনার ডাক্তার হতাম, তবে অন্ত্রের সংক্রমণের সম্ভাবনা এড়াতে বাইরে থেকে খাবার খাওয়া এড়িয়ে চলার পরামর্শ দিতাম। ডিম্বাশয় এবং সিস্টের জন্য স্টুল টেস্ট করলে এটি নির্ণয় করা যাবে এবং চিকিৎসা আপনার সমস্যার সমাধান করবে। এর পাশাপাশি, আমি আপনাকে একজন প্রো বায়োটিক নাসেনিয়া ডকের পরামর্শ নেওয়ার পরামর্শ দেব। এছাড়া, কোনো খাবারের অ্যালার্জি আছে কি না তা নিশ্চিত করতে হবে, যা আপনি মনে করছেন যে আপনার উপসর্গগুলো আরও বেড়ে যাবে। আমি আশা করি এই তথ্যটি আপনার সমস্যার পরবর্তী ব্যবস্থাপনার বিষয়ে আপনার পারিবারিক চিকিৎসক বা আপনার চিকিৎসা প্রদানকারী ডাক্তারের সাথে আলোচনা করতে সাহায্য করবে। কোনো সন্দেহ থাকলে নির্দ্বিধায় জিজ্ঞাসা করবেন। আপনার স্বাস্থ্য সমস্যার বিষয়ে সন্দেহ দূর করতে নাসেনিয়া ডককে বেছে নেওয়ার জন্য ধন্যবাদ। আমি আপনার দ্রুত আরোগ্য কামনা করি। নাসেনিয়া ডক।"
109991,"হেলো, আপনার যে ব্যথা হচ্ছে তা আপনার অন্ত্রের ভেতরে অতিরিক্ত গ্যাস জমে যাওয়ার সাথে সম্পর্কিত হতে পারে। আমি অন্ত্রের ফ্লোরা ঠিক করার জন্য গ্যাস এবং প্রোবায়োটিকের জন্য ডাইমেথিকোন গ্রহণ শুরু করার পরামর্শ দিচ্ছি। যদি আপনার পেটে ব্যথা মলত্যাগের পরিবর্তনের সাথেও সম্পর্কিত হয়, তবে আমি আপনাকে মলের ওভা/প্যারাসাইট পরীক্ষা এবং কালচার করার পরামর্শ দিচ্ছি। পেটের কোনো সমস্যা আছে কি না তা নিশ্চিত করার জন্য পেটের আল্ট্রাসাউন্ড প্রয়োজন। উপসর্গগুলো থেকে মুক্তি পেতে কয়েক দিন সময় লাগবে। যদি ওষুধ শুরু করার এক মাসের মধ্যে আপনার ব্যথা থেকে যায়, তবে আরও মূল্যায়নের জন্য পেটের সিটি-স্ক্যানের প্রয়োজন হতে পারে। নাসেনিয়া ডক।"
102067,"হেলো, আপনার মায়ের সংক্ষিপ্ত ইতিহাস জানানোর জন্য ধন্যবাদ। আপনি যেমনটি উল্লেখ করেছেন যে তার হাঁটুতে অস্ত্রোপচার হয়েছে, তার সাথে এর কোনো সম্পর্ক নেই। সাধারণত তার বিপাক প্রক্রিয়া ধীর হয়ে যায়, যার ফলে তিনি দুর্বল বোধ করেন। এছাড়া, অনুগ্রহ করে বুঝুন যে অস্ত্রোপচারের কারণে তার গতিশীলতা কমে গেছে, যা অনেক দুর্বলতার কারণ হয়েছে। যেহেতু কোষের মেটাবলিজম ধীর, তাই সর্বোত্তম পারফরম্যান্সের জন্য শরীরকে পুনরায় কাজ করতে হবে, যা চিন্তার কোনো বিষয় নয়। এছাড়া, কোনো সংক্রমণ আছে কি না তা নিশ্চিত করতে রক্ত ও প্রস্রাব কালচার সাহায্য করবে। অন্যথায়, ব্যক্তিগত অভিজ্ঞতা থেকে আমার মনে হয় না যে হাঁটুর অস্ত্রোপচারের কারণে তার জ্বর হয়েছে। ধীর বিপাক প্রক্রিয়া তাপমাত্রা এবং শারীরিক শারীরিক কার্যকারিতা সামান্য বাড়িয়ে দেয়। তাকে ব্যায়াম করতে দিন কারণ এটি শক্তি এবং বিপাক প্রক্রিয়া উন্নত করতে সাহায্য করবে। এছাড়া, নিয়মিত শ্বাস-প্রশ্বাসের ব্যায়াম তাকে সিস্টেমিক প্রয়োজনীয়তার জন্য অক্সিজেনযুক্ত রক্ত পেতে সাহায্য করবে। শুভেচ্ছা, জে, ইন নাসেনিয়া ডক।"
16092,"হেলো... তার কোলিক এইড, এন্টারোজারমিনা বা কোস্টালের প্রয়োজন নেই। সে ভাইরাল ডায়রিয়া থেকে সেরে উঠছে। একবার শুরু হলে এটি পুরোপুরি সেরে উঠতে ৫-৭ দিন সময় লাগবে। যদি না শিশুর প্রস্রাব কমে যায়, খুব নিস্তেজ বা অতিরিক্ত ঘুম পায়, মলের সাথে রক্ত যায় বা সবুজ পিত্তযুক্ত বমি হয়... তবে আপনার চিন্তার কিছু নেই। মলের সাথে রক্ত না থাকলে অ্যান্টিবায়োটিক ব্যবহারের প্রয়োজন নেই। অপ্রয়োজনে অ্যান্টিবায়োটিক ব্যবহার করলে তা অ্যান্টিবায়োটিক-জনিত ডায়রিয়া ঘটিয়ে পরিস্থিতি আরও খারাপ করতে পারে। আমি আপনাকে জিঙ্ক সাপ্লিমেন্ট (জেড অ্যান্ড ডি নাসেনিয়া ডক) ব্যবহার করার পরামর্শ দিচ্ছি।"
56890,"হেলো, এই ফোরামে আপনাকে স্বাগতম। আমি আপনার উদ্বেগ বুঝতে পারছি। ১০ মাস বয়সী মেয়ের যোনিপথে রক্তপাতের কারণ হতে পারে আঘাত, যৌন নির্যাতন বা প্লাটিলেটের সংখ্যা কমে যাওয়ার কারণে রক্তপাত। যোনিপথে রক্তপাতের সবচেয়ে সাধারণ কারণ হলো আঘাত, তাই গত ২ দিনের মধ্যে আপনার কোনো আঘাতের ইতিহাস আছে কি না তা নিশ্চিত হওয়া প্রয়োজন। কখনও কখনও প্লাটিলেটের সংখ্যা কমে যাওয়ার কারণে রক্তপাত হতে পারে, তবে এই ক্ষেত্রে সাধারণত শরীরে র‍্যাশ দেখা দেয়। ঋতুচক্রে শিশুটি খুব ছোট, তাই অবিলম্বে একজন ডাক্তারের মাধ্যমে তাকে পরীক্ষা করানো আবশ্যক। আশা করি এটি আপনাকে সাহায্য করবে। ভালো থাকবেন।"
87983,"হেলো সানা, আপনার অনুসন্ধানের জন্য ধন্যবাদ। গর্ভধারণের জন্য ডিম্বস্ফোটন প্রয়োজন। আমি আপনার আল্ট্রাসাউন্ডের সঠিক ফলাফল জানি, তাই আপনার চিকিৎসা সম্পর্কে মন্তব্য করা আমার জন্য কঠিন। আমার ফল হলো ফলিক অ্যাসিড, যা একটি প্রয়োজনীয় ভিটামিন এবং এটি সুপারিশ করা হয় যে সমস্ত গর্ভবতী নারী এবং যারা গর্ভধারণের চেষ্টা করছেন তাদের অবশ্যই এটি গ্রহণ করা উচিত। কিছু জন্মগত ত্রুটির প্রকোপ কমাতে এই পদ্ধতিটি অত্যন্ত সহায়ক। শুভকামনা।"
5589,"হেলো, প্রিয়, নাসেনিয়া ডকে আপনার অনুসন্ধানের জন্য ধন্যবাদ। প্রিয়, আমি আপনার অনুসন্ধানটি পড়েছি এবং আপনার তথ্যের প্রেক্ষাপটে তা পর্যালোচনা করেছি। আমি আপনার স্বাস্থ্য সংক্রান্ত উদ্বেগগুলো বুঝতে পেরেছি এবং এ বিষয়ে চিন্তিত। আপনার অনুসন্ধানের তথ্যের ভিত্তিতে, মনে হচ্ছে আপনি বগলের নিচের অংশে ফাইব্রোসিস্টিক অ্যাডেনয়েডে ভুগছেন। এটি মূলত মাউন্টেন ডেইরি থেকে নেওয়া উচ্চ মাত্রার ব্রোমিন গ্রহণ। কিছু রিপোর্ট এই দুটির মধ্যে পারস্পরিক সম্পর্ক নিশ্চিত করে এবং তাই আমি আপনাকে পপ বন্ধ করার পরামর্শ দেব, যা আপনার ক্ষেত্রে মাউন্টেন ডেইরি হতে পারে। আশা করি এই উত্তরটি আপনাকে আপনার পরিবার এবং সেখানকার বিশেষজ্ঞ চিকিৎসকদের সাথে পরবর্তী চিকিৎসার পরিকল্পনা করতে সাহায্য করবে। নিজের যত্ন নিন, সুস্থ থাকুন এবং দীর্ঘজীবী হওয়ার জন্য খারাপ খাবার এড়িয়ে চলুন। এ বিষয়ে আরও কোনো প্রশ্ন থাকলে স্বাগতম। দিনটি ভালো কাটুক!! নাসেনিয়া ডক। এন. সিনিয়র সার্জিক্যাল স্পেশালিস্ট। এস. জেনারেল-সিভিটিএস।"
62158,"হেলো, আপনার অনুসন্ধানের জন্য ধন্যবাদ। আপনি যে লক্ষণগুলোর কথা বর্ণনা করেছেন তা পেশীর টান বা মাসল স্ট্রেইনের লক্ষণ হওয়ার সম্ভাবনাই বেশি। ব্যথা থেকে মুক্তি পেতে এবং দ্রুত সেরে ওঠার জন্য আপনি যা যা করতে পারেন তা নিচে দেওয়া হলো: ১. আক্রান্ত স্থানে গরম সেঁক দিন। ২. দিনে ২-৩ বার স্থানীয় প্রদাহরোধী জেল লাগান। ৩. নাসেনিয়া ডকের পরামর্শ অনুযায়ী অ্যান্টি-ইনফ্ল্যামেটরি ওষুধ সেবন করুন। ৪. ভারী ওজন তুলবেন না বা এমন কোনো ব্যায়াম করার চেষ্টা করবেন না যা ব্যথাযুক্ত পেশীকে প্রভাবিত করে। ৫. সুস্থ হওয়ার জন্য সঠিক সময় দিন। আমি আশা করি আপনি কিছু সহায়ক তথ্য পেয়েছেন, এবং আমি যেকোনো পরবর্তী প্রশ্নের উত্তর দিতে পারলে খুশি হব। নিজের যত্ন নেবেন।"
58888,"হেলো, আপনার অনুসন্ধানের জন্য ধন্যবাদ। আপনি যে তথ্যগুলো দিয়েছেন তার ভিত্তিতে মনে হচ্ছে আমাদের মা ১০ দিন ধরে হাসপাতালে ভর্তি আছেন এবং কিডনি সংক্রমণের চিকিৎসা চলছে, তবে তার প্রস্রাবের পরিমাণ উল্লেখযোগ্যভাবে কমে গেছে, যা নির্দেশ করে যে তার কিডনি সঠিকভাবে কাজ করছে না। কিডনির কাজ হলো প্রস্রাবের মাধ্যমে ইউরিয়া এবং ক্রিয়েটিনিনের মতো প্রোটিন বিপাকের বর্জ্য পদার্থ বের করে দেওয়া। যখনই কিডনির কার্যকারিতা ব্যাহত হয়, তখন এই বর্জ্য পদার্থগুলো বিষাক্ত রক্তে জমা হতে থাকে। ডায়ালাইসিস হলো এমন একটি প্রক্রিয়া যেখানে রক্ত কৃত্রিম কিডনির মাধ্যমে এই বর্জ্য পদার্থগুলো পরিষ্কার করে প্রস্রাবে বেরিয়ে আসে। এটি কিডনির কার্যকারিতা পুনরুদ্ধার করতে এবং সংকট থেকে বেরিয়ে আসতে সাহায্য করে। চিন্তা করবেন না এবং ডায়ালাইসিস নিতে অস্বীকার করবেন না, কারণ কিডনির কার্যকারিতা পুনরুদ্ধারের জন্য এটিই সর্বোত্তম চিকিৎসা।"
96526,"হেলো। আপনার অনুসন্ধানের জন্য এবং বিস্তারিত ইতিহাস জানানোর জন্য ধন্যবাদ। পেটের ভেতরে স্পটিং এবং এন্ডোমেট্রিওসিসের ইতিহাসসহ, হিস্টেরেক্টমি ইতিমধ্যে সম্পন্ন হয়েছে এবং এখন আপনার পেটে ব্যথা হচ্ছে, এর কারণ দুটির যেকোনো একটি হতে পারে। ডাইভার্টিকুলাইটিস আগের অস্ত্রোপচারের ক্ষেত্রে আগে নির্ণয় করা হতো। আমি আপনাকে নিম্নলিখিত পরীক্ষাগুলো করার পরামর্শ দেব: রক্ত, প্রস্রাব এবং মলের রুটিন পরীক্ষা। পেটের কন্ট্রাস্ট এনহ্যান্সড সিটি স্ক্যান। প্রয়োজনে সিটি স্ক্যান বা এক্সপ্লোরেটরি ল্যাপারোটমি করা হতে পারে, যাতে কারণ নির্ণয় ও চিকিৎসার জন্য অনুসন্ধানমূলক ল্যাপারোটমি করা যায়।"
105053,"হেলো, নাসেনিয়া ডকে আপনাকে স্বাগতম। আমি আপনার প্রশ্নটি পুঙ্খানুপুঙ্খভাবে মূল্যায়ন করেছি। ১) ভালো ফলাফলের জন্য এই বর্ণনার পাশাপাশি প্রাথমিক কাজের পরামর্শগুলো নিচে দেওয়া হলো: ১) শ্বাস-প্রশ্বাসের ব্যায়াম, খোলা বাতাসে হাঁটা, যোগব্যায়াম, সুষম পুষ্টিকর খাবার, মানসিক চাপ ও উদ্বেগ এড়িয়ে চলা। ২) ধূমপান বা মদ্যপান থেকে বিরত থাকুন। ডাক্তারের পরামর্শ অনুযায়ী ওষুধ চালিয়ে যান। আশা করি এটি আপনার সন্দেহ দূর করেছে। আপনার দ্রুত সুস্থতা কামনা করছি। যেকোনো প্রয়োজনে আবার যোগাযোগ করতে পারেন। ভালো থাকবেন।"
43608,"নাসেনিয়া ডকে আপনার প্রশ্নের জন্য ধন্যবাদ। আমি আপনার উদ্বেগ বুঝতে পারছি। আমার মতে, আমাদের অবশ্যই প্রথমে হৃদরোগের সম্ভাবনা বাতিল করতে হবে, কারণ বুকে ব্যথা, সামান্য পরিশ্রমেই শ্বাসকষ্ট এবং হাতে ব্যথা সাধারণত হৃদরোগের ক্ষেত্রে দেখা যায়। তাই তাকে হাসপাতালে নিয়ে যান এবং রক্তচাপ পর্যবেক্ষণ, ইসিজি, টু-ডি ইকো এবং স্ট্রেস টেস্ট (ট্রেডমিল টেস্ট) করিয়ে নিন। তার উচ্চ রক্তচাপের ওষুধ এবং অন্যান্য কার্ডিয়াক সাপোর্টিভ ওষুধের প্রয়োজন হতে পারে। চিন্তা করবেন না, তিনি সুস্থ হয়ে উঠবেন। আশা করি আমি আপনার প্রশ্নের সমাধান করতে পেরেছি। আপনাকে আরও সাহায্য করতে পারলে আমি খুশি হব। আপনার স্বামীর সুস্বাস্থ্য কামনা করছি। ধন্যবাদ।"
51508,"হেলো পিসা, বার্ধক্য রোধ করতে সানস্ক্রিন, রেটিনয়েড (রেটিনল ক্রিম বা রেটিনয়েড), ভিটামিন সি-ভিত্তিক ক্রিম, গ্লাইকোলিক অ্যাসিড ক্রিম, পেপটাইডস, ইস্ট্রোজেন-ভিত্তিক ক্রিম, কেমিক্যাল পিল, লেজার, মাইক্রোডার্মাব্রেশন, বোটক্স এবং ফিলার-এর মতো একাধিক বিকল্প উপলব্ধ রয়েছে। এগুলো একা বা একসাথে ত্বকের প্রয়োজনের জন্য ব্যবহার করা যেতে পারে। আপনার ক্ষেত্রে, আপনি প্রতিদিন একটি ভালো সানস্ক্রিন ব্যবহার শুরু করতে পারেন। ভিটামিন সি এবং অ্যান্টিঅক্সিডেন্ট সাপ্লিমেন্ট গ্রহণ করা উপকারী হবে। ভিটামিন সি কোলাজেন তৈরিতে সাহায্য করে এবং অ্যান্টিঅক্সিডেন্ট ফ্রি র‍্যাডিক্যাল ক্ষতি প্রতিরোধ করে। ত্বককে ভালো রাখতে আপনার ত্বকের জন্য উপযুক্ত একটি ভালো ময়েশ্চারাইজার ব্যবহার করুন। রেটিনয়েড (ভিটামিন এ ডেরিভেটিভ) ব্যবহারে কোনো ক্ষতি নেই। রেটিনয়েড কোলাজেন উৎপাদন ঘটায় এবং ত্বকের মৃত স্তরগুলোকে ঝরে ফেলতে সাহায্য করে, যা ত্বকের সূক্ষ্ম রেখাগুলো কমাতে সাহায্য করে। তবে, এটি আপনার ত্বকে জ্বালাপোড়া সৃষ্টি করতে পারে। রাতে অল্প পরিমাণে ব্যবহার করুন এবং মুখে ঘষবেন না। রেটিনয়েডের ক্ষেত্রে সকালে সানস্ক্রিন ব্যবহার করা বাধ্যতামূলক কারণ এটি ত্বককে সূর্যের আলোর প্রতি সংবেদনশীল করে তোলে। শুরুতে এটি দুই ঘণ্টা ব্যবহার করুন এবং ত্বকের সংবেদনশীলতা কমে গেলে আপনি রাতে এটি ব্যবহার করতে পারেন। আপনার বয়স এখনও ২৯, তাই বার্ধক্য রোধ করতে আপনি ভিটামিন এ, সি, ই সহ নাইট ক্রিমও ব্যবহার করতে পারেন। রেটিনয়েডের তুলনায় এই ধরনের ক্রিমে জ্বালাপোড়া হওয়ার সম্ভাবনা কম। আশা করি এটি আপনার প্রশ্নের উত্তর দিয়েছে। ভালো থাকবেন।"
61940,"হেলো, ডেইরি, আমি আপনার প্রশ্নটি দেখেছি। আমি আপনার উদ্বেগ বুঝতে পারছি। আপনার মেয়ের খিঁচুনি হয়েছে, তাই তাকে এনক্যাট (সোডিয়াম ভ্যালপ্রোয়েট) দেওয়া হয়েছে। সাধারণত এটি লিভারের কার্যকারিতাকে খুব একটা প্রভাবিত করে না। ওজন বৃদ্ধি, ত্বকে র‍্যাশ, চুল পড়া এবং ডায়রিয়া এর সাধারণ পার্শ্বপ্রতিক্রিয়া। তার লিপিড প্রোফাইল পরীক্ষায় কিছু সমস্যা আছে। তার পুনরায় লিপিড প্রোফাইল পরীক্ষা করা উচিত। চিন্তা করবেন না, এটি স্বাভাবিক হয়ে যাবে। আপনার চিকিৎসকের পরামর্শ অনুযায়ী এনক্যাট চালিয়ে যান। আশা করি আমি আপনার প্রশ্নের উত্তর দিতে পেরেছি, যদি আপনার কোনো সন্দেহ থাকে তবে আমার সাথে bit.ly/ নাসেনিয়া ডক-এ যোগাযোগ করুন। নাসেনিয়া ডক ব্যবহার করার জন্য ধন্যবাদ। আপনার সুস্বাস্থ্য কামনা করি।"
76632,"হেলো, নাসেনিয়া ডকে আপনাকে স্বাগতম। যেহেতু আপনার মেয়ে ধুলোবালিতে অ্যালার্জির কথা জানে, তাই তার খুব সতর্ক থাকা উচিত, অন্যথায় এটি জীবনের জন্য বিপজ্জনক হতে পারে। আমি তাকে অ্যাবসোলিউট ইওসিনোফিল কাউন্ট (AEC) পরীক্ষা করার পরামর্শ দেব, যা অ্যালার্জির অবস্থায় বেড়ে যায়। বর্তমান উপসর্গের জন্য আপনি তাকে ট্যাব মন্টে এলসি (Tab Monte LC) দিতে পারেন যা উপসর্গ নিয়ন্ত্রণে সাহায্য করে, তবে এটি সাময়িক। এই অ্যালার্জির লক্ষণগুলো থেকে নিজেকে রক্ষা করার জন্য তাকে এই ধুলোবালির অ্যালার্জেনগুলো এড়িয়ে চলতে হবে। আমি তাকে স্কিন প্রিক টেস্ট (SPT) করার পরামর্শ দেব, যাতে এই উপসর্গগুলোর জন্য দায়ী ধুলোর ধরন শনাক্ত করা যায় এবং নিজেকে এই ধুলোর সংস্পর্শ থেকে দূরে রাখা যায়। অন্যথায়, আপনি সাবকিউটেনিয়াস ইমিউনোথেরাপি (SUIT) বা সাবলিঙ্গুয়াল ইমিউনোথেরাপি (SLIT) দিয়ে ইমিউনোথেরাপি নিতে পারেন। ধন্যবাদ।"
93606,"হেলো, পিঠের নিচের দিকের সমস্যা বায়োটিনের কারণে হওয়ার সম্ভাবনা কম। বায়োটিন হলো পানিতে দ্রবণীয় একটি ভিটামিন যা শরীরে প্রবেশ করলে দ্রবীভূত হয় এবং প্রস্রাবে নির্গত হয়। ১০০০ মাইক্রোগ্রাম বায়োটিন গ্রহণ করলে শরীর থেকে অতিরিক্ত বায়োটিন বেরিয়ে যায়। তবে, অতিরিক্ত মাত্রায় সেবন করলে এটি পাকস্থলীর সমস্যা, পেট ফাঁপা এবং ত্বকে অ্যালার্জির কারণ হতে পারে। পিঠের নিচের দিকের ব্যথা আপনার পেশী, কিডনি বা মেরুদণ্ডের স্নায়ুর কোনো সমস্যার কারণে হতে পারে। সঠিক ক্লিনিকাল পরীক্ষা এবং চিকিৎসার জন্য আপনার ডাক্তারের সাথে পরামর্শ করার পরামর্শ দেওয়া হচ্ছে। আশা করি আমি আপনার প্রশ্নের উত্তর দিতে পেরেছি। আমি আপনাকে আরও কোনোভাবে সাহায্য করতে পারি কিনা তা জানাবেন।"
5109,"হেলো, গর্ভাবস্থার বয়স এবং গর্ভাবস্থার অবস্থা পরীক্ষা করার জন্য আপনি একটি টিভিএস (TVS) স্ক্যান এবং বিটা-এইচসিজি (beta-hCG) রক্ত পরীক্ষা করবেন। এরপর পরবর্তী চিকিৎসার জন্য আপনাকে একজন স্ত্রীরোগ বিশেষজ্ঞের পরামর্শ নিতে হবে। গর্ভপাত সম্পন্ন করার জন্য আপনাকে ডি অ্যান্ড সি (D&C) পরীক্ষা করাতে হতে পারে। অন্যথায়, যদি সমস্ত রিপোর্ট স্বাভাবিক সীমার মধ্যে থাকে এবং গর্ভপাতের কোনো লক্ষণ না থাকে, তবে আপনি চাইলে আপনার গর্ভাবস্থা চালিয়ে যেতে পারেন। শুভকামনা।"
89173,"হেলো! অনুসন্ধানের জন্য ধন্যবাদ। ব্যথার অবস্থান না জেনে সঠিক উত্তর দেওয়া সত্যিই কঠিন। আপনার ব্যথা কোনো স্নায়ুর আঘাত (নিতম্বের এলাকায়) বা অঙ্গের আঘাতের কারণে হতে পারে। আঘাত সরাসরি পেটে না হলেও এটি আঘাত হতে পারে। অনুগ্রহ করে আপনার ডাক্তারের সাথে দেখা করুন এবং পেটের আল্ট্রাসাউন্ড ও রক্ত পরীক্ষা করান। যদি গুরুতর কিছু ঘটে থাকে, তবে পেটে তরল বা হিমোগ্লোবিনের মাত্রা কম থাকা উচিত। আশা করি এটি সাহায্য করবে। শুভেচ্ছা।"
30105,"হেলো এবং নাসেনিয়া ডকে আপনাকে স্বাগতম, আপনার অনুসন্ধানের জন্য ধন্যবাদ। এই ফলাফলগুলো যক্ষ্মার কোনো নির্দিষ্ট অংশ প্রকাশ করতে পারে না এবং যক্ষ্মার উৎস যাচাই করার জন্য আপনাকে এমআরআই (MRI) বা পেটের সিটি (CT) এর মতো আরও বিস্তারিত ইমেজিং পরীক্ষা করতে হবে। এই রক্ত পরীক্ষার ফলাফলগুলো যক্ষ্মার কারণে প্রদাহের ইঙ্গিত দেয়। আপনার উপসর্গগুলো সিস্টেমিক সংক্রমণের লক্ষণ, তাই আপনার চিকিৎসা চালিয়ে যাওয়া উচিত, তবে এই মুহূর্তে যক্ষ্মা কতটা ছড়িয়েছে তা যাচাই করার জন্য আমি যে পরীক্ষাগুলো করার পরামর্শ দিচ্ছি তা করিয়ে নিন। আপনার সুস্বাস্থ্য কামনা করি। শুভেচ্ছা।"
46556,"আমি আপনাকে আপনার ওজন এবং আপনি কীভাবে পিঠের ব্যথায় ভুগছেন তা জানতে চাই। হ্যাঁ, লক্ষণগুলো একে অপরের সাথে সম্পর্কিত, তবে আমি তা নিশ্চিত করতে চাই। আপনার কি কোনো অসাড়তা বা অনুভূতি কমে যাচ্ছে এবং পিঠ বা নিতম্ব থেকে কি ব্যথা পা ও পায়ের আঙুল পর্যন্ত ছড়িয়ে পড়ছে... যদি হ্যাঁ হয় এবং আপনি স্থূল হন, তবে এটি সায়াটিকা হতে পারে এবং হ্যাঁ, বিশ্রাম এবং মাসল রিলাক্স্যান্টের মাধ্যমে এটি উপশম হয়। কিছু ক্লিনিক্যাল পরীক্ষা আপনার সায়াটিকা নিশ্চিত করবে। আমি আপনাকে ভারী ওজন তোলা, মেঝে থেকে বসা বা ওঠার চেষ্টা না করার এবং কাজ করার সময় বা বসে থাকার সময় সঠিক অঙ্গভঙ্গি ব্যবহার না করার পরামর্শ দিচ্ছি।"
21718,"হেলো, ডেইরি, আমি আপনার প্রশ্নটি দেখেছি। আমি আপনার উদ্বেগ বুঝতে পারছি। তার বগলের লিম্ফ নোড বড় হয়ে যাওয়া, কোনো সিস্ট বা সফট টিস্যু টিউমার থাকতে পারে। তার সেই পিণ্ডটির ফাইন নিডল অ্যাসপিরেশন সাইটোলজি (FNAC) বা বায়োপসি করা উচিত। এটি আপনাকে সঠিক রোগ নির্ণয়ে সাহায্য করবে। তারপর সেই অনুযায়ী তার চিকিৎসা নেওয়া উচিত। আশা করি আমি আপনার প্রশ্নের উত্তর দিতে পেরেছি, যদি আপনার কোনো সন্দেহ থাকে তবে আমার সাথে bit.ly/ নাসেনিয়া ডক-এ যোগাযোগ করুন। নাসেনিয়া ডক ব্যবহার করার জন্য ধন্যবাদ। আপনার সুস্বাস্থ্য কামনা করি।"
46663,নাসেনিয়া ডকে আপনার প্রশ্নের জন্য ধন্যবাদ। আমার মতে আপনার ভাইরাল আপার রেসপিরেটরি ট্র্যাক্ট ইনফেকশন (ইউআরআই) হয়েছে এবং এর কারণে ব্রঙ্কাইটিস ও হাঁপানি আরও খারাপ হচ্ছে। ভাইরাল সংক্রমণ অন্তর্নিহিত হাঁপানি বা ব্রঙ্কাইটিসের অবনতির ঝুঁকির কারণ হিসেবে পরিচিত। তাই একজন পালমোনোলজিস্টের (ফুসফুস বিশেষজ্ঞ) সাথে পরামর্শ করা এবং পিএফটি (পালমোনারি ফাংশন টেস্ট) করানো ভালো। হাঁপানি এবং ব্রঙ্কাইটিস নির্ণয়ের জন্য পিএফটি প্রয়োজন। এটি রোগের তীব্রতা সম্পর্কেও জানায়। আর চিকিৎসা শুধুমাত্র তীব্রতার ওপর নির্ভর করে। তাই আপনার ইনহেলড ব্রঙ্কোডাইলেটর এবং অ্যান্টিহিস্টামিনের প্রয়োজন হতে পারে। আপনার কাশি মূলত অনিয়ন্ত্রিত হাঁপানি বা ব্রঙ্কাইটিসের কারণে হচ্ছে। একজন পালমোনোলজিস্টের সাথে পরামর্শ করে সেই অনুযায়ী চিকিৎসা শুরু করা ভালো।
34258,"হেলো প্রিয়, এত অল্প বয়সে স্মৃতিশক্তির প্রতিবন্ধকতা সঠিকভাবে মূল্যায়ন করা প্রয়োজন। আপনার অবশ্যই মস্তিষ্কের এমআরআই স্ক্রিনিং করানো উচিত। রক্ত পরীক্ষায় ভিটামিন বি১২ এবং ফলিক অ্যাসিডের মাত্রা, থাইরয়েড প্রোফাইল, সিরাম ইউরিয়া, ক্রিয়েটিনিন এবং রক্তে শর্করার মাত্রা অন্তর্ভুক্ত থাকবে। সঠিক পরীক্ষা এবং মূল্যায়নের জন্য আপনাকে একজন স্নায়ুরোগ বিশেষজ্ঞের (নিউরোলজিস্ট) পরামর্শ নিতে হবে। বিষণ্নতার মূল্যায়নের জন্য আপনি একজন মনোরোগ বিশেষজ্ঞের পরামর্শ নিতে পারেন। আশা করি আপনি দ্রুত সুস্থ হয়ে উঠবেন। ঈশ্বর আপনার মঙ্গল করুন।"
104980,"হেলো গিলবার্ট সিনড্রোম। এটি আপনার লিভারে একটি নির্দিষ্ট এনজাইমের ঘাটতি, যা কিছু লিভার পরীক্ষার ফলাফল বাড়িয়ে দেয়। মানুষ এতে কষ্ট পায় না, শুধু একটি বিষয় যা আপনাকে অবশ্যই দেখতে হবে তা হলো হলুদ স্ক্লেরা (স্বাভাবিক সাদার পরিবর্তে হলুদ চোখ), বিশেষ করে অ্যালকোহল পানের পর। অথবা এটি কোনো ওষুধের কারণেও হতে পারে। তবে আপনার চিন্তিত হওয়ার কিছু নেই, লক্ষ লক্ষ মানুষের এটি রয়েছে। তাই জীবন উপভোগ করুন এবং আপনার সুস্থ জীবন বজায় রাখুন।"
21446,"হেলো, আমাদের কাছে লেখার জন্য ধন্যবাদ। ১১ দিন আগে পিত্তথলির অস্ত্রোপচার করা হয়েছে, আমার মনে হয় অস্ত্রোপচারের ক্ষত শুকাতে আপনাকে আরও কিছুটা সময় দিতে হবে। আমি আপনার তীব্র ব্যথার জন্য সহানুভূতি প্রকাশ করছি এবং আপনার জরুরি বিভাগে (ER) যাওয়া যুক্তিযুক্ত। পিত্তথলির অস্ত্রোপচারের পর, ছোট টিউবে কিছু ছোট পাথর থাকতে পারে যার মধ্য দিয়ে পিত্ত ডুওডেনামে (সাধারণ পিত্তনালী) চলে যায়। এটি ব্যথার কারণ হতে পারে। পিত্ত প্রবাহে কোনো ব্লকেজের কারণেও ব্যথা হতে পারে, যা কিছু রোগীর ক্ষেত্রে ঘটে এবং আপনার একজন স্ত্রীরোগ বিশেষজ্ঞের মাধ্যমে এটি পরীক্ষা করানো প্রয়োজন। আশা করি এটি আপনাকে সাহায্য করবে।"
106800,"হেলো, আপনার প্রশ্নটি পড়ার পর আমি আপনার উদ্বেগ বুঝতে পেরেছি। আমি আপনাকে জানাতে চাই যে আপনার বাবার জরুরি চিকিৎসা প্রয়োজন কারণ তার হার্ট অ্যাটাক হতে পারে এবং এখন তার এনজাইনা অস্থিতিশীল। ৯০% ব্লকেজ থাকা ধমনীতে তার উপসর্গ, বমি এবং সুগন্ধি ঘাম হওয়া সাধারণত হার্ট অ্যাটাকের ইঙ্গিত দেয়। আপনার জন্য ব্যক্তিগতভাবে একজন হৃদরোগ বিশেষজ্ঞের সাথে পরামর্শ করা এবং রোগ নির্ণয়ের জন্য তার এনজিওগ্রাফি করানো বাঞ্ছনীয়। তার হৃদপিণ্ডের কার্যকারিতা বজায় রাখতে এবং উপসর্গগুলো উপশমের জন্য তার এনজিওপ্লাস্টির প্রয়োজন হবে। আশা করি এটি আপনার প্রশ্নের উত্তর দিয়েছে। শুভেচ্ছা রইল।"
11922,"হেলো, যেহেতু সে ২ সপ্তাহ ধরে জ্বর ও কাশিতে ভুগছে, তাই এই সমস্যার সঠিক কারণ খুঁজে বের করার জন্য রক্ত পরীক্ষা, প্রস্রাব পরীক্ষা এবং বুকের এক্স-রে করার মতো কিছু পরীক্ষা করিয়ে নেওয়া ভালো। প্রস্রাবের গাঢ় রঙ মুখে খাওয়ার পরিমাণ কমে যাওয়ার কারণে ঘন প্রস্রাব এবং নাসেনিয়া ডককে অস্বীকার করার কারণে হতে পারে। তাকে প্রচুর পরিমাণে তরল খাবার, ওআরএস (ORS) সলিউশন, জুস ইত্যাদি দিন। রিফাম্পিসিন, মেট্রোনিডাজল, সালফসাজিন ইত্যাদির মতো অ্যান্টিবায়োটিক প্রস্রাবের রঙের পরিবর্তন ঘটাতে পারে, তবে এগুলো আপনার ডাক্তারের পরামর্শ অনুযায়ী সেবন করার সম্ভাবনা কম।"
96407,"নাসেনিয়া ডকে আপনাকে স্বাগতম। আমি আপনার প্রশ্নটি দেখেছি এবং আপনার চিকিৎসক হিসেবে আমি আপনার স্বাস্থ্য সংক্রান্ত উদ্বেগগুলো পুরোপুরি বুঝতে পারছি। আপনি কতদিন ধরে এই সমস্যায় ভুগছেন? এর সাথে অন্য কোনো সমস্যা আছে কি? যেমন ডায়াবেটিস? ৪০ বছর বয়সের আগে উচ্চ রক্তচাপের কারণ অনুসন্ধান করা সবসময়ই উচিত। আমি যদি আপনার চিকিৎসক হতাম, তবে আমি আপনার কিডনি, রেনাল আর্টারি এবং একজন নাসেনিয়া ডকের পরামর্শ নিতাম। সমস্ত সম্ভাব্য কারণগুলো বাদ দেওয়ার পর, আমরা এটিকে এসেনশিয়াল হাইপারটেনশন হিসেবে নিশ্চিতভাবে গণ্য করতে পারি। দ্বিতীয়ত, উচ্চ রক্তচাপের চিকিৎসা শুরু করার পর আমি জটিলতার পাশাপাশি অন্যান্য ঝুঁকির কারণগুলোও খতিয়ে দেখব। ভবিষ্যতের রেফারেন্সের জন্য আপনার বেসলাইন ইসিজি (ECG) বুকের এক্স-রে, সিরাম কোলেস্টেরলের মাত্রা, ইউরিয়া ক্রিয়েটিনিন পরীক্ষা করা উচিত। ইতিমধ্যে, শান্ত থাকুন এবং আপনার হৃদরোগ বিশেষজ্ঞের সাথে দেখা করুন। দ্রুত সুস্থ হয়ে উঠুন। আশা করি আপনার প্রশ্নের যথাযথ উত্তর দেওয়া হয়েছে।"
81295,"নাসেনিয়া ডকে পরামর্শের জন্য আপনাকে ধন্যবাদ। আমি আপনার উদ্বেগ বুঝতে পারছি। আপনার মেয়ে একটি সংক্রমণে ভুগছে যা সাধারণ সর্দি-কাশির মতোই। যেহেতু সমস্যাটি তার গলায়, তাই গলা এবং মধ্যকর্ণের মধ্যে অভ্যন্তরীণ সংযোগ বিঘ্নিত হয়ে তার কানের ওপর প্রভাব পড়ছে। গলা সাইনাসের সাথে যুক্ত এবং সাইনোসাইটিসের কারণে চোখের পেছনের ব্যথা অস্বাভাবিক বলে মনে হচ্ছে, যার ফলে সে চোখের ব্যথার অভিযোগ করছে। তবে শেষ পর্যন্ত এই সবকিছুই একই সংক্রমণের বহিঃপ্রকাশ। এই মুহূর্তে আপনার চিন্তিত হওয়ার প্রয়োজন নেই। ডাক্তারের পরামর্শ মেনে চলুন। আপনার শিশুকে হালকা গরম পানি দিয়ে গার্গল করানো ভালো হবে। তার ব্যথা কমানোর জন্য আপনি ডিসপারসিবল ট্যাবলেট যোগ করতে পারেন। লেভোসেটিরিজিনের মতো কিছু অ্যান্টি-অ্যালার্জিক ওষুধ সহায়ক হতে পারে। আশা করি আমার উত্তরটি আপনার জন্য সহায়ক হবে। আমি যেকোনো সময় সাহায্য করতে পেরে খুশি। নাসেনিয়া ডকে আরও স্পষ্টীকরণ এবং পরামর্শের জন্য স্বাগত। আপনার সন্তানের সুস্বাস্থ্য কামনা করি।"
43413,"হেলো, নাসেনিয়া ডকে আপনাকে স্বাগতম। আপনি কীভাবে বুঝবেন আপনার ফাইব্রয়েড আছে? আমি জানতে চাই কারণ রোটারি ফাইব্রয়েড হলো এমন একটি শব্দ যা অস্ত্রোপচারের সময় আবিষ্কৃত ছোট ফাইব্রয়েডের জন্য ব্যবহৃত হয়। এগুলো একটি আকস্মিক ফলাফল। এগুলো এতই ছোট যে আল্ট্রাসাউন্ডেও এগুলো শনাক্ত করা যায় না। চিন্তার কিছু নেই। আপনাকে যা করতে হবে তা হলো, বছরে একবার আল্ট্রাসাউন্ড করা এবং এর আকার পর্যবেক্ষণ করার জন্য একজন স্ত্রীরোগ বিশেষজ্ঞের পরামর্শ নেওয়া। তবে যদি আপনার মাসিকের সময় অতিরিক্ত রক্তপাতের লক্ষণ দেখা দেয় বা খিঁচুনি হয়, তবে আপনার কিছু ওষুধের প্রয়োজন হতে পারে।"
83999,"হেলো, হ্যাঁ, দাঁতের ফাঁক বন্ধ করার জন্য অবশ্যই অর্থোডন্টিক ব্যান্ড বা অর্থোডন্টিক ব্যান্ড কাজ করে। অটোফিল এবং অন্যান্য অর্থোডন্টিক ব্যান্ডের মতো পণ্যগুলো বিশেষভাবে ডিজাইন করা অর্থোডন্টিক ইলাস্টিক, যাতে কোনো ল্যাটেক্স থাকে না এবং এগুলো স্বাদহীন এবং খুব কমই দেখা যায়। বড় ফাঁকাগুলো পুরোপুরি পূরণ হবে বলে আশা করবেন না, তবে ছোট ফাঁকাগুলো নিশ্চিত করা হয়েছে, যা ভালো ফলাফল দেয়। আশা করি আমি আপনার প্রশ্নের উত্তর দিতে পেরেছি। আমি আপনাকে আরও কোনোভাবে সাহায্য করতে পারি কিনা তা জানাবেন। ভালো থাকবেন।"
65781,"হেলো প্রিয়, আপনার উদ্বেগ বুঝতে পারছি। আপনার দাঁতে অ্যাবসেস বা ফোড়া হয়েছে এবং ডাক্তার আপনাকে অ্যান্টিবায়োটিক ও ব্যথানাশক ওষুধ দিয়েছেন, যা ওষুধের সঠিক পছন্দ। মুখে ফোলাভাবের কারণ হলো মুখের গহ্বরের অন্যান্য অংশে সংক্রমণ ছড়িয়ে পড়তে পারে, যেমন মুখের মেঝে বা জিহ্বা এবং ফোলাভাব। অ্যালার্জির প্রতিক্রিয়া হওয়ার সম্ভাবনা খুবই কম। আমি আপনাকে পরামর্শ দেব যে আপনি যা করতে পারেন তা নিচে দেওয়া হলো।"
99786,"হেলো। এটি বেরির কারণে হতে পারে না কারণ এখানে কোনো বাধা থাকলে বমি বমি ভাব, বমি এবং কোষ্ঠকাঠিন্য হতো। যেহেতু আপনার ব্যথা প্রায় দীর্ঘস্থায়ী, তাই এটি অন্ত্রের সংক্রমণ হতে পারে। অ্যান্টিবায়োটিক, মেট্রোনিডাজল এবং প্রোবায়োটিকের একটি কোর্স সাহায্য করতে পারে। একজন ডাক্তারের মাধ্যমে পরীক্ষা করানো ভালো, কারণ আপনার ক্লিনিকাল চিকিৎসা এবং প্রেসক্রিপশনও প্রয়োজন। নিরাপদ দিক থেকে অন্য কোনো জৈব ক্ষত আছে কি না তা নিশ্চিত হতে আল্ট্রাসনোগ্রাফি করান।"
11938,"হেলো। যেহেতু চোয়ালের হাড়ের পেছনে এবং চিবুকের নিচে আপনার ঘাড়ের উভয় পাশে ব্যথা এবং ব্যথা রয়েছে, এটি অতিরিক্ত আঘাতের ইঙ্গিত দেয়, কারণ দাঁত তোলার ফলে হাড়, পার্শ্ববর্তী পেশী এবং স্নায়ুর অতিরিক্ত ক্ষতি হতে পারে। তাই সেই সময় হাড় ও পেশির ক্ষতির কারণে ব্যথা ও কালশিটে পড়তে পারে। চিবুকের নিচের অংশের ক্ষেত্রে, সংশ্লিষ্ট এলাকায় আপনার স্নায়ু ক্ষতিগ্রস্ত হতে পারে। তাই ব্যথা এখনও রয়ে গেছে। সংক্রমণ খুব দীর্ঘস্থায়ী হয় না এবং আপনি ইতিমধ্যে দীর্ঘ সময় ধরে অ্যান্টিবায়োটিক গ্রহণ করেছেন। তবে নিশ্চিত হওয়ার জন্য, নিজের ক্লিনিকাল পরীক্ষা করান এবং একটি ওপিজি এক্স-রে করান এবং এখানে পোস্ট করুন। ইতিমধ্যে, দিনে তিনবার অর্থোডক্স জাতীয় ব্যথানাশক ওষুধ সেবন করুন। আপনার দ্রুত আরোগ্য কামনা করছি। শুভেচ্ছান্তে, নাসেনিয়া ডক।"
12769,"হেলো, আপনার পিরিয়ডের বিষয়ে বলতে গেলে, এই বয়সে পিরিয়ড অনিয়মিত হওয়া খুবই সাধারণ একটি বিষয়, কারণ এটি মেনোপজের সময়। ফাইব্রোমায়ালজিয়ার বিষয়ে বলতে গেলে, এটি শারীরবৃত্তীয় নয়, বরং মনস্তাত্ত্বিক। ফাইব্রোমায়ালজিয়ায় আক্রান্ত রোগীর ব্যথার জন্য নিচের দিকে থাকা আবশ্যক নয়, আপনার লক্ষণ অনুযায়ী এটি ফাইব্রোমায়ালজিয়া বলে মনে হচ্ছে। আপনার রুটিনে ব্যায়াম অন্তর্ভুক্ত করা উচিত, সময়মতো ঘুমাতে যাওয়া উচিত এবং আপনার ঘুমের উন্নতি করা উচিত। নিজের যত্ন নেবেন। আশা করি আমি আপনার প্রশ্নের উত্তর দিতে পেরেছি। আমি আপনাকে আরও কোনোভাবে সাহায্য করতে পারি কিনা তা জানাবেন।"
60896,"হেলো! নাসেনিয়া ডকে জিজ্ঞাসা করার জন্য আপনাকে ধন্যবাদ! আমি আপনার প্রশ্নটি মনোযোগ দিয়ে পড়েছি এবং আপনার উদ্বেগ বুঝতে পেরেছি। ইআর-এ করা ইসিজি এবং কার্ডিয়াক এনজাইমের মাত্রা কি অস্বাভাবিক ছিল? তার রক্তচাপ কত ছিল? এই লক্ষণগুলো কার্ডিয়াক অ্যারিথমিয়ার সাথে সম্পর্কিত হতে পারে। এছাড়া, অন্যান্য কারণগুলোও বিবেচনা করা উচিত। যেমন- -কশেরুকার ধমনীর অকার্যকারিতা -পেরিফেরাল ভার্টিগো ইত্যাদি। আপনার দিনে কয়েকবার তার রক্তচাপ নিবিড়ভাবে পর্যবেক্ষণ করা উচিত এবং সেই মানগুলো তার ডাক্তারকে জানানো উচিত। আমি মস্তিষ্কে রক্ত প্রবাহ পরীক্ষা করার জন্য সার্ভিকাল রক্ত প্রবাহ পরীক্ষা করার জন্য একটি ডপলার আল্ট্রাসাউন্ড করার পরামর্শ দিচ্ছি। আশা করি সাহায্য করতে পেরেছি! শুভকামনা।"
91084,"হেলো, আপনার সংক্ষিপ্ত ইতিহাস জানানোর জন্য ধন্যবাদ। যেহেতু আপনি দুটি অস্ত্রোপচার করিয়েছেন, তাই এটি শুনে খুব খারাপ লাগছে। এই মুহূর্তে আপনাকে ফিজিওথেরাপি চেষ্টা করতে হবে এবং সেখান থেকে সাহায্য নিতে হবে। যেহেতু এটি নন-ইনভেসিভ এবং নিরাপদ, তাই এটি সময়সাপেক্ষ এবং ধীরগতির হবে, তবে এটি আপনার শরীরের ওপরও কাজ করবে এবং উপসর্গগুলো কমাতে সাহায্য করবে। আমি পিঠের অস্ত্রোপচার ব্যর্থ হতে দেখেছি এবং সেগুলো ওষুধ ও ফিজিওথেরাপির মাধ্যমে সারিয়ে তোলার চেষ্টা করেছি। সবকিছু ভালো কাজ করেছে। আমি আপনার কাছ থেকেও একই আশা করি। যা প্রয়োজন তা হলো ধৈর্য এবং অনুপ্রেরণা। ঈশ্বরের কৃপায় আপনি খুব শীঘ্রই এই অবস্থা থেকে বেরিয়ে আসবেন।"
84539,"হেলো, আপনার জিজ্ঞাসা অনুযায়ী আপনার মাথায় টাক পড়ার লক্ষণ রয়েছে, যা হেয়ার ফলিকলের সংবেদনশীলতার কারণে হতে পারে। এটি বংশগত কারণ এবং পুষ্টির অভাবের কারণেও হতে পারে। চিন্তার কিছু নেই। আমি আপনাকে মেইনটপ লোশন ব্যবহার করার এবং সঠিকভাবে ম্যাসাজ করার পরামর্শ দেব। আমি আপনাকে একজন ট্রাইকোলজিস্টের সাথে পরামর্শ করার এবং সম্পূর্ণ পরীক্ষা করানোর পর চিকিৎসা শুরু করার পরামর্শ দিচ্ছি। আপনার বায়োটিন এবং মাল্টিভিটামিন সাপ্লিমেন্ট নেওয়া উচিত এবং মুখে খাওয়ার ফিনাস্টেরাইড গ্রহণ করা উচিত। হালকা গরম নারিকেল তেল দিয়ে মাথার ত্বক ম্যাসাজ করুন। সঠিক স্বাস্থ্যবিধি বজায় রাখুন। আশা করি আমি আপনার প্রশ্নের উত্তর দিতে পেরেছি। আমি আপনাকে আরও কোনোভাবে সাহায্য করতে পারি কিনা তা জানাবেন।"
56488,"হেলো। নাসেনিয়া ডকে আপনাকে স্বাগতম। আমি আপনার প্রশ্নটি দেখেছি এবং আপনার উদ্বেগ বুঝতে পারছি। আপনার অভিযোগ অনুযায়ী, আপনার মোলার দাঁত এবং বুকে ব্যথা হয়েছে, যদিও সংক্রমিত দাঁতের মধ্যে সরাসরি সম্পর্ক রয়েছে যা রক্তপ্রবাহের মাধ্যমে এন্ডোকার্ডিয়ামের ভেতরের স্তর এবং হৃদপিণ্ডের ভালভে পৌঁছে সংক্রমণ ঘটাতে পারে এবং এই অবস্থাকে ব্যাকটেরিয়াল এন্ডোকার্ডাইটিস বলা হয়, তবে এটি অত্যন্ত বিরল এবং এটি কেবল বুকের ব্যথার মতো সংক্ষিপ্ত হতে পারে না। কাঁপুনি, ফ্যাকাশে ভাব, ক্রমাগত কাশি ইত্যাদি বুকে ব্যথার অন্যান্য অনেক কারণ থাকতে পারে, যা হজমজনিত সমস্যা যেমন অ্যাসিড রিফ্লাক্স ও গ্যাস, কার্ডিওভাসকুলার হৃদরোগ বা শ্বাসযন্ত্রের সমস্যার সাথে সম্পর্কিত হতে পারে। ব্যথার সঠিক কারণ নির্ণয়ের জন্য আপনার একজন চিকিৎসকের পরামর্শ নেওয়া এবং মূল্যায়ন করানো প্রয়োজন। সংক্রমিত এবং ভাঙা দাঁতের বিষয়ে বলতে গেলে, আপনার একজন ডেন্টিস্টের সাথে অ্যাপয়েন্টমেন্ট নেওয়া উচিত এবং এক্স-রে সহ মূল্যায়ন করা উচিত, যাতে দাঁতের সঠিক অবস্থা নির্ণয় করা যায় এবং দাঁত ফিলিং করে চিকিৎসা করা যায়। তবে সংক্রমণ গভীর রুট ক্যানেল চিকিৎসার পর দাঁত ক্যাপিং করা যেতে পারে। দাঁত ক্যানেল করার ক্ষেত্রে দাঁত তুলে ফেলার প্রয়োজন হতে পারে এবং সমস্ত চিকিৎসা অ্যান্টিবায়োটিক ও ব্যথানাশক ওষুধের মাধ্যমে করা হবে। আশা করি এই তথ্যটি আপনার উপকারে আসবে। আপনি যদি উত্তরটি সহায়ক মনে করেন, তবে অনুগ্রহ করে আমাকে ফাইভ-স্টার রিভিউ দিন এবং কৃতজ্ঞতাস্বরূপ 'ফাউন্ড দ্য অ্যানসার হেল্পফুল' বাটনে ক্লিক করুন। ধন্যবাদ ও শুভেচ্ছা। নাসেনিয়া ডক।"
104563,"হেলো, প্রশ্ন করার জন্য ধন্যবাদ। এই ২ বছর বয়সী শিশুর লিভার এনজাইম এবং হেপাটোমেগালি বেড়ে যাওয়ার বিষয়টি লক্ষ্য করেছি। এখানে হ্যাঁ, বিপাকীয় ব্যাধির সম্ভাবনা রয়েছে। যেমন গ্লাইকোজেন স্টোরেজ ডিসঅর্ডার বা টাইরোসিন। বিস্তারিত পরীক্ষা-নিরীক্ষা এবং সম্পূর্ণ ইতিহাস নেওয়া প্রয়োজন। প্রয়োজনে লিভার বায়োপসি করা যেতে পারে। তার প্যাথলজিক্যাল পরীক্ষা করা প্রয়োজন। নিমান পিক ডিজিজ বা উইলসন ডিজিজও জন্মগত রক্তাল্পতার কারণ হতে পারে। এটিও বাদ দেওয়া হয়েছে। প্রয়োজনে সিকল সেল বা সিকল সেল আছে কিনা তা নিশ্চিত করতে রক্তের নমুনা থেকে ইলেক্ট্রোফোরসিস করা যেতে পারে। আশা করি আপনার সমস্যার সমাধান হয়েছে।"
24367,"হেলো, আমি আপনার কেসটি পর্যালোচনা করেছি। আপনার উপসর্গ অনুযায়ী ঘাড়ের ব্যথা ডিস্ক বাল্জ আপনার সার্ভিকাল মেরুদণ্ডকে সংকুচিত করার কারণে হতে পারে। আরেকটি সম্ভাবনা হলো থোরাসিক আউটলেট অবস্ট্রাকশন, যা রক্তনালীকে সংকুচিত করে ঠান্ডা অনুভূতির সৃষ্টি করে। মিথাইলকোবালামিনের সাথে মাসল রিলাক্স্যান্ট এবং ব্যথানাশক ওষুধ ব্যথা কমাতে সাহায্য করবে, আপনি আপনার চিকিৎসকের পরামর্শ নিয়ে এগুলো সেবন করতে পারেন। এমআরআই এবং কালার ডপলার রোগ নির্ণয়ে সাহায্য করবে। এছাড়াও আপনার রক্তে ভিটামিন বি১২-এর মাত্রা পরীক্ষা করুন। আশা করি এটি সাহায্য করবে। আপনার দ্রুত আরোগ্য কামনা করছি। ভালো থাকবেন।"
275,"হেলো, ইরেক্টাইল ডিসফাংশন বা লিঙ্গোত্থানজনিত সমস্যাগুলোর কারণগুলো নিচে দেওয়া হলো। ১) মনস্তাত্ত্বিক ২) মানসিক চাপ ৩) ক্লান্তি ৪) ডায়াবেটিস ৫) অন্যান্য দীর্ঘস্থায়ী অসুস্থতা ৬) মেরুদণ্ডের আঘাত। পরামর্শের পর মিলনের এক ঘণ্টা আগে আপনি সিলডেনাফিল গ্রহণ করতে পারেন। চিকিৎসা মূলত অন্তর্নিহিত অবস্থার ওপর নির্ভর করে। অনুগ্রহ করে বিস্তারিত ইতিহাস অনুসরণ করুন অথবা একজন সেক্সোলজিস্টের পরামর্শ নিন। আশা করি আমি আপনার প্রশ্নের উত্তর দিতে পেরেছি। আমি আপনাকে আরও কোনোভাবে সাহায্য করতে পারি কিনা তা আমাকে জানান।"
43795,"হেলো, আমি আপনার প্রশ্নটি পড়েছি এবং আপনাকে জানাতে চাই যে এসএসআরআই (SSRI) হলো পোস্ট-ট্রমাটিক স্ট্রেস ডিসঅর্ডারে ব্যবহৃত প্রথম সারির চিকিৎসা। তবে যেহেতু এর পার্শ্বপ্রতিক্রিয়া রয়েছে, তাই আপনি আপনার চিকিৎসকের কাছে বিকল্পের জন্য জিজ্ঞাসা করতে পারেন। ভেনলাফ্যাক্সিন যা এসএআরআই (SARI) একটি ভালো বিকল্প। পিটিএসডি (PTSD)-তে ক্লোনাজেপামের কোনো প্রমাণিত উপকারিতা নেই, তবে কিছু মানুষের ক্ষেত্রে এটি কাজ করে। তবে আপনাকে আপনার চিকিৎসকের সাথে এটি নিয়ে আলোচনা করতে হবে কারণ এটি অভ্যাস তৈরি করে। আশা করি এটি আপনার প্রশ্নের উত্তর দিয়েছে। আপনার আরও কোনো প্রশ্ন থাকলে নির্দ্বিধায় লিখতে পারেন। নাসেনিয়া ডক বেছে নেওয়ার জন্য আপনাকে ধন্যবাদ।"
104399,"হেলো, আপনার বিবরণ থেকে মনে হচ্ছে আপনার মা সম্ভবত হাঁটুর পোস্ট-ট্রমাটিক আর্থ্রাইটিসে ভুগছেন অথবা পিঠ থেকে ব্যথার রেডিয়েশন হতে পারে। পায়ে স্ট্রেস ফ্র্যাকচারের আরও কিছু দূরবর্তী সম্ভাবনা রয়েছে। এটি থেকে মুক্তি পেতে আপনার নিচের পদক্ষেপগুলো নেওয়া উচিত। আপনি যা করতে পারেন তা নিচে দেওয়া হলো। আপনার ডাক্তারের সাথে পরামর্শ করুন এবং আক্রান্ত অংশের এক্স-রে করান। পরামর্শ অনুযায়ী ব্যায়াম চালিয়ে যান, তবে উচ্চ শক্তিশালীকরণ এবং সম্পূর্ণ পরিসরের নড়াচড়া এড়িয়ে চলুন। ব্যথা থেকে মুক্তি পেতে টাইলেনলের মতো হালকা ব্যথানাশক ওষুধ সেবন করুন। ক্যালসিয়াম, ভিটামিন ডি এবং সাধারণ মাল্টিভিটামিনের মতো কিছু সাপ্লিমেন্ট গ্রহণ করুন। আমি আপনার প্রশ্নের উত্তর দিতে পেরেছি। আমি আপনাকে আরও কোনোভাবে সাহায্য করতে পারি কিনা তা জানাবেন।"
83028,"হেলো, নাসেনিয়া ডকে আপনাকে স্বাগতম। ত্বকের ফোলাভাবের কারণ সম্পর্কে আপনার প্রশ্নটি আমি দেখেছি। ঘুমের অভাব, মৌসুমী অ্যালার্জি এবং খাদ্যাভ্যাস, দুর্বল রোগ প্রতিরোধ ক্ষমতা - এসবই চোখের নিচে এবং পায়ে ত্বকের ফোলাভাবের জন্য দায়ী। আপনার জীবনযাত্রা এবং দৈনন্দিন রুটিনে কিছু পরিবর্তন চোখের নিচে এবং পায়ে ত্বকের ফোলাভাব কমাতে সাহায্য করতে পারে। লবণ খাওয়া বন্ধ করুন। লবণাক্ত খাবার আপনার শরীরে পানি ধরে রাখতে পারে, যার ফলে ফোলাভাব ও ফোলাভাব দেখা দেয়। আপনার খাদ্যতালিকায় পানি যোগ করুন এবং প্রচুর পরিমাণে জল পান করুন। কিছু জলীয় শাকসবজি ও ফলমূলের মধ্যে রয়েছে শসা, লেটুস, সেলারি, তরমুজ, জাম্বুরা এবং গাজর। প্রক্রিয়াজাত খাবারে লবণ বেশি থাকে, যেমন হট ডগ, দুপুরের খাবার, হিমায়িত খাবার এবং বেকন। টিনজাত শাকসবজি এবং স্যুপের মতো টিনজাত খাবারেও লবণ বেশি থাকে। টেবিল লবণের পরিবর্তে খাবারের স্বাদ নিতে গোলমরিচের মতো মশলা ব্যবহার করুন। কেচাপ, সরিষা এবং সালাদের মতো মশলা ব্যবহার করুন। প্রক্রিয়াজাত খাবার এড়িয়ে চলুন। কার্বোহাইড্রেট, চিনি, ভাজা, ফাস্ট ফুড, চা, কফি, অ্যালকোহল এবং ধূমপান, মানসিক চাপ ও কোষ্ঠকাঠিন্য এবং অনিদ্রা আপনার শরীরে জৈব রাসায়নিক ও বিপাকীয় অবস্থা তৈরি করবে, যা আপনার রোগ প্রতিরোধ ক্ষমতা কমিয়ে দেবে। তাই শরীরকে ডিটক্স করার জন্য এবং রোগ প্রতিরোধ ক্ষমতা বাড়ানোর জন্য এটি অবশ্যই প্রথম পদক্ষেপ। সুস্থ রোগমুক্ত জীবনের জন্য আমাদের শক্তিশালী রোগ প্রতিরোধ ব্যবস্থার মূল ভিত্তি। আপনার মাথা ও পায়ের নিচে অতিরিক্ত বালিশ ব্যবহার করুন যাতে চোখের নিচে তরল জমা না হয়। আপনার মাথা সামান্য উঁচুতে রাখুন,"
87669,"হেলো, আমি ব্যাখ্যা করতে চাই যে হৃদস্পন্দন কমে যাওয়া উদ্বেগের সাথে সম্পর্কিত হতে পারে। তবুও, সারাদিন আপনার হৃদস্পন্দনের প্রবণতা পরীক্ষা করার জন্য এবং কার্ডিয়াক অ্যারিথমিয়া আছে কিনা তা নিশ্চিত করার জন্য আমি ২৪-৪৮ ঘণ্টার অ্যাম্বুলেটরি ইসিজি মনিটরিং করার পরামর্শ দেব। কিছু রক্ত পরীক্ষাও করাও বাঞ্ছনীয়, যা নিচে দেওয়া হলো। আশা করি আমি আপনার প্রশ্নের উত্তর দিতে পেরেছি। আমি আপনাকে আরও কোনোভাবে সাহায্য করতে পারি কিনা তা জানাবেন।"
28476,"হেলো, অনুসন্ধানের জন্য ধন্যবাদ। লিঙ্গের অগ্রভাগের চামড়ার ডগায় একাধিক ছোট সাদা র‍্যাশ সাধারণত পেরি-পাপুলস অফ পেনিস (PPPP) নামে পরিচিত এবং এগুলো হওয়া স্বাভাবিক এবং এর কোনো রোগগত গুরুত্ব নেই। কুঁচকিতে ২ বছর ধরে লিম্ফ নোড বড় হয়ে যাওয়ার বিষয়ে বলতে গেলে, এটি মূলত নাসেনিয়া ডকের প্রাথমিক সংক্রমণ থেকে শুরু করে সেকেন্ডারি সংক্রমণের কারণে হয়ে থাকে। প্রাথমিক সংক্রমণ কমে যাওয়ার পরেও লিম্ফ নোডের এই বৃদ্ধি অব্যাহত থাকে এবং চিন্তার কিছু নেই। প্রতিদিন দুবার উষ্ণ জল দিয়ে আপনার যৌনাঙ্গ পরিষ্কার করে ব্যক্তিগত পরিচ্ছন্নতা বজায় রাখুন।"
24719,"নাসেনিয়া ডকে আপনাকে স্বাগতম! আমি আপনার প্রশ্নটি দেখেছি, যে বিষয়গুলো আপনাকে চিন্তিত করছে তা হলো লিভার এনজাইম সামান্য বেশি থাকা, ব্যথা এবং গোড়ালিতে ফোলাভাব। তবে আমার কাছে সবচেয়ে গুরুত্বপূর্ণ হলো ইসিজি (ECG) এবং ইকো (ECHO) রিপোর্ট, যা হৃদরোগের ইঙ্গিত দেয়, সম্ভবত অ্যালকোহলজনিত কার্ডিওমায়োপ্যাথির কারণে। তবে এটি প্রাথমিক পর্যায়ে রয়েছে বলে মনে হচ্ছে। লিভার এনজাইম বড় কোনো উদ্বেগের বিষয় নয় কারণ লিভার এনজাইম প্রায় ঠিক থাকে, যদি সেগুলো স্বাভাবিক সীমার তিন-চার গুণের বেশি হয় তবে তা উদ্বেগের বিষয়, যা আপনার ক্ষেত্রে নয়। যেহেতু আপনি অ্যালকোহল পুরোপুরি বন্ধ করে দিয়েছেন, তাই এগুলো নিজে থেকেই ঠিক হয়ে যাওয়া উচিত। সুতরাং, লিভার কম ক্ষতিগ্রস্ত হয়েছে বলে মনে হচ্ছে, গ্রেড ১ হতে পারে এবং এটি নিরাময়যোগ্য। তবে, পেটের আল্ট্রাসাউন্ড করলে অবস্থার একটি নিশ্চিত ধারণা পাওয়া যাবে। আমি যদি আপনার ডাক্তার হতাম, তবে আমি আপনার রক্তচাপ রেকর্ড করতাম, পেটের আল্ট্রাসাউন্ড এবং অন্যান্য অঙ্গের অবস্থা পরিষ্কার করার জন্য সম্পূর্ণ রেনাল ফাংশন টেস্ট করতাম। আমি আপনার সিরাম প্রোটিনের মাত্রাও জানতে চাইতাম, কারণ এর অভাবেও কিছু ফোলাভাব হতে পারে। এই ধরনের ক্ষেত্রে ব্যথাসহ ফোলাভাব হতে পারে কারণ পা শরীরের ওজন বহনকারী অংশ। আমার অভিজ্ঞতা থেকে আমি বলতে পারি যে, আপনার যত দ্রুত সম্ভব অ্যালকোহল থেকে সম্পূর্ণ বিরত থাকা উচিত।"
82206,"হেলো, লক্ষণগুলো অ্যাসিড রিফ্লাক্সের সাথে সম্পর্কিত বলে মনে হচ্ছে। আমি সকালের নাস্তার আগে ২০ মিগ্রা প্রিলোসেক-এর মতো গ্যাস্ট্রো প্রোটেক্টর ব্যবহার করার পরামর্শ দিচ্ছি। আমি দিনে তিনবার ম্যালক্সের মতো অ্যান্টাসিড ব্যবহারেরও পরামর্শ দিচ্ছি। এছাড়া, আমি মশলাদার খাবার বা অতিরিক্ত ক্যাফেইনযুক্ত খাবার এড়িয়ে চলার পরামর্শ দিচ্ছি, যা লক্ষণগুলোকে বাড়িয়ে তুলতে পারে। এছাড়া, আমি ঘুমানোর দুই ঘণ্টা আগে খাবার খাওয়া এড়িয়ে চলারও পরামর্শ দিচ্ছি। আশা করি আমি আপনার প্রশ্নের উত্তর দিতে পেরেছি। আমি আপনাকে আরও কোনোভাবে সাহায্য করতে পারি কিনা তা জানাবেন।"
897,"হেলো, আপনার সার্ভিকাল মেরুদণ্ডের এই এমআরআই ফলাফলগুলো পরবর্তী মেরুদণ্ড এবং স্নায়ুমূলের আঘাতের সাথে ডিজেনারেটিভ পরিবর্তনের (স্পন্ডিলোসিস) সাথে সামঞ্জস্যপূর্ণ। এমন ক্ষেত্রে, সঠিক চিকিৎসার উপায় নির্ধারণের জন্য এমআরআই ফলাফল এবং স্নায়বিক পরীক্ষার মধ্যে একটি সম্পর্ক প্রয়োজন। আমি আপনাকে এই সমস্যাগুলোর জন্য একজন স্নায়ুরোগ বিশেষজ্ঞের (নিউরোলজিস্ট) সাথে আলোচনা করার পরামর্শ দিচ্ছি। আশা করি আমি আপনার প্রশ্নের উত্তর দিতে পেরেছি। আমি আপনাকে আরও কোনোভাবে সাহায্য করতে পারি কিনা তা জানাবেন।"
98103,"হেলো, ক্লিনিকাল মূল্যায়নের জন্য আপনার ডেন্টিস্টকে কল করার কথা বিবেচনা করুন। আপনার জিহ্বায় কামড় লেগে থাকতে পারে অথবা ক্যান্সারের মতো গুরুতর কোনো সমস্যা থাকতে পারে। হালকা গরম লবণ পানি দিয়ে কুলকুচি করুন, মশলাদার এবং অ্যাসিডিক খাবার এড়িয়ে চলুন। একবার জিহ্বায় কামড় লাগলে তা ফুলে যেতে পারে এবং বারবার কামড় দিলে তা নিরাময় করা কঠিন হতে পারে। কাঁচা বা কাটা টিস্যু স্পর্শ করলে তীব্র ব্যথা হতে পারে। আলসারযুক্ত ক্ষত হতে পারে। অস্বস্তি কমাতে আপনার ডেন্টিস্ট কিছু ধোয়ার পরামর্শ দিতে পারেন। ব্যথা এবং প্রদাহরোধী ওষুধ কিছুটা আরাম দিতে পারে। মুখের ভালো স্বাস্থ্যবিধি বজায় রাখা গুরুত্বপূর্ণ। আপনার দাঁত চিবানোর বিষয়টিও পরীক্ষা করা উচিত এবং এটি প্রতিরোধ করার জন্য নাইট গার্ডের প্রয়োজন হতে পারে। আশা করি এটি সহায়ক হবে এবং আপনি শীঘ্রই আরাম পাবেন। আপনার আরও কোনো প্রশ্ন থাকলে আমি আনন্দের সাথে উত্তর দেব। আপনার অনুসন্ধানের জন্য ধন্যবাদ।"
1414,"হেলো, ভারত থেকে শুভ অপরাহ্ন। টি- মাই-নাসেনিয়া ডক ক্লিনিকে আপনার অনুসন্ধানের জন্য ধন্যবাদ। আমি আপনার অনুসন্ধানটি গভীরভাবে পর্যালোচনা করেছি। আমি আপনার উদ্বেগগুলো বুঝতে পেরেছি। আমার মতামত- আপনার দুটি চাকা হলো- ক- ঘাড়ের পিণ্ড, যা মূলত সেবাসিয়াস সিস্ট। খ- শক্ত পেনি আকারের, যা গত কয়েক সপ্তাহে বৃদ্ধি পেয়েছে এবং এখন বড় এবং সংবেদনশীল হয়ে উঠেছে। মূলত এই পিণ্ডটি হলো সেলুলাইটিস, যা মাথার পেছনের চুলের রেখায় একটি ফোড়া। চিকিৎসা- একজন সার্জনের সাথে পরামর্শ করুন, যিনি এর চিকিৎসা করবেন- ক- ঘাড়ের পিণ্ডটি সেবাসিয়াস সিস্ট, যা এক্সিশন এবং বায়োপসি। খ- মাথার পেছনের অংশে একটি প্রাথমিক অপরিচ্ছন্ন ফোঁড়া, যা অ্যান্টিবায়োটিক এবং এনএসএআইডি (NSAIDs) সেবনের পর সেরে যাবে। আশা করি এটি আপনাকে উদ্বেগ থেকে মুক্তি পেতে সাহায্য করবে। আপনার দ্রুত আরোগ্য কামনা করছি। নাসেনিয়া ডকে আপনাকে আবারও স্বাগতম।"
58292,"হেলো। পেলভিক ইনফ্ল্যামেটরি ডিজিজের চিকিৎসা ভালোভাবে সম্পন্ন হলে, আপনার প্রজনন নালীতে কোনো বাধা আছে কি না তা নিশ্চিত করার জন্য আমাদের হিস্টেরোসালপিঙ্গোগ্রাফি নামক একটি পরীক্ষা করতে হতে পারে। সম্মোহন আপনাকে ওজন কমাতে সাহায্য করবে এবং আপনাকে ব্যায়াম ও ডায়েট রেজিমেনও নিতে হবে। পলিসিস্টিক ওভারিয়ান সিনড্রোমের মতো অবস্থাগুলো আছে কি না তা নিশ্চিত বা নাকচ করা প্রয়োজন। শেষ ডোজের পর আপনি পিআইডি (PID) চিকিৎসার জন্য প্রায় ২-৩ সপ্তাহ চেষ্টা করতে পারেন। শুভকামনা।"
83160,"প্রিয় বন্ধু, আমি তোমার প্রশ্নটি দেখেছি এবং তোমার উদ্বেগগুলো বুঝতে পেরেছি। প্রথমেই বলে রাখি, অ্যাটমিক ডার্মাটাইটিস এবং স্ক্যাবিসের মধ্যে ঘনিষ্ঠ সাদৃশ্য রয়েছে। এগুলো ছড়িয়ে পড়ার মাধ্যমে আলাদা করা হয়। র‍্যাশের মতো তথাকথিত ব্রণগুলো কি একে অপরের কাছাকাছি ভুল রেখা হিসেবে দেখা দেয়? যদি এগুলো বগল, কোমর, কব্জিতে থাকে এবং রাতে চুলকানি ও উষ্ণতা বেড়ে যায়, তবে এটি স্ক্যাবিসের সম্ভাবনা বেশি। অনুগ্রহ করে যত দ্রুত সম্ভব অন্য একজন বিশেষজ্ঞের সাথে দ্বিতীয় মতামত নাও। উভয় ক্ষেত্রেই, একজন হোমিওপ্যাথ হিসেবে, কেসটি আরও বিস্তারিত বিবেচনা করার পর আমি হিয়ার পাল্প বা সালফারের উপযুক্ত ক্ষমতা ব্যবহারের পরামর্শ দেব। এটি র‍্যাশের পুনরাবৃত্তি রোধ করবে। আশা করি তোমার প্রশ্নের উত্তর দেওয়া হয়েছে। অনুগ্রহ করে তোমার উদ্বেগ ও প্রতিক্রিয়া শেয়ার করো, তোমার ছেলের সুস্বাস্থ্য কামনা করো।"
74344,"হেলো, নাসেনিয়া ডকে পোস্ট করার জন্য ধন্যবাদ। আমি আপনার বর্ণনাটি দেখেছি। আপনার পক্ষ থেকে দেওয়া সম্পূর্ণ তথ্যের আমি সত্যিই প্রশংসা করি। আপনি যে ওষুধগুলো খাচ্ছেন তা সঠিক, এবং আমি আপনাকে সেগুলো চালিয়ে যাওয়ার পরামর্শ দিচ্ছি। বুক ধড়ফড়ানির ক্ষেত্রে, যেহেতু বুক ধড়ফড়ানির সময় আপনার হৃদস্পন্দন স্বাভাবিক থাকে, তাই আমার মনে হয় না এগুলো নিয়ে চিন্তার কোনো কারণ আছে। এগুলো উদ্বেগের সাথে সম্পর্কিত হতে পারে। আমি দেখছি যে আপনি সকাল এবং সন্ধ্যায় অ্যান্টি-অ্যাংজাইটি পিল খাচ্ছেন। তাই অনুগ্রহ করে আপনার বুক ধড়ফড়ানি নিয়ে চিন্তা করবেন না এবং একই ওষুধ চালিয়ে যান। আপনার সুস্বাস্থ্য কামনা করি। শুভেচ্ছা।"
61024,"হেলো, এই ফোরামে আপনাকে স্বাগতম। আমি আপনার উদ্বেগ বুঝতে পারছি। অস্ত্রোপচারের জটিলতা, যক্ষ্মা বা অকাল জন্মের মতো সহজাত রোগের ক্ষেত্রে বারবার ইনগুইনাল হার্নিয়া হতে পারে। যেহেতু আপনার সন্তানের আগে অস্ত্রোপচার হয়েছে, তাই আমাদের প্রথম সম্ভাবনা হিসেবে পোস্ট-অপারেটিভ জটিলতার সম্ভাবনা বিবেচনা করতে হবে। যক্ষ্মার মতো কিছু রোগ রয়েছে, যা থাকলে হার্নিয়া নিরাময় বিলম্বিত হতে পারে। এর ফলে বারবার ইনগুইনাল হার্নিয়া হতে পারে। এটিও দেখা গেছে যে, বারবার অপরিণত শিশুদের ক্ষেত্রে হার্নিয়া বেশি দেখা যায়। আশা করি এটি আপনাকে সাহায্য করবে। ভালো থাকবেন। শুভেচ্ছা, নাসেনিয়া ডক।"
73459,"হেলো, ডেইরি, আমি আপনার প্রশ্নটি দেখেছি। আমি আপনার উদ্বেগ বুঝতে পারছি। ডায়েট এবং ব্যায়ামের আধিক্য মহামারীর সাধারণ কারণ। আপনার লিপিড প্রোফাইল পরীক্ষা করা উচিত। কোলেস্টেরল, ট্রাইগ্লিসারাইড, এলডিএল এবং এইচডিএল-এর মাত্রা পরীক্ষা করুন। যদি আপনার কোলেস্টেরলের মাত্রা বেশি থাকে, তবে আপনার উচ্চ পরিমাণে পলিআনস্যাচুরেটেড ফ্যাটি অ্যাসিডযুক্ত কম চর্বিযুক্ত খাবার খাওয়া উচিত। নিয়মিত ব্যায়াম করুন। প্রয়োজনে আপনি নাসেনিয়া ডক নিতে পারেন। এটি প্রেসক্রিপশন-ভিত্তিক ওষুধ, তাই আপনার ডাক্তারের সাথে পরামর্শ করুন এবং সেই অনুযায়ী চিকিৎসা নিন। আশা করি আমি আপনার প্রশ্নের উত্তর দিতে পেরেছি, যদি আপনার কোনো সন্দেহ থাকে তবে আমি উত্তর দিতে পেরে খুশি হব। নাসেনিয়া ডক ব্যবহার করার জন্য ধন্যবাদ। আপনার সুস্বাস্থ্য কামনা করি।"
11904,"হেলো, আপনার শ্বশুরের সংক্ষিপ্ত ইতিহাস প্রদানের জন্য ধন্যবাদ। ফোলাভাবের একটি পুঙ্খানুপুঙ্খ মূল্যায়ন করার পরামর্শ দেওয়া হচ্ছে। উল্লেখ করা হয়েছে যে তার বয়স ৭৫ বছর এবং তার নিচের অঙ্গে, অর্থাৎ গোড়ালিতে ফোলাভাব রয়েছে, কতদিন ধরে এই ফোলাভাব রয়েছে তা জানা প্রয়োজন। ফোলাভাবটি পিটিং এডিমা নাকি নন-পিটিং এডিমা তা পরীক্ষা করার জন্য, আপনি গোড়ালির যে অংশে ফোলাভাব আছে সেখানে চাপ দিতে পারেন। যদি চাপ দেওয়ার পর ত্বক উঠে আসে তবে এটি পিটিং এডিমা, আর যদি ত্বক না ওঠে এবং দাঁতটি স্থায়ী হয় বা স্বাভাবিক হতে বেশি সময় নেয়, তবে এটি পিটিং এডিমা। আপনার উচ্চ রক্তে শর্করার মাত্রা আছে কিনা তাও ব্যাখ্যা করার প্রয়োজন হতে পারে। এছাড়া, তার ক্রিয়েটিনিনের মাত্রা কত। রক্তে গ্লুকোজের মাত্রা, ক্রিয়েটিনিনের মাত্রা এবং ইউরিক অ্যাসিডের মাত্রা ল্যাবরেটরি পরীক্ষার পর পরবর্তী চিকিৎসা শুরু করা হবে। এছাড়া, বালিশের ওপর পা রাখলে ফোলা কমে যাবে, তবে মূল্যায়ন করা বাঞ্ছনীয়। এছাড়া, তাকে দীর্ঘ সময় হাঁটতে হবে কারণ তার বয়স ৭৫ বছর এবং হৃদযন্ত্রের কার্যকারিতা ফিরে পাওয়ার জন্য ভেনাস রিটার্ন সবচেয়ে ভালো। আপনাকে ফিজিওথেরাপি নেওয়ার পরামর্শ দেওয়া হতে পারে - এবং তারা যে ব্যায়ামগুলো করতে হবে তা শিখতে সাহায্য করবে, যার মাধ্যমে ফোলা কমে যাবে এবং পায়ের পেশির শক্তি ফিরে পাওয়া যাবে। এছাড়া, চিকিৎসা সম্পূর্ণভাবে ক্লিনিকাল মূল্যায়ন এবং ল্যাবরেটরি পরীক্ষার ফলাফলের ওপর নির্ভর করবে। শুভেচ্ছা, জে, ইন নাসেনিয়া ডক।"
93159,"হেলো, আপনার অনুসন্ধানের জন্য ধন্যবাদ। আপনি যে তথ্যগুলো দিয়েছেন তার ভিত্তিতে মনে হচ্ছে আপনার লিঙ্গের শ্যাফটে স্টাফিলোকক্কাল সংক্রমণ হয়েছে। আপনার ডেফিনিট (Definite)-এর মতো ব্রড-স্পেকট্রাম অ্যান্টিবায়োটিকের পাশাপাশি অ্যান্টি-ইনফ্ল্যামেটরি ওষুধ সেবন করা প্রয়োজন। সেই সাথে দিনে দুবার নিউস্প্রিন (Newsprint)-এর মতো টপিক্যাল অ্যান্টিবায়োটিক মলম ব্যবহার করুন। দিনে দুবার উষ্ণ জল দিয়ে আপনার যৌনাঙ্গ পরিষ্কার রাখা নিশ্চিত করুন। পুরোপুরি সুস্থ না হওয়া পর্যন্ত যৌন মিলন থেকে বিরত থাকুন। এই চিকিৎসার মাধ্যমে এটি সেরে যাওয়া উচিত।"
106627,"হেলো প্রিয়, আমি আপনার উদ্বেগ বুঝতে পারছি। আমার মতে, উর্বর সময়ে যোনির ভেতরে বা আশেপাশে বীর্যপাত হলে গর্ভধারণ হয়। কিন্তু শুধুমাত্র হস্তমৈথুন করলে গর্ভধারণ হয় না। জন্মনিয়ন্ত্রণ পিল নিয়মিত সেবন করলে তা অনাকাঙ্ক্ষিত গর্ভধারণ রোধ করতে সব গর্ভনিরোধক পদ্ধতির মধ্যেই কার্যকর। কিন্তু যেহেতু প্রকৃত মিলন হয়নি, তাই অনিয়মিত সেবনের ফলে গর্ভধারণ নাও হতে পারে। তাই চিন্তামুক্ত থাকুন। গর্ভধারণের কোনো সম্ভাবনা নেই। যদি একটি পিল মিস হয়, তবে পরের দিন দুটি পিল নেওয়া হয়। যখন দুটি পিল ক্রমাগত মিস হতে থাকে, তখন পরপর দুটি দিনে দুটি করে পিল নেওয়া হয়। যদি পরপর তিনটি পিল মিস হয়, তবে সেই চক্রে জন্মনিয়ন্ত্রণ পিল কাজ নাও করতে পারে এবং কনডমের মতো অন্য কোনো পদ্ধতি ব্যবহার করা উচিত। তবে যেহেতু প্রকৃত মিলনের মতো কিছুই ঘটেনি, তাই গর্ভধারণের কোনো সম্ভাবনা নেই। আশা করি এটি আপনাকে সাহায্য করবে। শুভেচ্ছা রইল..."
55275,"হেলো, নাসেনিয়া ডক ব্যবহার করার জন্য ধন্যবাদ। নির্দিষ্ট ফোবিয়ার ক্ষেত্রে, আপনার ওষুধ এবং সাইকোথেরাপি উভয়ই প্রয়োজন। অ্যান্টিডিপ্রেসেন্ট এবং কম মাত্রার বেনজোডিয়াজেপাইন দিয়ে সঠিক চিকিৎসার জন্য আপনার একজন মনোরোগ বিশেষজ্ঞের পরামর্শ নেওয়া উচিত। সাইকোথেরাপিতে, জেপিএমআর (JPMR) বা গভীর শ্বাস-প্রশ্বাসের মতো শিথিলকরণ ব্যায়ামের জন্য আপনার একজন মনোবিজ্ঞানীর সাহায্য প্রয়োজন। আপনার ক্ষেত্রে, আপনাকে ধৈর্য ধরতে হবে। পুরোপুরি সুস্থ হতে সময় লাগবে। আপনার আরও সাহায্যের প্রয়োজন হলে জিজ্ঞাসা করতে পারেন। ধন্যবাদ।"
33845,"হেলো, যেহেতু আপনি নিশ্চিত নন যে আপনি পিলগুলো খেয়েছেন নাকি পিলগুলো অন্য কোনো কারণে বাদ পড়েছে, তাই আমি পরামর্শ দিচ্ছি যে অপ্রয়োজনীয় সমস্যা এড়াতে একটি নতুন প্যাক গ্রহণ করুন এবং নির্ধারিত সময়সূচী অনুযায়ী ওষুধ শুরু করুন। এমনকি আপনি যদি পিলগুলো খেয়ে থাকেন, তবে তা কোনো ক্ষতি করবে না কারণ আপনি ইতিমধ্যে একদিন সেগুলো এড়িয়ে গেছেন। এছাড়া, আপনি যদি আরও দুই দিন পিল খাওয়া থেকে বিরত থাকার চেষ্টা করেন, তবে আপনি চ্যাট ডাক্তারের সাথে যোগাযোগ করতে পারেন। আশা করি এই তথ্যটি আপনার কাজে আসবে। আপনার সুস্বাস্থ্য কামনা করি।"
6939,"প্রিয়, নাসেনিয়া ডকে আপনাকে স্বাগতম। আসলে প্রতিটি সিজারিয়ানের ক্ষেত্রে, আপনার পেটের অঙ্গগুলোর সাথে লেগে থাকা আঠালো (সার্জারি থেকে তৈরি হওয়া ক্ষত টিস্যু) এর কারণে ঝুঁকি বেড়ে যায়। এটি মূলত আগের অস্ত্রোপচারের কারণে হওয়া আঠালো এবং অন্যান্য ক্ষতির পরিমাণের ওপর নির্ভর করে এবং ডাক্তারের অভ্যাসের ওপরও নির্ভর করে, তাই সি সেকশনের কোনটি হবে তা প্রতিটি ব্যক্তির ওপর নির্ভর করে না। অবস্থার ওপর ভিত্তি করে ডাক্তার সি সেকশনের সিদ্ধান্ত নেবেন। ধন্যবাদ।"
40662,"হেলো! আপনার প্রশ্নটি পোস্ট করার জন্য ধন্যবাদ। প্লুরিসির কোর্স এবং চিকিৎসা প্লুরিসির কারণের ওপর নির্ভর করে। ভাইরাল সংক্রমণের মতো কিছু কারণে প্লুরিসি শুধুমাত্র সহায়ক ওষুধ এবং সময়ের মাধ্যমেই সেরে যায়। শুধুমাত্র বুকের এক্স-রে দিয়ে প্লুরিসিকে প্লুরাল ইফিউশন (যেখানে আপনার ফুসফুসের চারপাশে তরল জমা হয়) থেকে আলাদা করা কঠিন হয়ে পড়ে, তাই কোনো নিঃসরণ আছে কি না তা নিশ্চিত হতে আপনার বুকের আল্ট্রাসাউন্ড করা বাঞ্ছনীয়। প্লুরিসির কারণে ব্যথার জন্য, সাধারণ ব্যথানাশক ওষুধের একটি সংক্ষিপ্ত কোর্স, চেস্ট ফিজিওথেরাপি এবং শ্বাস-প্রশ্বাসের ব্যায়াম উপসর্গ থেকে মুক্তি দেবে। এটি সেরে না ওঠা পর্যন্ত সময় দিন। আশা করি আমার উত্তরটি আপনাকে সাহায্য করবে। নাসেনিয়া ডক।"
90250,"পেরিফেরাল নিউরোপ্যাথির কারণে আপনি এই সমস্যায় ভুগছেন। আপনার কি ডায়াবেটিস আছে? বি কমপ্লেক্স ট্যাবলেটের পাশাপাশি, আমি আপনাকে রাতে ঘুমানোর আগে দিনে দুবার প্রথিওডেন ০নে ট্যাবলেট সেবনের পরামর্শ দিচ্ছি। আপনি বলছেন যে আপনার ডান পায়ের নিচের অংশে ব্যথা হচ্ছে। এটি কি পিঠের ব্যথার সাথে সম্পর্কিত? পড়ে যাওয়ার বা আঘাতের কোনো ইতিহাস আছে কি? আপনার লাম্বার ডিস্ক ডিজিজ থাকতে পারে। আপনার সমস্যার জন্য অনুগ্রহ করে নিকটস্থ একজন নিউরোসার্জনের সাথে পরামর্শ করুন।"
90838,"হেলো, আপনার ইতিহাস থেকে মনে হচ্ছে আপনার লাম্বার স্পাইনে ডিজেনারেটিভ ডিস্ক ডিজিজ থাকতে পারে। যার ফলে ইন্টারভার্টিব্রাল ডিস্কের কারণে নার্ভ রুটে চাপ সৃষ্টি হচ্ছে। এর ফলে পায়ের নিচের অংশে ব্যথা এবং অসাড়তা হচ্ছে। স্নায়ু কোন স্তরে আটকে আছে তা বোঝার জন্য এমআরআই (MRI) করা সহায়ক হবে। রোগ নির্ণয় হওয়ার পর আমরা কোটি স্ট্যাবিলিটি, পায়ের নিচের অংশের শক্তি বৃদ্ধি এবং মেরুদণ্ডের এক্সটেনসর পেশি শক্তিশালী করার মতো ব্যায়ামের দিকে মনোযোগ দিতে পারি। আমার ক্লিনিকাল অভিজ্ঞতায় দেখা গেছে যে, ব্যায়ামের মাধ্যমে বেশিরভাগ রোগীই সুস্থ হয়ে উঠেছেন। আশা করি আমি আপনার প্রশ্নের উত্তর দিতে পেরেছি। আমি আপনাকে আরও কোনোভাবে সাহায্য করতে পারি কিনা তা জানাবেন। ভালো থাকবেন, জে ইন নাসেনিয়া ডক।"
59911,"হেলো... নাসেনিয়া ডকে পরামর্শের জন্য আপনাকে ধন্যবাদ। কোনো নির্দিষ্ট লক্ষণ ছাড়া কয়েক দিনের জ্বর ভাইরাল অসুস্থতা হতে পারে। সাধারণত জ্বরের চেয়েও গুরুত্বপূর্ণ হলো একই দিনে দুইবার জ্বরের মধ্যবর্তী সময়ে শিশুটির কার্যকলাপ। যদি শিশুটি জ্বর না থাকার সময় সক্রিয় থাকে এবং খেলাধুলা করে, তবে এটি সম্ভবত ভাইরাল অসুস্থতা এবং এর জন্য কোনো অ্যান্টিবায়োটিকের প্রয়োজন নেই। ভাইরাল জ্বর হলে তা ৪-৭ দিন পর্যন্ত থাকতে পারে। তাই শিশু সক্রিয় থাকলে জ্বরের স্থায়িত্ব নিয়ে চিন্তা করবেন না। প্যারাসিটামল ১৫ মিগ্রা/কেজি/ডোজ (সর্বোচ্চ ৫০০ মিগ্রা) হিসেবে প্রতি ৪-৬ ঘণ্টা অন্তর দেওয়া যেতে পারে, তবে তা কেবল জ্বর ১০০ ডিগ্রি ফারেনহাইটের বেশি হলে। আমি জ্বরের জন্য কোনো মিশ্র ওষুধ, বিশেষ করে প্যারাসিটামলের সাথে অন্য ওষুধ ব্যবহার না করার পরামর্শ দিচ্ছি। আশা করি আমার উত্তরটি আপনার জন্য সহায়ক ছিল। আমি যেকোনো সময় সাহায্য করতে পেরে খুশি। নাসেনিয়া ডকে আরও কোনো প্রশ্ন বা পরামর্শের জন্য স্বাগত। যদি আপনার আর কোনো প্রশ্ন না থাকে, তবে আপনি আলোচনাটি বন্ধ করে উত্তরটিকে রেটিং দিতে পারেন। আপনার শিশুর সুস্বাস্থ্য কামনা করি।"
91695,"না, আপনার দাগটি ঠোঁটের দুর্বল পেশির অনুমানের কারণে হতে পারে। এটি একটি খোঁচানো দাগ বা প্রশস্ত দাগ হতে পারে। এর জন্য সম্ভবত দাগ সংশোধন, পেশি পুনর্গঠন এবং ৬ মাসের জন্য খুব ভালো যত্নের প্রয়োজন হবে। আমি স্কার ম্যাসাজ করার পরামর্শ দেব, যা দাগের যত্নের সবচেয়ে অবহেলিত অংশ। আপনি যা বলছেন তা কল্পনা করা খুব কঠিন। একটি ছবি সাহায্য করবে। খরচের বিষয়ে, এটি নির্ভর করে আপনি কোথায় থাকেন তার ওপর। একটি সহজ, আরামদায়ক ডে-কেয়ার পদ্ধতি হওয়া উচিত।"
72531,"নাসেনিয়া ডকে আপনার প্রশ্নটি পোস্ট করার জন্য ধন্যবাদ। আমি বুঝতে পারছি যে চিন্তার কোনো কারণ নেই কারণ এটি যেকোনো কারণে অ্যালার্জিক প্রতিক্রিয়ার কারণে হতে পারে। তবে যদি পকেটে পুঁজ বের হয় বা ব্যথা হয়, তবে সংক্রমণের জন্য হাসপাতালে যোগাযোগ করা উচিত। তাই বর্তমানে সতর্কতার সাথে স্ট্রিকিং দেখুন এবং পেটের ওপর ময়েশ্চারাইজার ক্রিম ব্যবহার করুন। আশা করি আমার উত্তরে আপনি সন্তুষ্ট হবেন। কোনো প্রশ্ন থাকলে নির্দ্বিধায় যোগাযোগ করুন।"
12274,"হেলো, ডায়াবেটিস রোগীদের ক্ষেত্রে হেলো, এই অবস্থাকে ডায়াবেটিক ফুট বলা হয় এবং এই প্রশ্ন অনুযায়ী, আপনাকে এই পদক্ষেপগুলো নিতে হবে যা করতে হবে। আপনি যে পদক্ষেপগুলো নিতে পারেন তা নিচে দেওয়া হলো: ১. রক্তে শর্করার মাত্রা, লিভারের বর্তমান অবস্থা এবং এইচবিএ১সি (HBA1C) লেভেল লিখুন। ২. এই ধরনের পায়ের মধ্যে অন্তর্ভুক্ত রয়েছে: ১. নিউরোপ্যাথিক পা, যা নিউরোপ্যাথির প্রভাব বিস্তার করে। তবে, এই ধাপগুলো বোঝা খুব কঠিন, তবে আপনার জন্য গুরুত্বপূর্ণ যাতে আপনি পায়ের বর্তমান অবস্থা বুঝতে পারেন। এই ধরনের ক্ষেত্রে, আমি প্রথমে আক্রান্ত স্থান পরিষ্কার করার জন্য সার্পেন্টাইন তেল দিয়ে ক্ষতস্থান পরিষ্কার করি। ৩. নাসেনিয়া ডক। স্থানীয়ভাবে ব্যবহারের জন্য + ক্লোবেটাসল লোশন ব্যবহার করুন। ৪. রক্ত কালচারের পর অ্যান্টিবায়োটিক। এই সমস্ত চিকিৎসা একজন বিশেষজ্ঞ এবং সার্জনের তত্ত্বাবধানে করা হয়। আশা করি এটি আপনাকে চিকিৎসার ব্যবস্থাপনায় সাহায্য করবে।"
103330,"হেলো, ধন্যবাদ এবং নাসেনিয়া ডকে আপনাকে স্বাগতম। ১০ বছর বয়সে ফ্যাকাশে ভাব রক্তাল্পতার কারণে হতে পারে। রক্তাল্পতা বিভিন্ন কারণে হতে পারে, তবে সবচেয়ে সাধারণ কারণ হলো আয়রনের অভাবজনিত রক্তাল্পতা। আপনি নির্দিষ্ট কিছু রক্তকণিকার সংখ্যা বৃদ্ধির কথা উল্লেখ করেননি। তবে আমি যতটুকু জানি, আইডিএ (IDA)-তে থ্রম্বোসাইট বৃদ্ধি পেতে পারে। আশা করি এই উত্তরটি আপনার জন্য সহায়ক হবে। আপনার আরও কোনো প্রশ্ন থাকলে নির্দ্বিধায় জিজ্ঞাসা করতে পারেন। নাসেনিয়া ডক। ভি. সুব্রহ্মণ্যম।"
80274,"হেলো, আপনার অনুসন্ধানের জন্য ধন্যবাদ। আপনার বক্তব্য অনুযায়ী আপনার অ্যাথেনোস্পার্মিয়া (Athenospermia) হয়েছে বলে মনে হচ্ছে, যার অর্থ আপনার বীর্যে মাত্র ১০% সক্রিয় গ্রেড সচলতা রয়েছে। এটি একটি সক্রিয় গ্রেড ওয়ান গতিশীল শুক্রাণু যা গর্ভধারণের ফলে স্ত্রী ডিম্বাণুকে নিষিক্ত করতে সক্ষম। বিশ্বের বেশিরভাগ ফার্টিলিটি সেন্টার কার্যকর নিষিক্তকরণের জন্য সক্রিয় গ্রেড ওয়ান গতিশীল শুক্রাণুর ২৫-৩০% গণনাকে স্বাভাবিক হিসেবে গণ্য করে। দুর্ভাগ্যবশত, শুক্রাণুর গতিশীলতা বাড়ানোর মতো কোনো ওষুধ নেই, তবে নিচের পদক্ষেপগুলো গ্রেড ওয়ান গতিশীল শুক্রাণুর শতাংশ বাড়াতে সাহায্য করে: ১) সকালে ৪৫ মিনিট নিয়মিত ব্যায়াম করুন এবং এরপর আধা ঘণ্টা ধ্যান করুন। ২) শাকসবজি, ফলমূল এবং ভিটামিন এ, সি, ডি, ই ও জিঙ্ক সমৃদ্ধ উচ্চ প্রোটিনযুক্ত খাবার গ্রহণ করুন। ৩) প্রতিদিন ৫-৬টি কাঠবাদামের মতো অ্যান্টি-অক্সিডেন্ট গ্রহণ করুন। ৪) অ্যালকোহল এবং ধূমপান এড়িয়ে চলুন। ডাক্তারের সাথে চ্যাট করুন।"
37885,"হেলো, এটি পড়ে যাওয়ার পর হতে পারে। সম্ভবত এটি মচকে গেছে, হাড় ভাঙার সম্ভাবনা কম। আপাতত, উপসর্গের উপশমের জন্য আপনি ডাইক্লোফেনাক/সেরাটিওপেপটাইডেজের মতো ব্যথানাশক/প্রদাহরোধী ওষুধ ব্যবহার করতে পারেন। দ্রুত সুস্থতার জন্য আপনি বরফের প্যাক ব্যবহার করতে পারেন। যদি উপসর্গগুলো থেকে যায়, তবে একজন অর্থোপেডিক বিশেষজ্ঞের পরামর্শ নেওয়া এবং এমআরআই স্ক্যান করার পরিকল্পনা করা ভালো। আশা করি আমি আপনার প্রশ্নের উত্তর দিতে পেরেছি। আমি আপনাকে আরও কোনোভাবে সাহায্য করতে পারি কিনা তা জানাবেন। ভালো থাকবেন। নাসেনিয়া ডক।"
17397,"হেলো, যদি আপনার সন্তানের হাঁপানি ধরা পড়ে থাকে, তবে তার বিটা রিসেপ্টর অ্যাগোনিস্ট (অ্যালবুটেরল বা টারবুটালিন)-এর মতো ব্রঙ্কোডাইলেটর এবং স্পেসারের সাথে অ্যান্টি-কোলিনার্জিক (আইপ্রাট্রোপিয়াম ব্রোমাইড বা অ্যামিনোফাইলিন) প্রয়োজন হবে, কারণ শিশু নিজে থেকে সিঙ্ক্রোনাইজ করতে পারে না। আপনি তাকে স্টালিন দিয়ে নেবুলাইজেশন দিতে পারেন এবং দিনে ৩ বার ২.৫ মিলি করে ২.৫ মিলি করে দিনে ৩ বার দিতে পারেন। এছাড়া, হাঁপানির চিকিৎসায় অ্যান্টিহিস্টামিন এবং মাস্ট সেল স্ট্যাবিলাইজারও কার্যকর ছিল, তবে এই সমস্ত চিকিৎসার জন্য আপনাকে একজন শিশু বিশেষজ্ঞের সাথে দেখা করতে হবে।"
24073,"হেলো, আমি আপনার কেসটি পর্যালোচনা করেছি। আপনার পিঠ এবং পিঠের ব্যথা পেশীর টান বা রেনাল ক্যালকুলির কারণে হতে পারে। আপনার এক্স-রে এবং আল্ট্রাসনোগ্রাফির প্রয়োজন হতে পারে। এছাড়া আপনার ভিটামিন বি১২ এবং ভিটামিন ডি৩-এর মাত্রা পরীক্ষা করুন। মিথাইলকোবালামিন এবং ব্যথানাশক ওষুধ ব্যথা কমাতে সাহায্য করবে। আপনি যোগব্যায়াম করতে পারেন এবং মেরুদণ্ড প্রসারণের ব্যায়ামের দিকে মনোযোগ দিতে পারেন। নির্দেশনার জন্য আপনি একজন ফিজিওথেরাপিস্টের পরামর্শ নিতে পারেন। তিনি টেন্স (TENS) বা আল্ট্রাসাউন্ড শুরু করতে পারেন, যা আপনার ক্ষেত্রে সহায়ক হবে। আশা করি এটি সাহায্য করবে। আপনার দ্রুত আরোগ্য কামনা করছি। ভালো থাকবেন।"
55242,"হেলো, আপনার প্রশ্ন অনুযায়ী আপনি পিরিয়ডের শেষ তারিখ উল্লেখ করেননি এবং আপনার ব্যাখ্যা থেকেও আপনি বলেছেন যে আপনি পিরিয়ডের ৫ দিন আগে শারীরিক মিলন করেছেন। যদি মিলনের পর আপনার পিরিয়ড হয়ে থাকে এবং পিরিয়ডের পর আপনার সঙ্গীর সাথে কোনো শারীরিক সম্পর্ক না থাকে, তবে আপনার গর্ভবতী হওয়ার কোনো সম্ভাবনা নেই। আপনি যদি পিরিয়ড হওয়ার পর শারীরিক মিলন করে থাকেন, তবে আপনি তারিখ উল্লেখ করলে সে সম্পর্কে বিস্তারিত তথ্য দেওয়া সহজ হতো। যদি আপনার কোনো সন্দেহ থাকে, কারণ আমি জানি না আপনার পিরিয়ড ঠিক আছে নাকি আপনার আগে থেকেই আছে। প্রস্রাবের মাধ্যমে প্রেগন্যান্সি টেস্ট করিয়ে নেওয়া ভালো, আপনি নিজে এটি করতে পারেন। শুধু প্রেগন্যান্সি টেস্ট কিটটি নিন এবং নির্দেশাবলী মেনে চলুন। সন্দেহ থেকে যাওয়ার পরেও আমি আপনাকে একজন ডাক্তারের সাথে দেখা করার এবং আপনার সন্দেহ দূর করার পরামর্শ দিচ্ছি। আশা করি এটি আপনাকে সাহায্য করবে।"
100349,"নাসেনিয়া ডকে আপনাকে স্বাগতম। আপনার প্রশ্নটি পর্যালোচনা করার পর আমার মনে হচ্ছে আপনার দীর্ঘস্থায়ী পিঠের ব্যথা হচ্ছে। যেহেতু আপনি ঘন ঘন পিঠের ব্যথা অনুভব করছেন, তাই এটি পিঠের পেশির দুর্বলতা এবং ভিটামিনের ঘাটতির কারণে হতে পারে। আপনি আপনার ভিটামিন ডি৩-এর মাত্রা পরীক্ষা করাতে পারেন এবং যদি তা কম পাওয়া যায়, তবে এর সাপ্লিমেন্ট নিতে পারেন। আপনি মাল্টিভিটামিন এবং ট্রেস এলিমেন্ট গ্রহণ করতে পারেন। এছাড়া, ব্যথানাশক হিসেবে আপনি আইবুপ্রোফেন সেবন করতে পারেন। ডাক্তারের কাছে যাওয়া সবসময়ই ভালো। আপনি এ বিষয়ে আপনার ডাক্তারের সাথে আলোচনা করতে পারেন। আশা করি আপনার প্রশ্নের উত্তর পেয়েছেন। আপনার যদি আরও কোনো প্রশ্ন থাকে, তবে আমাদের লিখতে দ্বিধা করবেন না। আমি আপনাকে সাহায্য করতে পারলে খুশি হব। আপনি নিচের লিঙ্কে সরাসরি আমাকেও লিখতে পারেন।"
48888,"হেলো, বয়ঃসন্ধির পর হস্তমৈথুন স্বাভাবিক। এটি এক ধরনের যৌন কার্যকলাপ। তবে যদি ব্যক্তিকে ঘন ঘন হস্তমৈথুন করতে হয় এবং/অথবা কোনো সমস্যার সৃষ্টি করে, তবে তা উদ্বেগের বিষয়। ঘন ঘন হস্তমৈথুন গভীর মানসিক চাপ, মানসিক চাপ বা উচ্চ যৌন আকাঙ্ক্ষার প্রতিফলন। এই ধরনের ক্ষেত্রে হোমিওপ্যাথি অত্যন্ত সহায়ক। হোমিওপ্যাথিক চিকিৎসা রোগীর শারীরিক ও মানসিক অবস্থার সম্পূর্ণ বোঝার ওপর ভিত্তি করে করা হয়। তাই সঠিক হোমিওপ্যাথিক চিকিৎসার জন্য রোগীর বিস্তারিত ইতিহাস প্রয়োজন। হোমিওপ্যাথির মাধ্যমে আপনার সমস্যা স্থায়ীভাবে নিরাময় করা সম্ভব। তাই আপনার নিকটস্থ একজন ভালো ক্লাসিক্যাল হোমিওপ্যাথের সাথে পরামর্শ করুন অথবা আমাদের সাথে যোগাযোগ করুন। আপনার সুস্বাস্থ্য কামনা করি।"
5652,"হেলো! আমি আপনার উদ্বেগ বুঝতে পারছি। বুক থেকে কিছু তরল বের করে তা অ্যাসপিরেট করা এবং বিশ্লেষণ করা প্রয়োজন। পরীক্ষার ব্যাটারি দিয়ে বিশ্লেষণ করার পর, তরল জমার কারণ (চিকিৎসা বিজ্ঞানের ভাষায় যাকে প্লুরাল ইফিউশন বলা হয়) নির্ণয় করা সম্ভব। সেই অনুযায়ী, উপযুক্ত চিকিৎসা শুরু করা প্রয়োজন। যদিও যক্ষ্মার অতীত ইতিহাস এবার যক্ষ্মার সম্ভাবনা বাড়িয়ে দেয়, তবে সবসময় তা নয়। তাই একজন পালমোনোলজিস্টের সাথে পরামর্শ করুন এবং যথাযথ চিকিৎসা নিন। কলকাতার সমস্ত সরকারি মেডিকেল কলেজ হাসপাতালে একটি আলাদা পালমোনারি মেডিসিন বিভাগ রয়েছে, যেখানে আপনি পালমোনোলজিস্টদের (টিবিসহ সমস্ত বুকের রোগের বিশেষজ্ঞ চিকিৎসক) পরামর্শ নিতে পারেন। আপনার ভাইয়ের দ্রুত আরোগ্য কামনা করছি। আশা করি আমার উত্তরটি আপনাকে সাহায্য করবে। নাসেনিয়া ডক।"
5541,"হেলো। নাসেনিয়া ডকে আপনাকে স্বাগতম। আমি আপনার প্রশ্নটি দেখেছি এবং আপনার উদ্বেগ বুঝতে পারছি। আপনার অভিযোগ অনুযায়ী, হাঁটুতে ব্যথা এবং ফোলাভাব হাঁটুর আঘাতজনিত আঘাত, আর্থ্রাইটিস, বারসাইটিস, গেঁটে বাত, সিউডোগআউট, রিউমাটয়েড আর্থ্রাইটিস, বেকার্স সিস্ট ইত্যাদির কারণে হতে পারে। আমি আপনাকে একজন অর্থোপেডিক বিশেষজ্ঞের সাথে পরামর্শ করার এবং একটি পুঙ্খানুপুঙ্খ ক্লিনিকাল ক্লিনিক্যাল মূল্যায়ন, এক্স-রে, এসআরআই ইত্যাদির মতো রক্ত পরীক্ষা ইত্যাদি করার পরামর্শ দিচ্ছি। রোগ নির্ণয় এবং সেই অনুযায়ী চিকিৎসার পরিকল্পনা করা যেতে পারে। ব্যথানাশক হিসেবে আইবুপ্রোফেনের মতো প্রদাহরোধী ব্যথানাশক এবং ভেটেরানের মতো ব্যথানাশক মলম ব্যবহারের পরামর্শ দেওয়া হতে পারে। আপনাকে সবচেয়ে সাধারণ কৌশলটি অনুসরণ করার পরামর্শ দেওয়া হতে পারে, যা হলো আর.আই.সি.ই (R.I.C.E), যার অর্থ হলো ব্যায়াম, খেলাধুলা, জোরে হাঁটা, দীর্ঘক্ষণ দাঁড়িয়ে থাকা ইত্যাদি থেকে বিরত থাকা।"
102134,"হেলো... নাসেনিয়া ডকে পরামর্শের জন্য অনেক ধন্যবাদ। যদি আপনার শিশু জ্বরের এক দিনের মধ্যে স্বাভাবিক থাকে... তবে আমার মনে হয় না যে আপনার চিন্তার কোনো কারণ আছে। বিপজ্জনক লক্ষণগুলোর মধ্যে রয়েছে শ্বাসকষ্ট/ র‍্যাশ/ প্রস্রাবের পরিমাণ কমে যাওয়া/ খিঁচুনি/ অজ্ঞান হয়ে যাওয়া/ মলের সাথে রক্ত যাওয়া। যদি এই লক্ষণগুলো না থাকে এবং শিশু সক্রিয় থাকে, তবে চিন্তার কিছু নেই। আশা করি আমার উত্তরটি আপনার জন্য সহায়ক ছিল। যেকোনো সময় সাহায্য করতে পেরে খুশি। নাসেনিয়া ডকে আরও কোনো প্রশ্ন বা পরামর্শের জন্য আপনাকে স্বাগত জানাই। শুভেচ্ছা -"
27092,"হেলো, নাসেনিয়া ডকে আপনাকে স্বাগতম। আপনার সমস্যাটি পর্যালোচনা করার পর আমার মনে হচ্ছে আপনি দীর্ঘস্থায়ী পিঠের ব্যথায় ভুগছেন। পিঠের ব্যথার চিকিৎসার মধ্যে রয়েছে ব্যায়াম এবং ব্যথানাশক ওষুধ (ডাইক্লোফেনাক এসআর)। কখনও কখনও শক্তিশালী ব্যথানাশক ওষুধের (যেমন খাবারের পর দিনে তিনবার অ্যাট্রাক্ট) প্রয়োজন হয়। কখনও কখনও ভিটামিন ডি-এর ঘাটতি এর কারণ হতে পারে, তাই আপনার ভিটামিন ডি পরীক্ষা করান। যদি এটি কম থাকে, তবে ভিটামিন ডি সাপ্লিমেন্ট (দুধের সাথে সাপ্তাহিক) নেওয়া যেতে পারে। দীর্ঘক্ষণ একটানা দাঁড়িয়ে থাকা এড়িয়ে চলুন। সোজা হয়ে বসুন। প্রতিদিন দুধ, ফল এবং সবুজ শাকসবজি খান। আপনার ব্যথার একটি ট্রিগার পয়েন্ট আছে। আমি সাধারণত আমার রোগীদের ভালো ফলাফলের সাথে স্থানীয়ভাবে ট্রায়ামসিনোলন ইনজেকশন দিয়ে থাকি। আপনার চিকিৎসকের সাথে পরামর্শ করার পরামর্শ দেওয়া হচ্ছে। অন্যান্য কারণগুলো বাদ দেওয়ার জন্য আপনার এমআরআই (MRI) করা প্রয়োজন। আমার মনে হয় আপনার প্রশ্নের উত্তর দেওয়া হয়েছে।"
87665,"হেলো। আমার মনে হয় যদি আপনার পিরিয়ড নিয়মিত হয়, তবে আপনি আরও ৬ মাস চেষ্টা করতে পারেন। পিরিয়ড শেষ হওয়ার পর প্রতি ২ থেকে ৩ দিন অন্তর আপনার স্বামীর সাথে শারীরিক সম্পর্ক রাখুন। এটি গর্ভধারণের সম্ভাবনা বাড়িয়ে তুলবে। আপনি যদি নিজে পরীক্ষা করতে চান, তবে থাইরয়েড প্রোফাইল এবং প্রোল্যাকটিন লেভেল পরীক্ষা করান এবং জরায়ু ও ডিম্বাশয় দেখার জন্য একটি আল্ট্রাসাউন্ড করান। এছাড়া আপনার স্বামীর জন্য একটি সিমেন অ্যানালাইসিস বা বীর্য পরীক্ষা করান। যদি অস্বাভাবিক কিছু পাওয়া যায়, তবে তার চিকিৎসা করা যেতে পারে। আশা করি এটি সাহায্য করবে।"
46139,"হেলো, তার অসুস্থতার কথা জানতে পেরে আমি দুঃখিত। এটি অসুস্থতার একটি অবনতিশীল পর্যায় বলে মনে হচ্ছে। এটি একটি মানসিক রোগ যেখানে মানুষ তাদের শারীরিক বা মানসিক স্বাস্থ্য সম্পর্কে কোনো ধারণা রাখে না। তারা বাস্তবতা থেকে বিচ্ছিন্ন। ওষুধ দেওয়া সবসময়ই একটি বড় চ্যালেঞ্জ এবং এই রোগীদের অনেকেরই ওষুধ খাওয়া বন্ধ হয়ে যাওয়ার কারণে আবার রোগ ফিরে আসে। বাজারে ডিপো প্রিপারেশন পাওয়া যায়, যা ডোজের প্রয়োজনের ওপর নির্ভর করে ১০ থেকে ৩০ দিনে একবার দিতে হয়। আপনার এলাকার একজন মনোরোগ বিশেষজ্ঞের সাথে পরামর্শ করা প্রয়োজন, যিনি মূল্যায়নের পর এই ইনজেকশনযোগ্য ওষুধটি প্রেসক্রাইব করবেন। এই ইনজেকশনটি একজন মনোরোগ বিশেষজ্ঞ দেবেন এবং মনোরোগ বিশেষজ্ঞ সমাজকর্মীর তত্ত্বাবধানে দেওয়া হবে। এর মধ্যে কিছু হলো রিসপেরিডোন, অ্যারিপিপ্রাজল এবং আরও অনেক। ভালো থাকবেন, নাসেনিয়া ডক।"
40376,"হেলো, আপনার প্রশ্নটি পর্যালোচনা করার পর আমি কিছু তথ্য পরিষ্কার করতে চাই- ১) খাবারের ১৫০ মিনিট পর রক্তে শর্করার মাত্রা স্বাভাবিক বলে গণ্য করা যেতে পারে। ২) পেটে ব্যথা অগ্ন্যাশয়ের সমস্যার কারণে হতে পারে। তাই, আমি আপনাকে আপনার ডাক্তারের সাথে পরামর্শ করার পরামর্শ দিচ্ছি। ক্লিনিকাল পরীক্ষার প্রয়োজন, যার ওপর ভিত্তি করে পেট এবং পেলভিসের আল্ট্রাসাউন্ডের প্রয়োজন হতে পারে, যা অগ্ন্যাশয় ও কিডনি মূল্যায়নে সাহায্য করবে। এছাড়া রক্ত পরীক্ষা যেমন কমপ্লিট ব্লাড কাউন্ট, সিরাম অ্যামাইলেজ এবং লাইপেজ (অগ্ন্যাশয় এনজাইম), লিভার ও কিডনি ফাংশন টেস্ট বা পেটের সিটি স্ক্যানের প্রয়োজন হতে পারে। আপনার উল্লিখিত রক্তে শর্করার মাত্রা আপনাকে ডায়াবেটিক হিসেবে চিহ্নিত করা সম্ভব নয়, আমি আপনাকে আপনার ডায়াবেটিক অবস্থা নিশ্চিত করতে ওজি টিটি (ওরাল গ্লুকোজ টলারেন্স টেস্ট) করার পরামর্শ দেব। আশা করি আমি আপনার প্রশ্নের উত্তর দিতে পেরেছি। যদি তাই হয়, তবে ভোট দিন।"
106820,"আপনার বর্ণনা অনুযায়ী আপনি এক ধরণের ভাইরাল সংক্রমণে ভুগছেন এবং এটি অ্যালার্জি ছাড়া আর কিছুই নয়। এর জন্য আপনাকে ট্যাবলেট ডেফিনিট ২০০ মিগ্রা বা ট্যাবলেট সিইএ নাসেনিয়া ডক নিতে হবে। অ্যালার্জি এবং সাধারণ সর্দি-কাশির জন্য আপনাকে অন্তত ১০ দিন প্রতিদিন রাতে একবার করে ট্যাব মন্ট্রিল বা ট্যাব অ্যালেগ্রা সেবন করতে হবে। যেহেতু ভাইরাল সংক্রমণ সেরে উঠতে অন্তত ৫-৭ দিন সময় লাগবে, তাই আপনাকে আরও বেশি সময় অপেক্ষা করতে হবে।"
108228,"হেলো। যদি আপনার সংক্রমণ হয়ে থাকে, তবে জন্মের কয়েক ঘণ্টা আগে আপনি এটি আপনার শিশুর কাছে পাঠাতে পারেন এবং যদি মেডিকেল টিম খুব বেশি সতর্ক থাকে তবে তা নিয়ন্ত্রণ বা এড়িয়ে চলা সম্ভব। কিন্তু যদি আপনার কাছে এটি না থাকে এবং শুধুমাত্র আপনার শিশুর কাছেই থাকে বা থাকে, তবে আপনার অনাগত শিশুর এটি হওয়ার সম্ভাবনা কম। তাই আপনার শিশুকে পুরোপুরি সুস্থ না হওয়া পর্যন্ত হাসপাতালে ভর্তি রাখা এবং সে সুস্থ না হওয়া পর্যন্ত তার সাথে যোগাযোগ এড়িয়ে চলাই সবচেয়ে ভালো হতে পারে। শুভকামনা।"
38000,"হেলো, নাসেনিয়া ডককে বিশ্বাস করার জন্য ধন্যবাদ। আপনার বয়স কত? আপনি কি উচ্চ রক্তচাপে ভুগছেন? আপনি কি ডায়াবেটিক? আপনি কতদিন ধরে উপরের সমস্যাগুলোতে ভুগছেন? আপনার লক্ষণগুলো মূলত সোমাটোফর্ম/অ্যারোমাটাইজেশন ডিসঅর্ডারের ইঙ্গিত দেয়। অন্যান্য সম্ভাবনার মধ্যে রয়েছে ইনফ্ল্যামেটরি বাওয়েল ডিজিজ, ম্যালঅ্যাবসর্পশন সিনড্রোম। সম্পূর্ণ ইতিহাস এবং পরীক্ষা না করা পর্যন্ত এটি কী তা বলা কঠিন। অনুগ্রহ করে আপনার ডাক্তারের সাথে পরামর্শ করুন, তিনি আপনাকে পরীক্ষা করে সেই অনুযায়ী চিকিৎসা দেবেন। ভালো থাকবেন।"
7172,"হেলো, নাসেনিয়া ডকের সাথে পরামর্শ করার জন্য আপনাকে ধন্যবাদ। এটি ভালো যে আপনি সংক্রমণের জন্য অ্যান্টিবায়োটিক এবং ব্যথানাশক ওষুধ শুরু করেছেন, কারণ আপনি উল্লেখ করেছেন যে আপনার নিচের দাঁতের পেরিঅ্যাপিক্যাল সংক্রমণ হয়েছে। তবে শুধুমাত্র ওষুধ সেবন করলেই সমস্যার সমাধান হয়ে যায়, আপনার রুট ক্যানেল চিকিৎসা নেওয়া উচিত, কারণ দাঁত খোলার পর ব্যথা কমতে শুরু করবে। আশা করি এটি আপনাকে সাহায্য করবে। শুভেচ্ছা।"
71223,"নাসেনিয়া ডকের সাথে যোগাযোগ করার জন্য ধন্যবাদ। আপনার সন্তানের জ্বরের জন্য টাইলেনল দেওয়া নিরাপদ। আমি আমার অনুশীলনে পরামর্শ দিচ্ছি যে জ্বরের জন্য আপনি প্রতি ৪ ঘণ্টা অন্তর টাইলেনল দিতে পারেন। আপনি একটি কোল্ড বাথ ব্যবহার করতে পারেন। তাকে বাথের পানিতে প্রায় ৯৯ ডিগ্রি তাপমাত্রায় রাখুন এবং সেখানে রাখুন। এতে তার তাপমাত্রা ধীরে ধীরে কমে যাবে। কোল্ড বাথ ব্যবহার করবেন না কারণ এটি তাকে কাঁপুনি দেবে এবং শরীরের মূল তাপমাত্রা বাড়িয়ে দেবে। সামগ্রিক তাপমাত্রা খুব একটা খারাপ নয়। শিশুর জ্বরজনিত খিঁচুনির ইতিহাস থাকলেই আমরা তাপমাত্রা কমিয়ে দিই। মনে রাখবেন, সংক্রমণের বিরুদ্ধে সুরক্ষা হিসেবে জ্বর হাজার হাজার বছর ধরে চলে আসছে। জ্বর সংক্রমণের বৃদ্ধির ক্ষমতা কমিয়ে দেয় এবং এটি শরীরে আরও শ্বেত রক্তকণিকা নিয়ে আসে। তাই জ্বর খারাপ কিছু নয়। আপনি অপেক্ষা করতে পারেন এবং পরের দিন বা তার বেশি সময় ধরে তার আচরণ কেমন হয় তা দেখতে পারেন। আশা করি আমি আপনার প্রশ্নের উত্তর দিতে পেরেছি। আপনার যেকোনো চিকিৎসা সংক্রান্ত প্রশ্ন বা উদ্বেগের জন্য অনুগ্রহ করে আমাদের সাথে আবার যোগাযোগ করুন।"
64227,"হেলো, অনুসন্ধানের জন্য আপনাকে ধন্যবাদ। আমি আরও কিছু বিষয় জানতে চাই যা আমাকে আপনাকে আরও ভালোভাবে পরামর্শ দিতে সাহায্য করবে। তাই, এগুলোর উত্তর দিতে কিছু মনে করবেন না যাতে আপনি আরও ভালো পরামর্শ দিতে পারেন। তাই, এগুলোর উত্তর দেওয়ার জন্য কিছু মনে করবেন না। আপনি কি এই সমস্যাটি কতদিন ধরে ভুগছেন? ২) আপনার কি মাথাব্যথা বা নাক বন্ধ আছে? ৩) আপনার কি জ্বর বা গলা ব্যথা আছে? ৪) জগিং বা দৌড়ানোর সময় কি আপনি একই ধরনের দাগ লক্ষ্য করেন? আপনার ইতিহাস থেকে জানা যায় যে আপনি সম্ভবত স্যাটিরিয়াসিস রোজ ডিজিজে ভুগছেন, যা হারপিস ভাইরাসের কারণে সৃষ্ট একটি আঁশযুক্ত ত্বকের র‍্যাশ এবং কখনও কখনও এর কারণ অজানা থাকে এবং এটি সংক্রামক নয়। এটি নিশ্চিত করতে হবে, অনুগ্রহ করে একজন চর্মরোগ বিশেষজ্ঞের কাছে যান যাতে তিনি আপনাকে পরীক্ষা করে একই ধরনের উপসর্গের অন্যান্য কারণগুলো বাদ দেওয়ার জন্য রক্ত পরীক্ষা এবং স্কিন বায়োপসির পরামর্শ দিতে পারেন। একবার নিশ্চিত হয়ে গেলে, উপসর্গগুলো আরও খারাপ হলে অ্যান্টিভাইরাল ওষুধ এবং ফটোথেরাপির মাধ্যমে সেই অনুযায়ী চিকিৎসা করা হবে। তবে, আপনার রিপোর্ট বা ছবি আপলোড করার একটি বৈশিষ্ট্য রয়েছে, অনুগ্রহ করে এটি ব্যবহার করুন যাতে আমি আপনার প্রশ্নের আরও ভালো উত্তর দিতে পারি। এই জীবনযাত্রায় পরিবর্তনগুলো অনুসরণ করুন।"
101386,"নাসেনিয়া ডক বেছে নেওয়ার জন্য আপনাকে ধন্যবাদ। পর্যায় ১ থমাস এমন একটি পর্যায় যা কোনো ট্রান্স-ক্যাপসুলার আক্রমণ বা এক্সটেনশন ছাড়াই সম্পূর্ণ মুক্ত। পর্যায় ১ থমাসের ক্ষেত্রে বি২/বি৩ হিস্টোলজিক্যাল সাবটাইপের জন্যও অস্ত্রোপচার পরবর্তী রেডিয়েশন থেরাপির প্রয়োজন হয় না। অসম্পূর্ণ রিসেকশন, হিস্টোপ্যাথলজি রিপোর্টে মার্জিন পজিটিভ রোগ, স্টেজ ২ থেকে ৪ রোগ বা থাই মাইক কার্সিনোমার ক্ষেত্রে রেডিয়েশন থেরাপির প্রয়োজন হয়। আশা করি আপনার প্রশ্নের উত্তর পেয়েছেন। আপনার আরও কোনো প্রশ্ন থাকলে আমি তার উত্তর দিতে পারলে খুশি হব। নাসেনিয়া ডক বেছে নেওয়ার জন্য আপনাকে ধন্যবাদ।"
29974,"হেলো, প্রিয়, আপনার জিজ্ঞাসার জন্য ধন্যবাদ, আপনার হাতের বেদনাদায়ক লাল-আকৃতির পিণ্ডের জন্য, যা হাত লাল হয়ে ফোড়ায় পরিণত হয়েছে। ১-আমি চিন্তিত যে আপনি আপনার হাতে ক্লিনিং এজেন্ট ইনজেকশন দেওয়ার পর, এই বেদনাদায়ক শক্ত হাতের পিণ্ডের চিকিৎসা কীভাবে করা হবে তা জানার জন্য। ২-আমি আপনাকে একজন সার্জনের পরামর্শ নেওয়ার পরামর্শ দেব, যিনি জরুরি অস্ত্রোপচারের মাধ্যমে এর চিকিৎসা করবেন। ৩-আমি আপনাকে একজন সার্জনের পরামর্শ নেওয়ার পরামর্শ দেব, যিনি জরুরি অস্ত্রোপচারের মাধ্যমে এর চিকিৎসা করবেন।"
14057,"হেলো, মেলাসমা হলো এক ধরণের হাইপারপিগমেন্টেশন যা সাধারণত মধ্যবয়সী নারীদের মধ্যে দেখা যায় এবং এটি হরমোন ও সূর্যালোকের কারণে নির্ধারিত হয়। এর চিকিৎসা চ্যালেঞ্জিং, তবে সঠিক নিয়মে ভালো ফলাফল পাওয়া সম্ভব। সাধারণত চিকিৎসাকে ক্লিনিক-ভিত্তিক এবং হোম-ভিত্তিক উভয় ভাগে ভাগ করা হয়। ক্লিনিকে, আমি গ্লাইকোলিক, লেসার, টিসিএ-এর মতো কেমিক্যাল পিল ব্যবহারের পরামর্শ দিই, যার সাথে মাইক্রোডার্মাব্রেশন থাকতে পারে বা নাও থাকতে পারে। বাড়িতে, আপনি রক্ষণাবেক্ষণের জন্য কোজিক অ্যাসিড, অ্যালবুমিন ইত্যাদি এবং ভিটামিন সি সিরামযুক্ত ক্রিম ব্যবহার করতে পারেন। নিয়মিত উচ্চ এসপিএফ (SPF) সানস্ক্রিন ব্যবহার করুন। গ্লাইকোলিক অ্যাসিডযুক্ত ফেসওয়াশ ব্যবহার করুন। আশা করি এটি আপনার সমস্যার সমাধান করবে। নাসেনিয়া ডক।"
100574,"হেলো, আপনার ডাক্তার ইডিএস (EDS) বা হাইপারমোবিলিটি ফ্যাক্টরের সাথে সম্পর্কিত স্নায়ুরোগ বিশেষজ্ঞের কাছ থেকে বিশেষ জ্ঞানের অভাব সম্পর্কে যা বলেছেন, তাতে কিছু নির্দিষ্ট সত্য রয়েছে যা সমস্যার কারণ হতে পারে। আমি একজন নিউরোলজিস্ট এবং আমার হেড্যাচ ক্লিনিকে আমার বেশ কয়েকজন রোগী আছেন, কারণ এই রোগীরা মাথাব্যথায় ভোগেন (ইডি-র কারণে সার্ভিকাল মেরুদণ্ডের অস্থিরতার কারণে ঘাড়ের হাইপারমোবিলিটির প্রাথমিক ধরন যেমন মাইগ্রেন বা টেনশন উভয়ই যান্ত্রিক ধরনের)। জেনেটিক পরীক্ষার মাধ্যমে ইডিএস নিশ্চিত করা হয়। প্রকৃতপক্ষে, আপনার উপস্থাপনা থেকে যারা রোগ নির্ণয়ের বিষয়ে যথেষ্ট সন্দেহ করেছেন, তাদের ধন্যবাদ। এখন এই সমস্যার জন্য একজন বিশেষজ্ঞের কাছে যাওয়ার সমস্যা হলো, জেনেটিসিস্ট ছাড়া এমন কেউ নেই যারা মেডিকেল ক্লিনিশিয়ান হতে পারেন, যারা দেখবেন যে অনেক ক্ষেত্রে তাদের প্রশিক্ষণের সময় অন্য কোনো ক্ষেত্রে এটি রোগের পরিণতির সাথে সম্পর্কিত। তাই, আমি এই দুটি রোগী দেখেছি যাদের আমি ফলো-আপ করছি (এবং তাদের কাছ থেকে অনেক কিছু শিখছেন) কারণ মাথাব্যথা সহজে নিরাময়যোগ্য নয়, কিন্তু তাদের প্রাথমিক ডাক্তার বা অন্যান্য বিশেষজ্ঞদের সাথে। আর্থ্রোপডের পেশীর সমস্যার কারণেও ইডিএস রোগী থাকতে পারে, যা তাদের ইডিএস-এর কারণে সবচেয়ে ভালোভাবে নিয়ন্ত্রণ করা যায়... কিন্তু দুর্বলতা সম্পর্কে তাদের প্রকৃত বিশেষ জ্ঞান নেই কারণ এটি সত্যিই একটি বিরল জেনেটিক সমস্যা হিসেবে বিবেচিত হয়। আরও তথ্যের জন্য আপনি এখানে একটি লিঙ্ক দেখতে পারেন। আমি আপনাকে পরামর্শ দেব যে, আপনি তাদের চিকিৎসকের তালিকায় থাকা চিকিৎসকদের সাথে দেখা করুন, কারণ এই ব্যক্তিরা এই সমস্যার চিকিৎসা করার আগ্রহ প্রকাশ করেছেন। তাই, নিখুঁত অভিজ্ঞতা এবং তাদের রোগীদের ক্ষেত্রে কী কাজ করে এবং কী কাজ করে তা জানা আপনাকে নির্দেশনা দিতে পারে"
52263,"হেলো, আমাদের কাছে লেখার জন্য ধন্যবাদ। পিসিএস (PCS) হলো একটি নিরীহ অবস্থা যেখানে উভয় ডিম্বাশয়ে স্টোমা বড় হয়ে যায় এবং উভয় ডিম্বাশয়ে একাধিক পেরিফেরাল ফলিকল থাকে। এর ফলে অনিয়মিত পিরিয়ড, শরীরের লোম বৃদ্ধি এবং ওজন বৃদ্ধির মতো উপসর্গ দেখা দেয়। ক্যান্সার এবং পিসিএস সম্পূর্ণ আলাদা একটি অবস্থা। জরায়ুর ক্যান্সার হলে নিম্নলিখিত উপসর্গগুলো দেখা দিতে পারে: (i) কোনো কারণ ছাড়াই যোনিপথে রক্তপাত (ii) জরায়ুতে ক্ষত (iii) যোনিপথ থেকে সাদা স্রাব (iv) জরায়ুমুখ থেকে অতিরিক্ত রক্তপাত (v) জরায়ুমুখ থেকে অতিরিক্ত রক্তপাতসহ একাধিক কুঁচকির লিম্ফ নোড, যা দেখতে ভিন্ন। আকার বড় হওয়া জরায়ুর ক্যান্সারের লক্ষণ নয়। অনুগ্রহ করে আপনার ডাক্তারের দেওয়া ওষুধগুলো গ্রহণ করুন। সন্দেহ থাকলে প্যাপ স্মিয়ার পরীক্ষা করান। অনুগ্রহ করে চিন্তা করবেন না।"
95939,"হেলো এবং আপনি যে পরিস্থিতির মধ্য দিয়ে যাচ্ছেন তার জন্য আমি দুঃখিত। মানসিক চাপের পরিস্থিতি মোকাবিলার জন্য আপনার আরও কিছু স্টেরয়েড হরমোনের প্রয়োজন হলে আপনি সোলুকোর্টাল বহন করতে পারেন। মানসিক চাপের সময় শরীর সাধারণত স্টেরয়েড হরমোনের উৎপাদন বাড়িয়ে দেয়। যেহেতু আপনার অ্যাডিসন রোগ রয়েছে, তাই আপনার পক্ষে এটি সম্ভব নয় এবং আমাদের এর বাহ্যিক ব্যবস্থাপনার প্রয়োজন হবে। দুর্ঘটনা, প্রিয়জন হারানো, খুব কঠিন কোনো পরিস্থিতির মধ্য দিয়ে যাওয়া, গুরুতর অসুস্থতা ইত্যাদির মতো পরিস্থিতিতে আপনার এটি প্রয়োজন হতে পারে। ফার্মেসি থেকে নতুন সিরিঞ্জ কেনা সবচেয়ে ভালো। তবে, আপনি যদি এখনই এটি ব্যবহার করেন তবে আপনি যেকোনো সিরিঞ্জ ব্যবহার করতে পারেন এবং সমস্যা থেকে মুক্তি পাওয়ার অন্য কোনো উপায় নেই। আমি আপনাকে পরামর্শ দিচ্ছি যে, যত দ্রুত সম্ভব পরামর্শ দেওয়া সিরিঞ্জটি গ্রহণ করুন। আপনার সুস্বাস্থ্য কামনা করি। নতুন সিরিঞ্জ পাওয়ার জন্য আপনার সমস্ত প্রচেষ্টার জন্য শুভকামনা রইল।"
103179,"নাসেনিয়া ডকে আপনার প্রশ্নের জন্য ধন্যবাদ। আমি আপনার উদ্বেগ বুঝতে পারছি। আপনার ইতিহাস এবং বর্ণনা অনুযায়ী, পোস্ট-ইনফেকশাস ব্রঙ্কাইটিসের সম্ভাবনা বেশি। ভাইরাল আপার রেসপিরেটরি ট্র্যাক্ট ইনফেকশন (ইউআরআই) (ঠান্ডা) এর পরে ব্রঙ্কাইটিস (শ্বাসনালীর প্রদাহ) হওয়া সাধারণ বিষয়। আর ব্রঙ্কাইটিসের কারণে কাশি, শ্বাসকষ্ট এবং শ্বাস নেওয়ার সময় বাঁশির মতো শব্দ হতে পারে। তাই একজন পালমোনোলজিস্টের (ফুসফুস বিশেষজ্ঞ) সাথে পরামর্শ করা এবং ১. শ্বাসতন্ত্রের ক্লিনিকাল পরীক্ষা এবং ২. পিএফটি (পালমোনারি ফাংশন টেস্ট) করানো ভালো। পিএফটি শুধুমাত্র ব্রঙ্কাইটিস নির্ণয় করবে না, এটি আপনাকে রোগের তীব্রতা সম্পর্কেও জানাবে এবং সেই তীব্রতার ওপর ভিত্তি করেই চিকিৎসা করা হয়। আপনার ইনহেলড ব্রঙ্কোডাইলেটর (ফর্মোটেরল বা অ্যালবিউটেরল) এবং ইনহেলড কর্টিকোস্টেরয়েড (আইসিএস) (বুডেসোনাইড বা ফ্লুটিকাসোন) প্রয়োজন হবে। চিন্তা করবেন না, আপনি সুস্থ হয়ে উঠবেন। আশা করি আমি আপনার প্রশ্নের সমাধান করতে পেরেছি। আপনাকে আরও সাহায্য করতে পারলে আমি খুশি হব। আপনার সুস্বাস্থ্য কামনা করি। ধন্যবাদ।"
37425,"হেলো এবং নাসেনিয়া ডকে আপনাকে স্বাগতম। আপনার অনুসন্ধানের জন্য ধন্যবাদ। আমি নাসেনিয়া ডক এবং আমি আপনাকে যথাসাধ্য সাহায্য করার চেষ্টা করব। যদি উভয় পায়ে ফোলাভাব থাকে, তবে এটি কিডনি বা হৃদপিণ্ডের কোনো সমস্যার ইঙ্গিত দেয় এবং আমার মনে হয় না এটি পেশী বা কঙ্কালজনিত কোনো সমস্যার সাথে সম্পর্কিত। আপনার হৃদপিণ্ডের আল্ট্রাসাউন্ড এবং পায়ের ডপলার আল্ট্রাসাউন্ড করানো উচিত। আশা করি আমি আপনার প্রশ্নের উত্তর দিতে পেরেছি। আপনার যদি আরও কোনো প্রশ্ন থাকে, তবে আপনি আমাদের সাথে যোগাযোগ করতে পারেন। আন্তরিক শুভেচ্ছা। আপনার সুস্বাস্থ্য কামনা করি।"
69890,"হেলো, তরুণদের মধ্যে স্পোর্টস ইনজুরি সাধারণ এবং বেশিরভাগ ক্ষেত্রে এটি গুরুতর নয়। আপনার ক্ষেত্রে মেরুদণ্ডের থোরাসিক অঞ্চলে আঘাত লেগেছে। পাঁজরের হাড়ের কারণে মেরুদণ্ডের এই অংশটি ভালোভাবে স্থিতিশীল থাকায় মেরুদণ্ড পড়ে যাওয়ার সম্ভাবনা খুবই কম। তাছাড়া, আপনার কোনো অঙ্গের দুর্বলতা, প্রস্রাবের সমস্যা বা শ্বাসকষ্ট নেই। আমার কাছে এটি উদ্বেগের কোনো আঘাত বলে মনে হচ্ছে না। চিকিৎসার জন্য, আপনি ব্যথানাশক মলম ব্যবহার করে কিছুটা আরাম পেতে পারেন এবং বিশ্রাম নিতে পারেন। যদি তীব্র ব্যথা, শ্বাসকষ্ট, অঙ্গের দুর্বলতা বা মেরুদণ্ডের ওপর হাড়ের আধিক্য দেখা দেয়, তবে আপনার একজন ডাক্তারের পরামর্শ নেওয়া প্রয়োজন। আশা করি আপনি দ্রুত সুস্থ হয়ে উঠবেন।"
55973,"হেলো, আমি আপনার কেসটি পর্যালোচনা করেছি। আপনার ইতিহাস অনুযায়ী এটি হিপ আর্থ্রাইটিস হতে পারে যা ডিজেনারেটিভ বা ফিমোরাল হেড এভিএন (AVN)-এর অ্যাভাসকুলার নেক্রোসিসের কারণে হতে পারে। আমি আপনাকে পুনরায় হিপের এক্স-রে করার পরামর্শ দেব এবং আপনি রিপোর্টগুলো নিয়ে আমার সাথে বা আপনার ডাক্তারের সাথে পরামর্শ করতে পারেন। ক্লিনিকাল পরীক্ষার পর যদি এভিএন সন্দেহ হয়, তবে আপনার এমআরআই (MRI) করা প্রয়োজন। আপাতত গ্লুকোসামিন সালফেটের মতো ব্যথানাশক এবং কার্টিলেজ রক্ষাকারী ওষুধ সেবন করুন। হিপ আর্থ্রাইটিসের জন্য জয়েন্ট ফ্লেক্সন, এক্সটেনশন এবং রোটেশন ব্যায়াম সাহায্য করবে। একজন ফিজিওথেরাপিস্ট আপনাকে সঠিক নিয়মে আরও ব্যায়াম শিখতে সাহায্য করবেন। প্রয়োজনে ইন্ট্রা-আর্টিকুলার ইনজেকশন দেওয়া যেতে পারে। ক্যালসিয়াম এবং প্রোটিন সমৃদ্ধ খাবার সাহায্য করবে। আশা করি এটি আপনার প্রশ্নের উত্তর দিয়েছে। আপনার যদি আরও কোনো প্রশ্ন বা ফলো-আপ জিজ্ঞাসা থাকে, তবে আমাদের লিখতে দ্বিধা করবেন না। আমি আপনার প্রশ্নের উত্তর দিতে পেরে খুশি হব। আপনার সুস্বাস্থ্য কামনা করছি। ভালো থাকবেন।"
73865,"প্রিয় রোগী, আপনার এমআরআই রিপোর্টটি মস্তিষ্কের অঞ্চলের, মেরুদণ্ডের নয়। মানুষের মস্তিষ্ক চারটি লোবে বিভক্ত এবং প্যারিটাল লোব তার মধ্যে একটি। আপনার রিপোর্টে প্যারিটাল এলাকায় পুরনো ইনফার্কট এবং একই এলাকায় পরবর্তী ফাইব্রোসিসের ইঙ্গিত পাওয়া গেছে। সাম্প্রতিক উৎসে একাধিক ছোট ইনফার্কট রয়েছে যা মস্তিষ্কের রক্তনালীর সমস্যার কারণে হতে পারে। আপনার বয়স কত? সবসময় বয়স এবং সমস্যাগুলো উল্লেখ করুন। আমি আপনাকে পরবর্তী চিকিৎসার জন্য একজন নিউরোলজিস্টের সাথে দেখা করার পরামর্শ দেব। ধন্যবাদ।"
69974,"নাসেনিয়া ডকে আপনার প্রশ্নের জন্য ধন্যবাদ। আমার মতে, এর জন্য আপনার অবিলম্বে একজন হৃদরোগ বিশেষজ্ঞের পরামর্শ নেওয়া উচিত। পালমোনারি এমবোলিজম এবং লোয়ার ওয়াল ইস্কেমিয়া ডান দিকের হৃদপিণ্ডের ক্ষতির ইঙ্গিত দেয়। আমাদের অবিলম্বে এর চিকিৎসা করা প্রয়োজন কারণ এটি হাইপোটেনশন এবং ব্র্যাডিকার্ডিয়ার কারণ হতে পারে। আমাদের প্রথমে এমবোলিজমের মাত্রা শনাক্ত করতে হবে। তাই সিটি পালমোনারি এনজিওগ্রাফি করান। এমবোলিজম দ্রবীভূত করার জন্য ফাইব্রিনোলাইটিক থেরাপি শুরু করুন। রোগী হিমোডাইনামিকভাবে স্থিতিশীল হয়ে গেলে, করোনারি অবস্ট্রাকশন দূর করার জন্য করোনারি এনজিওগ্রাফির পরিকল্পনা করুন। আর প্রয়োজনে স্টেন্টিং করাতে হবে। তাই এই ধরনের রোগীদের চিকিৎসার জন্য আপনার কার্ডিওলজিস্ট এবং কার্ডিয়াক ইনটেনসিভ কেয়ার প্রয়োজন।"
33453,নাসেনিয়া ডকে আপনাকে স্বাগতম। ১. এটি ম্যান্ডিবল থেকে উদ্ভূত কোনো পিণ্ড বা ক্ষত হতে পারে। ২. নিশ্চিত হওয়ার জন্য আমি ল্যাটারাল এবং অ্যান্টেরোপোস্টেরিয়ার এক্স-রে করার পরামর্শ দেব। ৩. এটি কোনো সিস্টিক বা শক্ত পিণ্ড হতে পারে যা অন্টারডিফারেনশিয়াল সাবম্যান্ডিবুলার গ্রন্থি থেকে উৎপন্ন হয় (একটি আল্ট্রাসাউন্ড ক্ষতের উপাদান শনাক্ত করতে সাহায্য করবে)। ৪. তাই প্রয়োজনে এক্স-রে করার পর একটি আল্ট্রাসাউন্ড স্ক্যান করান। ৫. সম্ভাব্য অ্যাপয়েন্টমেন্টের কাছাকাছি গিয়ে স্ক্যান করিয়ে নিন। কিছু জিজ্ঞাসা করার আছে? দ্বিধা করবেন না। ধন্যবাদ।
78401,"আপনার অনুসন্ধানের জন্য ধন্যবাদ। আমি আপনার অনুসন্ধানটি দেখেছি। ফোলা বা চাকা পেরিওডন্টাল অ্যাবসেসের কারণে হতে পারে। আতঙ্কিত হওয়ার কিছু নেই। আমি যদি আপনার চিকিৎসাকারী ডাক্তার হতাম, তবে আক্কেল দাঁত ওঠার জন্য পর্যাপ্ত জায়গা আছে কিনা তা নিশ্চিত করার জন্য আমি আপনাকে আইওপিএআর (IOPAR) বা আরভিজি (RVG)-এর মতো একটি রেডিওগ্রাফ করার পরামর্শ দিতাম। যদি জায়গা না থাকে, তবে দাঁতটি তুলে ফেলতে হবে। যদি আক্কেল দাঁতটি হাড় দিয়ে ঢাকা থাকে, তবে এটি একটি ছোট অস্ত্রোপচারের মাধ্যমে অপসারণ করতে হবে। যেহেতু এটি একটি অকার্যকর দাঁত, তাই ভবিষ্যতের জটিলতা এড়াতে দাঁতটি তুলে ফেলুন। ইতিমধ্যে, আমি অ্যামোক্সিসিলিন এবং মেট্রোনিডাজল (যদি আপনার অ্যালার্জি না থাকে) এর মতো অ্যান্টিবায়োটিক নেওয়ার পরামর্শ দিতাম। লবণ পানি দিয়ে কুলকুচি করুন। আশা করি আমার উত্তরটি আপনাকে সাহায্য করবে। ভালো থাকবেন।"
10150,"এটি আপনার রোগ প্রতিরোধ ক্ষমতার ওপর নির্ভর করে কতটা সময় লাগবে তার ওপর নির্ভর করে, আপনি এর জন্য কিছু ঘরোয়া প্রতিকার চেষ্টা করতে পারেন: ১. এক টেবিল চামচ মধু ২. এক টেবিল চামচ ফুলার আর্থ (মুলটান মিট) ৩. এক চিমটি হলুদের গুঁড়ো এবং এক টেবিল চামচ দুধ। সব একসাথে মিশিয়ে ৩ দিন ব্যবহার করুন, এতে কাজ হবে, তবে অনুগ্রহ করে ঘষবেন না, খুব নরম করে লাগান এবং ৫ মিনিট পর ধুয়ে ফেলুন। আপনার শারীরিক অবস্থার কথা বিবেচনা করলে, আপনি সেই দাগে কনসিলার ব্যবহার করতে পারেন। এটি আপনাকে অবাক করে দেবে। ধন্যবাদ।"
111868,"হেলো প্রিয়, আমি আপনার উদ্বেগ বুঝতে পারছি। হঠাৎ উচ্চ মাত্রার জ্বর এবং র‍্যাশ সম্ভবত একটি ভাইরাল অসুস্থতা। যদি তার অন্য কোনো উপসর্গ না থাকে, জ্বর কমে গেলে খেলাধুলা করে এবং খাওয়ানোর সময় তাকে দিনে ৩-৪ বার প্যারাসিটামল দিন। তাকে বিশ্রাম নিতে দিন এবং ডাক্তারের সাথে কথা বলুন। যদি র‍্যাশে চুলকানি হয়, তবে দিনে ২-৩ বার ক্যালামাইন লোশন লাগান। যদি এটি বিরক্তিকর হয়, তবে আমি এইচওয়াই (HY)-এর মতো অ্যান্টিহিস্টামিন দিতাম।"
75195,"হেলো, নাসেনিয়া ডকের সাথে পরামর্শ করার জন্য ধন্যবাদ। আপনার প্রশ্নটি পড়েছি, যেহেতু আপনার ওরাল সাবমিউকোসাল ফাইব্রোসিস ধরা পড়েছে, এটি একটি প্রাক-ক্যান্সারজনিত অবস্থা। আমি আপনাকে ধূমপান এবং তামাক চিবানোর অভ্যাস পুরোপুরি ত্যাগ করার পরামর্শ দেব, যা আপনার জন্য ভালো হবে। যেহেতু আপনি আপনার ওরাল সার্জনের দেওয়া ওষুধের কথা বলছেন, হ্যাঁ, এগুলো ওএসএফ (OSF) অবস্থায় দেওয়া ওষুধ। নিয়মিত এই ওষুধগুলো সেবন করুন এবং পরীক্ষা ও মূল্যায়নের জন্য আপনার ওরাল সার্জনের সাথে যোগাযোগ রাখুন। আশা করি এটি আপনাকে সাহায্য করবে। আপনার সুস্বাস্থ্য কামনা করছি। শুভেচ্ছা।"
60811,"হেলো, ডেইরি, আমি আপনার প্রশ্নটি দেখেছি। আমি আপনার উদ্বেগ বুঝতে পারছি। আপনার সার্ভিকাল ক্যান্সার আছে এবং র‍্যাডিক্যাল সার্জারির পর কেমোথেরাপি ও রেডিওথেরাপির মাধ্যমে এর চিকিৎসা করা হয়। এখন আপনার একাধিক মেটাস্ট্যাটিক ক্ষত রয়েছে। তাই এটি এখন চতুর্থ পর্যায়ের রোগে পরিণত হয়েছে। অস্ত্রোপচার এখন আর সহায়ক হবে না। শুধুমাত্র কেমোথেরাপির চিকিৎসার বিকল্প রয়েছে। এটি কার্যকর নয়। তাই আপনি কেমোথেরাপি পরিবর্তন করতে পারেন। তবে কোনো চিকিৎসাই রোগ নিরাময় করবে না। সমস্ত চিকিৎসা সত্ত্বেও পূর্বাভাস খারাপ। আয়ুষ্কাল খুব একটা ভালো নয়। এবং কেমোথেরাপির নিজস্ব পার্শ্বপ্রতিক্রিয়া রয়েছে। তাই আমার মতে, কোনো চিকিৎসা দেওয়া উচিত নয়। আপনার ডাক্তারের সাথে পরামর্শ করুন এবং সেই অনুযায়ী চিকিৎসা নিন। আশা করি আমি আপনার প্রশ্নের উত্তর দিতে পেরেছি, যদি আপনার কোনো সন্দেহ থাকে তবে আমি উত্তর দিতে পেরে খুশি হব। নাসেনিয়া ডক ব্যবহার করার জন্য ধন্যবাদ। আপনার সুস্বাস্থ্য কামনা করি।"
4199,"হেলো, ডেইরি, আমি আপনার প্রশ্নটি দেখেছি। আমি আপনার উদ্বেগ বুঝতে পারছি। অনকোলজিস্ট সহজেই এইচআইভি-সম্পর্কিত লিম্ফোমা শনাক্ত করতে পারেন। আপনি যদি এইচআইভি পরীক্ষা না করে থাকেন, তবে এইচআইভি পরীক্ষা করান। লিম্ফোমার ধরন এবং মাত্রা অনুযায়ী আপনার লিম্ফোমার চিকিৎসা নিন। আশা করি আমি আপনার প্রশ্নের উত্তর দিতে পেরেছি, যদি আপনার কোনো সন্দেহ থাকে তবে আমার সাথে bit.ly/ নাসেনিয়া ডক-এ যোগাযোগ করুন। নাসেনিয়া ডক ব্যবহার করার জন্য ধন্যবাদ। আপনার সুস্বাস্থ্য কামনা করি।"
64773,"নাসেনিয়া ডকে আপনার প্রশ্নের জন্য ধন্যবাদ। আমি আপনার উদ্বেগ বুঝতে পারছি। পালমোনারি ফাইব্রোসিস নিজে থেকে নাক দিয়ে রক্ত পড়া বা পিত্তযুক্ত বমির কারণ হতে পারে না। তাকে অতিরিক্ত স্টেরয়েড দেওয়া হয়েছে। তাই এটি গ্যাস্ট্রিক আলসার, গ্যাস্ট্রোপেরেসিস এবং গ্যাস্ট্রাইটিস হতে পারে। এগুলোর কারণে বমি, রক্তপাত ইত্যাদি হতে পারে। তাই বেশিরভাগ স্টেরয়েড ইনজেকশন এবং এর পার্শ্বপ্রতিক্রিয়াই তার পিত্তযুক্ত বমি ও রক্তপাতের কারণ। আশা করি আমি আপনার প্রশ্নের সমাধান করতে পেরেছি। আপনাকে আরও সাহায্য করতে পারলে আমি খুশি হব। ধন্যবাদ।"
26418,"হেলো, আমি আপনার প্রশ্নটি মনোযোগ দিয়ে পড়েছি এবং আপনার উদ্বেগ বুঝতে পেরেছি। আপনার লক্ষণগুলো সর্দি বা ফ্লু-এর সাথে সম্পর্কিত বলে মনে হচ্ছে। লক্ষণগুলো উপশমের জন্য আমি অ্যাসিটামিনোফেনের মতো প্রদাহরোধী ওষুধ ব্যবহারের পরামর্শ দিচ্ছি। আমি বিশ্রাম নেওয়া, স্বাস্থ্যকর খাবার খাওয়া এবং স্বাস্থ্যকর খাবার খাওয়ারও পরামর্শ দিচ্ছি। এছাড়া, আমি নাসেনিয়া ডকের পরামর্শ নেওয়ার পরামর্শ দিচ্ছি। আশা করি আমার উত্তরটি সহায়ক ছিল। আপনার আরও কোনো প্রশ্ন থাকলে নির্দ্বিধায় আমার সাথে যোগাযোগ করুন। শুভেচ্ছা!"
105888,"হেলো! নাসেনিয়া ডকে আপনার প্রশ্নটি করার জন্য ধন্যবাদ। আমি একজন গ্যাস্ট্রোএন্টেরোলজিস্ট (ডিএম)। এএসটি (AST) বৃদ্ধি লিভারের কোষের ক্ষতির কারণে হয়, যা অ্যালকোহল গ্রহণের কারণে হতে পারে। এটি উদ্বেগের বিষয় কারণ দীর্ঘস্থায়ী লিভারের ক্ষতির ফলে সিরোসিস হতে পারে, যা লিভারের সংকোচন এবং অপরিবর্তনীয়। তাই আমি আপনাকে অ্যালকোহল এড়িয়ে চলার পরামর্শ দেব। এছাড়াও, হেপাটাইটিস বি এবং সি ভাইরাস, উইলসন ডিজিজের জন্য সিরাম সেরুলোপ্লাজমিন, বিশেষ করে যদি আপনি তরুণ হন, অটোইমিউন রোগের জন্য এএনএ (ANA) এবং এসএমএ (SMA) পরীক্ষা করা উচিত, কারণ এগুলোও এএসটি বৃদ্ধির কারণ হতে পারে। আশা করি আমি আপনার প্রশ্নের উত্তর দিতে পেরেছি এবং এটি আপনাকে সাহায্য করবে। আপনার যদি আরও কোনো প্রশ্ন থাকে, তবে আমি তার উত্তর দিতে পেরে খুশি হব। যোগাযোগ রাখুন এবং দ্রুত সুস্থ হয়ে উঠুন।"
104956,"হেলো, বিবর্ণতা রক্তপাতের কারণে হয় এবং এটি নিজে থেকেই সেরে যাওয়া উচিত, তবে প্রক্রিয়াটি দ্রুত করার জন্য আপনি কিছু গরম সেঁক দিতে পারেন। সুঁই বসানোর সময় কখনও কখনও কোনো স্নায়ুতে চাপ পড়ে এবং এর ফলে ঝিঁঝিঁ ধরার মতো অনুভূতি হতে পারে। এটিও সেরে যাবে, তবে প্রক্রিয়াটি দ্রুত করার জন্য কয়েক সপ্তাহ সময় লাগতে পারে। দুঃখিত যে এমনটা ঘটেছে। কিছু গরম সেঁক দিন এবং খুব অস্বস্তি হলে আইবুপ্রোফেন সেবন করুন। শুভেচ্ছা।"
33398,"হেলো, নাসেনিয়া ডকে অনুসন্ধান করার জন্য ধন্যবাদ। যদি আপনার মনে হয় যে আপনি বিষণ্নতায় ভুগছেন, তবে বিস্তারিত মূল্যায়ন এবং চিকিৎসার জন্য আপনার একজন মনোরোগ বিশেষজ্ঞের পরামর্শ নেওয়া উচিত। ডাক্তার আপনার ব্যক্তিত্বের বৈশিষ্ট্য বা ব্যক্তিত্বের ব্যাধি আছে কিনা তা পরীক্ষা করতে পারেন। ডাক্তার অ্যান্টি-ডিপ্রেসেন্ট ওষুধ দিতে পারেন। চিকিৎসার অন্যান্য পদ্ধতির মধ্যে, ডাক্তার সাইকোথেরাপি সেশন এবং স্ট্রেস ম্যানেজমেন্টের পরামর্শ দিতে পারেন। ইতিমধ্যে, মানসিক চাপ নিয়ন্ত্রণের জন্য আপনি যোগব্যায়াম, ধ্যান বা শ্বাস-প্রশ্বাসের ব্যায়াম করতে পারেন। ধন্যবাদ।"
68146,"হেলো, নাসেনিয়া ডকের সাথে যোগাযোগ করার জন্য আপনাকে ধন্যবাদ। আমি আপনার স্বাস্থ্যগত উদ্বেগটি বুঝতে পেরেছি, আমি যদি আপনার ডাক্তার হতাম তবে আমি আপনাকে ডেঙ্গুর জন্য পরীক্ষা করার পরামর্শ দিতাম। আপনি যে লক্ষণগুলোর কথা উল্লেখ করেছেন তা ডেঙ্গুর ইঙ্গিত দেয়। অনুগ্রহ করে রক্তক্ষরণজনিত সমস্যা আছে কিনা তা নিশ্চিত করতে প্লাটিলেট কাউন্টও পরীক্ষা করুন। আপনার ভবিষ্যতের যেকোনো প্রশ্নের উত্তর দিতে পারলে আমি খুশি হব। ধন্যবাদ, নাসেনিয়া ডক ইনফেকশাস ডিজিজ স্পেশালিস্ট। নাসেনিয়া ডকের পক্ষ থেকে আপনার সুস্বাস্থ্য কামনা করছি।"
78991,"হেলো, পায়ে ব্যথার কারণ নির্ণয়ের জন্য ওষুধ প্রেসক্রাইব করা হয়েছে। আপনার ব্যথার কারণ মূল্যায়ন করতে এবং ব্যথার ওষুধগুলো উল্লেখ বা সুপারিশ করার জন্য আপনার সৈকত এলাকার ডাক্তারের সাথে যোগাযোগ করুন। কিটোরোলাক ট্যাবলেট ব্যথা উপশমে কার্যকর এবং ট্রামাডলও কার্যকর। আপনি শীঘ্রই এগুলো প্রেসক্রাইব করতে পারবেন কিনা তা আশ্চর্যজনক, অন্যথায় খাবারের পর দিনে দুবার ওটিসি অ্যাডভিল বা অ্যালাইভ ট্যাবলেট সেবন করুন। সাঁতার কাটা বা চাপ দেওয়া থেকে বিরত থাকুন, বরফ দেওয়া বা হট প্যাক ব্যবহার করা উপযুক্ত। আপনি আপনার পছন্দের ওষুধের জন্য আপনার ডাক্তারকে জিজ্ঞাসা করতে পারেন অথবা ইনজেকশন নিতে পারেন। তবে আমি আপনার ডাক্তারকে পরামর্শ দেব যে ওষুধ প্রেসক্রাইব করা বন্ধ করুন, কারণ পায়ের ক্লিনিকাল পরীক্ষার মাধ্যমে ব্যথার কারণের চিকিৎসার জন্য তিনি আরও সুনির্দিষ্ট ওষুধ লিখে দিতে পারেন। ধন্যবাদ।"
13140,"হেলো, খুব বেশি জ্বরের কারণে কখনও কখনও খিঁচুনি হতে পারে, যদিও শিশুদের ক্ষেত্রে এটি বেশি দেখা যায়। এটি সম্ভব যে সংক্রমণটি উল্লিখিত লক্ষণগুলোর সাথে সম্পর্কিত ছিল, তবে আপনার ডাক্তারের সাথে এটি পরিষ্কার করা প্রয়োজন। আপনার খিঁচুনি আরও ভালোভাবে পরীক্ষা করার জন্য আপনার ডাক্তার ইইজি (মস্তিষ্কের তরঙ্গ পরীক্ষা) করার পরামর্শ দিতে পারেন। সিটি স্ক্যানের মতো ইমেজিংয়েরও পরামর্শ দেওয়া হতে পারে। আশা করি আমি আপনার প্রশ্নের উত্তর দিতে পেরেছি। আমি আপনাকে আরও কোনোভাবে সাহায্য করতে পারি কিনা তা জানাবেন।"
59763,"এই ধরনের উপসর্গ সাধারণত নির্দিষ্ট কিছু ভাইরাল সংক্রমণের কারণে হয়ে থাকে। এটি সাধারণত নিজে থেকেই সেরে যায় এবং চিকিৎসা নির্বিশেষে ৫-৭ দিনের মধ্যে সেরে যায়। এটি উদ্বেগের কোনো কারণ নয়। তাছাড়া, এটি পরীক্ষা না করে পিণ্ডের কারণ উল্লেখ করা সম্ভব নয়। এছাড়া, এটি ক্লিনিক্যালি মূল্যায়ন করা প্রয়োজন। অনুগ্রহ করে একজন শিশু বিশেষজ্ঞের সাথে দেখা করুন এবং তাকে পরীক্ষা করান। ভাপ নেওয়া এবং সেটিরিজিনের মতো কিছু অ্যান্টিঅ্যালার্জিক ওষুধ দিলে আরাম পাওয়া যাবে। প্যারাসিটামল দিলে তা তাপমাত্রা কমাতে সাহায্য করবে। ওআরএস (ORS) বা ওরাল রিল (ORS) দিন। যদি শিশু সক্রিয় এবং হাসিখুশি থাকে, তবে সবকিছু ঠিক হয়ে যাবে। তবে, যদি শিশুর শ্বাসকষ্ট শুরু হয় বা সে নিস্তেজ হয়ে পড়ে, অথবা যদি অবস্থা ৭-১০ দিনের বেশি স্থায়ী হয় - তবে দেরি না করে আপনার ডাক্তারের সাথে দেখা করা উচিত।"
43540,"হেলো, আপনার প্রশ্নটি পোস্ট করার জন্য ধন্যবাদ। মনে হচ্ছে দুর্ঘটনার পর আপনার খিঁচুনি হয়েছিল, যা স্মৃতিভ্রংশের (স্মৃতিভ্রংশ) সাথে সম্পর্কিত। এটি মাঝারি থেকে গুরুতর মাথায় আঘাতের ক্ষেত্রে সাধারণ। এই লক্ষণগুলো কয়েক সপ্তাহের মধ্যে উন্নত হয়। আপনার মস্তিষ্কের অভ্যন্তরীণ ক্ষতির কারণে মাথায় গুরুতর আঘাত লেগেছে কিনা তা জানার জন্য, আমাদের আপনার মস্তিষ্কের এমআরআই (MRI) করতে হবে। এমআরআই রিপোর্ট নিয়ে পুনরায় যোগাযোগ করুন। আশা করি এটি আপনাকে সাহায্য করবে। আপনার আরও কোনো তথ্যের প্রয়োজন হলে অনুগ্রহ করে জানাবেন। আপনার সুস্বাস্থ্য কামনা করি, নাসেনিয়া ডক।"
6407,"হেলো, নাসেনিয়া ডকের সাথে যোগাযোগ করার জন্য আপনাকে ধন্যবাদ। আমি আপনার স্বাস্থ্যগত উদ্বেগটি বুঝতে পেরেছি, আমি যদি আপনার ডাক্তার হতাম তবে আমি আপনাকে পরামর্শ দিতাম যে ইওসিনোফিলিকের দুটি সবচেয়ে সাধারণ কারণ হলো পরজীবী সংক্রমণ এবং অ্যালার্জি। আপনি পরজীবী সংক্রমণের জন্য ইনজেকশন নিচ্ছেন যা কাজ করছে না। অ্যালার্জির জন্য আপনি কোনো চিকিৎসা নেননি। আমি আপনাকে অ্যালার্জেন খুঁজে বের করার এবং তা বন্ধ করার পরামর্শ দিচ্ছি। আপনার ভবিষ্যতের যেকোনো প্রশ্নের উত্তর দিতে পারলে আমি খুশি হব। ধন্যবাদ, নাসেনিয়া ডক ইনফেকশাস ডিজিজ স্পেশালিস্ট। নাসেনিয়া ডকের পক্ষ থেকে আপনার সুস্বাস্থ্য কামনা করি।"
95324,"হেলো, আপনার অনুসন্ধানের জন্য ধন্যবাদ। আপনি একাধিক যৌন সমস্যার সম্মুখীন হচ্ছেন, যেমন যৌন আকাঙ্ক্ষা কমে যাওয়া এবং দ্রুত বীর্যপাত। ইরেক্টাইল ডিসফাংশন এবং দ্রুত বীর্যপাত। এই সমস্যাগুলোর সবচেয়ে সাধারণ কারণ হলো বহু বছর ধরে ঘন ঘন হস্তমৈথুন করা। কোনো বড় ধরনের স্বাস্থ্য সমস্যা না থাকলে এই সমস্যাগুলো মূলত মানসিক এবং উদ্বেগের কারণে হয়ে থাকে। ২) শাকসবজি, ফলমূল এবং ভিটামিন এ, সি, ডি, ই ও জিঙ্ক সমৃদ্ধ উচ্চ প্রোটিনযুক্ত খাবার গ্রহণ করুন। ৩) প্রতিদিন ৫-৬টি কাঠবাদামের মতো অ্যান্টি-অক্সিডেন্ট গ্রহণ করুন। ৪) অ্যালকোহল এবং ধূমপান এড়িয়ে চলুন। ডাক্তারের সাথে চ্যাট করুন।"
24808,"হেলো। অনুসন্ধানের জন্য ধন্যবাদ। যদি আপনার দাঁতে ব্যথা থাকে এবং দাঁত ক্ষয়প্রাপ্ত হয়, তবে স্নায়ুর বহিঃপ্রকাশের কারণে স্নায়ুতে জ্বালাপোড়া ও ব্যথা হয়। যদি দাঁতের মাঝখানের ফোলা অংশটি মাড়ি থেকে বেরিয়ে আসে, তবে এটি মাড়ির পলিপ বা মাড়ির পলিপ হতে পারে। কিন্তু যদি এটি দাঁতের ভেতর থেকে বেরিয়ে আসছে বলে মনে হয়, তবে এটি পাল্প পলিপ হতে পারে। এটি ঠিক কী তা নিশ্চিত করার জন্য একটি ক্লিনিকাল পরীক্ষা করা প্রয়োজন। যদি দাঁত ক্ষয়প্রাপ্ত হয়, তবে প্রথমে একটি এক্স-রে করা প্রয়োজন। যদি দাঁতটি বাঁচানোর মতো অবস্থায় থাকে, তবে পলিপ অপসারণের পর রুট ক্যানেল চিকিৎসা করা হবে। এরপর অ্যান্টিবায়োটিক এবং ব্যথানাশক ওষুধ দেওয়া হবে। আপাতত ব্যথা কমাতে আপনি ব্যথানাশক ওষুধ খেতে পারেন। আশা করি এটি সাহায্য করবে। শুভেচ্ছা।"
98421,"হেলো, ইতিহাস থেকে মনে হচ্ছে আপনার সন্তানের আপার রেসপিরেটরি ট্র্যাক্ট ইনফেকশন হয়েছে। গ্রন্থি ফুলে যাওয়া সম্ভবত রিঅ্যাক্টিভ লিম্ফ্যাডেনাইটিস, যা সংক্রমণ কমে যাওয়ার সাথে সাথে স্থায়ী হয়। যেহেতু আপনি ইতিমধ্যে মুখে খাওয়ার অ্যান্টিবায়োটিক শুরু করেছেন, তাই আপনার শিশুরোগ বিশেষজ্ঞের পরামর্শ অনুযায়ী কোর্সটি চালিয়ে যান এবং সম্পূর্ণ করুন। যদি এটি ব্যাকটেরিয়াজনিত সংক্রমণ হয়, তবে অ্যান্টিবায়োটিকের প্রতি সাড়া দেওয়া উচিত। যদি এটি ভাইরাল সংক্রমণ হয়, তবে প্রতি ৮ ঘণ্টা অন্তর ভাঙা হতে পারে অথবা যদি এতে কাজ না হয়। এই চ্যাট ডাক্তার শুরু করার আগে আপনার শিশুরোগ বিশেষজ্ঞের সাথে পরামর্শ করুন। হালকা গরম পানি দিয়ে শরীর মুছে দেওয়া কিছুটা সাহায্য করতে পারে। আপনার শিশুকে সুস্থ রাখুন।"
105784,"হেলো! নাসেনিয়া ডকে আপনাকে স্বাগতম! আমি আপনার উদ্বেগ বুঝতে পারছি এবং আপনাকে জানাতে চাই যে বিলিরুবিনের উচ্চ মাত্রা এবং উচ্চ রক্তচাপ একে অপরের সাথে সম্পর্কিত নয়। বিলিরুবিনের উচ্চ মাত্রা লিভার বা বিলিয়ার্ড পাথরের সাথে সম্পর্কিত হতে পারে। এই কারণে, আমি পেটের আল্ট্রাসাউন্ড এবং অন্যান্য লিভার ফাংশন টেস্ট করার পরামর্শ দেব। এনালাপ্রিলের চিকিৎসার বিষয়ে, আপনি নিরাপদে এটি গ্রহণ চালিয়ে যেতে পারেন। আশা করি এই উত্তরটি আপনার জন্য সহায়ক হবে! শুভেচ্ছা রইল।"
1108,"হেলো, সংক্ষিপ্ত ইতিহাস প্রদানের জন্য আপনাকে ধন্যবাদ। একটি পুঙ্খানুপুঙ্খ ক্লিনিকাল পরীক্ষা এবং এক্স-রে বা এমআরআই করার পরামর্শ দেওয়া হচ্ছে। যেহেতু হাঁটুতে সমস্যা রয়েছে, তাই লিগামেন্টের আঘাত বোঝার জন্য একটি পুঙ্খানুপুঙ্খ ক্লিনিকাল পরীক্ষা এবং এমআরআই প্রয়োজন। এছাড়াও, কোয়াড্রিসেপসের সংক্ষিপ্তকরণ প্রয়োজন হতে পারে। এই শারীরবৃত্তীয় সংশোধনে সাহায্য করার জন্য আপনার একটি পুঙ্খানুপুঙ্খ মূল্যায়ন এবং ফিজিওথেরাপি প্রয়োজন হতে পারে। শুভেচ্ছা, জে ইন।"
101311,"হেলো, ডেইরি, আমি আপনার প্রশ্নটি দেখেছি। আমি আপনার উদ্বেগ বুঝতে পারছি। তার গ্লিসন স্কোর ১০ সহ প্রোস্টেট ক্যান্সার হয়েছে। তার দীর্ঘ সময় ধরে পিঠের ব্যথার ইতিহাস রয়েছে। তবে, প্রোস্টেটিক কার্সিনোমা কশেরুকার মেটাস্ট্যাসিসের জন্য পরিচিত। তাই সেখানে সিজেডএন (CZN) বা হাড়ের মেটাস্ট্যাসিস হয়েছে। তার মেরুদণ্ডের এমআরআই (MRI) করানো উচিত। তার প্রস্রাবে অসুবিধা, প্রস্রাবে রক্ত এবং লিম্ফ নোড ফুলে যাওয়া - এসবই প্রোস্টেট ক্যান্সারের কারণে হচ্ছে। সেই অনুযায়ী তার চিকিৎসা নেওয়া উচিত। আশা করি আমি আপনার প্রশ্নের উত্তর দিতে পেরেছি, যদি আপনার কোনো সন্দেহ থাকে তবে আমি উত্তর দিতে পেরে খুশি হব। নাসেনিয়া ডক ব্যবহার করার জন্য ধন্যবাদ। আপনার সুস্বাস্থ্য কামনা করি।"
101263,"হেলো প্রিয়, আইজিই অ্যান্টিবডির মাত্রা বৃদ্ধি নির্দেশ করে যে আপনার শিশু নির্দিষ্ট কিছু অ্যালার্জেনের প্রতি সংবেদনশীল। আর এই ধরনের অ্যালার্জেনের সংস্পর্শে আসার পর শরীরের রোগ প্রতিরোধ ব্যবস্থা প্রতিক্রিয়া দেখায়। মন্টিলুকাস্ট প্রিপারেশন- সিজনাল অ্যালার্জি এবং হাঁপানির উপসর্গ উপশমের জন্য রক্ষণাবেক্ষণ থেরাপি হিসেবে ব্যবহৃত হয়। রোমিলাস্ট এল-এ সেটিরিজিনও থাকে, যা একটি অ্যান্টি-হিস্টামিন প্রিপারেশন যা উপসর্গ থেকে আরাম দেয়। কতদিন চ্যাট চালিয়ে যাবেন সে বিষয়ে সিদ্ধান্ত নিন। ততক্ষণ পর্যন্ত, নিশ্চিত করুন যে আপনার শিশু পর্যাপ্ত হাইড্রেটেড আছে।"
9198,"হেলো ম্যাডাম, নাসেনিয়া ডকে আপনার প্রশ্নের জন্য অনেক ধন্যবাদ। আপনার জীবনযাত্রায় প্রাকৃতিক থেরাপিতে পরিবর্তন আনাটা ভালো লাগল, এর কোনো বিকল্প নেই। একটি স্বাস্থ্যকর জীবনযাপন মেনে চলুন। প্রতিদিন অন্তত ৩০ মিনিট দ্রুত হাঁটার পাশাপাশি নিয়মিত ব্যায়াম করুন। খাবারের জন্য একটি নিয়মিত সময়সূচী মেনে চলুন। পর্যাপ্ত পরিমাণে খাবার খান এবং যেকোনো সময় ওভারডেনডন গ্রহণ করুন। ফাস্ট ফুডে কান দেবেন না। এই পরামর্শগুলো মেনে চলার চেষ্টা করুন। ইতিবাচক থাকুন। ধীরে ধীরে উন্নতি হবে।"
48708,"হেলো, নাসেনিয়া ডকে স্বাগতম। মুখের ননস্পেসিফিক ক্ষত খুব সম্ভবত, টনসিল কখনও কখনও কিছুটা বড় দেখায়, তবে এটি কোনো সংক্রমণের কারণে নাও হতে পারে। ডার্মাটাইটিসের সম্ভাবনা খুব বেশি হতে পারে, এটি অ্যালার্জি বা সংক্রমণের কারণেও হতে পারে। আমি যদি আপনার চিকিৎসক হতাম, তবে আমি এই ক্ষেত্রে নিম্নলিখিত ওষুধগুলো দিয়ে চিকিৎসা করতাম: ১) ট্যাবলেট অ্যামোক্সিসিলিন দিনে তিনবার ৩) ট্যাবলেট রিসপেরিডোন ৩০ মিগ্রা দিনে তিনবার। চিন্তার কিছু নেই, সবকিছু শীঘ্রই ঠিক হয়ে যাবে, আপনার দিনটি ভালো কাটুক।"
58431,"হেলো, আপনার অনুসন্ধানের জন্য ধন্যবাদ। কিডনি সংক্রমণের কারণে জ্বরের জন্য আপনি হাসপাতালে ভর্তি হয়েছিলেন এবং অ্যান্টিবায়োটিক দিয়ে চিকিৎসা করা হয়েছিল। এখন আপনার কোমরের নিচের দিকে ব্যথা হচ্ছে। সাম্প্রতিক অতীতে কিডনি সংক্রমণের পূর্ব ইতিহাস থাকায়, কিডনি বা ইউরেটারে পাথর থাকার সম্ভাবনা উড়িয়ে দেওয়া যায় না। অনুগ্রহ করে ক্লিনিকাল পরীক্ষার জন্য একজন যোগ্য ইউরোলজিস্টের সাথে পরামর্শ করুন এবং রোগ নির্ণয়ের জন্য নিম্নলিখিত প্রাথমিক পরীক্ষাগুলো করান: ১) প্রস্রাবের রুটিন এবং কালচার পরীক্ষা। ২) প্রস্রাবের রুটিন এবং কালচার পরীক্ষা। পরবর্তী চিকিৎসা এই পরীক্ষাগুলোর ফলাফল এবং চূড়ান্ত রোগ নির্ণয়ের ওপর নির্ভর করবে। নাসেনিয়া ডক।"
94267,"হেলো, আপনার অনুসন্ধানের জন্য ধন্যবাদ। অনিরাপদ যৌন মিলনের পর আপনার লাল দাগ দেখা দিয়েছে। এগুলো মূলত গ্লানস পেনিসের সংক্রমণের কারণে হয়ে থাকে। তবে, আপনাকে এসটিডি (STD) এবং এইচআইভি (HIV)-এর জন্য প্রাথমিক স্ক্রিনিং পরীক্ষা করাতে হবে। আপনার সেফেরিন (Ceferin)-এর মতো ব্রড-স্পেকট্রাম অ্যান্টিবায়োটিকের পাশাপাশি অ্যান্টি-ইনফ্ল্যামেটরি ওষুধ সেবন করা প্রয়োজন। সেই সাথে দিনে দুবার নিউস্প্রিন (Newsprint)-এর মতো টপিক্যাল অ্যান্টিবায়োটিক মলম ব্যবহার করুন। দিনে দুবার উষ্ণ পানি দিয়ে আপনার যৌনাঙ্গ পরিষ্কার রাখা নিশ্চিত করুন। পুরোপুরি সুস্থ না হওয়া পর্যন্ত যৌন মিলন থেকে বিরত থাকুন।"
4618,"হেলো ম্যাডাম, ডিম্বস্ফোটনের ক্ষেত্রে, এটি সাধারণত প্রত্যাশিত মাসিকের ১৪ দিন আগে ঘটে। তবে আমার মনে হয়, যেহেতু আপনার বয়স ৩৫ বছর, তাই ডিম্বস্ফোটনের দিনটি সঠিকভাবে শনাক্ত করার জন্য আপনার প্রথম দিন থেকে ফলিকুলার স্টাডি করা উচিত। আপনি ডিম্বস্ফোটনের পরের দিনগুলোতে ১০ দিনের জন্য ফেটন (Feton) শুরু করতে পারেন। তবে আপনি যদি ফলিকুলার স্টাডির পরিকল্পনা না করে থাকেন এবং পরীক্ষামূলকভাবে ক্যামফিন (Camphene) গ্রহণ করে থাকেন, তবে ১৬তম দিন থেকে ১০ দিনের জন্য ফেটন শুরু করতে পারেন, তবে এটি সর্বোচ্চ দুই বা তিনটি চক্রের মধ্যে সীমাবদ্ধ রাখুন। এন্ডোমেট্রিয়াল পলিপের ক্ষেত্রে, যদি আপনি ক্যাম্পিন থেরাপির ২ থেকে ৩ চক্রের মধ্যে গর্ভবতী হতে ব্যর্থ হন, তবে অনুগ্রহ করে পলিপেক্টমি করান। শুভকামনা।"
8692,"হেলো, আমাদের কাছে লেখার জন্য ধন্যবাদ। অভিযোগ, পরীক্ষা-নিরীক্ষা এবং চিকিৎসার বিবরণ উল্লেখ করা হয়েছে। সিটি স্ক্যান রিপোর্ট আমার কাছে নেই। এটি নিউরোসাইসাস্টিসারকোসিসের কারণে বারবার মৃগীরোগের একটি ঘটনা। আমি আপনাকে খিঁচুনির একটি লগ রাখার এবং খিঁচুনির সময়, স্থায়িত্ব ও নড়াচড়ার মতো বিস্তারিত তথ্য লিখে রাখার পরামর্শ দিচ্ছি। একই সাথে অনুগ্রহ করে আপনার ওষুধ চালিয়ে যান। আপনার তথ্যের জন্য, এটি ক্ষতের সংখ্যা, অবস্থান এবং নিউরোসিস্টিকাসারকোসিসের মাত্রা সম্পর্কে স্পষ্ট নয়। যেহেতু খিঁচুনির কথা মাথায় রেখে ইইজি (EEG) কার্যকর হতে পারে। একজন নিউরোলজিস্ট বা মনোরোগ বিশেষজ্ঞ যেকোনো জরুরি পরিস্থিতি মোকাবিলার জন্য সবচেয়ে উপযুক্ত। আশা করি এটি আপনাকে সাহায্য করবে।"
1719,"হেলো। আপনার অনুসন্ধানের জন্য এবং বিস্তারিত ইতিহাস জানানোর জন্য ধন্যবাদ। এটি ভালো যে কালশিটেটি চলে গেছে। কলার বোনের অংশে ব্যথা এবং জ্বালাপোড়ার কারণ হেয়ারলাইন ফ্র্যাকচার হতে পারে, যার জন্য আপনাকে ব্যথার জায়গায় একটি পয়েন্টারসহ ওই এলাকার এক্স-রে করাতে হবে। আরেকটি সম্ভাবনা হলো, সংবেদনশীল স্নায়ুগুলো ক্ষতের টিস্যুতে আটকে গিয়ে আপনাকে জ্বালাপোড়ার মতো অনুভূতি দিচ্ছে। এটি নিজে থেকেই সেরে যাবে। যদি এটি গুরুতর হয়, তবে আপনার ডাক্তারকে এর জন্য ওষুধ দেওয়ার অনুরোধ করুন।"
61274,"হেলো, আমি ব্যাখ্যা করতে চাই যে আপনার উপসর্গগুলো কোনো ভাইরাল সংক্রমণ (গ্যাস্ট্রোএন্টেরাইটিস)-এর সাথে সম্পর্কিত হতে পারে। উচ্চ রক্তচাপ মানসিক চাপের সাথে সম্পর্কিত হতে পারে। যাই হোক, আমি আপনাকে শারীরিক পরীক্ষা এবং কিছু টেস্টের জন্য জরুরি বিভাগে যাওয়ার পরামর্শ দিচ্ছি, যাতে তিনি শারীরিক পরীক্ষা এবং কিছু প্রয়োজনীয় পরীক্ষা-নিরীক্ষা করতে পারেন। শুভেচ্ছা, নাসেনিয়া ডক। আশা করি আমি আপনার প্রশ্নের উত্তর দিতে পেরেছি। আমি আপনাকে আরও কোনোভাবে সাহায্য করতে পারি কিনা তা জানাবেন।"
84526,"হেলো, নাসেনিয়া ডকে পোস্ট করার জন্য ধন্যবাদ। আমি আপনার ইতিহাস দেখেছি। যেহেতু আপনাকে থ্যালিয়াম এবং প্রেজেন্টেশনিং স্ক্যানসহ হৃদপিণ্ডের সম্পূর্ণ মূল্যায়ন করা হয়েছে, তাই এখন হৃদরোগের কোনো মূল্যায়নের প্রয়োজন নেই। যেহেতু আপনার ডিভিটি (DVT) এবং পালমোনারি এমবোলিজম ছিল, তাই এটি হতে পারে যে এমবোলিজমের কারণে ফুসফুসের টিস্যু ক্ষতিগ্রস্ত হয়েছে এবং ইনফার্কট হয়েছে। এটি কাশি এবং বুকে ব্যথার কারণ হতে পারে। কাশির আরেকটি কারণ হতে পারে অ্যাট্রিয়াল ফিব্রিলেশনের কারণে ফুসফুসে কনজেশন। তবে আপনি উল্লেখ করেছেন যে আপনার এএফ (AF)-এর মাত্র একটি ঘটনা ছিল, তাই আমার মনে হয় আপনি সাইনাস ছন্দে ফিরে এসেছেন। আপনার ক্ষেত্রে, আমার সন্দেহ হচ্ছে যে হৃদপিণ্ডের সমস্যার চেয়ে ফুসফুসের সমস্যাই বেশি। আমি প্রাথমিকভাবে বুকের এক্স-রে করার পরামর্শ দিচ্ছি এবং যদি এতে কোনো অস্বাভাবিকতা ধরা পড়ে, তবে ফুসফুসের সমস্যা দেখার জন্য বুকের এইচআরসিটি (HRCT) করার পরামর্শ দিচ্ছি। হৃদরোগের ক্ষেত্রে ইসিজি ছাড়া আপনার কোনো মূল্যায়নের প্রয়োজন নেই। আপনার সুস্বাস্থ্য কামনা করি। শুভেচ্ছা।"
54011,"প্রিয় বন্ধু। নাসেনিয়া ডকে আপনাকে স্বাগতম। হেলো, আমি নাসেনিয়া ডক, আমি আপনার প্রশ্নটি বিস্তারিতভাবে পড়েছি, আমি আপনার উদ্বেগ বুঝতে পারছি। আমরা সাধারণত টাইফয়েড জ্বরের জন্য ৭ দিন পর্যন্ত চিকিৎসা করি। খুব গুরুতর ক্ষেত্রে আমরা ১৪ দিন পর্যন্ত চিকিৎসা করি। যেহেতু তাকে হাসপাতালে ভর্তি করা হয়েছিল এবং চিকিৎসা দেওয়া হয়েছিল, তাই আমি ধরে নিচ্ছি যে টাইফয়েডের চিকিৎসার জন্য তিনি নিশ্চয়ই ইনজেকশন নিয়েছেন। যদি তার জ্বর কমে যায় এবং সে সুস্থ বোধ করে, তবে চিন্তার কিছু নেই। সে আপনার ২ বছর বয়সী কাজিনের সাথে খেলাধুলা করতে পারে, এতে কোনো সমস্যা নেই।"
106764,"হেলো, যেহেতু ব্যথাটি ছড়িয়ে পড়ছে এবং দেরিতে এটি একটি লাল দাগের সৃষ্টি করেছে, যা বেদনাদায়ক, তাই আমার মনে হয় এই লক্ষণগুলোর জন্য দায়ী কোনো সংক্রমণ আছে কি না তা নিশ্চিত করার জন্য একটি রক্ত পরীক্ষা করার পরামর্শ দেওয়া হচ্ছে। সংক্রমণের কারণে রক্ত পরীক্ষায় পরিবর্তন আসবে, যা আমাদের ওষুধে সাহায্য করতে পারে। এছাড়া, গরম পানি পান করা, খাদ্যাভ্যাসে পরিবর্তন এবং ব্যথা এড়াতে সাধারণ ব্যায়ামও সহায়ক হতে পারে। রক্তের নমুনা পরীক্ষা করান। আশা করি আমি আপনার প্রশ্নের উত্তর দিতে পেরেছি। আমি আপনাকে আরও কোনোভাবে সাহায্য করতে পারি কি না তা জানাবেন। ভালো থাকবেন, জে ইন নাসেনিয়া ডক।"
28216,"হেলো, আমি আপনার প্রশ্নটি দেখেছি এবং আমি আপনার উদ্বেগ বুঝতে পারছি। এন্টারোকক্কাস হলো পরিপাকতন্ত্রে উপস্থিত একটি ব্যাকটেরিয়া। সংক্রমণের সবচেয়ে সাধারণ কারণ হলো দুর্বল স্বাস্থ্যবিধি। অস্বাস্থ্যকর যৌন মিলন সংক্রমণের কারণ হতে পারে। তাই আমি আপনাকে ফাইব্রোসিস সংশোধন করার পরামর্শ দিচ্ছি। সাঁতার কাটার সময় সাধারণত সংক্রমণ হয় না। স্বাভাবিক অ্যান্টিবায়োটিক রেজিস্ট্যান্সের কারণে এন্টারোকক্কাস সংক্রমণ গুরুতর হতে পারে। আপনার যত দ্রুত সম্ভব একজন চিকিৎসকের পরামর্শ নেওয়া উচিত, কারণ প্রাথমিক চিকিৎসায় ভালো ফলাফল পাওয়া যায়। আশা করি এটি আপনাকে সাহায্য করবে। শুভেচ্ছা। নাসেনিয়া ডক।"
28584,"হেলো প্রিয়, সন্তান জন্মদানক্ষম বয়সের একজন নারী, যিনি যৌনভাবে সক্রিয়, তার পিরিয়ড মিস হলে আমাদের গর্ভাবস্থার সন্দেহ করতে হবে, যদি না তা প্রমাণিত হয়। তাই, হ্যাঁ ম্যাডাম, পিরিয়ড মিস হওয়াকে গর্ভাবস্থার সন্দেহ করার প্রথম প্রধান লক্ষণ হিসেবে দেখা উচিত। গর্ভাবস্থার অন্যান্য প্রধান লক্ষণ, যা সাধারণত পিরিয়ড মিস হওয়ার এক সপ্তাহ থেকে ১০ দিন পর দেখা যায়, তা নিচে দেওয়া হলো।"
88,"হেলো, পুরো বর্ণনাটি দেখার পর, আমার মনে হয় আপনার ব্যথার কারণ হলো সংক্রমণ। চিকিৎসা ছাড়া দাঁতের ফোড়া সেরে ওঠে না। এমনকি ফোড়া ছড়িয়ে পড়া, ফেটে যাওয়া বা নাসেনিয়া ডক। অ্যান্টিবায়োটিক দাঁতের ফোড়ার জন্য দায়ী জীবাণুকে মেরে ফেলে, যা দাঁত ও হাড় মেরামত করতে শরীরকে সাহায্য করে। যদি ফোড়া নিজে থেকেই ওঠে, তবে হালকা গরম লবণ পানি দিয়ে কুলকুচি করলে আরাম পাবেন, মুখ পরিষ্কার করতে সাহায্য করবে এবং উৎসাহিত হবে।"
89196,"হেলো এবং নাসেনিয়া ডকে আপনাকে স্বাগতম। আপনার চুল পড়ার বিষয়ে বলতে গেলে, গর্ভাবস্থা এবং প্রসবের পর এটি স্বাভাবিক, কারণ আপনার অন্য কোনো শারীরিক সমস্যা নেই। আপনার চুল ভালোভাবে বাড়তে কিছুটা সময় লাগবে, কারণ বয়স বাড়ার সাথে সাথে চুলের বৃদ্ধি ধীর হয়ে যায়। আপনি বুটি বা কলিনিয়ারের মতো সাপ্লিমেন্ট শুরু করতে পারেন। প্রসবের পর আপনার হিমোগ্লোবিন এবং আয়রনের মাত্রা স্বাভাবিক অবস্থায় ফিরে এসেছে কিনা বা আয়রন সাপ্লিমেন্টের প্রয়োজন আছে কিনা তা পরীক্ষা করুন। অন্তত ৩ মাস প্রতিদিন ক্যাপসুল সেবন করুন। রাতে মাথার ত্বকে রেসিট বা ট্রেস গো সলিউশন লাগান। নিয়মিত অ্যানাফেজ শ্যাম্পু ব্যবহার করুন। আপনার খাদ্যাভ্যাসের যত্ন নিন এবং পর্যাপ্ত বিশ্রাম নিন। এই পদক্ষেপগুলো আপনার চুলের বৃদ্ধিতে সাহায্য করবে, তবে ফলাফল আসতে কয়েক মাস সময় লাগবে। আশা করি এটি আপনাকে সাহায্য করবে।"
38756,"শুভ দিন, এবং নাসেনিয়া ডকের সাথে থাকার জন্য আপনাকে ধন্যবাদ! আমি কোনো বাধা আছে কিনা তা পরীক্ষা করার জন্য আইভি কন্ট্রাস্টসহ একটি স্ক্যান করার পরামর্শ দেব। আমাদের কিডনিতে কোনো বাধা আছে কিনা তা নিশ্চিত করতে হবে, কারণ এটি কিডনির ক্ষতি করতে পারে। প্রসারণের আরেকটি কারণ হলো ইউরিনারি রিফ্লাক্স, যা ক্ষতিকারকও হতে পারে। আমি আশা করি আপনি যে তথ্য খুঁজছিলেন তা দিতে পেরেছি। আরও কোনো স্পষ্টীকরণের জন্য নির্দ্বিধায় আমাকে আবার লিখুন।"
101710,"হেলো, যে লক্ষণগুলো গুরুতর হয়ে উঠছে তা সার্ভিকাল স্পন্ডাইলোসিসের অগ্রগতির ইঙ্গিত দেয়। আপনার একটি পুনরায় এমআরআই স্ক্যান প্রয়োজন হবে এবং ক্যানালের ব্যাস পরিমাপ করতে হবে এবং ডিস্ক প্রোট্রুশন বা স্নায়ুর ওপর চাপের জন্য আগের স্ক্যানের সাথে তুলনা করতে হবে। মেরুদণ্ড থেকে বেরিয়ে আসা স্নায়ু চাপে থাকতে পারে, যার ফলে তীব্র ব্যথা হচ্ছে। লক্ষণগুলোর তীব্রতার ওপর ভিত্তি করে আপনার অস্ত্রোপচারের প্রয়োজন হতে পারে।"
41262,"হেলো নর্মদা, নাসেনিয়া ডকে পোস্ট করার জন্য আপনাকে ধন্যবাদ। চুল পড়া নিয়ে আপনার উদ্বেগের বিষয়টি আমি বুঝতে পারছি। চুল পড়া সাধারণত খাদ্য ও পুষ্টি, হরমোন, মানসিক চাপ, তীব্র বা দীর্ঘস্থায়ী শারীরিক অসুস্থতার মতো একাধিক কারণের জন্য হয়ে থাকে। আপনার বর্ণনা থেকে মনে হচ্ছে আপনার টেলোজেন এফ্লুভিয়াম থাকতে পারে, যা যেকোনো ধরনের মানসিক চাপের কারণে চুল পড়ার একটি ধরন। আমি যদি আপনার চর্মরোগ বিশেষজ্ঞ বা ট্রাইকোলজিস্ট হতাম, তবে আমি আপনার পারিবারিক ইতিহাস, সাম্প্রতিক কোনো বড় আঘাত/অসুস্থতা/মানসিক চাপ/ওষুধ ইত্যাদির ইতিহাস জানতে চাইতাম এবং সিবিসি (CBC), রক্তে শর্করার মাত্রা, থাইরয়েড ফাংশন টেস্টের মতো কিছু প্রাথমিক পরীক্ষা করার পরামর্শ দিতাম। পিক্টোগ্রাম এবং এন্ডোস্কোপির মতো আরও কিছু বিশেষ পরীক্ষা রোগ নির্ণয় ও পূর্বাভাসে আরও সহায়তা করবে। আমি আপনাকে অন্তত ৬ মাসের জন্য বায়োটিন এবং অন্যান্য প্রয়োজনীয় ভিটামিন ও খনিজ সমৃদ্ধ ওরাল ট্যাবলেট সেবনের পরামর্শ দেব। এছাড়া, দিনে একবার ৫% মিনোক্সিডিল সলিউশন এবং রাতে চুলের বৃদ্ধির জন্য পেপটাইডযুক্ত হেয়ার সিরাম (কিউ এরা ইত্যাদি) ব্যবহারের পরামর্শ দেব। আমি আপনাকে নিয়মিত মৃদু শ্যাম্পু ও কন্ডিশনার ব্যবহার এবং সপ্তাহে দুবার নারিকেল তেল ব্যবহারের পরামর্শ দেব। এছাড়া আপনার চর্মরোগ বিশেষজ্ঞের কাছে মনোথেরাপি এবং প্লেটের মতো আসন্ন চিকিৎসার বিকল্প সম্পর্কে জানতে লেট-রিচ প্লাজমার মতো"
105396,"হেলো। নাসেনিয়া ডকে আপনাকে স্বাগতম। আমি আপনার প্রশ্নটি দেখেছি এবং আপনার উদ্বেগ বুঝতে পারছি। আপনার অভিযোগ অনুযায়ী, সিরামিক ব্রিজটি আপনাকে আঘাত করেছে, কারণ এটি নিজেই নির্দেশ করে যে ব্যথাটি কেবল দাঁতের সাথে সম্পর্কিত এবং স্নায়ুর ব্যথার সম্ভাবনা কম। একটি সম্ভাবনা আছে যে আপনার ব্রিজের ওপর একটি উঁচু অংশ রয়েছে এবং এটি ব্যথার সৃষ্টি করছে। এটি চোয়ালের জয়েন্টের ওপর চাপ সৃষ্টি করতে পারে, যা চোয়ালের জয়েন্টের কর্মহীনতার কারণ হতে পারে। অন্য একটি কারণ হতে পারে যে, ব্রিজের ওপর যে স্নায়ুটি বসানো হয়েছে তা উন্মুক্ত থাকে, যা প্রদাহ সৃষ্টি করে এবং বিরক্ত হয়, যার ফলে ব্যথা হচ্ছে। যদিও সম্ভাবনা কম, তবুও ট্রাইজেমিনাল নিউরালজিয়ার মতো স্নায়ুজনিত ব্যথার সম্ভাবনাও উড়িয়ে দেওয়া যায় না। আমি আপনাকে প্রথমে একজন এন্ডোডন্টিস্ট বা ওরাল ফিজিশিয়ানের সাথে পরামর্শ করার এবং দাঁত ও চোয়ালের জয়েন্ট পরীক্ষা করার জন্য পুরো মুখের এক্স-রে করানোর পরামর্শ দিচ্ছি। যদি কোনো অস্বাভাবিকতা ধরা পড়ে, তবে সেই অনুযায়ী চিকিৎসা করা হবে। যদি তবুও কোনো সমস্যা না পাওয়া যায়, তবে আপনি একজন নিউরোফিজিশিয়ানের সাথে পরামর্শ করতে পারেন এবং মূল্যায়ন করাতে পারেন, এমআরআই স্নায়ুজনিত সমস্যাগুলো বাদ দিতে সাহায্য করতে পারে এবং সেই অনুযায়ী চিকিৎসা করা হবে। আপাতত ব্যথা তীব্র হলে আপনি ট্রামাডল নিতে পারেন এবং মাঝারি ব্যথার জন্য আইবুপ্রোফেন নিতে পারেন। আশা করি এই তথ্যটি আপনার উপকারে আসবে। ধন্যবাদ ও শুভেচ্ছা। নাসেনিয়া ডক।"
94111,"হেলো, নাসেনিয়া ডকে আপনাকে স্বাগতম। যেহেতু আপনার নাতির উপসর্গগুলো রয়েছে, যা কোনো অ্যালার্জিক প্রতিক্রিয়ার ইঙ্গিত দেয়, যার কারণেই এই সমস্ত উপসর্গ দেখা দিচ্ছে। এই সমস্ত উপসর্গ হিস্টামিনের মতো অ্যালার্জিক মধ্যস্থতাকারীদের নিঃসরণের কারণে হচ্ছে, যা আপনার উপসর্গগুলোর জন্য দায়ী। শরীরে অ্যালার্জিক প্রতিক্রিয়া আছে কিনা তা নিশ্চিত করার জন্য আমি আপনার নাতিকে অ্যাবসোলিউট ইওসিনোফিল কাউন্ট পরীক্ষা করার পরামর্শ দেব। বর্তমান উপসর্গের জন্য আমি আপনাকে ৫ দিনের জন্য দিনে তিনবার ট্যাব লিস্ট (Tab Least)-এর মতো ওষুধ সেবনের পরামর্শ দিচ্ছি, যা অবস্থার উন্নতি ঘটাবে এবং আপনাকে ভালো বোধ করতে সাহায্য করবে। ধন্যবাদ।"
80214,"হেলো এবং আস্ক আ ডক্টর সার্ভিসে আপনাকে স্বাগতম। এটি পোর্ট সাইটে একটি হেমাটোমা (ল্যাপারোস্কোপিক যন্ত্র বসানোর জন্য তৈরি কাটা) হতে পারে। যদি এর আকার বড় হয় বা ব্যথা এলআর (LR) নিঃসরণের কারণে হয়, তবে আমাদের একজন ইউরোলজিস্ট বা সার্জনের সাথে পরামর্শ করে মূল্যায়ন করানো ভালো। এটি ইনসিশনের স্থানে একটি জমাট বাঁধা অংশ ছাড়া আর কিছুই নয়। ক্ষতের আকার এবং বিস্তৃতি জানার জন্য আপনি আল্ট্রাসাউন্ড করাতে পারেন। আশা করি আমি আপনার প্রশ্নের উত্তর দিতে পেরেছি। আমি আপনাকে আরও কোনোভাবে সাহায্য করতে পারি কিনা তা জানাবেন।"
69606,"হেলো। এই বয়সের শিশুদের ক্ষেত্রে খাবারের পরিমাণের চেয়ে তাদের কার্যকলাপ, বিকাশ এবং ওজন বেশি গুরুত্বপূর্ণ। তাছাড়া, এই বয়সে খেলাধুলার প্রতি আগ্রহ বেড়ে যায় এবং খাবারের ওপর গুরুত্ব দেওয়া হয়। তাই চিন্তা করবেন না। ক্ষুধাবর্ধক ওষুধ ব্যবহারের কোনো বৈজ্ঞানিক ভিত্তি নেই... আমি আপনাকে পরামর্শ দেব যে কোনো ক্ষুধাবর্ধক ওষুধ ব্যবহার করবেন না, কারণ এগুলো শিশুর মধ্যে ক্ষুধাবর্ধক ওষুধ তৈরি করতে পারে। শুভেচ্ছা -"
36120,"হেলো! নাসেনিয়া ডকে আপনাকে স্বাগতম! এই ফলাফলগুলো ডিস্ক হার্নিয়েশনের ইঙ্গিত দেয়, যা এই অঞ্চলের স্নায়ুমূলের ওপর চাপের কারণে হয়, যার ফলে সাধারণত পিঠে ব্যথা পায়ে ছড়িয়ে পড়ে এবং হাঁটতে অসুবিধা হয়। আমি ব্যথানাশক (অ্যাসিটামিনোফেন, আইবুপ্রোফেন) এবং মাসল রিলাক্স্যান্ট (ফ্লেক্সেরিল) ব্যবহার করে কিছুটা বিশ্রাম নেওয়ার পরামর্শ দেব। দীর্ঘক্ষণ বসে থাকা বা দাঁড়িয়ে থাকা এড়িয়ে চলা খুবই গুরুত্বপূর্ণ। ফিজিওথেরাপি সহায়ক হতে পারে! যদি ব্যথা অব্যাহত থাকে, তবে উপরের পরামর্শগুলো সত্ত্বেও, আমি অস্ত্রোপচারের বিষয়ে একজন স্পাইন সার্জনের সাথে আলোচনা করার পরামর্শ দিচ্ছি। আশা করি এই উত্তরটি আপনার কাজে আসবে! শুভকামনা।"
68454,"হেলো, আপনাকে স্বাগতম। পিঠের ব্যথা এবং পেটে ব্যথা সম্পর্কিত আপনার প্রশ্নটি আমি দেখেছি। আমি আপনার উদ্বেগ বুঝতে পারছি। প্রিয়, পিঠ এবং পেটে ব্যথা হলো সবচেয়ে সাধারণ অভিযোগগুলোর মধ্যে একটি। বেশিরভাগ মানুষই তাদের জীবনের কোনো না কোনো সময় পিঠে ব্যথা অনুভব করেন এবং বসে থাকা ব্যক্তিদের পাশাপাশি উচ্চ-প্রশিক্ষিত ক্রীড়াবিদদের মধ্যেও এটি দেখা যায়। সাধারণ ব্যথাগুলোর মধ্যে একটি হলো আঘাত বা ভুল ভঙ্গি এবং গ্যাস্ট্রাইটিস ও অনুপযুক্ত খাদ্যাভ্যাসের কারণে গ্যাস্ট্রাইটিস। আসলে, আপনার শরীর সবসময় কোনো না কোনো কিছুর সাথে লড়াই করে - সংক্রমণ, টক্সিন, অ্যালার্জেন, খাদ্য বা মানসিক চাপের প্রতিক্রিয়া - এবং কোনো না কোনোভাবে এটি আপনার জয়েন্ট, মস্তিষ্ক, থাইরয়েড, অন্ত্র, ত্বক বা কখনও কখনও পুরো শরীরে তার প্রতিকূল আক্রমণ পুনরায় নির্দেশ করে। আপনার রোগ প্রতিরোধ ব্যবস্থা হলো আক্রমণকারীদের বিরুদ্ধে আপনার প্রতিরক্ষা। রোগ প্রতিরোধ ক্ষমতা হলো আক্রমণকারীদের বিরুদ্ধে আপনার প্রতিরক্ষা। রোগ প্রতিরোধ ক্ষমতা হলো আক্রমণকারীদের বিরুদ্ধে আপনার প্রতিরক্ষা। রোগ প্রতিরোধ ক্ষমতা হলো আক্রমণকারীদের বিরুদ্ধে আপনার প্রতিরক্ষা। রোগ প্রতিরোধ ক্ষমতা শক্তিশালী করার জন্য - আপনার জীবনযাত্রায় পরিবর্তন, খাদ্যাভ্যাস - প্রাকৃতিক আকারে ফাইবার, প্রয়োজনীয় পুষ্টি এবং অ্যান্টিঅক্সিডেন্ট অন্তর্ভুক্ত করুন - প্রাকৃতিক আকারে - ফল, ডাবের পানি, সবুজ শাকসবজি, লেবু, আদা, রসুন, অ্যালো, গরম তেল। ঘুমানোর সময় ইত্যাদি। সঠিক রক্ত সঞ্চালনের জন্য - নিয়মিত হাঁটা, ভুজঙ্গাসন, ধনুরাস,"
96761,"আপনার অনুসন্ধানের জন্য ধন্যবাদ। এটি ছত্রাকজনিত সংক্রমণের কারণে হতে পারে। অনুগ্রহ করে নিম্নলিখিত সতর্কতা অবলম্বন করুন। ঢিলেঢালা সুতির পোশাক এবং অন্তর্বাস পরুন। আক্রান্ত স্থানটি শুকনো রাখুন। টার্মিনেটিং-এর মতো অ্যান্টিফাঙ্গাল ব্যবহার করুন যা ছত্রাকনাশক। একবার কমে গেলে পুনরায় হওয়া রোধ করতে ক্যান্ডিড বা অ্যাবসেস পাউডারের মতো অ্যান্টিফাঙ্গাল ডাস্টিং পাউডার নিয়মিত ব্যবহার করুন। পুনরায় হওয়া রোধ করতে আর্দ্রতামুক্ত এলাকা বজায় রাখা সবচেয়ে গুরুত্বপূর্ণ। আপনার ডায়াবেটিস আছে কিনা তা পরীক্ষা করুন। যদি না কমে, তবে ডাক্তারের পরামর্শ নিন। কোনো স্পষ্টীকরণের জন্য আপনি আমাকে আবার যোগাযোগ করতে পারেন।"
94980,"হেলো, নাসেনিয়া ডকে আপনাকে স্বাগতম। আমি আপনার ইতিহাস দেখেছি এবং আপনার উদ্বেগ বুঝতে পারছি। আপনার হিস্টেরেক্টমি হয়েছে, এটি একটি বড় অপারেশন, আপনাকে শক্তিশালী আইভি অ্যান্টিবায়োটিক গ্রহণ করতে হবে। অপারেশন করার সাথে সাথে হরমোনের পরিবর্তন, হেমাটোফিজিওলজিক্যাল পরিবর্তন এবং মানসিক অস্থিরতা দেখা দেবে। এটিই আপনার ঘুমের সমস্যার কারণ। তাই চিন্তা করবেন না, আপনার অ্যান্টিবায়োটিক কোর্স চালিয়ে যান। পর্যাপ্ত বিশ্রাম নিন, আপনার ডাক্তারকে হরমোন ট্যাবলেটের জন্য বলুন। ধন্যবাদ, নিজের যত্ন নিন।"
30891,"আপনার কানের পেছনে তরল এবং চাপ কমানোর জন্য কোনো ওষুধ নেই। কখনও কখনও অ্যালার্জির কারণেও আপনি এই সমস্যাগুলো অনুভব করতে পারেন। যদি আপনার প্রায়শই নাক বন্ধ থাকে, তবে আপনি স্টেরয়েড নেজাল স্প্রে (যেমন ফ্লোনেজ বা একা) ব্যবহার করে দেখতে পারেন। অ্যালার্জির জন্য নিয়মিত অ্যান্টিহিস্টামিন ব্যবহার করা ভালো। দীর্ঘমেয়াদী নেজাল ডিকনজেস্ট্যান্ট ব্যবহার এড়িয়ে চলাই সবচেয়ে ভালো, কারণ এটি আপনার নাকের আস্তরণের ফোলাভাব বাড়িয়ে দিতে পারে এবং নাকের ব্লকগুলোকে আরও খারাপ করতে পারে। যদি আপনার ঘন ঘন উপসর্গ দেখা দেয়, তবে শুধুমাত্র অ্যান্টিহিস্টামিন ব্যবহার করুন। লোসারটান নাক বন্ধ করতে পারে।"
52578,"হেলো। অ্যামিবা সেরে ওঠার ক্ষেত্রে এটি বেশ সাধারণ। মল পরীক্ষার রিপোর্ট স্বাভাবিক। অন্য একটি সম্ভাবনা হলো ইন্টারভার্টিব্রাল ভাইরাল ডায়রিয়া। যদি না শিশুর প্রস্রাব কমে যায়, খুব নিস্তেজ বা অতিরিক্ত ঘুম পায়, মলের সাথে রক্ত যায় বা সবুজ পিত্তযুক্ত বমি হয়... তবে আপনার চিন্তার কিছু নেই। মলের সাথে রক্ত না থাকলে অ্যান্টিবায়োটিক ব্যবহারের প্রয়োজন নেই। অপ্রয়োজনে অ্যান্টিবায়োটিক ব্যবহার করলে তা অ্যান্টিবায়োটিক-জনিত ডায়রিয়া ঘটিয়ে পরিস্থিতি আরও খারাপ করতে পারে। আমি আপনাকে জিঙ্ক সাপ্লিমেন্ট (জেড অ্যান্ড ডি নাসেনিয়া ডক) ব্যবহার করার পরামর্শ দিচ্ছি।"
67601,"আপনার অনুসন্ধানের জন্য ধন্যবাদ, আমি আপনার অনুসন্ধানটি দেখেছি, যদি দাঁতটি ভেঙে না গিয়ে থাকে তবে রুট ক্যানেল চিকিৎসার মাধ্যমে দাঁতের সংক্রমণ নিরাময় করা সম্ভব এবং আপনি চিকিৎসকের পরামর্শ নিয়ে অ্যান্টিবায়োটিকের একটি কোর্স নিতে পারেন। বুকের ব্যথা এবং পেশীর ব্যথা পেশীর খিঁচুনির কারণে হতে পারে, ব্যথানাশক ওষুধের সাথে মাসল রিলাক্স্যান্ট গ্রহণ করুন। যদি ব্যথা না কমে তবে একজন হৃদরোগ বিশেষজ্ঞের পরামর্শ নিন। আশা করি আমার উত্তরটি আপনাকে সাহায্য করবে। ভালো থাকবেন।"
50274,"হেলো, প্রিয়, আমি আপনার অনুসন্ধানের সমস্ত বিবরণ পড়েছি এবং আপনার উদ্বেগগুলো বুঝতে পেরেছি। কারণ- আপনার দেওয়া তথ্যের ভিত্তিতে, আমি আপনাকে একজন ইএনটি (ENT) সার্জনের সাথে পরামর্শ করার পরামর্শ দেব, কারণ আপনার ক্লিনিকাল পরীক্ষার মাধ্যমে আরও অনেক তথ্যের প্রয়োজন। তবুও আপনার দেওয়া তথ্যের ভিত্তিতে এবং আমার অভিজ্ঞতার ভিত্তিতে আমার মতামত নিচে দেওয়া হলো- গলার বাম দিকের পিণ্ডটি অ্যাকিউট টনসিলাইটিসের কারণে হয়েছে বলে মনে হচ্ছে, যার সাথে অ্যাকিউট ফ্যারিঞ্জাইটিসও রয়েছে। তাই লজেন্স খাওয়ার পর রক্তপাত হয়েছে। তবে চিন্তা করবেন না, আপনার দেওয়া তথ্যের ভিত্তিতে এটি নিশ্চিতভাবেই ক্যান্সার নয়। অনুগ্রহ করে ধন্যবাদ জানান এবং চমৎকার রিভিউ লিখুন, যদি এটি আপনার প্রশ্নের সমাধান করে থাকে। অনুগ্রহ করে চিন্তা করবেন না এবং এ বিষয়ে আরও কোনো প্রশ্ন থাকলে আমাকে জানাতে পারেন। আপনার দিনটি ভালো কাটুক। নাসেনিয়া ডক। এন।"
26804,"আপনার উদ্বেগগুলো আমি বুঝতে পেরেছি এবং আপনার বিস্তারিত তথ্যগুলো দেখেছি। আমি আপনাকে খুব বেশি চিন্তা না করার পরামর্শ দিচ্ছি। যৌনতাকে ঈশ্বরের কাজ হিসেবে গণ্য করা উচিত। এটি একটি ধ্যান। যৌন মিলনের সময়, আপনি যৌন মিলনের পুরো সময় নিজেকে ভুলে যান এবং এটিই আসল আনন্দ। যখন আপনি বা আপনার সঙ্গী ক্লান্ত থাকেন, যখন আপনার যৌন আকাঙ্ক্ষা থাকে না ইত্যাদি, তখন তাড়াহুড়ো করে, লাজুকভাবে যৌন মিলন করা উচিত নয়। উপরের দিকে যান এবং দেখুন আপনার সমস্যাটি কী। অপ্রয়োজনীয় টেনশন এবং উদ্বেগের কারণেও দ্রুত বীর্যপাত হতে পারে। যাই হোক, আমার মনে হয় আপনি কোনো যৌন সমস্যায় ভুগছেন। আপনার বয়স মাত্র ২০ এবং যৌন বিষয়ে খুব বেশি আগ্রহী হবেন না। জীবন কেবল যৌনতা নয়। পড়াশোনা, ক্যারিয়ার এবং ভবিষ্যতের দিকে মনোযোগ দিন। আশা করি এটি আপনার প্রশ্নের উত্তর দিয়েছে। আরও স্পষ্টীকরণের জন্য আমি আছি। শুভকামনা।"
97327,"নাসেনিয়া ডক (কার্বামাজেপাইন) এবং ওবামা (ক্লোএসি) হলো অ্যান্টি-এপিলেপটিক ওষুধ। প্রায় সব অ্যান্টি-এপিলেপটিক ওষুধেরই কিছু ধরনের পার্শ্বপ্রতিক্রিয়া থাকে। তবে এর মানে এই নয় যে এগুলো সব ঘটবে না। প্রাথমিক লক্ষ্য হলো মৃগীরোগের ঘটনা নিয়ন্ত্রণ করা (খুব গুরুত্বপূর্ণ)। আমি আপনাকে মৃগীরোগ এড়াতে ওষুধ সেবনের পরামর্শ দেব। আপনার পরামর্শদাতার সাথে নিয়মিত ফলো-আপ করুন এবং পরামর্শদাতা আপনাকে পরামর্শ দিলেই ওষুধের মাত্রা কমানো বা বন্ধ করুন। ওষুধের পার্শ্বপ্রতিক্রিয়ার পাশাপাশি, আপনি যদি কোনো নির্দিষ্ট সমস্যা নিয়ে উদ্বিগ্ন হন তবে আমাদের জানান, যা সহায়ক হবে। ধন্যবাদ এবং আপনার বিবাহিত জীবনের জন্য শুভকামনা রইল।"
63923,"হেলো, নাসেনিয়া ডক ফোরামে আপনাকে স্বাগতম। নাসেনিয়া ডকে কল করার জন্য ধন্যবাদ। ডান নিতম্ব এবং পেলভিক অঞ্চলে ব্যথা যা দীর্ঘক্ষণ দাঁড়িয়ে থাকলে বা কিছুক্ষণ হাঁটলে আরও বেড়ে যায়। আপনার রক্তাল্পতা, পিত্তথলিতে পাথর বা ফাইব্রয়েড হয়েছে, তবে এটি অতীতের বিষয়, এগুলো নিয়ে চিন্তার কিছু নেই। আপনার পেটে লিম্ফ নোড ফুলে গিয়েছিল এবং তার চিকিৎসা করা হয়েছিল। তবে আমার সন্দেহ হচ্ছে চিকিৎসা ভালো হয়নি, নাসেনিয়া ডক কম থাকার কারণে এমনটা হতে পারে। এটি হতে পারে টিবি-র পুনরাবৃত্তি, অথবা স্বাভাবিক কোর্স হিসেবে এটি পুনরায় ফিরে আসতে পারে। লিম্ফ নোডসহ বা ছাড়া হিপ আর্থ্রাইটিস হতে পারে। আমি আপনাকে রোগ নির্ণয় ও চিকিৎসার জন্য একজন টি.বি. বিশেষজ্ঞ বা অর্থোপেডিক সার্জনের সাথে পরামর্শ করার পরামর্শ দিচ্ছি। নিশ্চিত হওয়ার জন্য অন্যান্য রুটিন পরীক্ষার পাশাপাশি নিশ্চিত হওয়ার জন্য আপনাকে এমআরআই (M.R.I.) করাতে হতে পারে। আপনার দ্রুত আরোগ্য কামনা করছি। শুভেচ্ছা।"
38609,"হেলো, নাসেনিয়া ডকে আপনাকে স্বাগতম। নিষিক্ত ডিম্বাণুর বৃদ্ধি এবং গর্ভপাত আপনার পুষ্টির অবস্থা, ডিম্বাণুর জেনেটিক অস্বাভাবিকতা ইত্যাদির মতো অনেক বিষয়ের ওপর নির্ভর করে। ভ্রমণের কারণে ডিম্বাণুর বৃদ্ধি কমে না। বরং, বৃদ্ধি স্বাভাবিক থাকে, তবে গর্ভপাতের সম্ভাবনা বৃদ্ধি পায়। আপনার ক্ষেত্রে আমি ডিম্বাণুর জেনেটিক অস্বাভাবিকতা সন্দেহ করছি। অস্বাভাবিক শুক্রাণুর নিষিক্তকরণের কারণে এটি হওয়া সাধারণ বিষয়। আশা করি আমি আপনার প্রশ্নের উত্তর দিতে পেরেছি। শুভেচ্ছা, নাসেনিয়া ডক।"
72655,"হেলো... আপনার নির্দিষ্ট শর্ত অনুযায়ী, আপনি ৯ মাস বয়সী শিশুর জন্য ল্যাকটোজ ২ ব্যবহার করতে পারেন। যেহেতু আপনি কর্মজীবী মা, তাই আমি আপনার অসুবিধা বুঝতে পারছি। তবে নিশ্চিত করুন যে প্যাকটি পাতলা বা মিশ্রিত করা হয়েছে... অর্থাৎ ৩০ মিলি পানির জন্য ১টি গরম না করা স্কুপ। আমি আরেকটি বিষয় আপনার নজরে আনতে চাই। গরুর দুধের প্রোটিন এবং ল্যাকটোজ এক এবং অভিন্ন। যদি প্রাথমিক অ্যালার্জি গরুর দুধের কারণে হয়ে থাকে, তবে ল্যাকটোজের ক্ষেত্রেও একই অ্যালার্জি হওয়া উচিত ছিল... আমার মনে হয় না এটি গরুর দুধের প্রোটিন অ্যালার্জি ছিল। শুভেচ্ছা -"
48316,"হেলো, আমি আপনার প্রশ্নটি দেখেছি। আমি আপনার উদ্বেগ বুঝতে পারছি। এটি আয়রনের ঘাটতি বা ভিটামিন বি১২-এর অভাবের সাথে সম্পর্কিত হতে পারে। তাই আপনার পেরিফেরাল স্মিয়ার পরীক্ষা, এস. ফেরিটিন এবং এস. ভিটামিন বি১২-এর মাত্রা পরীক্ষা করা উচিত। তারপর সেই অনুযায়ী আপনার চিকিৎসা নেওয়া উচিত। আশা করি আমি আপনার প্রশ্নের উত্তর দিতে পেরেছি। আপনার যদি কোনো সন্দেহ থাকে তবে নির্দ্বিধায় আমাকে জিজ্ঞাসা করতে পারেন। আমি উত্তর দিতে পারলে খুশি হব। নাসেনিয়া ডক ব্যবহার করার জন্য ধন্যবাদ। আপনার সুস্বাস্থ্য কামনা করি।"
32093,"হেলো, চুলের বৃদ্ধির বিষয়ে বলতে গেলে, কিছু মানুষের ""স্বাভাবিকভাবে"" চুলের বৃদ্ধি কম হতে পারে, যা বংশগত কারণের কারণে হতে পারে। তবে নিশ্চিত হওয়ার জন্য, আপনার বয়ঃসন্ধির পর্যায় (যাকে ""ট্যানার"" পর্যায় বলা হয়) শনাক্ত করার জন্য একজন ডাক্তারের পরামর্শ নেওয়া প্রয়োজন। একই পর্যায় অণ্ডকোষের আকার এবং লিঙ্গের ক্ষেত্রেও প্রযোজ্য। তবে, বেশিরভাগ ক্ষেত্রেই এগুলো স্বাভাবিক থাকে। তাই, অনুগ্রহ করে নীরবে কষ্ট পাবেন না। কারণ খুঁজে বের করতে এবং সমাধানের জন্য ডাক্তারের পরামর্শ নিন। আশা করি আমি আপনার প্রশ্নের উত্তর দিতে পেরেছি। আমি আপনাকে আরও কোনোভাবে সাহায্য করতে পারি কিনা তা জানাবেন। ভালো থাকবেন।"
91357,"হেলো, বিভিন্ন কারণে হালকা বদহজম হতে পারে, তবে কোমলতা শব্দটি আপনাকে বুঝতে হবে। যদি আপনি এটি চাপ দেন বা স্পর্শ করেন, তবে ব্যথা হতে পারে। এটি অন্ত্রের সংক্রমণ, মেসেন্টারি, জরায়ুর সংক্রমণ ইত্যাদি হতে পারে। ত্রুটির বিষয়ে কম মন্তব্যের জন্য চিকিৎসকের পরামর্শ নেওয়া ভালো। বাদামী জেলি কোনো ধরনের এম.সি. (M.C.) রক্ত নয়। ৪ সপ্তাহের জন্য এসওয়াই ইভ কেয়ার (SY Eve care) বা অশোকিষ্ঠ লিকুইডের মতো সাধারণ ভেষজ প্রস্তুতির সাথে, এটি নাসেনিয়া ডক হতে পারে।"
51934,"হেলো, আপনার জিজ্ঞাসার জন্য ধন্যবাদ। আমি জানতে পেরেছি যে আপনার শিনে আঘাত লেগেছে এবং আপনার হেমাটোমা ও এখন আলসার হয়েছে। ধীর নিরাময় ডায়াবেটিসের কারণে হতে পারে, তাই রক্তে শর্করার মাত্রা পরীক্ষা করা উচিত। অঙ্গের উচ্চতা বাড়ানো সহায়ক। আপনার যদি আরও কোনো প্রশ্ন থাকে, তবে আমাদের লিখতে দ্বিধা করবেন না। আমি আপনাকে সাহায্য করতে পারলে খুশি হব। আপনি নিচের লিঙ্কে সরাসরি আমাকেও লিখতে পারেন।"
81997,"নাসেনিয়া ডকে আপনার প্রশ্নের জন্য ধন্যবাদ। আমি আপনার উদ্বেগ বুঝতে পারছি। আপনার ইতিহাস এবং বর্ণনা অনুযায়ী, আমাদের অবশ্যই প্রথমে হৃদরোগের সম্ভাবনা বাতিল করা উচিত। কারণ আপনার শ্বাসকষ্ট, কাশি, হৃদস্পন্দন কমে যাওয়া, হৃদস্পন্দন মিস হওয়া ইত্যাদি সমস্ত লক্ষণ হৃদরোগের বৈশিষ্ট্যসূচক লক্ষণ। তাই একজন হৃদরোগ বিশেষজ্ঞের সাথে পরামর্শ করুন এবং ১. রক্তচাপ পর্যবেক্ষণ ২. ইসিজি ৩. টু-ডি ইকো ৪. হোল্টার মনিটরিং (২৪ ঘণ্টা একটানা ইসিজি রেকর্ড) ৫. স্ট্রেস টেস্ট (ট্রেডমিল টেস্ট) করান। আপনার কার্ডিয়াক সাপোর্টিভ নাসেনিয়া ডকের প্রয়োজন হবে। চিন্তা করবেন না, আপনি সুস্থ হয়ে উঠবেন। তবে প্রথমে হৃদরোগের সম্ভাবনা বাতিল করুন। আশা করি আমি আপনার প্রশ্নের সমাধান করতে পেরেছি। আপনাকে আরও সাহায্য করতে পারলে আমি খুশি হব। আপনার সুস্বাস্থ্য কামনা করি। ধন্যবাদ।"
92538,"আপনার ব্যাখ্যা অনুযায়ী আমার মনে হয় আপনার পায়ের কাফ মাসলে চাপ দিলে বা চাপ দিলে আপনি কেমন বোধ করেন তা দেখা প্রয়োজন। যদি এটি ব্যথা হয়, তবে আপনার পায়ের রক্ত সঞ্চালনে সমস্যা থাকতে পারে এবং এর জন্য আমি ডপলার পরীক্ষা করার পরামর্শ দিচ্ছি। যদি এটি পজিটিভ হয়, তবে একজন ভাস্কুলার ডাক্তারের সাথে দেখা করুন এবং যথাযথ চিকিৎসা নিন। কিন্তু যদি এটি স্বাভাবিক থাকে, তবে প্রতিদিন পায়ের নিচের অংশ স্ট্রেচ করুন এবং হাঁটার বা সাইকেল চালান যাতে পেশির কার্যকারিতা উন্নত হয়। আপনার গলার সমস্যার জন্য শুধু অ্যাসিডিটি, খাবারের অভ্যাস এবং সময় পরীক্ষা করুন, খাবারের পরপরই ঘুমাবেন না। কারণ এই সবকিছুই আপনার গলাকে বিরক্ত করার কথা। যদি সবকিছু ঠিক থাকে, তবে একজন ইএনটি (ENT) বিশেষজ্ঞের সাথে দেখা করুন এবং সঠিকভাবে পরীক্ষা করান। আমি আপনাকে কয়েক দিন সকালে খালি পেটে একটি করে অ্যান্টি-অ্যাসিড ট্যাবলেট খাওয়ার পরামর্শ দিচ্ছি। এছাড়া ১ সপ্তাহ গরম পানিতে কুলকুচি করুন এবং পরীক্ষা করান। পরবর্তীতে ডাক্তার দেখাতে পারেন। আশা করি এটি আপনার উপকারে আসবে। ভালো থাকবেন।"
92636,"হেলো নাতাশা, নাসেনিয়া ডকের মাধ্যমে আপনার প্রশ্নটি পোস্ট করার জন্য ধন্যবাদ। আমি একজন হোমিওপ্যাথ, তাই আমি আপনাকে কিছু ভিন্ন চিন্তা দিচ্ছি। পরিশেষে, আমি আপনাকে প্রাকৃতিক স্বাস্থ্যের জন্য একটি ভিন্ন পথ দেখাব। হোমিওপ্যাথি অনুযায়ী স্বাস্থ্যের উপায় প্রচলিত ওষুধের চেয়ে সম্পূর্ণ আলাদা। আপনি প্রচলিত ওষুধের পথ ধরে দীর্ঘ পথ ভ্রমণ করেছেন এবং এখনও যখন আপনার পথ হারিয়ে যায়, তখন সাহায্যের জন্য জিজ্ঞাসা করছেন। আপনি যে আপনার পথ হারিয়ে ফেলেছেন তা বুঝতে পারেননি জেনে দুঃখিত। এটি আপনার দোষ নয় যে আপনি জানেন না যে প্রকৃত নিরাময়ের অন্য কোনো পথ আছে। আপনার হাঁপানি, অ্যালার্জি, মুখ ফুলে যাওয়া, সাইনাসের ব্যথা, মাথাব্যথা, সেপ্টাম সরে যাওয়া ইত্যাদি সমস্যা রয়েছে। অনুগ্রহ করে সেই সময়ের কথা চিন্তা করুন যখন আপনার অ্যালার্জিক রাইনাইটিসের পরে হাঁপানি ছিল। এটি আপনার জন্মগত এবং জন্মগত বৈশিষ্ট্য ছিল। এটি নিরাময় হয়নি। আপনি নাসেনিয়া ডকের পরামর্শ অনুযায়ী অ্যান্টি-ইনফ্ল্যামেটরি কেমিক্যাল গ্রহণ করেছেন। আপনার ডাক্তার আপনাকে এটি দিয়েছেন।"
75643,"প্রিয় এমা, নাসেনিয়া ডকে আপনার প্রশ্নের জন্য ধন্যবাদ। গ্যাস্ট্রাইটিসের বৈশিষ্ট্য হলো এপিগ্যাস্ট্রিক অঞ্চলে ব্যথা, যা আপনার বর্ণনা অনুযায়ী স্টার্নামের নিচে হয়। তবে যেহেতু আপনি উল্লেখ করেননি যে এটি গ্যাস্ট্রাইটিসের কারণে নয়, তাই আমি আপনাকে পরামর্শ দেব যে আপনার বয়ফ্রেন্ডকে কয়েক দিন অ্যান্টাসিড সেবন করতে দিন এবং দেখুন সে এটি থেকে মুক্তি পায় কিনা। সে সকালের নাস্তার আধা ঘণ্টা আগে এএনসি (ACN) ট্যাবলেট এবং প্যান্টোপ্রাজল ৪০ মিগ্রা (Pantoprazole 40 mg) খেতে পারে, মশলাদার খাবার এড়িয়ে চলুন। এটি নিশ্চিতভাবে তাকে কিছুটা আরাম দেবে, তবে আপনি যদি ইতিমধ্যে এটি চেষ্টা করে থাকেন তবে আমার সাথে যোগাযোগ করুন এবং তার বমি বমি ভাব বা বমির মতো অন্য কোনো উপসর্গ আছে কিনা তা জানান। যদি খাবার খাওয়ার সময় ব্যথা বাড়ে বা কমে যায় এবং মলত্যাগ নিয়মিত হয়, তবে আমাকে জানান। আশা করি এই তথ্যটি আপনার জন্য সহায়ক হয়েছে। শুভেচ্ছা।"
74832,"হেলো, আমি আপনার প্রশ্নটি দেখেছি। নাসেনিয়া ডক ব্যবহার করার জন্য ধন্যবাদ। আমাদের রক্তে কোলেস্টেরল এবং ট্রাইগ্লিসারাইডের মতো বিভিন্ন ধরনের চর্বি থাকে। কোলেস্টেরলের অণুতে বিভিন্ন ঘনত্বের প্রোটিন থাকে। এগুলো হলো কম ঘনত্বের লাইপোপ্রোটিন (LDL) এবং উচ্চ ঘনত্বের লাইপোপ্রোটিন (HDL)। এইচডিএল হলো সুরক্ষামূলক ধরনের কোলেস্টেরল, যা ধমনীর দেয়ালে চর্বি জমা হওয়া থেকে বাধা সৃষ্টি করে। এলডিএল হলো ধমনীতে ব্লকেজ তৈরির জন্য সবচেয়ে ক্ষতিকর কোলেস্টেরল। এই কোলেস্টেরল নিজে থেকে কোনো উপসর্গ সৃষ্টি করে না। তাই উচ্চ মাত্রার অধিকারী ব্যক্তি কয়েক বছর আপাতদৃষ্টিতে সুস্থ থাকেন। কিন্তু একবার ব্লকেজ নির্দিষ্ট সীমা ছাড়িয়ে গেলে তা হার্ট অ্যাটাক, স্টোক ইত্যাদির দিকে নিয়ে যেতে পারে। এলডিএল-এর স্বাভাবিক মাত্রা ১০০ মিগ্রা-এর নিচে থাকা উচিত, ট্রাইগ্লিসারাইডের স্বাভাবিক মাত্রা ২০০-এর নিচে থাকা উচিত। পুরুষদের ক্ষেত্রে এইচডিএল ৩৫ এবং নারীদের ক্ষেত্রে ৪০-এর উপরে থাকা উচিত। আশা করি এটি আপনার উপকারে আসবে। আমার শুভকামনা রইল, নাসেনিয়া ডক।"
19763,নাসেনিয়া ডকে আপনার প্রশ্নের জন্য ধন্যবাদ। আমি আপনার পরিস্থিতি এবং সমস্যাটি বুঝতে পারছি। আপনি যক্ষ্মার চিকিৎসা নিচ্ছেন। ফিক্স কম ৪ এবং ফিক্স কম ৩ হলো অ্যান্টি-টিউবারকুলার নাসেনিয়া ডকের সমন্বয়। আপনি সঠিক বিরতির জন্য সঠিক ডোজ গ্রহণ করেছেন। যক্ষ্মা পুনরায় ফিরে আসা একটি সাধারণ বিষয়। এবং চিকিৎসা শেষ করার পরেও আপনি একই উপসর্গ অনুভব করছেন বলে আপনার ক্ষেত্রে পুনরায় ফিরে আসার সম্ভাবনা বেশি। তাই একজন পালমোনোলজিস্টের সাথে পরামর্শ করা এবং শ্বাসতন্ত্রের ক্লিনিকাল পরীক্ষা ও বুকের এক্স-রে করানো ভালো। এম (M) আছে কিনা তা নিশ্চিত করার জন্য আপনার কফ কালচার এবং সেনসিটিভিটি পরীক্ষার প্রয়োজন হতে পারে।
88025,"হেলো, বন্ধ্যাত্ব হলো ১২ মাস অনিরাপদ যৌন মিলনের পর সন্তান ধারণে দম্পতির অক্ষমতা। এটি ব্যাপকভাবে অনুমান করা হয় যে বন্ধ্যাত্বের সাথে পুরুষের চেয়ে নারীর বেশি সম্পর্ক রয়েছে, তবে তা নয়। হিসাব অনুযায়ী, ৩০% বন্ধ্যাত্ব পুরুষজনিত কারণে হয়, অন্য ৩০% নারীজনিত কারণে হয় এবং বাকি ৪০% নারী ও পুরুষজনিত কারণে হয়। পুরুষরাও জেনেটিক কারণ, জীবনযাত্রা, হরমোনের ভারসাম্যহীনতা এবং বয়সের কারণে বন্ধ্যাত্বের শিকার হন।"
20962,"হেলো, হ্যাঁ, এটি ডিপ ভেইন থ্রম্বোসিস বা তথাকথিত ডিভিটি (DVT) হতে পারে, যদিও এটি খুব একটা সম্ভব নয়। এর অর্থ হলো বড় পায়ের রক্তনালীর ভেতরে রক্ত জমাট বেঁধেছে। তাই এই সমস্যার জন্য আপনাকে ডপলার আল্ট্রাসাউন্ড করাতে হবে। ভেইন থ্রম্বোসিস হলো পায়ের একপাশে ফোলাভাব, পায়ের কাফ মাসলে ব্যথা এবং ত্বকের অস্বাভাবিকতা। গর্ভাবস্থা, স্থূলতা এবং সাম্প্রতিক অস্ত্রোপচারের মতো কিছু শারীরিক অবস্থা এর ঝুঁকি বাড়িয়ে দিতে পারে। রক্ত জমাট বাঁধার রক্ত হৃদপিণ্ড এবং ফুসফুসে ছড়িয়ে পড়লে এটি গুরুতর হতে পারে, তাই যত দ্রুত সম্ভব এটি নিশ্চিত করা উচিত এবং তারপর উপযুক্ত চিকিৎসা শুরু করা যেতে পারে। বেশিরভাগ ক্ষেত্রে, এর মধ্যে রয়েছে কঠোর বিশ্রামের সময় হেপারিন ইনফিউশন এবং অ্যাসপিরিন। খুব কম ক্ষেত্রেই আরও আক্রমণাত্মক পদ্ধতির প্রয়োজন হয়। আশা করি আমি আপনার প্রশ্নের উত্তর দিতে পেরেছি। আমি আপনাকে আরও কোনোভাবে সাহায্য করতে পারি কিনা তা জানাবেন।"
19168,"নাসেনিয়া ডকে আপনাকে স্বাগতম। আমি আপনার প্রশ্নটি দেখেছি এবং আপনার উদ্বেগ বুঝতে পেরেছি। সম্ভবত আপনার পেরিনিয়াল (পেরিটোনিয়াল নয়) স্নায়ুতে আঘাত লেগেছে। যেহেতু অন্যান্য স্নায়ুগুলো এই স্নায়ুর ওপর কাজ করে, তাই আপনার ধীরে ধীরে সুস্থ হয়ে ওঠার সম্ভাবনা রয়েছে। মেকোবালামিন সুস্থ হওয়ার ক্ষেত্রে সহায়ক হতে পারে। এটি হাঁটায় কোনো ক্ষতি করবে না এবং আমার মনে হয় আপনি স্বাভাবিকভাবে হাঁটতে পারবেন। আপনি এ বিষয়ে আপনার ডাক্তারের সাথে আলোচনা করতে পারেন। আশা করি আপনার প্রশ্নের উত্তর পেয়েছেন। আপনার যদি আরও কোনো স্পষ্টীকরণের প্রয়োজন হয়, তবে আমাদের লিখতে দ্বিধা করবেন না। আমি আপনাকে সাহায্য করতে পারলে খুশি হব। আপনার সুস্বাস্থ্য কামনা করছি। ভালো থাকবেন।"
52077,"হেলো, আমি আপনার প্রশ্নটি দেখেছি এবং আপনার উদ্বেগগুলো বুঝতে পেরেছি। আমি সার্ভিকাল স্পন্ডাইলোসিসের কারণে সেবাসিয়াস ব্রঙ্কিয়াল নিউরালজিয়ার সম্ভাবনাটি বিবেচনা করছি। হ্যাঁ, কাঁধে ব্যথা জরায়ুর মেরুদণ্ডে স্নায়ু চাপে পড়ার কারণে লাম্বার স্পন্ডাইলোসিসের মতো। এটি অবক্ষয়জনিত পরিবর্তনের কারণে সৃষ্ট একটি সমস্যা। চিকিৎসার বিকল্প - আমি আপনাকে হোমিওপ্যাথিক ওষুধ সেবনের পরামর্শ দিচ্ছি, যা আপনার সমস্যার নিরাপদ এবং স্থায়ী সমাধান দেবে। - অন্তর্নিহিত কারণের চিকিৎসা না করে লাম্বার বা জরায়ুর অঞ্চলের জন্য অস্ত্রোপচার করলেও অবক্ষয়জনিত পরিবর্তনগুলো বন্ধ না করলে আপনি সুস্থ হতে পারবেন না। - আপনার স্থানীয় হোমিওপ্যাথিক চিকিৎসকের সাথে পরামর্শ করুন। আশা করি এটি আপনার সমস্যার সঠিক নির্ণয়ে এবং সঠিক রোগ নির্ণয়ে সাহায্য করবে। ধন্যবাদ।"
107241,"হেলো! নাসেনিয়া ডকে জিজ্ঞাসা করার জন্য আপনাকে ধন্যবাদ! আমি আপনার প্রশ্নটি মনোযোগ সহকারে দেখেছি এবং বলতে চাই যে তার উপসর্গগুলো শরীরে অতিরিক্ত তরল জমার সাথে সম্পর্কিত হতে পারে। শরীরে অতিরিক্ত তরল জমার বিভিন্ন কারণ থাকতে পারে যা নিচে দেওয়া হলো, যা নিচে দেওয়া হলো: - হার্ট ফেইলিওর-কিডনির সমস্যা -লিভারের সমস্যা -ইলেক্ট্রোলাইটের ভারসাম্যহীনতা। আমি তাকে একজন চিকিৎসকের পরামর্শ নিয়ে শারীরিক পরীক্ষা এবং কিছু প্রয়োজনীয় পরীক্ষা-নিরীক্ষা করার পরামর্শ দেব।"
105829,"হেলো, পোস্ট করার জন্য আপনাকে ধন্যবাদ। আমি আপনার প্রশ্নটি দেখেছি এবং আপনার উদ্বেগগুলো বুঝতে পেরেছি। আপনার সমস্ত উপসর্গ লাম্বার আর্থ্রাইটিসের কারণে হচ্ছে। এই অবস্থার চিকিৎসায় নন-স্টেরয়েডাল অ্যান্টি-ইনফ্ল্যামেটরি ওষুধ রয়েছে। তবে চিকিৎসা শুরু করার আগে আপনাকে রোগ নির্ণয় নিশ্চিত করতে হবে। এটি করার জন্য আপনাকে লাম্বার এক্স-রে এবং সিটি-স্ক্যান করাতে হবে। আপনার একজন নিউরোলজিস্টের সাথেও পরামর্শ করা উচিত। আপনার সুস্বাস্থ্য কামনা করি।"
32039,হেলো! নাসেনিয়া ডকে আপনাকে স্বাগতম! আপনার উপসর্গগুলো সার্ভিকাল মেরুদণ্ডের দীর্ঘস্থায়ী অবক্ষয়ের সাথে সম্পর্কিত। আমার মনে হয় না যে এই পরিস্থিতিতে অস্ত্রোপচার কোনো কাজে আসবে। সবচেয়ে ভালো উপায় হলো ফিজিওথেরাপি। ব্যথার জন্য আমি ডুলোক্সেটিন বা গ্যাবাফেন্টিন ব্যবহারের পরামর্শ দেব। এটি নাসেনিয়া ডক। আপনার উপরের বিষয়গুলো নিয়ে আপনার ডাক্তারের সাথে আলোচনা করা উচিত। আশা করি এই উত্তরটি আপনার সহায়ক হবে! শুভেচ্ছা রইল।
56113,"হেলো প্রিয়, নাসেনিয়া ডকে আপনাকে স্বাগতম। আপনার উদ্বেগটি বুঝতে পারছি। আপনার প্রশ্ন অনুযায়ী, আপনার চোখ সবুজ দেখাচ্ছে, হ্যাঁ এটি সাইনাস সংক্রমণের কারণে হতে পারে কারণ সাইনাস চোখের বল থেকে হাড়ের একটি পাতলা শিট দ্বারা আলাদা থাকে এবং কখনও কখনও অসম্পূর্ণ বাধার কারণে সাইনাস থেকে সংক্রমণ সহজেই চোখের মণিতে ছড়িয়ে পড়তে পারে। আমি আপনাকে নাক বন্ধ রাখার পরামর্শ দেব। একজন ইএনটি (ENT) বিশেষজ্ঞের সাথে দেখা করুন এবং এটি পরীক্ষা করান। আপনার নাকের সাইনাসের এক্স-রেও করানো উচিত। হালকা গরম লবণ পানি দিয়ে কুলকুচি করুন এবং ভাপ নিন। আপনার লেভোফ্লক্সাসিন ট্যাবলেটও নেওয়া উচিত। আশা করি আপনার সমস্যার সমাধান হয়েছে। দ্রুত সুস্থ হয়ে উঠুন। শুভকামনা।"
90084,"আপনার ইতিহাস থেকে আমার মনে হচ্ছে তার পেটে গ্যাস্ট্রিক ইরোশন (আলসার) হতে পারে কারণ খাওয়ার সময় ব্যথা হয়। ৫ বছরের মধ্যে এটি হওয়ার সম্ভাবনা খুবই কম। মেসেন্টেরিক লিম্ফডেনাইটিস একটি সম্ভাবনা। গ্যাস্ট্রিক মিউকোসাল প্রদাহের অন্তর্নিহিত কারণ এবং/অথবা টিস্যু (গ্যাস্ট্রিক) বায়োপসির মাধ্যমে নিশ্চিত রোগ নির্ণয় করা হয়। উদাহরণস্বরূপ, গ্যাস্ট্রাইটিসের প্রধান সংক্রামক কারণ হলো হেলিকোব্যাকটার পাইলোরি (H. Pylori)। এই ব্যাকটেরিয়া শ্বাস, রক্ত, মল, ইমিউনোলজিক্যাল এবং বায়োপসি পরীক্ষার মাধ্যমে শনাক্ত করা যেতে পারে। এন্ডোস্কোপি পরীক্ষার সময় পেটের মিউকোসার বায়োপসি করা হয়, যা প্রায়শই রোগীদের দীর্ঘস্থায়ী গ্যাস্ট্রাইটিসের কারণ শনাক্ত করতে ব্যবহৃত হয় এবং এটি মিউকোসাল ইরোশন এবং পাকস্থলীর মিউকোসাল পরিবর্তনের লক্ষণ দেখাতে পারে। পেটের এক্স-রে বা বেরিয়াম স্টাডি (উপরের বা নিচের) পুরু মিউকোসা এবং ভাঁজের উপস্থিতি দেখাতে পারে, যা পাকস্থলীর প্রদাহের লক্ষণ। আপনার ডাক্তার কোন পরীক্ষাগুলো করা উচিত তা নির্ধারণ করতে সাহায্য করতে পারেন, যার সাথে আনুষঙ্গিক পরীক্ষাগুলো সাধারণত গ্যাস্ট্রাইটিসের সাথে সম্পর্কিত নন-স্পেসিফিক লক্ষণগুলো শনাক্ত করতে সাহায্য করতে পারে। আমি র‍্যান্ট এসি সিরাপ এবং ঘড়ি দিতে পারি। বমি বমি ভাব এবং বমির জন্য অনডানসেট্রনের মতো অন্য কোনো ওষুধ দেওয়া যেতে পারে। আপনার ক্ষেত্রে রোগ নির্ণয়ের জন্য এন্ডোস্কোপি, আল্ট্রাসাউন্ড এবং এক্স-রে সাহায্য করবে। আপনি আপনার ডাক্তারের সাথে আলোচনা করতে পারেন। শুভেচ্ছা।"
54359,"হেলো। আপনার স্বাস্থ্য সম্পর্কিত জিজ্ঞাসার জন্য নাসেনিয়া ডক চিকিৎসকদের ওপর আস্থা রাখার জন্য ধন্যবাদ। আমার মনে হয় আপনার উদ্বেগের বিষয় হলো ওজন বৃদ্ধি কি পেট ফাঁপার লক্ষণ? ঠিক আছে। আমার উত্তর হলো... না। ওজন বৃদ্ধি মোটেও পেট ফাঁপার লক্ষণ নয়। আসুন আপনার উপসর্গগুলো নিয়ে আলোচনা করি। আপনি যেমনটি বলেছেন যে আপনার ওজন বেড়েছে এবং ঘুমাতে অসুবিধা হচ্ছে। তাই আপনার পিসিওএস (পলিসিস্টিক ওভারিয়ান সিনড্রোম) থাকতে পারে। এই রোগীদের সাধারণত অনিয়মিত পিরিয়ড, ওজন বৃদ্ধি এবং গর্ভধারণে অসুবিধা হয়। অল্প কিছু রোগীর ঘুমের সমস্যা, শরীরের অস্বাভাবিক স্থানে অতিরিক্ত লোম গজানো ইত্যাদি সমস্যা দেখা দেয়। তবে আপনি আপনার মাসিক নিয়মিত কি না সে সম্পর্কে কোনো তথ্য দেননি। তাই ওজন বৃদ্ধির লক্ষণগুলো আমি বলতে চাই না। উপরের আলোচনার ভিত্তিতে আপনি আমার পরামর্শগুলো ব্যবহার করে দেখতে পারেন- ১. উর্বর সময়ে মিলন করার চেষ্টা করুন (এই সময়ে মাসিকের ১০ম থেকে ১৬তম দিন পর্যন্ত গর্ভবতী হওয়ার সম্ভাবনা বেশি থাকে)। তাই এই সময়ে বেশি মিলন করুন। আপনি ভালো ফলাফল পেতে পারেন। ৪. অতীতে আপনার গর্ভপাত হয়েছিল তা নিয়ে চিন্তা করবেন না। এটি আপনার ভবিষ্যতের গর্ভবতী হওয়ার সম্ভাবনাকে প্রভাবিত করে না। ৫. আপনি যদি এখনও কোনো বিশেষ ডাক্তারের পরামর্শ নিতে পারেন, তবে আপনি সাহায্য করতে পারেন। আশা করি উপরের তথ্যগুলো আপনার জন্য উপকারী, তথ্যবহুল এবং সহায়ক হবে।"
60993,"হেলো! নাসেনিয়া ডকে আপনাকে স্বাগতম এবং জিজ্ঞাসা করার জন্য ধন্যবাদ! আমি আপনার উদ্বেগ বুঝতে পারছি এবং আপনাকে জানাতে চাই যে আপনার সমস্যার অন্তর্নিহিত সম্ভাব্য কারণগুলোর জন্য পরীক্ষা-নিরীক্ষা করা প্রয়োজন। সেই কারণেই আমি আপনাকে একজন ডাক্তারের সাথে পরামর্শ করে শারীরিক পরীক্ষা এবং কিছু প্রয়োজনীয় পরীক্ষা-নিরীক্ষা করার পরামর্শ দিচ্ছি, যাতে তিনি আপনাকে সতর্ক শারীরিক পরীক্ষা এবং কিছু প্রয়োজনীয় পরীক্ষা-নিরীক্ষা করতে পারেন। আপনি যদি এই সমস্ত পরীক্ষার ফলাফল স্বাভাবিক পান, তবে আপনার উদ্বেগকে এই সমস্ত ক্লিনিকাল পরিস্থিতির প্রধান কারণ হিসেবে বিবেচনা করা উচিত। এই ক্ষেত্রে, এই ক্ষেত্রের একজন বিশেষজ্ঞের সাথে পরামর্শ করা সঠিক পদক্ষেপ হবে। আশা করি আমি আপনাকে সাহায্য করতে পেরেছি! শুভেচ্ছা রইল।"
95350,"হেলো! নাসেনিয়া ডকে আপনাকে স্বাগতম এবং জিজ্ঞাসা করার জন্য ধন্যবাদ! আপনার উদ্বেগের বিষয়ে আমি বলতে চাই যে, তার লক্ষণগুলো কোনো হৃদরোগের সাধারণ লক্ষণ নয়। স্পর্শ করলে অনুভূত ব্যথা হৃদপিণ্ডের সাথে সম্পর্কিত নয়, কারণ আপনি আপনার হৃদপিণ্ড স্পর্শ করতে পারছেন না। এটি কেবল পেশী বা হাড়ের ব্যথা বলে মনে হচ্ছে। দুশ্চিন্তাও উড়িয়ে দেওয়া যায় না। এই পর্যায়ে, আমি ব্যথার জন্য আইবুপ্রোফেন ব্যবহারের পরামর্শ দেব। যদি ব্যথা অব্যাহত থাকে, তবে আমি শারীরিক পরীক্ষা এবং কিছু টেস্টের জন্য তার ডাক্তারের সাথে পরামর্শ করার পরামর্শ দেব।"
51983,"হেলো এবং স্বাগতম... আপনার পিঠে ব্যথা এবং এপিগ্যাস্ট্রিক সমস্যাও রয়েছে। এর কারণগুলোর একটি তালিকা দেওয়া হলো। মিস্ট লক্ষণযুক্ত। প্যানক্রিয়াটাইটিস। পেপটিক আলসার ডিজিজ। এনজাইনার মতো হৃদরোগ থাকতে পারে। পিত্তথলির রোগ... প্রথমে আপনার ইসিজি (ECG), পেটের আল্ট্রাসাউন্ড, লটস (Lots)-এর মতো রক্ত পরীক্ষা এবং সিরাম অ্যামাইলেজ ও লাইপেজের মতো রক্ত পরীক্ষা করা প্রয়োজন। একজন চিকিৎসকের পরামর্শ নিন, যিনি আপনার সম্পূর্ণ শারীরিক পরীক্ষা করবেন এবং রোগ নির্ণয় করবেন। আশা করি আপনি বুঝতে পেরেছেন। ধন্যবাদ। বিদায়।"
3737,"নাসেনিয়া ডককে জিজ্ঞাসা করার জন্য আপনাকে ধন্যবাদ। আমার নাম নাসেনিয়া ডক। যদি আপনি ঘুমের ব্যাঘাত এবং অস্বস্তির সাথে এই ধরনের সমস্যার সম্মুখীন হন, তবে এটি মানসিক অবস্থার কারণে হতে পারে। এই ধরনের লক্ষণসহ প্যানিক অ্যাটাক আপনার অনুভব করা অনেক কিশোর এবং মধ্যবয়সীকে ঘন ঘন জরুরি বিভাগে যেতে বাধ্য করে। এছাড়া, আমি আপনাকে একজন স্নায়ুরোগ বিশেষজ্ঞের (নিউরোলজিস্ট) সাথে দেখা করার পরামর্শ দিচ্ছি যাতে প্রকৃত অন্তর্নিহিত কারণ খুঁজে বের করা যায়। কিছু আরামদায়ক ওষুধ সেবনের জন্য আপনার নিকটস্থ মেডিকেল কনসালট্যান্টের সাথে পরামর্শ করুন। আশা করি এক থেকে দুই দিনের মধ্যে আপনি ভালো বোধ করবেন। আশা করি এটি আপনাকে সাহায্য করবে। কোনো কিছু অস্পষ্ট থাকলে আমাকে জানাবেন। ধন্যবাদ।"
92983,"হেলো, যদি আপনার পূর্বের অপারেটিং সাইটে ত্বকের পরিবর্তন বা ত্বকে ফোলাভাবসহ ব্যথা থাকে, তবে আপনার নিতম্বে পুনরায় সাইনাস হতে পারে। আমি আপনাকে নিম্নলিখিত পরামর্শ দিচ্ছি। - জায়গাটি পরিষ্কার রাখুন। - আপনি একটি জীবাণুনাশকের সাহায্যে জায়গাটি পরিষ্কার করতে পারেন। - নিউস্প্রিন্ট এইচ-এর মতো স্থানীয়ভাবে একটি অ্যান্টিবায়োটিক প্রস্তুতি ব্যবহার করুন। - আরামের জন্য টাইলেনলের মতো একটি ভালো ব্যথানাশক ওষুধ সেবন করুন। - আপনার ডাক্তারের সাথে পরামর্শ করুন। আশা করি আমি আপনার প্রশ্নের উত্তর দিতে পেরেছি। আমি আপনাকে আরও কোনোভাবে সাহায্য করতে পারি কিনা তা জানাবেন।"
41626,"হেলো, মনে হচ্ছে আপনার প্রেশার আর্টিকেরিয়া হয়েছে। যদি এটি চাপের পরপরই ঘটে থাকে, তবে এটি ডার্মাটোগ্রাফিজমের সাথে গুলিয়ে ফেলা উচিত নয়। এটিকে ভাস্কুলিটিক আর্টিকেরিয়াও বলা উচিত নয়, যেখানে ক্ষতটি ৪৮ ঘণ্টার বেশি স্থায়ী হয়। প্রেশার আর্টিকেরিয়ার ক্ষেত্রে তীব্র চুলকানি, ঝিঁঝিঁ ধরা, অসাড়তা এবং ব্যথা হতে পারে। যদি এটি ৪ থেকে ৬ ঘণ্টা পর দেখা দেয়, তবে এটিকে বিলম্বিত প্রেশার আর্টিকেরিয়া বলে মনে করা হয়। আপনার চাপের উদ্দীপনা সীমিত করার চেষ্টা করা উচিত। বিলম্বিত প্রেশার আর্টিকেরিয়ার ফার্মাকোলজিক্যাল চিকিৎসার ফলাফল কিছুটা হতাশাজনক। অ্যান্টিহিস্টামিনের পাশাপাশি, আপনি সিস্টেমিক কর্টিকোস্টেরয়েড, নন-স্টেরয়েডাল অ্যান্টি-ইনফ্ল্যামেটরি ওষুধ ব্যবহার করতে পারেন। ছত্রাকের অন্যান্য কারণগুলো মূল্যায়নের জন্য একজন চর্মরোগ বিশেষজ্ঞ বা অ্যালার্জিস্টের পরামর্শ নিন। আশা করি আমার উত্তরে আপনি সন্তুষ্ট হতে পারবেন। শুভেচ্ছা।"
48897,"নাসেনিয়া ডকে আপনার উদ্বেগের কথা জানানোর জন্য ধন্যবাদ! উচ্চ রক্তচাপ এবং উচ্চ ফেরিটিনের মাত্রা নিয়ে আপনার উদ্বেগের বিষয়টি আমি বুঝতে পারছি। হেলো নাসেনিয়া ডক। ৫ মিগ্রা/দিন) মৃদু উচ্চ রক্তচাপের চিকিৎসার জন্য ব্যবহৃত হয় এবং মনে হচ্ছে এই ডোজের মাধ্যমে আপনার রক্তচাপ নিয়ন্ত্রণে আছে। এইচসিটিজেড (HCTZ) লিভারের ক্ষতির সম্ভাবনা কম, তবে গুরুতর লিভারের রোগ বা সিরোসিসের রোগীরা থিয়াজাইড-জনিত ইলেক্ট্রোলাইট ভারসাম্যহীনতার (হাইপোক্যালেমিক হাইপোক্লোরেমিক অ্যালকালোসিস) প্রতি খুব সংবেদনশীল থাকেন, যা হেপাটিক কোমা সৃষ্টি করতে পারে। হিমোক্রোমাটোসিস একটি বংশগত ব্যাধি, যেখানে প্রধান অঙ্গের টিস্যুতে, বিশেষ করে লিভার, অগ্ন্যাশয়, হৃদপিণ্ড এবং অণ্ডকোষে অতিরিক্ত আয়রন জমা হয়। সিরাম ফেরিটিন শরীরে জমা হওয়া আয়রনের পরিমাণ পরিমাপ করে। প্রাপ্তবয়স্কদের জন্য আদর্শ পরিসীমা হলো ৫০-১৫০ NG/এমএল। কয়েক বছর ধরে, শরীরে জমা হওয়া আয়রনের মাত্রা অনেক অঙ্গকে মারাত্মকভাবে ক্ষতিগ্রস্ত করতে পারে, যার ফলে অঙ্গ বিকল হয়ে যেতে পারে এবং সিরোসিস, ডায়াবেটিস এবং হার্ট ফেইলিউরের মতো দীর্ঘস্থায়ী রোগ হতে পারে। প্রতি ৮ সপ্তাহ অন্তর নিয়মিত রক্ত অপসারণ (ফ্লেবোটমি) করা যেতে পারে। সিরাম ফেরিটিন"
93826,হেলো... আপনি যা বর্ণনা করেছেন তা থেকে আমার মনে হচ্ছে আপনার শিশুর সাধারণ জ্বরজনিত খিঁচুনি হচ্ছে। কিছু শিশুর ক্ষেত্রে খুব বেশি তাপমাত্রার সময় এটি হওয়া সাধারণ বিষয়। স্বাভাবিক জনসংখ্যার ৪% শিশুর ৬ মাস থেকে ৬ বছর বয়স পর্যন্ত এই ধরনের খিঁচুনি হতে পারে। শুধুমাত্র একটি খিঁচুনির জন্য ইইজি (EEG) বা অন্য কোনো ব্রেইন স্ক্যান করার প্রয়োজন নেই। খিঁচুনির এক সপ্তাহের মধ্যে ইইজি করা হলে তা স্পষ্টতই অস্বাভাবিক হবে। এর মানে এই নয় যে শিশুটির মৃগীরোগের ওষুধের প্রয়োজন হবে। যেকোনো জ্বরের প্রথম ২ দিন ক্লোকাই ব্যবহার করা প্রয়োজন। এটি একটি প্রেসক্রিপশন।
573,"হেলো, যেহেতু ল্যাপারোস্কোপির পর আপনি ইতিমধ্যে ৫ সাইকেল জিইউআই (GUI) চেষ্টা করেছেন, তাই এমন চিকিৎসার জন্য চেষ্টা করা ভালো যা গর্ভধারণের হার উন্নত করে, যা হলো আইভিএফ (IVF)। যেহেতু আপনি ইতিমধ্যে ৩ মাসের জন্য লু প্রন ডিপো (Lu pron depot) নিয়েছেন, তাই লু প্রন-এর তৃতীয় ডোজের পরপরই আইভিএফ করা ভালো হবে, কারণ এটি আইভিএফ-এর ক্ষেত্রে গর্ভধারণের সম্ভাবনা বাড়িয়ে দেয়। তবে এখনও খুব বেশি দেরি হয়নি। আপনি সরাসরি আইভিএফ-এর দিকে যেতে পারেন অথবা লু প্রন ডিপোতে ১-২ মাস পুনরায় যেতে পারেন এবং তারপর আইভিএফ-এর দিকে যেতে পারেন। আইভিএফ অবশ্যই আপনার জন্য সেরা চিকিৎসা। আপনার সুস্বাস্থ্য কামনা করি।"
72900,"আপনার অনুসন্ধানের জন্য ধন্যবাদ, আমি আপনার অনুসন্ধানটি দেখেছি। কিছু মানুষের দাঁত ব্রাশ করার সময় বমি বমি ভাব বা বমি হওয়ার মতো অনুভূতি হয়। এর কারণ হলো দাঁত ব্রাশ করা যা মুখের গহ্বরের পিছনের অংশের সাথে যুক্ত থাকে। এটি ঘুরে গেলে একজন ব্যক্তির গ্যাগ রিফ্লেক্স সক্রিয় হয়, যার ফলে ব্যক্তি সহজাতভাবে বমি করে ফেলে। ব্রিসল নরম তালুর সাথে যুক্ত হলে আপনি বমি বমি ভাব অনুভব করবেন। চিন্তার কিছু নেই, ব্রাশ করার সময় নিশ্চিত হতে হবে যে ব্রাশের সাথে তালুর মিউকোসার কোনো সংযোগ বা উদ্দীপনা নেই। আশা করি আমার উত্তরটি আপনাকে সাহায্য করবে, ভালো থাকবেন।"
12915,"হেলো প্রিয়, নাসেনিয়া ডকের সাথে যোগাযোগ করার জন্য আপনাকে ধন্যবাদ। আমি আপনার উদ্বেগ পড়েছি এবং বুঝতে পেরেছি। আমি নাসেনিয়া ডক, আপনার উদ্বেগের উত্তর দিচ্ছি। শুধুমাত্র জ্বালাপোড়া ব্যথা শিংলসের লক্ষণ নয়। শিংলসের সাথে পোড়া ব্যথা এবং আক্রান্ত স্থানে তরল পূর্ণ ফোস্কা থাকে। যদি আপনার এমন কোনো উপসর্গ থাকে, তবে আপনি ভাবতে পারেন যে এটি শিংলস এবং এর জন্য চিকিৎসার প্রয়োজন। এই ক্ষেত্রে আমি আপনাকে আপনার ডাক্তারের পরামর্শ অনুযায়ী অ্যাসাইক্লোভির গ্রহণ করার অনুরোধ করছি। গাবাপেন্টিন এবং ভিটামিন বি১২ও গ্রহণ করা যেতে পারে কারণ এগুলো শিংলসের ব্যথা প্রতিরোধে সাহায্য করতে পারে। অনুগ্রহ করে ভালো স্বাস্থ্যবিধি মেনে চলুন কারণ এটি সংক্রমণ প্রতিরোধে সাহায্য করতে পারে। শিংলসের সম্পূর্ণ চিকিৎসা ভবিষ্যতে পুনরায় সংক্রমণ রোধ করতে পারে। অনুগ্রহ করে সুতির পোশাক পরুন কারণ এটি শিংলসের ব্যথায়ও সাহায্য করতে পারে। আপনার পরবর্তী যেকোনো প্রশ্নের উত্তর দিতে আমি খুশি হব bit.ly/ নাসেনিয়া ডক লিঙ্কে। ধন্যবাদ, নাসেনিয়া ডক, সংক্রামক রোগ বিশেষজ্ঞ, নাসেনিয়া ডক।"
69485,"হেলো, নাসেনিয়া ডকে আপনাকে স্বাগতম। আমরা আপনার উদ্বেগগুলো বুঝতে পেরেছি এবং আপনার বিস্তারিত তথ্যগুলো দেখেছি। আমি আপনাকে খুব বেশি চিন্তা না করার পরামর্শ দিচ্ছি। প্রতিটি থেরাপিস্টই আপনাকে কীভাবে রোগ নির্ণয় করতে হয় তা জানেন। আপনার সমস্যাটি মনোযোগের অভাব বা মনোযোগের স্থায়িত্বের জন্য নয়। এটি আগ্রহের অভাব এবং মনোযোগের অভাবের জন্য দায়ী। আপনি যদি একটি আকর্ষণীয় মুভিতে দেড় ঘণ্টা মনোযোগ দিতে পারেন, তবে আপনি যদি এক ঘণ্টা গেম খেলতে পারেন, তবে আপনার মনোযোগের কোনো সমস্যা নেই। আপনি পড়াশোনায় মনোযোগ দিতে পারবেন না কারণ এটি আকর্ষণীয় নয়। পড়াশোনাকে আকর্ষণীয় করুন। ওয়েবে অনেক কৌশল পাওয়া যায়। সেগুলো কাজে লাগান। এই বিষয়ে যদি আপনি আমার আরও সাহায্য চান, তবে অনুগ্রহ করে বিস্তারিত তথ্যসহ আমাকে সরাসরি প্রশ্ন করুন। আপনার বর্তমান সমস্যা কাটিয়ে উঠতে আমি কিছু সাইকোথেরাপি টিপস দেব। আশা করি এটি আপনার প্রশ্নের উত্তর দিয়েছে। আরও স্পষ্টীকরণের জন্য আমি আছি। শুভকামনা।"
110496,"সান ট্যান দূর করার একটি কার্যকর উপায় হলো বেঙ্গল বেসন ময়দার সাথে এক চা চামচ হলুদ মিশিয়ে একটি ঘন পেস্ট তৈরি করা। গোসলের ঠিক আগে আপনার ট্যানযুক্ত ত্বকে এটি লাগান। একবার ডাক্তারের সাথে চ্যাট করুন। নিয়মিত এটি করলে ট্যান দূর হবে এবং আপনার ত্বককে কোমল ও মসৃণ রাখতে সাহায্য করবে। যদি আপনার ত্বক ফর্সা হয়, তবে গোলাপ জলের চেয়ে দুধ ভালো। আশা করি এটি আপনার উপকারে আসবে।"
19301,"নাসেনিয়া ডকে আপনাকে স্বাগতম। যেহেতু আপনার পরিবারে হাঁপানির ইতিহাস রয়েছে, তাই আপনার ব্রঙ্কাইটিসের সাথে সম্পর্কিত কোনো ব্রঙ্কোস্পাজম বা হুইজিং আছে কিনা তা নিশ্চিত করার জন্য একজন ডাক্তারের পরামর্শ নেওয়া প্রয়োজন, কারণ হাঁপানি পরিবারে দীর্ঘস্থায়ী হয়। কোনো গুরুতর হৃদরোগের সম্ভাবনা বাদ দেওয়ার জন্য একটি ইসিজি (ECG) করে ব্যথার তদন্ত করা প্রয়োজন। অন্যান্য কারণের মধ্যে রয়েছে জিইআরডি (GERD), পেশীর ব্যথা, অগ্ন্যাশয়/পিত্তথলি থেকে আসা ব্যথা/পেপটিক আলসার/গ্যাস্ট্রাইটিস/প্লুরাল ব্যথা।"
25099,"নাসেনিয়া ডকে আপনার প্রশ্নের জন্য ধন্যবাদ। আমি আপনার সমস্যা এবং সমস্যাটি বুঝতে পারছি। আমার মতে, আপনার প্রথমে একজন হৃদরোগ বিশেষজ্ঞের পরামর্শ নেওয়া উচিত এবং ১. স্ট্রেস টেস্ট ২. হার্টের ইলেক্ট্রোফিজিওলজিক্যাল স্টাডি (নেকড়ে পারকিনসন যখন) করানো উচিত। তাই আমাদের ব্লকের তীব্রতা দেখতে হবে এবং তিনি আপনার হার্টের চাপের মধ্যে কাজ করছেন কিনা তা দেখতে হবে। উপরের পরীক্ষাগুলোর ওপর ভিত্তি করে প্রয়োজনে পরবর্তী চিকিৎসা করা যেতে পারে। আপনার সিনের জন্য চিকিৎসার বিকল্পগুলো"
67427,"নাসেনিয়া ডকে আপনার প্রশ্নের জন্য ধন্যবাদ। আমার মতে, আপনার বুকের ব্যথার জন্য প্রথমে হৃদরোগের সম্ভাবনা বাতিল করা উচিত। তাই একটি জিইআরজি (GEREG) করিয়ে নিন। যদি এটি স্বাভাবিক থাকে, তবে হৃদরোগ নিয়ে খুব বেশি চিন্তার প্রয়োজন নেই। এটি মূলত পেশীর ব্যথা বলে মনে হচ্ছে। তাই ভালো উপশমের জন্য এই পদক্ষেপগুলো অনুসরণ করার চেষ্টা করুন। ১. ভারী ওজন তোলা এবং কঠোর ব্যায়াম এড়িয়ে চলুন। ২. ঘুমের সময় ভুল অঙ্গভঙ্গি এড়িয়ে চলুন। ৩. ভালো ব্যথানাশক এবং পেশী শিথিলকারী ওষুধ সেবন করুন। ৪. আক্রান্ত স্থানে গরম পানির সেঁক দিন। ৫. মানসিক চাপ ও উদ্বেগ এড়িয়ে চলুন। শান্ত ও নিশ্চিন্ত থাকুন।"
111178,"প্রিয় মহোদয়/মহোদয়া, আপনার প্রশ্নটি দেখেছি এবং আপনার উপসর্গগুলো পড়েছি। আমার মতে, উপসর্গগুলো এমএস (MS)-এর চেয়ে সার্ভিকাল অঞ্চলে ডিস্ক ডিজিজ বলে মনে হচ্ছে, কারণ এমএস পুরো শরীরকে প্রভাবিত করে। অনুগ্রহ করে সার্ভিকাল মেরুদণ্ডের এমআরআই (MRI) করান এবং সমস্যাটি দেখুন। ইতিমধ্যে, বালিশ ব্যবহার করবেন না, আপনার মাথার নিচে, ঘাড়ের নিচে একটি র‍্যান্ডম তোয়ালে রাখুন অথবা আপনি সার্ভিকাল বালিশ ব্যবহার করতে পারেন। আশা করি এটি আপনার প্রশ্নের উত্তর দিয়েছে। আপনার যদি আরও কোনো স্পষ্টীকরণের প্রয়োজন হয়, তবে আমার সাথে পুনরায় যোগাযোগ করুন।"
47911,"হেলো, যেহেতু আপনার হৃদস্পন্দনের লক্ষণগুলো রয়েছে, তাই আপনার জরুরি বিভাগে (ER) যাওয়া উচিত এবং একজন হৃদরোগ বিশেষজ্ঞের মাধ্যমে শারীরিকভাবে পরীক্ষা করানো উচিত। আপনাকে কিছু রুটিন পরীক্ষা, সিবিসি, ইউরিনালাইসিস, লিপিড প্রোফাইল, ইসিজি, ইলেক্ট্রোকার্ডিওগ্রাফি এবং স্ট্রেস টেস্টের মধ্য দিয়ে যেতে হতে পারে। সাধারণত হৃদস্পন্দনের হার সুপারভেন্ট্রিকুলার ট্যাকিকার্ডিয়া বা অ্যাট্রিয়াল ফিব্রিলেশনের কারণে হয়ে থাকে। কখনও কখনও, এটি করোনারি আর্টারি ডিজিজের লক্ষণ হতে পারে। আপনার চিকিৎসা নির্ভর করবে শনাক্ত করা রোগের ওপর। আসক্তি এড়িয়ে চলুন, অ্যালকোহল, ধূমপান, ক্যাফেইন, নিকোটিন বা এনার্জি থেকে দূরে থাকুন। উদ্বেগ এবং মানসিক চাপ এড়িয়ে চলুন কারণ এগুলো বুক ধড়ফড়ানি শুরু করতে পারে এবং আপনার লক্ষণগুলোকে আরও খারাপ করতে পারে। কখনও কখনও অস্বীকার"
46419,"হেলো, হ্যাঁ, আমি জানি আপনার বন্ধু কী পরামর্শ দিচ্ছে। টেস্টোস্টেরন আপনার যৌন কর্মক্ষমতা বাড়াতে পারে, তবে তা অল্প পরিমাণে। এটি অনেকটা গাছে জল দেওয়ার মতো। আপনি যদি গাছে বেশি জল ঢালেন, তবে এটি দ্রুত বৃদ্ধি পাবে, অথবা আপনাকে টেস্টোস্টেরনকে কেবল চিকিৎসা হিসেবে বিবেচনা করতে হবে, পেশী তৈরি বা ফলাফলের জন্য নয়। আশা করি আমি আপনার প্রশ্নের উত্তর দিতে পেরেছি। আমি আপনাকে আরও কোনোভাবে সাহায্য করতে পারি কিনা তা জানাবেন। ভালো থাকবেন। নাসেনিয়া ডক. আর. রাভিন।"
83584,"ক্যান্সার রোগীদের ক্ষুধা কমে যাওয়া ক্যান্সার রোগীদের কম খাওয়ার কারণে হয়, কারণ ক্ষুধার অভাবের কারণে তারা পর্যাপ্ত পরিমাণে খাবার গ্রহণ করতে পারে না। এছাড়া, ক্যান্সার কোষের দ্রুত বিস্তারের কারণে পুষ্টির চাহিদা বেশি থাকে। রক্তনালীতে চাপের কারণে পেট ফাঁপা হতে পারে। প্রোটিন কম খাওয়ার ফলে শরীর ফুলে যায়। তার অবস্থার উন্নতি হতে পারে: ১) উচ্চ ক্যালোরি এবং উচ্চ প্রোটিনযুক্ত ভালো পুষ্টি। কিছু ওষুধ ক্ষুধা বাড়াতে সাহায্য করতে পারে। ২) টিউমার আকারে ফিরে এলে চাপের প্রভাব কমে যাবে এবং অঙ্গ-প্রত্যঙ্গের ফোলাভাব কমে যাবে। এটি কেমোথেরাপির মাধ্যমে অর্জন করা সম্ভব।"
89291,"হেলো প্রিয়, নাসেনিয়া ডকে আপনাকে স্বাগতম। আপনার উদ্বেগটি বুঝতে পারছি। আপনার প্রশ্ন অনুযায়ী, আপনার পা ফুলে গেছে এবং ব্যথা করছে। আপনার উল্লিখিত লক্ষণগুলোর পেছনে ভেনাস ইনসাফিসিয়েন্সি ইনজুরি, বিশেষ করে হৃদপিণ্ড, লিভার বা কিডনিতে আঘাত, গেঁটে বাত, ডায়াবেটিস ফুট বা লিম্ফেডিমার মতো অঙ্গ বিকল হওয়ার মতো অনেক কারণ থাকতে পারে। আমি আপনাকে নিয়মিত প্রেসক্রিপশন অনুযায়ী অ্যান্টিবায়োটিক সেবনের পরামর্শ দেব, দ্রুত সুস্থতার জন্য ভিটামিন সাপ্লিমেন্ট গ্রহণ করুন এবং পা পরিষ্কার রাখুন। বেটাডিন দিয়ে জায়গাটি পরিষ্কার করুন। যদি অবস্থার উন্নতি না হয়, তবে সঠিক পরীক্ষার জন্য পুনরায় ডাক্তারের সাথে পরামর্শ করুন। চিকিৎসক প্রদাহরোধী ওষুধের পাশাপাশি শক্তিশালী অ্যান্টিবায়োটিক দিতে পারেন। আশা করি আপনার সমস্যার সমাধান হয়েছে। দ্রুত সুস্থ হয়ে উঠুন। শুভকামনা।"
88378,"হেলো। আপনার অনুসন্ধানের জন্য এবং বিস্তারিত ইতিহাস জানানোর জন্য ধন্যবাদ। আপনার দেওয়া সমস্ত বিস্তারিত ইতিহাস থেকে বোঝা যায় যে আপনার মেরুদণ্ডে কোনো সমস্যা থাকতে পারে। যেহেতু আপনার পেটের প্রায় সব পরীক্ষাই করা হয়েছে, তাই আমি আপনাকে নিম্নলিখিত পরামর্শ দিচ্ছি। যদি এখনও না করা হয়ে থাকে। পরীক্ষা-নিরীক্ষার তালিকা। ১. সম্পূর্ণ রক্ত পরীক্ষা (সিবিসি), রক্তে শর্করার মাত্রা, ইউরিয়া, ক্রিয়েটিনিন, লিভার ফাংশন টেস্ট, থাইরয়েড ফাংশন টেস্ট। ২. প্রস্রাব-রুটিন এবং মাইক্রোস্কোপি।"
17189,"হেলো, আমার মতামত হলো দেরি হওয়া ভালো নয়। আসুন আলোচনা করি যেখানে আমরা রোগীর জন্য কিছু সম্ভাব্য সমাধান পেতে পারি। এটি সত্য যে যেকোনো কার্ডিয়াক সার্জারির পর একজন বিশেষজ্ঞ ফিজিওথেরাপিস্টের তত্ত্বাবধানে একটি সঠিক কার্ডিয়াক রিহ্যাবিলিটেশন প্রোগ্রাম সম্পন্ন করা প্রয়োজন। এখন, আপনি বলছেন যে রোগীর বাম হাতে সমস্যা আছে এবং তিনি হাত তুলতে পারছেন না। অনুগ্রহ করে নিশ্চিত করুন যে স্নায়বিক দৃষ্টিকোণ থেকে আসার আগে কার্ডিয়াক রুটিন ডায়াগনস্টিক পদ্ধতিগুলো সম্পন্ন করা হয়েছে। তিনি যে ব্যথা অনুভব করেছেন তা কি হৃদযন্ত্রের কারণে হচ্ছে না, তা আমাদের প্রথমে মাথায় রাখতে হবে। যদি কোনো হৃদরোগ না থাকে এবং এটি নিশ্চিত করা হয় যে চিন্তার কিছু নেই এবং আমরা অস্ত্রোপচারের দিকে এগিয়ে যেতে পারি। এখন, আমরা এটি পরিষ্কার করছি যে বাইপাস সার্জারির কারণে পেক্টোরাল পেশী ছোট হয়ে যাবে এবং এর জন্য ভালো স্ট্রেচিং প্রয়োজন, তাই কাঁধ একটি স্বাভাবিক অবস্থানে থাকে যেখানে কাঁধের বায়োমেকানিক্স ব্যাহত হয় না এবং কাঁধের কার্যকারিতা বজায় থাকে। স্নায়বিক দৃষ্টিকোণ থেকে আমার মনে হয় না তার কোনো স্নায়ুর সংকোচন হবে। কারণ যদি এটি স্নায়ুর সংকোচন হয়, তবে ঝিঁঝিঁ ধরা, জ্বালাপোড়া, অসাড়তা ইত্যাদির মতো উপসর্গ দেখা দিতে পারে। যদি ধরে নেওয়া হয় যে তার কোনো হৃদরোগ বা স্নায়বিক সমস্যা নেই, তবে তাকে সাহায্য করা সরাসরি ফিজিওথেরাপিস্টের কাজ। একটি সঠিক রিহ্যাবিলিটেশন প্রোগ্রামের মাধ্যমে তাকে অবশ্যই তার হাত উপরে তুলতে সাহায্য করা উচিত। এছাড়া, সর্বোত্তম কার্যক্ষমতা অর্জনের জন্য হাতের পেশিতে ভালো শক্তি প্রয়োজন। শ্বাস-প্রশ্বাসের ব্যায়াম ছাড়াও সামগ্রিক ব্যায়ামের একটি অংশ করা উচিত, কারণ এটি রোগীর সামগ্রিক সুস্থতার সাথে অনেক কিছু করতে পারে। নির্দেশিকার ওপর ভিত্তি করে"
24104,"হেলো প্রিয়, এখানে আপনার প্রশ্নটি পোস্ট করার জন্য ধন্যবাদ। নন-অবস্ট্রাক্টিভ এইচওসি সাধারণত শ্বাসরোধের অনুভূতি সৃষ্টি করে না। এটি মূলত বেশিরভাগ রোগীর ক্ষেত্রেই উপসর্গহীন থাকে। তবে এটি হঠাৎ হৃদযন্ত্রের মৃত্যুর সবচেয়ে সাধারণ কারণ, যা এইডের কারণ। এর পাশাপাশি, এটি শ্বাসকষ্ট, সিনকোপ, বুক ধড়ফড় করা এবং অন্যান্য পরিশ্রমের লক্ষণ সৃষ্টি করে। ডিসপনিয়া ছাড়া অবস্ট্রাক্টিভ এইচওসি-তে এই সমস্ত লক্ষণ বেশি দেখা যায়, যা উভয় ক্ষেত্রেই প্রায় সমানভাবে দেখা যায় এবং এটি শেষ পর্যায়ে হৃদপিণ্ডের সিস্টোলিক ডিসফাংশন শুরু হলে ঘটে। আশা করি এই তথ্যটি আপনার জন্য সহায়ক হবে। ধন্যবাদ এবং আপনার জন্য শুভকামনা রইল।"
44361,"হেলো, কলার বোনের অংশে ফোলাভাব থাইরয়েড সমস্যা বা লিম্ফ নোড বড় হয়ে যাওয়ার কারণে হতে পারে। এর জন্য ক্লিনিকাল পরীক্ষা এবং তদন্ত প্রয়োজন। কলার বোনের চারপাশের এলাকা লিম্ফ নোড বড় হওয়ার একটি সাধারণ স্থান। যেহেতু আপনার টনসিল বড় হয়ে গেছে, তাই এটি লিম্ফ নোড বড় হওয়ার কারণ হতে পারে। আপনার ঘাড়ের অঞ্চলের আল্ট্রাসাউন্ডের প্রয়োজন হতে পারে। এর উৎস এবং ব্যবস্থাপনা মূল্যায়নের জন্য আল্ট্রাসাউন্ড অত্যন্ত সহায়ক। চিকিৎসা পরীক্ষার ফলাফলের ওপর নির্ভর করে। দ্রুত সুস্থ হয়ে উঠুন। নিজের যত্ন নিন। নাসেনিয়া ডক।"
90616,"হেলো এবং নাসেনিয়া ডকে আপনাকে স্বাগতম। একজন ইউরোলজিস্ট হিসেবে, আমি আপনার উদ্বেগ বুঝতে পারছি। কিডনিতে প্রদাহ এবং সংক্রমণ উপশমের জন্য সাধারণত স্টেন্ট বসানো হয়। একটি কিডনি যা ব্লক হয়ে গেছে, তাতে সংক্রমণ হয়েছে। সেই কারণেই স্টেন্ট বসানো হয়েছে। স্টেন্ট ভেতরে চলে যাওয়ায় ব্যথা থেকে মুক্তি পেতে কয়েক দিন সময় লাগে। আপনি একই প্রমাণিত ডিএস (DS) নিতে পারেন, যা ব্যথা অনেক কমাতে পারে। নাসেনিয়া ডকের সাথে যোগাযোগ বজায় রাখুন। আপনার যদি কোনো সন্দেহ থাকে, তবে সরাসরি প্রশ্ন হিসেবে আমাকে পাঠান।"
54360,"হেলো এবং নাসেনিয়া ডকে জিজ্ঞাসা করার জন্য আপনাকে ধন্যবাদ। আমি আপনার উদ্বেগ বুঝতে পারছি। আপনি বলেছেন যে তিনি এমন কোনো অঙ্গ পরীক্ষা করেছেন যা এই পরিস্থিতির কারণ হতে পারে, তবে আপনার জন্য আমার কিছু প্রশ্ন আছে। আপনি বলেছেন যে তিনি কি কোনো অঙ্গ পরীক্ষা করিয়েছেন? যদি এটি নেগেটিভ হয়, তবে ফাইব্রোগ্যাস্ট্রোস্কোপি সম্পর্কে কী? নাইট্রো নেওয়ার পর তিনি কেমন বোধ করেন তা ডিফারেনশিয়াল ডায়াগনোসিসের জন্য খুবই গুরুত্বপূর্ণ। কখনও কখনও পেটের সমস্যার কারণে বুকের মাঝখানে তীব্র ব্যথা হতে পারে। একটি পেটের আল্ট্রাসাউন্ডও করা উচিত। আমি যদি তার ডাক্তার হতাম, তবে আমি উপরের পরীক্ষাগুলো করার জোরালো পরামর্শ দিতাম। ফলাফলের ভিত্তিতে তিনি বিশেষজ্ঞের কাছ থেকে সঠিক চিকিৎসা নেবেন। আমি আপনার এবং আপনার স্বামীর সুস্বাস্থ্য কামনা করি। ধন্যবাদ নাসেনিয়া ডক।"
103693,"নাসেনিয়া ডকে আপনার প্রশ্নের জন্য ধন্যবাদ। আমি আপনার উদ্বেগ বুঝতে পারছি। আলবুটেরল হলো স্বল্পমেয়াদী বিটা ২ অ্যাগোনিস্ট (SAGA)। এটি নিয়মিত রক্ষণাবেক্ষণ চিকিৎসার জন্য নয়। আর এই কারণেই আপনার ব্রঙ্কাইটিস নিয়ন্ত্রণে নেই। তাই একজন পালমোনোলজিস্টের (ফুসফুস বিশেষজ্ঞ) সাথে পরামর্শ করা এবং শ্বাসযন্ত্রের ক্লিনিকাল পরীক্ষা ও পিএফটি (পালমোনারি ফাংশন টেস্ট) করানো ভালো। পিএফটি শুধুমাত্র ব্রঙ্কাইটিস নির্ণয় করবে না, এটি আপনাকে রোগের তীব্রতা সম্পর্কেও জানাবে এবং সেই তীব্রতার ওপর ভিত্তি করেই চিকিৎসা করা হয়। দীর্ঘমেয়াদে ইনহেলড ব্রঙ্কোডাইলেটর (ফর্মোটেরল বা আলবুটেরল) এবং ইনহেলড কর্টিকোস্টেরয়েড (আইসিএস) (বুডেসোনাইড বা ফ্লুটিকাসোন) ব্যবহারে আপনি অবশ্যই সুস্থ হয়ে উঠবেন। বদহজমও একই সাথে চিকিৎসা করা উচিত। তাই খালি পেটে প্যান্টোপ্রাজল এবং লেভোসালপিরাইড কম্বিনেশন গ্রহণ করুন। চিন্তা করবেন না, এসবের মাধ্যমে আপনি সুস্থ হয়ে উঠবেন। আশা করি আমি আপনার প্রশ্নের সমাধান করতে পেরেছি। আপনাকে আরও সাহায্য করতে পারলে আমি খুশি হব। আপনার সুস্বাস্থ্য কামনা করি। ধন্যবাদ।"
4425,"হেলো এবং নাসেনিয়া ডকে আপনাকে স্বাগতম। যেহেতু আপনি আপনার দাঁত ফিলিং করিয়েছেন, তাই ব্যথা এবং সংক্রমণের কোনো সম্ভাবনা নেই কারণ দাঁতটি কেবল ক্ষয়প্রাপ্ত উপাদানটি পুরোপুরি পরিষ্কার করার পরেই ক্ষয়ের গভীর অগ্রগতি রোধ করা সম্ভব। যেহেতু আপনার দাঁতটি ভেঙে গেছে, তাই আমি সন্দেহ করছি যে পেরিওডন্টাল কোনো ক্ষতি বা সংক্রমণের কারণে পেরিওডন্টাল ক্ষতি হয়েছে, যা পার্শ্ববর্তী কান এবং চোয়ালের হাড়ে ব্যথা ছড়িয়ে পড়ছে। চোয়াল এবং কানে ব্যথা সংক্রমণের স্পষ্ট লক্ষণ। আমি আপনাকে আপনার চোয়ালের একটি ওপিজি (OPG) এক্স-রে করানোর পরামর্শ দিচ্ছি, যা সমস্ত দাঁত, হাড়ের সাপোর্ট, চোয়াল, পার্শ্ববর্তী গুরুত্বপূর্ণ কাঠামো এবং অন্তর্নিহিত ক্ষতগুলোর একটি বড় ছবি দেখাবে, সেই অনুযায়ী চিকিৎসা করা যেতে পারে। আশা করি এটি আপনাকে সাহায্য করবে, ভালো থাকবেন।"
50370,"হেলো। পেটের ডানদিকের উপরের অংশে ব্যথা অ্যাসিডিটি, পিত্তথলির পাথর, পেশীর খিঁচুনি ইত্যাদির মতো অনেক কারণে হতে পারে। আপনার দেওয়া তথ্য অনুযায়ী, এই ব্যথা সম্ভবত পেশীর খিঁচুনির কারণে হচ্ছে। তবে, আপনার যথাযথ ক্লিনিক্যাল পরীক্ষা এবং রুটিন ইনভেস্টিগেশন প্রয়োজন। ইনভেস্টিগেশনের মধ্যে রয়েছে রুটিন হিমোগ্রাম, র‍্যান্ডম ব্লাড সুগার, লিভার ফাংশন টেস্ট এবং পেটের আল্ট্রাসাউন্ড। পেটের আল্ট্রাসাউন্ড অনেক শারীরিক অবস্থা বাদ দিতে পারে। সঠিক চিকিৎসা পরীক্ষার ফলাফলের ওপর নির্ভর করে। আপনার ব্যথানাশক এবং পেশী শিথিলকারী ওষুধের প্রয়োজন হতে পারে। আপনি সঠিকভাবে হিট থেরাপি ব্যবহার করছেন। দ্রুত সুস্থ হয়ে উঠুন। নিজের যত্ন নিন। নাসেনিয়া ডক।"
110630,"হেলো, ইবেক্সিড এবং ফার্টিল উভয়ই মাল্টিভিটামিনের মতো যা গর্ভধারণের হার বাড়ায়, আপনি নিরাপদে এই ট্যাবলেটগুলো চালিয়ে যেতে পারেন। অনিয়মিত পিরিয়ডের বিষয়ে, পিওডি (POD) আছে কিনা তা নিশ্চিত করার জন্য আপনাকে ইস্ট্রোজেন, প্রজেস্টেরন, এফএসএইচ (FSH), এলএইচ (LH), প্রোল্যাকটিন, থাইরয়েড হরমোন এবং আল্ট্রাসাউন্ডের মতো হরমোনের ভারসাম্যহীনতা পরীক্ষা করতে হবে। আপনার মাসিক নিয়মিত করার জন্য আপনাকে হরমোন সাপ্লিমেন্ট ব্যবহার করতে হবে, তাহলেই আপনি সঠিক বন্ধ্যাত্বের চিকিৎসা নিতে পারবেন। আশা করি এটি সহায়ক হবে। আমি আপনাকে আরও কোনোভাবে সাহায্য করতে পারি কিনা তা জানাবেন।"
9649,হেলো... আপনার স্বাস্থ্য সম্পর্কিত জিজ্ঞাসার জন্য নাসেনিয়া ডক চিকিৎসকদের ওপর আস্থা রাখার জন্য ধন্যবাদ। আমার মনে হয় আপনার উদ্বেগের বিষয়টি হলো... পলিসিস্টিক ওভারিয়ান সিনড্রোম গর্ভাবস্থায় প্রভাব ফেলতে পারে। হ্যাঁ। গর্ভাবস্থার ক্ষেত্রে এটি একটি প্রভাব। আসুন পলিসিস্টিক ওভারিয়ান সিনড্রোম নিয়ে আলোচনা করি। এই ক্ষেত্রে রোগীদের সাধারণত আল্ট্রাসাউন্ডের মাধ্যমে পলিসিস্টিক ওভারিয়ান ডায়াগনোসিস করা হয়। এর পাশাপাশি সাধারণত অনিয়মিত মাসিকের সমস্যাও থাকে। কিছু রোগীর শরীরের অস্বাভাবিক স্থানে অতিরিক্ত চুল থাকে। তাদের মধ্যে কারো কারো ইনসুলিন রেজিস্ট্যান্স বা থাইরয়েডের সমস্যা ইত্যাদি থাকতে পারে। এগুলো সবই পলিসিস্টিক ওভারিয়ান সিনড্রোমের ক্ষেত্রে হরমোনের ভারসাম্যহীনতার কারণে হয়।
66885,"প্রিয় ব্যবহারকারী, নাসেনিয়া ডকে লেখার জন্য ধন্যবাদ। আমি আপনার উদ্বেগ বুঝতে পারছি। আমি আপনাকে জানাতে চাই যে এটি খুব সাধারণ সময়ে ইরেক্টাইল ফেইলিওর। এটি কোনো রোগ নয়। প্রায় প্রতিটি মানুষের জীবনেই মাঝে মাঝে ফেইলিওর হতে পারে। যখন এমনটা ঘটে, তখন পরবর্তী যৌন মিলনের সময় কর্মক্ষমতা নিয়ে মানুষ উদ্বিগ্ন হয়ে পড়ে। সে সঙ্গীকে সন্তুষ্ট করতে পারবে কি না তা নিয়ে চিন্তা করে। তাই, তার মন মূলত ইরেক্টাইল ফেইলিওর এবং পারফরম্যান্স নিয়ে চিন্তা করে। ক্রমাগত ইরেকশনের জন্য ক্রমাগত উত্তেজনাপূর্ণ/রোমান্টিক/কামোত্তেজক অনুভূতির অনুভূতি থাকা উচিত। যদি মন ইরেকশন নিয়ে উদ্বিগ্ন হয় (আপনার ক্ষেত্রে টেনশন হচ্ছে), তবে আপনি ইরেকশন হারাবেন। এর ফলে আপনার আত্মবিশ্বাস কমে যায় এবং এটি পুনরায় ইরেকশনের ওপর প্রভাব ফেলে। হস্তমৈথুনের সময় ইরেকশন হওয়া নির্দেশ করে যে আপনার অঙ্গগুলো সম্পূর্ণ স্বাভাবিকভাবে কাজ করছে। সাইকোজেনিক ইরেক্টাইল ডিসফাংশনের জন্য শক্তিশালী গবেষণা প্রমাণসহ কার্যকর আচরণগত থেরাপি রয়েছে। আপনি ইন্টারনেটে সেনেট ফোকাস সম্পর্কে পড়তে পারেন। আপনার সুস্বাস্থ্য কামনা করি।"
96805,"হেলো, নাসেনিয়া ডককে জিজ্ঞাসা করার জন্য ধন্যবাদ। আমি আপনার উদ্বেগ বুঝতে পারছি। যতক্ষণ টিআইএ (TIA) নিয়ে দুশ্চিন্তা থাকে, ততক্ষণ আমি আপনাকে রক্তচাপের দিকে নজর রাখার পরামর্শ দেব। যদি আপনার উচ্চ রক্তচাপ থাকে তবে নিয়মিত ওষুধ সেবন করুন, যদি না থাকে তবে নিয়মিত রক্তচাপ পরিমাপ করুন, রক্তে গ্লুকোজের মাত্রা পরীক্ষা করুন। ডিস্কের সমস্যা মোকাবিলার সর্বোত্তম উপায় হলো ফিজিওথেরাপি এবং কিছু এনএসএআইডি (NSAIDs) আপনাকে দ্রুত সুস্থ করে তুলবে। (আপনার বয়স এবং লিঙ্গ উল্লেখ করলে খুব ভালো হতো)"
5228,"হেলো, আপনি কেমন আছেন? আপনার বাবার সিরোসিস রোগ নির্ণয়ের কথা শুনে আমি দুঃখিত। এএফপি (আলফা ফটো প্রোটিন) হলো এমন একটি পদার্থ যা সাধারণত জরায়ুতে ভ্রূণের লিভার দ্বারা উৎপাদিত হয়। একবার শিশু জন্ম নিলে, লিভার এই পদার্থ তৈরি করা বন্ধ করে দেয় যাতে একজন প্রাপ্তবয়স্ক মানুষের রক্তে এএফপির মাত্রা খুব কম থাকে। দুর্ভাগ্যবশত, যদি লিভারের টিউমার বড় হয়ে যায়, তবে এই টিউমারটি এএফপি তৈরি করতে শুরু করে এবং এর ফলে রক্তে এর মাত্রা বৃদ্ধি পায়। তাই যদি এএফপি-এর রক্তের মাত্রা হঠাৎ বেড়ে যায়, বিশেষ করে সিরোটিক রোগীর ক্ষেত্রে, তবে এটি লিভারে টিউমার তৈরির ইঙ্গিত দিতে পারে। এটি ইমেজিং স্টাডিজ, আল্ট্রাসাউন্ড এবং তারপর লিভারের ট্রাই-ফাসিক কন্ট্রাস্ট উন্নত সিটি স্ক্যানের মাধ্যমে মূল্যায়ন করা প্রয়োজন। চিকিৎসার বিকল্পগুলো টিউমারের আকার, সংখ্যা এবং রোগীর শারীরিক অবস্থার ওপর নির্ভর করবে। সিরোসিস এবং লিভার টিউমার রোগীদের জন্য সর্বোত্তম চিকিৎসা হলো লিভার ট্রান্সপ্ল্যান্ট, যদি তারা কিছু মানদণ্ড পূরণ করেন। যদি টিউমারটি ছোট হয়, তবে পারকিউটেনিয়াস অ্যাবলেটিভ টেকনিক বা এমনকি টিউমারটি যেখানে অবস্থিত তার একটি ছোট অংশ অপসারণ করা যেতে পারে। অনুগ্রহ করে আমাকে জানান, যাতে আমি নিশ্চিত হতে পারি যে আপনাকে চিকিৎসার জন্য সেরা কেন্দ্রে নিয়ে যাওয়া হবে। আশা করি এটি সাহায্য করবে এবং আপনার বাবা দ্রুত সুস্থ হয়ে উঠবেন। আরও বিস্তারিত জানার জন্য অনুগ্রহ করে আমার সাথে যোগাযোগ করতে দ্বিধা করবেন না - rxsuresh@gmail.com"
77925,"নাসেনিয়া ডকে আপনার প্রশ্নের জন্য ধন্যবাদ। আমি আপনার উদ্বেগ বুঝতে পারছি। আমার মতে আপনার অবিলম্বে একজন পালমোনোলজিস্টের পরামর্শ নেওয়া উচিত এবং নিম্নলিখিত পরীক্ষাগুলো করানো উচিত: ১. শ্বাসতন্ত্রের ক্লিনিকাল পরীক্ষা। ২. পিএফটি (পালমোনারি ফাংশন টেস্ট)। ৩. বুকের এক্স-রে। আপনার সবুজাভ কাশি, হলুদ কফ, পিঠে ব্যথা এবং নিউমোনিয়ার মতো লক্ষণগুলো নিউমোনিয়ার সম্ভাবনা বেশি। ব্রঙ্কাইটিসের ক্ষেত্রেও এই সব লক্ষণ দেখা যায়। তাই নিউমোনিয়া আছে কিনা তা নিশ্চিত হতে বুকের এক্স-রে প্রয়োজন। যদি এক্স-রে স্বাভাবিক থাকে, তবে ব্রঙ্কাইটিস আছে কিনা তা নিশ্চিত হতে পিএফটি প্রয়োজন। তাই একজন পালমোনোলজিস্টের সাথে পরামর্শ করুন এবং প্রথমে রোগ নির্ণয় করুন এবং তারপর যথাযথ চিকিৎসা শুরু করুন। আশা করি আমি আপনার প্রশ্নের সমাধান করতে পেরেছি। আপনাকে আরও সাহায্য করতে পারলে আমি খুশি হব। আপনার সুস্বাস্থ্য কামনা করি। ধন্যবাদ।"
8630,"হেলো। আপনার অনুসন্ধানের জন্য এবং বিস্তারিত ইতিহাস জানানোর জন্য ধন্যবাদ। আপনি যে তীব্র ব্যথার কথা উল্লেখ করেছেন, সেই সাথে তলপেটে ফোলাভাব গুরুতর পিআইডি (পেলভিক ইনফ্ল্যামেটরি ডিজিজ) বা এন্ডোমেট্রিওসিসের কারণে হতে পারে, কারণ এটি হরমোন চক্রের সাথে সম্পর্কিত। আমি আপনাকে নিম্নলিখিত পরামর্শ দিচ্ছি - ব্যথার আক্রমণের সময় একজন স্ত্রীরোগ বিশেষজ্ঞের মাধ্যমে পরীক্ষা করান। - ব্যথার সময় রক্ত, প্রস্রাব এবং মল পরীক্ষা করান। - পেটের আল্ট্রাসনোগ্রাফি, পেলভিস এবং ট্রান্স-ভ্যাজাইনাল ইউএসজি করান। সঠিক রোগ নির্ণয় সঠিক চিকিৎসার দিকে পরিচালিত করবে। প্রয়োজনে, ডায়াগনস্টিক ল্যাপারোস্কোপি এবং এসওএস (SOS) পদ্ধতি আপনাকে সবচেয়ে বেশি সাহায্য করতে পারে।"
110656,"হেলো, আশা করি আপনি ভালো আছেন। আমি আপনার অভিযোগগুলো দেখেছি এবং আপনার উদ্বেগ বুঝতে পেরেছি। আপনার লাম্বার ডিস্কের সমস্যা রয়েছে বলে মনে হচ্ছে, যা স্নায়ুর ওপর চাপের কারণে পায়ে ব্যথা সৃষ্টি করতে পারে। সমস্যাটি কী তা জানার জন্য আপনার একটি এমআরআই (MRI) করানো উচিত। এই ধরনের ব্যথা ক্লান্তি এবং ক্লান্তির কারণে হয়। আশা করি আপনার প্রশ্নের উত্তর পেয়েছেন। আপনার যদি আরও কোনো প্রশ্ন থাকে, তবে যেকোনো সময় আমার সাথে পরামর্শ করতে পারেন। ধন্যবাদ। ভালো থাকবেন, ঈশ্বর আপনার মঙ্গল করুন।"
89096,"হেলো এবং নাসেনিয়া ডকে আপনাকে স্বাগতম। আপনার অনুসন্ধানের জন্য ধন্যবাদ। আমি নাসেনিয়া ডক, আমি আপনার উদ্বেগগুলো বুঝতে পারছি এবং আমি আপনাকে যথাসাধ্য সাহায্য করার চেষ্টা করব। প্লীহা বড় হয়ে যাওয়াকে স্প্লেনোমেগালি বলা হয় এবং এর পেছনে বিভিন্ন কারণ থাকতে পারে। প্রথম ক্ষেত্রে এগুলো হলো মনোনিউক্লিওসিসের মতো সংক্রমণ, টক্সোপ্লাজমোসিস বা ব্যাকটেরিয়াজনিত সংক্রমণ। এর অর্থ হলো আপনার শরীরের যেকোনো সংক্রমণ প্লীহা বড় হওয়ার কারণ হতে পারে। দ্বিতীয় সাধারণ কারণগুলোর মধ্যে রয়েছে থ্রম্বোসাইটোপেনিয়ার মতো অটোইমিউন রোগ। যদি নির্দিষ্ট পরীক্ষার মাধ্যমে এটি বাদ দেওয়া হয়, তবে অন্যান্য কারণ বিবেচনা করা যেতে পারে এবং কিছু কম-বেশি গুরুতর, যেমন লিউকেমিয়া লিম্ফোমা, অথবা অ্যাসিডোসিস, লুপাস এবং রিউমাটয়েড আর্থ্রাইটিসের মতো প্রদাহজনিত রোগ। প্রতিটি ক্ষেত্রেই, সংক্রামক কারণগুলোর চিকিৎসা অ্যান্টিবায়োটিক দিয়ে করা হয় এবং অন্যান্য কারণের জন্য প্লীহা অপসারণের অস্ত্রোপচারের প্রয়োজন হতে পারে। আশা করি আমি আপনার প্রশ্নের উত্তর দিতে পেরেছি। আপনার যদি আরও কোনো প্রশ্ন থাকে, তবে আপনি যেকোনো সময় আমাদের সাথে যোগাযোগ করতে পারেন। আন্তরিক শুভেচ্ছা। আপনার সুস্বাস্থ্য কামনা করি।"
86063,"হেলো, আমি আপনার উদ্বেগ বুঝতে পারছি। আমি নাসেনিয়া ডক, সংক্রামক রোগ বিশেষজ্ঞ, আপনার প্রশ্নের উত্তর দিচ্ছি। এটি যৌনবাহিত সংক্রমণের মতো মনে হচ্ছে। আমি আপনাকে ক্ষত থেকে গ্রাম স্টেইনিং করার পরামর্শ দিচ্ছি যাতে কোনো জীবাণুর কারণে এই আলসার হয়েছে কিনা তা পরীক্ষা করা যায়। এরপর কোন ব্যাকটেরিয়া আপনাকে সংক্রমণ করেছে সেই অনুযায়ী আপনি চিকিৎসা নিতে পারেন। আপনার পরবর্তী যেকোনো প্রশ্নের উত্তর দিতে পারলে আমি খুশি হব। নাসেনিয়া ডকের সাথে যোগাযোগ করার জন্য আপনাকে ধন্যবাদ। আপনার সুস্বাস্থ্য কামনা করি। ধন্যবাদ, নাসেনিয়া ডক।"
72464,"হেলো, আপনার তথ্যের ভিত্তিতে এটি অ্যাকিলিস টেন্ডিনাইটিস বলে মনে হচ্ছে। তবে, ক্লিনিকাল পরীক্ষা এবং প্রাসঙ্গিক তদন্তের পরেই সঠিক রোগ নির্ণয় করা সম্ভব। যদি এটি অ্যাকিলিস টেন্ডিনাইটিস হয়, তবে ফিজিওথেরাপি কোর্স এবং হিল লিফটিং ও নরম পিঠের জুতো পরিবর্তন করা বেশ সহায়ক হবে। যদি উপরের চিকিৎসার ৬ সপ্তাহ পরেও উপশম না হয়, তবে স্থানীয় ইনজেকশন ব্যবহার করে দেখা যেতে পারে। আশা করি আমি আপনার প্রশ্নের উত্তর দিতে পেরেছি। আমি আপনাকে আরও কোনোভাবে সাহায্য করতে পারি কিনা তা জানাবেন। ভালো থাকবেন।"
108234,"হেলো। এটি আর্থ্রোভাইটিসের পর্যায় হতে পারে। হ্যাঁ, আপনি লুব্রিকেন্ট ইনজেকশন নিতে পারেন। আর্থ্রোস্কোপি আপনাকে সাহায্য করতে পারে। আর্থ্রোস্কোপিক শেভিংয়ে ক্ষতিগ্রস্ত তরুণাস্থি মসৃণ করা হয় এবং আলগা ভঙ্গুর তরুণাস্থি অপসারণ করা হয়। এই পদক্ষেপগুলো এড়িয়ে চলা এবং পশ্চিমা স্টাইলের টয়লেট ব্যবহার করা সহায়ক হবে। আশা করি এটি আপনার প্রশ্নের উত্তর দিয়েছে। আপনার যদি আরও কোনো প্রশ্ন বা ফলো-আপ জিজ্ঞাসা থাকে, তবে আমাদের লিখতে দ্বিধা করবেন না। আমি আপনার প্রশ্নের উত্তর দিতে পেরে খুশি হব। আপনার সুস্বাস্থ্য কামনা করছি। ভালো থাকবেন।"
81294,"আপনার কি এমআরআই (MRI) করা হয়েছে? হিপ জয়েন্টে ব্যথা এবং ব্যথা সাধারণত হিপ জয়েন্টের সমস্যার ইঙ্গিত দেয়। আপনার মেডিকেল ইতিহাস সম্পর্কে আমার আরও জানা প্রয়োজন। উদাহরণস্বরূপ, আপনি কি এমন কোনো ওষুধ খাচ্ছেন যা আপনাকে নির্দিষ্ট কোনো রোগের দিকে ঠেলে দিচ্ছে? এবং কোনো শারীরিক সমস্যা কি এর কারণ হতে পারে? সাধারণত, তবে, আপনি যে ব্যথার কথা বলছেন তার জন্য হিপ জয়েন্টটি দেখার জন্য এমআরআই একটি ভালো বিকল্প।"
3245,"হেলো, আপনার অনুসন্ধানের জন্য ধন্যবাদ। আপনি যে তথ্যগুলো দিয়েছেন তার ভিত্তিতে মনে হচ্ছে আপনি দ্রুত বীর্যপাতের সমস্যায় ভুগছেন। দ্রুত বীর্যপাতের কোনো বড় স্বাস্থ্য সমস্যা না থাকার কারণ হলো মানসিক এবং যাকে পারফরম্যান্স অ্যাংজাইটি বলা হয়। নিচের পদক্ষেপগুলো আপনার আত্মবিশ্বাস বাড়াতে, ভালো ইরেকশন পেতে এবং বীর্যপাত বিলম্বিত করতে সাহায্য করবে: ১) সকালে ৪৫ মিনিট নিয়মিত ব্যায়াম করুন এবং এরপর আধা ঘণ্টা ধ্যান করুন। ২) শাকসবজি, ফলমূল এবং ভিটামিন এ, সি, ডি, ই ও জিঙ্ক সমৃদ্ধ উচ্চ প্রোটিনযুক্ত খাবার গ্রহণ করুন। ৩) প্রতিদিন ৫-৬টি কাঠবাদামের মতো অ্যান্টি-অক্সিডেন্ট গ্রহণ করুন। ৪) অ্যালকোহল এবং ধূমপান এড়িয়ে চলুন। প্রয়োজন অনুযায়ী সিলডেনাফিল সাইডওয়াল (ভায়াগ্রা) গ্রহণ করলে তা ভালো, শক্ত ও দীর্ঘস্থায়ী ইরেকশন পেতে এবং আনন্দদায়ক যৌন মিলনে সাহায্য করবে। ডাক্তারের সাথে চ্যাট করুন।"
45112,"নাসেনিয়া ডককে জিজ্ঞাসা করার জন্য আপনাকে ধন্যবাদ। আমার নাম নাসেনিয়া ডক। আপনার সার্ভিকাল স্পাইনের সঠিক ডিজিটাল এক্স-রে এপি এবং ল্যাটারাল ভিউ করা প্রয়োজন, যাতে মেরুদণ্ডের প্রান্তিককরণ এবং হাড় দেখা যায়। এছাড়া নরম টিস্যু এবং প্রোল্যাপসড ইন্টার-ভার্টিব্রাল ডিস্ক দেখার জন্য সার্ভিকাল স্পাইনের এমআরআই করান, যা আঙুলে ব্যথা এবং অসাড়তার কারণ হতে পারে। এরপর পরবর্তী পদক্ষেপ এবং সম্পূর্ণ সমাধানের জন্য একজন নিউরোসার্জনের সাথে দেখা করুন। আশা করি এটি আপনাকে সাহায্য করবে। কোনো কিছু অস্পষ্ট থাকলে আমাকে জানাবেন। ধন্যবাদ।"
111509,"হেলো। আপনি একদম ঠিক আছেন, সবকিছু ঠিক নেই। মিলনের সময় রক্তপাত জরায়ু থেকে হতে পারে অথবা জরায়ুমুখের কোনো ক্ষত থেকে হতে পারে। যদি ছত্রাকের ফাইব্রয়েড জরায়ুর অভ্যন্তরীণ দেয়াল ক্ষয় করে এবং জমাট বেঁধে খিঁচুনি সৃষ্টি করে, তবে তা ব্যথা এবং রক্তপাতের কারণ হতে পারে। এই ছোট আকারের ওভারিয়ান সিস্ট সাধারণত কোনো সমস্যার সৃষ্টি করে না। আমি আপনাকে অন্য একজন বিশেষজ্ঞের পরামর্শ নেওয়ার পরামর্শ দেব। যদি আপনার কাছাকাছি কোনো সুবিধা থাকে, তবে ল্যাপারোস্কোপিক রোগ নির্ণয় এবং ফাইব্রয়েড অপসারণের মাধ্যমে উন্নতির সম্ভাবনা রয়েছে।"
29633,"হেলো, আপনি যে এলাকায় একাধিক শারীরিক সমস্যায় ভুগছেন, সেখানে কিছু ওষুধ ঘুমের আরইএম (REM) প্যাটার্নকে ব্যাহত করে, যার ফলে দুঃস্বপ্ন দেখা দেয়। এমনকি অন্তর্নিহিত বিষণ্নতা বা উদ্বেগও দুঃস্বপ্নের কারণ হতে পারে। শয্যাশায়ী থাকার কারণে আপনার ঘুম ভাঙার ছন্দ সম্ভবত বিঘ্নিত হয়েছে। আমার পরামর্শ হলো, সঠিক ঘুম থেকে ওঠার সময়সূচী মেনে ধ্যানের মতো শিথিলকরণ ব্যায়াম করুন, যা শয্যাশায়ী থাকা অবস্থায়ও অনুশীলন করা যেতে পারে। তবে যদি দুঃস্বপ্ন আপনার জন্য কষ্টদায়ক হয়, তবে সঠিক মূল্যায়নের পর আপনার ঘুম ভাঙার ছন্দ নিয়মিত করার জন্য কিছু ওষুধ সেবন করা প্রয়োজন।"
72298,"হেলো, নাসেনিয়া ডকে আপনাকে স্বাগতম। আমি আপনার পরিস্থিতি বুঝতে পারছি। অনলাইন সহায়তা পাওয়ার জন্য আপনার প্রচেষ্টার প্রশংসা করি। ডার্মাটোগ্রাহিক আর্টিকেরিয়া হলো এমন একটি অবস্থা যেখানে ত্বকে আঁচড় বা ঘষা লাগলে প্রদাহ হয়। এটি এক ধরণের অ্যালার্জিজনিত অবস্থা। এটি মূলত তরুণদের মধ্যে বেশি দেখা যায়। এর চিকিৎসায় অ্যান্টিহিস্টামিন অন্তর্ভুক্ত। সোরিয়াসিস একটি দীর্ঘস্থায়ী অটোইমিউন রোগ এবং এর জন্য দীর্ঘমেয়াদী ও ক্রমাগত চিকিৎসার প্রয়োজন। আমি আপনাকে সঠিক মূল্যায়ন এবং চিকিৎসার জন্য একজন যোগ্য চর্মরোগ বিশেষজ্ঞের সাথে পরামর্শ করার পরামর্শ দিচ্ছি। ইতিমধ্যে, মানসিক চাপ ও উদ্বেগ কমাতে গভীর শ্বাস-প্রশ্বাস, যোগব্যায়াম বা ধ্যানের মতো শিথিলকরণ কৌশলগুলো চেষ্টা করুন। আশা করি এটি আপনাকে সাহায্য করবে। শুভকামনা।"
26730,"হেলো, আমি আপনার উদ্বেগ বুঝতে পারছি। গরম অনুভূত হওয়া এবং ঘাম হওয়া অ্যামনিওটিক ফ্লুইড সংক্রমণের কারণ হতে পারে না। প্রকৃতপক্ষে, অ্যামনিওটিক ফ্লুইড সংক্রমণ (যা আপনার অ্যামনিওটিক মেমব্রেন ফেটে যাওয়ার সময় শুরু হতে পারে) জ্বর এবং ঘামের কারণ হতে পারে। তবে এর অন্যান্য লক্ষণও থাকতে পারে, যেমন জ্বর, ব্যথা বা পায়খানার সাথে দুর্গন্ধ। সেই অনুযায়ী সংক্রমণ এবং চিকিৎসার সম্ভাবনা খুঁজে বের করার জন্য আপনার একজন স্ত্রীরোগ বিশেষজ্ঞের পরামর্শ নেওয়া উচিত। ধন্যবাদ।"
89112,"হেলো, আপনি যে লক্ষণগুলোর কথা বর্ণনা করেছেন তা উচ্চ রক্তচাপের কারণে হতে পারে, বিশেষ করে যদি রক্তচাপের বৃদ্ধি সম্প্রতি শুরু হয়ে থাকে। কম লবণযুক্ত খাবার, জীবনধারা এবং এসওএস (SOS) ওষুধের মাধ্যমে এটি নিয়ন্ত্রণ করুন এবং একই যত্ন নিন, যা হৃদরোগ বা স্ট্রোকের মতো জটিলতা প্রতিরোধে সাহায্য করবে। এছাড়া স্লিপ অ্যাপনিয়া নিজেই রক্তচাপ বাড়িয়ে দিতে পারে, তাই রাতে সিপ্যাপ (CPAP) সেবন করলে আপনি এতে উপকৃত হবেন। শুভেচ্ছা।"
31982,"হেলো, আশা করি এই বার্তাটি আপনাকে সুস্থ অবস্থায় পেয়েছে। আমি আপনার অভিযোগগুলো দেখেছি এবং আপনার উদ্বেগ বুঝতে পেরেছি। মনে হচ্ছে আপনার পিঠের কোথাও স্নায়ু চাপে পড়েছে, যার ফলে ওই এলাকায় ব্যথা ছড়িয়ে পড়ছে। লাম্বার ডিস্ক প্রোল্যাপসের সম্ভাবনাও মাথায় রাখা উচিত। সঠিক কারণ খুঁজে বের করার জন্য আমি আপনাকে এক্স-রে এবং এমআরআই করার পরামর্শ দিচ্ছি। ফিজিওথেরাপি, ব্যথানাশক এবং প্রদাহরোধী ওষুধ সেবন করুন। ডাক্তারের সাথে চ্যাট করুন। চিন্তার কিছু নেই। আশা করি আপনার প্রশ্নের উত্তর পেয়েছেন। আপনার যদি আরও কোনো প্রশ্ন থাকে, তবে যেকোনো সময় আমার সাথে পরামর্শ করতে পারেন। ধন্যবাদ, ভালো থাকবেন, ঈশ্বর আপনার মঙ্গল করুন।"
59231,"হেলো, নাসেনিয়া ডক ফোরামে আপনাকে স্বাগতম। নাসেনিয়া ডক ফোরামে লেখার জন্য ধন্যবাদ। আপনি নাক দিয়ে পানি পড়া, নাক দিয়ে পানি পড়া এবং নাকের চারপাশে ব্যথার সমস্যায় ভুগছেন। এগুলোকে একত্রে সাইনোসাইটিস বলা হয়, এটি সাধারণ সর্দি-কাশির কারণে হতে পারে, অ্যালার্জি, ভাইরাল বা ইওসিনোফিলিক কারণে হতে পারে অথবা নাকের সেপ্টাম সরে যাওয়ার কারণেও হতে পারে। সঠিক রোগ নির্ণয় ছাড়া ওভার-দ্য-কাউন্টার ওষুধে আপনি পুরোপুরি আরাম পাবেন না। আমি আপনাকে রোগ নির্ণয় এবং চিকিৎসার জন্য একজন ই.এন.টি. সার্জনের সাথে পরামর্শ করার পরামর্শ দিচ্ছি। নিশ্চিত হওয়ার জন্য অন্যান্য রুটিন পরীক্ষার পাশাপাশি আপনার এম.আর.আই (M.R.I.) করার প্রয়োজন হতে পারে। ডি.এন.এস. ছাড়া অন্যান্য ওষুধ দিয়ে চিকিৎসা করা সম্ভব এবং ডি.এন.এস. অপারেশনের প্রয়োজন হতে পারে। আপনার দ্রুত এবং সম্পূর্ণ সুস্থতা কামনা করছি। শুভেচ্ছা।"
98674,"হেলো, নাসেনিয়া ডককে জিজ্ঞাসা করার জন্য আপনাকে ধন্যবাদ। আমি আপনার প্রশ্নটি দেখেছি। যদি এটি হেয়ার বেড বা চুলের বিছানায় হয়, তবে এটি ফলিকুলাইটিসের কারণে হতে পারে, যা হেয়ার বেড ব্যাকটেরিয়াজনিত সংক্রমণ। যৌনাঙ্গে হারপিস জ্বালাপোড়া, ব্যথা এবং চুলকানি সৃষ্টি করে। আপনি যদি এর ছবি পাঠান তবে তা শনাক্ত করতে আরও সহায়ক হবে। ফলিকুলাইটিসের ক্ষেত্রে অ্যান্টিবায়োটিক থেরাপির প্রয়োজন হবে। এমন ক্ষেত্রে আমি অ্যাজিথ্রোমাইসিন এবং বেটাডিন মলমের মতো অ্যান্টিবায়োটিক ব্যবহারের পরামর্শ দেব। আশা করি এটি আপনাকে সাহায্য করবে। কোনো কিছু অস্পষ্ট থাকলে আমাকে জানাবেন। ধন্যবাদ।"
93487,"হেলো, মাইটেকা বেশ কিছু পার্শ্বপ্রতিক্রিয়া সৃষ্টি করতে পারে এবং সম্ভবত- মেজাজ ও সংশ্লিষ্ট অবস্থার পরিবর্তন যেমন উদ্বেগ, বিষণ্নতা ইত্যাদি - কিছু ক্ষেত্রে হ্যালুসিনেশনের সাথে চিন্তার প্রক্রিয়ার পরিবর্তন, আত্মহত্যার চিন্তা ইত্যাদি - স্নায়বিক লক্ষণ যেমন অসাড়তা, দুর্বলতা, হাত বা পায়ে ব্যথা, পেশির তীব্র নড়াচড়ার সাথে অনিয়ন্ত্রিত প্রতিক্রিয়া এবং পেশীর তীব্র প্রতিক্রিয়া। মুখের ফোলাভাব বা শ্বাসকষ্টের ক্ষেত্রে এই ওষুধটি ভালোভাবে সহ্য করা যায় এবং কোনো পার্শ্বপ্রতিক্রিয়া সৃষ্টি করে না, তবে কিছু ক্ষেত্রে উপরের পার্শ্বপ্রতিক্রিয়াগুলো হতে পারে এবং যদি এমনটি ঘটে তবে ডাক্তারের পরামর্শ নেওয়া উচিত। আশা করি এটি আপনার প্রশ্নের উত্তর দিয়েছে। আরও কোনো চিকিৎসা সহায়তার প্রয়োজন হলে আমি আপনার সেবায় নিয়োজিত আছি।"
79574,"হেলো! নাসেনিয়া ডকে আপনাকে স্বাগতম! আপনার উপসর্গগুলো টেনশন টাইপ মাথাব্যথার সাথে সম্পর্কিত হতে পারে। তবে, প্রদাহের মতো অন্যান্য সম্ভাব্য কারণগুলো বাদ দেওয়ার জন্য আমি কিছু পরীক্ষা করার পরামর্শ দেব। এই কারণে একটি কমপ্লিট ব্লাড কাউন্ট, পিসিআর এবং সেডিমেন্টেশন রেট পরীক্ষা করা গুরুত্বপূর্ণ। সার্ভিকাল স্পাইনের এক্স-রে করলে সার্ভিকাল স্পাইনের সম্ভাব্য দীর্ঘস্থায়ী ক্ষয় বাদ দেওয়া সম্ভব হবে। যদি এই সমস্ত পরীক্ষার ফলাফল স্বাভাবিক আসে, তবে আমি সারট্রালিন বা অ্যামিট্রিপটাইলিন দিয়ে চিকিৎসা শুরু করার পরামর্শ দেব। আশা করি এই উত্তরটি আপনার কাজে আসবে! শুভেচ্ছা রইল।"
49072,"হেলো, নাসেনিয়া ডকের সাথে পরামর্শ করার জন্য আপনাকে ধন্যবাদ। আপনি যে ব্যথার কথা বলছেন তা আসলে দাঁতের ব্যথা নয়, এটি কানের নিচে অবস্থিত চোয়ালের জয়েন্টের (টেম্পোরোম্যান্ডিবুলার জয়েন্ট) ব্যথা। সেই কারণেই আপনি চোয়াল খোলার সময় ব্যথা অনুভব করছেন। চিকিৎসার জন্য আপনার একজন ভালো ওরাল মেডিসিন বিশেষজ্ঞের সাথে দেখা করা উচিত, কারণ তিনি জয়েন্টগুলো সঠিকভাবে পরীক্ষা করে চিকিৎসা শুরু করবেন। আশা করি এটি আপনাকে সাহায্য করবে।"
69076,"হেলো, আমাদের সাথে যোগাযোগ করার জন্য ধন্যবাদ। একজন মৃদু হাইড্রেটেড নাসেনিয়া ডক। (i) এটি হতে পারে যে আল্ট্রাসাউন্ড স্ক্যানের সময় আপনার মূত্রাশয় পুরোপুরি পূর্ণ ছিল, যেমন প্রস্রাবে জ্বালাপোড়া, প্রস্রাবের রঙ বিবর্ণ হওয়া বা অতীতে কোনো কিডনি সংক্রমণ। যদি আপনার ডাক্তার শুধুমাত্র সিটি স্ক্যান করে পাথর দেখতে চান, তবে কন্ট্রাস্ট দেওয়ার প্রয়োজন নেই। কন্ট্রাস্ট ছাড়া সিটি স্ক্যানে পাথর ভালোভাবে দেখা যায়। সিটি স্ক্যান করানোর আগে অনুগ্রহ করে আপনার ডাক্তার এবং রেডিওলজিস্টের সাথে এ বিষয়ে আলোচনা করুন। বেশিরভাগ পাথর ক্যালসিয়াম দিয়ে তৈরি এবং কন্ট্রাস্ট ছাড়া সিটি স্ক্যানে সেগুলো উজ্জ্বল দেখায়। এটি রোগ নির্ণয়ের জন্য যথেষ্ট। যদি সংক্রমণের সন্দেহ হয়, তবে প্রস্রাবের কালচার এবং সেনসিটিভিটি পরীক্ষা প্রয়োজন।"
69209,"হেলো, প্রশ্নটি পোস্ট করার জন্য ধন্যবাদ। এটি দাঁত তোলার একটি সেরে যাওয়া জায়গা হতে পারে। আপনি যেমনটি উল্লেখ করেছেন যে এই এলাকায় রক্তপাত এবং ব্যথা রয়েছে, যা সংক্রমণের উপস্থিতি হতে পারে। আমি আপনাকে সংশ্লিষ্ট ডেন্টিস্টের সাথে পরামর্শ করার এবং সাধারণ স্যালাইন ও বেটাডিন দিয়ে দাঁত তোলার জায়গাটি পরিষ্কার করার পরামর্শ দেব। অ্যান্টিবায়োটিক এবং ব্যথানাশক ওষুধের একটি কোর্স সম্পন্ন করুন। বাড়িতে হালকা গরম লবণ পানি এবং অ্যান্টিসেপটিক মাউথওয়াশ দিয়ে কুলকুচি করুন। নিজের যত্ন নিন।"
21078,"প্রিয় রোগী, আপনার ব্যথা কি একটানা নাকি মাঝে মাঝে হয়? যদি মাঝে মাঝে ব্যথা হয় এবং পিঠের দিক থেকে বাম পেটের বাম দিকে ব্যথা হয়, তবে এটি মূলত কিডনিতে পাথরের কারণে হয়। একে কোলিকি পেইন বলা হয়। রোগ নির্ণয়ের জন্য আমি কিডনি, ইউরেটার এবং মূত্রাশয়ের আল্ট্রাসাউন্ড করার পরামর্শ দেব। আপনার নিকটস্থ রেডিওলজি সেন্টারে গিয়ে এটি করিয়ে নিন। ইতিমধ্যে, ৫ দিনের জন্য দিনে দুবার প্যাস্টোরাল প্লাস ট্যাবলেট খাওয়া শুরু করুন। রিপোর্টসহ আপনাকে একজন বিশেষজ্ঞ ইউরোলজিস্টের সাথে পরামর্শ করতে হবে। আপনার জন্য শুভকামনা রইল।"
3825,"হেলো, নাসেনিয়া ডকে আপনাকে স্বাগতম। তৈলাক্ত ত্বক, ব্রণ এবং ব্রণের পরবর্তী পিগমেন্টেশন ভালো ত্বকের যত্নের মাধ্যমে উন্নত করা যেতে পারে। ১. স্যালিসিলিক অ্যাসিড ১-২% যুক্ত ফেসওয়াশ দিয়ে সকাল, বিকেল এবং রাতে মুখ ধুয়ে ফেলুন। এটি তৈলাক্ততা কমাতে, ব্রণ প্রতিরোধ করতে এবং দাগ হালকা করতে সাহায্য করবে। ২. ধোয়ার পরপরই হালকা ভেজা ত্বকে ওয়াটার-বেসড ময়েশ্চারাইজার ব্যবহার করুন। এটি গুরুত্বপূর্ণ কারণ অ্যান্টি-অ্যালার্জিক ত্বকের নিয়মগুলো প্রায়শই নাসেনিয়া ডকের পরামর্শ অনুযায়ী মেনে চলা জরুরি। ভালো ময়েশ্চারযুক্ত ত্বক সংবেদনশীলতা প্রতিরোধ করে এবং দ্রুত ত্বক মেরামত করতে সাহায্য করে। ৩. সকালে এবং বিকেলে সানস্ক্রিন ব্যবহার করুন। জিঙ্ক অক্সাইড এবং টাইটানিয়াম ডাই অক্সাইডযুক্ত একটি পছন্দ যা আপনার ছিদ্র (নন-কমেডোজেনিক) বন্ধ করবে না। এই ধরনের সানস্ক্রিন তৈলাক্ত ত্বকের জন্য উপযুক্ত। সানস্ক্রিন গুরুত্বপূর্ণ কারণ অ্যান্টি-অ্যালার্জিক ওষুধ আপনার ত্বককে সূর্যের আলোর প্রতি সংবেদনশীল করে তুলতে পারে, যা রোদে পোড়ার সম্ভাবনা বাড়িয়ে দেয়। ৪. আপনার জল-ভিত্তিক ময়েশ্চারাইজার ব্যবহারের পর প্রতিদিন রাতে ডিরলেন + বেনজয়েল পারক্সাইড জেল বা স্টেবল রিলিজ ফর্মুলেশন ব্যবহার করুন। শুধুমাত্র ব্রণের আক্রান্ত স্থানে খুব পাতলা স্তর লাগান। চোখের পাতা এবং মুখের কোণ এড়িয়ে চলুন। এটি আপনার দৈনন্দিন নিয়ন্ত্রণের সবচেয়ে গুরুত্বপূর্ণ অংশ। এক মাস এই নিয়মগুলো মেনে চলুন। যদি ইমপ্র ওভমেন্ট হয়, তবে ত্বক পুরোপুরি পরিষ্কার না হওয়া পর্যন্ত এটি চালিয়ে যান। যদি এক মাস পরেও কোনো উন্নতি না হয়, তবে আপনার প্রেসক্রিপশন"
74561,"হেলো, আপনার প্রশ্নটি পোস্ট করার জন্য ধন্যবাদ। ওজন বৃদ্ধি অতিরিক্ত খাওয়া বা কম ব্যায়ামের সাথে সম্পর্কিত। মাল্টিপল স্ক্লেরোসিস (এমএস)-এর ক্ষেত্রে, এটি ওজন বৃদ্ধির কারণ হতে পারে। প্রথমত, এমএস-এর তীব্র পর্বের চিকিৎসার জন্য ব্যবহৃত স্টেরয়েড ওজন বাড়াতে পারে। দ্বিতীয়ত, এমএস-এর কারণে পায়ের দুর্বলতা এবং ক্লান্তি হতে পারে, যা ব্যায়াম করার ক্ষমতা কমিয়ে দিতে পারে। সাধারণত, এমএস রোগীদের ক্ষেত্রে এবং যাদের এমএস নেই তাদের ক্ষেত্রে ওজন কমানোর পদক্ষেপ একই। আপনার যদি আরও কোনো তথ্যের প্রয়োজন হয়, তবে অনুগ্রহ করে জানাবেন। শুভকামনা, নাসেনিয়া ডক।"
28647,"হেলো, নাসেনিয়া ডকে আপনাকে স্বাগতম। আপনার গর্ভধারণের প্রধান বাধা হলো ডিম্বস্ফোটন (প্রতি মাসে ডিম্বাণু তৈরি হয় না)। যদি অতীতে ফেরি/মোল্ডোভা ট্যাবলেট (ট্যাবলেট সেবনের সময় ২৮-৩০ দিনের নিয়মিত সময় নির্দেশ করে) ব্যবহারের ফলে ৬ বারের বেশি ডিম্বস্ফোটন হয়ে থাকে, তবে কারণ জানতে এবং তা ঠিক করতে ল্যাপারোস্কোপি করা ভালো। যদি এটি না ঘটে বা ৬ বারের কম হয়, তবে আপনি ট্যাবলেট চালিয়ে যেতে পারেন। যদি নির্দিষ্ট মাত্রায় ডিম্বস্ফোটন না হয়, তবে ডিম্বস্ফোটন ঘটানোর জন্য ট্যাবলেটের মাত্রা বাড়ানো যেতে পারে। আপনি যে ইতিহাস বর্ণনা করেছেন, শুধুমাত্র ওভুলেশন ইনডাকশন ট্যাবলেট (ফেরি/মোল্ডোভা) ব্যবহার করলে গর্ভধারণ সহজ হবে। আশা করি এটি আপনাকে সাহায্য করবে। শুভেচ্ছা।"
102625,"হেলো, আপনার স্বাস্থ্য সংক্রান্ত উদ্বেগ নিয়ে আমাদের কাছে লেখার জন্য ধন্যবাদ। আপনি যদি দুটি পিল মিস করেন এবং একসাথে খেয়ে থাকেন, তবে তা আপনাকে সুরক্ষিত রাখে। যদি আপনি পিল ব্যবহারের সাথে সামঞ্জস্যপূর্ণ হন, অন্যথায় চিন্তা করবেন না, আপনি এখনও সুরক্ষিত আছেন। আমি আপনাকে একটি ইসিপি (ECP) নিতে বলতাম, তবে সেই বিকল্পের জন্য আপনি নির্ধারিত সময়সীমার মধ্যে নেই। এই মুহূর্তে, সিগারেটের বাকি পিল প্যাকটি স্বাভাবিক হিসেবে চালিয়ে যান। সিগারেট সেবনকারী নারীরা প্রায়শই অল্প মাসিক রক্তপাত বা সঠিক সময়ের অনুপস্থিতি অনুভব করেন। অনিরাপদ যৌন মিলনের ৩ সপ্তাহ পর প্রেগন্যান্সি টেস্ট করা বুদ্ধিমানের কাজ হবে। কোনো অবস্থাতেই পিল খাওয়া বন্ধ করবেন না এবং চিন্তা করবেন না। নিজের যত্ন নেবেন।"
35686,"হেলো, আপনার হাতের সমস্যাটি আপনার ঘাড়ের সমস্যার কারণে হতে পারে, কারণ আপনার স্নায়ু শরীরের নিচের অংশে রক্ত সরবরাহ করে। তবে, ঘাড়ের উপরের অংশগুলো ঘাড়ের অঞ্চলে স্নায়ুর কারণে হয় না, তবে যদি ঘাড়ের সমস্যাটি হৃদপিণ্ড থেকে মাথা পর্যন্ত বড় রক্তনালীগুলোকেও প্রভাবিত করে, তবে তা লক্ষণগুলোর কারণ হতে পারে। উভয় ক্যারোটিড ধমনীর একটি সিটি এনজিওগ্রাম করান, এটি রোগ নির্ণয় করতে পারে এবং শেষ পর্যন্ত এই সমস্যা সমাধানের প্রক্রিয়া শুরু করতে পারে। ফলাফল সম্পর্কে আমাদের মতামত দিতে দ্বিধা করবেন না। ধন্যবাদ।"
5556,"হেলো, যেহেতু আপনাকে হেয়ারলাইন ফ্র্যাকচারের কারণে বিশ্রাম নেওয়ার পরামর্শ দেওয়া হয়েছে, তাই আমি বলব অনুগ্রহ করে উচ্চ গতিতে হাঁটা এড়িয়ে চলুন। আঘাতপ্রাপ্ত অঙ্গের ওপর কম ওজন নিয়ে ধীরে ধীরে হাঁটা এখনও সম্ভব। যেহেতু পূর্ণ ওজন বহন করে দ্রুত হাঁটা পেশিতে ব্যথা এবং লিগামেন্ট ও হাড়ের ক্ষতি করবে, তাই হাড় সেরে গেলে সামগ্রিক অবস্থার উন্নতির জন্য সঠিক নির্দেশনা অনুযায়ী ব্যায়াম শুরু করা উচিত। আশা করি আমি আপনার প্রশ্নের উত্তর দিতে পেরেছি। আমি আপনাকে আরও কোনোভাবে সাহায্য করতে পারি কিনা তা জানাবেন। জে ইন নাসেনিয়া ডক।"
49380,"নাসেনিয়া ডকে আপনাকে স্বাগতম। আপনার অনুসন্ধানের জন্য ধন্যবাদ। যদি পিত্তথলিতে পাথর থাকার কোনো লক্ষণ না থাকে, তবে অস্ত্রোপচারের প্রয়োজন নেই। তার দুর্বলতা ডায়াবেটিস, ডায়াবেটিক নিউরোপ্যাথি বা নেফ্রোপ্যাথির মতো জটিলতা হতে পারে। হঠাৎ রক্তচাপ কমে যাওয়া অটোনমিক নিউরোপ্যাথির একটি বৈশিষ্ট্য, যা ডায়াবেটিসেরও একটি বৈশিষ্ট্য। একই সমস্যার কারণে অন্ত্রের অভ্যাসে পরিবর্তন আসতে পারে। অন্ত্রে অস্বস্তির সম্ভাবনা থাকলেও নাসেনিয়া ডক। তাই ডায়াবেটিসের সব জটিলতা বাদ দেওয়া প্রয়োজন। এগুলো বাদ দেওয়ার জন্য শারীরিক পরীক্ষা এবং কিছু উচ্চতা পরীক্ষা করা প্রয়োজন। নিজের যত্ন নেবেন।"
46732,"হেলো! অনুসন্ধানের জন্য ধন্যবাদ। আপনি যেমনটি উল্লেখ করেছেন, পেটের ডানদিকের ব্যথা সবসময় অ্যাপেন্ডিসাইটিসের সাথে পরীক্ষা করা উচিত। আর অ্যাপেন্ডিসাইটিস নির্ণয় করা নরকের মতো কঠিন। আজকাল সিটি স্ক্যান এবং এমআরআই-এর প্রান্তে আমরা এখনও অস্ত্রোপচার ছাড়া অ্যাপেন্ডিসাইটিস নিয়ন্ত্রণের কোনো উপায় খুঁজে পাচ্ছি না। তাই যদি আপনার পেটের আল্ট্রাসাউন্ডে কোনো অ্যাপেন্ডিক্স পাওয়া না যায়, তবে এর মানে এই নয় যে আপনি অ্যাপেন্ডিসাইটিসে ভুগছেন না। এর মানে হলো ডাক্তার এটি খুঁজে পাচ্ছেন না। হাসপাতালে ভর্তির সময় যদি আপনাকে অ্যান্টিবায়োটিক দিয়ে চিকিৎসা করা হয়ে থাকে, তবে এই অ্যান্টিবায়োটিকটি কিছু সময়ের জন্য আপনার অ্যাপেন্ডিসাইটিসের চিকিৎসা করার সম্ভাবনা থাকে। ৫০% অ্যাপেন্ডিসাইটিসের ক্ষেত্রে অ্যান্টিবায়োটিক থেরাপি ইতিবাচক সাড়া দেয়। তবে এটি স্থায়ীভাবে অ্যাপেন্ডিসাইটিসের চিকিৎসা করে না। সুতরাং উপসংহার হলো, যদি আপনার ব্যথার অন্যান্য সম্ভাব্য কারণগুলো বাদ দেওয়া হয় এবং ব্যথা না কমে বা ব্যথা বারবার ফিরে আসে, তবে অ্যাপেন্ডিক্স অপসারণের জন্য অস্ত্রোপচারের সময় আছে। আমি অন্যান্য রোগগুলো বুঝতে পারছি।"
91071,"হেলো। গর্ভধারণের জন্য প্রভাবশালী ফলিকল ১৮ থেকে ২০ মিমি আকারে পৌঁছাতে হবে। আমাদের আল্ট্রাসাউন্ড রিপোর্টে আপনার ফলিকলের আকার mm বা cm উল্লেখ করা হয়েছে। আপনার ইএসটি (EST) ৬ মিমি, যা স্বাভাবিক। যদি আপনার ফলিকলের আকার সেমি হয়, তবে এটি সঠিক ফলিকলের আকার এবং গর্ভধারণের সম্ভাবনা খুবই বেশি। যদি এটি ১৮ থেকে ২০ মিমি হয়, তবে ফলিকল ফেটে যাওয়ার জন্য আপনি ৫০০০ ইউনিট নাসেনিয়া ডক নিতে পারেন এবং ৫ দিন প্রতিদিন মিলন করতে পারেন। আপনার জন্য শুভকামনা রইল এবং নিজের যত্ন নেবেন।"
82285,"হেলো, নাসেনিয়া ডককে জিজ্ঞাসা করার জন্য ধন্যবাদ। আমি আপনার সমস্যাটি বুঝতে পারছি, এটি এমন একটি পর্যায় যা প্রতিটি মানুষের জীবনেই আসার সম্ভাবনা থাকে, তবে আত্মবিশ্বাস ও নৈতিকতা হারিয়ে শান্ত ও নিশ্চিন্ত মনের সাথে এর মোকাবিলা করা উচিত। আপনার মানসিক চাপ কম রাখুন, নেতিবাচক চিন্তা করা বন্ধ করুন, আপনার আত্মবিশ্বাস ফিরিয়ে আনুন, পর্যাপ্ত ঘুমান, স্বাস্থ্যকর খাবার খান এবং স্বাস্থ্যকর চিন্তা করুন। এই তথ্যটি আপনাকে সাহায্য করতে পারে।"
35842,"হেলো, কারো সাথে কথা বলার ক্ষেত্রে উদ্বেগ এবং মানসিক চাপের সমস্যা রয়েছে। আপনি সঠিকভাবে কথা বলতে পারছেন না। এটি উল্লেখযোগ্য কষ্টের কারণ হচ্ছে এবং আপনি মানুষকে এড়িয়ে চলতে শুরু করেছেন। এই সমস্যার কারণে বেশিরভাগ সময় আপনাকে বাড়িতে একা থাকতে হয়। প্রাপ্ত ইতিহাস থেকে আমি এই সিদ্ধান্তে আসতে পারি যে সম্ভবত আপনার সোশ্যাল ফোবিয়া ডিসঅর্ডার হয়েছে। এটি এক ধরনের উদ্বেগজনিত ব্যাধি এবং এতে আক্রান্ত ব্যক্তিদের কথা বলতে অসুবিধা হয় এবং তারা জনসমক্ষে বা উপস্থাপনায় কথা বলতে পারে না। গুরুতর ক্ষেত্রে, তারা বিব্রত হওয়ার ভয়ে বাড়ির বাইরে যেতে পারে না। এই ব্যাধি ব্যবস্থাপনার জন্য একজন মনোরোগ বিশেষজ্ঞের পরামর্শ নিন। সারট্রালিন, এসসিটালোপ্রাম, ফ্লুওক্সেটিন ইত্যাদির মতো এসএসআরআই (SSRI) অ্যান্টি-ডিপ্রেসেন্ট সাধারণত এই ব্যাধিতে ব্যবহৃত হয়। প্রোপানোললের মতো অন্যান্য ওষুধও উপকারী। এটি নাসেনিয়া ডক। একজন মনোবিজ্ঞানীর মাধ্যমে আচরণগত থেরাপি এবং কঠোর প্রশিক্ষণও চিকিৎসার পদ্ধতি হিসেবে ব্যবহৃত হয়। ধন্যবাদ, আশা করি এটি আপনাকে সাহায্য করবে।"
42730,"নাসেনিয়া ডকে আপনার প্রশ্নের জন্য ধন্যবাদ। আমি আপনার উদ্বেগ বুঝতে পারছি। প্রথমত, ফুসফুসের ক্যান্সার এবং খাদ্যনালীর বিস্তার নিয়ে চিন্তা করবেন না, কারণ আপনার বয়সে ধূমপানের অভ্যাস না থাকলে ফুসফুসের ক্যান্সারের সম্ভাবনা খুবই কম। তাই ফুসফুসের ক্যান্সার নিয়ে চিন্তা করবেন না। অল্প বয়সী ব্যক্তিদের শ্বাসকষ্ট এবং বুকে ব্যথা সাধারণত হাঁপানির কারণে হয়ে থাকে। তাই একজন পালমোনোলজিস্টের (ফুসফুস বিশেষজ্ঞ) সাথে পরামর্শ করা এবং শ্বাসযন্ত্রের ক্লিনিকাল পরীক্ষা, বুকের এক্স-রে এবং পিএফটি (পালমোনারি ফাংশন টেস্ট) করানো ভালো। যদি বুকের এক্স-রে স্বাভাবিক থাকে, তবে ফুসফুসের ক্যান্সার নিয়ে চিন্তার কিছু নেই। হাঁপানি নির্ণয়ের জন্য পিএফটি অপরিহার্য। চিন্তা করবেন না, ইনহেলড ব্রঙ্কোডাইলেটর এবং ইনহেলড কর্টিকোস্টেরয়েডের মাধ্যমে আপনি সুস্থ হয়ে উঠবেন। আশা করি আমি আপনার প্রশ্নের সমাধান করতে পেরেছি। আপনাকে আরও সাহায্য করতে পারলে আমি খুশি হব। আপনার সুস্বাস্থ্য কামনা করি। ধন্যবাদ।"
43888,"হেলো, আপনার সংক্ষিপ্ত ইতিহাস প্রদানের জন্য ধন্যবাদ। একটি পুঙ্খানুপুঙ্খ ক্লিনিকাল মাস্কুলোস্কেলিটাল মূল্যায়ন করার পরামর্শ দেওয়া হচ্ছে। যেহেতু আপনি ৬ ফুট উচ্চতা থেকে পড়ে গিয়েছিলেন, তাই আপনার পেশীতে আঘাত লেগেছে এবং এর জন্য একটি পুঙ্খানুপুঙ্খ মূল্যায়ন প্রয়োজন। এছাড়া, বসে থাকা এবং ঝুঁকে থাকার সময় যখন আপনার ব্যথা হয়, তখন এটি পড়ে যাওয়ার পরবর্তী সমস্যা হতে পারে যা সেরে উঠতে সময় লাগবে এবং ওষুধ আপনাকে ব্যথা কমাতে সাহায্য করতে পারে। যদি ক্লিনিকাল পরীক্ষার সময় হাড়ের কোনো আঘাত ধরা পড়ে, তবে এক্স-রে করার অনুরোধ করা হতে পারে এবং সেই অনুযায়ী চিকিৎসার পরিকল্পনা করা হবে। শুভেচ্ছা, জে ইন নাসেনিয়া ডক।"
27843,"হেলো, আপনার প্রশ্নটি পড়েছি এবং আপনার কষ্ট বুঝতে পেরেছি। টেম্পোরোম্যান্ডিবুলার জয়েন্ট ডিসঅর্ডার সাধারণত খাওয়া এবং নাসেনিয়া ডকের সমস্যার সাথে সম্পর্কিত। আমি আপনাকে পরামর্শ দেব যত দ্রুত সম্ভব একজন ওরাল সার্জনের সাথে দেখা করুন এবং পরবর্তী জটিলতা এড়াতে দ্রুত চিকিৎসা নিন। আমি ব্যথা কমানোর জন্য কয়েকটি সম্ভাবনার কথা পরামর্শ দিচ্ছি, যেমন। আপনি যদি নরম খাবার খান এবং আঠালো খাবার এড়িয়ে চলেন। খাবার তোলার সময় বা খাওয়ার সময় চোয়ালের অতিরিক্ত নড়াচড়া এড়িয়ে চলুন। মুখের পাশে গরম, আর্দ্র তাপ বা বরফ সেঁক দিলে ব্যথা উপশম হতে পারে। আশা করি এটি আপনার প্রশ্নের উত্তর দিয়েছে। আপনার যদি আরও কোনো প্রশ্ন বা ফলো-আপ জিজ্ঞাসা থাকে, তবে আমাদের লিখতে দ্বিধা করবেন না। ধন্যবাদ এবং শুভেচ্ছা।"
43600,"হেলো, নাসেনিয়া ডকে আপনার প্রশ্নের জন্য ধন্যবাদ। সার্ভিকাল স্পাইন সম্পর্কিত সমস্যাগুলো সাধারণত লাম্বার স্পাইনের সমস্যার চেয়ে বেশি নিয়ন্ত্রণযোগ্য। যদি আপনার ব্যথা নিয়ন্ত্রণ করা যায় এবং আপনার দৈনন্দিন রুটিনে কোনো ব্যাঘাত না ঘটে, তবে আমার মনে হয় আপনি অপেক্ষা করতে পারেন। আমি আপনাকে ধাপে ধাপে ফিজিওথেরাপি, আইসোমেট্রিক সার্ভিকাল ব্যায়াম এবং ব্যথানাশক ওষুধ ব্যবহারের পরামর্শ দিচ্ছি। ইনজেকশন ইনজেকশনও যথেষ্ট আরাম দিতে পারে। মেরুদণ্ডের ব্যথার মইতে অস্ত্রোপচারের পর্যায়ে পৌঁছানোর আগে আপনাকে অনেক পদক্ষেপ নিতে হবে। অস্ত্রোপচারই শেষ অবলম্বন হওয়া উচিত। আপনার এমআরআই রিপোর্টে এটি নিয়ন্ত্রণযোগ্য বলে মনে হচ্ছে। কোনো দুর্বলতা, অসহ্য ব্যথা, পদক্ষেপের প্রতি কোনো প্রতিক্রিয়া এবং ভারসাম্যজনিত সমস্যার ক্ষেত্রে জরুরি অস্ত্রোপচারের পরামর্শ দেওয়া হবে। আশা করি এটি আপনাকে সাহায্য করবে। আপনার জন্য শুভকামনা রইল। শুভেচ্ছা। নাসেনিয়া ডক।"
104256,"নাসেনিয়া ডকে আপনার প্রশ্নের জন্য ধন্যবাদ। আমি আপনার পরিস্থিতি এবং সমস্যাটি বুঝতে পারছি। হৃদরোগ ছাড়াও এই ধরনের হঠাৎ বুকে ব্যথা ১. পেশীর টান বা সংকোচন। ২. পাঁজরের সংকোচন। উভয়ই অস্বস্তিকর বসার ভঙ্গির কারণে হতে পারে। তাই আপনার অস্বস্তিকর বসার ভঙ্গিই আপনাকে ব্যথা দিচ্ছে। যেহেতু অ্যাসপিরিনে ব্যথানাশক ওষুধও রয়েছে, তাই এটি আপনার ব্যথা কমাতে সাহায্য করে, যা পেশীজনিত সমস্যার দিকেই বেশি ইঙ্গিত করে। তবে হৃদরোগের সম্ভাবনা নাকচ করার জন্য আমি এখনও ইসিজি (ECG) করার পরামর্শ দিচ্ছি। যেহেতু আপনার হৃদরোগের ঝুঁকি রয়েছে, যেমন ৫৫ বছরের বেশি বয়স, নারী লিঙ্গ ইত্যাদি।"
68773,"নাসেনিয়া ডকে আপনাকে স্বাগতম। পিঠের ব্যথা পেশীজনিত কারণে হতে পারে, যদিও মেরুদণ্ডের নার্ভ রুট সংকোচন আছে কিনা তা নিশ্চিত হওয়া প্রয়োজন। ফ্যাটি লিভারের কারণে ডানদিকের উপকোস্টাল এলাকা এবং হাইপেরিয়নে মাঝারি ধরনের ব্যথা হতে পারে। লিভারের সমস্যার ব্যবস্থাপনার মধ্যে জীবনযাত্রার পরিবর্তন অন্তর্ভুক্ত থাকবে, যেমন প্রচুর ফল ও শাকসবজিসহ কম চর্বিযুক্ত খাবার গ্রহণ করা। প্রতিদিন ৪৫ মিনিট দ্রুত হাঁটার মতো নিয়মিত ব্যায়াম সাহায্য করবে। পিঠের ব্যথার পরীক্ষা ও চিকিৎসা প্রয়োজন, আইবুপ্রোফেনের মতো এনএসএআইডি (NSAIDs) ব্যবহার করা আপনার ডাক্তারের সাথে দেখা করা পর্যন্ত সাহায্য করবে।"
3419,"হেলো, সমস্যা সমাধানে আপনাকে সাহায্য করতে পেরে আমি আনন্দিত। প্রথমত, প্রোটিনযুক্ত স্বাস্থ্যকর খাবার গ্রহণ করুন। আপনি ভিটামিন এবং অ্যান্টিঅক্সিডেন্ট সমৃদ্ধ সাপ্লিমেন্টও নিতে পারেন। সপ্তাহে অন্তত দুবার চুল ধুয়ে ফেলুন যাতে আপনার মাথার ত্বক পরিষ্কার থাকে। আপনি যদি কন্ডিশনার ব্যবহার করেন তবে তা মাথার ত্বকে লাগাবেন না। মনকে শিথিল করার জন্য কিছু যোগব্যায়াম করার চেষ্টা করুন, কারণ এটি আপনার শারীরিক স্বাস্থ্যের ওপর ইতিবাচক প্রভাব ফেলবে। আশা করি এটি আপনাকে সাহায্য করবে। ভালো থাকবেন।"
31978,"আপনার ছেলের খিঁচুনির সমস্যা হচ্ছে। এটি বিভিন্ন কারণে হতে পারে। সঠিক ওষুধের মাধ্যমে এটি নিয়ন্ত্রণ করা সম্ভব। আমি আপনাকে অবিলম্বে একজন নিউরোলজিস্টের সাথে পরামর্শ করার পরামর্শ দেব, যিনি আপনার সন্তানকে পরীক্ষা করবেন এবং নির্দেশিত অ্যান্টি-কনভালসিভ ওষুধ দেবেন, যা এই পরিস্থিতি নিয়ন্ত্রণে সাহায্য করবে। আপনার সন্তানের নিরাপত্তা নিশ্চিত করার জন্য কিছু সতর্কতা অবলম্বন করা উচিত- ১. খিঁচুনির কারণগুলো খুঁজে বের করার চেষ্টা করুন। সম্ভব হলে সেগুলো এড়িয়ে চলুন। ২. পুল, সিঁড়ি, বিদ্যুতের উৎস বা তাপ, ট্রাফিক ইত্যাদির মতো উচ্চ আঘাতের ঝুঁকি রয়েছে এমন জায়গা এড়িয়ে চলুন। যদি এড়িয়ে চলা সম্ভব না হয়, তবে আপনার সন্তানকে এমন জায়গায় থাকার সময় পর্যবেক্ষণে রাখুন। ৩. এমনকি বাথরুমে যাওয়ার সময়ও আপনার ছেলেকে কখনোই লক করতে দেবেন না। তাকে দরজা খোলা রাখতে বলুন। ৪. একবার একজন ডাক্তারের সাথে দেখা করুন এবং সমস্যার সমস্ত দিক বিশ্লেষণ করার পর, আপনার ছেলের শিক্ষক, প্রশিক্ষক, কেয়ারটেকার ইত্যাদির সাথে সতর্কতা ও ব্যবস্থাপনা নিয়ে আলোচনা করুন।"
84226,"হেলো। নাসেনিয়া ডকে আপনাকে স্বাগতম। আমি আপনার প্রশ্নটি দেখেছি এবং আপনার উদ্বেগ বুঝতে পারছি। আপনার অভিযোগ অনুযায়ী, ব্রিজটি ভেঙে গেছে এবং যে দাঁতের ওপর ব্রিজটি সিমেন্ট করা হয়েছিল সেখানে যদি কোনো ব্যথা না থাকে, তবে সমস্ত দাঁতে রুট ক্যানেল চিকিৎসা পুনরায় করার বিষয়টি কিছুটা প্রশ্নবিদ্ধ বলে মনে হচ্ছে। আমি আপনাকে আরও ভালোভাবে পরামর্শ দেওয়ার জন্য এই অঞ্চলের এক্স-রে করাতে চাই, কারণ শুধুমাত্র আমি নিশ্চিত হতে পারব যে রুট ক্যানেল চিকিৎসার প্রয়োজন আছে কি না। আপনি একজন এন্ডোডনটিস্টের পরামর্শও নিতে পারেন, যিনি এক্স-রে করে আপনাকে কী করতে হবে তা পরামর্শ দিতে পারবেন। দাঁতের রুট ক্যানেল চিকিৎসার প্রয়োজন আছে কি না তা নিশ্চিত হওয়ার পরেই ব্রিজটি প্রতিস্থাপন করা যেতে পারে। সামনের ৬টি দাঁতের ক্ষেত্রে, যা অপসারণযোগ্য বলে মনে হচ্ছে, সেগুলোর ওপর স্থায়ী ব্রিজ কেবল তখনই স্থাপন করা যেতে পারে যদি অবশিষ্ট দাঁতগুলোর ওপর ব্রিজটি সিমেন্ট করা হয়, যাতে সেগুলো ভালো অবস্থায় থাকে কি না, কারণ সেগুলোর হাড়ের সাপোর্ট থাকে কি না, যাতে সেগুলো শক্তি সহ্য করতে পারে। ক্লিনিকাল মূল্যায়নের মাধ্যমে এটি নিশ্চিত করা সম্ভব এবং দাঁতের জন্য একটি এক্স-রে করা প্রয়োজন। একটি সঠিকভাবে তৈরি ব্রিজ যা দাঁতের ওপর সিমেন্ট করা হয় এবং হাড়ের সরবরাহ ভালো থাকে, তা দীর্ঘ জীবন পাবে এবং বসানোর পর কোনো সমস্যা হবে না। আপনি যদি চিকিৎসার বিষয়ে সঠিক পরামর্শ পেতে চান, তবে আপনি সরাসরি আমার প্রোফাইলে গিয়ে এক্স-রেসহ আপনার প্রশ্নটি লিখতে পারেন, যাতে আমি আপনাকে সঠিক পরামর্শ দিতে পারি যাতে আপনি সঠিকভাবে চিকিৎসা করতে পারেন। আশা করি এই তথ্যটি আপনার উপকারে আসবে। আপনি যদি উত্তরটি সহায়ক মনে করেন, তবে অনুগ্রহ করে আমাকে ফাইভ-স্টার রিভিউ দিন এবং কৃতজ্ঞতাস্বরূপ 'ফাউন্ড দ্য অ্যানসার হেল্পফুল"
13730,"হেলো প্রিয়, আমি আপনার প্রশ্নটি দেখেছি এবং আপনার উদ্বেগগুলো বুঝতে পেরেছি। গর্ভাবস্থার শুরুর দিকে পেটে আঘাত পেলে গর্ভপাত হতে পারে। গর্ভপাত বা কোরিওনিক রক্তক্ষরণের ক্ষেত্রে স্পটিং বা রক্তপাত হতে পারে। রোগ নির্ণয় নিশ্চিত করতে এবং উপযুক্ত চিকিৎসার জন্য তার একটি ট্রান্সভ্যাজাইনাল আল্ট্রাসাউন্ড করা উচিত। এই প্রাথমিক গর্ভাবস্থায় আঘাত পেলে ভ্রূণের মানসিক আঘাত হয় না। আশা করি উত্তরটি আপনার জন্য সহায়ক হয়েছে। শুভেচ্ছা, নাসেনিয়া ডক।"
12549,"হেলো প্রিয়!! নাসেনিয়া ডকে আপনার অনুসন্ধানের জন্য ধন্যবাদ। আপনার অনুসন্ধান এবং স্বাস্থ্য সংক্রান্ত উদ্বেগগুলো পড়েছি এবং পর্যালোচনা করেছি। আপনার বর্তমান পরিস্থিতিতে, মনে হচ্ছে আপনি অ্যাডেনয়েড এবং সাইনোসাইটিসসহ সাইনোসাইটিসে ভুগছেন। তবে এটি হাঁপানি নয়। আপনার সমস্যার সমাধানের জন্য একজন ইএনটি (ENT) সার্জনের পরামর্শ এবং চিকিৎসকদের একটি দলের মাধ্যমে জিইআরডি (GERD)/আইবিএস (IBS) সম্পর্কিত অন্যান্য কারণগুলো বাদ দেওয়া প্রয়োজন। আশা করি এটি আপনাকে আপনার এই জটিল অসুস্থতার পরবর্তী পরিকল্পনা করতে সাহায্য করবে। প্রয়োজনে, নিচের নাসেনিয়া ডক লিঙ্কে নিচের নাসেনিয়া ডক লিঙ্কে- প্রিয়, যদি সন্তুষ্ট হন, তবে আপনার মতো জরুরি রোগীদের মনোবল বাড়াতে এবং এই উত্তর ও পরিষেবাকে রেট দেওয়ার জন্য আপনার সুন্দর মতামত দিয়ে এই অনুসন্ধানটি বন্ধ করতে ভুলবেন না। আপনি যদি আরও বিস্তারিত জানাতে চান এবং আরও প্রশ্ন করতে চান, তবে আপনাকে এখানে স্বাগত জানাই! দিনটি ভালো কাটুক!! ভবিষ্যতে সুস্বাস্থ্য কামনা করছি!"
31803,"হেলো, এই ধরনের ব্যথা নিচের কারণগুলোর জন্য হতে পারে, যা নিচে দেওয়া হলো। * ত্বকের আঘাত-অতিরিক্ত ব্যায়াম-ডায়াবেটিস-থাইরয়েড ডিসঅর্ডার-ভিটামিন বি কমপ্লেক্সের ঘাটতি। যদি আপনি ঘন ঘন এই সমস্যার সম্মুখীন হন, তবে আপনার ডাক্তারের সাথে পরামর্শ করা উচিত এবং নিজেকে পরীক্ষা করানো উচিত। ততক্ষণ পর্যন্ত, আপনি অ্যাডভিল বা অ্যাসপিরিনের মতো মৃদু ব্যথানাশক ওষুধের সাথে একটি মাল্টিভিটামিন প্রস্তুতি নিতে পারেন। আশা করি আমি আপনার প্রশ্নের উত্তর দিতে পেরেছি। আমি আপনাকে আরও কোনোভাবে সাহায্য করতে পারি কিনা তা জানাবেন।"
73084,"হেলো, ইতিহাস থেকে আমি যা বুঝতে পেরেছি তা হলো, ছোট আঙুলে এই ঝিঁঝিঁ ধরা, অসাড়তা সার্ভিকাল অঞ্চলে স্নায়ুর ওপর চাপের ইঙ্গিত দেয়। স্নায়ু দুটি কাজ করে - মোটর এবং সেন্সরি। মোটর ফাংশন পেশীর নড়াচড়ার সাথে সম্পর্কিত এবং সেন্সরি ফাংশন এর সাথে সম্পর্কিত - ব্যথা, স্পর্শ, ঝিঁঝিঁ ধরা, অসাড়তা এবং তাপমাত্রা। আপনার ক্ষেত্রে, এটি সেন্সরি এবং মোটর উভয়কেই বিরক্ত করছে। একটি এমআরআই (MRI) সার্ভিকাল মেরুদণ্ডে সফট টিস্যু ইনজুরির মাত্রা এবং মাত্রা বুঝতে সাহায্য করবে। একজন নির্দেশিত ফিজিওথেরাপিস্টের অধীনে কোনো ব্যায়াম থেরাপি নিলে আপনি চমৎকার ফলাফল পাবেন। আমার ১২ বছরের অনুশীলনে, একটি ভালো রোগ নির্ণয় এবং ব্যবস্থাপনা মানুষকে সুস্থ হতে সাহায্য করেছে এবং চমৎকার ফলাফল পাওয়া গেছে। আশা করি আমি আপনার প্রশ্নের উত্তর দিতে পেরেছি। আমি আপনাকে আরও কোনোভাবে সাহায্য করতে পারি কিনা তা জানাবেন। জে ইন নাসেনিয়া ডক।"
72254,"হেলো এবং নাসেনিয়া ডকে আপনাকে স্বাগতম। আপনার অনুসন্ধানের জন্য ধন্যবাদ। আমি নাসেনিয়া ডক এবং আমি আপনাকে যথাসাধ্য সাহায্য করার চেষ্টা করব। পিত্তথলির পাথর অপসারণ করা সম্ভব, তবে এটি সাধারণ নয় এবং সাধারণত এগুলো পিত্তথলিতে থাকে, বৃদ্ধি পায় এবং ভবিষ্যতে উপসর্গ সৃষ্টি করতে পারে। তাই আমরা পিত্তথলি অস্ত্রোপচারের মাধ্যমে অপসারণের পরামর্শ দিই, যা বর্তমানে বেশিরভাগ ক্ষেত্রে ল্যাপারোস্কোপিক পদ্ধতিতে করা সম্ভব। আপনি অপেক্ষা করে দেখার সিদ্ধান্ত নিতে পারেন, তবে সেক্ষেত্রে পিত্তথলির প্রদাহের ঝুঁকি থাকে। আশা করি আমি আপনার প্রশ্নের উত্তর দিতে পেরেছি। আপনার যদি আরও কোনো প্রশ্ন থাকে তবে আপনি আমাদের সাথে যোগাযোগ করতে পারেন। আন্তরিক শুভেচ্ছা। আপনার সুস্বাস্থ্য কামনা করি।"
98077,"হেলো, নাসেনিয়া ডকে লেখার জন্য ধন্যবাদ। আপনার সিটি স্ক্যানে মস্তিষ্কে একটি এয়ার পকেট দেখা গেছে- যা নিউমোসেফালাস নামেও পরিচিত। এর সবচেয়ে সাধারণ কারণ হলো আঘাত- যেমন আপনার ক্ষেত্রে এবং নিউরোসার্জারি। এটি তখন ঘটে যখন মাথার খুলি বা প্যারা-নাসাল সাইনাসের কোনো ফাটল থাকে এবং বাইরের বাতাস মস্তিষ্কের গহ্বরে প্রবেশ করে। এটি সাধারণত গুরুতর হয় না, যদি না টেনশন নিউমোসেফালাস নামক কোনো সমস্যা দেখা দেয় (মস্তিষ্কে চাপ বৃদ্ধির লক্ষণ)। অন্যথায়, বেশিরভাগ রোগীর ক্ষেত্রে এটি উপসর্গহীন থাকে এবং বায়ু ধীরে ধীরে বেরিয়ে আসে। আশা করি আমি আপনার প্রশ্নের উত্তর দিতে পেরেছি। আপনার আরও কোনো প্রশ্ন থাকলে লিখুন। আপনার দ্রুত আরোগ্য কামনা করছি।"
96905,"প্রিয় মহোদয়/মহোদয়া, আপনার প্রশ্নটি দেখেছি এবং আপনার উপসর্গগুলো পড়েছি। আমার মতে, আপনার উপসর্গগুলো মনোযোগের দাবি রাখে, কারণ এগুলো এক্সটেনসর টেন্ডন টেনোসাইনোভাইটিস বা মেটাকার্পালের সংক্রমণের কারণে হতে পারে, যার জন্য আপনার এক্স-রেও প্রয়োজন হবে। এটি বেশিরভাগ ক্ষেত্রেই নিরাময়যোগ্য এবং আপনাকে কেবল নিজের যত্ন নিতে হবে এবং একজন হ্যান্ড সার্জনের পরামর্শ নিতে হবে। আশা করি এটি আপনার প্রশ্নের উত্তর দিয়েছে। আপনার যদি আরও কোনো স্পষ্টীকরণের প্রয়োজন হয়, তবে আমার সাথে পুনরায় যোগাযোগ করুন। নাসেনিয়া ডক।"
107470,"হেলো, যদিও ক্লোনিডিন উচ্চ রক্তচাপের একটি ওষুধ, যা স্প্যাস্টিসিটি কমাতেও সাহায্য করতে পারে, তবে এর বেশ কিছু পার্শ্বপ্রতিক্রিয়া রয়েছে যা উপরের উদ্দেশ্যে ডোজের মাধ্যমে অনুভব করা যেতে পারে। উচ্চ রক্তচাপের জন্য আপনি বর্তমানে যে ওষুধগুলো খাচ্ছেন - ডার্বি এবং অ্যামলোডিপাইন, যা রক্তচাপ আরও অনুকূলভাবে নিয়ন্ত্রণে রাখার জন্য টাইটেরেট করা যেতে পারে। উচ্চ মাত্রায় ক্লোনিডিন গ্রহণ করলে হাইপোটেনশন হতে পারে, যা উপকারী নয় এবং আপনার আগে স্ট্রোকের কারণে ক্ষতিকর হতে পারে। আমি আপনাকে আপনার ডাক্তারের সাথে পরামর্শ করার পরামর্শ দিচ্ছি, কারণ ক্লোনিডিন ছাড়াও অন্যান্য ওষুধ রয়েছে যা স্প্যাস্টিসিটি কমাতে সাহায্য করে, যার পার্শ্বপ্রতিক্রিয়া কম। আশা করি আমি আপনার প্রশ্নের উত্তর দিতে পেরেছি। আমি আপনাকে আরও কোনোভাবে সাহায্য করতে পারি কিনা তা জানাবেন।"
82760,"হেলো প্রিয়, মনে হচ্ছে আপনি একটোপিক প্রেগন্যান্সির ল্যাপারোস্কোপিক ব্যবস্থাপনার সময় টিউবাল রিপেয়ার বা অপসারণ করিয়েছেন। ল্যাপারোস্কোপির মাধ্যমে এটি করলে টিউব এবং আশেপাশের টিস্যুর ক্ষতি অনেক কমে যায় এবং গর্ভধারণের সম্ভাবনা ভালো থাকে। আপনার আগের গর্ভাবস্থা স্বাভাবিক ছিল। তাই আপনার ডিম্বাণু উৎপাদনে কোনো সমস্যা হওয়ার কথা নয়। আপনাকে প্রজেস্টেরন দেওয়া হয়েছে যা গর্ভাবস্থাকে স্থিতিশীল করতে সাহায্য করে। ভ্যালেটে মেথিলেট, মায়ো-ইনোসিটল এবং ভিটামিন ডি৩ থাকে। এই ট্যাবলেটগুলো ফলিক অ্যাসিড সাপ্লিমেন্টের জন্য দেওয়া হয়। এটি কোরিওনিক টিস্যুর ভালো বৃদ্ধিতেও সাহায্য করে, যা শিশুকে মায়ের জরায়ুতে আবদ্ধ করে। আপনার প্রজননতন্ত্রের কার্যকারিতা সম্পর্কে জানার চেষ্টা করুন - বিশেষ করে টিউব। যেহেতু আপনার একটোপিক প্রেগন্যান্সি ছিল, তাই সম্ভবত শুধুমাত্র একটি টিউব খোলা ছিল। যদি সেটিও বন্ধ থাকে, তবে আপনাকে টিউব পুনর্গঠনমূলক অস্ত্রোপচার করতে হবে। হিস্টেরোসালপিঙ্গোগ্রাফি এবং/অথবা ল্যাপারোস্কোপির মাধ্যমে টিউব খোলা আছে কিনা তা মূল্যায়ন করা যেতে পারে। যদি অন্তত একটি টিউব খোলা থাকে, তবে ওভুলেশন মনিটরিংয়ের জন্য আল্ট্রাসনোগ্রাফি করান। ওভুলেশনের দিন এবং তার আশেপাশে আপনার যৌন মিলনের পরিকল্পনা করুন। যদি ডিম্বাণু ছাড়া না যায়, তবে লি কে ক্যামফিন সাইট্রেট বা এইচএমজি/নাসেনিয়া ডক। আপনি যদি পর্যাপ্ত ওজন (৩ কেজি/মাস)"
