Question,Answer
"তুমি কেমন আছো?","আমি ভালো আছি, ধন্যবাদ। তুমি কেমন?"
"আজকের আবহাওয়া কেমন?","আজকের আবহাওয়া বেশ সুন্দর। তোমার দিনটা কেমন কাটছে?"
"সিনেমাটি কেমন লাগলো?","সিনেমাটি বেশ ভালো লাগলো। তোমার কী মতামত?"
"তোমার প্রিয় খাবার কী?","আমার প্রিয় খাবার বিরিয়ানি। তোমার প্রিয় খাবার কী?"
"আগামীকাল কি করছো?","আগামীকাল কিছু বন্ধুবান্ধবের সাথে দেখা করবো। তোমার পরিকল্পনা কী?"
"তুমি কোথায় থাকো?","আমি কলকাতায় থাকি। তুমি কোথায় থাকো?"
"তোমার স্কুল কোথায়?","আমার স্কুল কলকাতায়। তোমার স্কুল কোথায়?"
"তোমার পছন্দের রং কী?","আমার পছন্দের রং নীল। তোমার কী?"
"তুমি কোন ক্লাসে পড়ো?","আমি দশম শ্রেণীতে পড়ি। তুমি কোন ক্লাসে পড়ো?"
"তোমার প্রিয় খেলা কী?","আমার প্রিয় খেলা ফুটবল। তোমার প্রিয় খেলা কী?"
"তুমি কী করতে ভালোবাসো?","আমি বই পড়তে ভালোবাসি। তুমি কী করতে ভালোবাসো?"
"তোমার প্রিয় বই কী?","আমার প্রিয় বই 'গীতাঞ্জলি'। তোমার প্রিয় বই কী?"
"তুমি কোথায় কাজ করো?","আমি একটি সফটওয়্যার কোম্পানিতে কাজ করি। তুমি কোথায় কাজ করো?"
"আজকের দিন কেমন ছিল?","আজকের দিন বেশ ব্যস্ত ছিল। তোমার দিনটা কেমন গেল?"
"তুমি কতক্ষণ ধরে কাজ করছো?","আমি প্রায় আট ঘন্টা কাজ করছি। তুমি?"
"তোমার প্রিয় গান কোনটি?","আমার প্রিয় গান 'আমার সোনার বাংলা'। তোমার প্রিয় গান কী?"
"তুমি কি পড়াশোনা করছো?","হ্যাঁ, আমি কলেজে পড়ছি। তুমি কি পড়াশোনা করছো?"
"তোমার প্রিয় শহর কী?","আমার প্রিয় শহর কলকাতা। তোমার প্রিয় শহর কী?"
"তুমি কি ভ্রমণ পছন্দ করো?","হ্যাঁ, আমি ভ্রমণ করতে খুব পছন্দ করি। তুমি কীভাবে ভ্রমণ করো?"
"তুমি কি রাঁধতে পছন্দ করো?","হ্যাঁ, আমি রাঁধতে পছন্দ করি। তুমি কী রাঁধতে পছন্দ করো?"
"তোমার প্রিয় মুভি কী?","আমার প্রিয় মুভি 'পথের পাঁচালী'। তোমার প্রিয় মুভি কী?"
"তুমি কী নতুন কিছু শিখছো?","হ্যাঁ, আমি একটি নতুন ভাষা শিখছি। তুমি?"
"তোমার প্রিয় খেলা কোনটি?","আমার প্রিয় খেলা ক্রিকেট। তোমার প্রিয় খেলা কী?"
"তুমি কখন ঘুমাতে যাও?","আমি সাধারণত রাত ১১টায় ঘুমাতে যাই। তুমি?"
"তুমি কোন খেলায় আগ্রহী?","আমি ফুটবল খেলতে পছন্দ করি। তুমি?"
"তোমার প্রিয় সঙ্গীতশিল্পী কে?","আমার প্রিয় সঙ্গীতশিল্পী রবীন্দ্রনাথ ঠাকুর। তোমার প্রিয় কে?"
"তুমি কোন দেশে যেতে চাও?","আমি জাপান যেতে চাই। তুমি কোন দেশে যেতে চাও?"
"তুমি কোন ঋতু পছন্দ করো?","আমি শীতকাল পছন্দ করি। তুমি কোন ঋতু পছন্দ করো?"
"তোমার প্রিয় পত্রিকা কী?","আমার প্রিয় পত্রিকা 'আনন্দবাজার'। তোমার প্রিয় কী?"
"তুমি কী নতুন বন্ধু তৈরি করেছো?","হ্যাঁ, আমি কিছু নতুন বন্ধু তৈরি করেছি। তুমি?"
"তোমার প্রিয় কবিতা কোনটি?","আমার প্রিয় কবিতা 'কোন কনফারেন্সে নেই'। তোমার প্রিয় কবিতা কী?"
"তুমি কেমন মানুষের সাথে সময় কাটাতে পছন্দ করো?","আমি মজার এবং মেধাবী মানুষের সাথে সময় কাটাতে পছন্দ করি। তুমি?"
"তুমি কী কফি পছন্দ করো?","হ্যাঁ, আমি কফি পছন্দ করি। তুমি কী পছন্দ করো?"
"তুমি কীভাবে রাতের খাবার খাও?","আমি সাধারণত রাত ৮টায় খাবার খাই। তুমি?"
"তোমার প্রিয় পোষা প্রাণী কী?","আমার প্রিয় পোষা প্রাণী কুকুর। তোমার প্রিয় কী?"
"তুমি কোন সিনেমা দেখতে পছন্দ করো?","আমি হরর মুভি দেখতে পছন্দ করি। তুমি?"
"তুমি কীভাবে বিশ্রাম নাও?","আমি বই পড়ে আর গান শুনে বিশ্রাম নেই। তুমি?"
"তোমার পছন্দের লেখক কে?","আমার পছন্দের লেখক রবীন্দ্রনাথ ঠাকুর। তোমার পছন্দের লেখক কে?"
"তুমি কী ধরনের টিভি শো পছন্দ করো?","আমি ডকুমেন্টারি পছন্দ করি। তুমি কী পছন্দ করো?"
"তুমি কোন সঙ্গীত বাজাতে পছন্দ করো?","আমি পিয়ানো বাজাতে পছন্দ করি। তুমি?"
"তোমার প্রিয় সফটওয়্যার কী?","আমার প্রিয় সফটওয়্যার ফটোশপ। তোমার প্রিয় কী?"
"তুমি কী ধরনের চাকরি পছন্দ করো?","আমি সৃজনশীল চাকরি পছন্দ করি। তুমি?"
"তুমি কী ধরনের সিনেমা পছন্দ করো?","আমি কমেডি মুভি পছন্দ করি। তুমি?"
"তুমি কী নতুন বই পড়ছো?","হ্যাঁ, আমি নতুন একটা নভেল পড়ছি। তুমি?"
"আজকের আবহাওয়া কেমন?","আজকের আবহাওয়া বেশ সুন্দর। তোমার দিনটা কেমন কাটছে?"
"সিনেমাটি কেমন লাগলো?","সিনেমাটি বেশ ভালো লাগলো। তোমার কী মতামত?"
"তোমার প্রিয় খাবার কী?","আমার প্রিয় খাবার বিরিয়ানি। তোমার প্রিয় খাবার কী?"
"আগামীকাল কি করছো?","আগামীকাল কিছু বন্ধুবান্ধবের সাথে দেখা করবো। তোমার পরিকল্পনা কী?"
"তোমার পরিবারের কেমন আছে?","আমার পরিবার ভালো আছে। তোমার পরিবারের কেমন আছে?"
"তোমার কি কোনো শখ আছে?","আমার শখ হলো গান গাওয়া। তোমার কি কোনো শখ আছে?"
"তোমার কাজের কেমন আছে?","আমার কাজ ভালো আছে। তোমার কাজের কেমন আছে?"
"তোমার পড়াশোনার কেমন আছে?","আমার পড়াশোনা ভালো আছে। তোমার পড়াশোনার কেমন আছে?"
"তোমার কি কোনো ভ্রমণ পরিকল্পনা আছে?","আমার ভ্রমণ পরিকল্পনা আছে। তোমার কি কোনো ভ্রমণ পরিকল্পনা আছে?"
"তুমি কি গান শুনতে পছন্দ করো?","হ্যাঁ, আমি গান শুনতে পছন্দ করি। তুমি কি গান শুনতে পছন্দ করো?"
"তুমি কি খেলা খেলতে পছন্দ করো?","হ্যাঁ, আমি খেলা খেলতে পছন্দ করি। তুমি কি খেলা খেলতে পছন্দ করো?"
"তুমি কি প্রিয় বই পড়ো?","হ্যাঁ, আমি প্রিয় বই পড়ি। তুমি কি প্রিয় বই পড়ো?"
"তুমি কি প্রিয় সিনেমা দেখো?","হ্যাঁ, আমি প্রিয় সিনেমা দেখি। তুমি কি প্রিয় সিনেমা দেখো?"
"তুমি কি প্রিয় টিভি শো দেখো?","হ্যাঁ, আমি প্রিয় টিভি শো দেখি। তুমি কি প্রিয় টিভি শো দেখো?"
"তুমি কি প্রিয় খাবার খাও?","হ্যাঁ, আমি প্রিয় খাবার খাই। তুমি কি প্রিয় খাবার খাও?"
"তুমি কি প্রিয় গান শুনো?","হ্যাঁ, আমি প্রিয় গান শুনি। তুমি কি প্রিয় গান শুনো?"
"তুমি কি প্রিয় খেলা খেলো?","হ্যাঁ, আমি প্রিয় খেলা খেলি। তুমি কি প্রিয় খেলা খেলো?"
"তুমি কি প্রিয় বই পড়ো?","হ্যাঁ, আমি প্রিয় বই পড়ি। তুমি কি প্রিয় বই পড়ো?"
"তুমি কি প্রিয় সিনেমা দেখো?","হ্যাঁ, আমি প্রিয় সিনেমা দেখি। তুমি কি প্রিয় সিনেমা দেখো?"
"তুমি কি প্রিয় টিভি শো দেখো?","হ্যাঁ, আমি প্রিয় টিভি শো দেখি। তুমি কি প্রিয় টিভি শো দেখো?"
"তুমি কোন সঙ্গীত বাজাতে পছন্দ করো?","আমি গিটার বাজাতে পছন্দ করি। তুমি?"
"তুমি কেমন ধরনের ছুটি পছন্দ করো?","আমি সৈকতে সময় কাটাতে পছন্দ করি। তুমি?"
"তোমার প্রিয় স্মৃতি কোনটি?","আমার প্রিয় স্মৃতি আমার প্রথম ভ্রমণ। তোমার?"
"তুমি কীভাবে ব্যস্ত দিন কাটাও?","আমি বন্ধুদের সাথে সময় কাটিয়ে ব্যস্ত দিন কাটাই। তুমি কীভাবে কাটাও?"
"তুমি কি সিনেমা হল বা বাড়িতে মুভি দেখতে পছন্দ করো?","আমি বাড়িতে মুভি দেখতে পছন্দ করি। তুমি?"
"তুমি কোন দেশ ভ্রমণ করতে চাও?","আমি ইতালি ভ্রমণ করতে চাই। তুমি কোন দেশ?"
"তুমি কী ধরনের পোশাক পছন্দ করো?","আমি আরামদায়ক পোশাক পছন্দ করি। তুমি কী পছন্দ করো?"
"তুমি কি রান্না করতে ভালোবাসো?","হ্যাঁ, আমি রান্না করতে ভালোবাসি। তুমি কী রান্না করতে ভালোবাসো?"
"তোমার পছন্দের ছুটির স্থান কোনটি?","আমার পছন্দের ছুটির স্থান দার্জিলিং। তোমার পছন্দের কোনটি?"
"তুমি কোন খেলা দেখতে পছন্দ করো?","আমি ফুটবল খেলা দেখতে পছন্দ করি। তুমি কোন খেলা?"
"তুমি শীত বা গ্রীষ্ম, কোন ঋতু পছন্দ করো?","আমি শীতকাল পছন্দ করি। তুমি কোন ঋতু?"
"তুমি কোন ধরনের গল্প পছন্দ করো?","আমি রহস্য গল্প পছন্দ করি। তুমি কোন ধরনের?"
"তোমার পছন্দের চা কী?","আমার পছন্দের চা দার্জিলিং। তোমার পছন্দের চা কী?"
"তুমি কোন মিউজিয়াম পছন্দ করো?","আমি ইতিহাস মিউজিয়াম পছন্দ করি। তুমি কোনটি?"
"তুমি কী পেইন্টিং করতে পছন্দ করো?","হ্যাঁ, আমি পেইন্টিং করতে পছন্দ করি। তুমি কী পছন্দ করো?"
"তুমি কোন অনুষ্ঠান পছন্দ করো?","আমি সঙ্গীত অনুষ্ঠান পছন্দ করি। তুমি?"
"তোমার প্রিয় ঋতু কী?","আমার প্রিয় ঋতু বসন্ত। তোমার প্রিয় ঋতু কী?"
"তুমি কোন পত্রিকা পড়ো?","আমি 'আনন্দবাজার' পড়ি। তুমি কোন পত্রিকা?"
"তুমি কি প্রোগ্রামিং শিখছো?","হ্যাঁ, আমি প্রোগ্রামিং শিখছি। তুমি?"
"তুমি কোন সঙ্গীতশিল্পীর গান পছন্দ করো?","আমি লতা মঙ্গেশকরের গান পছন্দ করি। তুমি?"
"তুমি কোন সঙ্গীত বাজাতে পছন্দ করো?","আমি গিটার বাজাতে পছন্দ করি। তুমি?"
"তুমি কেমন ধরনের ছুটি পছন্দ করো?","আমি সৈকতে সময় কাটাতে পছন্দ করি। তুমি?"
"তোমার প্রিয় স্মৃতি কোনটি?","আমার প্রিয় স্মৃতি আমার প্রথম ভ্রমণ। তোমার?"
"তুমি কীভাবে ব্যস্ত দিন কাটাও?","আমি বন্ধুদের সাথে সময় কাটিয়ে ব্যস্ত দিন কাটাই। তুমি কীভাবে কাটাও?"
"তুমি কি সিনেমা হল বা বাড়িতে মুভি দেখতে পছন্দ করো?","আমি বাড়িতে মুভি দেখতে পছন্দ করি। তুমি?"
"তুমি কোন দেশ ভ্রমণ করতে চাও?","আমি ইতালি ভ্রমণ করতে চাই। তুমি কোন দেশ?"
"তুমি কী ধরনের পোশাক পছন্দ করো?","আমি আরামদায়ক পোশাক পছন্দ করি। তুমি কী পছন্দ করো?"
"তুমি কি রান্না করতে ভালোবাসো?","হ্যাঁ, আমি রান্না করতে ভালোবাসি। তুমি কী রান্না করতে ভালোবাসো?"
"তোমার পছন্দের ছুটির স্থান কোনটি?","আমার পছন্দের ছুটির স্থান দার্জিলিং। তোমার পছন্দের কোনটি?"
"তুমি কোন খেলা দেখতে পছন্দ করো?","আমি ফুটবল খেলা দেখতে পছন্দ করি। তুমি কোন খেলা?"
"তুমি শীত বা গ্রীষ্ম, কোন ঋতু পছন্দ করো?","আমি শীতকাল পছন্দ করি। তুমি কোন ঋতু?"
"তুমি কোন ধরনের গল্প পছন্দ করো?","আমি রহস্য গল্প পছন্দ করি। তুমি কোন ধরনের?"
"তোমার প্রিয় চা কী?","আমার প্রিয় চা দার্জিলিং। তোমার প্রিয় চা কী?"
"তুমি কোন মিউজিয়াম পছন্দ করো?","আমি ইতিহাস মিউজিয়াম পছন্দ করি। তুমি কোনটি?"
"তুমি কী পেইন্টিং করতে পছন্দ করো?","হ্যাঁ, আমি পেইন্টিং করতে পছন্দ করি। তুমি কী পছন্দ করো?"
"তুমি কোন অনুষ্ঠান পছন্দ করো?","আমি সঙ্গীত অনুষ্ঠান পছন্দ করি। তুমি?"
"তোমার প্রিয় ঋতু কী?","আমার প্রিয় ঋতু বসন্ত। তোমার প্রিয় ঋতু কী?"
"তুমি কোন পত্রিকা পড়ো?","আমি 'আনন্দবাজার' পড়ি। তুমি কোন পত্রিকা?"
"তুমি কি প্রোগ্রামিং শিখছো?","হ্যাঁ, আমি প্রোগ্রামিং শিখছি। তুমি?"
"তুমি কোন সঙ্গীতশিল্পীর গান পছন্দ করো?","আমি লতা মঙ্গেশকরের গান পছন্দ করি। তুমি?"
"তুমি কোন জায়গা ভ্রমণ করতে চাও?","আমি নেপাল ভ্রমণ করতে চাই। তুমি কোথায় যেতে চাও?"
"তুমি কি ধরনের ছুটি পছন্দ করো?","আমি পাহাড়ে সময় কাটাতে পছন্দ করি। তুমি?"
"তুমি কোন পরিবহনে ভ্রমণ করতে পছন্দ করো?","আমি ট্রেনে ভ্রমণ করতে পছন্দ করি। তুমি?"
"তুমি কি ধরনের খাবার পছন্দ করো?","আমি ভারতীয় খাবার পছন্দ করি। তুমি কোন ধরনের?"
"তুমি কোন ধরনের সিনেমা পছন্দ করো?","আমি রোম্যান্টিক মুভি পছন্দ করি। তুমি?"
"তোমার প্রিয় চকলেট কী?","আমার প্রিয় চকলেট ডার্ক চকলেট। তোমার প্রিয় কী?"
"তুমি কোন ধরনের কাজ পছন্দ করো?","আমি সৃজনশীল কাজ পছন্দ করি। তুমি?"
"তুমি কোন ধরনের গান পছন্দ করো?","আমি ক্লাসিকাল গান পছন্দ করি। তুমি?"
"তুমি কোন ফেস্টিভ্যাল পছন্দ করো?","আমি দুর্গাপুজো পছন্দ করি। তুমি কোন ফেস্টিভ্যাল?"
"তুমি কি ধরনের পরিবেশ পছন্দ করো?","আমি শহুরে পরিবেশ পছন্দ করি। তুমি?"
"তুমি কি ধরনের ছবি তুলতে পছন্দ করো?","আমি প্রকৃতির ছবি তুলতে পছন্দ করি। তুমি?"
"তোমার প্রিয় কার্টুন কী?","আমার প্রিয় কার্টুন 'টম অ্যান্ড জেরি'। তোমার প্রিয় কী?"
"তুমি কোন বই পড়ছো?","আমি হ্যারি পটার বই পড়ছি। তুমি?"
"তুমি কেমন কফি পছন্দ করো?","আমি ক্যাপুচিনো পছন্দ করি। তুমি?"
"তোমার প্রিয় ঋতু কোনটি?","আমার প্রিয় ঋতু বর্ষাকাল। তোমার?"
"তুমি কি ধরনের টিভি শো পছন্দ করো?","আমি থ্রিলার শো পছন্দ করি। তুমি?"
"তুমি কী ধরনের ছুটির দিন পছন্দ করো?","আমি নিরিবিলি এবং শান্ত ছুটির দিন পছন্দ করি। তুমি?"
"তুমি কোন ধরনের প্রকৃতি পছন্দ করো?","আমি পাহাড়ি এলাকা পছন্দ করি। তুমি?"
"তুমি কীভাবে প্রযুক্তি ব্যবহার করো?","আমি কাজ এবং বিনোদনের জন্য প্রযুক্তি ব্যবহার করি। তুমি?"
"তুমি কী মহাকাশ নিয়ে আগ্রহী?","হ্যাঁ, মহাকাশের রহস্য আমাকে মুগ্ধ করে। তুমি?"
"তুমি কী ধরনের বিজ্ঞান পড়তে ভালোবাসো?","আমি পদার্থবিজ্ঞান পছন্দ করি। তুমি কী বিজ্ঞান পছন্দ করো?"
"বিজ্ঞান কীভাবে আমাদের জীবনকে সহজ করেছে?","বিজ্ঞান প্রযুক্তি এবং ঔষধের মাধ্যমে আমাদের জীবনকে সহজ এবং আরামদায়ক করেছে। তুমি কী বলো?"
"তোমার প্রিয় বিজ্ঞানী কে?","আমার প্রিয় বিজ্ঞানী আলবার্ট আইনস্টাইন। তোমার প্রিয় কে?"
"তুমি কি কেমিস্ট্রি পছন্দ করো?","হ্যাঁ, আমি রাসায়নিক প্রতিক্রিয়া বুঝতে পছন্দ করি। তুমি?"
"তুমি কীভাবে পরিবেশ রক্ষা করতে পারো?","আমরা পুনর্ব্যবহার এবং কম দূষণ দ্বারা পরিবেশ রক্ষা করতে পারি। তুমি কীভাবে রক্ষা করতে পারো?"
"তুমি কি জীববিজ্ঞান পড়েছো?","হ্যাঁ, আমি জীববিজ্ঞান পড়েছি এবং খুব উপভোগ করেছি। তুমি?"
"তুমি কীভাবে রোবোটিক্স নিয়ে কাজ করতে চাও?","আমি রোবোটিক্সে গবেষণা করতে চাই। তুমি রোবোটিক্সে কী করতে চাও?"
"তুমি কি শারীরিক বিজ্ঞান পছন্দ করো?","হ্যাঁ, আমি নিউটনের নিয়ম এবং মহাকর্ষবিজ্ঞান পছন্দ করি। তুমি?"
"ক্লাইমেট চেঞ্জ কী?","ক্লাইমেট চেঞ্জ হলো দীর্ঘমেয়াদী তাপমাত্রা এবং আবহাওয়ার পরিবর্তন। তুমি কী জানো?"
"তুমি কোন ধরনের প্রযুক্তি পছন্দ করো?","আমি আনার্ভাভ ফিজিক্স পছন্দ করি। তুমি কোন ধরনের?"
"তুমি কি অ্যান্টিবায়োটিক সম্পর্কে জানো?","হ্যাঁ, অ্যান্টিবায়োটিক হল ব্যাকটেরিয়া সংক্রমণের চিকিৎসার জন্য ব্যবহৃত ওষুধ। তুমি জানো?"
"তুমি কীভাবে বিদ্যুৎ উৎপন্ন করা হয় জানো?","হ্যাঁ, বিদ্যুৎ বিভিন্ন উৎস থেকে উৎপন্ন করা হয়, যেমন পানি, বায়ু, এবং সৌর শক্তি থেকে। তুমি কী জানো?"
"তুমি কী ধরনের বিজ্ঞান প্রকল্প করতে পছন্দ করো?","আমি পরিবেশবান্ধব প্রযুক্তির উপর বিজ্ঞান প্রকল্প করতে পছন্দ করি। তুমি?"
"তোমার প্রিয় বিজ্ঞান বই কী?","আমার প্রিয় বিজ্ঞান বই 'ব্রিফ হিস্ট্রি অফ টাইম'। তোমার প্রিয় কী?"
"তুমি কী ধরনের বিজ্ঞান উৎসব পছন্দ করো?","আমি বিজ্ঞান মেলা পছন্দ করি যেখানে নতুন উদ্ভাবন প্রদর্শিত হয়। তুমি?"
"তুমি কি বায়োলজি পড়তে পছন্দ করো?","হ্যাঁ, আমি বায়োলজি পড়তে পছন্দ করি। তুমি?"
"তুমি কীভাবে নতুন প্রযুক্তি শিখছো?","আমি অনলাইন কোর্স এবং গবেষণা করে নতুন প্রযুক্তি শিখছি। তুমি কীভাবে শিখছো?"
"তোমার পছন্দের বিজ্ঞান মডেল কী?","আমার পছন্দের বিজ্ঞান মডেল হল সৌরজগতের মডেল। তোমার পছন্দের কোনটি?"
"তুমি কি ন্যাচারাল সায়েন্স পছন্দ করো?","হ্যাঁ, আমি ন্যাচারাল সায়েন্স পছন্দ করি। তুমি?"
"তুমি কি স্পেস এক্স সম্পর্কে জানো?","হ্যাঁ, স্পেস এক্স একটি বেসরকারি মহাকাশ কোম্পানি। তুমি জানো?"
"তুমি কি কৃত্রিম বুদ্ধিমত্তা নিয়ে আগ্রহী?","হ্যাঁ, আমি কৃত্রিম বুদ্ধিমত্তা নিয়ে কাজ করতে চাই। তুমি আগ্রহী?"
"তুমি কীভাবে ক্লাইমেট চেঞ্জ মোকাবেলা করতে পারো?","আমরা পরিবেশবান্ধব অভ্যাস গ্রহণ করে ক্লাইমেট চেঞ্জ মোকাবেলা করতে পারি। তুমি কীভাবে করতে পারো?"
"তুমি কি নবায়নযোগ্য শক্তির উৎস সম্পর্কে জানো?","হ্যাঁ, নবায়নযোগ্য শক্তি হল সৌর শক্তি, বায়ু শক্তি, এবং হাইড্রো পাওয়ার। তুমি জানো?"
"তুমি কি ডিএনএ সম্পর্কে জানো?","হ্যাঁ, ডিএনএ হল জীবের জিনগত তথ্য। তুমি জানো?"
"তুমি কি ভ্রুণবিজ্ঞান নিয়ে কাজ করতে চাও?","হ্যাঁ, আমি ভ্রুণবিজ্ঞান নিয়ে গবেষণা করতে চাই। তুমি চাও?"
"তুমি কোন মহাকাশ মিশন পছন্দ করো?","আমি অ্যাপোলো ১১ মিশন পছন্দ করি। তুমি কোনটি?"
"তুমি কি গ্লোবাল ওয়ার্মিং সম্পর্কে জানো?","হ্যাঁ, গ্লোবাল ওয়ার্মিং হল পৃথিবীর তাপমাত্রা বৃদ্ধির প্রক্রিয়া। তুমি জানো?"
"তুমি কোন বিজ্ঞানী হতে চাও?","আমি গবেষক বিজ্ঞানী হতে চাই। তুমি কি হতে চাও?"
"তুমি কি ন্যানো টেকনোলজি নিয়ে আগ্রহী?","হ্যাঁ, আমি ন্যানো টেকনোলজি নিয়ে কাজ করতে চাই। তুমি?"
"তুমি কীভাবে বায়োলজিক্যাল রিসার্চ করতে চাও?","আমি ল্যাবরেটরিতে গবেষণা করতে চাই। তুমি কীভাবে?"
"তুমি কি ন্যানোটেকনোলজি নিয়ে গবেষণা করতে পছন্দ করো?","হ্যাঁ, আমি ন্যানোটেকনোলজি নিয়ে গবেষণা করতে পছন্দ করি। তুমি?"
"তুমি কি অ্যান্টার্কটিকা সম্পর্কে জানো?","হ্যাঁ, অ্যান্টার্কটিকা হল পৃথিবীর শীতলতম মহাদেশ। তুমি জানো?"
"তুমি কি খনিজ সম্পদ নিয়ে গবেষণা করতে পছন্দ করো?","হ্যাঁ, আমি খনিজ সম্পদ এবং তাদের প্রয়োগ নিয়ে পড়াশোনা করতে পছন্দ করি। তুমি?"
"তুমি কি বায়ু এবং জল দূষণ নিয়ে কাজ করতে আগ্রহী?","হ্যাঁ, আমি বায়ু এবং জল দূষণ প্রতিরোধে কাজ করতে আগ্রহী। তুমি?"
"তুমি কি সংরক্ষণ বিজ্ঞান নিয়ে কাজ করতে পছন্দ করো?","হ্যাঁ, আমি সংরক্ষণ বিজ্ঞান নিয়ে কাজ করতে পছন্দ করি। তুমি?"
"তুমি কি প্রাণী বিজ্ঞান নিয়ে গবেষণা করতে পছন্দ করো?","হ্যাঁ, আমি প্রাণী বিজ্ঞান নিয়ে গবেষণা করতে পছন্দ করি। তুমি?"
"তুমি কীভাবে জৈব পদ্ধতিতে চাষাবাদ করা হয় জানো?","হ্যাঁ, জৈব পদ্ধতিতে চাষাবাদ করা হয় রাসায়নিক ব্যবহার ছাড়া। তুমি জানো?"
"তুমি কি মলিকুলার বায়োলজি পছন্দ করো?","হ্যাঁ, আমি মলিকুলার বায়োলজি নিয়ে কাজ করতে পছন্দ করি। তুমি?"
"তুমি কি বাস্তুসংস্থান নিয়ে গবেষণা করতে আগ্রহী?","হ্যাঁ, আমি বাস্তুসংস্থান এবং পরিবেশ নিয়ে গবেষণা করতে আগ্রহী। তুমি?"
"তুমি কি ভূগোল পছন্দ করো?","হ্যাঁ, আমি পৃথিবীর ভৌগোলিক বৈশিষ্ট্য নিয়ে পড়াশোনা করতে পছন্দ করি। তুমি?"
"তুমি কি জেনেটিক ডিসঅর্ডার নিয়ে কাজ করতে পছন্দ করো?","হ্যাঁ, আমি জেনেটিক ডিসঅর্ডার নিয়ে গবেষণা করতে পছন্দ করি। তুমি?"
"তুমি কীভাবে প্রাণীর আচরণ নিয়ে গবেষণা করা হয় জানো?","হ্যাঁ, গবেষণাগারে এবং প্রকৃতিতে পর্যবেক্ষণ করে প্রাণীর আচরণ নিয়ে গবেষণা করা হয়। তুমি জানো?"
"তুমি কি ইকোলজিক্যাল রিসার্চ নিয়ে আগ্রহী?","হ্যাঁ, আমি ইকোলজিক্যাল রিসার্চ নিয়ে কাজ করতে আগ্রহী। তুমি?"
"তুমি কি স্পেস টেকনোলজি নিয়ে কাজ করতে পছন্দ করো?","হ্যাঁ, আমি স্পেস টেকনোলজি এবং মহাকাশ গবেষণা নিয়ে কাজ করতে পছন্দ করি। তুমি?"
"তুমি কীভাবে জেনেটিক মডিফিকেশন করা হয় জানো?","হ্যাঁ, জেনেটিক মডিফিকেশন করা হয় জিনের পরিবর্তন এবং স্থানান্তরের মাধ্যমে। তুমি জানো?"
"তুমি কি প্যাথোজেন নিয়ে গবেষণা করতে আগ্রহী?","হ্যাঁ, আমি প্যাথোজেন এবং তাদের সংক্রমণ নিয়ে গবেষণা করতে আগ্রহী। তুমি?"
"তুমি কি ভূতত্ত্ব পছন্দ করো?","হ্যাঁ, আমি ভূতত্ত্ব এবং ভূমিকম্পের কারণ নিয়ে পড়াশোনা করতে পছন্দ করি। তুমি?"
"তুমি কি স্পেস এক্সপ্লোরেশন নিয়ে আগ্রহী?","হ্যাঁ, আমি স্পেস এক্সপ্লোরেশন এবং নতুন গ্রহ আবিষ্কার নিয়ে আগ্রহী। তুমি?"
"তুমি কি বায়োটেকনোলজি নিয়ে কাজ করতে পছন্দ করো?","হ্যাঁ, আমি বায়োটেকনোলজি নিয়ে গবেষণা করতে পছন্দ করি। তুমি?"
"তুমি কীভাবে ভূতাত্ত্বিক সংগ্রহ করা হয় জানো?","হ্যাঁ, ভূতাত্ত্বিক সংগ্রহ করা হয় খনন এবং পর্যবেক্ষণের মাধ্যমে। তুমি জানো?"
"তুমি কি অ্যানাটমি পড়তে পছন্দ করো?","হ্যাঁ, আমি অ্যানাটমি এবং মানব দেহ নিয়ে পড়াশোনা করতে পছন্দ করি। তুমি?"
"তুমি কীভাবে ক্লোনিং করা হয় জানো?","হ্যাঁ, ক্লোনিং করা হয় জেনেটিক উপাদান ব্যবহার করে। তুমি জানো?"
"তুমি কি প্ল্যানেটারি সায়েন্স পছন্দ করো?","হ্যাঁ, আমি প্ল্যানেটারি সায়েন্স এবং গ্রহমণ্ডল নিয়ে পড়াশোনা করতে পছন্দ করি। তুমি?"
"তুমি কি সাইবারনেটিক্স পছন্দ করো?","হ্যাঁ, আমি সাইবারনেটিক্স এবং কৃত্রিম বুদ্ধিমত্তা নিয়ে কাজ করতে পছন্দ করি। তুমি?"
"তুমি কীভাবে নতুন ড্রাগ আবিষ্কার করা হয় জানো?","হ্যাঁ, নতুন ড্রাগ আবিষ্কার করা হয় গবেষণা এবং ক্লিনিক্যাল ট্রায়াল মাধ্যমে। তুমি জানো?"
"তুমি কি ভূতত্ত্ব নিয়ে কাজ করতে পছন্দ করো?","হ্যাঁ, আমি ভূতত্ত্ব এবং ভূমিকম্পের কারণ নিয়ে গবেষণা করতে পছন্দ করি। তুমি?"
"তুমি কীভাবে জীবাশ্ম ফুয়েল সংগ্রহ করা হয় জানো?","হ্যাঁ, জীবাশ্ম ফুয়েল সংগ্রহ করা হয় খনন এবং প্রক্রিয়াকরণের মাধ্যমে। তুমি জানো?"
"তুমি কি নিউরো টেকনোলজি পছন্দ করো?","হ্যাঁ, আমি নিউরো টেকনোলজি এবং মস্তিষ্কের গবেষণা নিয়ে কাজ করতে পছন্দ করি। তুমি?"
"তুমি কি বায়োমেডিক্যাল ইঞ্জিনিয়ারিং পছন্দ করো?","হ্যাঁ, আমি বায়োমেডিক্যাল ইঞ্জিনিয়ারিং নিয়ে কাজ করতে পছন্দ করি। তুমি?"
"তুমি কি প্ল্যানেটারি মিশন নিয়ে আগ্রহী?","হ্যাঁ, আমি প্ল্যানেটারি মিশন এবং মহাকাশ গবেষণা নিয়ে আগ্রহী। তুমি?"
"তুমি কীভাবে ব্যাকটেরিয়া গবেষণা করা হয় জানো?","হ্যাঁ, ব্যাকটেরিয়া গবেষণা করা হয় ল্যাবরেটরি এবং মাইক্রোস্কোপ ব্যবহার করে। তুমি জানো?"
"তুমি কি হাইড্রোজেন শক্তি পছন্দ করো?","হ্যাঁ, আমি হাইড্রোজেন শক্তি এবং তার প্রয়োগ নিয়ে কাজ করতে পছন্দ করি। তুমি?"
"তুমি কীভাবে জৈবপদার্থ বিশ্লেষণ করা হয় জানো?","হ্যাঁ, জৈবপদার্থ বিশ্লেষণ করা হয় ল্যাবরেটরি পরীক্ষা এবং গবেষণার মাধ্যমে। তুমি জানো?"
"তুমি কি বিজ্ঞান কনফারেন্স পছন্দ করো?","হ্যাঁ, আমি বিজ্ঞান কনফারেন্সে অংশগ্রহণ করতে পছন্দ করি। তুমি?"
"তুমি কি বায়ুমণ্ডল সম্পর্কে জানো?","হ্যাঁ, বায়ুমণ্ডল হল গ্যাসের স্তর যা পৃথিবীকে ঘিরে রাখে। তুমি জানো?"
"তুমি কীভাবে ভ্রুণবিজ্ঞান নিয়ে গবেষণা করতে চাও?","আমি ল্যাবরেটরিতে ভ্রুণবিজ্ঞান নিয়ে গবেষণা করতে চাই। তুমি কীভাবে করতে চাও?"
"তুমি কি কৃত্রিম উপগ্রহ সম্পর্কে জানো?","হ্যাঁ, কৃত্রিম উপগ্রহ হল মানুষের তৈরি স্যাটেলাইট। তুমি জানো?"
"তুমি কোন ধরনের রিসার্চ পছন্দ করো?","আমি ক্লিনিক্যাল রিসার্চ পছন্দ করি। তুমি কোন ধরনের?"
"তুমি কি জ্যোতির্বিদ্যা পছন্দ করো?","হ্যাঁ, আমি জ্যোতির্বিদ্যা পছন্দ করি এবং গ্রহ-নক্ষত্র নিয়ে গবেষণা করি। তুমি?"
"তুমি কীভাবে গাছপালা নিয়ে গবেষণা করতে চাও?","আমি উদ্ভিদবিজ্ঞানে গবেষণা করতে চাই। তুমি কীভাবে করতে চাও?"
"তুমি কি কোয়ান্টাম ফিজিক্স সম্পর্কে জানো?","হ্যাঁ, কোয়ান্টাম ফিজিক্স হল পদার্থবিজ্ঞানের একটি শাখা যা ক্ষুদ্র কণার আচরণ নিয়ে কাজ করে। তুমি জানো?"
"তুমি কি ইকোলজি পছন্দ করো?","হ্যাঁ, আমি পরিবেশ এবং বাস্তুসংস্থান নিয়ে পড়াশোনা করতে পছন্দ করি। তুমি?"
"তুমি কীভাবে নতুন ভ্যাকসিন তৈরি করা হয় জানো?","হ্যাঁ, নতুন ভ্যাকসিন তৈরি করতে প্রথমে গবেষণা এবং পরীক্ষা-নিরীক্ষা করা হয়। তুমি জানো?"
"তুমি কি জেনেটিক ইঞ্জিনিয়ারিং পছন্দ করো?","হ্যাঁ, আমি জেনেটিক ইঞ্জিনিয়ারিং নিয়ে কাজ করতে পছন্দ করি। তুমি?"
"তুমি কি নিউরোসায়েন্স পছন্দ করো?","হ্যাঁ, আমি মস্তিষ্ক এবং স্নায়ুতন্ত্র নিয়ে গবেষণা করতে পছন্দ করি। তুমি?"
"তুমি কি সোলার সিস্টেম সম্পর্কে জানো?","হ্যাঁ, সোলার সিস্টেম হল সূর্য এবং তার চারপাশের গ্রহমণ্ডল। তুমি জানো?"
"তুমি কীভাবে রোবট তৈরি করা হয় জানো?","হ্যাঁ, রোবট তৈরি করতে প্রোগ্রামিং এবং মেকানিক্স ব্যবহার করা হয়। তুমি জানো?"
"তুমি কি ডিজাস্টার ম্যানেজমেন্ট পছন্দ করো?","হ্যাঁ, আমি প্রাকৃতিক দুর্যোগের প্রস্তুতি এবং প্রতিক্রিয়া নিয়ে কাজ করতে পছন্দ করি। তুমি?"
"তুমি কি এনভায়রনমেন্টাল সায়েন্স পছন্দ করো?","হ্যাঁ, আমি পরিবেশ এবং তার পরিবর্তন নিয়ে পড়াশোনা করতে পছন্দ করি। তুমি?"
"তুমি কি ক্লাইমেট সায়েন্স পছন্দ করো?","হ্যাঁ, আমি আবহাওয়া এবং জলবায়ু পরিবর্তন নিয়ে পড়াশোনা করতে পছন্দ করি। তুমি?"
"তুমি কীভাবে কৃত্রিম বুদ্ধিমত্তা নিয়ে কাজ করতে চাও?","আমি মেশিন লার্নিং এবং ডিপ লার্নিং নিয়ে কাজ করতে চাই। তুমি কীভাবে করতে চাও?"
"তুমি কি মাইক্রোবায়োলজি পছন্দ করো?","হ্যাঁ, আমি মাইক্রোঅর্গানিজম নিয়ে গবেষণা করতে পছন্দ করি। তুমি?"
"তুমি কি এয়ার পলিউশন নিয়ে গবেষণা করতে চাও?","হ্যাঁ, আমি বায়ু দূষণ এবং তার প্রতিক্রিয়া নিয়ে গবেষণা করতে চাই। তুমি?"
"তুমি কি অ্যান্টিবডি সম্পর্কে জানো?","হ্যাঁ, অ্যান্টিবডি হল শরীরের প্রতিরক্ষা ব্যবস্থার অংশ যা সংক্রমণের বিরুদ্ধে কাজ করে। তুমি জানো?"
"তুমি কি নিউক্লিয়ার ফিজিক্স পছন্দ করো?","হ্যাঁ, আমি নিউক্লিয়ার ফিজিক্স নিয়ে গবেষণা করতে পছন্দ করি। তুমি?"
"তুমি কি সোলার এনার্জি পছন্দ করো?","হ্যাঁ, আমি সৌর শক্তি নিয়ে কাজ করতে পছন্দ করি। তুমি?"
"তুমি কি জেনেটিক রিসার্চ পছন্দ করো?","হ্যাঁ, আমি জেনেটিক রিসার্চ নিয়ে কাজ করতে পছন্দ করি। তুমি?"
"তুমি কি বায়োকেমিস্ট্রি নিয়ে আগ্রহী?","হ্যাঁ, আমি বায়োকেমিস্ট্রি নিয়ে গবেষণা করতে আগ্রহী। তুমি?"
"তুমি কি মহাকাশ অভিযানে যেতে চাও?","হ্যাঁ, আমি মহাকাশে যেতে চাই এবং নতুন গ্রহ আবিষ্কার করতে চাই। তুমি যেতে চাও?"
"তুমি কীভাবে বায়োলজিক্যাল স্যাম্পল সংগ্রহ করা হয় জানো?","হ্যাঁ, গবেষণা এবং পরীক্ষা-নিরীক্ষার জন্য বায়োলজিক্যাল স্যাম্পল সংগ্রহ করা হয়। তুমি জানো?"
"তুমি কি কেমিক্যাল ইঞ্জিনিয়ারিং পছন্দ করো?","হ্যাঁ, আমি কেমিক্যাল ইঞ্জিনিয়ারিং নিয়ে কাজ করতে পছন্দ করি। তুমি?"
"তুমি কীভাবে মহাকাশযান তৈরি করা হয় জানো?","হ্যাঁ, মহাকাশযান তৈরি করতে বিজ্ঞান এবং প্রযুক্তির সমন্বয় করা হয়। তুমি জানো?"
"তুমি কি ইলেকট্রনিক্স পছন্দ করো?","হ্যাঁ, আমি ইলেকট্রনিক্স ডিভাইস এবং সার্কিট নিয়ে কাজ করতে পছন্দ করি। তুমি?"
"তুমি কি ন্যানোটেকনোলজি নিয়ে গবেষণা করতে পছন্দ করো?","হ্যাঁ, আমি ন্যানোটেকনোলজি নিয়ে গবেষণা করতে পছন্দ করি। তুমি?"
"তুমি কি অ্যান্টার্কটিকা সম্পর্কে জানো?","হ্যাঁ, অ্যান্টার্কটিকা হল পৃথিবীর শীতলতম মহাদেশ। তুমি জানো?"
"তুমি কি খনিজ সম্পদ নিয়ে গবেষণা করতে পছন্দ করো?","হ্যাঁ, আমি খনিজ সম্পদ এবং তাদের প্রয়োগ নিয়ে পড়াশোনা করতে পছন্দ করি। তুমি?"
"তুমি কি বায়ু এবং জল দূষণ নিয়ে কাজ করতে আগ্রহী?","হ্যাঁ, আমি বায়ু এবং জল দূষণ প্রতিরোধে কাজ করতে আগ্রহী। তুমি?"
"তুমি কি সংরক্ষণ বিজ্ঞান নিয়ে কাজ করতে পছন্দ করো?","হ্যাঁ, আমি সংরক্ষণ বিজ্ঞান নিয়ে কাজ করতে পছন্দ করি। তুমি?"
"তুমি কি প্রাণী বিজ্ঞান নিয়ে গবেষণা করতে পছন্দ করো?","হ্যাঁ, আমি প্রাণী বিজ্ঞান নিয়ে গবেষণা করতে পছন্দ করি। তুমি?"
"তুমি কীভাবে জৈব পদ্ধতিতে চাষাবাদ করা হয় জানো?","হ্যাঁ, জৈব পদ্ধতিতে চাষাবাদ করা হয় রাসায়নিক ব্যবহার ছাড়া। তুমি জানো?"
"তুমি কি মলিকুলার বায়োলজি পছন্দ করো?","হ্যাঁ, আমি মলিকুলার বায়োলজি নিয়ে কাজ করতে পছন্দ করি। তুমি?"
"তুমি কি বাস্তুসংস্থান নিয়ে গবেষণা করতে আগ্রহী?","হ্যাঁ, আমি বাস্তুসংস্থান এবং পরিবেশ নিয়ে গবেষণা করতে আগ্রহী। তুমি?"
"তুমি কি ভূগোল পছন্দ করো?","হ্যাঁ, আমি পৃথিবীর ভৌগোলিক বৈশিষ্ট্য নিয়ে পড়াশোনা করতে পছন্দ করি। তুমি?"
"তুমি কি জেনেটিক ডিসঅর্ডার নিয়ে কাজ করতে পছন্দ করো?","হ্যাঁ, আমি জেনেটিক ডিসঅর্ডার নিয়ে গবেষণা করতে পছন্দ করি। তুমি?"
"তুমি কীভাবে প্রাণীর আচরণ নিয়ে গবেষণা করা হয় জানো?","হ্যাঁ, গবেষণাগারে এবং প্রকৃতিতে পর্যবেক্ষণ করে প্রাণীর আচরণ নিয়ে গবেষণা করা হয়। তুমি জানো?"
"তুমি কি ইকোলজিক্যাল রিসার্চ নিয়ে আগ্রহী?","হ্যাঁ, আমি ইকোলজিক্যাল রিসার্চ নিয়ে কাজ করতে আগ্রহী। তুমি?"
"তুমি কি স্পেস টেকনোলজি নিয়ে কাজ করতে পছন্দ করো?","হ্যাঁ, আমি স্পেস টেকনোলজি এবং মহাকাশ গবেষণা নিয়ে কাজ করতে পছন্দ করি। তুমি?"
"তুমি কীভাবে জেনেটিক মডিফিকেশন করা হয় জানো?","হ্যাঁ, জেনেটিক মডিফিকেশন করা হয় জিনের পরিবর্তন এবং স্থানান্তরের মাধ্যমে। তুমি জানো?"
"তুমি কি প্যাথোজেন নিয়ে গবেষণা করতে আগ্রহী?","হ্যাঁ, আমি প্যাথোজেন এবং তাদের সংক্রমণ নিয়ে গবেষণা করতে আগ্রহী। তুমি?"
"তুমি কি ভূতত্ত্ব পছন্দ করো?","হ্যাঁ, আমি ভূতত্ত্ব এবং ভূমিকম্পের কারণ নিয়ে পড়াশোনা করতে পছন্দ করি। তুমি?"
"তুমি কি স্পেস এক্সপ্লোরেশন নিয়ে আগ্রহী?","হ্যাঁ, আমি স্পেস এক্সপ্লোরেশন এবং নতুন গ্রহ আবিষ্কার নিয়ে আগ্রহী। তুমি?"
"তুমি কি বায়োটেকনোলজি নিয়ে কাজ করতে পছন্দ করো?","হ্যাঁ, আমি বায়োটেকনোলজি নিয়ে গবেষণা করতে পছন্দ করি। তুমি?"
"তুমি কীভাবে ভূতাত্ত্বিক সংগ্রহ করা হয় জানো?","হ্যাঁ, ভূতাত্ত্বিক সংগ্রহ করা হয় খনন এবং পর্যবেক্ষণের মাধ্যমে। তুমি জানো?"
"তুমি কি অ্যানাটমি পড়তে পছন্দ করো?","হ্যাঁ, আমি অ্যানাটমি এবং মানব দেহ নিয়ে পড়াশোনা করতে পছন্দ করি। তুমি?"
"তুমি কীভাবে ক্লোনিং করা হয় জানো?","হ্যাঁ, ক্লোনিং করা হয় জেনেটিক উপাদান ব্যবহার করে। তুমি জানো?"
"তুমি কি প্ল্যানেটারি সায়েন্স পছন্দ করো?","হ্যাঁ, আমি প্ল্যানেটারি সায়েন্স এবং গ্রহমণ্ডল নিয়ে পড়াশোনা করতে পছন্দ করি। তুমি?"
"তুমি কি সাইবারনেটিক্স পছন্দ করো?","হ্যাঁ, আমি সাইবারনেটিক্স এবং কৃত্রিম বুদ্ধিমত্তা নিয়ে কাজ করতে পছন্দ করি। তুমি?"
"তুমি কীভাবে নতুন ড্রাগ আবিষ্কার করা হয় জানো?","হ্যাঁ, নতুন ড্রাগ আবিষ্কার করা হয় গবেষণা এবং ক্লিনিক্যাল ট্রায়াল মাধ্যমে। তুমি জানো?"
"তুমি কি ভূতত্ত্ব নিয়ে কাজ করতে পছন্দ করো?","হ্যাঁ, আমি ভূতত্ত্ব এবং ভূমিকম্পের কারণ নিয়ে গবেষণা করতে পছন্দ করি। তুমি?"
"তুমি কীভাবে জীবাশ্ম ফুয়েল সংগ্রহ করা হয় জানো?","হ্যাঁ, জীবাশ্ম ফুয়েল সংগ্রহ করা হয় খনন এবং প্রক্রিয়াকরণের মাধ্যমে। তুমি জানো?"
"তুমি কি নিউরো টেকনোলজি পছন্দ করো?","হ্যাঁ, আমি নিউরো টেকনোলজি এবং মস্তিষ্কের গবেষণা নিয়ে কাজ করতে পছন্দ করি। তুমি?"
"তুমি কি বায়োমেডিক্যাল ইঞ্জিনিয়ারিং পছন্দ করো?","হ্যাঁ, আমি বায়োমেডিক্যাল ইঞ্জিনিয়ারিং নিয়ে কাজ করতে পছন্দ করি। তুমি?"
"তুমি কি প্ল্যানেটারি মিশন নিয়ে আগ্রহী?","হ্যাঁ, আমি প্ল্যানেটারি মিশন এবং মহাকাশ গবেষণা নিয়ে আগ্রহী। তুমি?"
"তুমি কীভাবে ব্যাকটেরিয়া গবেষণা করা হয় জানো?","হ্যাঁ, ব্যাকটেরিয়া গবেষণা করা হয় ল্যাবরেটরি এবং মাইক্রোস্কোপ ব্যবহার করে। তুমি জানো?"
"তুমি কি হাইড্রোজেন শক্তি পছন্দ করো?","হ্যাঁ, আমি হাইড্রোজেন শক্তি এবং তার প্রয়োগ নিয়ে কাজ করতে পছন্দ করি। তুমি?"
"তুমি কীভাবে জৈবপদার্থ বিশ্লেষণ করা হয় জানো?","হ্যাঁ, জৈবপদার্থ বিশ্লেষণ করা হয় ল্যাবরেটরি পরীক্ষা এবং গবেষণার মাধ্যমে। তুমি জানো?"
"তুমি কি বিজ্ঞান কনফারেন্স পছন্দ করো?","হ্যাঁ, আমি বিজ্ঞান কনফারেন্সে অংশগ্রহণ করতে পছন্দ করি। তুমি?"
"তুমি কি গণিত ভালোবাসো?","হ্যাঁ, আমি গণিত ভালোবাসি। তুমি কি ভালোবাসো?"
"তুমি কি সংখ্যা তত্ত্ব সম্পর্কে জানো?","হ্যাঁ, সংখ্যা তত্ত্ব হল প্রাইম নাম্বার এবং তাদের বৈশিষ্ট্য নিয়ে পড়াশোনা। তুমি জানো?"
"তুমি কি ইন্টিগ্রাল ক্যালকুলাস পড়তে পছন্দ করো?","হ্যাঁ, ইন্টিগ্রাল ক্যালকুলাস হল গণিতের একটি শাখা যা সমাকলনের ব্যবহার নিয়ে কাজ করে। তুমি পছন্দ করো?"
"তুমি কি পিথাগোরাসের উপপাদ্য জানো?","হ্যাঁ, পিথাগোরাসের উপপাদ্য অনুযায়ী, একটি সমকোণী ত্রিভুজের কৌণিক বাহুগুলির বর্গের যোগফল ভিত্তির বর্গের সমান। তুমি জানো?"
"তুমি কি ত্রিকোণমিতি পছন্দ করো?","হ্যাঁ, আমি ত্রিকোণমিতি পছন্দ করি এবং এর ফাংশন নিয়ে কাজ করি। তুমি পছন্দ করো?"
"তুমি কি ফিবোনাচি সিকোয়েন্স জানো?","হ্যাঁ, ফিবোনাচি সিকোয়েন্স হল একটি সংখ্যার সিকোয়েন্স যেখানে প্রতিটি সংখ্যা পূর্ববর্তী দুটি সংখ্যার যোগফল। তুমি জানো?"
"তুমি কি লিনিয়ার অ্যালজেব্রা পছন্দ করো?","হ্যাঁ, আমি লিনিয়ার অ্যালজেব্রা এবং এর ম্যাট্রিক্স নিয়ে কাজ করতে পছন্দ করি। তুমি পছন্দ করো?"
"তুমি কি ডিফারেনশিয়াল ইকুয়েশন নিয়ে কাজ করতে পছন্দ করো?","হ্যাঁ, আমি ডিফারেনশিয়াল ইকুয়েশন এবং এর সমাধান নিয়ে কাজ করতে পছন্দ করি। তুমি?"
"তুমি কি সম্ভাবনা তত্ত্ব জানো?","হ্যাঁ, সম্ভাবনা তত্ত্ব হল গণিতের একটি শাখা যা ঘটনাগুলির সম্ভাবনা নিয়ে কাজ করে। তুমি জানো?"
"তুমি কি গাণিতিক যুক্তি পছন্দ করো?","হ্যাঁ, আমি গাণিতিক যুক্তি এবং পদ্ধতি নিয়ে কাজ করতে পছন্দ করি। তুমি পছন্দ করো?"
"তুমি কি গাণিতিক ধাঁধা সমাধান করতে পছন্দ করো?","হ্যাঁ, আমি গাণিতিক ধাঁধা সমাধান করতে পছন্দ করি। তুমি পছন্দ করো?"
"তুমি কি গণিত অলিম্পিয়াডে অংশগ্রহণ করেছো?","হ্যাঁ, আমি গণিত অলিম্পিয়াডে অংশগ্রহণ করেছি। তুমি করেছো?"
"তুমি কি সম্ভাবনা গণনা জানো?","হ্যাঁ, সম্ভাবনা গণনা হল ঘটনা ঘটার সম্ভাবনা বের করার পদ্ধতি। তুমি জানো?"
"তুমি কি কোয়াড্রাটিক ইকুয়েশন সমাধান করতে পছন্দ করো?","হ্যাঁ, আমি কোয়াড্রাটিক ইকুয়েশন সমাধান করতে পছন্দ করি। তুমি?"
"তুমি কি গাণিতিক মডেলিং পছন্দ করো?","হ্যাঁ, আমি গাণিতিক মডেলিং এবং এর প্রয়োগ নিয়ে কাজ করতে পছন্দ করি। তুমি?"
"তুমি কি ভেক্টর ক্যালকুলাস জানো?","হ্যাঁ, ভেক্টর ক্যালকুলাস হল ভেক্টরের ব্যবহারের মাধ্যমে গণিতের সমাধান। তুমি জানো?"
"তুমি কি আয়তক্ষেত্র এবং বৃত্তের ক্ষেত্রফল বের করতে পছন্দ করো?","হ্যাঁ, আমি আয়তক্ষেত্র এবং বৃত্তের ক্ষেত্রফল বের করতে পছন্দ করি। তুমি?"
"তুমি কি গাণিতিক প্রমাণ পছন্দ করো?","হ্যাঁ, আমি গাণিতিক প্রমাণ এবং তাদের নীতি নিয়ে কাজ করতে পছন্দ করি। তুমি?"
"তুমি কি কো-অর্ডিনেট জ্যামিতি জানো?","হ্যাঁ, কো-অর্ডিনেট জ্যামিতি হল বিন্দুর স্থানাঙ্ক ব্যবহার করে জ্যামিতিক সমস্যার সমাধান। তুমি জানো?"
"তুমি কি ইনফিনিটি সম্পর্কে জানো?","হ্যাঁ, ইনফিনিটি হল সীমাহীন পরিমাণ। তুমি জানো?"
"তুমি কি গাণিতিক সূত্র মনে রাখতে পছন্দ করো?","হ্যাঁ, আমি গাণিতিক সূত্র মনে রাখতে পছন্দ করি। তুমি পছন্দ করো?"
"তুমি কি সংখ্যার বৈশিষ্ট্য নিয়ে কাজ করতে পছন্দ করো?","হ্যাঁ, আমি সংখ্যার বৈশিষ্ট্য এবং তাদের প্রয়োগ নিয়ে কাজ করতে পছন্দ করি। তুমি পছন্দ করো?"
"তুমি কি গাণিতিক গ্রাফ পছন্দ করো?","হ্যাঁ, আমি গাণিতিক গ্রাফ আঁকতে এবং বিশ্লেষণ করতে পছন্দ করি। তুমি পছন্দ করো?"
"তুমি কি ম্যাট্রিক্স এবং ডিটারমিনেন্ট পছন্দ করো?","হ্যাঁ, আমি ম্যাট্রিক্স এবং ডিটারমিনেন্ট নিয়ে কাজ করতে পছন্দ করি। তুমি পছন্দ করো?"
"তুমি কি পোলার কোঅর্ডিনেট সম্পর্কে জানো?","হ্যাঁ, পোলার কোঅর্ডিনেট হল একটি স্থানাঙ্ক পদ্ধতি যা বিন্দুর দূরত্ব এবং কোণ ব্যবহার করে। তুমি জানো?"
"তুমি কি লগারিদম সমাধান করতে পছন্দ করো?","হ্যাঁ, আমি লগারিদম সমাধান করতে পছন্দ করি। তুমি পছন্দ করো?"
"তুমি কি গাণিতিক রাশির সংযোজন পছন্দ করো?","হ্যাঁ, আমি গাণিতিক রাশির সংযোজন এবং বিয়োগ করতে পছন্দ করি। তুমি পছন্দ করো?"
"তুমি কি গাণিতিক সমস্যার সমাধান করতে পছন্দ করো?","হ্যাঁ, আমি গাণিতিক সমস্যার সমাধান করতে পছন্দ করি। তুমি পছন্দ করো?"
"তুমি কি সিমেট্রি এবং এর প্রয়োগ জানো?","হ্যাঁ, সিমেট্রি হল গাণিতিক ফিগারের একটি বৈশিষ্ট্য যা দুটি ভাগ সমান হয়। তুমি জানো?"
"তুমি কি পরিসংখ্যান পছন্দ করো?","হ্যাঁ, আমি পরিসংখ্যান এবং ডেটা বিশ্লেষণ করতে পছন্দ করি। তুমি পছন্দ করো?"
"তুমি কি বীজগণিত পছন্দ করো?","হ্যাঁ, আমি বীজগণিত এবং এর সমীকরণ নিয়ে কাজ করতে পছন্দ করি। তুমি?"
"তুমি কি ত্রিকোণমিতিক অনুপাত জানো?","হ্যাঁ, ত্রিকোণমিতিক অনুপাত হল কোণের ফাংশন যা ত্রিভুজের বাহুগুলির অনুপাত নির্ধারণ করে। তুমি জানো?"
"তুমি কি ফ্যাক্টরাইজেশন পছন্দ করো?","হ্যাঁ, আমি ফ্যাক্টরাইজেশন এবং এর ব্যবহার পছন্দ করি। তুমি পছন্দ করো?"
"তুমি কি জ্যামিতিক প্রমাণ পছন্দ করো?","হ্যাঁ, আমি জ্যামিতিক প্রমাণ এবং তাদের ধাপ গুলি পছন্দ করি। তুমি?"
"তুমি কি ক্যাটেগরিক্যাল ডেটা নিয়ে কাজ করতে পছন্দ করো?","হ্যাঁ, আমি ক্যাটেগরিক্যাল ডেটা নিয়ে কাজ করতে পছন্দ করি। তুমি?"
"তুমি কি সংখ্যার পূর্ণ সংখ্যা এবং ভগ্নাংশ নিয়ে কাজ করতে পছন্দ করো?","হ্যাঁ, আমি পূর্ণ সংখ্যা এবং ভগ্নাংশ নিয়ে কাজ করতে পছন্দ করি। তুমি?"
"তুমি কি গাণিতিক সমস্যা সমাধান করতে পছন্দ করো?","হ্যাঁ, আমি গাণিতিক সমস্যা সমাধান করতে পছন্দ করি। তুমি পছন্দ করো?"
"তুমি কি প্যারাবোলার বৈশিষ্ট্য জানো?","হ্যাঁ, প্যারাবোলা হল একটি সমতল রেখার এক নির্দিষ্ট বক্ররেখা। তুমি জানো?"
"তুমি কি পলিনোমিয়াল সমীকরণ সমাধান করতে পছন্দ করো?","হ্যাঁ, আমি পলিনোমিয়াল সমীকরণ সমাধান করতে পছন্দ করি। তুমি পছন্দ করো?"
"তুমি কি লগারিদমিক স্কেল পছন্দ করো?","হ্যাঁ, আমি লগারিদমিক স্কেল এবং এর ব্যবহার পছন্দ করি। তুমি পছন্দ করো?"
"৫ যোগ ৩ কত?","৫ যোগ ৩ সমান ৮।"
"১০ ভাগ ২ কত?","১০ ভাগ ২ সমান ৫।"
"৭ গুণ ৬ কত?","৭ গুণ ৬ সমান ৪২।"
"৯ বিয়োগ ৪ কত?","৯ বিয়োগ ৪ সমান ৫।"
"২০ এর ১/৪ কত?","২০ এর ১/৪ সমান ৫।"
"কোন সংখ্যার সাথে ৫ যোগ করলে ১০ হবে?","৫ যোগ ৫ করলে ১০ হবে।"
"১০ এর সাথে কোন সংখ্যা বিয়োগ করলে ৬ হবে?","১০ এর সাথে ৪ বিয়োগ করলে ৬ হবে।"
"১২ এর ৫০% কত?","১২ এর ৫০% সমান ৬।"
"৩ গুণ ৯ কত?","৩ গুণ ৯ সমান ২৭।"
"২০ যোগ ৩০ কত?","২০ যোগ ৩০ সমান ৫০।"
"১৬ ভাগ ৪ কত?","১৬ ভাগ ৪ সমান ৪।"
"১৫ এর ১/৩ কত?","১৫ এর ১/৩ সমান ৫।"
"৮ এর সাথে ৭ যোগ করলে কত হবে?","৮ এর সাথে ৭ যোগ করলে ১৫ হবে।"
"৯ গুণ ৯ কত?","৯ গুণ ৯ সমান ৮১।"
"৩২ বিয়োগ ১২ কত?","৩২ বিয়োগ ১২ সমান ২০।"
"৫০ ভাগ ৫ কত?","৫০ ভাগ ৫ সমান ১০।"
"৬ এর বর্গমূল কত?","৬ এর বর্গমূল প্রায় ২.৪৪।"
"২৫ এর ১০% কত?","২৫ এর ১০% সমান ২.৫।"
"৭ যোগ ১৩ কত?","৭ যোগ ১৩ সমান ২০।"
"৫ এর ঘনমূল কত?","৫ এর ঘনমূল প্রায় ১.৭১।"
"৪ গুণ ৮ কত?","৪ গুণ ৮ সমান ৩২।"
"১১ বিয়োগ ৯ কত?","১১ বিয়োগ ৯ সমান ২।"
"২ এর সাথে কোন সংখ্যা যোগ করলে ১২ হবে?","২ এর সাথে ১০ যোগ করলে ১২ হবে।"
"৯ এর সাথে কোন সংখ্যা বিয়োগ করলে ৫ হবে?","৯ এর সাথে ৪ বিয়োগ করলে ৫ হবে।"
"২৫ ভাগ ৫ কত?","২৫ ভাগ ৫ সমান ৫।"
"৩০ এর ১/৫ কত?","৩০ এর ১/৫ সমান ৬।"
"১৫ যোগ ২০ কত?","১৫ যোগ ২০ সমান ৩৫।"
"১২ বিয়োগ ৭ কত?","১২ বিয়োগ ৭ সমান ৫।"
"৩ গুণ ৩ কত?","৩ গুণ ৩ সমান ৯।"
"৫০ এর ১০% কত?","৫০ এর ১০% সমান ৫।"
"৮ যোগ ৮ কত?","৮ যোগ ৮ সমান ১৬।"
"১৮ ভাগ ৩ কত?","১৮ ভাগ ৩ সমান ৬।"
"২১ গুণ ২ কত?","২১ গুণ ২ সমান ৪২।"
"১০ যোগ ৪ কত?","১০ যোগ ৪ সমান ১৪।"
"৯ এর বর্গমূল কত?","৯ এর বর্গমূল ৩।"
"১৪ এর ৫০% কত?","১৪ এর ৫০% সমান ৭।"
"৩ গুণ ৭ কত?","৩ গুণ ৭ সমান ২১।"
"৬ যোগ ৬ কত?","৬ যোগ ৬ সমান ১২।"
"৩ যোগ ৫ কত?","৩ যোগ ৫ সমান ৮।"
"৬ গুণ ৪ কত?","৬ গুণ ৪ সমান ২৪।"
"২ ভাগ ১ কত?","২ ভাগ ১ সমান ২।"
"৯ বিয়োগ ৩ কত?","৯ বিয়োগ ৩ সমান ৬।"
"১৫ এর ১/৩ কত?","১৫ এর ১/৩ সমান ৫।"
"২০ যোগ ৫ কত?","২০ যোগ ৫ সমান ২৫।"
"১৬ ভাগ ৮ কত?","১৬ ভাগ ৮ সমান ২।"
"৪ গুণ ৪ কত?","৪ গুণ ৪ সমান ১৬।"
"১০ বিয়োগ ৫ কত?","১০ বিয়োগ ৫ সমান ৫।"
"১২ এর ১/৪ কত?","১২ এর ১/৪ সমান ৩।"
"৫ গুণ ২ কত?","৫ গুণ ২ সমান ১০।"
"৮ ভাগ ৪ কত?","৮ ভাগ ৪ সমান ২।"
"৩ যোগ ৭ কত?","৩ যোগ ৭ সমান ১০।"
"৭ বিয়োগ ৩ কত?","৭ বিয়োগ ৩ সমান ৪।"
"২০ এর ১০% কত?","২০ এর ১০% সমান ২।"
"৪ গুণ ৫ কত?","৪ গুণ ৫ সমান ২০।"
"৬ যোগ ৪ কত?","৬ যোগ ৪ সমান ১০।"
"৯ ভাগ ৩ কত?","৯ ভাগ ৩ সমান ৩।"
"৮ বিয়োগ ৬ কত?","৮ বিয়োগ ৬ সমান ২।"
"১০ এর বর্গমূল কত?","১০ এর বর্গমূল প্রায় ৩.১৬।"
"১২ যোগ ৮ কত?","১২ যোগ ৮ সমান ২০।"
"১৪ ভাগ ২ কত?","১৪ ভাগ ২ সমান ৭।"
"৪ বিয়োগ ২ কত?","৪ বিয়োগ ২ সমান ২।"
"১৫ এর ২০% কত?","১৫ এর ২০% সমান ৩।"
"৩ গুণ ৬ কত?","৩ গুণ ৬ সমান ১৮।"
"৮ যোগ ২ কত?","৮ যোগ ২ সমান ১০।"
"৯ ভাগ ১ কত?","৯ ভাগ ১ সমান ৯।"
"৭ বিয়োগ ৫ কত?","৭ বিয়োগ ৫ সমান ২।"
"২ এর বর্গমূল কত?","২ এর বর্গমূল প্রায় ১.৪১।"
"২০ যোগ ১০ কত?","২০ যোগ ১০ সমান ৩০।"
"১৬ ভাগ ২ কত?","১৬ ভাগ ২ সমান ৮।"
"৪ বিয়োগ ১ কত?","৪ বিয়োগ ১ সমান ৩।"
"৬ গুণ ৩ কত?","৬ গুণ ৩ সমান ১৮।"
"৮ যোগ ১২ কত?","৮ যোগ ১২ সমান ২০।"
"১০ ভাগ ৫ কত?","১০ ভাগ ৫ সমান ২।"
"৬ বিয়োগ ৩ কত?","৬ বিয়োগ ৩ সমান ৩।"
"৫ গুণ ৫ কত?","৫ গুণ ৫ সমান ২৫।"
"১৪ যোগ ৬ কত?","১৪ যোগ ৬ সমান ২০।"
"১৮ ভাগ ২ কত?","১৮ ভাগ ২ সমান ৯।"
"২০ এর ২৫% কত?","২০ এর ২৫% সমান ৫।"
"৫ যোগ ৭ কত?","৫ যোগ ৭ সমান ১২।"
"৯ গুণ ৫ কত?","৯ গুণ ৫ সমান ৪৫।"
"২০ ভাগ ৪ কত?","২০ ভাগ ৪ সমান ৫।"
"১৫ বিয়োগ ৫ কত?","১৫ বিয়োগ ৫ সমান ১০।"
"৫০ এর ১/২ কত?","৫০ এর ১/২ সমান ২৫।"
"৩০ যোগ ১০ কত?","৩০ যোগ ১০ সমান ৪০।"
"২৪ ভাগ ৬ কত?","২৪ ভাগ ৬ সমান ৪।"
"১২ গুণ ৪ কত?","১২ গুণ ৪ সমান ৪৮।"
"১৮ বিয়োগ ৮ কত?","১৮ বিয়োগ ৮ সমান ১০।"
"৮০ এর ২৫% কত?","৮০ এর ২৫% সমান ২০।"
"৭ গুণ ৭ কত?","৭ গুণ ৭ সমান ৪৯।"
"৯ যোগ ৯ কত?","৯ যোগ ৯ সমান ১৮।"
"৩০ বিয়োগ ১৫ কত?","৩০ বিয়োগ ১৫ সমান ১৫।"
"৪৫ ভাগ ৯ কত?","৪৫ ভাগ ৯ সমান ৫।"
"২৫ এর ২০% কত?","২৫ এর ২০% সমান ৫।"
"৬ যোগ ১২ কত?","৬ যোগ ১২ সমান ১৮।"
"৭ গুণ ৩ কত?","৭ গুণ ৩ সমান ২১।"
"১৮ বিয়োগ ৯ কত?","১৮ বিয়োগ ৯ সমান ৯।"
"৫০ যোগ ২৫ কত?","৫০ যোগ ২৫ সমান ৭৫।"
"১০০ ভাগ ১০ কত?","১০০ ভাগ ১০ সমান ১০।"
"১৬ এর বর্গমূল কত?","১৬ এর বর্গমূল ৪।"
"৯ যোগ ৬ কত?","৯ যোগ ৬ সমান ১৫।"
"৩০ ভাগ ৫ কত?","৩০ ভাগ ৫ সমান ৬।"
"১২ বিয়োগ ৪ কত?","১২ বিয়োগ ৪ সমান ৮।"
"৩ গুণ ৮ কত?","৩ গুণ ৮ সমান ২৪।"
"২০ যোগ ১৫ কত?","২০ যোগ ১৫ সমান ৩৫।"
"২৮ ভাগ ৭ কত?","২৮ ভাগ ৭ সমান ৪।"
"১৪ বিয়োগ ৭ কত?","১৪ বিয়োগ ৭ সমান ৭।"
"২ এর ১০% কত?","২ এর ১০% সমান ০.২।"
"৬ যোগ ৯ কত?","৬ যোগ ৯ সমান ১৫।"
"৮ গুণ ৮ কত?","৮ গুণ ৮ সমান ৬৪।"
"২১ ভাগ ৭ কত?","২১ ভাগ ৭ সমান ৩।"
"১২ বিয়োগ ৫ কত?","১২ বিয়োগ ৫ সমান ৭।"
"৩ গুণ ২ কত?","৩ গুণ ২ সমান ৬।"
"১০ যোগ ১৫ কত?","১০ যোগ ১৫ সমান ২৫।"
"৪০ ভাগ ৮ কত?","৪০ ভাগ ৮ সমান ৫।"
"১৮ বিয়োগ ৬ কত?","১৮ বিয়োগ ৬ সমান ১২।"
"৭ গুণ ৪ কত?","৭ গুণ ৪ সমান ২৮।"
"১৬ যোগ ৯ কত?","১৬ যোগ ৯ সমান ২৫।"
"৬০ ভাগ ১২ কত?","৬০ ভাগ ১২ সমান ৫।"
"২৫ বিয়োগ ১০ কত?","২৫ বিয়োগ ১০ সমান ১৫।"
"৫ গুণ ৬ কত?","৫ গুণ ৬ সমান ৩০।"
"১২ যোগ ১৪ কত?","১২ যোগ ১৪ সমান ২৬।"
"৯ ভাগ ৩ কত?","৯ ভাগ ৩ সমান ৩।"
"৩ বিয়োগ ২ কত?","৩ বিয়োগ ২ সমান ১।"
"আজকে তুমি কী করছো?","আমি আজকে কিছু পড়াশোনা করছি। তুমি কী করছো?"
"তুমি কী ধরনের মিউজিক পছন্দ করো?","আমি ক্লাসিকাল মিউজিক পছন্দ করি। তুমি কী পছন্দ করো?"
"তোমার প্রিয় সিনেমা কোনটি?","আমার প্রিয় সিনেমা 'পথের পাঁচালী'। তোমার প্রিয় সিনেমা কোনটি?"
"তুমি কীভাবে বন্ধুদের সাথে সময় কাটাও?","আমি সাধারণত বন্ধুদের সাথে আড্ডা মারি এবং খেলা খেলি। তুমি কীভাবে কাটাও?"
"তুমি কফি নাকি চা বেশি পছন্দ করো?","আমি চা বেশি পছন্দ করি। তুমি?"
"তোমার প্রিয় বই কোনটি?","আমার প্রিয় বই 'গীতাঞ্জলি'। তোমার প্রিয় বই কোনটি?"
"তুমি কোন দেশে যেতে চাও?","আমি জাপান যেতে চাই। তুমি?"
"তুমি কী নতুন কিছু শিখছো?","হ্যাঁ, আমি নতুন একটি ভাষা শিখছি। তুমি?"
"তোমার প্রিয় রঙ কোনটি?","আমার প্রিয় রঙ নীল। তোমার প্রিয় রঙ কোনটি?"
"তুমি কী ধরনের খাবার পছন্দ করো?","আমি ভারতীয় খাবার পছন্দ করি। তুমি?"
"তোমার শখ কী?","আমার শখ বই পড়া এবং আঁকা। তোমার শখ কী?"
"তুমি কোন কাজটি বেশি উপভোগ করো?","আমি পেইন্টিং করতে উপভোগ করি। তুমি?"
"তুমি কোথায় বেড়াতে যেতে পছন্দ করো?","আমি পাহাড়ি জায়গায় বেড়াতে যেতে পছন্দ করি। তুমি?"
"তোমার প্রিয় খেলাধুলা কোনটি?","আমার প্রিয় খেলাধুলা ফুটবল। তোমার প্রিয় খেলাধুলা কোনটি?"
"তুমি কীভাবে বিশ্রাম নাও?","আমি গান শুনে এবং বই পড়ে বিশ্রাম নেই। তুমি?"
"তুমি কোন ঋতু বেশি পছন্দ করো?","আমি শীতকাল বেশি পছন্দ করি। তুমি?"
"তোমার প্রিয় উৎসব কী?","আমার প্রিয় উৎসব দুর্গাপূজা। তোমার প্রিয় উৎসব কী?"
"তুমি কীভাবে নতুন কিছু শিখতে পছন্দ করো?","আমি অনলাইন কোর্স এবং ভিডিও দেখে নতুন কিছু শিখতে পছন্দ করি। তুমি?"
"তুমি কোন কাজ করতে বেশি ভালোবাসো?","আমি গল্প লেখা এবং ফটোগ্রাফি করতে ভালোবাসি। তুমি?"
"তুমি কীভাবে দিন কাটাতে পছন্দ করো?","আমি দিন কাটাতে পছন্দ করি বন্ধুদের সাথে সময় কাটিয়ে। তুমি?"
"তুমি কী ধরনের সিনেমা পছন্দ করো?","আমি রোমান্টিক এবং ড্রামা সিনেমা পছন্দ করি। তুমি?"
"তোমার প্রিয় খাবার কী?","আমার প্রিয় খাবার মাটন বিরিয়ানি। তোমার প্রিয় খাবার কী?"
"তুমি কী ধরনের পরিবেশ পছন্দ করো?","আমি সবুজ এবং শান্ত পরিবেশ পছন্দ করি। তুমি?"
"তুমি কোন ভাষা শিখতে চাও?","আমি স্প্যানিশ শিখতে চাই। তুমি কোন ভাষা শিখতে চাও?"
"তুমি কীভাবে সময় কাটাও?","আমি সময় কাটাই বই পড়ে এবং মুভি দেখে। তুমি?"
"তোমার প্রিয় পশু কী?","আমার প্রিয় পশু কুকুর। তোমার প্রিয় পশু কী?"
"তুমি কীভাবে ছুটির দিন কাটাও?","আমি ছুটির দিন কাটাই পরিবার এবং বন্ধুদের সাথে সময় কাটিয়ে। তুমি?"
"তোমার পছন্দের সঙ্গীতশিল্পী কে?","আমার পছন্দের সঙ্গীতশিল্পী লতা মঙ্গেশকর। তোমার পছন্দের কে?"
"তুমি কী ধরনের বই পড়তে পছন্দ করো?","আমি সায়েন্স ফিকশন বই পড়তে পছন্দ করি। তুমি?"
"তুমি কোন ফল পছন্দ করো?","আমি আম পছন্দ করি। তুমি?"
"তুমি কী ধরনের ভ্রমণ পছন্দ করো?","আমি পাহাড়ে ট্রেকিং পছন্দ করি। তুমি?"
"তুমি কেমন মানুষের সাথে বন্ধুত্ব করতে পছন্দ করো?","আমি মজার এবং সদয় মানুষের সাথে বন্ধুত্ব করতে পছন্দ করি। তুমি?"
"তোমার প্রিয় কাজ কী?","আমার প্রিয় কাজ গান শোনা এবং সিনেমা দেখা। তোমার প্রিয় কাজ কী?"
"তুমি কীভাবে নতুন বন্ধু তৈরি করো?","আমি বিভিন্ন সোশ্যাল মিডিয়া প্ল্যাটফর্ম এবং ইভেন্টে যোগ দিয়ে নতুন বন্ধু তৈরি করি। তুমি?"
"তোমার প্রিয় স্মৃতি কোনটি?","আমার প্রিয় স্মৃতি হল আমার প্রথম ভ্রমণ। তোমার প্রিয় স্মৃতি কোনটি?"
"তুমি কী ধরনের খেলা খেলতে পছন্দ করো?","আমি ব্যাডমিন্টন খেলতে পছন্দ করি। তুমি?"
"তোমার প্রিয় সঙ্গীত কোনটি?","আমার প্রিয় সঙ্গীত হল রবীন্দ্রসঙ্গীত। তোমার প্রিয় সঙ্গীত কোনটি?"
"তুমি কোথায় বেড়াতে যেতে চাও?","আমি দার্জিলিং যেতে চাই। তুমি কোথায় যেতে চাও?"
"কীভাবে দূরবর্তী কাজ তোমার কাজ-জীবনের ভারসাম্যকে প্রভাবিত করেছে?","দূরবর্তী কাজ আমাকে আরও বেশি সুবিধা দিয়েছে, তবে এটি ব্যক্তিগত জীবন থেকে কাজকে পৃথক করা কঠিন।"
"কাজের ক্ষেত্রে মানসিক স্বাস্থ্যের গুরুত্ব সম্পর্কে তোমার কী মতামত?","মানসিক স্বাস্থ্য অত্যন্ত গুরুত্বপূর্ণ। প্রতিষ্ঠানগুলি কর্মীদের মানসিক স্বাস্থ্যের জন্য সমর্থন এবং সম্পদ প্রদান করা উচিত।"
"তুমি পরিবেশ সচেতন হতে কী কী পদক্ষেপ নিচ্ছো?","আমি পুনর্ব্যবহারযোগ্য ব্যাগ ব্যবহার করা শুরু করেছি এবং প্লাস্টিকের ব্যবহার কমিয়েছি। ছোট ছোট পরিবর্তন বড় প্রভাব ফেলতে পারে।"
"কাজের ক্ষেত্রে লিঙ্গ সমতা সমর্থনে প্রতিষ্ঠানগুলি কী করতে পারে?","কর্মসংস্থানের সমান সুযোগ এবং ন্যায্য মজুরি প্রদান করে প্রতিষ্ঠানগুলি লিঙ্গ সমতা সমর্থন করতে পারে।"
"তথ্য গোপনীয়তা সম্পর্কে তোমার কী মতামত?","তথ্য গোপনীয়তা একটি বড় উদ্বেগের বিষয়। প্রতিষ্ঠানগুলি কীভাবে তারা ব্যবহারকারীর তথ্য ব্যবহার এবং সুরক্ষিত করে তা সম্পর্কে স্বচ্ছ হওয়া উচিত।"
"বিশ্ব স্বাস্থ্য সংকট মোকাবেলায় তোমার কী সুপারিশ?","বিশ্ব স্বাস্থ্য অবকাঠামো উন্নত করা এবং স্বাস্থ্যসেবার ন্যায্য প্রবেশাধিকার নিশ্চিত করা গুরুত্বপূর্ণ পদক্ষেপ।"
"কীভাবে প্রতিষ্ঠানগুলি সাংস্কৃতিক বৈচিত্র্য এবং অন্তর্ভুক্তি প্রচার করতে পারে?","প্রতিষ্ঠানগুলি বৈচিত্র্য প্রশিক্ষণ প্রদান করতে পারে এবং এমন নীতি তৈরি করতে পারে যা প্রতিটি ব্যক্তির মূল্য দেয়।"
"অর্থনৈতিক অসমতা মোকাবেলায় তোমার কী মতামত?","ন্যায্য মজুরি এবং শিক্ষা প্রবেশাধিকার প্রচারকারী নীতিগুলি অর্থনৈতিক অসমতা কমাতে সাহায্য করতে পারে।"
"কৃত্রিম বুদ্ধিমত্তার নৈতিক ব্যবহারের জন্য কীভাবে নিয়ন্ত্রণ করা উচিত?","কৃত্রিম বুদ্ধিমত্তা নিয়ন্ত্রিত হওয়া উচিত যাতে পক্ষপাতিত্ব প্রতিরোধ করা যায় এবং এটি দায়িত্বশীলভাবে ব্যবহার করা হয়।"
"সোশ্যাল মিডিয়ার মানসিক স্বাস্থ্যের উপর কী প্রভাব আছে?","সোশ্যাল মিডিয়া ইতিবাচক এবং নেতিবাচক উভয় প্রভাব ফেলতে পারে। এটি সচেতনভাবে ব্যবহার করা এবং প্রয়োজনের সময় বিরতি নেওয়া গুরুত্বপূর্ণ।"
"কীভাবে দূরবর্তী কাজ তোমার পেশাগত দক্ষতাকে উন্নত করেছে?","দূরবর্তী কাজ আমাকে নতুন প্রযুক্তি এবং কাজের সরঞ্জাম শিখতে সহায়তা করেছে।"
"কাজের ক্ষেত্রে মানসিক স্বাস্থ্যের সমস্যা সমাধানে কী পদক্ষেপ নেওয়া যেতে পারে?","কর্মক্ষেত্রে মানসিক স্বাস্থ্য সমর্থন করতে পরামর্শদাতা এবং কর্মী সহায়তা প্রোগ্রাম প্রদান করা যেতে পারে।"
"তুমি কীভাবে জলবায়ু পরিবর্তন মোকাবেলায় অবদান রাখছো?","আমি আমার কার্বন ফুটপ্রিন্ট কমানোর চেষ্টা করছি এবং পুনর্ব্যবহার করে জলবায়ু পরিবর্তন মোকাবেলায় অবদান রাখছি।"
"লিঙ্গ সমতা সমর্থনে কী নীতি গ্রহণ করা উচিত?","লিঙ্গ সমতা সমর্থনে প্রতিষ্ঠানগুলি কর্মসংস্থানের সমান সুযোগ এবং ন্যায্য মজুরি নীতি গ্রহণ করা উচিত।"
"তথ্য গোপনীয়তা সম্পর্কে তোমার চিন্তা কী?","তথ্য গোপনীয়তা একটি গুরুতর বিষয়। প্রতিষ্ঠানগুলি ব্যবহারকারীর তথ্য সুরক্ষার জন্য আরও পদক্ষেপ গ্রহণ করা উচিত।"
"ভবিষ্যতের মহামারী মোকাবেলায় কীভাবে প্রস্তুত হওয়া উচিত?","ভবিষ্যতের মহামারী মোকাবেলায় স্বাস্থ্য অবকাঠামো উন্নত করা এবং ন্যায্য স্বাস্থ্যসেবা নিশ্চিত করা গুরুত্বপূর্ণ।"
"প্রতিষ্ঠানগুলি কীভাবে বৈচিত্র্য এবং অন্তর্ভুক্তি প্রচার করতে পারে?","প্রতিষ্ঠানগুলি বৈচিত্র্য প্রশিক্ষণ এবং সংবিধান নীতি তৈরি করে বৈচিত্র্য এবং অন্তর্ভুক্তি প্রচার করতে পারে।"
"অর্থনৈতিক অসমতা কমাতে কী পদক্ষেপ নেওয়া উচিত?","অর্থনৈতিক অসমতা কমাতে ন্যায্য মজুরি এবং শিক্ষা প্রবেশাধিকার প্রদানকারী নীতিগুলি গুরুত্বপূর্ণ।"
"কৃত্রিম বুদ্ধিমত্তার নৈতিক ব্যবহারের জন্য কীভাবে নিয়ন্ত্রণ করা উচিত?","কৃত্রিম বুদ্ধিমত্তা নিয়ন্ত্রিত হওয়া উচিত যাতে এটি দায়িত্বশীলভাবে এবং ন্যায্যভাবে ব্যবহার করা যায়।"
"সোশ্যাল মিডিয়ার মানসিক স্বাস্থ্যের উপর কী প্রভাব আছে?","সোশ্যাল মিডিয়া মানসিক স্বাস্থ্য উন্নত এবং ক্ষতিগ্রস্ত উভয়ভাবে প্রভাব ফেলতে পারে।"
"তুমি কীভাবে ডিজিটাল মাধ্যমের ব্যবহার করে শিক্ষাগ্রহণ করছো?","আমি অনলাইন কোর্স এবং ভিডিও দেখে নতুন কিছু শিখছি।"
"কর্মক্ষেত্রে মানসিক স্বাস্থ্য সমর্থনে কী উদ্যোগ নেওয়া যেতে পারে?","কর্মক্ষেত্রে মানসিক স্বাস্থ্য সমর্থনে পরামর্শদাতা এবং কর্মী সহায়তা প্রোগ্রাম প্রয়োজন।"
"তুমি কীভাবে জলবায়ু পরিবর্তন মোকাবেলায় অবদান রাখছো?","আমি পুনর্ব্যবহার এবং পরিবেশবান্ধব পণ্য ব্যবহার করে জলবায়ু পরিবর্তন মোকাবেলায় অবদান রাখছি।"
"তোমার কাজের পরিবেশ কেমন?","আমার কাজের পরিবেশ খুবই সৃজনশীল এবং সহায়ক।"
"তোমার প্রিয় প্রযুক্তি কী?","আমার প্রিয় প্রযুক্তি হল স্মার্টফোন এবং ল্যাপটপ।"
"তুমি কীভাবে দক্ষতা উন্নত করছো?","আমি অনলাইন কোর্স এবং ওয়ার্কশপের মাধ্যমে আমার দক্ষতা উন্নত করছি।"
"তুমি কীভাবে চাপ কমাতে কাজ করছো?","আমি মেডিটেশন এবং ব্যায়াম করে চাপ কমাচ্ছি।"
"তুমি কীভাবে ডিজিটাল মিডিয়া ব্যবহার করে শিখছো?","আমি অনলাইন কোর্স এবং ইউটিউব ভিডিও দেখে শিখছি।"
"কীভাবে কাজের ক্ষেত্রে মানসিক চাপ মোকাবেলা করো?","আমি যোগব্যায়াম এবং ধ্যান করে মানসিক চাপ মোকাবেলা করি।"
"তোমার প্রিয় সামাজিক মাধ্যম প্ল্যাটফর্ম কোনটি?","আমার প্রিয় সামাজিক মাধ্যম প্ল্যাটফর্ম ফেসবুক। তোমার প্রিয় কোনটি?"
"তুমি কীভাবে দৈনন্দিন জীবনে পরিবেশ সংরক্ষণ করছো?","আমি পুনর্ব্যবহারযোগ্য পণ্য ব্যবহার করি এবং কম পানি অপচয় করি।"
"কাজের ক্ষেত্রে নতুন প্রযুক্তি কীভাবে ব্যবহার করছো?","আমি কাজের ক্ষেত্রে কৃত্রিম বুদ্ধিমত্তা এবং মেশিন লার্নিং ব্যবহার করছি।"
"তুমি কীভাবে গ্লোবাল ওয়ার্মিং মোকাবেলা করতে পারো?","আমি গ্লোবাল ওয়ার্মিং মোকাবেলা করতে পুনর্ব্যবহার করি এবং কম কার্বন নিঃসরণ করি।"
"তোমার মতে কাজের ক্ষেত্রে নারী ও পুরুষের সমান সুযোগ থাকা উচিত?","হ্যাঁ, কাজের ক্ষেত্রে নারী ও পুরুষের সমান সুযোগ থাকা উচিত।"
"তুমি কীভাবে নিরাপত্তা ও গোপনীয়তা সুরক্ষিত রাখছো?","আমি শক্তিশালী পাসওয়ার্ড ব্যবহার করি এবং দুটি ধাপের প্রমাণীকরণ চালু রেখেছি।"
"তুমি কীভাবে মানসিক স্বাস্থ্য সচেতনতা প্রচার করতে পারো?","আমি মানসিক স্বাস্থ্য সম্পর্কে সচেতনতা সৃষ্টির জন্য সামাজিক মাধ্যম ব্যবহার করি।"
"তোমার মতে কাজের ক্ষেত্রে সাংস্কৃতিক বৈচিত্র্য কেন গুরুত্বপূর্ণ?","সাংস্কৃতিক বৈচিত্র্য কাজের ক্ষেত্রে বিভিন্ন দৃষ্টিভঙ্গি আনে এবং সৃজনশীলতা বাড়ায়।"
"তুমি কীভাবে আর্থিক অসমতা মোকাবেলা করতে পারো?","আমি আর্থিক অসমতা মোকাবেলা করতে অর্থনৈতিক নীতি পরিবর্তনের পক্ষে কথা বলি।"
"তোমার মতে প্রযুক্তি কিভাবে ভবিষ্যতে পরিবর্তন আনবে?","প্রযুক্তি ভবিষ্যতে আমাদের জীবনের প্রতিটি দিক পরিবর্তন করবে, যেমন কাজ, শিক্ষা, এবং বিনোদন।"
"তুমি কীভাবে সামাজিক মাধ্যম ব্যবহার করে সম্পর্ক বজায় রাখছো?","আমি সামাজিক মাধ্যম ব্যবহার করে বন্ধু ও পরিবারের সাথে যোগাযোগ রাখি।"
"কীভাবে কাজের ক্ষেত্রে মানসিক স্বাস্থ্য সুরক্ষিত রাখবে?","কাজের ক্ষেত্রে মানসিক স্বাস্থ্য সুরক্ষিত রাখতে ব্রেক নেওয়া এবং স্বাস্থ্যকর জীবনধারা অনুসরণ করা গুরুত্বপূর্ণ।"
"তুমি কীভাবে সাম্প্রতিক বিজ্ঞান ও প্রযুক্তির উদ্ভাবন সম্পর্কে জানছো?","আমি সাম্প্রতিক বিজ্ঞান ও প্রযুক্তির উদ্ভাবন সম্পর্কে ব্লগ এবং নিউজ সাইট পড়ে জানি।"
"তোমার মতে পরিবেশ সুরক্ষার জন্য কী করণীয়?","পরিবেশ সুরক্ষার জন্য পুনর্ব্যবহারযোগ্য পণ্য ব্যবহার এবং গাছ লাগানো উচিত।"
"তুমি কীভাবে কাজের ক্ষেত্রে নতুন দক্ষতা অর্জন করছো?","আমি অনলাইন কোর্স এবং ওয়ার্কশপের মাধ্যমে নতুন দক্ষতা অর্জন করছি।"
"তোমার মতে স্বাস্থ্যকর জীবনধারা কেমন হওয়া উচিত?","স্বাস্থ্যকর জীবনধারা মানে নিয়মিত ব্যায়াম করা, সঠিক খাদ্যাভ্যাস বজায় রাখা, এবং পর্যাপ্ত ঘুম নেওয়া।"
"তুমি কীভাবে সামাজিক মাধ্যমে নকল খবরের বিরুদ্ধে লড়াই করছো?","আমি খবরের সত্যতা যাচাই করি এবং সঠিক তথ্য শেয়ার করি।"
"তোমার মতে কৃত্রিম বুদ্ধিমত্তার ভবিষ্যৎ কেমন হবে?","কৃত্রিম বুদ্ধিমত্তা ভবিষ্যতে অনেক কাজকে সহজ করবে এবং নতুন সুযোগ সৃষ্টি করবে।"
"তুমি কীভাবে ডিজিটাল দক্ষতা উন্নত করছো?","আমি অনলাইন কোর্স এবং টিউটোরিয়াল দেখে ডিজিটাল দক্ষতা উন্নত করছি।"
"তোমার মতে কাজের ক্ষেত্রে মানসিক স্বাস্থ্য সমর্থন কেন গুরুত্বপূর্ণ?","মানসিক স্বাস্থ্য সমর্থন কর্মীদের উত্পাদনশীলতা এবং সৃজনশীলতা বাড়াতে সহায়ক।"
"তুমি কীভাবে সামাজিক মাধ্যমে নিরাপত্তা বজায় রাখছো?","আমি ব্যক্তিগত তথ্য শেয়ার না করে এবং নিরাপত্তা সেটিংস ব্যবহার করে সামাজিক মাধ্যমে নিরাপত্তা বজায় রাখি।"
"তোমার মতে শিক্ষা ব্যবস্থায় কী পরিবর্তন আনা উচিত?","শিক্ষা ব্যবস্থায় প্রযুক্তির ব্যবহার বাড়ানো উচিত এবং আরও ব্যবহারিক পাঠ্যক্রম অন্তর্ভুক্ত করা উচিত।"
"তুমি কীভাবে স্বাস্থ্যকর খাদ্যাভ্যাস বজায় রাখছো?","আমি তাজা ফল এবং শাকসবজি খেয়ে এবং চিনি কমিয়ে স্বাস্থ্যকর খাদ্যাভ্যাস বজায় রাখি।"
"তুমি কীভাবে প্রযুক্তি ব্যবহার করে নতুন কিছু শিখছো?","আমি অনলাইন প্ল্যাটফর্ম এবং ভিডিও টিউটোরিয়াল ব্যবহার করে নতুন কিছু শিখছি।"
"তোমার মতে গ্লোবাল ওয়ার্মিং কীভাবে প্রভাব ফেলছে?","গ্লোবাল ওয়ার্মিং জলবায়ু পরিবর্তন এবং প্রাকৃতিক দুর্যোগ বাড়িয়ে তুলছে।"
"তুমি কীভাবে সামাজিক মাধ্যমে সুস্থ মানসিক স্বাস্থ্য বজায় রাখছো?","আমি সামাজিক মাধ্যমে সময় সীমিত করে এবং ইতিবাচক বিষয়বস্তু অনুসরণ করে সুস্থ মানসিক স্বাস্থ্য বজায় রাখছি।"
"তোমার মতে ভবিষ্যতের প্রযুক্তি কোন দিকে যাচ্ছে?","ভবিষ্যতের প্রযুক্তি আরও অটোমেশন এবং কৃত্রিম বুদ্ধিমত্তার দিকে যাচ্ছে।"
"তুমি কীভাবে অর্থনৈতিক সুযোগ সুবিধা বৃদ্ধি করতে পারো?","আমি দক্ষতা উন্নয়ন এবং শিক্ষার মাধ্যমে অর্থনৈতিক সুযোগ সুবিধা বৃদ্ধি করতে পারি।"
"তোমার মতে সামাজিক যোগাযোগের গুরুত্ব কতটুকু?","সামাজিক যোগাযোগ ব্যক্তিগত এবং পেশাগত সম্পর্ক উন্নয়নে অত্যন্ত গুরুত্বপূর্ণ।"
"তুমি কীভাবে পরিবেশগত সমস্যা সম্পর্কে সচেতনতা বৃদ্ধি করতে পারো?","আমি সামাজিক মাধ্যমে তথ্য শেয়ার করে এবং পরিবেশবান্ধব অভ্যাস প্রমোট করে সচেতনতা বৃদ্ধি করতে পারি।"
"তোমার মতে কর্মক্ষেত্রে সাংস্কৃতিক বৈচিত্র্য কেন গুরুত্বপূর্ণ?","সাংস্কৃতিক বৈচিত্র্য কর্মক্ষেত্রে সৃজনশীলতা এবং নতুন দৃষ্টিভঙ্গি আনে।"
"তুমি কীভাবে নতুন প্রযুক্তি এবং উদ্ভাবন সম্পর্কে জানছো?","আমি প্রযুক্তি সংবাদ এবং ব্লগ পড়ে নতুন প্রযুক্তি এবং উদ্ভাবন সম্পর্কে জানি।"
"তোমার মতে মানসিক স্বাস্থ্য সমস্যার সমাধান কীভাবে করা যায়?","মানসিক স্বাস্থ্য সমস্যা সমাধানে যথাযথ সেবা প্রদান এবং সচেতনতা বৃদ্ধি করা উচিত।"
"তুমি কীভাবে গ্লোবাল ওয়ার্মিং মোকাবেলা করতে পারো?","আমি গ্লোবাল ওয়ার্মিং মোকাবেলা করতে পুনর্ব্যবহারযোগ্য পণ্য ব্যবহার করি এবং কম কার্বন নিঃসরণ করি।"
"তোমার মতে প্রযুক্তির উন্নয়ন কীভাবে আমাদের জীবন পরিবর্তন করছে?","প্রযুক্তির উন্নয়ন আমাদের জীবনকে সহজ এবং আরও সংযুক্ত করছে।"
"তুমি কীভাবে মানসিক চাপ কমাচ্ছো?","আমি যোগব্যায়াম এবং ধ্যান করে মানসিক চাপ কমাচ্ছি।"
"তুমি কীভাবে বর্তমান অর্থনৈতিক পরিস্থিতি সম্পর্কে জানছো?","আমি সংবাদপত্র এবং অনলাইন নিউজ প্ল্যাটফর্ম পড়ে বর্তমান অর্থনৈতিক পরিস্থিতি সম্পর্কে জানি।"
"তোমার মতে ডিজিটাল পেমেন্ট সিস্টেমের সুবিধা কী?","ডিজিটাল পেমেন্ট সিস্টেম দ্রুত এবং সহজে লেনদেন করতে সহায়ক।"
"তুমি কীভাবে ভার্চুয়াল রিয়ালিটি ব্যবহার করছো?","আমি ভার্চুয়াল রিয়ালিটি ব্যবহার করে গেম এবং শিক্ষামূলক অভিজ্ঞতা উপভোগ করি।"
"তোমার মতে স্বাস্থ্যবিধি মানা কেন গুরুত্বপূর্ণ?","স্বাস্থ্যবিধি মানা আমাদের রোগ থেকে রক্ষা করে এবং সুস্থ রাখে।"
"তুমি কীভাবে নতুন কাজের সুযোগ খুঁজছো?","আমি অনলাইন চাকরির সাইট এবং সামাজিক মিডিয়া ব্যবহার করে নতুন কাজের সুযোগ খুঁজছি।"
"তোমার মতে সামাজিক মাধ্যমে নেটিকেট কেন গুরুত্বপূর্ণ?","নেটিকেট সামাজিক মাধ্যমে সুশীল আচরণ নিশ্চিত করে এবং ব্যবহারকারীর অভিজ্ঞতা উন্নত করে।"
"তুমি কীভাবে ভার্চুয়াল মিটিং পরিচালনা করছো?","আমি ভিডিও কনফারেন্স টুল ব্যবহার করে ভার্চুয়াল মিটিং পরিচালনা করছি।"
"তোমার মতে নতুন প্রযুক্তি শিক্ষার উপর কী প্রভাব ফেলছে?","নতুন প্রযুক্তি শিক্ষাকে আরও ইন্টারেক্টিভ এবং অ্যাক্সেসযোগ্য করে তুলেছে।"
"তুমি কীভাবে আধুনিক চিকিৎসা প্রযুক্তি সম্পর্কে জানছো?","আমি স্বাস্থ্য সম্পর্কিত জার্নাল এবং নিউজ সাইট পড়ে আধুনিক চিকিৎসা প্রযুক্তি সম্পর্কে জানি।"
"তোমার মতে পুনর্ব্যবহার কেন গুরুত্বপূর্ণ?","পুনর্ব্যবহার পরিবেশ সংরক্ষণ করে এবং সম্পদের অপচয় রোধ করে।"
"তুমি কীভাবে ডিজিটাল পদ্ধতিতে শিখছো?","আমি অনলাইন কোর্স এবং ই-বুক ব্যবহার করে ডিজিটাল পদ্ধতিতে শিখছি।"
"তোমার মতে টেলিমেডিসিন কীভাবে স্বাস্থ্যসেবা উন্নত করছে?","টেলিমেডিসিন দূরবর্তী এলাকায় স্বাস্থ্যসেবা অ্যাক্সেস নিশ্চিত করছে এবং চিকিৎসার সময় কমাচ্ছে।"
"তুমি কীভাবে সামাজিক মাধ্যমে নেটওয়ার্কিং করছো?","আমি পেশাদার গ্রুপ এবং প্ল্যাটফর্মে যোগ দিয়ে সামাজিক মাধ্যমে নেটওয়ার্কিং করছি।"
"তোমার মতে পরিবেশ বান্ধব প্রযুক্তির গুরুত্ব কী?","পরিবেশ বান্ধব প্রযুক্তি ভবিষ্যৎ প্রজন্মের জন্য একটি টেকসই ভবিষ্যৎ নিশ্চিত করে।"
"তুমি কীভাবে খাদ্য নিরাপত্তা নিশ্চিত করছো?","আমি স্বাস্থ্যকর এবং নিরাপদ খাদ্য প্রস্তুত করে এবং সঠিক সংরক্ষণ পদ্ধতি অনুসরণ করে খাদ্য নিরাপত্তা নিশ্চিত করছি।"
"তুমি কীভাবে নিজের স্বাস্থ্যের যত্ন নিচ্ছো?","আমি নিয়মিত ব্যায়াম করি, স্বাস্থ্যকর খাবার খাই এবং পর্যাপ্ত ঘুম নিই।"
"তোমার মতে ডিজিটাল শিক্ষার সুবিধা কী?","ডিজিটাল শিক্ষা আরও অ্যাক্সেসযোগ্য এবং ব্যক্তিগতকৃত শেখার সুযোগ প্রদান করে।"
"তুমি কীভাবে ভবিষ্যতে নিজেকে দেখছো?","আমি ভবিষ্যতে একটি সফল ক্যারিয়ার এবং সুখী পরিবার নিয়ে নিজেকে দেখছি।"
"তোমার মতে প্রযুক্তির ভবিষ্যৎ কোন দিকে যাচ্ছে?","প্রযুক্তির ভবিষ্যৎ আরও অটোমেশন, কৃত্রিম বুদ্ধিমত্তা এবং ইন্টারনেট অব থিংস এর দিকে যাচ্ছে।"
"তুমি কীভাবে পরিবেশবান্ধব অভ্যাস গ্রহণ করছো?","আমি পুনর্ব্যবহার এবং কম বিদ্যুৎ ব্যবহার করে পরিবেশবান্ধব অভ্যাস গ্রহণ করছি।"
"তোমার মতে আধুনিক চিকিৎসা কতটা উন্নত হয়েছে?","আধুনিক চিকিৎসা প্রযুক্তি এবং গবেষণার মাধ্যমে অনেক উন্নত হয়েছে এবং রোগ নির্ণয় এবং চিকিৎসা আরও সহজ হয়েছে।"
"তুমি কীভাবে সামাজিক মাধ্যমে নিরাপত্তা বজায় রাখছো?","আমি ব্যক্তিগত তথ্য শেয়ার না করে এবং নিরাপত্তা সেটিংস ব্যবহার করে সামাজিক মাধ্যমে নিরাপত্তা বজায় রাখছি।"
"তোমার মতে স্বাস্থ্যকর জীবনধারা কীভাবে বজায় রাখা যায়?","স্বাস্থ্যকর জীবনধারা বজায় রাখতে নিয়মিত ব্যায়াম, সঠিক খাদ্যাভ্যাস এবং পর্যাপ্ত ঘুম গুরুত্বপূর্ণ।"
"তুমি কীভাবে ডাটা প্রাইভেসি সুরক্ষিত রাখছো?","আমি শক্তিশালী পাসওয়ার্ড ব্যবহার করি এবং নিরাপত্তা সেটিংস সক্রিয় রাখি।"
"তোমার মতে সামাজিক মাধ্যমের প্রভাব কী?","সামাজিক মাধ্যমের প্রভাব আমাদের জীবনকে আরও সংযুক্ত এবং তথ্যপ্রবাহকে দ্রুত করেছে।"
"তুমি কীভাবে স্বাস্থ্যবিধি মানা নিশ্চিত করছো?","আমি নিয়মিত হাত ধোওয়া এবং পরিষ্কার-পরিচ্ছন্নতা বজায় রেখে স্বাস্থ্যবিধি মানছি।"
"তোমার মতে ভার্চুয়াল রিয়ালিটি ভবিষ্যতে কীভাবে প্রভাব ফেলবে?","ভার্চুয়াল রিয়ালিটি শিক্ষার, বিনোদনের এবং কাজের পদ্ধতি পরিবর্তন করবে।"
"তুমি কীভাবে মানসিক স্বাস্থ্য সচেতনতা প্রচার করছো?","আমি মানসিক স্বাস্থ্য সম্পর্কে সচেতনতা সৃষ্টির জন্য সামাজিক মাধ্যমে প্রচারণা চালাচ্ছি।"
"তোমার মতে প্রযুক্তি শিক্ষার প্রক্রিয়া কেমন পরিবর্তন করেছে?","প্রযুক্তি শিক্ষার প্রক্রিয়া আরও ইন্টারেক্টিভ এবং সহায়ক করে তুলেছে।"
"তুমি কীভাবে সামাজিক মাধ্যমে সঠিক তথ্য ছড়াচ্ছো?","আমি সংবাদ এবং তথ্যের সত্যতা যাচাই করে এবং সঠিক তথ্য শেয়ার করে।"
"তোমার মতে সামাজিক মাধ্যমে ব্যক্তিগত গোপনীয়তা কতটা গুরুত্বপূর্ণ?","সামাজিক মাধ্যমে ব্যক্তিগত গোপনীয়তা আমাদের তথ্য সুরক্ষার জন্য অত্যন্ত গুরুত্বপূর্ণ।"
"তুমি কীভাবে পরিবেশবান্ধব জীবনধারা গ্রহণ করছো?","আমি পুনর্ব্যবহারযোগ্য পণ্য ব্যবহার এবং কম শক্তি ব্যবহার করে পরিবেশবান্ধব জীবনধারা গ্রহণ করছি।"
"তোমার মতে প্রযুক্তির উন্নয়ন কীভাবে আমাদের জীবনের প্রতিটি দিক পরিবর্তন করছে?","প্রযুক্তির উন্নয়ন আমাদের জীবনকে সহজ, সংযুক্ত এবং কার্যকর করে তুলছে।"
"তুমি কীভাবে অর্থনৈতিক সুযোগ সুবিধা বৃদ্ধি করতে পারো?","আমি দক্ষতা উন্নয়ন এবং শিক্ষার মাধ্যমে অর্থনৈতিক সুযোগ সুবিধা বৃদ্ধি করতে পারি।"
"তোমার মতে স্বাস্থ্যকর জীবনধারা বজায় রাখতে কী করণীয়?","স্বাস্থ্যকর জীবনধারা বজায় রাখতে নিয়মিত ব্যায়াম, সঠিক খাদ্যাভ্যাস এবং পর্যাপ্ত ঘুম নেওয়া উচিত।"
"তুমি কীভাবে ডিজিটাল নিরাপত্তা বজায় রাখছো?","আমি শক্তিশালী পাসওয়ার্ড এবং দুই স্তরের প্রমাণীকরণ ব্যবহার করে ডিজিটাল নিরাপত্তা বজায় রাখছি।"
"তোমার মতে সামাজিক মাধ্যমে সত্যতা যাচাই কতটা গুরুত্বপূর্ণ?","সামাজিক মাধ্যমে সত্যতা যাচাই আমাদের সঠিক তথ্য প্রদানে সহায়ক।"
"তুমি কীভাবে ভবিষ্যতের জন্য প্রস্তুতি নিচ্ছো?","আমি নতুন দক্ষতা শিখে এবং সুযোগ খুঁজে ভবিষ্যতের জন্য প্রস্তুতি নিচ্ছি।"
"তোমার মতে সামাজিক মাধ্যমের প্রভাব কী?","সামাজিক মাধ্যম আমাদের জীবনের প্রতিটি দিককে পরিবর্তন করছে এবং যোগাযোগ আরও সহজ করে তুলছে।"
"তুমি কীভাবে স্বাস্থ্যকর খাদ্যাভ্যাস বজায় রাখছো?","আমি তাজা ফল এবং শাকসবজি খেয়ে এবং চিনি কমিয়ে স্বাস্থ্যকর খাদ্যাভ্যাস বজায় রাখছি।"
"তোমার মতে স্বাস্থ্যবিধি মানা কতটা গুরুত্বপূর্ণ?","স্বাস্থ্যবিধি মানা আমাদের রোগ থেকে রক্ষা করে এবং সুস্থ রাখে।"
"তুমি কীভাবে মানসিক স্বাস্থ্যের যত্ন নিচ্ছো?","আমি নিয়মিত ব্যায়াম করি, যোগব্যায়াম এবং ধ্যান করি এবং পর্যাপ্ত ঘুম নিই।"
"প্রাচীন সভ্যতা","বঙ্গ অঞ্চলে প্রাগৈতিহাসিক যুগ থেকে মানুষ বসবাস করে আসছে, প্রায় ৪০০০ খ্রিস্টপূর্বাব্দে তাম্র যুগে মানুষের বসতির প্রমাণ পাওয়া যায়।"
"মৌর্য সাম্রাজ্য","বঙ্গ অঞ্চলকে মৌর্য সাম্রাজ্যের অন্তর্ভুক্ত করা হয়েছিল সম্রাট অশোকের শাসনকালে (৩২২–১৮৫ খ্রিস্টপূর্বাব্দ)। অশোকের বৌদ্ধ ধর্ম প্রচার বঙ্গের ধর্মীয় এবং সাংস্কৃতিক প্রেক্ষাপটে একটি স্থায়ী প্রভাব ফেলে।"
"গুপ্ত সাম্রাজ্য","গুপ্ত সাম্রাজ্যের সময়কাল (৩২০–৫৫০ খ্রিস্টাব্দ) বঙ্গ একটি স্বর্ণযুগের সাক্ষী হয়, যেখানে বাণিজ্য, গণিত এবং জ্যোতির্বিজ্ঞানের উন্নতি এবং শাস্ত্রীয় সংস্কৃত সাহিত্য সংকলন ঘটেছিল।"
"পাল রাজবংশ","পাল সাম্রাজ্য (৭৫০–১১৭৪ খ্রিস্টাব্দ) একটি প্রধান বৌদ্ধ রাজবংশ ছিল যারা বঙ্গ শাসন করেছিল। তারা বিক্রমশিলা এবং নালন্দা বিশ্ববিদ্যালয়ের মতো বিখ্যাত শিক্ষা প্রতিষ্ঠান প্রতিষ্ঠা করেছিল এবং শিল্প ও স্থাপত্যে অবদান রেখেছিল।"
"সেন রাজবংশ","সেন রাজবংশ (১০৭০–১২৩০ খ্রিস্টাব্দ) হিন্দু ধর্ম প্রচার করেছিল এবং বাংলা সংস্কৃতিতে উল্লেখযোগ্য অবদান রেখেছিল। এই সময়ে বাংলা একটি স্বতন্ত্র ভাষা হিসাবে বিকশিত হয়েছিল।"
"সেন রাজবংশের অবসান","তুর্কি জেনারেল বখতিয়ার খলজির আক্রমণে সেন রাজবংশের অবসান ঘটে এবং বঙ্গের মুসলিম শাসনের সূচনা হয়।"
"প্রাচীন সভ্যতা","বঙ্গ অঞ্চলে প্রাগৈতিহাসিক যুগ থেকে মানুষ বসবাস করে আসছে, প্রায় ৪০০০ খ্রিস্টপূর্বাব্দে তাম্র যুগে মানুষের বসতির প্রমাণ পাওয়া যায়।"
"মৌর্য সাম্রাজ্য","বঙ্গ অঞ্চলকে মৌর্য সাম্রাজ্যের অন্তর্ভুক্ত করা হয়েছিল সম্রাট অশোকের শাসনকালে (৩২২–১৮৫ খ্রিস্টপূর্বাব্দ)। অশোকের বৌদ্ধ ধর্ম প্রচার বঙ্গের ধর্মীয় এবং সাংস্কৃতিক প্রেক্ষাপটে একটি স্থায়ী প্রভাব ফেলে।"
"গুপ্ত সাম্রাজ্য","গুপ্ত সাম্রাজ্যের সময়কাল (৩২০–৫৫০ খ্রিস্টাব্দ) বঙ্গ একটি স্বর্ণযুগের সাক্ষী হয়, যেখানে বাণিজ্য, গণিত এবং জ্যোতির্বিজ্ঞানের উন্নতি এবং শাস্ত্রীয় সংস্কৃত সাহিত্য সংকলন ঘটেছিল।"
"বিক্রমশিলা বিশ্ববিদ্যালয়","পাল রাজাদের আমলে বিক্রমশিলা বিশ্ববিদ্যালয় প্রতিষ্ঠিত হয়েছিল, যেখানে বৌদ্ধ ধর্ম এবং অন্যান্য বিষয়ের উপর ব্যাপক পড়াশোনা ও গবেষণা হতো।"
"নালন্দা বিশ্ববিদ্যালয়","নালন্দা বিশ্ববিদ্যালয় পাল রাজাদের সময়ে বিশ্বের অন্যতম বৃহৎ এবং প্রসিদ্ধ শিক্ষা প্রতিষ্ঠান ছিল।"
"পাল রাজবংশ","পাল সাম্রাজ্য (৭৫০–১১৭৪ খ্রিস্টাব্দ) একটি প্রধান বৌদ্ধ রাজবংশ ছিল যারা বঙ্গ শাসন করেছিল। তারা বিক্রমশিলা এবং নালন্দা বিশ্ববিদ্যালয়ের মতো বিখ্যাত শিক্ষা প্রতিষ্ঠান প্রতিষ্ঠা করেছিল এবং শিল্প ও স্থাপত্যে অবদান রেখেছিল।"
"ধর্মপাল","ধর্মপাল ছিলেন পাল সাম্রাজ্যের অন্যতম প্রধান রাজা, যিনি সমগ্র বঙ্গ এবং উত্তর ভারতের অধিকাংশ অঞ্চল শাসন করেছিলেন।"
"দেবপাল","দেবপাল ছিলেন ধর্মপালের পুত্র এবং পাল সাম্রাজ্যের শক্তিশালী শাসক, যিনি বৌদ্ধ ধর্মের প্রসারে ব্যাপক অবদান রেখেছিলেন।"
"সেন রাজবংশ","সেন রাজবংশ (১০৭০–১২৩০ খ্রিস্টাব্দ) হিন্দু ধর্ম প্রচার করেছিল এবং বাংলা সংস্কৃতিতে উল্লেখযোগ্য অবদান রেখেছিল। এই সময়ে বাংলা একটি স্বতন্ত্র ভাষা হিসাবে বিকশিত হয়েছিল।"
"বল্লাল সেন","বল্লাল সেন ছিলেন সেন রাজবংশের অন্যতম প্রধান শাসক, যিনি সংস্কৃত সাহিত্যের প্রচার এবং ব্রাহ্মণ সংস্কৃতির পুনরুদ্ধার করেছিলেন।"
"লক্ষ্মণ সেন","লক্ষ্মণ সেন ছিলেন সেন সাম্রাজ্যের শেষ শক্তিশালী শাসক, যিনি বখতিয়ার খলজির আক্রমণে পরাজিত হন।"
"সুলতান শাসন","বঙ্গের সুলতান শাসন শুরু হয় তুর্কি জেনারেল বখতিয়ার খলজির আক্রমণের পর, যার ফলে মুসলিম শাসনের সূচনা হয়।"
"হুসেন শাহ","হুসেন শাহ ছিলেন বঙ্গের এক শক্তিশালী সুলতান, যিনি শাসনকালে শিল্প ও সংস্কৃতির ব্যাপক উন্নয়ন করেছিলেন।"
"মুঘল শাসন","বঙ্গ মুঘল সাম্রাজ্যের অন্তর্ভুক্ত হয়েছিল আকবরের শাসনকালে, যা স্থিতিশীলতা এবং অর্থনৈতিক উন্নয়ন নিয়ে আসে।"
"শায়েস্তা খাঁ","শায়েস্তা খাঁ ছিলেন বঙ্গের মুঘল গভর্নর, যিনি শাসনকালে ব্যাপক উন্নয়নমূলক কাজ করেছিলেন এবং বাংলার অর্থনৈতিক উন্নয়ন ঘটিয়েছিলেন।"
"মারাঠা আক্রমণ","১৮শ শতাব্দীর মধ্যভাগে মারাঠা আক্রমণের ফলে বঙ্গ অঞ্চলে ব্যাপক ক্ষতি হয়েছিল।"
"পলাশির যুদ্ধ","১৭৫৭ সালের পলাশির যুদ্ধের পর ব্রিটিশ ইস্ট ইন্ডিয়া কোম্পানি বঙ্গ দখল করে, যা ভারতের উপনিবেশবাদী শাসনের সূচনা করে।"
"রেনেসাঁস","বঙ্গ রেনেসাঁসের সময়কালে বাংলায় শিক্ষা, সংস্কৃতি এবং সমাজ সংস্কারে ব্যাপক পরিবর্তন ঘটে।"
"ঈশ্বরচন্দ্র বিদ্যাসাগর","ঈশ্বরচন্দ্র বিদ্যাসাগর ছিলেন একজন বিশিষ্ট সমাজ সংস্কারক এবং শিক্ষাবিদ, যিনি বাংলার শিক্ষা এবং নারী শিক্ষার প্রসারে ব্যাপক অবদান রেখেছিলেন।"
"রবীন্দ্রনাথ ঠাকুর","রবীন্দ্রনাথ ঠাকুর ছিলেন একজন বিখ্যাত কবি, সাহিত্যিক এবং নোবেল বিজয়ী, যিনি বাংলা সাহিত্যকে বিশ্ব দরবারে পরিচিত করেছিলেন।"
"নির্বাচিত করা","১৯০৫ সালের বাংলার বিভাজন ব্যাপক প্রতিবাদ এবং রাজনৈতিক আন্দোলনের সূচনা করেছিল, যা ১৯১১ সালে বঙ্গের পুনঃএকীকারণ ঘটায়।"
"ভারত স্বাধীনতা","১৯৪৭ সালে ভারত স্বাধীনতা লাভের পর বঙ্গ দ্বিখণ্ডিত হয়ে পশ্চিমবঙ্গ (ভারত) এবং পূর্ববঙ্গ (পাকিস্তান) হিসেবে বিভক্ত হয়।"
"বাংলাদেশের স্বাধীনতা যুদ্ধ","১৯৭১ সালে পূর্ব পাকিস্তান স্বাধীনতার জন্য যুদ্ধে লিপ্ত হয় এবং বাংলাদেশের স্বাধীনতা লাভ করে।"
"শেখ মুজিবুর রহমান","শেখ মুজিবুর রহমান ছিলেন বাংলাদেশের প্রতিষ্ঠাতা রাষ্ট্রপতি এবং স্বাধীনতা সংগ্রামের প্রধান নেতা।"
"অর্থনৈতিক উন্নয়ন","বাংলাদেশ অর্থনৈতিক উন্নয়নে ব্যাপক সাফল্য অর্জন করেছে, বিশেষ করে পোশাক শিল্পে, যা বিশ্বে অন্যতম বৃহৎ।"
"সাংস্কৃতিক পুনরুজ্জীবন","বাংলার সংস্কৃতি, সাহিত্য, সঙ্গীত এবং চলচ্চিত্র বহুগুণে বিকশিত হয়েছে, যেখানে রবীন্দ্রনাথ ঠাকুর এবং সত্যজিৎ রায়ের মতো বিখ্যাত ব্যক্তিত্বরা অবদান রেখেছেন।"
"প্রাচীন ও মধ্যযুগীয় ইতিহাস","বঙ্গের প্রাচীন এবং মধ্যযুগীয় ইতিহাসে গুরুত্বপূর্ণ ধর্মীয়, সাংস্কৃতিক এবং রাজনৈতিক পরিবর্তনগুলি সংঘটিত হয়েছে। প্রাচীন সভ্যতা থেকে শুরু করে মৌর্য এবং গুপ্ত সাম্রাজ্য, পাল এবং সেন রাজবংশ পর্যন্ত প্রতিটি সময়ের মধ্যে বাংলা তার সমৃদ্ধির নানা দিক দেখিয়েছে।"
"প্রাচীন সভ্যতা","বঙ্গ অঞ্চলে প্রাগৈতিহাসিক যুগ থেকে মানুষ বসবাস করে আসছে, প্রায় ৪০০০ খ্রিস্টপূর্বাব্দে তাম্র যুগে মানুষের বসতির প্রমাণ পাওয়া যায়।"
"মৌর্য সাম্রাজ্য","বঙ্গ অঞ্চলকে মৌর্য সাম্রাজ্যের অন্তর্ভুক্ত করা হয়েছিল সম্রাট অশোকের শাসনকালে (৩২২–১৮৫ খ্রিস্টপূর্বাব্দ)। অশোকের বৌদ্ধ ধর্ম প্রচার বঙ্গের ধর্মীয় এবং সাংস্কৃতিক প্রেক্ষাপটে একটি স্থায়ী প্রভাব ফেলে।"
"গুপ্ত সাম্রাজ্য","গুপ্ত সাম্রাজ্যের সময়কাল (৩২০–৫৫০ খ্রিস্টাব্দ) বঙ্গ একটি স্বর্ণযুগের সাক্ষী হয়, যেখানে বাণিজ্য, গণিত এবং জ্যোতির্বিজ্ঞানের উন্নতি এবং শাস্ত্রীয় সংস্কৃত সাহিত্য সংকলন ঘটেছিল।"
"বিক্রমশিলা বিশ্ববিদ্যালয়","পাল রাজাদের আমলে বিক্রমশিলা বিশ্ববিদ্যালয় প্রতিষ্ঠিত হয়েছিল, যেখানে বৌদ্ধ ধর্ম এবং অন্যান্য বিষয়ের উপর ব্যাপক পড়াশোনা ও গবেষণা হতো।"
"নালন্দা বিশ্ববিদ্যালয়","নালন্দা বিশ্ববিদ্যালয় পাল রাজাদের সময়ে বিশ্বের অন্যতম বৃহৎ এবং প্রসিদ্ধ শিক্ষা প্রতিষ্ঠান ছিল।"
"গৌড়","গৌড় ছিল প্রাচীন বঙ্গের একটি প্রধান নগরী, যা মিশ্র সংস্কৃতির কেন্দ্র ছিল।"
"মহাসন নিদেশ","মহাসন নিদেশ একটি গুরুত্বপূর্ণ প্রাচীন ধর্মীয় স্থান, যা বুদ্ধ ধাতুর অবশেষ সংরক্ষণ করে।"
"কানিকসার ভাস্কর্য","কানিকসার ভাস্কর্য প্রাচীন বঙ্গের শিল্পের একটি গুরুত্বপূর্ণ উদাহরণ, যা পাল এবং সেন শাসনামলে বিকশিত হয়েছিল।"
"চন্দ্রকেতুগড়","চন্দ্রকেতুগড় প্রাচীন বঙ্গের একটি প্রত্নতাত্ত্বিক স্থান, যেখানে প্রচুর ধাতব মুদ্রা এবং অস্ত্র পাওয়া গেছে।"
"প্রথম লিখিত দলিল","প্রাচীন বঙ্গের প্রথম লিখিত দলিলগুলির মধ্যে মহাবংশের দানপত্র এবং শিলালিপি উল্লেখযোগ্য।"
"পাল রাজবংশ","পাল সাম্রাজ্য (৭৫০–১১৭৪ খ্রিস্টাব্দ) একটি প্রধান বৌদ্ধ রাজবংশ ছিল যারা বঙ্গ শাসন করেছিল। তারা বিক্রমশিলা এবং নালন্দা বিশ্ববিদ্যালয়ের মতো বিখ্যাত শিক্ষা প্রতিষ্ঠান প্রতিষ্ঠা করেছিল এবং শিল্প ও স্থাপত্যে অবদান রেখেছিল।"
"ধর্মপাল","ধর্মপাল ছিলেন পাল সাম্রাজ্যের অন্যতম প্রধান রাজা, যিনি সমগ্র বঙ্গ এবং উত্তর ভারতের অধিকাংশ অঞ্চল শাসন করেছিলেন।"
"দেবপাল","দেবপাল ছিলেন ধর্মপালের পুত্র এবং পাল সাম্রাজ্যের শক্তিশালী শাসক, যিনি বৌদ্ধ ধর্মের প্রসারে ব্যাপক অবদান রেখেছিলেন।"
"সেন রাজবংশ","সেন রাজবংশ (১০৭০–১২৩০ খ্রিস্টাব্দ) হিন্দু ধর্ম প্রচার করেছিল এবং বাংলা সংস্কৃতিতে উল্লেখযোগ্য অবদান রেখেছিল। এই সময়ে বাংলা একটি স্বতন্ত্র ভাষা হিসাবে বিকশিত হয়েছিল।"
"বল্লাল সেন","বল্লাল সেন ছিলেন সেন রাজবংশের অন্যতম প্রধান শাসক, যিনি সংস্কৃত সাহিত্যের প্রচার এবং ব্রাহ্মণ সংস্কৃতির পুনরুদ্ধার করেছিলেন।"
"লক্ষ্মণ সেন","লক্ষ্মণ সেন ছিলেন সেন সাম্রাজ্যের শেষ শক্তিশালী শাসক, যিনি বখতিয়ার খলজির আক্রমণে পরাজিত হন।"
"গোপাল","গোপাল ছিলেন পাল সাম্রাজ্যের প্রতিষ্ঠাতা, যিনি বৃহত্তর বঙ্গের রাজনৈতিক স্থিতিশীলতা প্রতিষ্ঠা করেছিলেন।"
"বখতিয়ার খলজি","বখতিয়ার খলজি ছিলেন একজন তুর্কি জেনারেল, যিনি সেন সাম্রাজ্যকে পরাজিত করে বঙ্গের মুসলিম শাসনের সূচনা করেছিলেন।"
"বনভূমি ও পাণ্ডুয়া","বনভূমি ও পাণ্ডুয়া প্রাচীন বঙ্গের প্রধান নগরীগুলির মধ্যে ছিল, যেখানে সেন রাজাদের সময়ে শাসন ব্যবস্থার বিকাশ ঘটেছিল।"
"প্রাচীন স্থাপত্য","প্রাচীন বঙ্গের স্থাপত্যে পাল ও সেন শাসনামলে মন্দির এবং বিহার নির্মাণে বহুল ব্যবহৃত শৈলী দেখা যায়।"
"পলাশির যুদ্ধ","১৭৫৭ সালের পলাশির যুদ্ধের পর ব্রিটিশ ইস্ট ইন্ডিয়া কোম্পানি বঙ্গ দখল করে, যা ভারতের উপনিবেশবাদী শাসনের সূচনা করে।"
"রেনেসাঁস","বঙ্গ রেনেসাঁসের সময়কালে বাংলায় শিক্ষা, সংস্কৃতি এবং সমাজ সংস্কারে ব্যাপক পরিবর্তন ঘটে।"
"ঈশ্বরচন্দ্র বিদ্যাসাগর","ঈশ্বরচন্দ্র বিদ্যাসাগর ছিলেন একজন বিশিষ্ট সমাজ সংস্কারক এবং শিক্ষাবিদ, যিনি বাংলার শিক্ষা এবং নারী শিক্ষার প্রসারে ব্যাপক অবদান রেখেছিলেন।"
"রবীন্দ্রনাথ ঠাকুর","রবীন্দ্রনাথ ঠাকুর ছিলেন একজন বিখ্যাত কবি, সাহিত্যিক এবং নোবেল বিজয়ী, যিনি বাংলা সাহিত্যকে বিশ্ব দরবারে পরিচিত করেছিলেন।"
"নির্বাচিত করা","১৯০৫ সালের বাংলার বিভাজন ব্যাপক প্রতিবাদ এবং রাজনৈতিক আন্দোলনের সূচনা করেছিল, যা ১৯১১ সালে বঙ্গের পুনঃএকীকারণ ঘটায়।"
"ভারত স্বাধীনতা","১৯৪৭ সালে ভারত স্বাধীনতা লাভের পর বঙ্গ দ্বিখণ্ডিত হয়ে পশ্চিমবঙ্গ (ভারত) এবং পূর্ববঙ্গ (পাকিস্তান) হিসেবে বিভক্ত হয়।"
"নারী স্বাধীনতা আন্দোলন","বঙ্গের নারী স্বাধীনতা আন্দোলন সমাজের বিভিন্ন ক্ষেত্রে নারীর অধিকার এবং সমান সুযোগ প্রতিষ্ঠায় ব্যাপক অবদান রেখেছে।"
"রাজেন্দ্রলাল মিত্র","রাজেন্দ্রলাল মিত্র ছিলেন একজন বিশিষ্ট ইতিহাসবিদ এবং প্রত্নতাত্ত্বিক, যিনি প্রাচীন বাংলার ইতিহাস গবেষণায় ব্যাপক অবদান রেখেছিলেন।"
"কলকাতা কর্পোরেশন","কলকাতা কর্পোরেশন ছিল ব্রিটিশ শাসনামলে প্রতিষ্ঠিত ভারতীয় উপমহাদেশের প্রথম পৌর সংস্থা।"
"বাংলাদেশের স্বাধীনতা যুদ্ধ","১৯৭১ সালে পূর্ব পাকিস্তান স্বাধীনতার জন্য যুদ্ধে লিপ্ত হয় এবং বাংলাদেশের স্বাধীনতা লাভ করে।"
"শেখ মুজিবুর রহমান","শেখ মুজিবুর রহমান ছিলেন বাংলাদেশের প্রতিষ্ঠাতা রাষ্ট্রপতি এবং স্বাধীনতা সংগ্রামের প্রধান নেতা।"
"অর্থনৈতিক উন্নয়ন","বাংলাদেশ অর্থনৈতিক উন্নয়নে ব্যাপক সাফল্য অর্জন করেছে, বিশেষ করে পোশাক শিল্পে, যা বিশ্বে অন্যতম বৃহৎ।"
"সাংস্কৃতিক পুনরুজ্জীবন","বাংলার সংস্কৃতি, সাহিত্য, সঙ্গীত এবং চলচ্চিত্র বহুগুণে বিকশিত হয়েছে, যেখানে রবীন্দ্রনাথ ঠাকুর এবং সত্যজিৎ রায়ের মতো বিখ্যাত ব্যক্তিত্বরা অবদান রেখেছেন।"
"প্রাচীন ও মধ্যযুগীয় ইতিহাস","বঙ্গের প্রাচীন এবং মধ্যযুগীয় ইতিহাসে গুরুত্বপূর্ণ ধর্মীয়, সাংস্কৃতিক এবং রাজনৈতিক পরিবর্তনগুলি সংঘটিত হয়েছে। প্রাচীন সভ্যতা থেকে শুরু করে মৌর্য এবং গুপ্ত সাম্রাজ্য, পাল এবং সেন রাজবংশ পর্যন্ত প্রতিটি সময়ের মধ্যে বাংলা তার সমৃদ্ধির নানা দিক দেখিয়েছে।"
"প্রাচীন সভ্যতা","বঙ্গ অঞ্চলে প্রাগৈতিহাসিক যুগ থেকে মানুষ বসবাস করে আসছে, প্রায় ৪০০০ খ্রিস্টপূর্বাব্দে তাম্র যুগে মানুষের বসতির প্রমাণ পাওয়া যায়।"
"মৌর্য সাম্রাজ্য","বঙ্গ অঞ্চলকে মৌর্য সাম্রাজ্যের অন্তর্ভুক্ত করা হয়েছিল সম্রাট অশোকের শাসনকালে (৩২২–১৮৫ খ্রিস্টপূর্বাব্দ)। অশোকের বৌদ্ধ ধর্ম প্রচার বঙ্গের ধর্মীয় এবং সাংস্কৃতিক প্রেক্ষাপটে একটি স্থায়ী প্রভাব ফেলে।"
"গুপ্ত সাম্রাজ্য","গুপ্ত সাম্রাজ্যের সময়কাল (৩২০–৫৫০ খ্রিস্টাব্দ) বঙ্গ একটি স্বর্ণযুগের সাক্ষী হয়, যেখানে বাণিজ্য, গণিত এবং জ্যোতির্বিজ্ঞানের উন্নতি এবং শাস্ত্রীয় সংস্কৃত সাহিত্য সংকলন ঘটেছিল।"
"বিক্রমশিলা বিশ্ববিদ্যালয়","পাল রাজাদের আমলে বিক্রমশিলা বিশ্ববিদ্যালয় প্রতিষ্ঠিত হয়েছিল, যেখানে বৌদ্ধ ধর্ম এবং অন্যান্য বিষয়ের উপর ব্যাপক পড়াশোনা ও গবেষণা হতো।"
"নালন্দা বিশ্ববিদ্যালয়","নালন্দা বিশ্ববিদ্যালয় পাল রাজাদের সময়ে বিশ্বের অন্যতম বৃহৎ এবং প্রসিদ্ধ শিক্ষা প্রতিষ্ঠান ছিল।"
"গৌড়","গৌড় ছিল প্রাচীন বঙ্গের একটি প্রধান নগরী, যা মিশ্র সংস্কৃতির কেন্দ্র ছিল।"
"মহাসন নিদেশ","মহাসন নিদেশ একটি গুরুত্বপূর্ণ প্রাচীন ধর্মীয় স্থান, যা বুদ্ধ ধাতুর অবশেষ সংরক্ষণ করে।"
"কানিকসার ভাস্কর্য","কানিকসার ভাস্কর্য প্রাচীন বঙ্গের শিল্পের একটি গুরুত্বপূর্ণ উদাহরণ, যা পাল এবং সেন শাসনামলে বিকশিত হয়েছিল।"
"চন্দ্রকেতুগড়","চন্দ্রকেতুগড় প্রাচীন বঙ্গের একটি প্রত্নতাত্ত্বিক স্থান, যেখানে প্রচুর ধাতব মুদ্রা এবং অস্ত্র পাওয়া গেছে।"
"প্রথম লিখিত দলিল","প্রাচীন বঙ্গের প্রথম লিখিত দলিলগুলির মধ্যে মহাবংশের দানপত্র এবং শিলালিপি উল্লেখযোগ্য।"
"পাল রাজবংশ","পাল সাম্রাজ্য (৭৫০–১১৭৪ খ্রিস্টাব্দ) একটি প্রধান বৌদ্ধ রাজবংশ ছিল যারা বঙ্গ শাসন করেছিল। তারা বিক্রমশিলা এবং নালন্দা বিশ্ববিদ্যালয়ের মতো বিখ্যাত"
"ধর্মপাল","ধর্মপাল ছিলেন পাল সাম্রাজ্যের অন্যতম প্রধান রাজা, যিনি সমগ্র বঙ্গ এবং উত্তর ভারতের অধিকাংশ অঞ্চল শাসন করেছিলেন।"
"ঈশ্বরচন্দ্র বিদ্যাসাগর","ঈশ্বরচন্দ্র বিদ্যাসাগর ছিলেন একজন বিশিষ্ট সমাজ সংস্কারক এবং শিক্ষাবিদ, যিনি বাংলার শিক্ষা এবং নারী শিক্ষার প্রসারে ব্যাপক অবদান রেখেছিলেন।"
"রবীন্দ্রনাথ ঠাকুর","রবীন্দ্রনাথ ঠাকুর ছিলেন একজন বিখ্যাত কবি, সাহিত্যিক এবং নোবেল বিজয়ী, যিনি বাংলা সাহিত্যকে বিশ্ব দরবারে পরিচিত করেছিলেন।"
"কাজী নজরুল ইসলাম","কাজী নজরুল ইসলাম ছিলেন বাংলাদেশের জাতীয় কবি, যিনি তার বিদ্রোহী কবিতা এবং গান দ্বারা সমাজের অন্যায়ের বিরুদ্ধে প্রতিবাদ জানিয়েছিলেন।"
"সত্যজিৎ রায়","সত্যজিৎ রায় ছিলেন একজন বিখ্যাত চলচ্চিত্র পরিচালক এবং লেখক, যিনি বাংলা সিনেমাকে আন্তর্জাতিক ক্ষেত্রে পরিচিত করেছিলেন।"
"বেগম রোকেয়া","বেগম রোকেয়া ছিলেন একজন প্রখ্যাত নারীবাদী লেখিকা এবং শিক্ষাবিদ, যিনি নারীর অধিকার এবং শিক্ষা প্রসারে অগ্রণী ভূমিকা পালন করেছিলেন।"
"নেতাজী সুভাষ চন্দ্র বসু","নেতাজী সুভাষ চন্দ্র বসু ছিলেন একজন বিশিষ্ট স্বাধীনতা সংগ্রামী, যিনি ভারতের স্বাধীনতা আন্দোলনে গুরুত্বপূর্ণ ভূমিকা পালন করেছিলেন।"
"শেখ হাসিনা","শেখ হাসিনা বাংলাদেশের বর্তমান প্রধানমন্ত্রী এবং বঙ্গবন্ধু শেখ মুজিবুর রহমানের কন্যা, যিনি দেশের উন্নয়ন ও অগ্রগতিতে গুরুত্বপূর্ণ ভূমিকা পালন করছেন।"
"জগদীশ চন্দ্র বসু","জগদীশ চন্দ্র বসু ছিলেন একজন প্রখ্যাত বিজ্ঞানী এবং উদ্ভিদবিজ্ঞানী, যিনি উদ্ভিদের জীবন এবং বেতার বিজ্ঞানের উপর অগ্রণী গবেষণা করেছিলেন।"
"আহমদুল্লাহ রোহান","আহমদুল্লাহ রোহান ছিলেন বাংলাদেশের প্রখ্যাত লেখক এবং সমাজ সংস্কারক, যিনি সমাজে ন্যায়বিচার এবং সাম্য প্রতিষ্ঠার জন্য কাজ করেছেন।"
"লালন ফকির","লালন ফকির ছিলেন একজন বিখ্যাত বাউল সঙ্গীত শিল্পী এবং দার্শনিক, যিনি তার গানের মাধ্যমে সমাজের বিভিন্ন সমস্যা ও অসাম্যের বিরুদ্ধে কথা বলেছেন।"
"সাংস্কৃতিক পুনরুজ্জীবন","বাংলার সংস্কৃতি, সাহিত্য, সঙ্গীত এবং চলচ্চিত্র বহুগুণে বিকশিত হয়েছে, যেখানে রবীন্দ্রনাথ ঠাকুর এবং সত্যজিৎ রায়ের মতো বিখ্যাত ব্যক্তিত্বরা অবদান রেখেছেন।"
"স্বাধীনতা দিবস","বাংলাদেশ স্বাধীনতা দিবস প্রতি বছর ২৬ মার্চ পালিত হয়, যেদিন দেশটি পাকিস্তান থেকে স্বাধীনতা ঘোষণা করেছিল।"
"ভাষা আন্দোলন","১৯৫২ সালের ভাষা আন্দোলন বাংলার ভাষা ও সংস্কৃতির জন্য একটি গুরুত্বপূর্ণ মাইলফলক, যা পরবর্তীতে ২১ ফেব্রুয়ারি আন্তর্জাতিক মাতৃভাষা দিবস হিসেবে পালন করা হয়।"
"বঙ্গবন্ধু শেখ মুজিবুর রহমান","বঙ্গবন্ধু শেখ মুজিবুর রহমান ছিলেন বাংলাদেশের জাতির পিতা এবং প্রধান নেতা, যিনি দেশের স্বাধীনতা আন্দোলনে নেতৃত্ব দিয়েছিলেন।"
"১৯৭১ সালের মুক্তিযুদ্ধ","১৯৭১ সালের মুক্তিযুদ্ধ বাংলাদেশের জনগণের জন্য একটি বিশেষ স্মরণীয় সময়, যা স্বাধীনতার জন্য লড়াই এবং বীরত্বের প্রতীক।"
"জয় বাংলা","'জয় বাংলা' স্লোগানটি বাংলাদেশের স্বাধীনতা আন্দোলনের সময় ব্যাপকভাবে ব্যবহৃত হয়েছিল এবং এটি দেশের জাতীয় স্লোগানে পরিণত হয়েছে।"
"রাষ্ট্রীয় উন্নয়ন","স্বাধীনতার পর বাংলাদেশে ব্যাপক অর্থনৈতিক ও সামাজিক উন্নয়ন হয়েছে, যেখানে শিক্ষা, স্বাস্থ্যসেবা এবং অবকাঠামোতে উল্লেখযোগ্য অগ্রগতি হয়েছে।"
"রেহেনা আসগর","রেহেনা আসগর ছিলেন বাংলাদেশের প্রথম মহিলা শিক্ষামন্ত্রী, যিনি দেশের শিক্ষা ব্যবস্থার উন্নয়নে গুরুত্বপূর্ণ ভূমিকা পালন করেছেন।"
"নারীর অগ্রগতি","বাংলাদেশের নারীরা বিভিন্ন ক্ষেত্রে উল্লেখযোগ্য অগ্রগতি অর্জন করেছে, যেমন রাজনীতি, শিক্ষা, এবং ব্যবসা-বাণিজ্যে।"
"বঙ্গবন্ধু-১ স্যাটেলাইট","বঙ্গবন্ধু-১ স্যাটেলাইট বাংলাদেশের প্রথম জিওস্টেশনারি যোগাযোগ স্যাটেলাইট, যা দেশের যোগাযোগ ব্যবস্থার উন্নয়নে গুরুত্বপূর্ণ ভূমিকা পালন করেছে।"
"পহেলা বৈশাখ","পহেলা বৈশাখ বাংলা নববর্ষ, যা প্রতি বছর ১৪ এপ্রিল পালিত হয় এবং এটি বাঙালি সংস্কৃতির একটি গুরুত্বপূর্ণ অংশ।"
"দুর্গাপূজা","দুর্গাপূজা বাংলার প্রধান ধর্মীয় উৎসব, যা প্রতি বছর শরৎকালে উদযাপন করা হয় এবং এটি মহাসমারোহে পালিত হয়।"
"রবীন্দ্রসঙ্গীত","রবীন্দ্রসঙ্গীত রবীন্দ্রনাথ ঠাকুরের রচিত গান, যা বাংলা সঙ্গীতের একটি গুরুত্বপূর্ণ অংশ এবং বাংলা সংস্কৃতির পরিচয় বহন করে।"
"পাটের ব্যবহার","বাংলাদেশের অর্থনীতি এবং সংস্কৃতিতে পাটের গুরুত্বপূর্ণ ভূমিকা রয়েছে, বিশেষ করে পাটজাত পণ্য বিশ্বব্যাপী প্রসিদ্ধ।"
"বাংলা সাহিত্যে যুগ","বাংলা সাহিত্য বিভিন্ন যুগে বিভক্ত, যেমন প্রাচীন যুগ, মধ্যযুগ, আধুনিক যুগ এবং সমকালীন যুগ, প্রতিটি যুগে বিশেষ সাহিত্যিক বৈশিষ্ট্য রয়েছে।"
"জারি সারি","জারি এবং সারি গান বাংলার লোকসঙ্গীতের বিশেষ ধারা, যা বাঙালি সমাজের নানা সমস্যা এবং আনন্দ-বেদনা তুলে ধরে।"
"নবান্ন উৎসব","নবান্ন উৎসব বাংলার কৃষি সংস্কৃতির একটি গুরুত্বপূর্ণ অংশ, যা নতুন ফসল কাটার সময় উদযাপন করা হয়।"
"পটচিত্র","পটচিত্র বাংলার ঐতিহ্যবাহী শিল্প, যা গ্রামীণ জীবনের নানা দিক তুলে ধরে এবং এটি গ্রামীণ শিল্পীদের রুটি-রুজির উৎস।"
"মঙ্গল শোভাযাত্রা","মঙ্গল শোভাযাত্রা পহেলা বৈশাখ উপলক্ষে আয়োজিত একটি বর্ণাঢ্য শোভাযাত্রা, যা ইউনেস্কোর সাংস্কৃতিক ঐতিহ্যের তালিকায় অন্তর্ভুক্ত হয়েছে।"
"বাংলাদেশের সঙ্গীত","বাংলাদেশের সঙ্গীত বিভিন্ন ধরণের, যেমন বাউল, ভাটিয়ালী, রবীন্দ্রসঙ্গীত, নজরুল সঙ্গীত ইত্যাদি, যা বাংলা সংস্কৃতির বিভিন্ন দিক তুলে ধরে।"
"দিল্লি সালতানাত","দিল্লি সালতানাত (১২০৬-১৫২৬ খ্রিস্টাব্দ) ছিল মধ্যযুগীয় ভারতের একটি গুরুত্বপূর্ণ সময়কাল, যা কুতুবুদ্দিন আইবেক, আলাউদ্দিন খলজি, এবং ফিরোজ শাহ তুঘলকের শাসনে সমৃদ্ধি লাভ করেছিল।"
"মুঘল সাম্রাজ্য","মুঘল সাম্রাজ্য (১৫২৬-১৮৫৭ খ্রিস্টাব্দ) ছিল ভারতের একটি গুরুত্বপূর্ণ সময়কাল, যার প্রতিষ্ঠাতা ছিলেন বাবর এবং আকবর, শাহজাহান, এবং আওরঙ্গজেব ছিলেন এর উল্লেখযোগ্য শাসক।"
"আকবর","আকবর (১৫৫৬-১৬০৫ খ্রিস্টাব্দ) মুঘল সাম্রাজ্যের অন্যতম মহান শাসক ছিলেন, যিনি ধর্মীয় সহনশীলতা এবং প্রশাসনিক সংস্কারগুলির জন্য পরিচিত ছিলেন।"
"শাহজাহান","শাহজাহান (১৬২৮-১৬৫৮ খ্রিস্টাব্দ) ছিলেন মুঘল সাম্রাজ্যের একজন বিখ্যাত শাসক, যিনি তাজমহল নির্মাণ করেছিলেন।"
"আওরঙ্গজেব","আওরঙ্গজেব (১৬৫৮-১৭০৭ খ্রিস্টাব্দ) ছিলেন মুঘল সাম্রাজ্যের শেষ শক্তিশালী শাসক, যিনি সাম্রাজ্য বিস্তারে এবং প্রশাসনিক ক্ষমতায় উল্লেখযোগ্য ভূমিকা পালন করেছিলেন।"
"মহম্মদ বিন তুঘলক","মহম্মদ বিন তুঘলক (১৩২৫-১৩৫১ খ্রিস্টাব্দ) ছিলেন তুঘলক রাজবংশের একটি উল্লেখযোগ্য শাসক, যিনি বিভিন্ন প্রশাসনিক এবং অর্থনৈতিক সংস্কার করেছিলেন।"
"রাজপুত শাসক","মধ্যযুগীয় ভারতে বিভিন্ন রাজপুত রাজ্য গঠিত হয়েছিল, যেমন মেওয়ার, মারোয়ার, এবং আম্বর, যা তাদের সাহসিকতা এবং সাংস্কৃতিক ঐতিহ্যের জন্য পরিচিত ছিল।"
"মারাঠা সাম্রাজ্য","মারাঠা সাম্রাজ্য (১৬৭৪-১৮১৮ খ্রিস্টাব্দ) ছিল ভারতের একটি গুরুত্বপূর্ণ সাম্রাজ্য, যার প্রতিষ্ঠাতা ছিলেন ছত্রপতি শিবাজী এবং এটি মুঘল সাম্রাজ্যের পতনের পরে প্রধান শক্তি হয়ে ওঠে।"
"বাহাদুর শাহ জাফর","বাহাদুর শাহ জাফর (১৭৭৫-১৮৬২ খ্রিস্টাব্দ) ছিলেন মুঘল সাম্রাজ্যের শেষ সম্রাট, যিনি ১৮৫৭ সালের বিদ্রোহের সময় একজন প্রধান নেতা হিসেবে পরিচিত ছিলেন।"
"বিজয়নগর সাম্রাজ্য","বিজয়নগর সাম্রাজ্য (১৩৩৬-১৬৪৬ খ্রিস্টাব্দ) ছিল দক্ষিণ ভারতের একটি গুরুত্বপূর্ণ সাম্রাজ্য, যা তার সমৃদ্ধি, স্থাপত্য, এবং বাণিজ্যের জন্য পরিচিত ছিল।"
"ইস্ট ইন্ডিয়া কোম্পানি","১৭৫৭ সালের পলাশির যুদ্ধের পর ব্রিটিশ ইস্ট ইন্ডিয়া কোম্পানি ভারতে শাসন শুরু করে, যা ভারতের উপনিবেশবাদী শাসনের সূচনা করে।"
"ভারতের প্রথম স্বাধীনতা যুদ্ধ","১৮৫৭ সালের ভারতের প্রথম স্বাধীনতা যুদ্ধ ছিল ব্রিটিশ শাসনের বিরুদ্ধে একটি বৃহৎ বিদ্রোহ, যা ভারতের স্বাধীনতা আন্দোলনের সূচনা করে।"
"রবীন্দ্রনাথ ঠাকুর","রবীন্দ্রনাথ ঠাকুর ছিলেন একজন বিখ্যাত কবি, সাহিত্যিক এবং নোবেল বিজয়ী, যিনি বাংলা সাহিত্যকে বিশ্ব দরবারে পরিচিত করেছিলেন।"
"মহাত্মা গান্ধী","মহাত্মা গান্ধী ছিলেন ভারতের স্বাধীনতা আন্দোলনের প্রধান নেতা, যিনি অহিংস আন্দোলন এবং সত্যাগ্রহ নীতির জন্য পরিচিত ছিলেন।"
"সুভাষ চন্দ্র বসু","সুভাষ চন্দ্র বসু ছিলেন একজন বিশিষ্ট স্বাধীনতা সংগ্রামী, যিনি আজাদ হিন্দ ফৌজ গঠন করেছিলেন এবং 'তুম মুঝে খুন দো, ম্যায় তুমহে আজাদি দুঙ্গা' স্লোগানের জন্য পরিচিত।"
"রামমোহন রায়","রামমোহন রায় ছিলেন একজন বিশিষ্ট সমাজ সংস্কারক এবং শিক্ষাবিদ, যিনি সতীদাহ প্রথা বিলোপে উল্লেখযোগ্য ভূমিকা পালন করেছিলেন।"
"ভারতীয় জাতীয় কংগ্রেস","ভারতীয় জাতীয় কংগ্রেস ছিল ভারতের স্বাধীনতা আন্দোলনের প্রধান রাজনৈতিক দল, যা ১৮৮৫ সালে প্রতিষ্ঠিত হয়েছিল।"
"স্বদেশী আন্দোলন","স্বদেশী আন্দোলন ছিল ব্রিটিশ পণ্য বর্জন এবং ভারতীয় পণ্য ব্যবহারের প্রচারে একটি গুরুত্বপূর্ণ আন্দোলন।"
"জিন্নাহ","মোহাম্মদ আলী জিন্নাহ ছিলেন মুসলিম লীগের নেতা এবং পাকিস্তানের প্রতিষ্ঠাতা, যিনি দুই জাতি তত্ত্বের ভিত্তিতে পাকিস্তানের সৃষ্টি করেছিলেন।"
"খিলাফত আন্দোলন","খিলাফত আন্দোলন ছিল মুসলমানদের দ্বারা চালিত একটি আন্দোলন, যা প্রথম বিশ্বযুদ্ধের পর খিলাফতের সমর্থনে শুরু হয়েছিল।"
"ভারতের স্বাধীনতা","১৯৪৭ সালের ১৫ আগস্ট ভারত ব্রিটিশ শাসন থেকে স্বাধীনতা লাভ করে এবং স্বাধীন ভারত গঠিত হয়।"
"নেহেরু","জওহরলাল নেহেরু ছিলেন ভারতের প্রথম প্রধানমন্ত্রী, যিনি আধুনিক ভারতের ভিত্তি স্থাপনে গুরুত্বপূর্ণ ভূমিকা পালন করেছিলেন।"
"ইন্দিরা গান্ধী","ইন্দিরা গান্ধী ছিলেন ভারতের প্রথম মহিলা প্রধানমন্ত্রী, যিনি দেশের উন্নয়ন এবং সামাজিক ন্যায়বিচার প্রতিষ্ঠায় উল্লেখযোগ্য ভূমিকা পালন করেছিলেন।"
"গ্রিন রেভলিউশন","গ্রিন রেভলিউশন ছিল ভারতের কৃষিক্ষেত্রে একটি উল্লেখযোগ্য উন্নয়ন, যা উচ্চ ফলনশীল শস্যের ব্যবহার এবং আধুনিক কৃষি প্রযুক্তির প্রচলনের মাধ্যমে খাদ্য নিরাপত্তা বৃদ্ধি করেছিল।"
"আত্মনির্ভরতা","ভারতের স্বাধীনতা প্রাপ্তির পর দেশটি আত্মনির্ভরতা অর্জনের দিকে গতিপ্রাপ্ত হয়, যা অর্থনৈতিক ও সামাজিক উন্নয়নে গুরুত্বপূর্ণ ভূমিকা পালন করেছে।"
"তুমি কীভাবে নতুন প্রযুক্তি এবং উদ্ভাবন সম্পর্কে জানছো?","আমি প্রযুক্তি সংবাদ এবং ব্লগ পড়ে নতুন প্রযুক্তি এবং উদ্ভাবন সম্পর্কে জানি।"
"তোমার মতে মানসিক স্বাস্থ্য সমস্যার সমাধান কীভাবে করা যায়?","মানসিক স্বাস্থ্য সমস্যা সমাধানে যথাযথ সেবা প্রদান এবং সচেতনতা বৃদ্ধি করা উচিত।"
"তুমি কীভাবে গ্লোবাল ওয়ার্মিং মোকাবেলা করতে পারো?","আমি গ্লোবাল ওয়ার্মিং মোকাবেলা করতে পুনর্ব্যবহারযোগ্য পণ্য ব্যবহার করি এবং কম কার্বন নিঃসরণ করি।"
"তোমার মতে প্রযুক্তির উন্নয়ন কীভাবে আমাদের জীবন পরিবর্তন করছে?","প্রযুক্তির উন্নয়ন আমাদের জীবনকে সহজ এবং আরও সংযুক্ত করছে।"
"তুমি কীভাবে মানসিক চাপ কমাচ্ছো?","আমি যোগব্যায়াম এবং ধ্যান করে মানসিক চাপ কমাচ্ছি।"
"তুমি কীভাবে বর্তমান অর্থনৈতিক পরিস্থিতি সম্পর্কে জানছো?","আমি সংবাদপত্র এবং অনলাইন নিউজ প্ল্যাটফর্ম পড়ে বর্তমান অর্থনৈতিক পরিস্থিতি সম্পর্কে জানি।"
"তোমার মতে ডিজিটাল পেমেন্ট সিস্টেমের সুবিধা কী?","ডিজিটাল পেমেন্ট সিস্টেম দ্রুত এবং সহজে লেনদেন করতে সহায়ক।"
"তুমি কীভাবে ভার্চুয়াল রিয়ালিটি ব্যবহার করছো?","আমি ভার্চুয়াল রিয়ালিটি ব্যবহার করে গেম এবং শিক্ষামূলক অভিজ্ঞতা উপভোগ করি।"
"তোমার মতে স্বাস্থ্যবিধি মানা কেন গুরুত্বপূর্ণ?","স্বাস্থ্যবিধি মানা আমাদের রোগ থেকে রক্ষা করে এবং সুস্থ রাখে।"
"তুমি কীভাবে নতুন কাজের সুযোগ খুঁজছো?","আমি অনলাইন চাকরির সাইট এবং সামাজিক মিডিয়া ব্যবহার করে নতুন কাজের সুযোগ খুঁজছি।"
"তোমার মতে সামাজিক মাধ্যমে নেটিকেট কেন গুরুত্বপূর্ণ?","নেটিকেট সামাজিক মাধ্যমে সুশীল আচরণ নিশ্চিত করে এবং ব্যবহারকারীর অভিজ্ঞতা উন্নত করে।"
"তুমি কীভাবে ভার্চুয়াল মিটিং পরিচালনা করছো?","আমি ভিডিও কনফারেন্স টুল ব্যবহার করে ভার্চুয়াল মিটিং পরিচালনা করছি।"
"তোমার মতে নতুন প্রযুক্তি শিক্ষার উপর কী প্রভাব ফেলছে?","নতুন প্রযুক্তি শিক্ষাকে আরও ইন্টারেক্টিভ এবং অ্যাক্সেসযোগ্য করে তুলেছে।"
"তুমি কীভাবে আধুনিক চিকিৎসা প্রযুক্তি সম্পর্কে জানছো?","আমি স্বাস্থ্য সম্পর্কিত জার্নাল এবং নিউজ সাইট পড়ে আধুনিক চিকিৎসা প্রযুক্তি সম্পর্কে জানি।"
"তোমার মতে পুনর্ব্যবহার কেন গুরুত্বপূর্ণ?","পুনর্ব্যবহার পরিবেশ সংরক্ষণ করে এবং সম্পদের অপচয় রোধ করে।"
"তুমি কীভাবে ডিজিটাল পদ্ধতিতে শিখছো?","আমি অনলাইন কোর্স এবং ই-বুক ব্যবহার করে ডিজিটাল পদ্ধতিতে শিখছি।"
"তোমার মতে টেলিমেডিসিন কীভাবে স্বাস্থ্যসেবা উন্নত করছে?","টেলিমেডিসিন দূরবর্তী এলাকায় স্বাস্থ্যসেবা অ্যাক্সেস নিশ্চিত করছে এবং চিকিৎসার সময় কমাচ্ছে।"
"তুমি কীভাবে সামাজিক মাধ্যমে নেটওয়ার্কিং করছো?","আমি পেশাদার গ্রুপ এবং প্ল্যাটফর্মে যোগ দিয়ে সামাজিক মাধ্যমে নেটওয়ার্কিং করছি।"
"তোমার মতে পরিবেশ বান্ধব প্রযুক্তির গুরুত্ব কী?","পরিবেশ বান্ধব প্রযুক্তি ভবিষ্যৎ প্রজন্মের জন্য একটি টেকসই ভবিষ্যৎ নিশ্চিত করে।"
"তুমি কীভাবে খাদ্য নিরাপত্তা নিশ্চিত করছো?","আমি স্বাস্থ্যকর এবং নিরাপদ খাদ্য প্রস্তুত করে এবং সঠিক সংরক্ষণ পদ্ধতি অনুসরণ করে খাদ্য নিরাপত্তা নিশ্চিত করছি।"
"তুমি কীভাবে নিজের স্বাস্থ্যের যত্ন নিচ্ছো?","আমি নিয়মিত ব্যায়াম করি, স্বাস্থ্যকর খাবার খাই এবং পর্যাপ্ত ঘুম নিই।"
"তোমার মতে ডিজিটাল শিক্ষার সুবিধা কী?","ডিজিটাল শিক্ষা আরও অ্যাক্সেসযোগ্য এবং ব্যক্তিগতকৃত শেখার সুযোগ প্রদান করে।"
"তুমি কীভাবে ভবিষ্যতে নিজেকে দেখছো?","আমি ভবিষ্যতে একটি সফল ক্যারিয়ার এবং সুখী পরিবার নিয়ে নিজেকে দেখছি।"
"তোমার মতে প্রযুক্তির ভবিষ্যৎ কোন দিকে যাচ্ছে?","প্রযুক্তির ভবিষ্যৎ আরও অটোমেশন, কৃত্রিম বুদ্ধিমত্তা এবং ইন্টারনেট অব থিংস এর দিকে যাচ্ছে।"
"তুমি কীভাবে পরিবেশবান্ধব অভ্যাস গ্রহণ করছো?","আমি পুনর্ব্যবহার এবং কম বিদ্যুৎ ব্যবহার করে পরিবেশবান্ধব অভ্যাস গ্রহণ করছি।"
"তোমার মতে আধুনিক চিকিৎসা কতটা উন্নত হয়েছে?","আধুনিক চিকিৎসা প্রযুক্তি এবং গবেষণার মাধ্যমে অনেক উন্নত হয়েছে এবং রোগ নির্ণয় এবং চিকিৎসা আরও সহজ হয়েছে।"
"তুমি কীভাবে সামাজিক মাধ্যমে নিরাপত্তা বজায় রাখছো?","আমি ব্যক্তিগত তথ্য শেয়ার না করে এবং নিরাপত্তা সেটিংস ব্যবহার করে সামাজিক মাধ্যমে নিরাপত্তা বজায় রাখছি।"
"তোমার মতে স্বাস্থ্যকর জীবনধারা কীভাবে বজায় রাখা যায়?","স্বাস্থ্যকর জীবনধারা বজায় রাখতে নিয়মিত ব্যায়াম, সঠিক খাদ্যাভ্যাস এবং পর্যাপ্ত ঘুম গুরুত্বপূর্ণ।"
"তুমি কীভাবে ডাটা প্রাইভেসি সুরক্ষিত রাখছো?","আমি শক্তিশালী পাসওয়ার্ড ব্যবহার করি এবং নিরাপত্তা সেটিংস সক্রিয় রাখি।"
"তোমার মতে সামাজিক মাধ্যমের প্রভাব কী?","সামাজিক মাধ্যমের প্রভাব আমাদের জীবনকে আরও সংযুক্ত এবং তথ্যপ্রবাহকে দ্রুত করেছে।"
"তুমি কীভাবে স্বাস্থ্যবিধি মানা নিশ্চিত করছো?","আমি নিয়মিত হাত ধোওয়া এবং পরিষ্কার-পরিচ্ছন্নতা বজায় রেখে স্বাস্থ্যবিধি মানছি।"
"তুমি কীভাবে নতুন প্রযুক্তি এবং উদ্ভাবন সম্পর্কে জানছো?","আমি প্রযুক্তি সংবাদ এবং ব্লগ পড়ে নতুন প্রযুক্তি এবং উদ্ভাবন সম্পর্কে জানি।"
"তোমার মতে মানসিক স্বাস্থ্য সমস্যার সমাধান কীভাবে করা যায়?","মানসিক স্বাস্থ্য সমস্যা সমাধানে যথাযথ সেবা প্রদান এবং সচেতনতা বৃদ্ধি করা উচিত।"
"তুমি কীভাবে গ্লোবাল ওয়ার্মিং মোকাবেলা করতে পারো?","আমি গ্লোবাল ওয়ার্মিং মোকাবেলা করতে পুনর্ব্যবহারযোগ্য পণ্য ব্যবহার করি এবং কম কার্বন নিঃসরণ করি।"
"তোমার মতে প্রযুক্তির উন্নয়ন কীভাবে আমাদের জীবন পরিবর্তন করছে?","প্রযুক্তির উন্নয়ন আমাদের জীবনকে সহজ এবং আরও সংযুক্ত করছে।"
"তুমি কীভাবে মানসিক চাপ কমাচ্ছো?","আমি যোগব্যায়াম এবং ধ্যান করে মানসিক চাপ কমাচ্ছি।"
"তুমি কীভাবে বর্তমান অর্থনৈতিক পরিস্থিতি সম্পর্কে জানছো?","আমি সংবাদপত্র এবং অনলাইন নিউজ প্ল্যাটফর্ম পড়ে বর্তমান অর্থনৈতিক পরিস্থিতি সম্পর্কে জানি।"
"তোমার মতে ডিজিটাল পেমেন্ট সিস্টেমের সুবিধা কী?","ডিজিটাল পেমেন্ট সিস্টেম দ্রুত এবং সহজে লেনদেন করতে সহায়ক।"
"তুমি কীভাবে ভার্চুয়াল রিয়ালিটি ব্যবহার করছো?","আমি ভার্চুয়াল রিয়ালিটি ব্যবহার করে গেম এবং শিক্ষামূলক অভিজ্ঞতা উপভোগ করি।"
"তোমার মতে স্বাস্থ্যবিধি মানা কেন গুরুত্বপূর্ণ?","স্বাস্থ্যবিধি মানা আমাদের রোগ থেকে রক্ষা করে এবং সুস্থ রাখে।"
"তুমি কীভাবে নতুন কাজের সুযোগ খুঁজছো?","আমি অনলাইন চাকরির সাইট এবং সামাজিক মিডিয়া ব্যবহার করে নতুন কাজের সুযোগ খুঁজছি।"
"তোমার মতে সামাজিক মাধ্যমে নেটিকেট কেন গুরুত্বপূর্ণ?","নেটিকেট সামাজিক মাধ্যমে সুশীল আচরণ নিশ্চিত করে এবং ব্যবহারকারীর অভিজ্ঞতা উন্নত করে।"
"তুমি কীভাবে ভার্চুয়াল মিটিং পরিচালনা করছো?","আমি ভিডিও কনফারেন্স টুল ব্যবহার করে ভার্চুয়াল মিটিং পরিচালনা করছি।"
"তোমার মতে নতুন প্রযুক্তি শিক্ষার উপর কী প্রভাব ফেলছে?","নতুন প্রযুক্তি শিক্ষাকে আরও ইন্টারেক্টিভ এবং অ্যাক্সেসযোগ্য করে তুলেছে।"
"তুমি কীভাবে আধুনিক চিকিৎসা প্রযুক্তি সম্পর্কে জানছো?","আমি স্বাস্থ্য সম্পর্কিত জার্নাল এবং নিউজ সাইট পড়ে আধুনিক চিকিৎসা প্রযুক্তি সম্পর্কে জানি।"
"তোমার মতে পুনর্ব্যবহার কেন গুরুত্বপূর্ণ?","পুনর্ব্যবহার পরিবেশ সংরক্ষণ করে এবং সম্পদের অপচয় রোধ করে।"
"তুমি কীভাবে ডিজিটাল পদ্ধতিতে শিখছো?","আমি অনলাইন কোর্স এবং ই-বুক ব্যবহার করে ডিজিটাল পদ্ধতিতে শিখছি।"
"তোমার মতে টেলিমেডিসিন কীভাবে স্বাস্থ্যসেবা উন্নত করছে?","টেলিমেডিসিন দূরবর্তী এলাকায় স্বাস্থ্যসেবা অ্যাক্সেস নিশ্চিত করছে এবং চিকিৎসার সময় কমাচ্ছে।"
"তুমি কীভাবে সামাজিক মাধ্যমে নেটওয়ার্কিং করছো?","আমি পেশাদার গ্রুপ এবং প্ল্যাটফর্মে যোগ দিয়ে সামাজিক মাধ্যমে নেটওয়ার্কিং করছি।"
"তোমার মতে পরিবেশ বান্ধব প্রযুক্তির গুরুত্ব কী?","পরিবেশ বান্ধব প্রযুক্তি ভবিষ্যৎ প্রজন্মের জন্য একটি টেকসই ভবিষ্যৎ নিশ্চিত করে।"
"তুমি কীভাবে খাদ্য নিরাপত্তা নিশ্চিত করছো?","আমি স্বাস্থ্যকর এবং নিরাপদ খাদ্য প্রস্তুত করে এবং সঠিক সংরক্ষণ পদ্ধতি অনুসরণ করে খাদ্য নিরাপত্তা নিশ্চিত করছি।"
"তুমি কীভাবে নিজের স্বাস্থ্যের যত্ন নিচ্ছো?","আমি নিয়মিত ব্যায়াম করি, স্বাস্থ্যকর খাবার খাই এবং পর্যাপ্ত ঘুম নিই।"
"তোমার মতে ডিজিটাল শিক্ষার সুবিধা কী?","ডিজিটাল শিক্ষা আরও অ্যাক্সেসযোগ্য এবং ব্যক্তিগতকৃত শেখার সুযোগ প্রদান করে।"
"তুমি কীভাবে ভবিষ্যতে নিজেকে দেখছো?","আমি ভবিষ্যতে একটি সফল ক্যারিয়ার এবং সুখী পরিবার নিয়ে নিজেকে দেখছি।"
"তোমার মতে প্রযুক্তির ভবিষ্যৎ কোন দিকে যাচ্ছে?","প্রযুক্তির ভবিষ্যৎ আরও অটোমেশন, কৃত্রিম বুদ্ধিমত্তা এবং ইন্টারনেট অব থিংস এর দিকে যাচ্ছে।"
"তুমি কীভাবে পরিবেশবান্ধব অভ্যাস গ্রহণ করছো?","আমি পুনর্ব্যবহার এবং কম বিদ্যুৎ ব্যবহার করে পরিবেশবান্ধব অভ্যাস গ্রহণ করছি।"
"তোমার মতে আধুনিক চিকিৎসা কতটা উন্নত হয়েছে?","আধুনিক চিকিৎসা প্রযুক্তি এবং গবেষণার মাধ্যমে অনেক উন্নত হয়েছে এবং রোগ নির্ণয় এবং চিকিৎসা আরও সহজ হয়েছে।"
"তুমি কীভাবে সামাজিক মাধ্যমে নিরাপত্তা বজায় রাখছো?","আমি ব্যক্তিগত তথ্য শেয়ার না করে এবং নিরাপত্তা সেটিংস ব্যবহার করে সামাজিক মাধ্যমে নিরাপত্তা বজায় রাখছি।"
"তোমার মতে স্বাস্থ্যকর জীবনধারা কীভাবে বজায় রাখা যায়?","স্বাস্থ্যকর জীবনধারা বজায় রাখতে নিয়মিত ব্যায়াম, সঠিক খাদ্যাভ্যাস এবং পর্যাপ্ত ঘুম গুরুত্বপূর্ণ।"
"তুমি কীভাবে ডাটা প্রাইভেসি সুরক্ষিত রাখছো?","আমি শক্তিশালী পাসওয়ার্ড ব্যবহার করি এবং নিরাপত্তা সেটিংস সক্রিয় রাখি।"
"তোমার মতে সামাজিক মাধ্যমের প্রভাব কী?","সামাজিক মাধ্যমের প্রভাব আমাদের জীবনকে আরও সংযুক্ত এবং তথ্যপ্রবাহকে দ্রুত করেছে।"
"তুমি কীভাবে স্বাস্থ্যবিধি মানা নিশ্চিত করছো?","আমি নিয়মিত হাত ধোওয়া এবং পরিষ্কার-পরিচ্ছন্নতা বজায় রেখে স্বাস্থ্যবিধি মানছি।"
"তুমি কীভাবে নতুন প্রযুক্তি এবং উদ্ভাবন সম্পর্কে জানছো?","আমি প্রযুক্তি সংবাদ এবং ব্লগ পড়ে নতুন প্রযুক্তি এবং উদ্ভাবন সম্পর্কে জানি।"
"তোমার মতে মানসিক স্বাস্থ্য সমস্যার সমাধান কীভাবে করা যায়?","মানসিক স্বাস্থ্য সমস্যা সমাধানে যথাযথ সেবা প্রদান এবং সচেতনতা বৃদ্ধি করা উচিত।"
"তুমি কীভাবে গ্লোবাল ওয়ার্মিং মোকাবেলা করতে পারো?","আমি গ্লোবাল ওয়ার্মিং মোকাবেলা করতে পুনর্ব্যবহারযোগ্য পণ্য ব্যবহার করি এবং কম কার্বন নিঃসরণ করি।"
"তোমার মতে প্রযুক্তির উন্নয়ন কীভাবে আমাদের জীবন পরিবর্তন করছে?","প্রযুক্তির উন্নয়ন আমাদের জীবনকে সহজ এবং আরও সংযুক্ত করছে।"
"তুমি কীভাবে মানসিক চাপ কমাচ্ছো?","আমি যোগব্যায়াম এবং ধ্যান করে মানসিক চাপ কমাচ্ছি।"
"তুমি কীভাবে বর্তমান অর্থনৈতিক পরিস্থিতি সম্পর্কে জানছো?","আমি সংবাদপত্র এবং অনলাইন নিউজ প্ল্যাটফর্ম পড়ে বর্তমান অর্থনৈতিক পরিস্থিতি সম্পর্কে জানি।"
"তোমার মতে ডিজিটাল পেমেন্ট সিস্টেমের সুবিধা কী?","ডিজিটাল পেমেন্ট সিস্টেম দ্রুত এবং সহজে লেনদেন করতে সহায়ক।"
"তুমি কীভাবে ভার্চুয়াল রিয়ালিটি ব্যবহার করছো?","আমি ভার্চুয়াল রিয়ালিটি ব্যবহার করে গেম এবং শিক্ষামূলক অভিজ্ঞতা উপভোগ করি।"
"তোমার মতে স্বাস্থ্যবিধি মানা কেন গুরুত্বপূর্ণ?","স্বাস্থ্যবিধি মানা আমাদের রোগ থেকে রক্ষা করে এবং সুস্থ রাখে।"
"তুমি কীভাবে নতুন কাজের সুযোগ খুঁজছো?","আমি অনলাইন চাকরির সাইট এবং সামাজিক মিডিয়া ব্যবহার করে নতুন কাজের সুযোগ খুঁজছি।"
"তোমার মতে সামাজিক মাধ্যমে নেটিকেট কেন গুরুত্বপূর্ণ?","নেটিকেট সামাজিক মাধ্যমে সুশীল আচরণ নিশ্চিত করে এবং ব্যবহারকারীর অভিজ্ঞতা উন্নত করে।"
"তুমি কীভাবে ভার্চুয়াল মিটিং পরিচালনা করছো?","আমি ভিডিও কনফারেন্স টুল ব্যবহার করে ভার্চুয়াল মিটিং পরিচালনা করছি।"
"তোমার মতে নতুন প্রযুক্তি শিক্ষার উপর কী প্রভাব ফেলছে?","নতুন প্রযুক্তি শিক্ষাকে আরও ইন্টারেক্টিভ এবং অ্যাক্সেসযোগ্য করে তুলেছে।"
"তুমি কীভাবে আধুনিক চিকিৎসা প্রযুক্তি সম্পর্কে জানছো?","আমি স্বাস্থ্য সম্পর্কিত জার্নাল এবং নিউজ সাইট পড়ে আধুনিক চিকিৎসা প্রযুক্তি সম্পর্কে জানি।"
"তোমার মতে পুনর্ব্যবহার কেন গুরুত্বপূর্ণ?","পুনর্ব্যবহার পরিবেশ সংরক্ষণ করে এবং সম্পদের অপচয় রোধ করে।"
"তুমি কীভাবে ডিজিটাল পদ্ধতিতে শিখছো?","আমি অনলাইন কোর্স এবং ই-বুক ব্যবহার করে ডিজিটাল পদ্ধতিতে শিখছি।"
"তোমার মতে টেলিমেডিসিন কীভাবে স্বাস্থ্যসেবা উন্নত করছে?","টেলিমেডিসিন দূরবর্তী এলাকায় স্বাস্থ্যসেবা অ্যাক্সেস নিশ্চিত করছে এবং চিকিৎসার সময় কমাচ্ছে।"
"তুমি কীভাবে সামাজিক মাধ্যমে নেটওয়ার্কিং করছো?","আমি পেশাদার গ্রুপ এবং প্ল্যাটফর্মে যোগ দিয়ে সামাজিক মাধ্যমে নেটওয়ার্কিং করছি।"
"তোমার মতে পরিবেশ বান্ধব প্রযুক্তির গুরুত্ব কী?","পরিবেশ বান্ধব প্রযুক্তি ভবিষ্যৎ প্রজন্মের জন্য একটি টেকসই ভবিষ্যৎ নিশ্চিত করে।"
"তুমি কীভাবে খাদ্য নিরাপত্তা নিশ্চিত করছো?","আমি স্বাস্থ্যকর এবং নিরাপদ খাদ্য প্রস্তুত করে এবং সঠিক সংরক্ষণ পদ্ধতি অনুসরণ করে খাদ্য নিরাপত্তা নিশ্চিত করছি।"
"তুমি কীভাবে নিজের স্বাস্থ্যের যত্ন নিচ্ছো?","আমি নিয়মিত ব্যায়াম করি, স্বাস্থ্যকর খাবার খাই এবং পর্যাপ্ত ঘুম নিই।"
"তোমার মতে ডিজিটাল শিক্ষার সুবিধা কী?","ডিজিটাল শিক্ষা আরও অ্যাক্সেসযোগ্য এবং ব্যক্তিগতকৃত শেখার সুযোগ প্রদান করে।"
"তুমি কীভাবে ভবিষ্যতে নিজেকে দেখছো?","আমি ভবিষ্যতে একটি সফল ক্যারিয়ার এবং সুখী পরিবার নিয়ে নিজেকে দেখছি।"
"তোমার মতে প্রযুক্তির ভবিষ্যৎ কোন দিকে যাচ্ছে?","প্রযুক্তির ভবিষ্যৎ আরও অটোমেশন, কৃত্রিম বুদ্ধিমত্তা এবং ইন্টারনেট অব থিংস এর দিকে যাচ্ছে।"
"তুমি কীভাবে পরিবেশবান্ধব অভ্যাস গ্রহণ করছো?","আমি পুনর্ব্যবহার এবং কম বিদ্যুৎ ব্যবহার করে পরিবেশবান্ধব অভ্যাস গ্রহণ করছি।"
"তোমার মতে আধুনিক চিকিৎসা কতটা উন্নত হয়েছে?","আধুনিক চিকিৎসা প্রযুক্তি এবং গবেষণার মাধ্যমে অনেক উন্নত হয়েছে এবং রোগ নির্ণয় এবং চিকিৎসা আরও সহজ হয়েছে।"
"তুমি কীভাবে সামাজিক মাধ্যমে নিরাপত্তা বজায় রাখছো?","আমি ব্যক্তিগত তথ্য শেয়ার না করে এবং নিরাপত্তা সেটিংস ব্যবহার করে সামাজিক মাধ্যমে নিরাপত্তা বজায় রাখছি।"
"তোমার মতে স্বাস্থ্যকর জীবনধারা কীভাবে বজায় রাখা যায়?","স্বাস্থ্যকর জীবনধারা বজায় রাখতে নিয়মিত ব্যায়াম, সঠিক খাদ্যাভ্যাস এবং পর্যাপ্ত ঘুম গুরুত্বপূর্ণ।"
"তুমি কীভাবে ডাটা প্রাইভেসি সুরক্ষিত রাখছো?","আমি শক্তিশালী পাসওয়ার্ড ব্যবহার করি এবং নিরাপত্তা সেটিংস সক্রিয় রাখি।"
"তোমার মতে সামাজিক মাধ্যমের প্রভাব কী?","সামাজিক মাধ্যমের প্রভাব আমাদের জীবনকে আরও সংযুক্ত এবং তথ্যপ্রবাহকে দ্রুত করেছে।"
"তুমি কীভাবে স্বাস্থ্যবিধি মানা নিশ্চিত করছো?","আমি নিয়মিত হাত ধোওয়া এবং পরিষ্কার-পরিচ্ছন্নতা বজায় রেখে স্বাস্থ্যবিধি মানছি।"
"তুমি কীভাবে নতুন প্রযুক্তি এবং উদ্ভাবন সম্পর্কে জানছো?","আমি প্রযুক্তি সংবাদ এবং ব্লগ পড়ে নতুন প্রযুক্তি এবং উদ্ভাবন সম্পর্কে জানি।"
"তোমার মতে মানসিক স্বাস্থ্য সমস্যার সমাধান কীভাবে করা যায়?","মানসিক স্বাস্থ্য সমস্যা সমাধানে যথাযথ সেবা প্রদান এবং সচেতনতা বৃদ্ধি করা উচিত।"
"তুমি কীভাবে নতুন প্রযুক্তি এবং উদ্ভাবন সম্পর্কে জানছো?","আমি প্রযুক্তি সংবাদ এবং ব্লগ পড়ে নতুন প্রযুক্তি এবং উদ্ভাবন সম্পর্কে জানি।"
"তোমার মতে মানসিক স্বাস্থ্য সমস্যার সমাধান কীভাবে করা যায়?","মানসিক স্বাস্থ্য সমস্যা সমাধানে যথাযথ সেবা প্রদান এবং সচেতনতা বৃদ্ধি করা উচিত।"
"তুমি কীভাবে গ্লোবাল ওয়ার্মিং মোকাবেলা করতে পারো?","আমি গ্লোবাল ওয়ার্মিং মোকাবেলা করতে পুনর্ব্যবহারযোগ্য পণ্য ব্যবহার করি এবং কম কার্বন নিঃসরণ করি।"
"তোমার মতে প্রযুক্তির উন্নয়ন কীভাবে আমাদের জীবন পরিবর্তন করছে?","প্রযুক্তির উন্নয়ন আমাদের জীবনকে সহজ এবং আরও সংযুক্ত করছে।"
"তুমি কীভাবে মানসিক চাপ কমাচ্ছো?","আমি যোগব্যায়াম এবং ধ্যান করে মানসিক চাপ কমাচ্ছি।"
"তুমি কীভাবে বর্তমান অর্থনৈতিক পরিস্থিতি সম্পর্কে জানছো?","আমি সংবাদপত্র এবং অনলাইন নিউজ প্ল্যাটফর্ম পড়ে বর্তমান অর্থনৈতিক পরিস্থিতি সম্পর্কে জানি।"
"তোমার মতে ডিজিটাল পেমেন্ট সিস্টেমের সুবিধা কী?","ডিজিটাল পেমেন্ট সিস্টেম দ্রুত এবং সহজে লেনদেন করতে সহায়ক।"
"তুমি কীভাবে ভার্চুয়াল রিয়ালিটি ব্যবহার করছো?","আমি ভার্চুয়াল রিয়ালিটি ব্যবহার করে গেম এবং শিক্ষামূলক অভিজ্ঞতা উপভোগ করি।"
"তোমার মতে স্বাস্থ্যবিধি মানা কেন গুরুত্বপূর্ণ?","স্বাস্থ্যবিধি মানা আমাদের রোগ থেকে রক্ষা করে এবং সুস্থ রাখে।"
"তুমি কীভাবে নতুন কাজের সুযোগ খুঁজছো?","আমি অনলাইন চাকরির সাইট এবং সামাজিক মিডিয়া ব্যবহার করে নতুন কাজের সুযোগ খুঁজছি।"
"তোমার মতে সামাজিক মাধ্যমে নেটিকেট কেন গুরুত্বপূর্ণ?","নেটিকেট সামাজিক মাধ্যমে সুশীল আচরণ নিশ্চিত করে এবং ব্যবহারকারীর অভিজ্ঞতা উন্নত করে।"
"তুমি কীভাবে ভার্চুয়াল মিটিং পরিচালনা করছো?","আমি ভিডিও কনফারেন্স টুল ব্যবহার করে ভার্চুয়াল মিটিং পরিচালনা করছি।"
"তোমার মতে নতুন প্রযুক্তি শিক্ষার উপর কী প্রভাব ফেলছে?","নতুন প্রযুক্তি শিক্ষাকে আরও ইন্টারেক্টিভ এবং অ্যাক্সেসযোগ্য করে তুলেছে।"
"তুমি কীভাবে আধুনিক চিকিৎসা প্রযুক্তি সম্পর্কে জানছো?","আমি স্বাস্থ্য সম্পর্কিত জার্নাল এবং নিউজ সাইট পড়ে আধুনিক চিকিৎসা প্রযুক্তি সম্পর্কে জানি।"
"তোমার মতে পুনর্ব্যবহার কেন গুরুত্বপূর্ণ?","পুনর্ব্যবহার পরিবেশ সংরক্ষণ করে এবং সম্পদের অপচয় রোধ করে।"
"তুমি কীভাবে ডিজিটাল পদ্ধতিতে শিখছো?","আমি অনলাইন কোর্স এবং ই-বুক ব্যবহার করে ডিজিটাল পদ্ধতিতে শিখছি।"
"তোমার মতে টেলিমেডিসিন কীভাবে স্বাস্থ্যসেবা উন্নত করছে?","টেলিমেডিসিন দূরবর্তী এলাকায় স্বাস্থ্যসেবা অ্যাক্সেস নিশ্চিত করছে এবং চিকিৎসার সময় কমাচ্ছে।"
"তুমি কীভাবে সামাজিক মাধ্যমে নেটওয়ার্কিং করছো?","আমি পেশাদার গ্রুপ এবং প্ল্যাটফর্মে যোগ দিয়ে সামাজিক মাধ্যমে নেটওয়ার্কিং করছি।"
"তোমার মতে পরিবেশ বান্ধব প্রযুক্তির গুরুত্ব কী?","পরিবেশ বান্ধব প্রযুক্তি ভবিষ্যৎ প্রজন্মের জন্য একটি টেকসই ভবিষ্যৎ নিশ্চিত করে।"
"তুমি কীভাবে খাদ্য নিরাপত্তা নিশ্চিত করছো?","আমি স্বাস্থ্যকর এবং নিরাপদ খাদ্য প্রস্তুত করে এবং সঠিক সংরক্ষণ পদ্ধতি অনুসরণ করে খাদ্য নিরাপত্তা নিশ্চিত করছি।"
"তুমি কীভাবে নিজের স্বাস্থ্যের যত্ন নিচ্ছো?","আমি নিয়মিত ব্যায়াম করি, স্বাস্থ্যকর খাবার খাই এবং পর্যাপ্ত ঘুম নিই।"
"তোমার মতে ডিজিটাল শিক্ষার সুবিধা কী?","ডিজিটাল শিক্ষা আরও অ্যাক্সেসযোগ্য এবং ব্যক্তিগতকৃত শেখার সুযোগ প্রদান করে।"
"তুমি কীভাবে ভবিষ্যতে নিজেকে দেখছো?","আমি ভবিষ্যতে একটি সফল ক্যারিয়ার এবং সুখী পরিবার নিয়ে নিজেকে দেখছি।"
"তোমার মতে প্রযুক্তির ভবিষ্যৎ কোন দিকে যাচ্ছে?","প্রযুক্তির ভবিষ্যৎ আরও অটোমেশন, কৃত্রিম বুদ্ধিমত্তা এবং ইন্টারনেট অব থিংস এর দিকে যাচ্ছে।"
"তুমি কীভাবে পরিবেশবান্ধব অভ্যাস গ্রহণ করছো?","আমি পুন্যবহার এবং কম বিদ্যুৎ ব্যবহার করে পরিবেশবান্ধব অভ্যাস গ্রহণ করছি।"
"তোমার মতে আধুনিক চিকিৎসা কতটা উন্নত হয়েছে?","আধুনিক চিকিৎসা প্রযুক্তি এবং গবেষণার মাধ্যমে অনেক উন্নত হয়েছে এবং রোগ নির্ণয় এবং চিকিৎসা আরও সহজ হয়েছে।"
"তুমি কীভাবে সামাজিক মাধ্যমে নিরাপত্তা বজায় রাখছো?","আমি ব্যক্তিগত তথ্য শেয়ার না করে এবং নিরাপত্তা সেটিংস ব্যবহার করে সামাজিক মাধ্যমে নিরাপত্তা বজায় রাখছি।"
"তোমার মতে স্বাস্থ্যকর জীবনধারা কীভাবে বজায় রাখা যায়?","স্বাস্থ্যকর জীবনধারা বজায় রাখতে নিয়মিত ব্যায়াম, সঠিক খাদ্যাভ্যাস এবং পর্যাপ্ত ঘুম গুরুত্বপূর্ণ।"
"তুমি কীভাবে ডাটা প্রাইভেসি সুরক্ষিত রাখছো?","আমি শক্তিশালী পাসওয়ার্ড ব্যবহার করি এবং নিরাপত্তা সেটিংস সক্রিয় রাখি।"
"তোমার মতে সামাজিক মাধ্যমের প্রভাব কী?","সামাজিক মাধ্যমের প্রভাব আমাদের জীবনকে আরও সংযুক্ত এবং তথ্যপ্রবাহকে দ্রুত করেছে।"
"তুমি কীভাবে স্বাস্থ্যবিধি মানা নিশ্চিত করছো?","আমি নিয়মিত হাত ধোওয়া এবং পরিষ্কার-পরিচ্ছন্নতা বজায় রেখে স্বাস্থ্যবিধি মানছি।"
"তুমি কীভাবে নতুন প্রযুক্তি এবং উদ্ভাবন সম্পর্কে জানছো?","আমি প্রযুক্তি সংবাদ এবং ব্লগ পড়ে নতুন প্রযুক্তি এবং উদ্ভাবন সম্পর্কে জানি।"
"তোমার মতে মানসিক স্বাস্থ্য সমস্যার সমাধান কীভাবে করা যায়?","মানসিক স্বাস্থ্য সমস্যা সমাধানে যথাযথ সেবা প্রদান এবং সচেতনতা বৃদ্ধি করা উচিত।"
"তুমি কীভাবে গ্লোবাল ওয়ার্মিং মোকাবেলা করতে পারো?","আমি গ্লোবাল ওয়ার্মিং মোকাবেলা করতে পুনর্ব্যবহারযোগ্য পণ্য ব্যবহার করি এবং কম কার্বন নিঃসরণ করি।"
"তোমার মতে প্রযুক্তির উন্নয়ন কীভাবে আমাদের জীবন পরিবর্তন করছে?","প্রযুক্তির উন্নয়ন আমাদের জীবনকে সহজ এবং আরও সংযুক্ত করছে।"
"তুমি কীভাবে মানসিক চাপ কমাচ্ছো?","আমি যোগব্যায়াম এবং ধ্যান করে মানসিক চাপ কমাচ্ছি।"
"তুমি কীভাবে বর্তমান অর্থনৈতিক পরিস্থিতি সম্পর্কে জানছো?","আমি সংবাদপত্র এবং অনলাইন নিউজ প্ল্যাটফর্ম পড়ে বর্তমান অর্থনৈতিক পরিস্থিতি সম্পর্কে জানি।"
"তোমার মতে ডিজিটাল পেমেন্ট সিস্টেমের সুবিধা কী?","ডিজিটাল পেমেন্ট সিস্টেম দ্রুত এবং সহজে লেনদেন করতে সহায়ক।"
"তুমি কীভাবে ভার্চুয়াল রিয়ালিটি ব্যবহার করছো?","আমি ভার্চুয়াল রিয়ালিটি ব্যবহার করে গেম এবং শিক্ষামূলক অভিজ্ঞতা উপভোগ করি।"
"তোমার মতে স্বাস্থ্যবিধি মানা কেন গুরুত্বপূর্ণ?","স্বাস্থ্যবিধি মানা আমাদের রোগ থেকে রক্ষা করে এবং সুস্থ রাখে।"
"তুমি কীভাবে নতুন কাজের সুযোগ খুঁজছো?","আমি অনলাইন চাকরির সাইট এবং সামাজিক মিডিয়া ব্যবহার করে নতুন কাজের সুযোগ খুঁজছি।"
"তোমার মতে সামাজিক মাধ্যমে নেটিকেট কেন গুরুত্বপূর্ণ?","নেটিকেট সামাজিক মাধ্যমে সুশীল আচরণ নিশ্চিত করে এবং ব্যবহারকারীর অভিজ্ঞতা উন্নত করে।"
"তুমি কীভাবে ভার্চুয়াল মিটিং পরিচালনা করছো?","আমি ভিডিও কনফারেন্স টুল ব্যবহার করে ভার্চুয়াল মিটিং পরিচালনা করছি।"
"তোমার মতে নতুন প্রযুক্তি শিক্ষার উপর কী প্রভাব ফেলছে?","নতুন প্রযুক্তি শিক্ষাকে আরও ইন্টারেক্টিভ এবং অ্যাক্সেসযোগ্য করে তুলেছে।"
"তুমি কীভাবে আধুনিক চিকিৎসা প্রযুক্তি সম্পর্কে জানছো?","আমি স্বাস্থ্য সম্পর্কিত জার্নাল এবং নিউজ সাইট পড়ে আধুনিক চিকিৎসা প্রযুক্তি সম্পর্কে জানি।"
"তোমার মতে পুনর্ব্যবহার কেন গুরুত্বপূর্ণ?","পুনর্ব্যবহার পরিবেশ সংরক্ষণ করে এবং সম্পদের অপচয় রোধ করে।"
"তুমি কীভাবে ডিজিটাল পদ্ধতিতে শিখছো?","আমি অনলাইন কোর্স এবং ই-বুক ব্যবহার করে ডিজিটাল পদ্ধতিতে শিখছি।"
"তোমার মতে টেলিমেডিসিন কীভাবে স্বাস্থ্যসেবা উন্নত করছে?","টেলিমেডিসিন দূরবর্তী এলাকায় স্বাস্থ্যসেবা অ্যাক্সেস নিশ্চিত করছে এবং চিকিৎসার সময় কমাচ্ছে।"
"তুমি কীভাবে সামাজিক মাধ্যমে নেটওয়ার্কিং করছো?","আমি পেশাদার গ্রুপ এবং প্ল্যাটফর্মে যোগ দিয়ে সামাজিক মাধ্যমে নেটওয়ার্কিং করছি।"
"তোমার মতে পরিবেশ বান্ধব প্রযুক্তির গুরুত্ব কী?","পরিবেশ বান্ধব প্রযুক্তি ভবিষ্যৎ প্রজন্মের জন্য একটি টেকসই ভবিষ্যৎ নিশ্চিত করে।"
"তুমি কীভাবে খাদ্য নিরাপত্তা নিশ্চিত করছো?","আমি স্বাস্থ্যকর এবং নিরাপদ খাদ্য প্রস্তুত করে এবং সঠিক সংরক্ষণ পদ্ধতি অনুসরণ করে খাদ্য নিরাপত্তা নিশ্চিত করছি।"
"তুমি কীভাবে নিজের স্বাস্থ্যের যত্ন নিচ্ছো?","আমি নিয়মিত ব্যায়াম করি, স্বাস্থ্যকর খাবার খাই এবং পর্যাপ্ত ঘুম নিই।"
"তোমার মতে ডিজিটাল শিক্ষার সুবিধা কী?","ডিজিটাল শিক্ষা আরও অ্যাক্সেসযোগ্য এবং ব্যক্তিগতকৃত শেখার সুযোগ প্রদান করে।"
"তুমি কীভাবে ভবিষ্যতে নিজেকে দেখছো?","আমি ভবিষ্যতে একটি সফল ক্যারিয়ার এবং সুখী পরিবার নিয়ে নিজেকে দেখছি।"
"তোমার মতে প্রযুক্তির ভবিষ্যৎ কোন দিকে যাচ্ছে?","প্রযুক্তির ভবিষ্যৎ আরও অটোমেশন, কৃত্রিম বুদ্ধিমত্তা এবং ইন্টারনেট অব থিংস এর দিকে যাচ্ছে।"
"তুমি কীভাবে পরিবেশবান্ধব অভ্যাস গ্রহণ করছো?","আমি পুনর্ব্যবহার এবং কম বিদ্যুৎ ব্যবহার করে পরিবেশবান্ধব অভ্যাস গ্রহণ করছি।"
"তোমার মতে আধুনিক চিকিৎসা কতটা উন্নত হয়েছে?","আধুনিক চিকিৎসা প্রযুক্তি এবং গবেষণার মাধ্যমে অনেক উন্নত হয়েছে এবং রোগ নির্ণয় এবং চিকিৎসা আরও সহজ হয়েছে।"
"তুমি কীভাবে সামাজিক মাধ্যমে নিরাপত্তা বজায় রাখছো?","আমি ব্যক্তিগত তথ্য শেয়ার না করে এবং নিরাপত্তা সেটিংস ব্যবহার করে সামাজিক মাধ্যমে নিরাপত্তা বজায় রাখছি।"
"তোমার মতে স্বাস্থ্যকর জীবনধারা কীভাবে বজায় রাখা যায়?","স্বাস্থ্যকর জীবনধারা বজায় রাখতে নিয়মিত ব্যায়াম, সঠিক খাদ্যাভ্যাস এবং পর্যাপ্ত ঘুম গুরুত্বপূর্ণ।"
"তুমি কীভাবে ডাটা প্রাইভেসি সুরক্ষিত রাখছো?","আমি শক্তিশালী পাসওয়ার্ড ব্যবহার করি এবং নিরাপত্তা সেটিংস সক্রিয় রাখি।"
"তোমার মতে সামাজিক মাধ্যমের প্রভাব কী?","সামাজিক মাধ্যমের প্রভাব আমাদের জীবনকে আরও সংযুক্ত এবং তথ্যপ্রবাহকে দ্রুত করেছে।"
"তুমি কীভাবে স্বাস্থ্যবিধি মানা নিশ্চিত করছো?","আমি নিয়মিত হাত ধোওয়া এবং পরিষ্কার-পরিচ্ছন্নতা বজায় রেখে স্বাস্থ্যবিধি মানছি।"
"তুমি কীভাবে নতুন প্রযুক্তি এবং উদ্ভাবন সম্পর্কে জানছো?","আমি প্রযুক্তি সংবাদ এবং ব্লগ পড়ে নতুন প্রযুক্তি এবং উদ্ভাবন সম্পর্কে জানি।"
"তোমার মতে মানসিক স্বাস্থ্য সমস্যার সমাধান কীভাবে করা যায়?","মানসিক স্বাস্থ্য সমস্যা সমাধানে যথাযথ সেবা প্রদান এবং সচেতনতা বৃদ্ধি করা উচিত।"
"তুমি কীভাবে গ্লোবাল ওয়ার্মিং মোকাবেলা করতে পারো?","আমি গ্লোবাল ওয়ার্মিং মোকাবেলা করতে পুনর্ব্যবহারযোগ্য পণ্য ব্যবহার করি এবং কম কার্বন নিঃসরণ করি।"
"তোমার মতে প্রযুক্তির উন্নয়ন কীভাবে আমাদের জীবন পরিবর্তন করছে?","প্রযুক্তির উন্নয়ন আমাদের জীবনকে সহজ এবং আরও সংযুক্ত করছে।"
"তুমি কীভাবে মানসিক চাপ কমাচ্ছো?","আমি যোগব্যায়াম এবং ধ্যান করে মানসিক চাপ কমাচ্ছি।"
"তুমি কীভাবে বর্তমান অর্থনৈতিক পরিস্থিতি সম্পর্কে জানছো?","আমি সংবাদপত্র এবং অনলাইন নিউজ প্ল্যাটফর্ম পড়ে বর্তমান অর্থনৈতিক পরিস্থিতি সম্পর্কে জানি।"
"তোমার মতে ডিজিটাল পেমেন্ট সিস্টেমের সুবিধা কী?","ডিজিটাল পেমেন্ট সিস্টেম দ্রুত এবং সহজে লেনদেন করতে সহায়ক।"
"তুমি কীভাবে ভার্চুয়াল রিয়ালিটি ব্যবহার করছো?","আমি ভার্চুয়াল রিয়ালিটি ব্যবহার করে গেম এবং শিক্ষামূলক অভিজ্ঞতা উপভোগ করি।"
"তোমার মতে স্বাস্থ্যবিধি মানা কেন গুরুত্বপূর্ণ?","স্বাস্থ্যবিধি মানা আমাদের রোগ থেকে রক্ষা করে এবং সুস্থ রাখে।"
"তুমি কীভাবে নতুন কাজের সুযোগ খুঁজছো?","আমি অনলাইন চাকরির সাইট এবং সামাজিক মিডিয়া ব্যবহার করে নতুন কাজের সুযোগ খুঁজছি।"
"তোমার মতে সামাজিক মাধ্যমে নেটিকেট কেন গুরুত্বপূর্ণ?","নেটিকেট সামাজিক মাধ্যমে সুশীল আচরণ নিশ্চিত করে এবং ব্যবহারকারীর অভিজ্ঞতা উন্নত করে।"
"তুমি কীভাবে ভার্চুয়াল মিটিং পরিচালনা করছো?","আমি ভিডিও কনফারেন্স টুল ব্যবহার করে ভার্চুয়াল মিটিং পরিচালনা করছি।"
"তোমার মতে নতুন প্রযুক্তি শিক্ষার উপর কী প্রভাব ফেলছে?","নতুন প্রযুক্তি শিক্ষাকে আরও ইন্টারেক্টিভ এবং অ্যাক্সেসযোগ্য করে তুলেছে।"
"তুমি কীভাবে আধুনিক চিকিৎসা প্রযুক্তি সম্পর্কে জানছো?","আমি স্বাস্থ্য সম্পর্কিত জার্নাল এবং নিউজ সাইট পড়ে আধুনিক চিকিৎসা প্রযুক্তি সম্পর্কে জানি।"
"তোমার মতে পুনর্ব্যবহার কেন গুরুত্বপূর্ণ?","পুনর্ব্যবহার পরিবেশ সংরক্ষণ করে এবং সম্পদের অপচয় রোধ করে।"
"তুমি কীভাবে ডিজিটাল পদ্ধতিতে শিখছো?","আমি অনলাইন কোর্স এবং ই-বুক ব্যবহার করে ডিজিটাল পদ্ধতিতে শিখছি।"
"তোমার মতে টেলিমেডিসিন কীভাবে স্বাস্থ্যসেবা উন্নত করছে?","টেলিমেডিসিন দূরবর্তী এলাকায় স্বাস্থ্যসেবা অ্যাক্সেস নিশ্চিত করছে এবং চিকিৎসার সময় কমাচ্ছে।"
"তুমি কীভাবে সামাজিক মাধ্যমে নেটওয়ার্কিং করছো?","আমি পেশাদার গ্রুপ এবং প্ল্যাটফর্মে যোগ দিয়ে সামাজিক মাধ্যমে নেটওয়ার্কিং করছি।"
"তোমার মতে পরিবেশ বান্ধব প্রযুক্তির গুরুত্ব কী?","পরিবেশ বান্ধব প্রযুক্তি ভবিষ্যৎ প্রজন্মের জন্য একটি টেকসই ভবিষ্যৎ নিশ্চিত করে।"
"তুমি কীভাবে খাদ্য নিরাপত্তা নিশ্চিত করছো?","আমি স্বাস্থ্যকর এবং নিরাপদ খাদ্য প্রস্তুত করে এবং সঠিক সংরক্ষণ পদ্ধতি অনুসরণ করে খাদ্য নিরাপত্তা নিশ্চিত করছি।"
"তুমি কীভাবে নিজের স্বাস্থ্যের যত্ন নিচ্ছো?","আমি নিয়মিত ব্যায়াম করি, স্বাস্থ্যকর খাবার খাই এবং পর্যাপ্ত ঘুম নিই।"
"তোমার মতে ডিজিটাল শিক্ষার সুবিধা কী?","ডিজিটাল শিক্ষা আরও অ্যাক্সেসযোগ্য এবং ব্যক্তিগতকৃত শেখার সুযোগ প্রদান করে।"
"তুমি কীভাবে ভবিষ্যতে নিজেকে দেখছো?","আমি ভবিষ্যতে একটি সফল ক্যারিয়ার এবং সুখী পরিবার নিয়ে নিজেকে দেখছি।"
"তোমার মতে প্রযুক্তির ভবিষ্যৎ কোন দিকে যাচ্ছে?","প্রযুক্তির ভবিষ্যৎ আরও অটোমেশন, কৃত্রিম বুদ্ধিমত্তা এবং ইন্টারনেট অব থিংস এর দিকে যাচ্ছে।"
"তুমি কীভাবে পরিবেশবান্ধব অভ্যাস গ্রহণ করছো?","আমি পুনর্ব্যবহার এবং কম বিদ্যুৎ ব্যবহার করে পরিবেশবান্ধব অভ্যাস গ্রহণ করছি।"
"তোমার মতে আধুনিক চিকিৎসা কতটা উন্নত হয়েছে?","আধুনিক চিকিৎসা প্রযুক্তি এবং গবেষণার মাধ্যমে অনেক উন্নত হয়েছে এবং রোগ নির্ণয় এবং চিকিৎসা আরও সহজ হয়েছে।"
"তুমি কীভাবে সামাজিক মাধ্যমে নিরাপত্তা বজায় রাখছো?","আমি ব্যক্তিগত তথ্য শেয়ার না করে এবং নিরাপত্তা সেটিংস ব্যবহার করে সামাজিক মাধ্যমে নিরাপত্তা বজায় রাখছি।"
"তোমার মতে স্বাস্থ্যকর জীবনধারা কীভাবে বজায় রাখা যায়?","স্বাস্থ্যকর জীবনধারা বজায় রাখতে নিয়মিত ব্যায়াম, সঠিক খাদ্যাভ্যাস এবং পর্যাপ্ত ঘুম গুরুত্বপূর্ণ।"
"তুমি কীভাবে ডাটা প্রাইভেসি সুরক্ষিত রাখছো?","আমি শক্তিশালী পাসওয়ার্ড ব্যবহার করি এবং নিরাপত্তা সেটিংস সক্রিয় রাখি।"
"তোমার মতে সামাজিক মাধ্যমের প্রভাব কী?","সামাজিক মাধ্যমের প্রভাব আমাদের জীবনকে আরও সংযুক্ত এবং তথ্যপ্রবাহকে দ্রুত করেছে।"
"তুমি কীভাবে স্বাস্থ্যবিধি মানা নিশ্চিত করছো?","আমি নিয়মিত হাত ধোওয়া এবং পরিষ্কার-পরিচ্ছন্নতা বজায় রেখে স্বাস্থ্যবিধি মানছি।"
"তুমি কীভাবে নতুন প্রযুক্তি এবং উদ্ভাবন সম্পর্কে জানছো?","আমি প্রযুক্তি সংবাদ এবং ব্লগ পড়ে নতুন প্রযুক্তি এবং উদ্ভাবন সম্পর্কে জানি।"
"তোমার মতে মানসিক স্বাস্থ্য সমস্যার সমাধান কীভাবে করা যায়?","মানসিক স্বাস্থ্য সমস্যা সমাধানে যথাযথ সেবা প্রদান এবং সচেতনতা বৃদ্ধি করা উচিত।"
"তুমি কীভাবে নতুন প্রযুক্তি এবং উদ্ভাবন সম্পর্কে জানছো?","আমি প্রযুক্তি সংবাদ এবং ব্লগ পড়ে নতুন প্রযুক্তি এবং উদ্ভাবন সম্পর্কে জানি।"
"তোমার মতে মানসিক স্বাস্থ্য সমস্যার সমাধান কীভাবে করা যায়?","মানসিক স্বাস্থ্য সমস্যা সমাধানে যথাযথ সেবা প্রদান এবং সচেতনতা বৃদ্ধি করা উচিত।"
"তুমি কীভাবে গ্লোবাল ওয়ার্মিং মোকাবেলা করতে পারো?","আমি গ্লোবাল ওয়ার্মিং মোকাবেলা করতে পুনর্ব্যবহারযোগ্য পণ্য ব্যবহার করি এবং কম কার্বন নিঃসরণ করি।"
"তোমার মতে প্রযুক্তির উন্নয়ন কীভাবে আমাদের জীবন পরিবর্তন করছে?","প্রযুক্তির উন্নয়ন আমাদের জীবনকে সহজ এবং আরও সংযুক্ত করছে।"
"তুমি কীভাবে মানসিক চাপ কমাচ্ছো?","আমি যোগব্যায়াম এবং ধ্যান করে মানসিক চাপ কমাচ্ছি।"
"তুমি কীভাবে বর্তমান অর্থনৈতিক পরিস্থিতি সম্পর্কে জানছো?","আমি সংবাদপত্র এবং অনলাইন নিউজ প্ল্যাটফর্ম পড়ে বর্তমান অর্থনৈতিক পরিস্থিতি সম্পর্কে জানি।"
"তোমার মতে ডিজিটাল পেমেন্ট সিস্টেমের সুবিধা কী?","ডিজিটাল পেমেন্ট সিস্টেম দ্রুত এবং সহজে লেনদেন করতে সহায়ক।"
"তুমি কীভাবে ভার্চুয়াল রিয়ালিটি ব্যবহার করছো?","আমি ভার্চুয়াল রিয়ালিটি ব্যবহার করে গেম এবং শিক্ষামূলক অভিজ্ঞতা উপভোগ করি।"
"তোমার মতে স্বাস্থ্যবিধি মানা কেন গুরুত্বপূর্ণ?","স্বাস্থ্যবিধি মানা আমাদের রোগ থেকে রক্ষা করে এবং সুস্থ রাখে।"
"তুমি কীভাবে নতুন কাজের সুযোগ খুঁজছো?","আমি অনলাইন চাকরির সাইট এবং সামাজিক মিডিয়া ব্যবহার করে নতুন কাজের সুযোগ খুঁজছি।"
"তোমার মতে সামাজিক মাধ্যমে নেটিকেট কেন গুরুত্বপূর্ণ?","নেটিকেট সামাজিক মাধ্যমে সুশীল আচরণ নিশ্চিত করে এবং ব্যবহারকারীর অভিজ্ঞতা উন্নত করে।"
"তুমি কীভাবে ভার্চুয়াল মিটিং পরিচালনা করছো?","আমি ভিডিও কনফারেন্স টুল ব্যবহার করে ভার্চুয়াল মিটিং পরিচালনা করছি।"
"তোমার মতে নতুন প্রযুক্তি শিক্ষার উপর কী প্রভাব ফেলছে?","নতুন প্রযুক্তি শিক্ষাকে আরও ইন্টারেক্টিভ এবং অ্যাক্সেসযোগ্য করে তুলেছে।"
"তুমি কীভাবে আধুনিক চিকিৎসা প্রযুক্তি সম্পর্কে জানছো?","আমি স্বাস্থ্য সম্পর্কিত জার্নাল এবং নিউজ সাইট পড়ে আধুনিক চিকিৎসা প্রযুক্তি সম্পর্কে জানি।"
"তোমার মতে পুনর্ব্যবহার কেন গুরুত্বপূর্ণ?","পুনর্ব্যবহার পরিবেশ সংরক্ষণ করে এবং সম্পদের অপচয় রোধ করে।"
"তুমি কীভাবে ডিজিটাল পদ্ধতিতে শিখছো?","আমি অনলাইন কোর্স এবং ই-বুক ব্যবহার করে ডিজিটাল পদ্ধতিতে শিখছি।"
"তোমার মতে টেলিমেডিসিন কীভাবে স্বাস্থ্যসেবা উন্নত করছে?","টেলিমেডিসিন দূরবর্তী এলাকায় স্বাস্থ্যসেবা অ্যাক্সেস নিশ্চিত করছে এবং চিকিৎসার সময় কমাচ্ছে।"
"তুমি কীভাবে সামাজিক মাধ্যমে নেটওয়ার্কিং করছো?","আমি পেশাদার গ্রুপ এবং প্ল্যাটফর্মে যোগ দিয়ে সামাজিক মাধ্যমে নেটওয়ার্কিং করছি।"
"তোমার মতে পরিবেশ বান্ধব প্রযুক্তির গুরুত্ব কী?","পরিবেশ বান্ধব প্রযুক্তি ভবিষ্যৎ প্রজন্মের জন্য একটি টেকসই ভবিষ্যৎ নিশ্চিত করে।"
"তুমি কীভাবে খাদ্য নিরাপত্তা নিশ্চিত করছো?","আমি স্বাস্থ্যকর এবং নিরাপদ খাদ্য প্রস্তুত করে এবং সঠিক সংরক্ষণ পদ্ধতি অনুসরণ করে খাদ্য নিরাপত্তা নিশ্চিত করছি।"
"তুমি কীভাবে নিজের স্বাস্থ্যের যত্ন নিচ্ছো?","আমি নিয়মিত ব্যায়াম করি, স্বাস্থ্যকর খাবার খাই এবং পর্যাপ্ত ঘুম নিই।"
"তোমার মতে ডিজিটাল শিক্ষার সুবিধা কী?","ডিজিটাল শিক্ষা আরও অ্যাক্সেসযোগ্য এবং ব্যক্তিগতকৃত শেখার সুযোগ প্রদান করে।"
"তুমি কীভাবে ভবিষ্যতে নিজেকে দেখছো?","আমি ভবিষ্যতে একটি সফল ক্যারিয়ার এবং সুখী পরিবার নিয়ে নিজেকে দেখছি।"
"তোমার মতে প্রযুক্তির ভবিষ্যৎ কোন দিকে যাচ্ছে?","প্রযুক্তির ভবিষ্যৎ আরও অটোমেশন, কৃত্রিম বুদ্ধিমত্তা এবং ইন্টারনেট অব থিংস এর দিকে যাচ্ছে।"
"তুমি কীভাবে পরিবেশবান্ধব অভ্যাস গ্রহণ করছো?","আমি পুনর্ব্যবহার এবং কম বিদ্যুৎ ব্যবহার করে পরিবেশবান্ধব অভ্যাস গ্রহণ করছি।"
"তোমার মতে আধুনিক চিকিৎসা কতটা উন্নত হয়েছে?","আধুনিক চিকিৎসা প্রযুক্তি এবং গবেষণার মাধ্যমে অনেক উন্নত হয়েছে এবং রোগ নির্ণয় এবং চিকিৎসা আরও সহজ হয়েছে।"
"তুমি কীভাবে সামাজিক মাধ্যমে নিরাপত্তা বজায় রাখছো?","আমি ব্যক্তিগত তথ্য শেয়ার না করে এবং নিরাপত্তা সেটিংস ব্যবহার করে সামাজিক মাধ্যমে নিরাপত্তা বজায় রাখছি।"
"তোমার মতে স্বাস্থ্যকর জীবনধারা কীভাবে বজায় রাখা যায়?","স্বাস্থ্যকর জীবনধারা বজায় রাখতে নিয়মিত ব্যায়াম, সঠিক খাদ্যাভ্যাস এবং পর্যাপ্ত ঘুম গুরুত্বপূর্ণ।"
"তুমি কীভাবে ডাটা প্রাইভেসি সুরক্ষিত রাখছো?","আমি শক্তিশালী পাসওয়ার্ড ব্যবহার করি এবং নিরাপত্তা সেটিংস সক্রিয় রাখি।"
"তোমার মতে সামাজিক মাধ্যমের প্রভাব কী?","সামাজিক মাধ্যমের প্রভাব আমাদের জীবনকে আরও সংযুক্ত এবং তথ্যপ্রবাহকে দ্রুত করেছে।"
"তুমি কীভাবে স্বাস্থ্যবিধি মানা নিশ্চিত করছো?","আমি নিয়মিত হাত ধোওয়া এবং পরিষ্কার-পরিচ্ছন্নতা বজায় রেখে স্বাস্থ্যবিধি মানছি।"
"তুমি কীভাবে নতুন প্রযুক্তি এবং উদ্ভাবন সম্পর্কে জানছো?","আমি প্রযুক্তি সংবাদ এবং ব্লগ পড়ে নতুন প্রযুক্তি এবং উদ্ভাবন সম্পর্কে জানি।"
"তোমার মতে মানসিক স্বাস্থ্য সমস্যার সমাধান কীভাবে করা যায়?","মানসিক স্বাস্থ্য সমস্যা সমাধানে যথাযথ সেবা প্রদান এবং সচেতনতা বৃদ্ধি করা উচিত।"
"তুমি কীভাবে গ্লোবাল ওয়ার্মিং মোকাবেলা করতে পারো?","আমি গ্লোবাল ওয়ার্মিং মোকাবেলা করতে পুনর্ব্যবহারযোগ্য পণ্য ব্যবহার করি এবং কম কার্বন নিঃসরণ করি।"
"তোমার মতে প্রযুক্তির উন্নয়ন কীভাবে আমাদের জীবন পরিবর্তন করছে?","প্রযুক্তির উন্নয়ন আমাদের জীবনকে সহজ এবং আরও সংযুক্ত করছে।"
"তুমি কীভাবে মানসিক চাপ কমাচ্ছো?","আমি যোগব্যায়াম এবং ধ্যান করে মানসিক চাপ কমাচ্ছি।"
"তুমি কীভাবে বর্তমান অর্থনৈতিক পরিস্থিতি সম্পর্কে জানছো?","আমি সংবাদপত্র এবং অনলাইন নিউজ প্ল্যাটফর্ম পড়ে বর্তমান অর্থনৈতিক পরিস্থিতি সম্পর্কে জানি।"
"তোমার মতে ডিজিটাল পেমেন্ট সিস্টেমের সুবিধা কী?","ডিজিটাল পেমেন্ট সিস্টেম দ্রুত এবং সহজে লেনদেন করতে সহায়ক।"
"তুমি কীভাবে ভার্চুয়াল রিয়ালিটি ব্যবহার করছো?","আমি ভার্চুয়াল রিয়ালিটি ব্যবহার করে গেম এবং শিক্ষামূলক অভিজ্ঞতা উপভোগ করি।"
"তোমার মতে স্বাস্থ্যবিধি মানা কেন গুরুত্বপূর্ণ?","স্বাস্থ্যবিধি মানা আমাদের রোগ থেকে রক্ষা করে এবং সুস্থ রাখে।"
"তুমি কীভাবে নতুন কাজের সুযোগ খুঁজছো?","আমি অনলাইন চাকরির সাইট এবং সামাজিক মিডিয়া ব্যবহার করে নতুন কাজের সুযোগ খুঁজছি।"
"তোমার মতে সামাজিক মাধ্যমে নেটিকেট কেন গুরুত্বপূর্ণ?","নেটিকেট সামাজিক মাধ্যমে সুশীল আচরণ নিশ্চিত করে এবং ব্যবহারকারীর অভিজ্ঞতা উন্নত করে।"
"তুমি কীভাবে ভার্চুয়াল মিটিং পরিচালনা করছো?","আমি ভিডিও কনফারেন্স টুল ব্যবহার করে ভার্চুয়াল মিটিং পরিচালনা করছি।"
"তোমার মতে নতুন প্রযুক্তি শিক্ষার উপর কী প্রভাব ফেলছে?","নতুন প্রযুক্তি শিক্ষাকে আরও ইন্টারেক্টিভ এবং অ্যাক্সেসযোগ্য করে তুলেছে।"
"তুমি কীভাবে আধুনিক চিকিৎসা প্রযুক্তি সম্পর্কে জানছো?","আমি স্বাস্থ্য সম্পর্কিত জার্নাল এবং নিউজ সাইট পড়ে আধুনিক চিকিৎসা প্রযুক্তি সম্পর্কে জানি।"
"তোমার মতে পুনর্ব্যবহার কেন গুরুত্বপূর্ণ?","পুনর্ব্যবহার পরিবেশ সংরক্ষণ করে এবং সম্পদের অপচয় রোধ করে।"
"তুমি কীভাবে ডিজিটাল পদ্ধতিতে শিখছো?","আমি অনলাইন কোর্স এবং ই-বুক ব্যবহার করে ডিজিটাল পদ্ধতিতে শিখছি।"
"তোমার মতে টেলিমেডিসিন কীভাবে স্বাস্থ্যসেবা উন্নত করছে?","টেলিমেডিসিন দূরবর্তী এলাকায় স্বাস্থ্যসেবা অ্যাক্সেস নিশ্চিত করছে এবং চিকিৎসার সময় কমাচ্ছে।"
"তুমি কীভাবে সামাজিক মাধ্যমে নেটওয়ার্কিং করছো?","আমি পেশাদার গ্রুপ এবং প্ল্যাটফর্মে যোগ দিয়ে সামাজিক মাধ্যমে নেটওয়ার্কিং করছি।"
"তোমার মতে পরিবেশ বান্ধব প্রযুক্তির গুরুত্ব কী?","পরিবেশ বান্ধব প্রযুক্তি ভবিষ্যৎ প্রজন্মের জন্য একটি টেকসই ভবিষ্যৎ নিশ্চিত করে।"
"তুমি কীভাবে খাদ্য নিরাপত্তা নিশ্চিত করছো?","আমি স্বাস্থ্যকর এবং নিরাপদ খাদ্য প্রস্তুত করে এবং সঠিক সংরক্ষণ পদ্ধতি অনুসরণ করে খাদ্য নিরাপত্তা নিশ্চিত করছি।"
"তুমি কীভাবে নিজের স্বাস্থ্যের যত্ন নিচ্ছো?","আমি নিয়মিত ব্যায়াম করি, স্বাস্থ্যকর খাবার খাই এবং পর্যাপ্ত ঘুম নিই।"
"তোমার মতে ডিজিটাল শিক্ষার সুবিধা কী?","ডিজিটাল শিক্ষা আরও অ্যাক্সেসযোগ্য এবং ব্যক্তিগতকৃত শেখার সুযোগ প্রদান করে।"
"তুমি কীভাবে ভবিষ্যতে নিজেকে দেখছো?","আমি ভবিষ্যতে একটি সফল ক্যারিয়ার এবং সুখী পরিবার নিয়ে নিজেকে দেখছি।"
"তোমার মতে প্রযুক্তির ভবিষ্যৎ কোন দিকে যাচ্ছে?","প্রযুক্তির ভবিষ্যৎ আরও অটোমেশন, কৃত্রিম বুদ্ধিমত্তা এবং ইন্টারনেট অব থিংস এর দিকে যাচ্ছে।"
"তুমি কীভাবে পরিবেশবান্ধব অভ্যাস গ্রহণ করছো?","আমি পুনর্ব্যবহার এবং কম বিদ্যুৎ ব্যবহার করে পরিবেশবান্ধব অভ্যাস গ্রহণ করছি।"
"তোমার মতে আধুনিক চিকিৎসা কতটা উন্নত হয়েছে?","আধুনিক চিকিৎসা প্রযুক্তি এবং গবেষণার মাধ্যমে অনেক উন্নত হয়েছে এবং রোগ নির্ণয় এবং চিকিৎসা আরও সহজ হয়েছে।"
"তুমি কীভাবে সামাজিক মাধ্যমে নিরাপত্তা বজায় রাখছো?","আমি ব্যক্তিগত তথ্য শেয়ার না করে এবং নিরাপত্তা সেটিংস ব্যবহার করে সামাজিক মাধ্যমে নিরাপত্তা বজায় রাখছি।"
"তোমার মতে স্বাস্থ্যকর জীবনধারা কীভাবে বজায় রাখা যায়?","স্বাস্থ্যকর জীবনধারা বজায় রাখতে নিয়মিত ব্যায়াম, সঠিক খাদ্যাভ্যাস এবং পর্যাপ্ত ঘুম গুরুত্বপূর্ণ।"
"তুমি কীভাবে ডাটা প্রাইভেসি সুরক্ষিত রাখছো?","আমি শক্তিশালী পাসওয়ার্ড ব্যবহার করি এবং নিরাপত্তা সেটিংস সক্রিয় রাখি।"
"তোমার মতে সামাজিক মাধ্যমের প্রভাব কী?","সামাজিক মাধ্যমের প্রভাব আমাদের জীবনকে আরও সংযুক্ত এবং তথ্যপ্রবাহকে দ্রুত করেছে।"
"তুমি কীভাবে স্বাস্থ্যবিধি মানা নিশ্চিত করছো?","আমি নিয়মিত হাত ধোওয়া এবং পরিষ্কার-পরিচ্ছন্নতা বজায় রেখে স্বাস্থ্যবিধি মানছি।"
"তুমি কীভাবে নতুন প্রযুক্তি এবং উদ্ভাবন সম্পর্কে জানছো?","আমি প্রযুক্তি সংবাদ এবং ব্লগ পড়ে নতুন প্রযুক্তি এবং উদ্ভাবন সম্পর্কে জানি।"
"তোমার মতে মানসিক স্বাস্থ্য সমস্যার সমাধান কীভাবে করা যায়?","মানসিক স্বাস্থ্য সমস্যা সমাধানে যথাযথ সেবা প্রদান এবং সচেতনতা বৃদ্ধি করা উচিত।"
"তুমি কীভাবে গ্লোবাল ওয়ার্মিং মোকাবেলা করতে পারো?","আমি গ্লোবাল ওয়ার্মিং মোকাবেলা করতে পুনর্ব্যবহারযোগ্য পণ্য ব্যবহার করি এবং কম কার্বন নিঃসরণ করি।"
"তোমার মতে প্রযুক্তির উন্নয়ন কীভাবে আমাদের জীবন পরিবর্তন করছে?","প্রযুক্তির উন্নয়ন আমাদের জীবনকে সহজ এবং আরও সংযুক্ত করছে।"
"তুমি কীভাবে মানসিক চাপ কমাচ্ছো?","আমি যোগব্যায়াম এবং ধ্যান করে মানসিক চাপ কমাচ্ছি।"
"তুমি কীভাবে বর্তমান অর্থনৈতিক পরিস্থিতি সম্পর্কে জানছো?","আমি সংবাদপত্র এবং অনলাইন নিউজ প্ল্যাটফর্ম পড়ে বর্তমান অর্থনৈতিক পরিস্থিতি সম্পর্কে জানি।"
"তোমার মতে ডিজিটাল পেমেন্ট সিস্টেমের সুবিধা কী?","ডিজিটাল পেমেন্ট সিস্টেম দ্রুত এবং সহজে লেনদেন করতে সহায়ক।"
"তুমি কীভাবে ভার্চুয়াল রিয়ালিটি ব্যবহার করছো?","আমি ভার্চুয়াল রিয়ালিটি ব্যবহার করে গেম এবং শিক্ষামূলক অভিজ্ঞতা উপভোগ করি।"
"তোমার মতে স্বাস্থ্যবিধি মানা কেন গুরুত্বপূর্ণ?","স্বাস্থ্যবিধি মানা আমাদের রোগ থেকে রক্ষা করে এবং সুস্থ রাখে।"
"তুমি কীভাবে নতুন কাজের সুযোগ খুঁজছো?","আমি অনলাইন চাকরির সাইট এবং সামাজিক মিডিয়া ব্যবহার করে নতুন কাজের সুযোগ খুঁজছি।"
"তোমার মতে সামাজিক মাধ্যমে নেটিকেট কেন গুরুত্বপূর্ণ?","নেটিকেট সামাজিক মাধ্যমে সুশীল আচরণ নিশ্চিত করে এবং ব্যবহারকারীর অভিজ্ঞতা উন্নত করে।"
"তুমি কীভাবে ভার্চুয়াল মিটিং পরিচালনা করছো?","আমি ভিডিও কনফারেন্স টুল ব্যবহার করে ভার্চুয়াল মিটিং পরিচালনা করছি।"
"তোমার মতে নতুন প্রযুক্তি শিক্ষার উপর কী প্রভাব ফেলছে?","নতুন প্রযুক্তি শিক্ষাকে আরও ইন্টারেক্টিভ এবং অ্যাক্সেসযোগ্য করে তুলেছে।"
"তুমি কীভাবে আধুনিক চিকিৎসা প্রযুক্তি সম্পর্কে জানছো?","আমি স্বাস্থ্য সম্পর্কিত জার্নাল এবং নিউজ সাইট পড়ে আধুনিক চিকিৎসা প্রযুক্তি সম্পর্কে জানি।"
"তোমার মতে পুনর্ব্যবহার কেন গুরুত্বপূর্ণ?","পুনর্ব্যবহার পরিবেশ সংরক্ষণ করে এবং সম্পদের অপচয় রোধ করে।"
"তুমি কীভাবে ডিজিটাল পদ্ধতিতে শিখছো?","আমি অনলাইন কোর্স এবং ই-বুক ব্যবহার করে ডিজিটাল পদ্ধতিতে শিখছি।"
"তোমার মতে টেলিমেডিসিন কীভাবে স্বাস্থ্যসেবা উন্নত করছে?","টেলিমেডিসিন দূরবর্তী এলাকায় স্বাস্থ্যসেবা অ্যাক্সেস নিশ্চিত করছে এবং চিকিৎসার সময় কমাচ্ছে।"
"তুমি কীভাবে সামাজিক মাধ্যমে নেটওয়ার্কিং করছো?","আমি পেশাদার গ্রুপ এবং প্ল্যাটফর্মে যোগ দিয়ে সামাজিক মাধ্যমে নেটওয়ার্কিং করছি।"
"তোমার মতে পরিবেশ বান্ধব প্রযুক্তির গুরুত্ব কী?","পরিবেশ বান্ধব প্রযুক্তি ভবিষ্যৎ প্রজন্মের জন্য একটি টেকসই ভবিষ্যৎ নিশ্চিত করে।"
"তুমি কীভাবে খাদ্য নিরাপত্তা নিশ্চিত করছো?","আমি স্বাস্থ্যকর এবং নিরাপদ খাদ্য প্রস্তুত করে এবং সঠিক সংরক্ষণ পদ্ধতি অনুসরণ করে খাদ্য নিরাপত্তা নিশ্চিত করছি।"
"তুমি কীভাবে নিজের স্বাস্থ্যের যত্ন নিচ্ছো?","আমি নিয়মিত ব্যায়াম করি, স্বাস্থ্যকর খাবার খাই এবং পর্যাপ্ত ঘুম নিই।"
"তোমার মতে ডিজিটাল শিক্ষার সুবিধা কী?","ডিজিটাল শিক্ষা আরও অ্যাক্সেসযোগ্য এবং ব্যক্তিগতকৃত শেখার সুযোগ প্রদান করে।"
"তুমি কীভাবে ভবিষ্যতে নিজেকে দেখছো?","আমি ভবিষ্যতে একটি সফল ক্যারিয়ার এবং সুখী পরিবার নিয়ে নিজেকে দেখছি।"
"তোমার মতে প্রযুক্তির ভবিষ্যৎ কোন দিকে যাচ্ছে?","প্রযুক্তির ভবিষ্যৎ আরও অটোমেশন, কৃত্রিম বুদ্ধিমত্তা এবং ইন্টারনেট অব থিংস এর দিকে যাচ্ছে।"
"তুমি কীভাবে পরিবেশবান্ধব অভ্যাস গ্রহণ করছো?","আমি পুনর্ব্যবহার এবং কম বিদ্যুৎ ব্যবহার করে পরিবেশবান্ধব অভ্যাস গ্রহণ করছি।"
"তোমার মতে আধুনিক চিকিৎসা কতটা উন্নত হয়েছে?","আধুনিক চিকিৎসা প্রযুক্তি এবং গবেষণার মাধ্যমে অনেক উন্নত হয়েছে এবং রোগ নির্ণয় এবং চিকিৎসা আরও সহজ হয়েছে।"
"তুমি কীভাবে সামাজিক মাধ্যমে নিরাপত্তা বজায় রাখছো?","আমি ব্যক্তিগত তথ্য শেয়ার না করে এবং নিরাপত্তা সেটিংস ব্যবহার করে সামাজিক মাধ্যমে নিরাপত্তা বজায় রাখছি।"
"তোমার মতে স্বাস্থ্যকর জীবনধারা কীভাবে বজায় রাখা যায়?","স্বাস্থ্যকর জীবনধারা বজায় রাখতে নিয়মিত ব্যায়াম, সঠিক খাদ্যাভ্যাস এবং পর্যাপ্ত ঘুম গুরুত্বপূর্ণ।"
"তুমি কীভাবে ডাটা প্রাইভেসি সুরক্ষিত রাখছো?","আমি শক্তিশালী পাসওয়ার্ড ব্যবহার করি এবং নিরাপত্তা সেটিংস সক্রিয় রাখি।"
"তোমার মতে সামাজিক মাধ্যমের প্রভাব কী?","সামাজিক মাধ্যমের প্রভাব আমাদের জীবনকে আরও সংযুক্ত এবং তথ্যপ্রবাহকে দ্রুত করেছে।"
"তুমি কীভাবে স্বাস্থ্যবিধি মানা নিশ্চিত করছো?","আমি নিয়মিত হাত ধোওয়া এবং পরিষ্কার-পরিচ্ছন্নতা বজায় রেখে স্বাস্থ্যবিধি মানছি।"
"তুমি কীভাবে নতুন প্রযুক্তি এবং উদ্ভাবন সম্পর্কে জানছো?","আমি প্রযুক্তি সংবাদ এবং ব্লগ পড়ে নতুন প্রযুক্তি এবং উদ্ভাবন সম্পর্কে জানি।"
"তোমার মতে মানসিক স্বাস্থ্য সমস্যার সমাধান কীভাবে করা যায়?","মানসিক স্বাস্থ্য সমস্যা সমাধানে যথাযথ সেবা প্রদান এবং সচেতনতা বৃদ্ধি করা উচিত।"
"তুমি কীভাবে"তুমি কীভাবে নতুন প্রযুক্তি এবং উদ্ভাবন সম্পর্কে জানছো?","আমি প্রযুক্তি সংবাদ এবং ব্লগ পড়ে নতুন প্রযুক্তি এবং উদ্ভাবন সম্পর্কে জানি।"
"তোমার মতে মানসিক স্বাস্থ্য সমস্যার সমাধান কীভাবে করা যায়?","মানসিক স্বাস্থ্য সমস্যা সমাধানে যথাযথ সেবা প্রদান এবং সচেতনতা বৃদ্ধি করা উচিত।"
"তুমি কীভাবে গ্লোবাল ওয়ার্মিং মোকাবেলা করতে পারো?","আমি গ্লোবাল ওয়ার্মিং মোকাবেলা করতে পুনর্ব্যবহারযোগ্য পণ্য ব্যবহার করি এবং কম কার্বন নিঃসরণ করি।"
"তোমার মতে প্রযুক্তির উন্নয়ন কীভাবে আমাদের জীবন পরিবর্তন করছে?","প্রযুক্তির উন্নয়ন আমাদের জীবনকে সহজ এবং আরও সংযুক্ত করছে।"
"তুমি কীভাবে মানসিক চাপ কমাচ্ছো?","আমি যোগব্যায়াম এবং ধ্যান করে মানসিক চাপ কমাচ্ছি।"
"তুমি কীভাবে বর্তমান অর্থনৈতিক পরিস্থিতি সম্পর্কে জানছো?","আমি সংবাদপত্র এবং অনলাইন নিউজ প্ল্যাটফর্ম পড়ে বর্তমান অর্থনৈতিক পরিস্থিতি সম্পর্কে জানি।"
"তোমার মতে ডিজিটাল পেমেন্ট সিস্টেমের সুবিধা কী?","ডিজিটাল পেমেন্ট সিস্টেম দ্রুত এবং সহজে লেনদেন করতে সহায়ক।"
"তুমি কীভাবে ভার্চুয়াল রিয়ালিটি ব্যবহার করছো?","আমি ভার্চুয়াল রিয়ালিটি ব্যবহার করে গেম এবং শিক্ষামূলক অভিজ্ঞতা উপভোগ করি।"
"তোমার মতে স্বাস্থ্যবিধি মানা কেন গুরুত্বপূর্ণ?","স্বাস্থ্যবিধি মানা আমাদের রোগ থেকে রক্ষা করে এবং সুস্থ রাখে।"
"তুমি কীভাবে নতুন কাজের সুযোগ খুঁজছো?","আমি অনলাইন চাকরির সাইট এবং সামাজিক মিডিয়া ব্যবহার করে নতুন কাজের সুযোগ খুঁজছি।"
"তোমার মতে সামাজিক মাধ্যমে নেটিকেট কেন গুরুত্বপূর্ণ?","নেটিকেট সামাজিক মাধ্যমে সুশীল আচরণ নিশ্চিত করে এবং ব্যবহারকারীর অভিজ্ঞতা উন্নত করে।"
"তুমি কীভাবে ভার্চুয়াল মিটিং পরিচালনা করছো?","আমি ভিডিও কনফারেন্স টুল ব্যবহার করে ভার্চুয়াল মিটিং পরিচালনা করছি।"
"তোমার মতে নতুন প্রযুক্তি শিক্ষার উপর কী প্রভাব ফেলছে?","নতুন প্রযুক্তি শিক্ষাকে আরও ইন্টারেক্টিভ এবং অ্যাক্সেসযোগ্য করে তুলেছে।"
"তুমি কীভাবে আধুনিক চিকিৎসা প্রযুক্তি সম্পর্কে জানছো?","আমি স্বাস্থ্য সম্পর্কিত জার্নাল এবং নিউজ সাইট পড়ে আধুনিক চিকিৎসা প্রযুক্তি সম্পর্কে জানি।"
"তোমার মতে পুনর্ব্যবহার কেন গুরুত্বপূর্ণ?","পুনর্ব্যবহার পরিবেশ সংরক্ষণ করে এবং সম্পদের অপচয় রোধ করে।"
"তুমি কীভাবে ডিজিটাল পদ্ধতিতে শিখছো?","আমি অনলাইন কোর্স এবং ই-বুক ব্যবহার করে ডিজিটাল পদ্ধতিতে শিখছি।"
"তোমার মতে টেলিমেডিসিন কীভাবে স্বাস্থ্যসেবা উন্নত করছে?","টেলিমেডিসিন দূরবর্তী এলাকায় স্বাস্থ্যসেবা অ্যাক্সেস নিশ্চিত করছে এবং চিকিৎসার সময় কমাচ্ছে।"
"তুমি কীভাবে সামাজিক মাধ্যমে নেটওয়ার্কিং করছো?","আমি পেশাদার গ্রুপ এবং প্ল্যাটফর্মে যোগ দিয়ে সামাজিক মাধ্যমে নেটওয়ার্কিং করছি।"
"তোমার মতে পরিবেশ বান্ধব প্রযুক্তির গুরুত্ব কী?","পরিবেশ বান্ধব প্রযুক্তি ভবিষ্যৎ প্রজন্মের জন্য একটি টেকসই ভবিষ্যৎ নিশ্চিত করে।"
"তুমি কীভাবে খাদ্য নিরাপত্তা নিশ্চিত করছো?","আমি স্বাস্থ্যকর এবং নিরাপদ খাদ্য প্রস্তুত করে এবং সঠিক সংরক্ষণ পদ্ধতি অনুসরণ করে খাদ্য নিরাপত্তা নিশ্চিত করছি।"
"তুমি কীভাবে নিজের স্বাস্থ্যের যত্ন নিচ্ছো?","আমি নিয়মিত ব্যায়াম করি, স্বাস্থ্যকর খাবার খাই এবং পর্যাপ্ত ঘুম নিই।"
"তোমার মতে ডিজিটাল শিক্ষার সুবিধা কী?","ডিজিটাল শিক্ষা আরও অ্যাক্সেসযোগ্য এবং ব্যক্তিগতকৃত শেখার সুযোগ প্রদান করে।"
"তুমি কীভাবে ভবিষ্যতে নিজেকে দেখছো?","আমি ভবিষ্যতে একটি সফল ক্যারিয়ার এবং সুখী পরিবার নিয়ে নিজেকে দেখছি।"
"তোমার মতে প্রযুক্তির ভবিষ্যৎ কোন দিকে যাচ্ছে?","প্রযুক্তির ভবিষ্যৎ আরও অটোমেশন, কৃত্রিম বুদ্ধিমত্তা এবং ইন্টারনেট অব থিংস এর দিকে যাচ্ছে।"
"তুমি কীভাবে পরিবেশবান্ধব অভ্যাস গ্রহণ করছো?","আমি পুন্যবহার এবং কম বিদ্যুৎ ব্যবহার করে পরিবেশবান্ধব অভ্যাস গ্রহণ করছি।"
"তোমার মতে আধুনিক চিকিৎসা কতটা উন্নত হয়েছে?","আধুনিক চিকিৎসা প্রযুক্তি এবং গবেষণার মাধ্যমে অনেক উন্নত হয়েছে এবং রোগ নির্ণয় এবং চিকিৎসা আরও সহজ হয়েছে।"
"তুমি কীভাবে সামাজিক মাধ্যমে নিরাপত্তা বজায় রাখছো?","আমি ব্যক্তিগত তথ্য শেয়ার না করে এবং নিরাপত্তা সেটিংস ব্যবহার করে সামাজিক মাধ্যমে নিরাপত্তা বজায় রাখছি।"
"তোমার মতে স্বাস্থ্যকর জীবনধারা কীভাবে বজায় রাখা যায়?","স্বাস্থ্যকর জীবনধারা বজায় রাখতে নিয়মিত ব্যায়াম, সঠিক খাদ্যাভ্যাস এবং পর্যাপ্ত ঘুম গুরুত্বপূর্ণ।"
"তুমি কীভাবে ডাটা প্রাইভেসি সুরক্ষিত রাখছো?","আমি শক্তিশালী পাসওয়ার্ড ব্যবহার করি এবং নিরাপত্তা সেটিংস সক্রিয় রাখি।"
"তোমার মতে সামাজিক মাধ্যমের প্রভাব কী?","সামাজিক মাধ্যমের প্রভাব আমাদের জীবনকে আরও সংযুক্ত এবং তথ্যপ্রবাহকে দ্রুত করেছে।"
"তুমি কীভাবে স্বাস্থ্যবিধি মানা নিশ্চিত করছো?","আমি নিয়মিত হাত ধোওয়া এবং পরিষ্কার-পরিচ্ছন্নতা বজায় রেখে স্বাস্থ্যবিধি মানছি।"
"তুমি কীভাবে নতুন প্রযুক্তি এবং উদ্ভাবন সম্পর্কে জানছো?","আমি প্রযুক্তি সংবাদ এবং ব্লগ পড়ে নতুন প্রযুক্তি এবং উদ্ভাবন সম্পর্কে জানি।"
"তোমার মতে মানসিক স্বাস্থ্য সমস্যার সমাধান কীভাবে করা যায়?","মানসিক স্বাস্থ্য সমস্যা সমাধানে যথাযথ সেবা প্রদান এবং সচেতনতা বৃদ্ধি করা উচিত।"
"তুমি কীভাবে গ্লোবাল ওয়ার্মিং মোকাবেলা করতে পারো?","আমি গ্লোবাল ওয়ার্মিং মোকাবেলা করতে পুনর্ব্যবহারযোগ্য পণ্য ব্যবহার করি এবং কম কার্বন নিঃসরণ করি।"
"তোমার মতে প্রযুক্তির উন্নয়ন কীভাবে আমাদের জীবন পরিবর্তন করছে?","প্রযুক্তির উন্নয়ন আমাদের জীবনকে সহজ এবং আরও সংযুক্ত করছে।"
"তুমি কীভাবে মানসিক চাপ কমাচ্ছো?","আমি যোগব্যায়াম এবং ধ্যান করে মানসিক চাপ কমাচ্ছি।"
"তুমি কীভাবে বর্তমান অর্থনৈতিক পরিস্থিতি সম্পর্কে জানছো?","আমি সংবাদপত্র এবং অনলাইন নিউজ প্ল্যাটফর্ম পড়ে বর্তমান অর্থনৈতিক পরিস্থিতি সম্পর্কে জানি।"
"তোমার মতে ডিজিটাল পেমেন্ট সিস্টেমের সুবিধা কী?","ডিজিটাল পেমেন্ট সিস্টেম দ্রুত এবং সহজে লেনদেন করতে সহায়ক।"
"তুমি কীভাবে ভার্চুয়াল রিয়ালিটি ব্যবহার করছো?","আমি ভার্চুয়াল রিয়ালিটি ব্যবহার করে গেম এবং শিক্ষামূলক অভিজ্ঞতা উপভোগ করি।"
"তোমার মতে স্বাস্থ্যবিধি মানা কেন গুরুত্বপূর্ণ?","স্বাস্থ্যবিধি মানা আমাদের রোগ থেকে রক্ষা করে এবং সুস্থ রাখে।"
"তুমি কীভাবে নতুন কাজের সুযোগ খুঁজছো?","আমি অনলাইন চাকরির সাইট এবং সামাজিক মিডিয়া ব্যবহার করে নতুন কাজের সুযোগ খুঁজছি।"
"তোমার মতে সামাজিক মাধ্যমে নেটিকেট কেন গুরুত্বপূর্ণ?","নেটিকেট সামাজিক মাধ্যমে সুশীল আচরণ নিশ্চিত করে এবং ব্যবহারকারীর অভিজ্ঞতা উন্নত করে।"
"তুমি কীভাবে ভার্চুয়াল মিটিং পরিচালনা করছো?","আমি ভিডিও কনফারেন্স টুল ব্যবহার করে ভার্চুয়াল মিটিং পরিচালনা করছি।"
"তোমার মতে নতুন প্রযুক্তি শিক্ষার উপর কী প্রভাব ফেলছে?","নতুন প্রযুক্তি শিক্ষাকে আরও ইন্টারেক্টিভ এবং অ্যাক্সেসযোগ্য করে তুলেছে।"
"তুমি কীভাবে আধুনিক চিকিৎসা প্রযুক্তি সম্পর্কে জানছো?","আমি স্বাস্থ্য সম্পর্কিত জার্নাল এবং নিউজ সাইট পড়ে আধুনিক চিকিৎসা প্রযুক্তি সম্পর্কে জানি।"
"তোমার মতে পুনর্ব্যবহার কেন গুরুত্বপূর্ণ?","পুনর্ব্যবহার পরিবেশ সংরক্ষণ করে এবং সম্পদের অপচয় রোধ করে।"
"তুমি কীভাবে ডিজিটাল পদ্ধতিতে শিখছো?","আমি অনলাইন কোর্স এবং ই-বুক ব্যবহার করে ডিজিটাল পদ্ধতিতে শিখছি।"
"তোমার মতে টেলিমেডিসিন কীভাবে স্বাস্থ্যসেবা উন্নত করছে?","টেলিমেডিসিন দূরবর্তী এলাকায় স্বাস্থ্যসেবা অ্যাক্সেস নিশ্চিত করছে এবং চিকিৎসার সময় কমাচ্ছে।"
"তুমি কীভাবে সামাজিক মাধ্যমে নেটওয়ার্কিং করছো?","আমি পেশাদার গ্রুপ এবং প্ল্যাটফর্মে যোগ দিয়ে সামাজিক মাধ্যমে নেটওয়ার্কিং করছি।"
"তোমার মতে পরিবেশ বান্ধব প্রযুক্তির গুরুত্ব কী?","পরিবেশ বান্ধব প্রযুক্তি ভবিষ্যৎ প্রজন্মের জন্য একটি টেকসই ভবিষ্যৎ নিশ্চিত করে।"
"তুমি কীভাবে খাদ্য নিরাপত্তা নিশ্চিত করছো?","আমি স্বাস্থ্যকর এবং নিরাপদ খাদ্য প্রস্তুত করে এবং সঠিক সংরক্ষণ পদ্ধতি অনুসরণ করে খাদ্য নিরাপত্তা নিশ্চিত করছি।"
"তুমি কীভাবে নিজের স্বাস্থ্যের যত্ন নিচ্ছো?","আমি নিয়মিত ব্যায়াম করি, স্বাস্থ্যকর খাবার খাই এবং পর্যাপ্ত ঘুম নিই।"
"তোমার মতে ডিজিটাল শিক্ষার সুবিধা কী?","ডিজিটাল শিক্ষা আরও অ্যাক্সেসযোগ্য এবং ব্যক্তিগতকৃত শেখার সুযোগ প্রদান করে।"
"তুমি কীভাবে ভবিষ্যতে নিজেকে দেখছো?","আমি ভবিষ্যতে একটি সফল ক্যারিয়ার এবং সুখী পরিবার নিয়ে নিজেকে দেখছি।"
"তোমার মতে প্রযুক্তির ভবিষ্যৎ কোন দিকে যাচ্ছে?","প্রযুক্তির ভবিষ্যৎ আরও অটোমেশন, কৃত্রিম বুদ্ধিমত্তা এবং ইন্টারনেট অব থিংস এর দিকে যাচ্ছে।"
"তুমি কীভাবে পরিবেশবান্ধব অভ্যাস গ্রহণ করছো?","আমি পুনর্ব্যবহার এবং কম বিদ্যুৎ ব্যবহার করে পরিবেশবান্ধব অভ্যাস গ্রহণ করছি।"
"তোমার মতে আধুনিক চিকিৎসা কতটা উন্নত হয়েছে?","আধুনিক চিকিৎসা প্রযুক্তি এবং গবেষণার মাধ্যমে অনেক উন্নত হয়েছে এবং রোগ নির্ণয় এবং চিকিৎসা আরও সহজ হয়েছে।"
"তুমি কীভাবে সামাজিক মাধ্যমে নিরাপত্তা বজায় রাখছো?","আমি ব্যক্তিগত তথ্য শেয়ার না করে এবং নিরাপত্তা সেটিংস ব্যবহার করে সামাজিক মাধ্যমে নিরাপত্তা বজায় রাখছি।"
"তোমার মতে স্বাস্থ্যকর জীবনধারা কীভাবে বজায় রাখা যায়?","স্বাস্থ্যকর জীবনধারা বজায় রাখতে নিয়মিত ব্যায়াম, সঠিক খাদ্যাভ্যাস এবং পর্যাপ্ত ঘুম গুরুত্বপূর্ণ।"
"তুমি কীভাবে ডাটা প্রাইভেসি সুরক্ষিত রাখছো?","আমি শক্তিশালী পাসওয়ার্ড ব্যবহার করি এবং নিরাপত্তা সেটিংস সক্রিয় রাখি।"
"তোমার মতে সামাজিক মাধ্যমের প্রভাব কী?","সামাজিক মাধ্যমের প্রভাব আমাদের জীবনকে আরও সংযুক্ত এবং তথ্যপ্রবাহকে দ্রুত করেছে।"
"তুমি কীভাবে স্বাস্থ্যবিধি মানা নিশ্চিত করছো?","আমি নিয়মিত হাত ধোওয়া এবং পরিষ্কার-পরিচ্ছন্নতা বজায় রেখে স্বাস্থ্যবিধি মানছি।"
"তুমি কীভাবে নতুন প্রযুক্তি এবং উদ্ভাবন সম্পর্কে জানছো?","আমি প্রযুক্তি সংবাদ এবং ব্লগ পড়ে নতুন প্রযুক্তি এবং উদ্ভাবন সম্পর্কে জানি।"
"তোমার মতে মানসিক স্বাস্থ্য সমস্যার সমাধান কীভাবে করা যায়?","মানসিক স্বাস্থ্য সমস্যা সমাধানে যথাযথ সেবা প্রদান এবং সচেতনতা বৃদ্ধি করা উচিত।"
"তুমি কীভাবে গ্লোবাল ওয়ার্মিং মোকাবেলা করতে পারো?","আমি গ্লোবাল ওয়ার্মিং মোকাবেলা করতে পুনর্ব্যবহারযোগ্য পণ্য ব্যবহার করি এবং কম কার্বন নিঃসরণ করি।"
"তোমার মতে প্রযুক্তির উন্নয়ন কীভাবে আমাদের জীবন পরিবর্তন করছে?","প্রযুক্তির উন্নয়ন আমাদের জীবনকে সহজ এবং আরও সংযুক্ত করছে।"
"তুমি কীভাবে মানসিক চাপ কমাচ্ছো?","আমি যোগব্যায়াম এবং ধ্যান করে মানসিক চাপ কমাচ্ছি।"
"তুমি কীভাবে বর্তমান অর্থনৈতিক পরিস্থিতি সম্পর্কে জানছো?","আমি সংবাদপত্র এবং অনলাইন নিউজ প্ল্যাটফর্ম পড়ে বর্তমান অর্থনৈতিক পরিস্থিতি সম্পর্কে জানি।"
"তোমার মতে ডিজিটাল পেমেন্ট সিস্টেমের সুবিধা কী?","ডিজিটাল পেমেন্ট সিস্টেম দ্রুত এবং সহজে লেনদেন করতে সহায়ক।"
"তুমি কীভাবে ভার্চুয়াল রিয়ালিটি ব্যবহার করছো?","আমি ভার্চুয়াল রিয়ালিটি ব্যবহার করে গেম এবং শিক্ষামূলক অভিজ্ঞতা উপভোগ করি।"
"তোমার মতে স্বাস্থ্যবিধি মানা কেন গুরুত্বপূর্ণ?","স্বাস্থ্যবিধি মানা আমাদের রোগ থেকে রক্ষা করে এবং সুস্থ রাখে।"
"তুমি কীভাবে নতুন কাজের সুযোগ খুঁজছো?","আমি অনলাইন চাকরির সাইট এবং সামাজিক মিডিয়া ব্যবহার করে নতুন কাজের সুযোগ খুঁজছি।"
"তোমার মতে সামাজিক মাধ্যমে নেটিকেট কেন গুরুত্বপূর্ণ?","নেটিকেট সামাজিক মাধ্যমে সুশীল আচরণ নিশ্চিত করে এবং ব্যবহারকারীর অভিজ্ঞতা উন্নত করে।"
"তুমি কীভাবে ভার্চুয়াল মিটিং পরিচালনা করছো?","আমি ভিডিও কনফারেন্স টুল ব্যবহার করে ভার্চুয়াল মিটিং পরিচালনা করছি।"
"তোমার মতে নতুন প্রযুক্তি শিক্ষার উপর কী প্রভাব ফেলছে?","নতুন প্রযুক্তি শিক্ষাকে আরও ইন্টারেক্টিভ এবং অ্যাক্সেসযোগ্য করে তুলেছে।"
"তুমি কীভাবে আধুনিক চিকিৎসা প্রযুক্তি সম্পর্কে জানছো?","আমি স্বাস্থ্য সম্পর্কিত জার্নাল এবং নিউজ সাইট পড়ে আধুনিক চিকিৎসা প্রযুক্তি সম্পর্কে জানি।"
"তোমার মতে পুনর্ব্যবহার কেন গুরুত্বপূর্ণ?","পুনর্ব্যবহার পরিবেশ সংরক্ষণ করে এবং সম্পদের অপচয় রোধ করে।"
"তুমি কীভাবে ডিজিটাল পদ্ধতিতে শিখছো?","আমি অনলাইন কোর্স এবং ই-বুক ব্যবহার করে ডিজিটাল পদ্ধতিতে শিখছি।"
"তোমার মতে টেলিমেডিসিন কীভাবে স্বাস্থ্যসেবা উন্নত করছে?","টেলিমেডিসিন দূরবর্তী এলাকায় স্বাস্থ্যসেবা অ্যাক্সেস নিশ্চিত করছে এবং চিকিৎসার সময় কমাচ্ছে।"
"তুমি কীভাবে সামাজিক মাধ্যমে নেটওয়ার্কিং করছো?","আমি পেশাদার গ্রুপ এবং প্ল্যাটফর্মে যোগ দিয়ে সামাজিক মাধ্যমে নেটওয়ার্কিং করছি।"
"তোমার মতে পরিবেশ বান্ধব প্রযুক্তির গুরুত্ব কী?","পরিবেশ বান্ধব প্রযুক্তি ভবিষ্যৎ প্রজন্মের জন্য একটি টেকসই ভবিষ্যৎ নিশ্চিত করে।"
"তুমি কীভাবে খাদ্য নিরাপত্তা নিশ্চিত করছো?","আমি স্বাস্থ্যকর এবং নিরাপদ খাদ্য প্রস্তুত করে এবং সঠিক সংরক্ষণ পদ্ধতি অনুসরণ করে খাদ্য নিরাপত্তা নিশ্চিত করছি।"
"তুমি কীভাবে নিজের স্বাস্থ্যের যত্ন নিচ্ছো?","আমি নিয়মিত ব্যায়াম করি, স্বাস্থ্যকর খাবার খাই এবং পর্যাপ্ত ঘুম নিই।"
"তোমার মতে ডিজিটাল শিক্ষার সুবিধা কী?","ডিজিটাল শিক্ষা আরও অ্যাক্সেসযোগ্য এবং ব্যক্তিগতকৃত শেখার সুযোগ প্রদান করে।"
"তুমি কীভাবে ভবিষ্যতে নিজেকে দেখছো?","আমি ভবিষ্যতে একটি সফল ক্যারিয়ার এবং সুখী পরিবার নিয়ে নিজেকে দেখছি।"
"তোমার মতে প্রযুক্তির ভবিষ্যৎ কোন দিকে যাচ্ছে?","প্রযুক্তির ভবিষ্যৎ আরও অটোমেশন, কৃত্রিম বুদ্ধিমত্তা এবং ইন্টারনেট অব থিংস এর দিকে যাচ্ছে।"
"তুমি কীভাবে পরিবেশবান্ধব অভ্যাস গ্রহণ করছো?","আমি পুনর্ব্যবহার এবং কম বিদ্যুৎ ব্যবহার করে পরিবেশবান্ধব অভ্যাস গ্রহণ করছি।"
"তোমার মতে আধুনিক চিকিৎসা কতটা উন্নত হয়েছে?","আধুনিক চিকিৎসা প্রযুক্তি এবং গবেষণার মাধ্যমে অনেক উন্নত হয়েছে এবং রোগ নির্ণয় এবং চিকিৎসা আরও সহজ হয়েছে।"
"তুমি কীভাবে সামাজিক মাধ্যমে নিরাপত্তা বজায় রাখছো?","আমি ব্যক্তিগত তথ্য শেয়ার না করে এবং নিরাপত্তা সেটিংস ব্যবহার করে সামাজিক মাধ্যমে নিরাপত্তা বজায় রাখছি।"
"তোমার মতে স্বাস্থ্যকর জীবনধারা কীভাবে বজায় রাখা যায়?","স্বাস্থ্যকর জীবনধারা বজায় রাখতে নিয়মিত ব্যায়াম, সঠিক খাদ্যাভ্যাস এবং পর্যাপ্ত ঘুম গুরুত্বপূর্ণ।"
"তুমি কীভাবে ডাটা প্রাইভেসি সুরক্ষিত রাখছো?","আমি শক্তিশালী পাসওয়ার্ড ব্যবহার করি এবং নিরাপত্তা সেটিংস সক্রিয় রাখি।"
"তোমার মতে সামাজিক মাধ্যমের প্রভাব কী?","সামাজিক মাধ্যমের প্রভাব আমাদের জীবনকে আরও সংযুক্ত এবং তথ্যপ্রবাহকে দ্রুত করেছে।"
"তুমি কীভাবে স্বাস্থ্যবিধি মানা নিশ্চিত করছো?","আমি নিয়মিত হাত ধোওয়া এবং পরিষ্কার-পরিচ্ছন্নতা বজায় রেখে স্বাস্থ্যবিধি মানছি।"
"তুমি কীভাবে নতুন প্রযুক্তি এবং উদ্ভাবন সম্পর্কে জানছো?","আমি প্রযুক্তি সংবাদ এবং ব্লগ পড়ে নতুন প্রযুক্তি এবং উদ্ভাবন সম্পর্কে জানি।"
"তোমার মতে মানসিক স্বাস্থ্য সমস্যার সমাধান কীভাবে করা যায়?","মানসিক স্বাস্থ্য সমস্যা সমাধানে যথাযথ সেবা প্রদান এবং সচেতনতা বৃদ্ধি করা উচিত।"
"তুমি কীভাবে গ্লোবাল ওয়ার্মিং মোকাবেলা করতে পারো?","আমি গ্লোবাল ওয়ার্মিং মোকাবেলা করতে পুনর্ব্যবহারযোগ্য পণ্য ব্যবহার করি এবং কম কার্বন নিঃসরণ করি।"